t_s,agent_id,valid,time_basis,east_m,north_m,up_m,ve_m_s,vn_m_s,vu_m_s
0.0,uav_01,1,passive_piecewise_source_clock_fit,-0.03536779165710958,0.023307297290710634,7.3387866088119615,0.01,-0.02,-1.5867442498328077
0.1,uav_01,1,passive_piecewise_source_clock_fit,-0.03536779165710958,0.023307297290710634,7.186878845119484,0.01,-0.02,-1.7172049776189453
0.2,uav_01,1,passive_piecewise_source_clock_fit,-0.03536779165710958,0.023307297290710634,7.022507667842192,0.013749574008767116,-0.02,-1.7325008519824658
0.3,uav_01,1,passive_piecewise_source_clock_fit,-0.03536779165710958,0.023307297290710634,6.849511858533043,0.02,-0.02,-1.6915349922508436
0.4,uav_01,1,passive_piecewise_source_clock_fit,-0.03536779165710958,0.023307297290710634,6.686133153143653,0.02,-0.02,-1.602966542786263
0.5,uav_01,1,passive_piecewise_source_clock_fit,-0.03536779165710958,0.023307297290710634,6.532371551674021,0.02,-0.02,-1.4887220114508188
0.6,uav_01,1,passive_piecewise_source_clock_fit,-0.03536779165710958,0.023307297290710634,6.388227054124142,0.02298378184827553,-0.02,-1.3582270541241426
0.7,uav_01,1,passive_piecewise_source_clock_fit,-0.03536779165710958,0.023307297290710634,6.256491994302167,0.03,-0.017207666191847278,-1.218114992877709
0.8,uav_01,1,passive_piecewise_source_clock_fit,-0.03536779165710958,0.023307297290710634,6.141390256551668,0.027399114231969758,-0.01,-1.0709867134795465
0.9,uav_01,1,passive_piecewise_source_clock_fit,-0.03536779165710958,0.023307297290710634,6.035905622720927,0.02,-0.012409437727907225,-0.9262678718092988
1.0,uav_01,1,passive_piecewise_source_clock_fit,-0.03536779165710958,0.023307297290710634,5.9402357354553885,0.02,-0.02,-0.7892555884861585
1.1,uav_01,1,passive_piecewise_source_clock_fit,-0.03536779165710958,0.023307297290710634,5.856514208466371,0.02,-0.02,-0.6549549585804011
1.2,uav_01,1,passive_piecewise_source_clock_fit,-0.03536779165710958,0.023307297290710634,5.789032637522499,0.02,-0.02,-0.5262373812987482
1.3,uav_01,1,passive_piecewise_source_clock_fit,-0.03536779165710958,0.023307297290710634,5.731355805934776,0.02216104851630571,-0.02,-0.39406741780433147
1.4,uav_01,1,passive_piecewise_source_clock_fit,-0.03536779165710958,0.023307297290710634,5.692517390140916,0.03,-0.02249420328636144,-0.2675753572773013
1.5,uav_01,1,passive_piecewise_source_clock_fit,-0.03536779165710958,0.023307297290710634,5.664345283887165,0.03,-0.03,-0.1360717033229895
1.6,uav_01,1,passive_piecewise_source_clock_fit,-0.03536779165710958,0.019799534705906507,5.646839487173526,0.033160512826473115,-0.033160512826473115,-0.015234358908795743
1.7,uav_01,1,passive_piecewise_source_clock_fit,-0.03227870918477158,0.012208583957157997,5.640000000000001,0.04,-0.04,0.09843034356181539
1.8,uav_01,1,passive_piecewise_source_clock_fit,-0.02652584437109036,0.012208583957157997,5.647730954275929,0.04,-0.036134522862035924,0.21638572565556893
1.9,uav_01,1,passive_piecewise_source_clock_fit,-0.02652584437109036,0.012208583957157997,5.672779931409922,0.04,-0.03,0.33685974850304296
2.0,uav_01,1,passive_piecewise_source_clock_fit,-0.02652584437109036,0.012208583957157997,5.708372527626784,0.044593131906695845,-0.03,0.45052445097365423
2.1,uav_01,1,passive_piecewise_source_clock_fit,-0.022170047040928904,0.012208583957157997,5.754631433383758,0.05492628667675141,-0.03492628667675141,0.5592628667675141
2.2,uav_01,1,passive_piecewise_source_clock_fit,-0.01768389582855479,0.012208583957157997,5.810271725005027,0.06,-0.04,0.6654981625092145
2.3,uav_01,1,passive_piecewise_source_clock_fit,-0.013300326401578471,0.006706178727064326,5.8796615748560965,0.064957696857012,-0.044957696857011994,0.7745346654271319
2.4,uav_01,1,passive_piecewise_source_clock_fit,-0.008841948542535574,0.001109871412216364,5.958960849705489,0.074870106213186,-0.05,0.8787010621318601
2.5,uav_01,1,passive_piecewise_source_clock_fit,-0.008841948542535574,0.001109871412216364,6.047825155693601,0.08,-0.05,0.9826076712629602
2.6,uav_01,1,passive_piecewise_source_clock_fit,-0.004690720082271624,0.001109871412216364,6.146949249255341,0.08469492492553403,-0.05469492492553402,1.0775593994042723
2.7,uav_01,1,passive_piecewise_source_clock_fit,0.0,-0.004003676830236709,6.2552880113805,0.09460733428170837,-0.06,1.1522513399719585
2.8,uav_01,1,passive_piecewise_source_clock_fit,0.003996333499247942,-0.009988841921336273,6.374236923654593,0.1,-0.055480256362117314,1.2080789745515308
2.9,uav_01,1,passive_piecewise_source_clock_fit,0.012760834156628622,-0.009988841921336273,6.4931858359286805,0.10443215299405667,-0.054432152994056675,1.2388643059881133
3.0,uav_01,1,passive_piecewise_source_clock_fit,0.02152533495671113,-0.009988841921336273,6.6121347482027675,0.11434456235023067,-0.06,1.25
3.1,uav_01,1,passive_piecewise_source_clock_fit,0.030252567810228108,-0.009988841921336273,6.734792705131942,0.12,-0.06,1.2415703530566242
3.2,uav_01,1,passive_piecewise_source_clock_fit,0.038718098050241415,-0.009988841921336273,6.855469266872988,0.12,-0.06,1.2148435777090039
3.3,uav_01,1,passive_piecewise_source_clock_fit,0.046878950729837554,-0.013339327452285188,6.966225664329793,0.11698119463918395,-0.06,1.1718871678351037
3.4,uav_01,1,passive_piecewise_source_clock_fit,0.0550398029115532,-0.02108755525488891,7.0747335566377165,0.11,-0.06,1.1097634536600507
3.5,uav_01,1,passive_piecewise_source_clock_fit,0.06320065578472886,-0.02108755525488891,7.1762602543064595,0.11,-0.05852179506304916,1.0266961555674425
3.6,uav_01,1,passive_piecewise_source_clock_fit,0.07136150768391597,-0.02187323841593297,7.276371142525161,0.10929209527498214,-0.05,0.9422130480248035
3.7,uav_01,1,passive_piecewise_source_clock_fit,0.07952235958310311,-0.0321170176261837,7.3594384406177635,0.10006239548691513,-0.05,0.8406863503560664
3.8,uav_01,1,passive_piecewise_source_clock_fit,0.08768321263417703,-0.03218626858844154,7.433338434409216,0.09083269569884811,-0.05,0.7483269569884812
3.9,uav_01,1,passive_piecewise_source_clock_fit,0.09584406463799375,-0.03218626858844154,7.507176032713751,0.09,-0.05,0.6560299591078106
4.0,uav_01,1,passive_piecewise_source_clock_fit,0.10407303357956184,-0.04073643020600669,7.5662224477411275,0.08229625870981183,-0.05,0.5706663283883066
4.1,uav_01,1,passive_piecewise_source_clock_fit,0.10610337371481238,-0.04328498192199418,7.62173842199212,0.08,-0.04304359633464661,0.49434877067717287
4.2,uav_01,1,passive_piecewise_source_clock_fit,0.1115730937789129,-0.04328498192199418,7.664744413813682,0.07381389654657952,-0.04,0.4266972758260566
4.3,uav_01,1,passive_piecewise_source_clock_fit,0.11968653746480236,-0.04328498192199418,7.701448740359265,0.07,-0.04,0.36246470437128553
4.4,uav_01,1,passive_piecewise_source_clock_fit,0.12378726954336718,-0.04328498192199418,7.738002031814115,0.06549949204647129,-0.04,0.3074974602323564
4.5,uav_01,1,passive_piecewise_source_clock_fit,0.1270047045702456,-0.04328498192199418,7.770916492451723,0.06,-0.04,0.2399728610103524
4.6,uav_01,1,passive_piecewise_source_clock_fit,0.13262921682938636,-0.046367265180805625,7.7927771536809525,0.05722284631904731,-0.037222846319047306,0.1172340800618989
4.7,uav_01,1,passive_piecewise_source_clock_fit,0.13432287109293953,-0.054383695255546816,7.798084523455335,0.05,-0.03,-0.0640559605272885
4.8,uav_01,1,passive_piecewise_source_clock_fit,0.14147116411540558,-0.054383695255546816,7.785784802366492,0.04894620059162326,-0.02894620059162326,-0.27845258402617196
4.9,uav_01,1,passive_piecewise_source_clock_fit,0.14147116411540558,-0.054383695255546816,7.748847266367464,0.03980787772791058,-0.02,-0.5255715458905932
5.0,uav_01,1,passive_piecewise_source_clock_fit,0.14147116411540558,-0.054383695255546816,7.694017329185193,0.03066955486419863,-0.02,-0.7905829089382397
5.1,uav_01,1,passive_piecewise_source_clock_fit,0.14895920520244252,-0.054383695255546816,7.605312320004867,0.03,-0.02,-1.0555942719858882
5.2,uav_01,1,passive_piecewise_source_clock_fit,0.15031311265794117,-0.054383695255546816,7.498714909641294,0.03,-0.02,-1.3206056350335371
5.3,uav_01,1,passive_piecewise_source_clock_fit,0.15031311265794117,-0.054383695255546816,7.368818794095939,0.023254586273062636,-0.02,-1.5721261706273089
5.4,uav_01,1,passive_piecewise_source_clock_fit,0.15031311265794117,-0.054383695255546816,7.210608341337089,0.02,-0.02,-1.8080004793674669
5.5,uav_01,1,passive_piecewise_source_clock_fit,0.15031311265794117,-0.047176961380096166,7.020133885634041,0.02,-0.02,-2.026359420084256
5.6,uav_01,1,passive_piecewise_source_clock_fit,0.15031311265794117,-0.04328498192199418,6.805075881070758,0.02,-0.02,-2.2185742791239247
5.7,uav_01,1,passive_piecewise_source_clock_fit,0.15031311265794117,-0.04328498192199418,6.576322873759714,0.02,-0.02,-2.373542598581044
5.8,uav_01,1,passive_piecewise_source_clock_fit,0.15031311265794117,-0.04328498192199418,6.330605789565223,0.02,-0.02,-2.492597518757761
5.9,uav_01,1,passive_piecewise_source_clock_fit,0.15031311265794117,-0.04328498192199418,6.078251933739452,0.01355690607906599,-0.02,-2.585101657446538
6.0,uav_01,1,passive_piecewise_source_clock_fit,0.15031311265794117,-0.051014211218220425,5.811969924146776,0.01,-0.02,-2.6378563075338106
6.1,uav_01,1,passive_piecewise_source_clock_fit,0.15031311265794117,-0.054383695255546816,5.539427759854933,0.01,-0.02,-2.657058231116484
6.2,uav_01,1,passive_piecewise_source_clock_fit,0.15031311265794117,-0.054383695255546816,5.264934945013231,0.017224631666176687,-0.02,-2.652775368333823
6.3,uav_01,1,passive_piecewise_source_clock_fit,0.15031311265794117,-0.054383695255546816,4.991643431271269,0.012653460417454365,-0.02,-2.6353069208349087
6.4,uav_01,1,passive_piecewise_source_clock_fit,0.15031311265794117,-0.054383695255546816,4.712828524642144,0.017673017605846483,-0.02,-2.6146539647883067
6.5,uav_01,1,passive_piecewise_source_clock_fit,0.15031311265794117,-0.054383695255546816,4.4317766662027065,0.02,-0.02,-2.585752962911412
6.6,uav_01,1,passive_piecewise_source_clock_fit,0.15031311265794117,-0.054383695255546816,4.159216481549821,0.02,-0.02,-2.5545249786403637
6.7,uav_01,1,passive_piecewise_source_clock_fit,0.15031311265794117,-0.054383695255546816,3.8885739512007342,0.02,-0.02,-2.5232969943693155
6.8,uav_01,1,passive_piecewise_source_clock_fit,0.15031311265794117,-0.054383695255546816,3.6179314208516513,0.02,-0.02,-2.5013793400655118
6.9,uav_01,1,passive_piecewise_source_clock_fit,0.15031311265794117,-0.054383695255546816,3.347288890502547,0.02,-0.02,-2.480560683884811
7.0,uav_01,1,passive_piecewise_source_clock_fit,0.15031311265794117,-0.054383695255546816,3.076775346301407,0.02,-0.02,-2.4597420277041127
7.1,uav_01,1,passive_piecewise_source_clock_fit,0.15031311265794117,-0.054383695255546816,2.81600382980438,0.02,-0.02,-2.4367701145702414
7.2,uav_01,1,passive_piecewise_source_clock_fit,0.15031311265794117,-0.054383695255546816,2.5482042264412224,0.019052357671357482,-0.02,-2.3610471534271498
7.3,uav_01,1,passive_piecewise_source_clock_fit,0.15031311265794117,-0.054383695255546816,2.311555999617603,0.011292909108290752,-0.02,-2.14509145407615
7.4,uav_01,1,passive_piecewise_source_clock_fit,0.15031311265794117,-0.054383695255546816,2.097222150871893,0.02,-0.02,-1.8776314775547964
7.5,uav_01,1,passive_piecewise_source_clock_fit,0.15031311265794117,-0.054383695255546816,1.9135402255315952,0.02,-0.02,-1.6132528664888426
7.6,uav_01,1,passive_piecewise_source_clock_fit,0.15031311265794117,-0.054383695255546816,1.756746909768248,0.02,-0.019053350697732018,-1.3572804167455683
7.7,uav_01,1,passive_piecewise_source_clock_fit,0.15031311265794117,-0.054383695255546816,1.6204898102971383,0.02,-0.01,-1.1209796205942753
7.8,uav_01,1,passive_piecewise_source_clock_fit,0.15031311265794117,-0.054383695255546816,1.5129577151157285,0.020782476098252352,-0.01,-0.9043504780349529
7.9,uav_01,1,passive_piecewise_source_clock_fit,0.15031311265794117,-0.054383695255546816,1.4243968840300436,0.031400778992489005,-0.01,-0.7066925995713544
8.0,uav_01,1,passive_piecewise_source_clock_fit,0.15031311265794117,-0.054383695255546816,1.3469084855288163,0.05185490868271006,-0.01,-0.5194888507979764
8.1,uav_01,1,passive_piecewise_source_clock_fit,0.1507872322769209,-0.054383695255546816,1.297855134831083,0.08160864887668823,-0.01,-0.35142053932432943
8.2,uav_01,1,passive_piecewise_source_clock_fit,0.1595606550300792,-0.054383695255546816,1.2590825662823806,0.11229358429404819,-0.010458716858809638,-0.19357796397666507
8.3,uav_01,1,passive_piecewise_source_clock_fit,0.1687799401104924,-0.054383695255546816,1.2395572628977136,0.1622136855114326,-0.019557262897713486,-0.054244417670275304
8.4,uav_01,1,passive_piecewise_source_clock_fit,0.18522981139815856,-0.054383695255546816,1.2302550861511523,0.20872456924424015,-0.010255086151151966,0.06668388003502446
8.5,uav_01,1,passive_piecewise_source_clock_fit,0.20167968382260565,-0.054383695255546816,1.2390470905954094,0.25523545297704553,-0.01,0.18761217774031835
8.6,uav_01,1,passive_piecewise_source_clock_fit,0.22551193549966156,-0.054383695255546816,1.2566985346839399,0.31009560405182013,-0.01,0.3001912081036403
8.7,uav_01,1,passive_piecewise_source_clock_fit,0.25695211033668147,-0.054383695255546816,1.282954332265592,0.3735601086197165,-0.01,0.4041658849738402
8.8,uav_01,1,passive_piecewise_source_clock_fit,0.28985185495457977,-0.04666607082765632,1.3178144833403678,0.438675345845644,-0.01,0.49953620835091994
8.9,uav_01,1,passive_piecewise_source_clock_fit,0.3282829431124773,-0.04328498192199418,1.3675347854899202,0.5037905830715732,-0.01625579758165331,0.5988137733981864
9.0,uav_01,1,passive_piecewise_source_clock_fit,0.37432195597038953,-0.04328498192199418,1.4289058202975027,0.5744637946257164,-0.02,0.6955797432821456
9.1,uav_01,1,passive_piecewise_source_clock_fit,0.42367157272920025,-0.04328498192199418,1.4940210575234287,0.6440210575234288,-0.02486015107477553,0.7886015107477553
9.2,uav_01,1,passive_piecewise_source_clock_fit,0.4803818060895438,-0.04328498192199418,1.5674609503920272,0.709136294749355,-0.038324655642672865,0.8774609503920279
9.3,uav_01,1,passive_piecewise_source_clock_fit,0.546181295182027,-0.047130136226181986,1.6546450456789747,0.77771603654318,-0.06039351370369251,0.964645045678975
9.4,uav_01,1,passive_piecewise_source_clock_fit,0.6163538671469547,-0.054383695255546816,1.7500880964748105,0.854070477179848,-0.089026428942443,1.057079286827329
9.5,uav_01,1,passive_piecewise_source_clock_fit,0.6993461913017811,-0.05781778400093164,1.8571295902815317,0.9316589276642269,-0.11928239757038295,1.15094132523461
9.6,uav_01,1,passive_piecewise_source_clock_fit,0.7909606134004534,-0.06896888885046137,1.9808373946488262,1.001989366349368,-0.14628267609981946,1.2482720424491875
9.7,uav_01,1,passive_piecewise_source_clock_fit,0.8922331959110459,-0.08019664048803775,2.1156064315157437,1.076060818008996,-0.16,1.3393184202601205
9.8,uav_01,1,passive_piecewise_source_clock_fit,1.0025533273810672,-0.09516894978363394,2.257234130332747,1.1569909316187121,-0.16,1.4269909316187122
9.9,uav_01,1,passive_piecewise_source_clock_fit,1.1188350518074306,-0.11375085709674222,2.4058420904568516,1.2344309145748726,-0.1530197386928935,1.5044309145748727
10.0,uav_01,1,passive_piecewise_source_clock_fit,1.2383055311742013,-0.12497860844991371,2.567702317676279,1.3088511588381397,-0.13278721029046506,1.5752447639833724
10.1,uav_01,1,passive_piecewise_source_clock_fit,1.3701151150140878,-0.13207468701319328,2.7332852039516933,1.3860586133918738,-0.10883202283205412,1.6386132952799097
10.2,uav_01,1,passive_piecewise_source_clock_fit,1.5132310831073315,-0.13633539788730673,2.9052616953723436,1.4530335395431802,-0.07848323022840989,1.6930335395431801
10.3,uav_01,1,passive_piecewise_source_clock_fit,1.6569122478572784,-0.14317340034674592,3.081912499243838,1.5099756942343996,-0.05200972230624018,1.7459805553875196
10.4,uav_01,1,passive_piecewise_source_clock_fit,1.8001792694736176,-0.14317340034674592,3.259832890898316,1.555518420199626,-0.028361184850280573,1.785518420199626
10.5,uav_01,1,passive_piecewise_source_clock_fit,1.9445087128048404,-0.14317340034674592,3.4324740266548113,1.593152426664171,-0.0034237866679145534,1.823152426664171
10.6,uav_01,1,passive_piecewise_source_clock_fit,2.0942497775180944,-0.1401805121170676,3.611235557361392,1.630786433128714,0.02078643312871402,1.8553932165643572
10.7,uav_01,1,passive_piecewise_source_clock_fit,2.2458521687277173,-0.13207468701319328,3.7921021979662872,1.6684204395932574,0.05631532969494309,1.876315329694943
10.8,uav_01,1,passive_piecewise_source_clock_fit,2.4039121813128372,-0.1287148590731087,3.980272230289005,1.7045408345433508,0.08605444605780116,1.9045408345433508
10.9,uav_01,1,passive_piecewise_source_clock_fit,2.5619721938979576,-0.10885383420495084,4.168442262611724,1.7327663393917587,0.12276633939175874,1.9327663393917587
11.0,uav_01,1,passive_piecewise_source_clock_fit,2.720324534299337,-0.09841160797137427,4.356612294934457,1.7606612294934454,0.15033061474672274,1.9603306147467228
11.1,uav_01,1,passive_piecewise_source_clock_fit,2.886703494417484,-0.08796938173779856,4.54478232725717,1.779478232725717,0.15973911636285848,1.9697391163628584
11.2,uav_01,1,passive_piecewise_source_clock_fit,3.053082455685046,-0.0673744765408516,4.732952359579888,1.8074428539369831,0.16914761797899439,1.9791476179789944
11.3,uav_01,1,passive_piecewise_source_clock_fit,3.227026691753601,-0.04649002474844477,4.929678511497737,1.8271122391902606,0.16144388040486973,1.98
11.4,uav_01,1,passive_piecewise_source_clock_fit,3.3946823243152346,-0.0344452771585766,5.119292424225323,1.8379646212112661,0.13610613636620156,1.972035378788734
11.5,uav_01,1,passive_piecewise_source_clock_fit,3.5810167058178113,-0.02319993167256544,5.330031488841953,1.84,0.10570978730829254,1.953806524872195
11.6,uav_01,1,passive_piecewise_source_clock_fit,3.772859856418905,-0.011732882041717536,5.538572210706464,1.84,0.07471416839403043,1.9247141683940303
11.7,uav_01,1,passive_piecewise_source_clock_fit,3.9630924588719463,-0.009988841921336273,5.743474920925621,1.831326253953719,0.03530501581487575,1.8766312697685947
11.8,uav_01,1,passive_piecewise_source_clock_fit,4.146738355173025,-8.483246909845102e-06,5.940854773085129,1.803022930565506,0.012015287043670726,1.8250382176091768
11.9,uav_01,1,passive_piecewise_source_clock_fit,4.32944611908866,0.001109871412216364,6.137160359542118,1.7720273116512444,-0.008648458899170404,1.7547303938529035
12.0,uav_01,1,passive_piecewise_source_clock_fit,4.5121538819176,0.001109871412216364,6.3141537411570985,1.7313755903159769,-0.02931220484201153,1.6727511806319537
12.1,uav_01,1,passive_piecewise_source_clock_fit,4.6948616459166335,0.001109871412216364,6.499783557063674,1.6800601230378682,-0.03998797539242633,1.5801082214681632
12.2,uav_01,1,passive_piecewise_source_clock_fit,4.8593198963590964,0.0007548808821615013,6.664797725457712,1.6080809098169155,-0.06,1.4761618196338306
12.3,uav_01,1,passive_piecewise_source_clock_fit,5.023756883785409,-0.009988841921336273,6.819124098693753,1.5447862293178545,-0.06,1.3521793439767817
12.4,uav_01,1,passive_piecewise_source_clock_fit,5.1852558815603595,-0.009988841921336273,6.96078643491685,1.4619101738123623,-0.06,1.2283146955067454
12.5,uav_01,1,passive_piecewise_source_clock_fit,5.318783434560673,-0.009988841921336273,7.074048429493625,1.3769636778797811,-0.06,1.1056142013819064
12.6,uav_01,1,passive_piecewise_source_clock_fit,5.451023438901617,-0.009988841921336273,7.186218288419564,1.2928362836853278,-0.06,0.98409685421214
12.7,uav_01,1,passive_piecewise_source_clock_fit,5.567290738488258,-0.009988841921336273,7.28032345612125,1.1996765438787491,-0.06,0.8716118526544989
12.8,uav_01,1,passive_piecewise_source_clock_fit,5.675591338245486,-0.009988841921336273,7.3654185047035785,1.097821827584514,-0.05162016614404672,0.7678218275845139
12.9,uav_01,1,passive_piecewise_source_clock_fit,5.776203884656059,-0.009988841921336273,7.441818576798251,0.9949994569024043,-0.05,0.6727267790021858
13.0,uav_01,1,passive_piecewise_source_clock_fit,5.869128377598395,-0.009988841921336273,7.5024488620616605,0.8992518965638994,-0.05,0.5863267069075095
13.1,uav_01,1,passive_piecewise_source_clock_fit,5.9543648186864315,-0.017116767017782177,7.55853379152463,0.8057770141256159,-0.05,0.5086216113004927
13.2,uav_01,1,passive_piecewise_source_clock_fit,6.031913206316352,-0.02108755525488891,7.608848934156332,0.7180719185186007,-0.05,0.4396114921811339
13.3,uav_01,1,passive_piecewise_source_clock_fit,6.097248873025276,-0.02108755525488891,7.655586375375474,0.6339445243241457,-0.05,0.37417907447433557
13.4,uav_01,1,passive_piecewise_source_clock_fit,6.155103875364887,-0.026042868072777746,7.693394289956769,0.5498171301296922,-0.05446476331892308,0.30874665676753843
13.5,uav_01,1,passive_piecewise_source_clock_fit,6.211207040248612,-0.03218626858844154,7.722352240334459,0.4588258655518024,-0.05588258655518024,0.2370606924414419
13.6,uav_01,1,passive_piecewise_source_clock_fit,6.257316122514515,-0.03218626858844154,7.748426292818323,0.3578685359083837,-0.05,0.15208168231754532
13.7,uav_01,1,passive_piecewise_source_clock_fit,6.293022499798252,-0.03218626858844154,7.764308879373504,0.26552896501197476,-0.05,0.05260232689146532
13.8,uav_01,1,passive_piecewise_source_clock_fit,6.320862687723715,-0.03702642004222084,7.765638997685302,0.18947298379711375,-0.04563899768530197,-0.0710540324057725
13.9,uav_01,1,passive_piecewise_source_clock_fit,6.338616157281503,-0.04328498192199418,7.751199309395627,0.1279982734890668,-0.03559965469781336,-0.2204055248349862
14.0,uav_01,1,passive_piecewise_source_clock_fit,6.35249393701935,-0.04328498192199418,7.7220156869338865,0.08651176520041576,-0.03,-0.39542548706403363
14.1,uav_01,1,passive_piecewise_source_clock_fit,6.361420531464761,-0.04328498192199418,7.672449132614783,0.06081637753826094,-0.03,-0.5964280358482601
14.2,uav_01,1,passive_piecewise_source_clock_fit,6.370347126012753,-0.04328498192199418,7.602499646438308,0.045312455804788605,-0.03,-0.8271886048802849
14.3,uav_01,1,passive_piecewise_source_clock_fit,6.379273719881197,-0.04328498192199418,7.512167228404465,0.0352167228404465,-0.03,-1.0843652061483908
14.4,uav_01,1,passive_piecewise_source_clock_fit,6.383886318717297,-0.04328498192199418,7.391693858265471,0.025120989876105053,-0.03,-1.3517332733451635
14.5,uav_01,1,passive_piecewise_source_clock_fit,6.383886318717297,-0.04328498192199418,7.248872203267771,0.015258146884517989,-0.03,-1.6038044747715683
14.6,uav_01,1,passive_piecewise_source_clock_fit,6.387784778189586,-0.04328498192199418,7.090637096943493,0.01,-0.03,-1.82699910373573
14.7,uav_01,1,passive_piecewise_source_clock_fit,6.392728267259833,-0.04328498192199418,6.90415060936459,0.01,-0.03,-2.031761324414675
14.8,uav_01,1,passive_piecewise_source_clock_fit,6.392728267259833,-0.04328498192199418,6.698354198986089,0.006288827226640397,-0.026288827226640395,-2.2093787643737537
14.9,uav_01,1,passive_piecewise_source_clock_fit,6.392728267259833,-0.04328498192199418,6.480881507518994,0.0,-0.02,-2.355210567132003
15.0,uav_01,1,passive_piecewise_source_clock_fit,6.392728267259833,-0.04328498192199418,6.251771076131444,0.0,-0.02,-2.4812915695474227
15.1,uav_01,1,passive_piecewise_source_clock_fit,6.392728267259833,-0.04328498192199418,6.012907196787837,0.002580492431236986,-0.02,-2.565482954587422
15.2,uav_01,1,passive_piecewise_source_clock_fit,6.392728267259833,-0.04328498192199418,5.760502827435718,0.01,-0.02,-2.6188143959354493
15.3,uav_01,1,passive_piecewise_source_clock_fit,6.392728267259833,-0.04328498192199418,5.502505656051292,0.01182670553648879,-0.02,-2.6518267055364886
15.4,uav_01,1,passive_piecewise_source_clock_fit,6.392728267259833,-0.04328498192199418,5.2508550735938995,0.02,-0.02,-2.6498513153761967
15.5,uav_01,1,passive_piecewise_source_clock_fit,6.392728267259833,-0.04328498192199418,4.991096031205565,0.023335073322434802,-0.02,-2.5633194134205213
15.6,uav_01,1,passive_piecewise_source_clock_fit,6.393685453582607,-0.04328498192199418,4.736183867173325,0.053247654476364974,-0.02,-2.316440903744229
15.7,uav_01,1,passive_piecewise_source_clock_fit,6.402501635906697,-0.04328498192199418,4.518931762464717,0.08316023563029222,-0.02,-2.007344231820314
15.8,uav_01,1,passive_piecewise_source_clock_fit,6.411317819222578,-0.04328498192199418,4.322587371556068,0.11204854452281555,-0.02,-1.6992718321577667
15.9,uav_01,1,passive_piecewise_source_clock_fit,6.42012528962183,-0.04328498192199418,4.156206082133945,0.131970559695151,-0.02,-1.402412164267886
16.0,uav_01,1,passive_piecewise_source_clock_fit,6.429627470714732,-0.04328498192199418,4.020474076662364,0.15,-0.019134006969305725,-1.1292161672633372
16.1,uav_01,1,passive_piecewise_source_clock_fit,6.446519894972585,-0.04235618230609153,3.91246831926197,0.1491631465846633,-0.008326293169326603,-0.8915892248625926
16.2,uav_01,1,passive_piecewise_source_clock_fit,6.455336078315678,-0.03218626858844154,3.823538289600159,0.13919228620001992,0.012423141399940323,-0.675461151600358
16.3,uav_01,1,passive_piecewise_source_clock_fit,6.464840671795102,-0.031322151420038406,3.746107129076887,0.1284428516307547,0.04311429673849062,-0.49676423886141485
16.4,uav_01,1,passive_piecewise_source_clock_fit,6.481810391241668,-0.02025577931023529,3.697002261722936,0.10925056543073415,0.08449660741559512,-0.3295079160302781
16.5,uav_01,1,passive_piecewise_source_clock_fit,6.490592113791697,-0.009232662223625634,3.658637356106091,0.09931867805304546,0.1434066097347727,-0.191142814689591
16.6,uav_01,1,passive_piecewise_source_clock_fit,6.498931279887987,0.0013600117175088934,3.6398873111203702,0.08988731112036964,0.1906761332777821,-0.06898580008332685
16.7,uav_01,1,passive_piecewise_source_clock_fit,6.507270444813369,0.022295218559606242,3.630455944187694,0.08045594418769292,0.24726433487384247,0.0158965023107637
16.8,uav_01,1,passive_piecewise_source_clock_fit,6.515689772711033,0.05349385610707938,3.630000000000001,0.07093391641920888,0.3134625850655379,0.11066083580791129
16.9,uav_01,1,passive_piecewise_source_clock_fit,6.5165155368032,0.09436920462898228,3.6385067896776606,0.07,0.37954752774361894,0.18805431742127882
17.0,uav_01,1,passive_piecewise_source_clock_fit,6.523534413032875,0.1362396190569417,3.647938156610336,0.062061843389664154,0.44556709627235097,0.25556709627235097
17.1,uav_01,1,passive_piecewise_source_clock_fit,6.531873577958259,0.1781100340660734,3.672108570629038,0.05263047645698737,0.5115866648010885,0.32158666480108844
17.2,uav_01,1,passive_piecewise_source_clock_fit,6.534199431375239,0.2275285620817297,3.700402671427066,0.03639821904862311,0.5844071238055075,0.37400445237844226
17.3,uav_01,1,passive_piecewise_source_clock_fit,6.539709961306099,0.2867835841422599,3.7349290296334607,0.017535485183269844,0.6598580592669205,0.4211612870418254
17.4,uav_01,1,passive_piecewise_source_clock_fit,6.543041379917774,0.3558751004551033,3.7783181217052095,-0.001327248682083608,0.7409726190693762,0.46831812170520903
17.5,uav_01,1,passive_piecewise_source_clock_fit,6.543041379917774,0.4291483262618613,3.8254749563685913,-0.03037996509487273,0.8207599301897455,0.515474956368591
17.6,uav_01,1,passive_piecewise_source_clock_fit,6.538699937149801,0.5163015593939784,3.8745502603135997,-0.06964020825087969,0.8992804165017594,0.5645502603135997
17.7,uav_01,1,passive_piecewise_source_clock_fit,6.529653870760209,0.6184959262107,3.935986331150739,-0.11056361780042209,0.9759863311507386,0.6157045222505276
17.8,uav_01,1,passive_piecewise_source_clock_fit,6.515858125256166,0.720690293005202,4.00223054102495,-0.14074351367498306,1.0476022978624406,0.6722305410249492
17.9,uav_01,1,passive_piecewise_source_clock_fit,6.502719790717611,0.8291028352290254,4.074820873799023,-0.16120521844975574,1.119218264574145,0.7392182645741451
18.0,uav_01,1,passive_piecewise_source_clock_fit,6.488515808227532,0.9491265235853416,4.156667692898108,-0.17,1.1966676928981081,0.8050007696735811
18.1,uav_01,1,passive_piecewise_source_clock_fit,6.470529854349908,1.0799616816024222,4.238034170294251,-0.16399572871321869,1.284038441581032,0.8720298990074693
18.2,uav_01,1,passive_piecewise_source_clock_fit,6.457986115855308,1.2156886679911214,4.3319516638703535,-0.1476096672259295,1.3757564974833174,0.9433661647092468
18.3,uav_01,1,passive_piecewise_source_clock_fit,6.448940049297836,1.366211931794739,4.43426018774421,-0.13357398122557898,1.4678341689697894,1.0149821314209473
18.4,uav_01,1,passive_piecewise_source_clock_fit,6.434008011872031,1.5251809465838213,4.543225582779874,-0.11668625767638627,1.5665687116180687,1.0865980981326482
18.5,uav_01,1,passive_piecewise_source_clock_fit,6.422005968806161,1.6917944485535685,4.662652682590322,-0.09622455290161286,1.6551017883935486,1.1513263412951613
18.6,uav_01,1,passive_piecewise_source_clock_fit,6.419254110374406,1.8576546370921738,4.782205416796923,-0.07629909720051292,1.7348036111979483,1.2042522569987177
18.7,uav_01,1,passive_piecewise_source_clock_fit,6.413333583248482,2.0364265443407987,4.900351446590766,-0.06330404611743624,1.8001757232953826,1.2534797694128188
18.8,uav_01,1,passive_piecewise_source_clock_fit,6.4046282410307915,2.2149294638324677,5.0315803891153745,-0.046917087269232084,1.8657901945576876,1.2961658254615358
18.9,uav_01,1,passive_piecewise_source_clock_fit,6.401570214545853,2.4052315770503667,5.163869156592585,-0.02064557924786503,1.92870884150427,1.3358058943361801
19.0,uav_01,1,passive_piecewise_source_clock_fit,6.401570214545853,2.602630825533629,5.298654458634351,0.0026649226620499757,1.9816623066551249,1.368997383993075
19.1,uav_01,1,passive_piecewise_source_clock_fit,6.40703273835982,2.806177905566731,5.436491493393836,0.02853389144153648,2.037067782883073,1.392355927627691
19.2,uav_01,1,passive_piecewise_source_clock_fit,6.41573808023581,3.0137954816324872,5.58035199444998,0.05807039888999621,2.0840938651866616,1.4120469325933307
19.3,uav_01,1,passive_piecewise_source_clock_fit,6.424443421631557,3.2214130576982596,5.722165562912806,0.08173793755897216,2.1293448438974303,1.425868968779486
19.4,uav_01,1,passive_piecewise_source_clock_fit,6.433148763745339,3.4353729611526997,5.865717068934602,0.09571447126230677,2.1671434137869205,1.43
19.5,uav_01,1,passive_piecewise_source_clock_fit,6.441854105679568,3.653917777848664,6.013399606176905,0.09444002625487292,2.1911199474902543,1.43
19.6,uav_01,1,passive_piecewise_source_clock_fit,6.450188511212385,3.863150352716901,6.154789358400977,0.08002808554653632,2.209971914453464,1.4200280855465361
19.7,uav_01,1,passive_piecewise_source_clock_fit,6.45821823170666,4.069248142013491,6.28694290389134,0.05779794916614157,2.224067350277953,1.3977979491661414
19.8,uav_01,1,passive_piecewise_source_clock_fit,6.466247951966556,4.2774161735441085,6.414082406608436,0.02740502668330414,2.23,1.367405026683304
19.9,uav_01,1,passive_piecewise_source_clock_fit,6.472305797860072,4.481474892123329,6.54122190932554,-0.006690409141187043,2.227769863619604,1.3288493180980216
20.0,uav_01,1,passive_piecewise_source_clock_fit,6.471146150285434,4.691681995056526,6.667049882611024,-0.033934588294851985,2.2173769411367656,1.2821308234102962
20.1,uav_01,1,passive_piecewise_source_clock_fit,6.463463849317535,4.893265548512469,6.784715069794057,-0.061178767448514075,2.199214155034324,1.2272495426201337
20.2,uav_01,1,passive_piecewise_source_clock_fit,6.463463849317535,5.09484910265361,6.893691786408713,-0.08842294660217856,2.181051368931881,1.1636797912615833
20.3,uav_01,1,passive_piecewise_source_clock_fit,6.455973837010051,5.294552313112743,7.001651983191455,-0.10694199719857603,2.154587004202136,1.100703009804984
20.4,uav_01,1,passive_piecewise_source_clock_fit,6.447957635548535,5.495796467698434,7.102908118001514,-0.11753710163650133,2.1123144918174934,1.022166085271488
20.5,uav_01,1,passive_piecewise_source_clock_fit,6.439927915374817,5.697380021645355,7.1961849468772305,-0.12661849468772304,2.0669075265613848,0.9404335478104926
20.6,uav_01,1,passive_piecewise_source_clock_fit,6.431898194794364,5.88631129177691,7.286998877389449,-0.13569988773894498,2.01580067356633,0.8587010103494952
20.7,uav_01,1,passive_piecewise_source_clock_fit,6.42311949733432,6.090905785176957,7.375026826468184,-0.13437164669147694,1.9562298801488616,0.7637164669147692
20.8,uav_01,1,passive_piecewise_source_clock_fit,6.413667197344445,6.309325026968766,7.454230518396744,-0.13,1.885769481603256,0.6694508361180068
20.9,uav_01,1,passive_piecewise_source_clock_fit,6.3980176307400685,6.515113284429832,7.529062563633822,-0.13,1.79691956104223,0.5839284987042044
21.0,uav_01,1,passive_piecewise_source_clock_fit,6.385920647854738,6.708270558167358,7.588496149193505,-0.13,1.7007069314516932,0.498406161290394
21.1,uav_01,1,passive_piecewise_source_clock_fit,6.376393418574337,6.890207648641322,7.642371323310234,-0.12152573533795295,1.6037316180415768,0.4206801473656707
21.2,uav_01,1,passive_piecewise_source_clock_fit,6.366927628113031,7.068434384801687,7.695899070960763,-0.12,1.4890220438863195,0.3549211148470834
21.3,uav_01,1,passive_piecewise_source_clock_fit,6.357475326882961,7.23545256670333,7.7296103191066345,-0.11012989363112198,1.3714288299423418,0.3006494681556099
21.4,uav_01,1,passive_piecewise_source_clock_fit,6.3480230268063496,7.378119081427813,7.771120797091208,-0.10943960145439563,1.2427148189071433,0.24775840581758254
21.5,uav_01,1,passive_piecewise_source_clock_fit,6.338570725630371,7.51772105426682,7.793752072166992,-0.1,1.1049917113320291,0.20624792783300722
21.6,uav_01,1,passive_piecewise_source_clock_fit,6.32933255492503,7.633681715252703,7.823397616613335,-0.09830119169333257,0.9796143003199907,0.17490357507999768
21.7,uav_01,1,passive_piecewise_source_clock_fit,6.321059608382185,7.735184086565756,7.84105528288424,-0.09,0.8673366053891162,0.14683415134727903
21.8,uav_01,1,passive_piecewise_source_clock_fit,6.312786662882397,7.817802951344048,7.850823514923626,-0.08958824253818777,0.7550589104582534,0.11876472761456332
21.9,uav_01,1,passive_piecewise_source_clock_fit,6.304513717382609,7.890494331010596,7.869536464078772,-0.08023176796061472,0.6427812155273767,0.09069530388184416
22.0,uav_01,1,passive_piecewise_source_clock_fit,6.304308789373575,7.953058460377706,7.870000000000001,-0.07087529338304134,0.5122541073625786,0.03525176029824798
22.1,uav_01,1,passive_piecewise_source_clock_fit,6.296809772603379,8.005952337248532,7.87848118119453,-0.06151881880546907,0.3982258256656288,-0.020887087167185583
22.2,uav_01,1,passive_piecewise_source_clock_fit,6.29546684083104,8.049175961623082,7.872162344227897,-0.05216234422789648,0.2937857865068612,-0.11621421349313879
22.3,uav_01,1,passive_piecewise_source_clock_fit,6.289168809017119,8.082492168948587,7.855754197327374,-0.04287709866368655,0.20589388797317892,-0.22547481603576142
22.4,uav_01,1,passive_piecewise_source_clock_fit,6.28662489354502,8.106390479413172,7.830648185218255,-0.04,0.1412963704365092,-0.36320967883597544
22.5,uav_01,1,passive_piecewise_source_clock_fit,6.28662489354502,8.127159444963095,7.790964602475894,-0.03419292049517873,0.09677168198071494,-0.5245274310867827
22.6,uav_01,1,passive_piecewise_source_clock_fit,6.282059305595706,8.142197530138647,7.733855121423237,-0.03,0.06450933775281605,-0.7135981898126823
22.7,uav_01,1,passive_piecewise_source_clock_fit,6.2777829450024845,8.153083350126376,7.65028263959414,-0.03,0.04005652791882789,-0.9393216649740653
22.8,uav_01,1,passive_piecewise_source_clock_fit,6.2777829450024845,8.164505602473623,7.54210428937794,-0.03,0.02473675357981281,-1.202107653345054
22.9,uav_01,1,passive_piecewise_source_clock_fit,6.2777829450024845,8.175927854382815,7.406678648003181,-0.02444524320021212,0.014445243200212121,-1.4688689199946972
23.0,uav_01,1,passive_piecewise_source_clock_fit,6.27261370638047,8.180861502029966,7.24061345795039,-0.02,0.004153732820611116,-1.7203104123053332
23.1,uav_01,1,passive_piecewise_source_clock_fit,6.268940997716466,8.186142233319297,7.051050822500194,-0.02,0.0,-1.948465111699792
23.2,uav_01,1,passive_piecewise_source_clock_fit,6.268940997716466,8.19196021536352,6.844372401315905,-0.02,0.0,-2.15554391885955
23.3,uav_01,1,passive_piecewise_source_clock_fit,6.268940997716466,8.19196021536352,6.6131216386815845,-0.02,-0.0068207983181919575,-2.3223119747728793
23.4,uav_01,1,passive_piecewise_source_clock_fit,6.268940997716466,8.19196021536352,6.3693045912529715,-0.012887691302207122,-0.01,-2.4624600130713072
23.5,uav_01,1,passive_piecewise_source_clock_fit,6.268940997716466,8.19196021536352,6.114904523065132,-0.01,-0.01,-2.559230552619158
23.6,uav_01,1,passive_piecewise_source_clock_fit,6.268940997716466,8.19196021536352,5.849921434118117,-0.01,-0.0023046705430045103,-2.5261326938010313
23.7,uav_01,1,passive_piecewise_source_clock_fit,6.262055147519812,8.19196021536352,5.603095039035024,-0.01,0.00778770670687404,-2.315307332328149
23.8,uav_01,1,passive_piecewise_source_clock_fit,6.26009904917393,8.200642319715879,5.377902307221118,-0.01,0.04129048959616018,-2.0253213280287987
23.9,uav_01,1,passive_piecewise_source_clock_fit,6.26009904917393,8.203058928697073,5.180706776267076,-0.0021424619087935005,0.081430152364826,-1.7321313953550115
24.0,uav_01,1,passive_piecewise_source_clock_fit,6.26009904917393,8.211818536901072,5.013720739466018,-0.007892453783373903,0.1136773613501217,-1.4411188402821566
24.1,uav_01,1,passive_piecewise_source_clock_fit,6.26009904917393,8.23175436229026,4.876944196817981,-0.01,0.12792736947553998,-1.173888393635961
24.2,uav_01,1,passive_piecewise_source_clock_fit,6.26009904917393,8.245192180125454,4.762414863155228,-0.025924570335412872,0.13,-0.936867441142752
24.3,uav_01,1,passive_piecewise_source_clock_fit,6.25302796633006,8.256329645224127,4.668025192261147,-0.04599440171974484,0.12200279914012757,-0.7140615810828068
24.4,uav_01,1,passive_piecewise_source_clock_fit,6.244225463160357,8.267378846959666,4.594331865480918,-0.07385777193674856,0.11204740935441715,-0.5189007777339257
24.5,uav_01,1,passive_piecewise_source_clock_fit,6.235370745687892,8.278493588609539,4.5401648387789715,-0.111868128976823,0.10203296775579426,-0.35252748409270807
24.6,uav_01,1,passive_piecewise_source_clock_fit,6.219422644686122,8.28074992124333,4.497992208254508,-0.16000973968186435,0.09199805206362713,-0.19997078095440696
24.7,uav_01,1,passive_piecewise_source_clock_fit,6.202893763046354,8.288906147928877,4.47530239237572,-0.2140928228728376,0.0826511961878604,-0.07446555044218525
24.8,uav_01,1,passive_piecewise_source_clock_fit,6.180898361904351,8.29909010163751,4.463475399496321,-0.2691476030220715,0.08,0.025246005036785903
24.9,uav_01,1,passive_piecewise_source_clock_fit,6.151518525967616,8.309274054896605,4.465700397195216,-0.3299027803665167,0.07429960280478333,0.11700397195216675
25.0,uav_01,1,passive_piecewise_source_clock_fit,6.119065759940435,8.314046060455377,4.474876193886755,-0.39413335720728715,0.06512380611324468,0.2038857449807978
25.1,uav_01,1,passive_piecewise_source_clock_fit,6.079447495444515,8.318543248641252,4.4881039811565895,-0.4624159246263572,0.05594800942170535,0.28241592462635723
25.2,uav_01,1,passive_piecewise_source_clock_fit,6.030595376748988,8.32514477378893,4.513041564726599,-0.5328227382715497,0.04673960881835005,0.3528227382715497
25.3,uav_01,1,passive_piecewise_source_clock_fit,5.979345024382618,8.327923429858304,4.5500143358454865,-0.6000286716909756,0.0349928320772561,0.4150215037682317
25.4,uav_01,1,passive_piecewise_source_clock_fit,5.921067783945473,8.336243487122482,4.586717522611638,-0.673435045223278,0.016641238694180514,0.4700762839174585
25.5,uav_01,1,passive_piecewise_source_clock_fit,5.855406108556118,8.336243487122482,4.624275886722247,-0.7468414187555926,-0.0042758867222454115,0.5251310640666945
25.6,uav_01,1,passive_piecewise_source_clock_fit,5.78235999727652,8.33620910992786,4.670185844215932,-0.8202477922879073,-0.05012389614395367,0.580154870179942
25.7,uav_01,1,passive_piecewise_source_clock_fit,5.701228082010898,8.326025156219227,4.725240624365158,-0.8936541658202098,-0.08682708291010494,0.6260338536376312
25.8,uav_01,1,passive_piecewise_source_clock_fit,5.614257340357948,8.31510829318081,4.793300458481476,-0.9633004584814757,-0.13521461320105413,0.6842575358412649
25.9,uav_01,1,passive_piecewise_source_clock_fit,5.510921912924425,8.304122076781486,4.862590940558137,-1.041532503495013,-0.16682468881062984,0.7436493776212596
26.0,uav_01,1,passive_piecewise_source_clock_fit,5.405893999857845,8.283324371610545,4.94072162586835,-1.111881422634807,-0.1876804064670877,0.8118814226348069
26.1,uav_01,1,passive_piecewise_source_clock_fit,5.293139246309725,8.271050929322472,5.019910748241691,-1.18991074824169,-0.2074776870604225,0.8724330611812675
26.2,uav_01,1,passive_piecewise_source_clock_fit,5.164084571092524,8.250478216526236,5.11637483826877,-1.2690998706150165,-0.21,0.9404623867881394
26.3,uav_01,1,passive_piecewise_source_clock_fit,5.0327996800702435,8.22850578299047,5.2153612412354455,-1.3568251171119012,-0.20146387587645542,1.0182889929883565
26.4,uav_01,1,passive_piecewise_source_clock_fit,4.894056813750792,8.215894852130582,5.314347644202104,-1.4459128797818943,-0.19156523557978952,1.097478115361684
26.5,uav_01,1,passive_piecewise_source_clock_fit,4.746651243392125,8.195659628021605,5.430000856602531,-1.535000642451899,-0.1733331905662447,1.1683338330181436
26.6,uav_01,1,passive_piecewise_source_clock_fit,4.584673503610511,8.182914165090823,5.547806475408451,-1.6233548565563383,-0.1618494603826291,1.2289032377042255
26.7,uav_01,1,passive_piecewise_source_clock_fit,4.418690011629714,8.171948475250275,5.67439890903275,-1.7042454824816926,-0.1359079440693653,1.2721227412408462
26.8,uav_01,1,passive_piecewise_source_clock_fit,4.240177420304957,8.160635437571255,5.80690930679352,-1.7775665498118962,-0.09710482867891644,1.3128951713210837
26.9,uav_01,1,passive_piecewise_source_clock_fit,4.05112344354468,8.149241231060536,5.948860472658857,-1.840940202568082,-0.05603986495461204,1.3369800675226942
27.0,uav_01,1,passive_piecewise_source_clock_fit,3.8604989535448517,8.14756536281792,6.083831571001493,-1.893781373462112,-0.006218626537887788,1.3487562746924224
27.1,uav_01,1,passive_piecewise_source_clock_fit,3.6618968027919836,8.14756536281792,6.22631521872898,-1.9270675468704959,0.027067546870495975,1.35
27.2,uav_01,1,passive_piecewise_source_clock_fit,3.453981885930355,8.157874687440358,6.370042591764049,-1.9392887565545749,0.057866269663724955,1.3407112434454251
27.3,uav_01,1,passive_piecewise_source_clock_fit,3.2536511620221495,8.158664076151473,6.504214967313455,-1.9495549974856503,0.06955499748565033,1.3208900050286994
27.4,uav_01,1,passive_piecewise_source_clock_fit,3.0432479585614947,8.169674491279524,6.648886199832485,-1.95,0.07,1.2803182286192898
27.5,uav_01,1,passive_piecewise_source_clock_fit,2.843294524485253,8.169970867423963,6.782249752173627,-1.939812520652198,0.04943756195659356,1.228875123913187
27.6,uav_01,1,passive_piecewise_source_clock_fit,2.6349164992796057,8.180861502029966,6.905444643346544,-1.9290925594422423,0.01863883916336357,1.1668239580478483
27.7,uav_01,1,passive_piecewise_source_clock_fit,2.4361454849431206,8.1801479802704,7.027071756587493,-1.9080713391125015,-0.011928660887498334,1.0948569043000045
27.8,uav_01,1,passive_piecewise_source_clock_fit,2.249716792261608,8.169973562271196,7.127911018383003,-1.8805697222591806,-0.03943027774081922,1.0215192593578155
27.9,uav_01,1,passive_piecewise_source_clock_fit,2.0791634590677295,8.169762789485025,7.21977298198045,-1.8440908072078204,-0.06693189459413473,0.9392043162175958
28.0,uav_01,1,passive_piecewise_source_clock_fit,1.9017446288116857,8.160723438175445,7.311445038158182,-1.7992774809209082,-0.09443351144745513,0.8485549618418162
28.1,uav_01,1,passive_piecewise_source_clock_fit,1.7298865059516735,8.150549019453306,7.388493675468734,-1.7388180339648576,-0.11462341886718352,0.7641946150976742
28.2,uav_01,1,passive_piecewise_source_clock_fit,1.5653976263862368,8.140374600731167,7.461831320410912,-1.674647594640451,-0.13295783010272827,0.6816897645377229
28.3,uav_01,1,passive_piecewise_source_clock_fit,1.4082779896390472,8.130200182009029,7.523876724014823,-1.604831034646903,-0.14564612066913712,0.599184913977766
28.4,uav_01,1,passive_piecewise_source_clock_fit,1.2585275953723352,8.12002576328689,7.578879957721458,-1.5266800634178133,-0.15,0.5214933897047228
28.5,uav_01,1,passive_piecewise_source_clock_fit,1.1161464440862487,8.109851344878658,7.629902659523412,-1.4401946809531752,-0.15,0.45213627666722267
28.6,uav_01,1,passive_piecewise_source_clock_fit,0.981134535932338,8.09967692663122,7.672590950089823,-1.348522624775441,-0.1468522624775441,0.3911135748652646
28.7,uav_01,1,passive_piecewise_source_clock_fit,0.853795859753435,8.086984095889882,7.709168091644471,-1.2547877479777034,-0.14,0.33624786253329275
28.8,uav_01,1,passive_piecewise_source_clock_fit,0.7336801726901252,8.06827077384486,7.744334546839643,-1.1541066615879703,-0.13855515105345184,0.28422060421380735
28.9,uav_01,1,passive_piecewise_source_clock_fit,0.6159628540593993,8.057634799904058,7.773083754845537,-1.04766498061785,-0.12897208171815416,0.24588832687261664
29.0,uav_01,1,passive_piecewise_source_clock_fit,0.5068904200281197,8.047676943604557,7.8012219752342915,-0.9332791362114025,-0.11938901238285478,0.2075560495314191
29.1,uav_01,1,passive_piecewise_source_clock_fit,0.4138557048751922,8.047461565371306,7.820388113904887,-0.8278653735231257,-0.11,0.16902971523778448
29.2,uav_01,1,passive_piecewise_source_clock_fit,0.3291227061576965,8.036825592186233,7.839554252575485,-0.7224516108348352,-0.11,0.12111436856128874
29.3,uav_01,1,passive_piecewise_source_clock_fit,0.25266594306877677,8.026189618263006,7.849360195623043,-0.6170378481465444,-0.10063980437695859,0.035758239392627275
29.4,uav_01,1,passive_piecewise_source_clock_fit,0.19222142033043302,8.015553644322202,7.850000000000001,-0.4937375555415889,-0.09105673504166067,-0.05048938462505384
29.5,uav_01,1,passive_piecewise_source_clock_fit,0.14044726189544168,8.004917670381397,7.841473665706362,-0.38621032276997797,-0.08147366570636164,-0.17084234581729874
29.6,uav_01,1,passive_piecewise_source_clock_fit,0.09641561911021845,8.003282091058958,7.815426049609281,-0.2880868320309402,-0.07180868320309403,-0.32106106875049567
29.7,uav_01,1,passive_piecewise_source_clock_fit,0.060859221856982254,7.994633448700006,7.7788301081430555,-0.20766021628611306,-0.06220752703576413,-0.4980569863204815
29.8,uav_01,1,passive_piecewise_source_clock_fit,0.03348743843691342,7.992183377725405,7.725746746202796,-0.14574674620279543,-0.05262445770046591,-0.7022619305897502
29.9,uav_01,1,passive_piecewise_source_clock_fit,0.013503530216817184,7.992183377725405,7.643724549603736,-0.10790818320124476,-0.042636061067081586,-0.9440984733229605
30.0,uav_01,1,passive_piecewise_source_clock_fit,-0.004430180407364967,7.983853564995038,7.537442736576471,-0.07748438270267366,-0.04,-1.2051353499101616
30.1,uav_01,1,passive_piecewise_source_clock_fit,-0.015602919306645929,7.981084664391853,7.402949383619139,-0.054707054802733954,-0.032353527401366974,-1.4764547601630917
30.2,uav_01,1,passive_piecewise_source_clock_fit,-0.024569774960146465,7.981084664391853,7.245396169096148,-0.03442452113701843,-0.03,-1.7269057463557789
30.3,uav_01,1,passive_piecewise_source_clock_fit,-0.03213447280468111,7.974044523488249,7.057763079724511,-0.017313589977042614,-0.02365679498852131,-1.9512665353099246
30.4,uav_01,1,passive_piecewise_source_clock_fit,-0.041934733136338574,7.969985951846911,6.851167507259626,-0.0025729692037266905,-0.02,-2.1539784311478263
30.5,uav_01,1,passive_piecewise_source_clock_fit,-0.044209738943128796,7.969985951846911,6.629346121538642,0.008211539930061705,-0.02,-2.3213846388809873
30.6,uav_01,1,passive_piecewise_source_clock_fit,-0.0515952477014764,7.969985951846911,6.389532637689936,0.018352806762919355,-0.011647193237080645,-2.4585864879179518
30.7,uav_01,1,passive_piecewise_source_clock_fit,-0.05305168748566437,7.969985951846911,6.129154086509795,0.028494073595777145,-0.01,-2.5564466623619944
30.8,uav_01,1,passive_piecewise_source_clock_fit,-0.05305168748566437,7.969985951846911,5.86548114885552,0.03,-0.01,-2.621812042571803
30.9,uav_01,1,passive_piecewise_source_clock_fit,-0.05305168748566437,7.969985951846911,5.589964683821729,0.03,-0.0011098031045085437,-2.6566705906864745
31.0,uav_01,1,passive_piecewise_source_clock_fit,-0.05305168748566437,7.969985951846911,5.3101327559719005,0.03,0.0,-2.669254342371411
31.1,uav_01,1,passive_piecewise_source_clock_fit,-0.04453725720341271,7.969985951846911,5.030001181283882,0.03,0.0,-2.6507408282432503
31.2,uav_01,1,passive_piecewise_source_clock_fit,-0.044209738943128796,7.969985951846911,4.749869606595845,0.02,0.0,-2.629990341229322
31.3,uav_01,1,passive_piecewise_source_clock_fit,-0.044209738943128796,7.969985951846911,4.470118104800093,0.019619927107695896,0.0,-2.6088597813230874
31.4,uav_01,1,passive_piecewise_source_clock_fit,-0.044209738943128796,7.969985951846911,4.199606457219788,0.01,0.0,-2.577734050802199
31.5,uav_01,1,passive_piecewise_source_clock_fit,-0.044209738943128796,7.968731175816344,3.920605442437976,0.008869440093768338,0.0,-2.546608320281305
31.6,uav_01,1,passive_piecewise_source_clock_fit,-0.044209738943128796,7.958887238513358,3.6504536477342584,0.0,0.0,-2.5002268238671292
31.7,uav_01,1,passive_piecewise_source_clock_fit,-0.04596137043596933,7.958887238513358,3.384435920836314,-0.0039620938403204685,0.0,-2.340473826995994
31.8,uav_01,1,passive_piecewise_source_clock_fit,-0.05305168748566437,7.958887238513358,3.1542203898104466,-0.026539944312793256,0.0,-2.074600556872068
31.9,uav_01,1,passive_piecewise_source_clock_fit,-0.05462458086411415,7.958887238513358,2.957979812708381,-0.055336697881936535,0.0,-1.7901908197685925
32.0,uav_01,1,passive_piecewise_source_clock_fit,-0.06311189360613371,7.958887238513358,2.7879549255942493,-0.08275563430071889,0.0,-1.522798936940295
32.1,uav_01,1,passive_piecewise_source_clock_fit,-0.07246283120262254,7.958887238513358,2.637302444912362,-0.10097673500674138,0.0,-1.2655816248314655
32.2,uav_01,1,passive_piecewise_source_clock_fit,-0.088928467185667,7.958887238513358,2.5142434713687725,-0.1094243471368773,-0.0011513057262453846,-1.0273356370113007
32.3,uav_01,1,passive_piecewise_source_clock_fit,-0.09741578093874573,7.958693487476139,2.4184288635244755,-0.1,-0.020349141439005458,-0.8163340148904427
32.4,uav_01,1,passive_piecewise_source_clock_fit,-0.10590309350764154,7.948039923716109,2.3320386028170375,-0.1,-0.03954697715176947,-0.6147567399064207
32.5,uav_01,1,passive_piecewise_source_clock_fit,-0.11439040725419387,7.9477885251798055,2.2737655614064107,-0.09062759356773518,-0.07748962572905928,-0.4412966842192333
32.6,uav_01,1,passive_piecewise_source_clock_fit,-0.1308101186738091,7.9378315095296035,2.225143378556767,-0.0810286757113533,-0.11588529715458676,-0.28645881138165297
32.7,uav_01,1,passive_piecewise_source_clock_fit,-0.1402069810133786,7.917666079692894,2.1942892735649155,-0.0714297578549719,-0.16285121072514058,-0.15001660996960645
32.8,uav_01,1,passive_piecewise_source_clock_fit,-0.14869429358227276,7.896358952817066,2.1818308399985913,-0.06183083999859178,-0.21901496000844933,-0.023800919981693133
32.9,uav_01,1,passive_piecewise_source_clock_fit,-0.15031311265794117,7.876129444594678,2.1799999999999997,-0.06,-0.273695645306305,0.07282607551050839
33.0,uav_01,1,passive_piecewise_source_clock_fit,-0.1558123106806216,7.849389193699697,2.1862194413326717,-0.05378055866732803,-0.33353608932870377,0.16841385465939165
33.1,uav_01,1,passive_piecewise_source_clock_fit,-0.16373577694771924,7.81380191145823,2.2003613278818923,-0.04481933605905401,-0.3962646475866219,0.2566259754685139
33.2,uav_01,1,passive_piecewise_source_clock_fit,-0.17169267076541705,7.773850858481391,2.222539076407681,-0.03582030786410649,-0.45925784495125455,0.3376172292230416
33.3,uav_01,1,passive_piecewise_source_clock_fit,-0.17683895702903155,7.7303718349325985,2.252714881323364,-0.026821279669158996,-0.525429762646728,0.41542976264672804
33.4,uav_01,1,passive_piecewise_source_clock_fit,-0.17876451079575467,7.678015997874101,2.288710994103155,-0.015644502948422272,-0.5974219882063109,0.48524423968052205
33.5,uav_01,1,passive_piecewise_source_clock_fit,-0.18568090431505074,7.618089418054009,2.3270606603244164,0.0023535534414719987,-0.669414213765888,0.548237437045152
33.6,uav_01,1,passive_piecewise_source_clock_fit,-0.18568090431505074,7.557967717397728,2.3810548294941056,0.02052741474705234,-0.7414064393254729,0.6112306344097888
33.7,uav_01,1,passive_piecewise_source_clock_fit,-0.18568090431505074,7.48805337415601,2.435048998663786,0.0475244993318933,-0.8133986648850487,0.6742238317744177
33.8,uav_01,1,passive_piecewise_source_clock_fit,-0.17845361923633504,7.409067096568404,2.497217029139049,0.08269544522231395,-0.8935647517502064,0.7372170291390494
33.9,uav_01,1,passive_piecewise_source_clock_fit,-0.1704326620931785,7.3204802801905515,2.567962743438594,0.12622671464912139,-0.96071740050877,0.8007174005087699
34.0,uav_01,1,passive_piecewise_source_clock_fit,-0.16192339390704868,7.224350176290909,2.6518218243637994,0.16060727478793316,-1.0349527327678218,0.8749527327678217
34.1,uav_01,1,passive_piecewise_source_clock_fit,-0.1472627251026409,7.1184377073026575,2.7405245732717423,0.18344990517149834,-1.1070746681002441,0.9537996206859933
34.2,uav_01,1,passive_piecewise_source_clock_fit,-0.12983372319825737,7.009050332557359,2.8358081357552054,0.19658081357552062,-1.1760656950286443,1.032646508604165
34.3,uav_01,1,passive_piecewise_source_clock_fit,-0.11240472129387385,6.885375196897079,2.947240094783505,0.2,-1.2514933965223365,1.1114933965223366
34.4,uav_01,1,passive_piecewise_source_clock_fit,-0.09497571938949023,6.754110347514586,3.0655104266607625,0.19370746444493644,-1.3366328199955722,1.1903402844405084
34.5,uav_01,1,passive_piecewise_source_clock_fit,-0.07754671825766206,6.616021569060873,3.1837807585380253,0.17770320691032912,-1.425335568903519,1.2691871723586836
34.6,uav_01,1,passive_piecewise_source_clock_fit,-0.06542664969850652,6.473817982573799,3.3140596054844975,0.15799148493078605,-1.5200425753460698,1.348034060276856
34.7,uav_01,1,passive_piecewise_source_clock_fit,-0.056712148863445735,6.318606440807789,3.452041659341297,0.1382797629512432,-1.6127410667194055,1.4210208296706488
34.8,uav_01,1,passive_piecewise_source_clock_fit,-0.047997647812234374,6.154525378691052,3.5957396927122467,0.11285206145755063,-1.6957278361131982,1.4842958770848989
34.9,uav_01,1,passive_piecewise_source_clock_fit,-0.03928314694095082,5.978076264915052,3.7491494480627425,0.07214079748039301,-1.7745747240313712,1.537859202519607
35.0,uav_01,1,passive_piecewise_source_clock_fit,-0.03536779165710958,5.7937574343274685,3.910793541663346,0.027301614584163504,-1.849722174477714,1.5883729817697958
35.1,uav_01,1,passive_piecewise_source_clock_fit,-0.03536779165710958,5.598687591300682,4.080632930292364,-0.01367833653937973,-1.9155175048090696,1.6395979206742246
35.2,uav_01,1,passive_piecewise_source_clock_fit,-0.04083473547797611,5.393649042029247,4.255110381173255,-0.06091481799213391,-1.9770977815905606,1.684731854393707
35.3,uav_01,1,passive_piecewise_source_clock_fit,-0.04994564113442155,5.187795320180029,4.436768649971878,-0.0994614416619797,-2.0259485888826396,1.7259485888826396
35.4,uav_01,1,passive_piecewise_source_clock_fit,-0.0650614062019638,4.974404094912924,4.622243955172097,-0.11679133084289431,-2.067165323371577,1.7671653233715774
35.5,uav_01,1,passive_piecewise_source_clock_fit,-0.07700939980100374,4.749238946947502,4.807719260372298,-0.11290448553487231,-2.108382057860511,1.7870955144651277
35.6,uav_01,1,passive_piecewise_source_clock_fit,-0.0861203046423293,4.52872530184902,5.000594263659872,-0.09520060382527665,-2.149598792349447,1.8047993961747235
35.7,uav_01,1,passive_piecewise_source_clock_fit,-0.09523121045165955,4.30288494512635,5.18866987077271,-0.05918447316162015,-2.19081552683838,1.81
35.8,uav_01,1,passive_piecewise_source_clock_fit,-0.10434211558149555,4.065270665278878,5.3821532413047395,-0.01796773867268678,-2.216016130663657,1.7939838693363435
35.9,uav_01,1,passive_piecewise_source_clock_fit,-0.10610337371481238,3.8324697734376025,5.5711317991647595,0.015188633194126397,-2.236792422129418,1.7732075778705825
36.0,uav_01,1,passive_piecewise_source_clock_fit,-0.09901417847785739,3.6099992043104954,5.744318338639,0.060088427399721936,-2.2480176854799443,1.7459469435601669
36.1,uav_01,1,passive_piecewise_source_clock_fit,-0.09726142642879317,3.3890890118496153,5.9149251377366,0.0924875229560998,-2.2425041590146337,1.7100166360585336
36.2,uav_01,1,passive_piecewise_source_clock_fit,-0.09109505461805474,3.1759190585664165,6.085531936834212,0.12092198947236846,-2.226052007018421,1.6651300175460526
36.3,uav_01,1,passive_piecewise_source_clock_fit,-0.0770095603198795,2.9583673407373396,6.249686583935604,0.14290430399242407,-2.2070956960075763,1.611287088022728
36.4,uav_01,1,passive_piecewise_source_clock_fit,-0.06549203593713271,2.7440390264141725,6.40488492002615,0.15593030750163445,-2.182209077495097,1.5544181549901932
36.5,uav_01,1,passive_piecewise_source_clock_fit,-0.052329365130744536,2.5336483673120234,6.551126945105857,0.16540846300705714,-2.1483661479717715,1.486732295943543
36.6,uav_01,1,passive_piecewise_source_clock_fit,-0.03556829428428257,2.323257708145453,6.693299277687196,0.17,-2.1055669074376016,1.4060204333876827
36.7,uav_01,1,passive_piecewise_source_clock_fit,-0.022666533644481585,2.117711386175833,6.831106836250631,0.17,-2.0581761299104886,1.3163522598209778
36.8,uav_01,1,passive_piecewise_source_clock_fit,-0.014285997801642325,1.917840259735721,6.959958083803222,0.16615707047667522,-2.0069424228600514,1.2138848457201026
36.9,uav_01,1,passive_piecewise_source_clock_fit,-0.0029689763739211127,1.7216551103646465,7.076531935316222,0.15667891497125244,-1.946752404798767,1.1001469796550294
37.0,uav_01,1,passive_piecewise_source_clock_fit,0.01144995834191866,1.5325735748680278,7.182445474520559,0.14705041140722183,-1.8764032912577746,0.9846049368866621
37.1,uav_01,1,passive_piecewise_source_clock_fit,0.022877335067454867,1.3441363903760501,7.286431368361588,0.14,-1.7935686316384136,0.8676949942247277
37.2,uav_01,1,passive_piecewise_source_clock_fit,0.03792762101547616,1.1594586333890105,7.373160782739855,0.13710490215751825,-1.7010490215751826,0.7610490215751825
37.3,uav_01,1,passive_piecewise_source_clock_fit,0.04669545695805941,0.9864878309800965,7.449678952544794,0.1271887210650294,-1.601887210650294,0.6646984895852647
37.4,uav_01,1,passive_piecewise_source_clock_fit,0.058000540478989684,0.8233257120435242,7.516791054294214,0.12,-1.4992164004606063,0.5748134185586778
37.5,uav_01,1,passive_piecewise_source_clock_fit,0.073198717940976,0.6681421479736157,7.576714434978601,0.11721426083689972,-1.3893568692058968,0.490499825858298
37.6,uav_01,1,passive_piecewise_source_clock_fit,0.08202937450959405,0.5191138621217115,7.631091877108658,0.11,-1.2767243686740264,0.42058921505984875
37.7,uav_01,1,passive_piecewise_source_clock_fit,0.09086003163787247,0.3891628450369179,7.671040797564916,0.10723980060877104,-1.1541174079140235,0.3561990030438552
37.8,uav_01,1,passive_piecewise_source_clock_fit,0.09969068820328077,0.2702821954250282,7.710989718021168,0.09725257049470758,-1.027030845936491,0.30626285247353785
37.9,uav_01,1,passive_piecewise_source_clock_fit,0.10852134533476865,0.16247191307035633,7.74820397885807,0.08726534038064268,-0.9071840845677122,0.25906136152257075
38.0,uav_01,1,passive_piecewise_source_clock_fit,0.11740212676173908,0.06522865041422336,7.7755571591467385,0.07722142042663035,-0.7866570451195641,0.21888568170652142
38.1,uav_01,1,passive_piecewise_source_clock_fit,0.1263904090104532,-0.015227875114573991,7.7958881587570685,0.06705592062146527,-0.6646710474575832,0.17527960310732638
38.2,uav_01,1,passive_piecewise_source_clock_fit,0.13262921682938636,-0.07461020093368206,7.816074729958866,0.056962635020566116,-0.5405142552673595,0.11873844514396284
38.3,uav_01,1,passive_piecewise_source_clock_fit,0.1353973215696114,-0.13487445155681976,7.829999999999998,0.04686934941966695,-0.4124321930360034,0.04808544593766865
38.4,uav_01,1,passive_piecewise_source_clock_fit,0.14147116411540558,-0.17968344415207627,7.829999999999998,0.03677606381876726,-0.29776063818767257,-0.03546329799356018
38.5,uav_01,1,passive_piecewise_source_clock_fit,0.14440423454558401,-0.2171290582841894,7.823365556435736,0.03,-0.20346222574294853,-0.15312388316770864
38.6,uav_01,1,passive_piecewise_source_clock_fit,0.15031311265794117,-0.23953355497980086,7.799768477850907,0.02658949261696915,-0.1295369557018149,-0.29456811812849365
38.7,uav_01,1,passive_piecewise_source_clock_fit,0.15031311265794117,-0.26193805139909887,7.76248103508035,0.02,-0.07948862104820988,-0.4700758596786008
38.8,uav_01,1,passive_piecewise_source_clock_fit,0.15349363058101403,-0.2803502531772836,7.704820449906196,0.016402921415170756,-0.049208764245512265,-0.6791357288662434
38.9,uav_01,1,passive_piecewise_source_clock_fit,0.15915505994396037,-0.29155250152508955,7.626786722328441,0.01,-0.026309635814271162,-0.9085687404574921
39.0,uav_01,1,passive_piecewise_source_clock_fit,0.15915505994396037,-0.3020333700520472,7.532395807424574,0.01,-0.01373263457076226,-1.1446094332947097
0.0,uav_02,1,passive_piecewise_source_clock_fit,15.950873850135482,0.023307297290710634,7.127124281143623,0.01,-0.02,-1.8783692172566455
0.1,uav_02,1,passive_piecewise_source_clock_fit,15.950873850135482,0.023307297290710634,6.939122760617075,0.010046170493838193,-0.02,-1.9998153180246472
0.2,uav_02,1,passive_piecewise_source_clock_fit,15.950873850135482,0.023307297290710634,6.752356870417843,0.019875954188534568,-0.02,-1.9604961832458616
0.3,uav_02,1,passive_piecewise_source_clock_fit,15.950873850135482,0.023307297290710634,6.555885242335395,0.02,-0.02,-1.843531145401237
0.4,uav_02,1,passive_piecewise_source_clock_fit,15.950873850135482,0.023307297290710634,6.387896133175258,0.02,-0.02,-1.6874316547531851
0.5,uav_02,1,passive_piecewise_source_clock_fit,15.950873850135482,0.023307297290710634,6.220789810365433,0.029365305272621593,-0.02,-1.520789810365433
0.6,uav_02,1,passive_piecewise_source_clock_fit,15.950873850135482,0.023307297290710634,6.07207366549024,0.03,-0.02,-1.3444883985882892
0.7,uav_02,1,passive_piecewise_source_clock_fit,15.950873850135482,0.023307297290710634,5.942676655393823,0.03,-0.010975127337986416,-1.176577164745769
0.8,uav_02,1,passive_piecewise_source_clock_fit,15.958703091722265,0.023307297290710634,5.823744123719487,0.03,-0.01,-1.0094708419359413
0.9,uav_02,1,passive_piecewise_source_clock_fit,15.959715798678015,0.023307297290710634,5.723155599485951,0.03,-0.018684440051405012,-0.8510489591775198
1.0,uav_02,1,passive_piecewise_source_clock_fit,15.959715798678015,0.023307297290710634,5.634130679490191,0.02157007549891001,-0.02,-0.7035511324836502
1.1,uav_02,1,passive_piecewise_source_clock_fit,15.959715798678015,0.023307297290710634,5.562291947914424,0.02,-0.02,-0.5645838958288476
1.2,uav_02,1,passive_piecewise_source_clock_fit,15.959715798678015,0.023307297290710634,5.500277431996166,0.02,-0.02,-0.43226776932502775
1.3,uav_02,1,passive_piecewise_source_clock_fit,15.959715798678015,0.023307297290710634,5.456493704377002,0.02,-0.028376573905749207,-0.30110453922526037
1.4,uav_02,1,passive_piecewise_source_clock_fit,15.959715798678015,0.023307297290710634,5.424601840567421,0.02,-0.03,-0.16994130912548533
1.5,uav_02,1,passive_piecewise_source_clock_fit,15.959715798678015,0.023307297290710634,5.402888935234724,0.02,-0.03,-0.04733361140835346
1.6,uav_02,1,passive_piecewise_source_clock_fit,15.959715798678015,0.023307297290710634,5.39135498837892,0.01135498837891912,-0.03864501162108088,0.06509512783188968
1.7,uav_02,1,passive_piecewise_source_clock_fit,15.959715798678015,0.013613136274270807,5.398734490859523,0.0012655091404754938,-0.04,0.17607939945476958
1.8,uav_02,1,passive_piecewise_source_clock_fit,15.959715798678015,0.012208583957157997,5.417826202218119,0.0,-0.04,0.28804411219965115
1.9,uav_02,1,passive_piecewise_source_clock_fit,15.951746153155685,0.012208583957157997,5.447040348009236,-0.009013449336412281,-0.030986550663587718,0.39914794270053505
2.0,uav_02,1,passive_piecewise_source_clock_fit,15.950873850135482,0.012208583957157997,5.486411714299423,-0.019102928574855925,-0.03910292857485593,0.5101322143234152
2.1,uav_02,1,passive_piecewise_source_clock_fit,15.942745971603804,0.012208583957157997,5.535962039066497,-0.02,-0.04,0.6211164859462955
2.2,uav_02,1,passive_piecewise_source_clock_fit,15.942031902849463,0.012208583957157997,5.602289886788469,-0.028898555255495742,-0.04,0.7189855525549574
2.3,uav_02,1,passive_piecewise_source_clock_fit,15.934453160342525,0.012208583957157997,5.669999450157828,-0.03857135002254687,-0.04,0.8157135002254687
2.4,uav_02,1,passive_piecewise_source_clock_fit,15.92590052516276,0.003058644637295379,5.754197303106381,-0.04824414478959797,-0.04824414478959797,0.9206855926855776
2.5,uav_02,1,passive_piecewise_source_clock_fit,15.91734789079826,0.001109871412216364,5.841252456009841,-0.05791693955664906,-0.05,1.0191693955664907
2.6,uav_02,1,passive_piecewise_source_clock_fit,15.908795255700722,0.001109871412216364,5.943487077560701,-0.06758973432370019,-0.05758973432370019,1.1158973432370018
2.7,uav_02,1,passive_piecewise_source_clock_fit,15.900242621253993,-0.006950601433267721,6.057150349089021,-0.07726252909075179,-0.06,1.1908377036352624
2.8,uav_02,1,passive_piecewise_source_clock_fit,15.891689986238683,-0.009988841921336273,6.173223886293637,-0.08693532385780303,-0.05306467614219697,1.2516119431468182
2.9,uav_02,1,passive_piecewise_source_clock_fit,15.877294488055654,-0.009988841921336273,6.295905542123104,-0.09660811862485416,-0.05660811862485415,1.2898243558745626
3.0,uav_02,1,passive_piecewise_source_clock_fit,15.865742769490625,-0.009988841921336273,6.421651874094768,-0.10628091339190526,-0.06,1.3125618267838106
3.1,uav_02,1,passive_piecewise_source_clock_fit,15.852030139093126,-0.009988841921336273,6.54663188719449,-0.11,-0.06,1.3141052394465778
3.2,uav_02,1,passive_piecewise_source_clock_fit,15.840114993149314,-0.009988841921336273,6.67371313545607,-0.11,-0.06,1.2994695520777044
3.3,uav_02,1,passive_piecewise_source_clock_fit,15.828004881776646,-0.014961857564226657,6.7937685639057594,-0.11,-0.06,1.2720771453647464
3.4,uav_02,1,passive_piecewise_source_clock_fit,15.811708305794383,-0.02108755525488891,6.90805064363423,-0.11,-0.06,1.227822779861124
3.5,uav_02,1,passive_piecewise_source_clock_fit,15.797986233827759,-0.02108755525488891,7.024940316649743,-0.11,-0.05708830694585465,1.1637947625126919
3.6,uav_02,1,passive_piecewise_source_clock_fit,15.787957102372387,-0.023448454411931687,7.13339901026992,-0.10787281724818902,-0.05,1.0787281724818902
3.7,uav_02,1,passive_piecewise_source_clock_fit,15.772847710460901,-0.03218626858844154,7.2320840520452885,-0.1,-0.05,0.9852306030557575
3.8,uav_02,1,passive_piecewise_source_clock_fit,15.764205898950395,-0.03218626858844154,7.315023459324278,-0.09944183785285785,-0.05,0.8838602163814363
3.9,uav_02,1,passive_piecewise_source_clock_fit,15.747909322968134,-0.03218626858844154,7.397962866603269,-0.0902263481551922,-0.05,0.7824898297071142
4.0,uav_02,1,passive_piecewise_source_clock_fit,15.739480614181714,-0.04226383475961795,7.472639527615951,-0.09,-0.05,0.6892005904800622
4.1,uav_02,1,passive_piecewise_source_clock_fit,15.731324191540343,-0.04328498192199418,7.538132418680977,-0.08169536875986054,-0.04169536875986054,0.6052583188387448
4.2,uav_02,1,passive_piecewise_source_clock_fit,15.71652665189161,-0.04328498192199418,7.59512072562683,-0.0724798790621949,-0.04,0.5223189115597541
4.3,uav_02,1,passive_piecewise_source_clock_fit,15.70559018679285,-0.04328498192199418,7.647045418766466,-0.06259091624670679,-0.04,0.4407273299736543
4.4,uav_02,1,passive_piecewise_source_clock_fit,15.703299312305264,-0.04328498192199418,7.690184008382561,-0.05245399790435962,-0.04,0.37472398742615765
4.5,uav_02,1,passive_piecewise_source_clock_fit,15.696506113588356,-0.051812035072565585,7.730731681751948,-0.042317079562012666,-0.04,0.313902477372076
4.6,uav_02,1,passive_piecewise_source_clock_fit,15.68754310353464,-0.054383695255546816,7.763459516341002,-0.03218016121966577,-0.03218016121966577,0.22962145097699194
4.7,uav_02,1,passive_piecewise_source_clock_fit,15.678580092772291,-0.054383695255546816,7.785913514245362,-0.02204324287731873,-0.03,0.0826918860370997
4.8,uav_02,1,passive_piecewise_source_clock_fit,15.676773467934176,-0.054383695255546816,7.789999999999999,-0.01190632453497118,-0.03,-0.1037798338355476
4.9,uav_02,1,passive_piecewise_source_clock_fit,15.669496020276428,-0.054383695255546816,7.765308218577873,-0.01,-0.021769406192624057,-0.3457648451843986
5.0,uav_02,1,passive_piecewise_source_clock_fit,15.667931520648153,-0.054383695255546816,7.718162439251387,-0.001632487850277104,-0.02,-0.6159228280425182
5.1,uav_02,1,passive_piecewise_source_clock_fit,15.660411948037305,-0.054383695255546816,7.650468986555512,0.0,-0.02,-0.9066284842700238
5.2,uav_02,1,passive_piecewise_source_clock_fit,15.659089573362136,-0.054383695255546816,7.544945162821416,0.0,-0.02,-1.200599116198088
5.3,uav_02,1,passive_piecewise_source_clock_fit,15.659089573362136,-0.054383695255546816,7.4175870743331505,0.0,-0.02,-1.4734729994619156
5.4,uav_02,1,passive_piecewise_source_clock_fit,15.659089573362136,-0.054383695255546816,7.260496318664182,0.008718980083488542,-0.02,-1.7279745020872135
5.5,uav_02,1,passive_piecewise_source_clock_fit,15.659089573362136,-0.054383695255546816,7.072717529407949,0.01,-0.02,-1.9624998328219567
5.6,uav_02,1,passive_piecewise_source_clock_fit,15.651229345454265,-0.054383695255546816,6.863316278339265,0.01,-0.02,-2.1589043195978084
5.7,uav_02,1,passive_piecewise_source_clock_fit,15.650247624819603,-0.054383695255546816,6.6425486468800825,0.01,-0.02,-2.332576045592664
5.8,uav_02,1,passive_piecewise_source_clock_fit,15.650247624819603,-0.054383695255546816,6.402549872493487,0.01,-0.02,-2.4587250637532563
5.9,uav_02,1,passive_piecewise_source_clock_fit,15.650247624819603,-0.054383695255546816,6.151355438664368,0.01,-0.02,-2.5614578245342523
6.0,uav_02,1,passive_piecewise_source_clock_fit,15.650247624819603,-0.054383695255546816,5.8899902838872595,0.019231142927413118,-0.02,-2.6253868575644788
6.1,uav_02,1,passive_piecewise_source_clock_fit,15.650247624819603,-0.054383695255546816,5.61591354359818,0.02,-0.02,-2.6488212189927274
6.2,uav_02,1,passive_piecewise_source_clock_fit,15.650247624819603,-0.054383695255546816,5.343449675364541,0.02,-0.02,-2.6595018638753873
6.3,uav_02,1,passive_piecewise_source_clock_fit,15.650247624819603,-0.054383695255546816,5.089534261410937,0.02,-0.02,-2.6510938615337385
6.4,uav_02,1,passive_piecewise_source_clock_fit,15.650247624819603,-0.054383695255546816,4.8365743256739195,0.02,-0.02,-2.62517492507488
6.5,uav_02,1,passive_piecewise_source_clock_fit,15.650247624819603,-0.054383695255546816,4.583614389936907,0.02,-0.02,-2.6047121770323636
6.6,uav_02,1,passive_piecewise_source_clock_fit,15.650247624819603,-0.054383695255546816,4.337667252192493,0.02,-0.02,-2.5789616060222107
6.7,uav_02,1,passive_piecewise_source_clock_fit,15.650247624819603,-0.054383695255546816,4.091523529163704,0.02,-0.02,-2.5495786095956
6.8,uav_02,1,passive_piecewise_source_clock_fit,15.650247624819603,-0.054383695255546816,3.8433181063959094,0.02,-0.02,-2.5213318106395906
6.9,uav_02,1,passive_piecewise_source_clock_fit,15.650247624819603,-0.054383695255546816,3.5968941045077676,0.02,-0.02,-2.499761084962136
7.0,uav_02,1,passive_piecewise_source_clock_fit,15.650247624819603,-0.054383695255546816,3.353303055279533,0.02,-0.02,-2.4810233119445795
7.1,uav_02,1,passive_piecewise_source_clock_fit,15.650247624819603,-0.054383695255546816,3.1135692365877876,0.02,-0.02,-2.446856616781069
7.2,uav_02,1,passive_piecewise_source_clock_fit,15.650247624819603,-0.054383695255546816,2.8825731909135968,0.01677388295473317,-0.02,-2.3454776590946635
7.3,uav_02,1,passive_piecewise_source_clock_fit,15.650247624819603,-0.054383695255546816,2.6586722898000903,0.01,-0.02,-2.134734173845565
7.4,uav_02,1,passive_piecewise_source_clock_fit,15.650247624819603,-0.054383695255546816,2.4463497347877965,0.01,-0.02,-1.8609364512662263
7.5,uav_02,1,passive_piecewise_source_clock_fit,15.650247624819603,-0.054383695255546816,2.2649400462303637,0.01,-0.02,-1.5839613280137377
7.6,uav_02,1,passive_piecewise_source_clock_fit,15.650247624819603,-0.054383695255546816,2.1096721730136827,0.01,-0.02,-1.3208665823091696
7.7,uav_02,1,passive_piecewise_source_clock_fit,15.650247624819603,-0.054383695255546816,1.9746615476364018,0.01,-0.017055128969700146,-1.0822679663031032
7.8,uav_02,1,passive_piecewise_source_clock_fit,15.650247624819603,-0.054383695255546816,1.8629173530886654,0.01601836598029672,-0.01,-0.8568071572068845
7.9,uav_02,1,passive_piecewise_source_clock_fit,15.650247624819603,-0.054383695255546816,1.775412040400025,0.03614698989999391,-0.01,-0.6516035959500579
8.0,uav_02,1,passive_piecewise_source_clock_fit,15.650247624819603,-0.054383695255546816,1.7043109654507722,0.05941342072953697,-0.013137806909845656,-0.46665728253262384
8.1,uav_02,1,passive_piecewise_source_clock_fit,15.653078921846895,-0.054383695255546816,1.6571915245212216,0.09280847547877846,-0.02,-0.2987660980848861
8.2,uav_02,1,passive_piecewise_source_clock_fit,15.662006907625594,-0.054383695255546816,1.6234011498393073,0.1364971254017327,-0.02,-0.14050862379480186
8.3,uav_02,1,passive_piecewise_source_clock_fit,15.673721141874193,-0.054383695255546816,1.6099999999999994,0.1863697560825121,-0.02,0.002561365814531473
8.4,uav_02,1,passive_piecewise_source_clock_fit,15.693250362308707,-0.054383695255546816,1.612878304677826,0.2372698280669585,-0.02,0.12741796081174342
8.5,uav_02,1,passive_piecewise_source_clock_fit,15.718726719621904,-0.054383695255546816,1.6249653162782993,0.29489594883489934,-0.02,0.2473092395306487
8.6,uav_02,1,passive_piecewise_source_clock_fit,15.74604840185301,-0.054383695255546816,1.6462610348014208,0.3566960928037875,-0.017912988399526566,0.35504413920568123
8.7,uav_02,1,passive_piecewise_source_clock_fit,15.780016879075143,-0.054383695255546816,1.6784568253089844,0.4318395554325782,-0.01,0.46691365061796886
8.8,uav_02,1,passive_piecewise_source_clock_fit,15.816276691273066,-0.054383695255546816,1.726478592615604,0.5003657481849658,-0.01129571852312073,0.5642529037543281
8.9,uav_02,1,passive_piecewise_source_clock_fit,15.867229406012562,-0.05338473116205524,1.776300503891114,0.5763005038911142,-0.020900071984444896,0.6681006478600041
9.0,uav_02,1,passive_piecewise_source_clock_fit,15.918628132165882,-0.04328498192199418,1.8440354035661464,0.6440354035661466,-0.030504425445768327,0.7550442544576833
9.1,uav_02,1,passive_piecewise_source_clock_fit,15.978072966701212,-0.043405712512649214,1.920979010163827,0.7208702312567352,-0.040217557814183826,0.8509790101638272
9.2,uav_02,1,passive_piecewise_source_clock_fit,16.037517801236543,-0.05406530909478348,2.007418191315738,0.7977050589473227,-0.05942626473683067,0.937418191315738
9.3,uav_02,1,passive_piecewise_source_clock_fit,16.113439579480833,-0.054383695255546816,2.10317485829739,0.8745398866379127,-0.09726994331895636,1.033174858297391
9.4,uav_02,1,passive_piecewise_source_clock_fit,16.200552181542943,-0.06463661175157677,2.211617265065336,0.953903465502062,-0.12771379956327322,1.1231413986898195
9.5,uav_02,1,passive_piecewise_source_clock_fit,16.287678188467634,-0.0755729640110353,2.3290997405622718,1.023641515327992,-0.157274935140568,1.22091645046856
9.6,uav_02,1,passive_piecewise_source_clock_fit,16.391491345018537,-0.08660014032146793,2.448326277682711,1.1022175184551402,-0.16902718980689252,1.3112447082620327
9.7,uav_02,1,passive_piecewise_source_clock_fit,16.497007206417027,-0.09763739820312987,2.585605453630437,1.1817745449316783,-0.17,1.3917745449316783
9.8,uav_02,1,passive_piecewise_source_clock_fit,16.610406942743275,-0.10867465608479193,2.7337466963904076,1.2613315714082176,-0.1610835535739728,1.4713315714082176
9.9,uav_02,1,passive_piecewise_source_clock_fit,16.73255070875536,-0.11971191396645378,2.882916121033916,1.3408885978847551,-0.14227785052881123,1.550888597884755
10.0,uav_02,1,passive_piecewise_source_clock_fit,16.86343850347603,-0.1307491711536884,3.04969695176775,1.4116399213161321,-0.12238859390967649,1.6128342182709705
10.1,uav_02,1,passive_piecewise_source_clock_fit,17.003070327868627,-0.1417864289411674,3.210005301675674,1.481252319483107,-0.0937490059358112,1.6725019881283776
10.2,uav_02,1,passive_piecewise_source_clock_fit,17.15144618098371,-0.14317340034674592,3.386509273957344,1.5508647176500783,-0.06391512100710933,1.7234747983214844
10.3,uav_02,1,passive_piecewise_source_clock_fit,17.302238745497583,-0.1528590882499708,3.5670834177066193,1.6036342826962833,-0.033819430382230065,1.7736342826962832
10.4,uav_02,1,passive_piecewise_source_clock_fit,17.453570703167884,-0.14505347021006335,3.7395088461854327,1.6432241880412073,-0.005081858969094456,1.8049181410309056
10.5,uav_02,1,passive_piecewise_source_clock_fit,17.611864486538302,-0.14317340034674592,3.9185347651247513,1.6812704768683684,0.023452857651276398,1.8412704768683685
10.6,uav_02,1,passive_piecewise_source_clock_fit,17.771656054212706,-0.14317340034674592,4.099254637053761,1.7193167656955288,0.05198757427164663,1.8719875742716465
10.7,uav_02,1,passive_piecewise_source_clock_fit,17.93144762102755,-0.1355810328948035,4.286815272613445,1.757363054522689,0.087363054522689,1.8936815272613443
10.8,uav_02,1,passive_piecewise_source_clock_fit,18.09685589096497,-0.1179741366224557,4.4706943809117865,1.7890570075123875,0.12540934334984985,1.9190570075123874
10.9,uav_02,1,passive_piecewise_source_clock_fit,18.265057541103676,-0.10336907769495138,4.663142068929311,1.8175917241327588,0.1517278160885058,1.9417278160885056
11.0,uav_02,1,passive_piecewise_source_clock_fit,18.438012162761158,-0.08684636493384593,4.857509605020864,1.8461264407531297,0.17075096050208644,1.95
11.1,uav_02,1,passive_piecewise_source_clock_fit,18.614623895642627,-0.07115712170648848,5.047741049156666,1.8697741049156666,0.17511294754216666,1.95
11.2,uav_02,1,passive_piecewise_source_clock_fit,18.791235627971403,-0.05571859330445885,5.237972493292469,1.8843986246646234,0.16560137533537655,1.941202750670753
11.3,uav_02,1,passive_piecewise_source_clock_fit,18.96784736014905,-0.03460535109127925,5.4282039374282745,1.89,0.148269409385759,1.9182694093857589
11.4,uav_02,1,passive_piecewise_source_clock_fit,19.15095413628102,-0.017091873854483956,5.618402475427657,1.8863998697143338,0.11919960914300157,1.8891996091430014
11.5,uav_02,1,passive_piecewise_source_clock_fit,19.34243056392911,-0.009988841921336273,5.812149946947351,1.8763925026526325,0.08557001061052961,1.8483550159157944
11.6,uav_02,1,passive_piecewise_source_clock_fit,19.52758369487595,-0.009988841921336273,6.0044233261022155,1.8592627789829643,0.0492627789829643,1.7885255579659287
11.7,uav_02,1,passive_piecewise_source_clock_fit,19.70909480910988,-0.006079618182487073,6.1834001664738585,1.8294333055876906,0.019433305587690464,1.725344379704611
11.8,uav_02,1,passive_piecewise_source_clock_fit,19.88918489609222,0.001109871412216364,6.360003175052007,1.7923520073376449,-0.0035295985324710196,1.6482336132077609
11.9,uav_02,1,passive_piecewise_source_clock_fit,20.068747859563498,0.001109871412216364,6.530128415100924,1.7423151720291399,-0.01707393118834403,1.5546303440582798
12.0,uav_02,1,passive_piecewise_source_clock_fit,20.24000251273344,0.001109871412216364,6.693164989838095,1.6887340040647618,-0.037088665311746025,1.4510123407853968
12.1,uav_02,1,passive_piecewise_source_clock_fit,20.410690958520078,0.001109871412216364,6.839723796046039,1.621586402259406,-0.05355169971757426,1.3373796033891088
12.2,uav_02,1,passive_piecewise_source_clock_fit,20.56996326978895,-0.002840234779598798,6.976267868130583,1.5415274657657942,-0.06,1.2137321318694156
12.3,uav_02,1,passive_piecewise_source_clock_fit,20.722928736243375,-0.009988841921336273,7.0992307722507455,1.457902095431208,-0.06,1.0836363600673005
12.4,uav_02,1,passive_piecewise_source_clock_fit,20.864003325727975,-0.009988841921336273,7.2053840156413225,1.3681543859228105,-0.06,0.9575391812304139
12.5,uav_02,1,passive_piecewise_source_clock_fit,21.000671746388154,-0.009988841921336273,7.30412176868211,1.2758782313178898,-0.06,0.8424660544496788
12.6,uav_02,1,passive_piecewise_source_clock_fit,21.125073281268218,-0.009988841921336273,7.395770689503447,1.1745653019327613,-0.06,0.7345653019327613
12.7,uav_02,1,passive_piecewise_source_clock_fit,21.2351454306424,-0.009988841921336273,7.471213468553554,1.0666645494158424,-0.056969504492349304,0.6327255404311437
12.8,uav_02,1,passive_piecewise_source_clock_fit,21.33922392035524,-0.009988841921336273,7.5370379289642235,0.9616034517262924,-0.05,0.5472827613810338
12.9,uav_02,1,passive_piecewise_source_clock_fit,21.438618274723446,-0.009988841921336273,7.5932440707354525,0.8635118585290915,-0.05,0.46880948682327317
13.0,uav_02,1,passive_piecewise_source_clock_fit,21.521003694605078,-0.012716876210297946,7.639831893867245,0.7654202653318875,-0.05,0.3952521591991324
13.1,uav_02,1,passive_piecewise_source_clock_fit,21.59038935400279,-0.02108755525488891,7.679068531146126,0.6695958049212198,-0.05226713278653112,0.33639720328081324
13.2,uav_02,1,passive_piecewise_source_clock_fit,21.65793916686512,-0.02108755525488891,7.716228876318753,0.5792370789374912,-0.06,0.2754659552562438
13.3,uav_02,1,passive_piecewise_source_clock_fit,21.71698451308844,-0.023180163743007874,7.743770902851941,0.4792600343143195,-0.05811454857402905,0.20303093716626142
13.4,uav_02,1,passive_piecewise_source_clock_fit,21.76602272817948,-0.03218626858844154,7.763386790809808,0.3730660459509655,-0.05,0.11306604595096549
13.5,uav_02,1,passive_piecewise_source_clock_fit,21.799368346588523,-0.03218626858844154,7.780000000000001,0.27803584165924533,-0.05,0.013549282281462325
13.6,uav_02,1,passive_piecewise_source_clock_fit,21.825369307958265,-0.03218626858844154,7.7774047116394325,0.20091649073800838,-0.048702355819715486,-0.09946466270426774
13.7,uav_02,1,passive_piecewise_source_clock_fit,21.850378604121094,-0.033394785030937055,7.756733360689185,0.13564448091891146,-0.04,-0.2495998358648985
13.8,uav_02,1,passive_piecewise_source_clock_fit,21.866845965831217,-0.04328498192199418,7.725990535221673,0.09759432113300355,-0.03919810704433452,-0.42603785911330966
13.9,uav_02,1,passive_piecewise_source_clock_fit,21.87551295261981,-0.04328498192199418,7.6757718785965094,0.0687919653132884,-0.03,-0.6238923988971835
14.0,uav_02,1,passive_piecewise_source_clock_fit,21.884179940513125,-0.04328498192199418,7.606344724420586,0.04959385826895403,-0.03,-0.8505596850071951
14.1,uav_02,1,passive_piecewise_source_clock_fit,21.892846927251995,-0.04328498192199418,7.517500806575164,0.03979173388126369,-0.03,-1.1054149190871443
14.2,uav_02,1,passive_piecewise_source_clock_fit,21.901504727964028,-0.04328498192199418,7.399844142403588,0.029989609493572673,-0.03,-1.3602701531671106
14.3,uav_02,1,passive_piecewise_source_clock_fit,21.901504727964028,-0.04328498192199418,7.2528122765882355,0.020187485105882343,-0.03,-1.6151253872470592
14.4,uav_02,1,passive_piecewise_source_clock_fit,21.910005941334408,-0.04328498192199418,7.086551132209262,0.02,-0.03,-1.8411367034815838
14.5,uav_02,1,passive_piecewise_source_clock_fit,21.910346675250043,-0.04328498192199418,6.906804877123241,0.010884467217012668,-0.03,-2.041426188442734
14.6,uav_02,1,passive_piecewise_source_clock_fit,21.910346675250043,-0.04328498192199418,6.707488807804858,0.01,-0.021308990847850408,-2.216438164738693
14.7,uav_02,1,passive_piecewise_source_clock_fit,21.910346675250043,-0.04328498192199418,6.491568697219826,0.01,-0.02,-2.362889980074026
14.8,uav_02,1,passive_piecewise_source_clock_fit,21.910346675250043,-0.04328498192199418,6.265650441218186,0.01,-0.02,-2.474493547774998
14.9,uav_02,1,passive_piecewise_source_clock_fit,21.910346675250043,-0.04328498192199418,6.025633768451584,0.01,-0.02,-2.561455410516139
15.0,uav_02,1,passive_piecewise_source_clock_fit,21.910346675250043,-0.04328498192199418,5.777937784968682,0.01,-0.02,-2.622412443006264
15.1,uav_02,1,passive_piecewise_source_clock_fit,21.910346675250043,-0.04328498192199418,5.524032877881587,0.01614693044883017,-0.02,-2.6522938608976605
15.2,uav_02,1,passive_piecewise_source_clock_fit,21.910346675250043,-0.04328498192199418,5.267841588385291,0.02,-0.02,-2.6543645032735292
15.3,uav_02,1,passive_piecewise_source_clock_fit,21.910346675250043,-0.04328498192199418,5.011650298888978,0.02,-0.02,-2.6448759369958883
15.4,uav_02,1,passive_piecewise_source_clock_fit,21.914425137745965,-0.04328498192199418,4.760071638674443,0.02461262928175219,-0.02,-2.6077115950277348
15.5,uav_02,1,passive_piecewise_source_clock_fit,21.919188622536065,-0.04328498192199418,4.504450574423969,0.03888841735200243,-0.02,-2.4677832004519717
15.6,uav_02,1,passive_piecewise_source_clock_fit,21.919188622536065,-0.04328498192199418,4.256019783768287,0.06417912039523355,-0.02,-2.1934824225825866
15.7,uav_02,1,passive_piecewise_source_clock_fit,21.92361714628772,-0.04328498192199418,4.039829234916914,0.0950256147624629,-0.02,-1.8747353141212164
15.8,uav_02,1,passive_piecewise_source_clock_fit,21.937386595226233,-0.04328498192199418,3.85005804826506,0.12058140608646344,-0.02,-1.5612789087030485
15.9,uav_02,1,passive_piecewise_source_clock_fit,21.950593180135396,-0.03716105494015535,3.6927523270769083,0.14103538184615602,-0.02,-1.2710223450768936
16.0,uav_02,1,passive_piecewise_source_clock_fit,21.964733553929825,-0.03218626858844154,3.5666946411647653,0.15,-0.014244967378615029,-1.0118792170867608
16.1,uav_02,1,passive_piecewise_source_clock_fit,21.97757836814759,-0.03218626858844154,3.4656652233058436,0.14396280258953822,0.002074394820923555,-0.7771816569698409
16.2,uav_02,1,passive_piecewise_source_clock_fit,21.986669804846745,-0.03218626858844154,3.3794451024036958,0.13368063780046202,0.02895808659861398,-0.5762514804083161
16.3,uav_02,1,passive_piecewise_source_clock_fit,21.995761241214343,-0.0248594230274067,3.3169923650569255,0.11679694602277009,0.06640610795445984,-0.39777404119354576
16.4,uav_02,1,passive_piecewise_source_clock_fit,22.010939201967563,-0.013447543083175115,3.272465232889232,0.10311630822230791,0.11441845888846049,-0.23674462333461854
16.5,uav_02,1,passive_piecewise_source_clock_fit,22.022723216495045,-0.0021145484135055535,3.245810438973992,0.09290521948699597,0.16547390256502012,-0.1048626338439517
16.6,uav_02,1,passive_piecewise_source_clock_fit,22.02529199625088,0.017258408818242064,3.2327250405094627,0.08272504050946239,0.22364975694322564,0.0027495949053760876
16.7,uav_02,1,passive_piecewise_source_clock_fit,22.031950375110693,0.048380765387393845,3.2300000000000004,0.07246955710295916,0.29271310027928593,0.1053044289704085
16.8,uav_02,1,passive_piecewise_source_clock_fit,22.04097347170288,0.08235905794319041,3.2377353174456047,0.07,0.36414722211923073,0.1996178570104395
16.9,uav_02,1,passive_piecewise_source_clock_fit,22.049974733285637,0.12504030678067837,3.2558309928462736,0.06208450357686314,0.43540847496195806,0.275408474961958
17.0,uav_02,1,passive_piecewise_source_clock_fit,22.058975994135718,0.1792202194559614,3.2842870262020116,0.051904324599329255,0.514765403205366,0.34666972780469524
17.1,uav_02,1,passive_piecewise_source_clock_fit,22.06065978790799,0.23571366273109054,3.3148275631346116,0.03344829124359236,0.5879309806474268,0.4096551262692229
17.2,uav_02,1,passive_piecewise_source_clock_fit,22.06065978790799,0.30159221502164985,3.353824133422948,0.013087933288525658,0.6761043002016345,0.470736200134423
17.3,uav_02,1,passive_piecewise_source_clock_fit,22.06829588132815,0.37896943160984115,3.4031810616663556,-0.007272424666542139,0.7590896986661686,0.5231810616663554
17.4,uav_02,1,passive_piecewise_source_clock_fit,22.061706328471704,0.4580602525161462,3.4628983478648223,-0.03644917393241095,0.8405311304864291,0.5828983478648219
17.5,uav_02,1,passive_piecewise_source_clock_fit,22.06065978790799,0.5384113184155386,3.5180836099914745,-0.0800696749928959,0.9141114799886335,0.6300696749928959
17.6,uav_02,1,passive_piecewise_source_clock_fit,22.054397743104634,0.6267885173749634,3.572493206083183,-0.1183288040554557,0.9866576081109114,0.6824932060831835
17.7,uav_02,1,passive_piecewise_source_clock_fit,22.040941418797928,0.7241962196596374,3.639203736233191,-0.14230093405829777,1.0530532692040422,0.7369028021748933
17.8,uav_02,1,passive_piecewise_source_clock_fit,22.029519567889803,0.8248423035769786,3.7117498643554763,-0.16043746608886908,1.1165311313110418,0.7965311313110418
17.9,uav_02,1,passive_piecewise_source_clock_fit,22.01771091231063,0.9254883874598112,3.788582991537474,-0.17,1.1842959924777545,0.8600089934180353
18.0,uav_02,1,passive_piecewise_source_clock_fit,22.001733432563636,1.0331398509637522,3.869898401658452,-0.16667795537128313,1.256576357029735,0.926576357029735
18.1,uav_02,1,passive_piecewise_source_clock_fit,21.98786975161655,1.1530257509194346,3.953235310902893,-0.1576764689097107,1.3309117798126036,0.9962647176320251
18.2,uav_02,1,passive_piecewise_source_clock_fit,21.978621017804805,1.2768904828310728,4.04530976816132,-0.1472164057888511,1.4139179710557443,1.0597425797390212
18.3,uav_02,1,passive_piecewise_source_clock_fit,21.962991576092904,1.417795000274982,4.145520757450308,-0.129539936879141,1.504140568087731,1.123680504966872
18.4,uav_02,1,passive_piecewise_source_clock_fit,21.95497346308463,1.558699517040051,4.254339949633733,-0.12047167086385567,1.585754962225299,1.1962266330891547
18.5,uav_02,1,passive_piecewise_source_clock_fit,21.946955350076355,1.7091451490060954,4.37175573696859,-0.10280680969714003,1.6673693563628698,1.25157957090858
18.6,uav_02,1,passive_piecewise_source_clock_fit,21.93823508776441,1.87333467992521,4.499966630531634,-0.08308205684128703,1.7392128010554955,1.3022948578967826
18.7,uav_02,1,passive_piecewise_source_clock_fit,21.929386265839785,2.058738811996033,4.63006770304628,-0.06306650722364894,1.8092672247172288,1.3523337319408777
18.8,uav_02,1,passive_piecewise_source_clock_fit,21.9280305710786,2.238158001915528,4.768643296757919,-0.04305095760601151,1.8708471271819653,1.4023726059849713
18.9,uav_02,1,passive_piecewise_source_clock_fit,21.9280305710786,2.436415674942352,4.918519636451726,-0.022864048473103343,1.9314078545806899,1.4442719030537932
19.0,uav_02,1,passive_piecewise_source_clock_fit,21.9280305710786,2.636633920525765,5.068851062219485,-0.00281985837073535,1.991540424887794,1.475770212443897
19.1,uav_02,1,passive_piecewise_source_clock_fit,21.9280305710786,2.836566080835798,5.2189676843517745,0.03439138249380697,2.0429892281172584,1.4971956912469035
19.2,uav_02,1,passive_piecewise_source_clock_fit,21.935639615301163,3.0460493725693163,5.377689926916315,0.06581686129680936,2.093028102161349,1.5172112408645395
19.3,uav_02,1,passive_piecewise_source_clock_fit,21.944488438114444,3.266648635711283,5.537814323857431,0.08722679048217902,2.1430669762054473,1.537226790482179
19.4,uav_02,1,passive_piecewise_source_clock_fit,21.953337260019666,3.488795480083406,5.689317550748632,0.09862117004990882,2.1758635101497266,1.54
19.5,uav_02,1,passive_piecewise_source_clock_fit,21.969815750392385,3.7109423250266467,5.8480631177396365,0.09137105514127279,2.1972578897174544,1.531371055141273
19.6,uav_02,1,passive_piecewise_source_clock_fit,21.97971539503755,3.929035843965472,6.005265859865771,0.0730917675167787,2.2169082324832217,1.5215458837583893
19.7,uav_02,1,passive_piecewise_source_clock_fit,21.98837712997258,4.155642679330743,6.1537544976043534,0.04524910047912939,2.2282502998402904,1.4952491004791293
19.8,uav_02,1,passive_piecewise_source_clock_fit,21.989924205850283,4.375034685973587,6.3087437350235325,0.007814066244116867,2.23,1.4578140662441168
19.9,uav_02,1,passive_piecewise_source_clock_fit,21.989924205850283,4.601189102027328,6.4576400055647705,-0.015685334075302936,2.2221573329623485,1.4107866648117426
20.0,uav_02,1,passive_piecewise_source_clock_fit,21.989924205850283,4.821033528167913,6.596943908908636,-0.050555402545324965,2.204722298727338,1.3618057468183438
20.1,uav_02,1,passive_piecewise_source_clock_fit,21.98335018683849,5.038483592713311,6.734090479290167,-0.0823051027050358,2.185129931529976,1.2979547603549164
20.2,uav_02,1,passive_piecewise_source_clock_fit,21.98108225730775,5.262290664494601,6.86307508102772,-0.10431924323503397,2.158521135147449,1.229882648677381
20.3,uav_02,1,passive_piecewise_source_clock_fit,21.974957085478337,5.474574168602546,6.983128817188462,-0.11692740143237185,2.1222903942705127,1.1476533871086534
20.4,uav_02,1,passive_piecewise_source_clock_fit,21.966295350735138,5.688614043734788,7.093959435341572,-0.12672358503105208,2.0696584898136874,1.0594877347205316
20.5,uav_02,1,passive_piecewise_source_clock_fit,21.951868871370966,5.898828003905761,7.201717454927061,-0.13651976862973295,2.017401156851335,0.9582825450729378
20.6,uav_02,1,passive_piecewise_source_clock_fit,21.940090466656766,6.099287414486057,7.297245302899014,-0.14,1.9554758755229882,0.8563941078899833
20.7,uav_02,1,passive_piecewise_source_clock_fit,21.9313675168816,6.296375586721283,7.379808046168524,-0.14,1.8864179596025408,0.757739942289344
20.8,uav_02,1,passive_piecewise_source_clock_fit,21.922644566798333,6.486703063931826,7.458731378649034,-0.13390857766887057,1.805177199019835,0.6651771990198351
20.9,uav_02,1,passive_piecewise_source_clock_fit,21.913921616989338,6.6662305688824395,7.52574103334716,-0.13,1.7163884499792603,0.5763884499792603
21.0,uav_02,1,passive_piecewise_source_clock_fit,21.90514666759492,6.842464411629389,7.585286396674287,-0.12411893388761876,1.6270704049885687,0.49883253721333126
21.1,uav_02,1,passive_piecewise_source_clock_fit,21.89126986907022,7.005538193606929,7.638938360056608,-0.12,1.5263356078754624,0.42948629592074883
21.2,uav_02,1,passive_piecewise_source_clock_fit,21.87882240031001,7.158828994493655,7.68261235428554,-0.11434691142861479,1.4178160257147627,0.3660814685716888
21.3,uav_02,1,passive_piecewise_source_clock_fit,21.870099450445945,7.305994964296823,7.722074020525796,-0.11,1.3037779384226083,0.3124074743427534
21.4,uav_02,1,passive_piecewise_source_clock_fit,21.861376500451573,7.436385501530222,7.756151765074541,-0.11,1.1853929397018355,0.2630803915424314
21.5,uav_02,1,passive_piecewise_source_clock_fit,21.852653550553686,7.556828273686112,7.7804986765031545,-0.1047506617484223,1.0617586027294899,0.22425198524526688
21.6,uav_02,1,passive_piecewise_source_clock_fit,21.844090092170518,7.664115819948979,7.804803124809657,-0.1,0.9407875007613694,0.1902625002537898
21.7,uav_02,1,passive_piecewise_source_clock_fit,21.83567477082411,7.759184593813499,7.828903744122225,-0.09554812793888762,0.8310294073277638,0.15664438381666285
21.8,uav_02,1,passive_piecewise_source_clock_fit,21.830769144649803,7.845442389936138,7.843969369185673,-0.08603063081432762,0.7223675697719314,0.12809189244298286
21.9,uav_02,1,passive_piecewise_source_clock_fit,21.827686075838958,7.915514796791494,7.8534868663102335,-0.07651313368976703,0.6046707379669714,0.09256566844883514
22.0,uav_02,1,passive_piecewise_source_clock_fit,21.819270754674434,7.975559522532722,7.8630043634347935,-0.0669956365652065,0.48094327534768455,0.04197381939123902
22.1,uav_02,1,passive_piecewise_source_clock_fit,21.813085248821253,8.025576567159817,7.867478139440647,-0.05747813944064661,0.3622595338471127,-0.02521860559353394
22.2,uav_02,1,passive_piecewise_source_clock_fit,21.811299912866946,8.065498700399,7.855961667952646,-0.05,0.26182750578690805,-0.12624915830779948
22.3,uav_02,1,passive_piecewise_source_clock_fit,21.80424330153523,8.09530563960145,7.837086290383052,-0.048543145191525985,0.17980201634068188,-0.25185282212711024
22.4,uav_02,1,passive_piecewise_source_clock_fit,21.803381784692238,8.116432033375407,7.815128240334834,-0.03902564806696684,0.11610259226786734,-0.3965639828615638
22.5,uav_02,1,passive_piecewise_source_clock_fit,21.79540135424921,8.137012538653728,7.767048905654435,-0.03,0.07852445282721772,-0.560328830209476
22.6,uav_02,1,passive_piecewise_source_clock_fit,21.79540135424921,8.147576497358594,7.709909709474371,-0.03,0.049979935438749054,-0.7602407747350114
22.7,uav_02,1,passive_piecewise_source_clock_fit,21.79540135424921,8.158915133509065,7.617511755776975,-0.03,0.029773795979724883,-1.005881304527153
22.8,uav_02,1,passive_piecewise_source_clock_fit,21.795010207878637,8.170253769624653,7.5038067393610355,-0.03,0.019557624240073842,-1.2715017697580802
22.9,uav_02,1,passive_piecewise_source_clock_fit,21.78655940570668,8.180861502029966,7.359463240006787,-0.02934145250042413,0.009341452500424133,-1.535805139989821
23.0,uav_02,1,passive_piecewise_source_clock_fit,21.78655940570668,8.180861502029966,7.193212459045134,-0.02,0.0,-1.7794382053161608
23.1,uav_02,1,passive_piecewise_source_clock_fit,21.78655940570668,8.182183237788575,6.996182180422444,-0.02,-0.0011908909788777525,-2.003817819577555
23.2,uav_02,1,passive_piecewise_source_clock_fit,21.78655940570668,8.19196021536352,6.787637557473849,-0.02,-0.01,-2.2025130034964535
23.3,uav_02,1,passive_piecewise_source_clock_fit,21.78655940570668,8.19196021536352,6.551042373003715,-0.01837676554182146,-0.01,-2.361102047956321
23.4,uav_02,1,passive_piecewise_source_clock_fit,21.78655940570668,8.19196021536352,6.304014845054262,-0.01,-0.01,-2.488394061978296
23.5,uav_02,1,passive_piecewise_source_clock_fit,21.784741874530127,8.19196021536352,6.0465549736255095,-0.01,-0.01,-2.576166733812441
23.6,uav_02,1,passive_piecewise_source_clock_fit,21.777717458420657,8.19196021536352,5.782761768562359,-0.01,-0.007798529560090768,-2.5625750025215432
23.7,uav_02,1,passive_piecewise_source_clock_fit,21.777717458420657,8.19196021536352,5.531663362372494,-0.01,0.00630477882097888,-2.3711553976708637
23.8,uav_02,1,passive_piecewise_source_clock_fit,21.777717458420657,8.19196021536352,5.309965691185142,-0.007998284559257038,0.03800686176297185,-2.0879468213369683
23.9,uav_02,1,passive_piecewise_source_clock_fit,21.777717458420657,8.194071010775103,5.115766917059108,-0.0019018379411606002,0.07760735176464241,-1.7848466997063426
24.0,uav_02,1,passive_piecewise_source_clock_fit,21.777717458420657,8.205058872935021,4.942970593376328,-0.01,0.11360392088315611,-1.4995451076358144
24.1,uav_02,1,passive_piecewise_source_clock_fit,21.777717458420657,8.217935828159252,4.79787292175407,-0.011702082941994612,0.13170208294199462,-1.2274479264501348
24.2,uav_02,1,passive_piecewise_source_clock_fit,21.777717458420657,8.238133310462057,4.673977945575883,-0.0216022054424118,0.13839779455758822,-0.9831492748245286
24.3,uav_02,1,passive_piecewise_source_clock_fit,21.776402259770705,8.249104663140736,4.578100372730071,-0.03446236022622346,0.12851254659125885,-0.7587634784164358
24.4,uav_02,1,passive_piecewise_source_clock_fit,21.76772389006194,8.259998046986297,4.502185297340528,-0.06390735132973678,0.1186975495567544,-0.5578583424648248
24.5,uav_02,1,passive_piecewise_source_clock_fit,21.757906945125907,8.27098590914622,4.445189708225346,-0.09601286471831652,0.1087974270563367,-0.39075883290138713
24.6,uav_02,1,passive_piecewise_source_clock_fit,21.74048764394154,8.28074992124333,4.4068411550711515,-0.14526474154808122,0.09894705169038376,-0.2352587236653726
24.7,uav_02,1,passive_piecewise_source_clock_fit,21.72377019567835,8.281311999483243,4.378987129006721,-0.19303861297983424,0.09,-0.10442920953697059
24.8,uav_02,1,passive_piecewise_source_clock_fit,21.707052747415158,8.291804153912363,4.360080154632673,-0.2497595361019802,0.09,-0.0004408504797029228
24.9,uav_02,1,passive_piecewise_source_clock_fit,21.67368872438031,8.30229630834148,4.359999999999999,-0.3158938690948027,0.0805865901293139,0.10354750857754712
25.0,uav_02,1,passive_piecewise_source_clock_fit,21.640253827927634,8.312788462071348,4.368866897057711,-0.3820682794039725,0.07113310294228965,0.19866897057710353
25.1,uav_02,1,passive_piecewise_source_clock_fit,21.60681893140125,8.32328061641111,4.38664076848947,-0.4482426897131448,0.06167961575526503,0.2765630739578797
25.2,uav_02,1,passive_piecewise_source_clock_fit,21.559220219777146,8.32514477378893,4.413557186156845,-0.5149667676993015,0.052147604614385515,0.3528191630849159
25.3,uav_02,1,passive_piecewise_source_clock_fit,21.50247512934328,8.333277199069128,4.449309434475127,-0.5886188689502521,0.03534528276243699,0.42129151033147055
25.4,uav_02,1,passive_piecewise_source_clock_fit,21.44396406101604,8.336243487122482,4.487123383223221,-0.6642467664464411,0.016438308388389715,0.48068507483483086
25.5,uav_02,1,passive_piecewise_source_clock_fit,21.37442826316822,8.336243487122482,4.531171664964148,-0.7398746639426358,-0.008702998978488424,0.5374059979569769
25.6,uav_02,1,passive_piecewise_source_clock_fit,21.299199746577784,8.336243487122482,4.584126921079118,-0.8155025614388244,-0.04843910089926522,0.5941269210791182
25.7,uav_02,1,passive_piecewise_source_clock_fit,21.216647022323475,8.330188556958554,4.642733146529466,-0.8936441953726196,-0.09182209768630982,0.6472776221078873
25.8,uav_02,1,passive_piecewise_source_clock_fit,21.123099874153194,8.319055162154774,4.708407408280583,-0.9738941808920947,-0.13194709044604733,0.702920635669071
25.9,uav_02,1,passive_piecewise_source_clock_fit,21.020655519033912,8.301797474681768,4.784144166411568,-1.0486261456101222,-0.16655406240433807,0.7686261456101222
26.0,uav_02,1,passive_piecewise_source_clock_fit,20.90931395639459,8.285689660002273,4.864394151931049,-1.1188448829396682,-0.19109853798276236,0.8332956139482871
26.1,uav_02,1,passive_piecewise_source_clock_fit,20.794009451512245,8.268362609153652,4.950224654631839,-1.1946441374505246,-0.2055805171813156,0.899063620269209
26.2,uav_02,1,passive_piecewise_source_clock_fit,20.668781159765196,8.246095819988643,5.046117653712496,-1.2805058883412477,-0.20438823462875025,0.974894122969998
26.3,uav_02,1,passive_piecewise_source_clock_fit,20.53573749993092,8.230092049712436,5.146430135611842,-1.3707871220506573,-0.19435698643881585,1.0551441084894733
26.4,uav_02,1,passive_piecewise_source_clock_fit,20.39265953488717,8.212660954453137,5.25809114101342,-1.4610683557600648,-0.18432573824888168,1.1297198322578281
26.5,uav_02,1,passive_piecewise_source_clock_fit,20.237731009221882,8.196789243622074,5.377788236923403,-1.5508411776925528,-0.17435098025638301,1.1995431382053188
26.6,uav_02,1,passive_piecewise_source_clock_fit,20.078771098338947,8.185704139100878,5.503277855702846,-1.640730823178894,-0.15308972560703532,1.2581837906549411
26.7,uav_02,1,passive_piecewise_source_clock_fit,19.913740494273906,8.168863047005583,5.630269370949041,-1.7232426898147941,-0.12378399131945217,1.3070266811342464
26.8,uav_02,1,passive_piecewise_source_clock_fit,19.74017377172203,8.158664076151473,5.754632235107897,-1.7898302623574907,-0.09011315842833961,1.3399434207858303
26.9,uav_02,1,passive_piecewise_source_clock_fit,19.56254447110491,8.153627386191118,5.883533183825729,-1.8472285073538834,-0.05184766176407767,1.3590761691179614
27.0,uav_02,1,passive_piecewise_source_clock_fit,19.381286029719337,8.14756536281792,6.017462422150649,-1.8923133761751387,-0.013582165099814872,1.3741044587250464
27.1,uav_02,1,passive_piecewise_source_clock_fit,19.195198191492732,8.14756536281792,6.1513916604755785,-1.9173416657822253,0.02468333156445089,1.38
27.2,uav_02,1,passive_piecewise_source_clock_fit,19.009110353266145,8.151158246130818,6.285320898800496,-1.9364744141143566,0.056474414114356775,1.3735255858856432
27.3,uav_02,1,passive_piecewise_source_clock_fit,18.8199676941251,8.161807121030677,6.4196466031569805,-1.95,0.07,1.351504299323504
27.4,uav_02,1,passive_piecewise_source_clock_fit,18.626147499754428,8.169762789485025,6.554579375450329,-1.95,0.06753004461069076,1.320120178442763
27.5,uav_02,1,passive_piecewise_source_clock_fit,18.43825914941339,8.172022853123213,6.686472284219884,-1.9479636704446242,0.05592734088924861,1.2798183522231215
27.6,uav_02,1,passive_piecewise_source_clock_fit,18.243712772576668,8.180861502029966,6.810835148378745,-1.9367945925571162,0.03358918511423234,1.2303837776713484
27.7,uav_02,1,passive_piecewise_source_clock_fit,18.050331652552888,8.180861502029966,6.932785459437563,-1.9176753710113525,-0.0023246289886473996,1.1707014840454104
27.8,uav_02,1,passive_piecewise_source_clock_fit,17.865320375547533,8.18011417586528,7.038080138971018,-1.8979799652572458,-0.02269337965700554,1.094613240685989
27.9,uav_02,1,passive_piecewise_source_clock_fit,17.680309099652685,8.169762789485025,7.151843753341772,-1.8690781233291138,-0.06055312600253181,1.0181562466582272
28.0,uav_02,1,passive_piecewise_source_clock_fit,17.49529782375779,8.169762789485025,7.246954057541051,-1.8215229712294747,-0.08908621726231519,0.9230459424589493
28.1,uav_02,1,passive_piecewise_source_clock_fit,17.318426830197197,8.1595448298931,7.332857925566295,-1.7647613829558029,-0.10841287234806574,0.8279356382596713
28.2,uav_02,1,passive_piecewise_source_clock_fit,17.149533096367723,8.148988809879356,7.409739732751673,-1.707695200436247,-0.1274349331879177,0.7328253340604114
28.3,uav_02,1,passive_piecewise_source_clock_fit,16.98134102758966,8.138432789865607,7.485827976111092,-1.6341720238889086,-0.13822849701388645,0.6459435268750221
28.4,uav_02,1,passive_piecewise_source_clock_fit,16.819992208170465,8.127876769851863,7.546437164602876,-1.5503442530956844,-0.14773952743381286,0.5680837805294973
28.5,uav_02,1,passive_piecewise_source_clock_fit,16.666620647386978,8.117320749838115,7.603503347122443,-1.464744979316337,-0.15,0.49199553717007727
28.6,uav_02,1,passive_piecewise_source_clock_fit,16.52122634608882,8.099260237364698,7.653807941368341,-1.3723841172633209,-0.15,0.4226688820843246
28.7,uav_02,1,passive_piecewise_source_clock_fit,16.390179216492747,8.085178925975313,7.69484205423206,-1.2716843508618367,-0.14378948644198516,0.36273691865191093
28.8,uav_02,1,passive_piecewise_source_clock_fit,16.259177996031212,8.074216447130032,7.734351062225408,-1.163034578880128,-0.133912234443648,0.30956117221824
28.9,uav_02,1,passive_piecewise_source_clock_fit,16.135161627056558,8.062909877394937,7.768825135853374,-1.0509745018709642,-0.12372495471554218,0.2586247735777109
29.0,uav_02,1,passive_piecewise_source_clock_fit,16.02377756691994,8.05160330765984,7.792924650025128,-0.9389144248617977,-0.12,0.21415069994974462
29.1,uav_02,1,passive_piecewise_source_clock_fit,15.927446183860589,8.04029673844914,7.81994881422201,-0.8268543478526278,-0.1133503952593298,0.1734015810373192
29.2,uav_02,1,passive_piecewise_source_clock_fit,15.837370788396546,8.02899016897826,7.836836884468776,-0.7147942708434577,-0.10316311553122343,0.11897869318734054
29.3,uav_02,1,passive_piecewise_source_clock_fit,15.759716850843944,8.017683599243163,7.847024164196883,-0.5957100296374125,-0.0929758358031177,0.04380668642494162
29.4,uav_02,1,passive_piecewise_source_clock_fit,15.694032855058888,8.01438080439251,7.850000000000001,-0.4662512289751495,-0.0827885560750115,-0.04490299532489654
29.5,uav_02,1,passive_piecewise_source_clock_fit,15.643733504175016,8.006086227335958,7.842526541764551,-0.3477919594100586,-0.07252654176455078,-0.16715495706083988
29.6,uav_02,1,passive_piecewise_source_clock_fit,15.605380033330588,8.003282091058958,7.816941989856395,-0.2508259695691887,-0.062313996618798745,-0.32297605409922014
29.7,uav_02,1,passive_piecewise_source_clock_fit,15.569349874923713,7.9945437598365485,7.778506867562774,-0.17488701823485456,-0.05212671689069351,-0.5017190959675168
29.8,uav_02,1,passive_piecewise_source_clock_fit,15.54740140858262,7.992183377725405,7.712893144455211,-0.11920938889657941,-0.05,-0.7194786888550506
29.9,uav_02,1,passive_piecewise_source_clock_fit,15.52168030605579,7.982784208569401,7.632250387059993,-0.0845938951474972,-0.04153129838249907,-0.9632488388200224
30.0,uav_02,1,passive_piecewise_source_clock_fit,15.509855812893308,7.981084664391853,7.523427908842488,-0.053662156957041844,-0.04,-1.2370405873866235
30.1,uav_02,1,passive_piecewise_source_clock_fit,15.492702046129168,7.981084664391853,7.382741954244072,-0.040910139588862214,-0.030910139588862212,-1.5063363706895825
30.2,uav_02,1,passive_piecewise_source_clock_fit,15.482780744369727,7.981084664391853,7.219592963072725,-0.021199120384090515,-0.03,-1.7556105553909138
30.3,uav_02,1,passive_piecewise_source_clock_fit,15.47366418434289,7.981084664391853,7.025490635109305,-0.0005779615904532229,-0.020288980795226612,-1.9836424225050144
30.4,uav_02,1,passive_piecewise_source_clock_fit,15.473389571674698,7.969985951846911,6.80952483076502,2.159860158992331e-05,-0.019978401398410076,-2.180345577625439
30.5,uav_02,1,passive_piecewise_source_clock_fit,15.46456672050455,7.969985951846911,6.5820277280381925,0.010332177998408644,-0.01,-2.3443183139793122
30.6,uav_02,1,passive_piecewise_source_clock_fit,15.46456672050455,7.969985951846911,6.333931065119328,0.02064275739522693,-0.01,-2.4764275739522694
30.7,uav_02,1,passive_piecewise_source_clock_fit,15.46456672050455,7.969985951846911,6.077873893874227,0.03,-0.01,-2.574916912472394
30.8,uav_02,1,passive_piecewise_source_clock_fit,15.46456672050455,7.969985951846911,5.838574439729467,0.03,-0.01,-2.6280945689490065
30.9,uav_02,1,passive_piecewise_source_clock_fit,15.46456672050455,7.969985951846911,5.605598560053868,0.03,-0.001369175386687226,-2.6558924738399385
31.0,uav_02,1,passive_piecewise_source_clock_fit,15.46456672050455,7.969985951846911,5.365275286754364,0.03,0.0,-2.6675823967868753
31.1,uav_02,1,passive_piecewise_source_clock_fit,15.46456672050455,7.969985951846911,5.123582838068154,0.02346603103956124,0.0,-2.6569320620791226
31.2,uav_02,1,passive_piecewise_source_clock_fit,15.46456672050455,7.969985951846911,4.879147618814958,0.02,0.0,-2.640857431443331
31.3,uav_02,1,passive_piecewise_source_clock_fit,15.46456672050455,7.969985951846911,4.636025775676433,0.016953608365544482,0.0,-2.623907216731089
31.4,uav_02,1,passive_piecewise_source_clock_fit,15.46456672050455,7.969985951846911,4.3985054920095585,0.01,0.0,-2.5998339435566176
31.5,uav_02,1,passive_piecewise_source_clock_fit,15.46456672050455,7.969985951846911,4.156813043323349,0.007659742345309257,0.0,-2.572979227035928
31.6,uav_02,1,passive_piecewise_source_clock_fit,15.46456672050455,7.969985951846911,3.9160731560256656,0.0,0.0,-2.538256092470423
31.7,uav_02,1,passive_piecewise_source_clock_fit,15.46456672050455,7.969985951846911,3.6817583519563866,-0.0006868040036344035,0.0,-2.452101753958204
31.8,uav_02,1,passive_piecewise_source_clock_fit,15.46456672050455,7.969985951846911,3.4669206197908937,-0.018589948350758813,0.0,-2.246215593966274
31.9,uav_02,1,passive_piecewise_source_clock_fit,15.456512956951704,7.959876593575732,3.2496111123137394,-0.03821717160784189,0.0,-1.9567424258823716
32.0,uav_02,1,passive_piecewise_source_clock_fit,15.44777064924354,7.958887238513358,3.0590779727178523,-0.06698768851823378,0.0,-1.6691190109904068
32.1,uav_02,1,passive_piecewise_source_clock_fit,15.439028340419185,7.958887238513358,2.8978686953349007,-0.0966496196247062,0.0,-1.4001534233776443
32.2,uav_02,1,passive_piecewise_source_clock_fit,15.430286032570692,7.958887238513358,2.7572127632544903,-0.10877051691039356,0.0,-1.1419665603297675
32.3,uav_02,1,passive_piecewise_source_clock_fit,15.421543723774656,7.958887238513358,2.6447638999286185,-0.10134217272078345,-0.008657827279216553,-0.9108699725780194
32.4,uav_02,1,passive_piecewise_source_clock_fit,15.405245849160558,7.958887238513358,2.553093761167628,-0.1,-0.03563541294412382,-0.7005521093911333
32.5,uav_02,1,passive_piecewise_source_clock_fit,15.395217159647144,7.949528306189431,2.4809728638819455,-0.091567551983135,-0.065297344050595,-0.509783487679565
32.6,uav_02,1,passive_piecewise_source_clock_fit,15.386474851938978,7.938554663847087,2.4284012080715547,-0.0816802416143109,-0.10327903354275642,-0.34688386582897435
32.7,uav_02,1,passive_piecewise_source_clock_fit,15.37773254319958,7.918472231163232,2.395378793736459,-0.07179293124548611,-0.15103534377256947,-0.19689396868229161
32.8,uav_02,1,passive_piecewise_source_clock_fit,15.368990235266132,7.905508666467179,2.3738112417533257,-0.07,-0.20856627474002176,-0.0647730713966195
32.9,uav_02,1,passive_piecewise_source_clock_fit,15.360237530331016,7.876778578479164,2.3620065526651084,-0.06200655266510884,-0.2599672366744558,0.047927920683802756
33.0,uav_02,1,passive_piecewise_source_clock_fit,15.35155146289869,7.844069436529825,2.36781715120828,-0.052182848791719014,-0.324720058457967,0.14817151208280993
33.1,uav_02,1,passive_piecewise_source_clock_fit,15.342815577513532,7.811172694665429,2.377697198105836,-0.05,-0.3938803867408504,0.24697198105835774
33.2,uav_02,1,passive_piecewise_source_clock_fit,15.340779452217697,7.769769278707861,2.4027972204739263,-0.04240092650869134,-0.4631935144391606,0.3307925879304693
33.3,uav_02,1,passive_piecewise_source_clock_fit,15.33414715181883,7.717484960218729,2.440003795507124,-0.02499810224643765,-0.5400075910142494,0.4100075910142494
33.4,uav_02,1,passive_piecewise_source_clock_fit,15.325391965485712,7.654319740184024,2.479611297049013,-0.012597175737746652,-0.6192225940980268,0.4892225940980268
33.5,uav_02,1,passive_piecewise_source_clock_fit,15.323095556389143,7.588380895144144,2.5265234982386304,0.004609399295452394,-0.6984375971818095,0.5538281978863572
33.6,uav_02,1,passive_piecewise_source_clock_fit,15.323095556389143,7.5144436796315635,2.5832394501991898,0.031619725099595195,-0.7776526002655872,0.6204460252323888
33.7,uav_02,1,passive_piecewise_source_clock_fit,15.329380810777861,7.437515027175182,2.6497591529306983,0.06843380167468488,-0.863976053768041,0.6897591529306986
33.8,uav_02,1,passive_piecewise_source_clock_fit,15.338198608728359,7.344317931604782,2.719567960231316,0.11540568587951139,-0.9466490974072181,0.7595679602313159
33.9,uav_02,1,passive_piecewise_source_clock_fit,15.347080394570071,7.2439794566944995,2.7970095446041556,0.1513785792265583,-1.019883351528636,0.8298833515286361
34.0,uav_02,1,passive_piecewise_source_clock_fit,15.36233441503979,7.135484409952181,2.884701319739683,0.18156710657989422,-1.0903232486864198,0.9003232486864199
34.1,uav_02,1,passive_piecewise_source_clock_fit,15.380129440804252,7.023799807632041,2.9825187797774344,0.1972518779777435,-1.1607631458442043,0.9852669017996912
34.2,uav_02,1,passive_piecewise_source_clock_fit,15.397924465649611,6.903996807018075,3.090461924717418,0.2,-1.2385177634308502,1.0612030430019939
34.3,uav_02,1,passive_piecewise_source_clock_fit,15.41571949107666,6.77295559900056,3.2011531916796425,0.19262243712003252,-1.31902050303974,1.1463980659197073
34.4,uav_02,1,passive_piecewise_source_clock_fit,15.426935749668722,6.638934076164969,3.319284863972961,0.17511918933783982,-1.4144040533108009,1.2295232426486407
34.5,uav_02,1,passive_piecewise_source_clock_fit,15.442467595319567,6.488257274088356,3.4475422211684963,0.162496752217808,-1.507529230039728,1.302522734475344
34.6,uav_02,1,passive_piecewise_source_clock_fit,15.453572723032924,6.331898830515653,3.585925263266257,0.1373017293000877,-1.5980948120997371,1.3729626316331287
34.7,uav_02,1,passive_piecewise_source_clock_fit,15.46247023528295,6.158606120163504,3.734433990266253,0.10711320194674924,-1.6886603941597522,1.4434025287909185
34.8,uav_02,1,passive_piecewise_source_clock_fit,15.471367748499457,5.979910756647264,3.8853766270329215,0.07692467459341572,-1.7715342010842248,1.4984588756776405
34.9,uav_02,1,passive_piecewise_source_clock_fit,15.473408669047084,5.815322759379724,4.031363068374339,0.035199041133018846,-1.8387213424137736,1.544800958866981
35.0,uav_02,1,passive_piecewise_source_clock_fit,15.473408669047084,5.642818161958456,4.1749250078423845,-0.0037312519605966314,-1.895596877940895,1.5896640649507459
35.1,uav_02,1,passive_piecewise_source_clock_fit,15.473408669047084,5.468658370750994,4.318785447467272,-0.04462045233352302,-1.9495445428002276,1.6296963618668183
35.2,uav_02,1,passive_piecewise_source_clock_fit,15.466412849451778,5.289463854232021,4.471208716640459,-0.08582415925343563,-1.9997801990667945,1.6658241592534355
35.3,uav_02,1,passive_piecewise_source_clock_fit,15.453082808954125,5.09900212474963,4.630795815720224,-0.11298798916001322,-2.0419519566400526,1.7019519566400527
35.4,uav_02,1,passive_piecewise_source_clock_fit,15.44331078771931,4.90854039526723,4.786358893120022,-0.12,-2.0780797540266716,1.7340398770133358
35.5,uav_02,1,passive_piecewise_source_clock_fit,15.428268856276796,4.718078665867801,4.948933981359792,-0.11789622429335644,-2.114207551413287,1.7510518878533219
35.6,uav_02,1,passive_piecewise_source_clock_fit,15.42028285315114,4.527523888586143,5.11150906959957,-0.09966465120009542,-2.1503353487999046,1.76
35.7,uav_02,1,passive_piecewise_source_clock_fit,15.41229685114983,4.327037857439596,5.274084157839338,-0.06353685381348023,-2.1864631461865196,1.76
35.8,uav_02,1,passive_piecewise_source_clock_fit,15.4115150342754,4.117508887793331,5.436659246079113,-0.02740905642686344,-2.2144432076798526,1.7518522641067158
35.9,uav_02,1,passive_piecewise_source_clock_fit,15.405102669887206,3.913357279001936,5.600539731635242,0.001756621939207132,-2.234504414626138,1.7354955853738618
36.0,uav_02,1,passive_piecewise_source_clock_fit,15.408802432005412,3.690794330284668,5.774778189304212,0.04466060814005934,-2.246932121628012,1.7092036351159643
36.1,uav_02,1,passive_piecewise_source_clock_fit,15.4115150342754,3.4595890520043073,5.946483795249142,0.08055596386749564,-2.2431480120441685,1.6725920481766725
36.2,uav_02,1,passive_piecewise_source_clock_fit,15.417502672135866,3.235899661201056,6.1151215228220925,0.11031556285095724,-2.2332281457163474,1.6329125828653903
36.3,uav_02,1,passive_piecewise_source_clock_fit,15.432190550582128,3.008277209565732,6.283759250395036,0.13338344122294538,-2.2166165587770545,1.579849676331164
36.4,uav_02,1,passive_piecewise_source_clock_fit,15.443886808540148,2.7844099420972777,6.445785391028684,0.15322317387858547,-2.190165239182122,1.5203304783642435
36.5,uav_02,1,passive_piecewise_source_clock_fit,15.458432979030293,2.5642144395999478,6.5979717990066975,0.16653145326711324,-2.153874186931547,1.447748373863094
36.6,uav_02,1,passive_piecewise_source_clock_fit,15.475975166871903,2.344018936861083,6.740318474329065,0.17,-2.114194721620267,1.3683894432405337
36.7,uav_02,1,passive_piecewise_source_clock_fit,15.487883986141496,2.1308946304638168,6.879196602918553,0.17,-2.068144070386231,1.2762881407724622
36.8,uav_02,1,passive_piecewise_source_clock_fit,15.502217595350274,1.921708902719378,7.005492627006889,0.16370894774942596,-2.0122536864965554,1.1645073729931115
36.9,uav_02,1,passive_piecewise_source_clock_fit,15.514268121694881,1.719416495458906,7.124531022940731,0.15378908142160583,-1.9465235699512409,1.0454689770592702
37.0,uav_02,1,passive_piecewise_source_clock_fit,15.529054599545939,1.5145235620144073,7.234670091175613,0.14353299088243876,-1.86826392705951,0.9288628997068262
37.1,uav_02,1,passive_piecewise_source_clock_fit,15.541430569309085,1.313171661004151,7.33237810250246,0.14,-1.7776218974975395,0.8137600969414371
37.2,uav_02,1,passive_piecewise_source_clock_fit,15.557091649270435,1.1252483534260378,7.418572605453791,0.1326784243182762,-1.6841058188644857,0.7067842431827621
37.3,uav_02,1,passive_piecewise_source_clock_fit,15.568688333188302,0.9399068229524904,7.49431077819322,0.12224131740096883,-1.5824131740096883,0.6101718566087194
37.4,uav_02,1,passive_piecewise_source_clock_fit,15.577940451626251,0.7723416577054555,7.559335442557131,0.12,-1.4695516886452604,0.5159968361643041
37.5,uav_02,1,passive_piecewise_source_clock_fit,15.594873096838286,0.6193924982176501,7.613432324600058,0.11131353507998845,-1.354448885879873,0.4391947455599191
37.6,uav_02,1,passive_piecewise_source_clock_fit,15.605286635201663,0.46841605302112715,7.665751780402511,0.11,-1.2301957270339774,0.3750978635169887
37.7,uav_02,1,passive_piecewise_source_clock_fit,15.61453875260643,0.33878076263374607,7.708456988963968,0.1003857527590084,-1.0950147858671093,0.3123145165540504
37.8,uav_02,1,passive_piecewise_source_clock_fit,15.623790871267717,0.2222168992227585,7.740234415204444,0.08992186159851799,-0.969062339182216,0.26960930799259003
37.9,uav_02,1,passive_piecewise_source_clock_fit,15.633003699320902,0.1076788779127301,7.771492782934917,0.08,-0.8440288682603303,0.21850721706508258
38.0,uav_02,1,passive_piecewise_source_clock_fit,15.641496418446733,0.022623890793333618,7.800205250970671,0.07989737451466497,-0.7287684941759796,0.18958949805865985
38.1,uav_02,1,passive_piecewise_source_clock_fit,15.64990511660839,-0.040705414130425326,7.819225265204295,0.07038736739785245,-0.6146484087742292,0.15154946959140975
38.2,uav_02,1,passive_piecewise_source_clock_fit,15.650247624819603,-0.10403471905418839,7.8291226397189595,0.0517547205620786,-0.5005283233724716,0.0952641616862358
38.3,uav_02,1,passive_piecewise_source_clock_fit,15.65788056673038,-0.14820176946993774,7.838632646835773,0.05,-0.3864082379707217,0.02093882531381447
38.4,uav_02,1,passive_piecewise_source_clock_fit,15.66628926506384,-0.1904213058357851,7.84,0.03371469209482949,-0.2804308065215622,-0.05514123162068204
38.5,uav_02,1,passive_piecewise_source_clock_fit,15.667931520648153,-0.22414737366032642,7.824694677861203,0.03,-0.1911260503754118,-0.16948459390218296
38.6,uav_02,1,passive_piecewise_source_clock_fit,15.667931520648153,-0.24786238640697877,7.8056746636275784,0.022837331813788955,-0.12702399088273375,-0.3074400227931656
38.7,uav_02,1,passive_piecewise_source_clock_fit,15.667931520648153,-0.2689721544386744,7.773309298787906,0.02,-0.0833092987879047,-0.47010815545442886
38.8,uav_02,1,passive_piecewise_source_clock_fit,15.673398215852394,-0.28321994075317186,7.716721223061144,0.013817317580163267,-0.051451952740489804,-0.6598363308165713
38.9,uav_02,1,passive_piecewise_source_clock_fit,15.676773467934176,-0.29377482503212676,7.6444584837068055,0.01,-0.028614620926701227,-0.8766245488795853
39.0,uav_02,1,passive_piecewise_source_clock_fit,15.676773467934176,-0.3040475653263794,7.555566682422848,0.01,-0.01505151658389526,-1.1086605688187232
0.0,uav_03,1,passive_piecewise_source_clock_fit,31.963641336299165,0.023307297290710634,7.2795169475901425,0.01,-0.02,-1.6776555353298226
0.1,uav_03,1,passive_piecewise_source_clock_fit,31.963641336299165,0.023307297290710634,7.117639344361412,0.01,-0.02,-1.8511768766125574
0.2,uav_03,1,passive_piecewise_source_clock_fit,31.963641336299165,0.023307297290710634,6.93911432800524,0.010604759555264425,-0.02,-1.856976202223678
0.3,uav_03,1,passive_piecewise_source_clock_fit,31.963641336299165,0.023307297290710634,6.7569121019389575,0.02,-0.02,-1.801274734625972
0.4,uav_03,1,passive_piecewise_source_clock_fit,31.963641336299165,0.023307297290710634,6.576408778553501,0.02,-0.02,-1.6772582298939065
0.5,uav_03,1,passive_piecewise_source_clock_fit,31.963641336299165,0.023307297290710634,6.414451244272371,0.02,-0.02,-1.525423041505348
0.6,uav_03,1,passive_piecewise_source_clock_fit,31.963641336299165,0.023307297290710634,6.255776139367884,0.02,-0.02,-1.3724937099912422
0.7,uav_03,1,passive_piecewise_source_clock_fit,31.963641336299165,0.023307297290710634,6.124185642764466,0.021216489018118016,-0.018783510981881985,-1.2105361757101119
0.8,uav_03,1,passive_piecewise_source_clock_fit,31.963641336299165,0.023307297290710634,5.99527281598242,0.028661165089310783,-0.01,-1.049917476339662
0.9,uav_03,1,passive_piecewise_source_clock_fit,31.963641336299165,0.023307297290710634,5.88684937277066,0.02,-0.011461180803259774,-0.8995434687543632
1.0,uav_03,1,passive_piecewise_source_clock_fit,31.963641336299165,0.023307297290710634,5.797457214290452,0.02,-0.02,-0.7564822767945983
1.1,uav_03,1,passive_piecewise_source_clock_fit,31.963641336299165,0.023307297290710634,5.718758891881192,0.02,-0.02,-0.609123656350785
1.2,uav_03,1,passive_piecewise_source_clock_fit,31.963641336299165,0.023307297290710634,5.651587524539162,0.02,-0.02,-0.4781275638018199
1.3,uav_03,1,passive_piecewise_source_clock_fit,31.963641336299165,0.023307297290710634,5.603851861631078,0.02,-0.02,-0.35155558489323663
1.4,uav_03,1,passive_piecewise_source_clock_fit,31.963641336299165,0.023307297290710634,5.565825277723121,0.02,-0.02139157409229294,-0.23190953680019177
1.5,uav_03,1,passive_piecewise_source_clock_fit,31.963641336299165,0.02192427153645022,5.538753886407643,0.02,-0.03,-0.10504663689172647
1.6,uav_03,1,passive_piecewise_source_clock_fit,31.963641336299165,0.012208583957157997,5.528899346907583,0.02,-0.03110065309241871,0.011006530924187114
1.7,uav_03,1,passive_piecewise_source_clock_fit,31.963641336299165,0.012208583957157997,5.520955192592481,0.019044807407518727,-0.04,0.1114623111097753
1.8,uav_03,1,passive_piecewise_source_clock_fit,31.963641336299165,0.012208583957157997,5.53163582240918,0.01,-0.04,0.22899702325048774
1.9,uav_03,1,passive_piecewise_source_clock_fit,31.963641336299165,0.012208583957157997,5.553057086370428,0.009235728407393107,-0.03923572840739311,0.3384069875186758
2.0,uav_03,1,passive_piecewise_source_clock_fit,31.963094186793025,0.012208583957157997,5.592475244370678,0.0,-0.03,0.4468069220193642
2.1,uav_03,1,passive_piecewise_source_clock_fit,31.954799389013143,0.012208583957157997,5.632840103556392,0.0,-0.030473350592732058,0.5547335059273206
2.2,uav_03,1,passive_piecewise_source_clock_fit,31.954799389013143,0.012208583957157997,5.691954059483407,0.0,-0.04,0.6535824423862436
2.3,uav_03,1,passive_piecewise_source_clock_fit,31.954799389013143,0.012082402358874159,5.750909522417293,0.0,-0.04,0.7611369030216153
2.4,uav_03,1,passive_piecewise_source_clock_fit,31.954799389013143,0.0012189672906833156,5.829213632190037,0.0,-0.04,0.8590170402375483
2.5,uav_03,1,passive_piecewise_source_clock_fit,31.946231790443537,0.001109871412216364,5.917207459708134,0.0,-0.0496897177453481,0.966586895198829
2.6,uav_03,1,passive_piecewise_source_clock_fit,31.945957440470607,0.001109871412216364,6.014777314669414,-0.009477731466941398,-0.05,1.064777314669414
2.7,uav_03,1,passive_piecewise_source_clock_fit,31.945957440470607,0.001109871412216364,6.1219231970738806,-0.01,-0.05926574518853466,1.1441259615082773
2.8,uav_03,1,passive_piecewise_source_clock_fit,31.93795215456824,-0.008938636061245108,6.238645106921543,-0.01905375891012855,-0.06,1.2133763123708998
2.9,uav_03,1,passive_piecewise_source_clock_fit,31.92929764332114,-0.009988841921336273,6.3561012715806635,-0.02,-0.05115822736827808,1.2553670905268877
3.0,uav_03,1,passive_piecewise_source_clock_fit,31.92827354464205,-0.009988841921336273,6.482187222593098,-0.02,-0.05862978635331522,1.2772595727066305
3.1,uav_03,1,passive_piecewise_source_clock_fit,31.92083057018939,-0.009988841921336273,6.601013600898903,-0.02,-0.06,1.2884178000749085
3.2,uav_03,1,passive_piecewise_source_clock_fit,31.91943159735603,-0.009988841921336273,6.72561938549953,-0.02,-0.06,1.2656262956539546
3.3,uav_03,1,passive_piecewise_source_clock_fit,31.912569585780748,-0.018602271302794335,6.850889696484405,-0.02,-0.06,1.2367177623497525
3.4,uav_03,1,passive_piecewise_source_clock_fit,31.9105896488135,-0.02108755525488891,6.9686049277832245,-0.02,-0.06,1.1856975361083875
3.5,uav_03,1,passive_piecewise_source_clock_fit,31.904394324401288,-0.02108755525488891,7.084080904965467,-0.02,-0.06,1.1139460633563558
3.6,uav_03,1,passive_piecewise_source_clock_fit,31.89588572020923,-0.02844571382712723,7.186297401789753,-0.02,-0.05337025982102467,1.0237025982102466
3.7,uav_03,1,passive_piecewise_source_clock_fit,31.89290575424146,-0.03218626858844154,7.2825273827749495,-0.02,-0.05,0.9212198789475556
3.8,uav_03,1,passive_piecewise_source_clock_fit,31.88771045837284,-0.03218626858844154,7.372881627384131,-0.02,-0.05,0.8212426362398549
3.9,uav_03,1,passive_piecewise_source_clock_fit,31.884063805698926,-0.03218626858844154,7.453989875796272,-0.02,-0.05,0.725012655254659
4.0,uav_03,1,passive_piecewise_source_clock_fit,31.87948945323185,-0.03792815157828447,7.521040803473054,-0.014826532754490937,-0.05,0.6282653275449094
4.1,uav_03,1,passive_piecewise_source_clock_fit,31.875221858412903,-0.04328498192199418,7.579068384029443,-0.01,-0.0451552693284262,0.5412421546274095
4.2,uav_03,1,passive_piecewise_source_clock_fit,31.871271515624187,-0.04328498192199418,7.632338643850467,-0.005532271229906551,-0.04,0.4642581698392524
4.3,uav_03,1,passive_piecewise_source_clock_fit,31.86637990987037,-0.04328498192199418,7.681245814299491,0.0,-0.04,0.3902558599807143
4.4,uav_03,1,passive_piecewise_source_clock_fit,31.86637990987037,-0.04328498192199418,7.726979458832413,0.0,-0.04,0.32877567645948486
4.5,uav_03,1,passive_piecewise_source_clock_fit,31.862630423274997,-0.04799146518002505,7.762721699668924,0.0,-0.04,0.2575943344369239
4.6,uav_03,1,passive_piecewise_source_clock_fit,31.85753796258435,-0.054383695255546816,7.784236268404513,0.0,-0.035763731595487805,0.12798343712329274
4.7,uav_03,1,passive_piecewise_source_clock_fit,31.85753796258435,-0.054383695255546816,7.789999999999999,0.0,-0.03,-0.05887137530705411
4.8,uav_03,1,passive_piecewise_source_clock_fit,31.85753796258435,-0.054383695255546816,7.777316983697235,0.004227672100921746,-0.025772327899078254,-0.2856918025230436
4.9,uav_03,1,passive_piecewise_source_clock_fit,31.85753796258435,-0.054383695255546816,7.7346597563052395,0.01,-0.02,-0.552477844524678
5.0,uav_03,1,passive_piecewise_source_clock_fit,31.85753796258435,-0.054383695255546816,7.666247393621349,0.01,-0.02,-0.8423531981226109
5.1,uav_03,1,passive_piecewise_source_clock_fit,31.853811278407935,-0.054383695255546816,7.573637445899105,0.01,-0.02,-1.1322285517205437
5.2,uav_03,1,passive_piecewise_source_clock_fit,31.84869601529833,-0.054383695255546816,7.451053287087632,0.01,-0.02,-1.413682946330998
5.3,uav_03,1,passive_piecewise_source_clock_fit,31.84869601529833,-0.054383695255546816,7.301727601504823,0.01,-0.02,-1.670400586022319
5.4,uav_03,1,passive_piecewise_source_clock_fit,31.84869601529833,-0.05039323462612484,7.131686899480673,0.01,-0.02,-1.8990993795486943
5.5,uav_03,1,passive_piecewise_source_clock_fit,31.84869601529833,-0.04328498192199418,6.942071950770194,0.01,-0.02,-2.098224042196978
5.6,uav_03,1,passive_piecewise_source_clock_fit,31.84869601529833,-0.04328498192199418,6.733900031388424,0.01,-0.02,-2.2659825868602277
5.7,uav_03,1,passive_piecewise_source_clock_fit,31.84869601529833,-0.04328498192199418,6.50941502914483,0.01,-0.02,-2.40917054152286
5.8,uav_03,1,passive_piecewise_source_clock_fit,31.84869601529833,-0.04328498192199418,6.276190074639865,0.01,-0.02,-2.517575885341861
5.9,uav_03,1,passive_piecewise_source_clock_fit,31.84869601529833,-0.04527347144499864,6.031625728579894,0.01,-0.02,-2.5907498380933567
6.0,uav_03,1,passive_piecewise_source_clock_fit,31.84869601529833,-0.054383695255546816,5.771366176548738,0.011430882350046707,-0.02,-2.6428617647000934
6.1,uav_03,1,passive_piecewise_source_clock_fit,31.84869601529833,-0.054383695255546816,5.510814772239968,0.02,-0.02,-2.6589190656385173
6.2,uav_03,1,passive_piecewise_source_clock_fit,31.84869601529833,-0.054383695255546816,5.248147072486416,0.02,-0.02,-2.6491906323143115
6.3,uav_03,1,passive_piecewise_source_clock_fit,31.84869601529833,-0.054383695255546816,4.988002350278502,0.02,-0.02,-2.639077103867577
6.4,uav_03,1,passive_piecewise_source_clock_fit,31.84869601529833,-0.054383695255546816,4.7298336010799975,0.02,-0.02,-2.61887040012
6.5,uav_03,1,passive_piecewise_source_clock_fit,31.84869601529833,-0.054383695255546816,4.462126299947727,0.02,-0.02,-2.5891251444386363
6.6,uav_03,1,passive_piecewise_source_clock_fit,31.84869601529833,-0.054383695255546816,4.194625702563031,0.02,-0.02,-2.559379888757273
6.7,uav_03,1,passive_piecewise_source_clock_fit,31.84869601529833,-0.054383695255546816,3.9368334866578794,0.02,-0.02,-2.529756422050606
6.8,uav_03,1,passive_piecewise_source_clock_fit,31.84869601529833,-0.054383695255546816,3.67904127075273,0.02,-0.02,-2.5098893773945457
6.9,uav_03,1,passive_piecewise_source_clock_fit,31.84869601529833,-0.054383695255546816,3.4212490548475594,0.02,-0.02,-2.48014412171318
7.0,uav_03,1,passive_piecewise_source_clock_fit,31.84869601529833,-0.054383695255546816,3.16345683894241,0.02,-0.02,-2.4602659106878777
7.1,uav_03,1,passive_piecewise_source_clock_fit,31.84869601529833,-0.054383695255546816,2.915446752920442,0.02,-0.02,-2.440435740233635
7.2,uav_03,1,passive_piecewise_source_clock_fit,31.84869601529833,-0.054383695255546816,2.657872407132108,0.02,-0.02,-2.3624222791175713
7.3,uav_03,1,passive_piecewise_source_clock_fit,31.840196868802444,-0.054383695255546816,2.4289170922392316,0.010387699662575285,-0.02,-2.1485293925766564
7.4,uav_03,1,passive_piecewise_source_clock_fit,31.839854066755798,-0.054383695255546816,2.225913845493901,0.01,-0.02,-1.881218460658534
7.5,uav_03,1,passive_piecewise_source_clock_fit,31.839854066755798,-0.054383695255546816,2.0433175123541973,0.01,-0.02,-1.631908174800481
7.6,uav_03,1,passive_piecewise_source_clock_fit,31.839854066755798,-0.054383695255546816,1.8943182635218252,0.01,-0.02,-1.3821516567711651
7.7,uav_03,1,passive_piecewise_source_clock_fit,31.839854066755798,-0.054383695255546816,1.7580409537659207,0.017997074731005674,-0.02,-1.1480702064558639
7.8,uav_03,1,passive_piecewise_source_clock_fit,31.839854066755798,-0.054383695255546816,1.6462309626685385,0.02,-0.012384632969867183,-0.9324619253370781
7.9,uav_03,1,passive_piecewise_source_clock_fit,31.839854066755798,-0.054383695255546816,1.5548970660366586,0.027233659329260092,-0.01,-0.7353268134147982
8.0,uav_03,1,passive_piecewise_source_clock_fit,31.839854066755798,-0.054383695255546816,1.4820363386012894,0.0505558548851619,-0.01,-0.5498129190606413
8.1,uav_03,1,passive_piecewise_source_clock_fit,31.84557502314227,-0.054383695255546816,1.4276487803624256,0.0729404878550299,-0.01,-0.3800058532322458
8.2,uav_03,1,passive_piecewise_source_clock_fit,31.854079466934827,-0.054383695255546816,1.3917343913200737,0.10435414490656919,-0.0160885362266423,-0.22867195660036554
8.3,uav_03,1,passive_piecewise_source_clock_fit,31.862634879452553,-0.054383695255546816,1.368471053483294,0.14882236629176512,-0.02,-0.08929737438305767
8.4,uav_03,1,passive_piecewise_source_clock_fit,31.876406422481363,-0.054383695255546816,1.3543301449475837,0.198349275262079,-0.02,0.04370811568140533
8.5,uav_03,1,passive_piecewise_source_clock_fit,31.89418260335292,-0.054383695255546816,1.3557220409756394,0.25433224585383984,-0.014277959024360031,0.1743865326833196
8.6,uav_03,1,passive_piecewise_source_clock_fit,31.917064325210198,-0.054383695255546816,1.377322680696592,0.31464536139318366,-0.01,0.2935164958875034
8.7,uav_03,1,passive_piecewise_source_clock_fit,31.948880280122044,-0.054383695255546816,1.4074792384662638,0.3807848897546152,-0.01,0.40991695386505467
8.8,uav_03,1,passive_piecewise_source_clock_fit,31.98443264186516,-0.054383695255546816,1.44939299372656,0.4570287899624954,-0.01,0.5187859874531193
8.9,uav_03,1,passive_piecewise_source_clock_fit,32.02522897214866,-0.047801287367635566,1.5055847080112172,0.5315154926797536,-0.015930784668536223,0.6252386313538985
9.0,uav_03,1,passive_piecewise_source_clock_fit,32.07495953475463,-0.04328498192199418,1.5718807941423223,0.6018807941423227,-0.02,0.7238467353258434
9.1,uav_03,1,passive_piecewise_source_clock_fit,32.133624330441386,-0.04328498192199418,1.6482812521198746,0.6782812521198749,-0.03207031302996871,0.8203515651498435
9.2,uav_03,1,passive_piecewise_source_clock_fit,32.20122335895535,-0.0500411487904785,1.7347860819438743,0.752611397067458,-0.05217468487641659,0.9147860819438747
9.3,uav_03,1,passive_piecewise_source_clock_fit,32.277756620563224,-0.054383695255546816,1.8313952836143228,0.8291162268914587,-0.07841858508429703,1.0113952836143234
9.4,uav_03,1,passive_piecewise_source_clock_fit,32.35722522661789,-0.06118258954666055,1.9373842456045378,0.9090067240760275,-0.11450336203801374,1.1051325645855308
9.5,uav_03,1,passive_piecewise_source_clock_fit,32.44651839551865,-0.07215381254044513,2.052131655691529,0.982076799153392,-0.14202194261525486,1.2001097130762743
9.6,uav_03,1,passive_piecewise_source_clock_fit,32.54285924398425,-0.08314747680121408,2.176912179914755,1.0573305722552337,-0.1559163215319042,1.293246893787138
9.7,uav_03,1,passive_piecewise_source_clock_fit,32.64477083356069,-0.09418541414791907,2.3062003065603625,1.1310309343017337,-0.16,1.3768924963448386
9.8,uav_03,1,passive_piecewise_source_clock_fit,32.755427535563236,-0.10522335149462383,2.447102038314578,1.2064544204344416,-0.1541931974456948,1.4564544204344416
9.9,uav_03,1,passive_piecewise_source_clock_fit,32.87482934854636,-0.11626128884132843,2.602032689048087,1.2860163445240436,-0.14424795693449455,1.5360163445240436
10.0,uav_03,1,passive_piecewise_source_clock_fit,33.002976273617705,-0.12729922573873906,2.761156537227292,1.3598809850369402,-0.12290814926988274,1.6041837014602345
10.1,uav_03,1,passive_piecewise_source_clock_fit,33.134879220176394,-0.13833716274612723,2.92592290949441,1.429497668615345,-0.09871495182418706,1.6638551445274388
10.2,uav_03,1,passive_piecewise_source_clock_fit,33.27666351090295,-0.14317340034674592,3.1005797627839273,1.4935265875946424,-0.07323670620267873,1.7179388229955355
10.3,uav_03,1,passive_piecewise_source_clock_fit,33.42699360070108,-0.14317340034674592,3.2806000929146792,1.5479444702540777,-0.04323331784755341,1.762355576203262
10.4,uav_03,1,passive_piecewise_source_clock_fit,33.569268005191525,-0.14317340034674592,3.450973737338893,1.5902163860753098,-0.01483771044351771,1.8002163860753098
10.5,uav_03,1,passive_piecewise_source_clock_fit,33.708305591475956,-0.14317340034674592,3.617232181655244,1.626259406664262,0.008129703332131007,1.8321945549981966
10.6,uav_03,1,passive_piecewise_source_clock_fit,33.854435755499644,-0.13975987251198857,3.7884365294527607,1.6623024272532128,0.03230242725321272,1.8592268204399096
10.7,uav_03,1,passive_piecewise_source_clock_fit,34.003968995884044,-0.12975909384671888,3.961727239210817,1.6983454478421633,0.06834544784216344,1.8862590858816224
10.8,uav_03,1,passive_piecewise_source_clock_fit,34.14931985404637,-0.11975831564099441,4.140845225047796,1.7332913513233361,0.1032913513233361,1.913291351323336
10.9,uav_03,1,passive_piecewise_source_clock_fit,34.30866510826096,-0.10975753681119194,4.312265317355343,1.7603236167650491,0.13032361676504917,1.9402157445100328
11.0,uav_03,1,passive_piecewise_source_clock_fit,34.46801036135691,-0.09975675798138864,4.50149117544735,1.7873558822067643,0.15735588220676436,1.9582372548045095
11.1,uav_03,1,passive_piecewise_source_clock_fit,34.62735561445284,-0.08073341050202579,4.682587650989849,1.8062587650989852,0.16812938254949253,1.9681293825494925
11.2,uav_03,1,passive_piecewise_source_clock_fit,34.78670086844595,-0.06073185340549993,4.862802753934605,1.8314204130901908,0.17,1.97
11.3,uav_03,1,passive_piecewise_source_clock_fit,34.95148470893007,-0.047556995613486655,5.049168749723329,1.846150892843968,0.1576982143120639,1.97
11.4,uav_03,1,passive_piecewise_source_clock_fit,35.118797224876474,-0.03182745164537415,5.233232959824113,1.8551616479912059,0.13451505602638283,1.9596767040175884
11.5,uav_03,1,passive_piecewise_source_clock_fit,35.29480825908816,-0.015936787712216783,5.422817381400432,1.86,0.10607739278993505,1.936077392789935
11.6,uav_03,1,passive_piecewise_source_clock_fit,35.480906164003784,-0.009988841921336273,5.623266539704697,1.8553366730147653,0.07601001904429558,1.9013466920590607
11.7,uav_03,1,passive_piecewise_source_clock_fit,35.66614262260482,-0.009988841921336273,5.8181484288203045,1.8407212180189154,0.04608182702837308,1.852163654056746
11.8,uav_03,1,passive_piecewise_source_clock_fit,35.84717058020714,-0.004874285323093948,6.007556613497557,1.8161752715530175,0.016175271553017442,1.792350543106035
11.9,uav_03,1,passive_piecewise_source_clock_fit,36.028501121164986,0.001109871412216364,6.193352613155724,1.7814771970765055,-0.004630700730873631,1.7275850948838845
12.0,uav_03,1,passive_piecewise_source_clock_fit,36.206370428803496,0.001109871412216364,6.369103696983469,1.7413873654156544,-0.01930631729217282,1.6481215721852223
12.1,uav_03,1,passive_piecewise_source_clock_fit,36.37887887906371,0.001109871412216364,6.539485481542086,1.6919463006322049,-0.03935123312259838,1.553243834387008
12.2,uav_03,1,passive_piecewise_source_clock_fit,36.54780695289032,0.001109871412216364,6.700471117147685,1.627113478664414,-0.0546980744765123,1.4483211807583647
12.3,uav_03,1,passive_piecewise_source_clock_fit,36.70731944258468,-0.004129312167534881,6.84608745348416,1.5569562732579205,-0.06,1.3286330789075667
12.4,uav_03,1,passive_piecewise_source_clock_fit,36.86263820458562,-0.009988841921336273,6.981658873990201,1.4820560775444926,-0.06,1.203084116316739
12.5,uav_03,1,passive_piecewise_source_clock_fit,37.012200326478926,-0.009988841921336273,7.104849770942763,1.3951229146831943,-0.06,1.0751775434312805
12.6,uav_03,1,passive_piecewise_source_clock_fit,37.154996139301296,-0.009988841921336273,7.219605058554892,1.2958135831319162,-0.06,0.9449762997582992
12.7,uav_03,1,passive_piecewise_source_clock_fit,37.28756490450322,-0.009988841921336273,7.32220723589891,1.1861911561235534,-0.06,0.8203903521347857
12.8,uav_03,1,passive_piecewise_source_clock_fit,37.4106159098565,-0.009988841921336273,7.409463730325821,1.078170337092725,-0.053817033709272495,0.7081703370927249
12.9,uav_03,1,passive_piecewise_source_clock_fit,37.5241491556104,-0.009988841921336273,7.485955900148811,0.9677835854804421,-0.05,0.6109138426658162
13.0,uav_03,1,passive_piecewise_source_clock_fit,37.62202188430545,-0.017699440929785166,7.551683745367884,0.8605270910535286,-0.05,0.5174743819481757
13.1,uav_03,1,passive_piecewise_source_clock_fit,37.70733975689506,-0.02108755525488891,7.606647265983035,0.7567054680339318,-0.05,0.43869382762375225
13.2,uav_03,1,passive_piecewise_source_clock_fit,37.789958440387586,-0.02108755525488891,7.658558077492833,0.6605954605129034,-0.057711615498566286,0.37373030700860227
13.3,uav_03,1,passive_piecewise_source_clock_fit,37.858264171867276,-0.02108755525488891,7.702375111202105,0.5671559997952653,-0.06,0.3033435553963174
13.4,uav_03,1,passive_piecewise_source_clock_fit,37.915028766474485,-0.03049475819787393,7.735427820307455,0.4652405989751442,-0.06,0.23066841928260093
13.5,uav_03,1,passive_piecewise_source_clock_fit,37.957786343802276,-0.03218626858844154,7.755685314239541,0.3715734288023018,-0.05215734288023019,0.14941608592207167
13.6,uav_03,1,passive_piecewise_source_clock_fit,37.99220395288474,-0.03218626858844154,7.767034664095802,0.2866880231377843,-0.05,0.05965335904198252
13.7,uav_03,1,passive_piecewise_source_clock_fit,38.01920846153759,-0.03909707231330197,7.77,0.21018663142533248,-0.043773328928166565,-0.04472005286200127
13.8,uav_03,1,passive_piecewise_source_clock_fit,38.0387049936749,-0.04328498192199418,7.764634972229837,0.14780983337901712,-0.04,-0.17047541655245715
13.9,uav_03,1,passive_piecewise_source_clock_fit,38.05487807810838,-0.04328498192199418,7.746467944928309,0.10195725990441064,-0.03548931497610266,-0.3211923304301521
14.0,uav_03,1,passive_piecewise_source_clock_fit,38.06785922674236,-0.04328498192199418,7.7114865400003545,0.07259461600014186,-0.03,-0.49405383999858143
14.1,uav_03,1,passive_piecewise_source_clock_fit,38.0759867516471,-0.04328498192199418,7.656842408192314,0.054210602048078475,-0.03,-0.6865780764470976
14.2,uav_03,1,passive_piecewise_source_clock_fit,38.08411427576058,-0.04328498192199418,7.581219646432067,0.03791329404800731,-0.03,-0.9042543547518099
14.3,uav_03,1,passive_piecewise_source_clock_fit,38.09111116864371,-0.04328498192199418,7.4946554448636995,0.028721287071974858,-0.03,-1.1445252490566789
14.4,uav_03,1,passive_piecewise_source_clock_fit,38.09111116864371,-0.04328498192199418,7.382939201439148,0.02,-0.03,-1.3917679976014197
14.5,uav_03,1,passive_piecewise_source_clock_fit,38.09111116864371,-0.04328498192199418,7.24505909679867,0.02,-0.03,-1.6215681720022146
14.6,uav_03,1,passive_piecewise_source_clock_fit,38.099360903183324,-0.04328498192199418,7.0813862210362055,0.010669777708012055,-0.03,-1.8445951127157227
14.7,uav_03,1,passive_piecewise_source_clock_fit,38.099953117186246,-0.04328498192199418,6.887862043229937,0.01,-0.03,-2.051244854608567
14.8,uav_03,1,passive_piecewise_source_clock_fit,38.099953117186246,-0.04328498192199418,6.685169856006789,0.01,-0.021198564571751857,-2.2284258377084667
14.9,uav_03,1,passive_piecewise_source_clock_fit,38.099953117186246,-0.04328498192199418,6.464798034083311,0.0015129580036222397,-0.02,-2.3773056299456665
15.0,uav_03,1,passive_piecewise_source_clock_fit,38.099953117186246,-0.04328498192199418,6.233251053076663,0.0,-0.02,-2.4908072062723097
15.1,uav_03,1,passive_piecewise_source_clock_fit,38.099953117186246,-0.04328498192199418,5.985871605235533,0.007672016448519467,-0.02,-2.5737041151396363
15.2,uav_03,1,passive_piecewise_source_clock_fit,38.099953117186246,-0.04328498192199418,5.733859595780054,0.01,-0.02,-2.627719308503836
15.3,uav_03,1,passive_piecewise_source_clock_fit,38.099953117186246,-0.04328498192199418,5.474804356739768,0.01,-0.02,-2.654458936537795
15.4,uav_03,1,passive_piecewise_source_clock_fit,38.099953117186246,-0.04328498192199418,5.213292979400245,0.016915074837027894,-0.02,-2.6461698503259443
15.5,uav_03,1,passive_piecewise_source_clock_fit,38.099953117186246,-0.04328498192199418,4.958382283465908,0.033201362810314834,-0.02,-2.514587053302009
15.6,uav_03,1,passive_piecewise_source_clock_fit,38.105855758723074,-0.04328498192199418,4.7097825814818775,0.060027177314765284,-0.02,-2.2497282268523473
15.7,uav_03,1,passive_piecewise_source_clock_fit,38.10879506447226,-0.04328498192199418,4.490772817076435,0.09088407743853476,-0.02,-1.9272365073222961
15.8,uav_03,1,passive_piecewise_source_clock_fit,38.11520281796794,-0.04328498192199418,4.29955413462616,0.1217409775623067,-0.02,-1.612590224376933
15.9,uav_03,1,passive_piecewise_source_clock_fit,38.1309576301797,-0.04328498192199418,4.137010611569605,0.13753262589535975,-0.02,-1.3190864749299276
16.0,uav_03,1,passive_piecewise_source_clock_fit,38.1421653282823,-0.04328498192199418,4.007109790852076,0.14774085076232701,-0.012259149237672988,-1.0487378801794978
16.1,uav_03,1,passive_piecewise_source_clock_fit,38.15831685650427,-0.03440169092056601,3.899961073554599,0.14199610735545987,-0.001996107355459846,-0.8139143618201166
16.2,uav_03,1,passive_piecewise_source_clock_fit,38.16917630716665,-0.03218626858844154,3.8136837918469557,0.13171047398086935,0.02486857805739194,-0.604209479617387
16.3,uav_03,1,passive_piecewise_source_clock_fit,38.17827081105428,-0.02266894499839936,3.748549043637679,0.12142484060627977,0.06430063757488091,-0.42422229030675607
16.4,uav_03,1,passive_piecewise_source_clock_fit,38.187365314043454,-0.011253215370539176,3.695696036158446,0.11113920723168924,0.11430396384155377,-0.2670881084753387
16.5,uav_03,1,passive_piecewise_source_clock_fit,38.20454703978397,0.00016251425732170463,3.671707147714196,0.1008535738570981,0.16573213071450954,-0.12195003399937335
16.6,uav_03,1,passive_piecewise_source_clock_fit,38.21379912686058,0.02054751136369585,3.652486581950648,0.09124329097532366,0.22254025414805803,-0.013676200728560281
16.7,uav_03,1,passive_piecewise_source_clock_fit,38.21489843818708,0.04174420165339734,3.6500000000000004,0.08169412534201154,0.2798352479479308,0.07475287192189618
16.8,uav_03,1,passive_piecewise_source_clock_fit,38.22191397980882,0.07192315982199585,3.6500000000000004,0.07206561586737316,0.3455406889283879,0.15347507306101477
16.9,uav_03,1,passive_piecewise_source_clock_fit,38.2303755660505,0.1121156753111534,3.665008411849226,0.062495794075387044,0.42003364739690363,0.23003364739690366
17.0,uav_03,1,passive_piecewise_source_clock_fit,38.238818888852286,0.1623373904260565,3.684106743115849,0.05294662844207532,0.48937360090547277,0.2923202293475481
17.1,uav_03,1,passive_piecewise_source_clock_fit,38.241424282558164,0.21532911564237237,3.7098076115737117,0.04339746280876291,0.5628202975298967,0.34961522314742255
17.2,uav_03,1,passive_piecewise_source_clock_fit,38.24686358576756,0.26832084085868446,3.7446068112981954,0.027696594350902323,0.6392136225963907,0.4007585141227442
17.3,uav_03,1,passive_piecewise_source_clock_fit,38.250266229844186,0.33396702702821907,3.782803473831445,0.008598263084277531,0.7156069476628899,0.44850434228930613
17.4,uav_03,1,passive_piecewise_source_clock_fit,38.250266229844186,0.4081554426322842,3.8262501704558685,-0.015750102273520902,0.7920002727293891,0.49625017045586817
17.5,uav_03,1,passive_piecewise_source_clock_fit,38.24602280274629,0.48767035243360024,3.8739959986224286,-0.049196798897942956,0.8683935977958859,0.5439959986224286
17.6,uav_03,1,passive_piecewise_source_clock_fit,38.23736000449569,0.5797626799098664,3.927579518538839,-0.09298293211569868,0.9467726913851179,0.5929829321156986
17.7,uav_03,1,passive_piecewise_source_clock_fit,38.22843470529889,0.6805927264312566,3.992835980670388,-0.1340725631444516,1.022835980670387,0.6481451262889032
17.8,uav_03,1,passive_piecewise_source_clock_fit,38.21527842623117,0.7867336431129818,4.063495856378799,-0.15478512233982825,1.0934958563787978,0.7087107340389696
17.9,uav_03,1,passive_piecewise_source_clock_fit,38.20174215910752,0.9041825233188202,4.139035122385385,-0.16487939029817306,1.1641557320872113,0.7692763417890384
18.0,uav_03,1,passive_piecewise_source_clock_fit,38.188419177533966,1.0274192467466337,4.219789266052141,-0.16502634174348252,1.23978926605214,0.8348156077956225
18.1,uav_03,1,passive_piecewise_source_clock_fit,38.175093980181614,1.1556124299470125,4.305159738548275,-0.15498225127241405,1.3251597385482736,0.9051242410931016
18.2,uav_03,1,passive_piecewise_source_clock_fit,38.161736767801656,1.2950073172677345,4.400621941732064,-0.13987561165358736,1.4206219417320634,0.9754353592124443
18.3,uav_03,1,passive_piecewise_source_clock_fit,38.14844548678044,1.446373727083833,4.506721083447057,-0.12484353786844926,1.5164081591839567,1.0460952349208552
18.4,uav_03,1,passive_piecewise_source_clock_fit,38.13952018826258,1.6090481012321207,4.617758030988844,-0.10949853982021034,1.6072565708090534,1.111504380539369
18.5,uav_03,1,passive_piecewise_source_clock_fit,38.1305948890731,1.777098178791126,4.73413997657888,-0.08931000390352001,1.69275998438592,1.1720699882894399
18.6,uav_03,1,passive_piecewise_source_clock_fit,38.12185590874921,1.9474431630357978,4.852742534901793,-0.06954291084970109,1.7665998120260462,1.2261427228757473
18.7,uav_03,1,passive_piecewise_source_clock_fit,38.1176370130148,2.1252257722240784,4.974112784778279,-0.05013649464949555,1.8345222687267657,1.269727010701009
18.8,uav_03,1,passive_piecewise_source_clock_fit,38.11353880454756,2.308304082630507,5.104889450854975,-0.030730078449289305,1.8978097646521321,1.3085398431014215
18.9,uav_03,1,passive_piecewise_source_clock_fit,38.10879506447226,2.4970726221687127,5.236965853920158,-0.01123602247382171,1.9519099438154457,1.3431459662892675
19.0,uav_03,1,passive_piecewise_source_clock_fit,38.11245684868358,2.692042593605758,5.367979277657863,0.012424130926685067,2.00484826185337,1.3724241309266851
19.1,uav_03,1,passive_piecewise_source_clock_fit,38.1176370130148,2.8901572112881984,5.507668776134972,0.04153375522699446,2.059222925378324,1.3976891701513297
19.2,uav_03,1,passive_piecewise_source_clock_fit,38.123910893508956,3.094774146718394,5.64966910446075,0.0706433795273034,2.104191172703071,1.4170955863515355
19.3,uav_03,1,passive_piecewise_source_clock_fit,38.138195427034155,3.3029992750129993,5.788765019138059,0.09325100127587063,2.1430040051034824,1.43
19.4,uav_03,1,passive_piecewise_source_clock_fit,38.1467749524868,3.518385522422858,5.934313140639612,0.09704579062402588,2.175908418751948,1.427045790624026
19.5,uav_03,1,passive_piecewise_source_clock_fit,38.155354478273345,3.733771770364947,6.077203844665084,0.08734258252392255,2.1953148349521547,1.4173425825239225
19.6,uav_03,1,passive_piecewise_source_clock_fit,38.1638582216807,3.9472555110878353,6.214123756753607,0.0731752486492785,2.212274917116907,1.4031752486492783
19.7,uav_03,1,passive_piecewise_source_clock_fit,38.17212624604947,4.156626075939818,6.352761561188144,0.04349669680338687,2.2216258257991535,1.37512252260254
19.8,uav_03,1,passive_piecewise_source_clock_fit,38.179530647786486,4.373486438698134,6.483674282739579,0.007069796555804264,2.2290232655186015,1.3451163275930071
19.9,uav_03,1,passive_piecewise_source_clock_fit,38.179530647786486,4.581416187959881,6.61425936112738,-0.020982929490934,2.2196723568363557,1.2983617841817767
20.0,uav_03,1,passive_piecewise_source_clock_fit,38.179530647786486,4.799360600242407,6.7358211739965865,-0.04903565553767415,2.2103214481541085,1.251607240770543
20.1,uav_03,1,passive_piecewise_source_clock_fit,38.171546845250816,5.00728347384113,6.857382986865777,-0.07708838158440981,2.1919410789437266,1.1867937763030438
20.2,uav_03,1,passive_piecewise_source_clock_fit,38.17068869924395,5.214849581373813,6.97056443052459,-0.0967607384207651,2.1648588923688523,1.1213374155273221
20.3,uav_03,1,passive_piecewise_source_clock_fit,38.163920426810265,5.420716535716055,7.074202036454375,-0.11530946117352256,2.129381077652955,1.0487621553059099
20.4,uav_03,1,passive_piecewise_source_clock_fit,38.15567313851699,5.627762053245497,7.16982186574874,-0.12698218657487403,2.08508906712563,0.9671603208261338
20.5,uav_03,1,passive_piecewise_source_clock_fit,38.141805424531235,5.828299239662912,7.263330952571202,-0.13,2.038334523714399,0.8830021426859178
20.6,uav_03,1,passive_piecewise_source_clock_fit,38.13029514180861,6.0191785286773785,7.345472031514934,-0.13568400393936678,1.9802119724244327,0.7931599606063323
20.7,uav_03,1,passive_piecewise_source_clock_fit,38.12139795113026,6.2202035350187455,7.425971856707087,-0.1342535179116141,1.9097746253812986,0.6982816612045271
20.8,uav_03,1,passive_piecewise_source_clock_fit,38.1119614304994,6.433414271051006,7.504932491313049,-0.13,1.8286485813565165,0.6086485813565166
20.9,uav_03,1,passive_piecewise_source_clock_fit,38.10252491022512,6.630883985377796,7.572548235434905,-0.13,1.7361776468476435,0.5232690194201275
21.0,uav_03,1,passive_piecewise_source_clock_fit,38.08622366263983,6.820404639577524,7.628819089072668,-0.12223618218546643,1.6401256396691979,0.445653275298265
21.1,uav_03,1,passive_piecewise_source_clock_fit,38.074734575576144,7.001980788595587,7.674085911339729,-0.12,1.5347852216506783,0.3788711329904069
21.2,uav_03,1,passive_piecewise_source_clock_fit,38.0652849815797,7.169682066304821,7.716834833194528,-0.11079129170136769,1.4187042087150445,0.31474775020820617
21.3,uav_03,1,passive_piecewise_source_clock_fit,38.055848461655955,7.324545829999602,7.759524614162725,-0.11,1.2914261575118309,0.26059423229659623
21.4,uav_03,1,passive_piecewise_source_clock_fit,38.046411940575126,7.466203801546913,7.79110719756546,-0.1,1.1628032158245056,0.218339203651809
21.5,uav_03,1,passive_piecewise_source_clock_fit,38.036975420750814,7.595138500184289,7.812452088049559,-0.09877395597521955,1.0252874717026346,0.18632186792565866
21.6,uav_03,1,passive_piecewise_source_clock_fit,38.02774387576633,7.707316418615463,7.83333333621003,-0.09,0.8999999827398139,0.15499999568495346
21.7,uav_03,1,passive_piecewise_source_clock_fit,38.020375586586006,7.790505729621969,7.85103591996134,-0.08896408003866106,0.7875689604639328,0.12689224011598318
21.8,uav_03,1,passive_piecewise_source_clock_fit,38.02001733580065,7.872795664114633,7.8604051718176615,-0.07959482818233835,0.6747327663703986,0.09797414091169174
21.9,uav_03,1,passive_piecewise_source_clock_fit,38.01173309269834,7.93518764767768,7.869774423673986,-0.07022557632601448,0.5529324922381882,0.05112788163007236
22.0,uav_03,1,passive_piecewise_source_clock_fit,38.003448848447114,7.997579631240727,7.879143675530309,-0.06085632446969057,0.4311322181059774,-0.0048620531818565835
22.1,uav_03,1,passive_piecewise_source_clock_fit,38.002691690757445,8.041075106665051,7.871487072613369,-0.05148707261336781,0.31784487136041367,-0.09512927386632193
22.2,uav_03,1,passive_piecewise_source_clock_fit,37.995722309420934,8.07392155796293,7.85423564151409,-0.05,0.22906038681339996,-0.20458615091546672
22.3,uav_03,1,passive_piecewise_source_clock_fit,37.99384974347143,8.096910025195099,7.828461095744716,-0.042820365248238436,0.15974255673766904,-0.3376945212764235
22.4,uav_03,1,passive_piecewise_source_clock_fit,37.99384974347143,8.117644747930735,7.7939172681775934,-0.03347931704439823,0.10739658522199115,-0.4908516102452301
22.5,uav_03,1,passive_piecewise_source_clock_fit,37.98864189341884,8.13844207575699,7.738770456316523,-0.03,0.0723301955642238,-0.6736886310504334
22.6,uav_03,1,passive_piecewise_source_clock_fit,37.9850077949289,8.153402383337774,7.6679265066540045,-0.03,0.04948162666350114,-0.8862204800379864
22.7,uav_03,1,passive_piecewise_source_clock_fit,37.9850077949289,8.164205690947094,7.575076730139925,-0.03,0.03001395093453188,-1.1298186378510855
22.8,uav_03,1,passive_piecewise_source_clock_fit,37.9850077949289,8.175423466137069,7.448595796307266,-0.024899699736233384,0.014899699736233382,-1.392607806857932
22.9,uav_03,1,passive_piecewise_source_clock_fit,37.9804032836855,8.180861502029966,7.296678784083219,-0.02,0.004792424005201216,-1.6449818238751708
23.0,uav_03,1,passive_piecewise_source_clock_fit,37.976165847642875,8.1867603036015,7.119017817209204,-0.02,0.0,-1.8769267379682901
23.1,uav_03,1,passive_piecewise_source_clock_fit,37.976165847642875,8.19196021536352,6.915849948276543,-0.02,-0.004756252155144049,-2.0846375474131693
23.2,uav_03,1,passive_piecewise_source_clock_fit,37.976165847642875,8.19196021536352,6.697695693447016,-0.02,-0.01,-2.2680136995653575
23.3,uav_03,1,passive_piecewise_source_clock_fit,37.976165847642875,8.19196021536352,6.4623197059457,-0.01426332108107082,-0.01,-2.4145768259460794
23.4,uav_03,1,passive_piecewise_source_clock_fit,37.976165847642875,8.19196021536352,6.213901133750962,-0.01,-0.01,-2.528439546499615
23.5,uav_03,1,passive_piecewise_source_clock_fit,37.976165847642875,8.19196021536352,5.955268010094137,-0.01,-0.01,-2.6057073822859684
23.6,uav_03,1,passive_piecewise_source_clock_fit,37.97080894847542,8.19196021536352,5.692478841087294,-0.01,-0.003941493887972837,-2.5694149388797283
23.7,uav_03,1,passive_piecewise_source_clock_fit,37.96732390035686,8.19196021536352,5.446544097697766,-0.01,0.011476472184178728,-2.375067625513587
23.8,uav_03,1,passive_piecewise_source_clock_fit,37.96732390035686,8.197670121814804,5.231962219517431,-0.004855343786544366,0.040578624853822534,-2.1005156573828754
23.9,uav_03,1,passive_piecewise_source_clock_fit,37.96732390035686,8.203058928697073,5.043529549638389,0.0,0.07820430533928643,-1.8134677099553516
24.0,uav_03,1,passive_piecewise_source_clock_fit,37.96732390035686,8.207451240565652,4.876680056700984,-0.0039574964561885665,0.10791499291237713,-1.5352326027705316
24.1,uav_03,1,passive_piecewise_source_clock_fit,37.96732390035686,8.22162467118508,4.736269084491786,-0.01,0.12672783315510994,-1.272538168983571
24.2,uav_03,1,passive_piecewise_source_clock_fit,37.96732390035686,8.239429785765132,4.619526296311873,-0.012770336698920477,0.13722966330107952,-1.0335119192259086
24.3,uav_03,1,passive_piecewise_source_clock_fit,37.9653992231774,8.249869701237195,4.520409188617415,-0.026530270460861434,0.13,-0.8121113499536828
24.4,uav_03,1,passive_piecewise_source_clock_fit,37.95709597487744,8.260292220024906,4.439027486543001,-0.05470250576728512,0.12686499615514327,-0.6102174634738609
24.5,uav_03,1,passive_piecewise_source_clock_fit,37.948853427382815,8.27063854618826,4.376441611747922,-0.08355838825207709,0.10911040293698072,-0.43576644699169165
24.6,uav_03,1,passive_piecewise_source_clock_fit,37.94027458231775,8.281078462230461,4.338815931262455,-0.12148008592193114,0.09970398281561378,-0.28585575941859276
24.7,uav_03,1,passive_piecewise_source_clock_fit,37.92364036814509,8.291518378272663,4.3011902507769895,-0.16851218652876426,0.09029756269424714,-0.15416587771946005
24.8,uav_03,1,passive_piecewise_source_clock_fit,37.906357049527884,8.291848634576883,4.290524083579598,-0.22685549852240613,0.09,-0.02681308653478673
24.9,uav_03,1,passive_piecewise_source_clock_fit,37.88086365615922,8.302127581847387,4.280738613601787,-0.2855683183892863,0.08073861360178562,0.07261386398214385
25.0,uav_03,1,passive_piecewise_source_clock_fit,37.846907689204926,8.312988193745724,4.289046856376026,-0.35332799463218634,0.07095314362397338,0.1795154201362928
25.1,uav_03,1,passive_piecewise_source_clock_fit,37.812298642980466,8.323848806282342,4.298832326353841,-0.4218262844768818,0.07,0.26949093718456235
25.2,uav_03,1,passive_piecewise_source_clock_fit,37.762449976459024,8.32514477378893,4.325853388994959,-0.49894237065322733,0.05276440733669317,0.34032457432157387
25.3,uav_03,1,passive_piecewise_source_clock_fit,37.71008609655262,8.334565525691382,4.355464443362018,-0.5694170345113772,0.041511852212660405,0.41790518229871676
25.4,uav_03,1,passive_piecewise_source_clock_fit,37.650763463793204,8.336243487122482,4.401443681436391,-0.654598626585505,0.023422527425443335,0.47973241772367
25.5,uav_03,1,passive_piecewise_source_clock_fit,37.58305846268836,8.336243487122482,4.450371031325459,-0.734593650120733,-0.004222618795274857,0.5384452375905497
25.6,uav_03,1,passive_piecewise_source_clock_fit,37.5068908859394,8.336243487122482,4.499298381214528,-0.8128774099432428,-0.04143870497162142,0.5971580574574321
25.7,uav_03,1,passive_piecewise_source_clock_fit,37.422260734291946,8.3277583584928,4.555870877324305,-0.8835160235450223,-0.08822573110358742,0.6558708773243049
25.8,uav_03,1,passive_piecewise_source_clock_fit,37.326046172948075,8.316541506587681,4.624261127933345,-0.9620127176381087,-0.13100635881905437,0.7165095382285815
25.9,uav_03,1,passive_piecewise_source_clock_fit,37.22676011533744,8.305211758691232,4.703678029165066,-1.0357182755194334,-0.17183901458253337,0.7777585218738
26.0,uav_03,1,passive_piecewise_source_clock_fit,37.11302999660939,8.284816672745498,4.785343340692033,-1.1153433406920326,-0.19633583517300818,0.8471754231055286
26.1,uav_03,1,passive_piecewise_source_clock_fit,36.995691928277935,8.27145354847025,4.875384733746379,-1.1886325706916276,-0.20837608152737536,0.9186325706916276
26.2,uav_03,1,passive_piecewise_source_clock_fit,36.87076371450603,8.250596391982398,4.9758424546824465,-1.2772582092142033,-0.21,0.9900897182777136
26.3,uav_03,1,passive_piecewise_source_clock_fit,36.73662543832563,8.22793689562745,5.077924094091158,-1.369131684682043,-0.2012075905908841,1.0703392752729273
26.4,uav_03,1,passive_piecewise_source_clock_fit,36.58531883929944,8.21526687701927,5.198006880199824,-1.461005160149867,-0.19099942665001476,1.1520045867998818
26.5,uav_03,1,passive_piecewise_source_clock_fit,36.43187674849486,8.193716614959584,5.320504847490275,-1.5528786356177078,-0.1715825254182872,1.2244611610359948
26.6,uav_03,1,passive_piecewise_source_clock_fit,36.26334825763708,8.181612147317844,5.451207639616292,-1.6439129812728166,-0.16067633541413148,1.2859419875152112
26.7,uav_03,1,passive_piecewise_source_clock_fit,36.091967779627765,8.170289905997716,5.583825847243771,-1.7262005213807823,-0.13142480448220664,1.337625325862989
26.8,uav_03,1,passive_piecewise_source_clock_fit,35.92287255254743,8.159650846517646,5.717552804806071,-1.7937764024030352,-0.0935563414839799,1.367332743887015
26.9,uav_03,1,passive_piecewise_source_clock_fit,35.74623159542255,8.149045489305935,5.8513295737898146,-1.851998388767063,-0.05533440748862467,1.3873327962556876
27.0,uav_03,1,passive_piecewise_source_clock_fit,35.56153476930586,8.14756536281792,5.985106342773553,-1.901109408133411,-0.008890591866588846,1.398221881626682
27.1,uav_03,1,passive_piecewise_source_clock_fit,35.37565877944375,8.14756536281792,6.118883111757297,-1.9255547302510425,0.023332095376563857,1.4
27.2,uav_03,1,passive_piecewise_source_clock_fit,35.18978278958163,8.155703881297931,6.259992729365407,-1.9446656972487208,0.051998545873081295,1.3926671513756395
27.3,uav_03,1,passive_piecewise_source_clock_fit,34.9978161719018,8.158664076151473,6.396436649724788,-1.95,0.06688833212319906,1.376223335753602
27.4,uav_03,1,passive_piecewise_source_clock_fit,34.80792273061793,8.165888122854833,6.53112466536214,-1.95,0.07,1.350473285993827
27.5,uav_03,1,passive_piecewise_source_clock_fit,34.61597467480592,8.169762789485025,6.659290888571391,-1.9439007008791238,0.057801401758247564,1.309503504395619
27.6,uav_03,1,passive_piecewise_source_clock_fit,34.42664970507809,8.17603887016506,6.783512174056305,-1.9343452173802842,0.03303565214085267,1.2560713042817053
27.7,uav_03,1,passive_piecewise_source_clock_fit,34.23616682483337,8.180861502029966,6.907733459541203,-1.9195794677628917,0.004369201644337656,1.1935281371701212
27.8,uav_03,1,passive_piecewise_source_clock_fit,34.04629555872396,8.175585814500387,7.022287652815934,-1.895739731050199,-0.024260268949800705,1.117219193150598
27.9,uav_03,1,passive_piecewise_source_clock_fit,33.860900337458254,8.169762789485025,7.127126102962841,-1.862863235286239,-0.052852573535320614,1.031442279394038
28.0,uav_03,1,passive_piecewise_source_clock_fit,33.678878283459994,8.165528675438336,7.228149593736139,-1.8209252031319312,-0.08144487812084134,0.9418504062638622
28.1,uav_03,1,passive_piecewise_source_clock_fit,33.501910118507446,8.154950749033658,7.320111548119093,-1.7665799070184827,-0.10669145513757641,0.846542724312118
28.2,uav_03,1,passive_piecewise_source_clock_fit,33.32748533516909,8.14437282262898,7.403011966111693,-1.699864529652268,-0.1257529915279234,0.7512350423603831
28.3,uav_03,1,passive_piecewise_source_clock_fit,33.1610727148426,8.133794896224304,7.476850847713946,-1.6283346243677854,-0.14240726395913497,0.6583346243677854
28.4,uav_03,1,passive_piecewise_source_clock_fit,33.00095866054937,8.123216969819628,7.541628192925852,-1.542557710611223,-0.15,0.5744957427655314
28.5,uav_03,1,passive_piecewise_source_clock_fit,32.843442018078406,8.11263904353078,7.597344001747408,-1.4567807968546647,-0.15,0.4997183975536281
28.6,uav_03,1,passive_piecewise_source_clock_fit,32.70106588702631,8.102061117798884,7.6449978427232805,-1.3690047460087844,-0.14900043145534406,0.4330030201874083
28.7,uav_03,1,passive_piecewise_source_clock_fit,32.5667715624907,8.091489019171874,7.692100343524081,-1.264224055308781,-0.14,0.3668494847138805
28.8,uav_03,1,passive_piecewise_source_clock_fit,32.441617272046756,8.081015824711798,7.729845960138629,-1.1604236096187701,-0.14,0.31023105979205645
28.9,uav_03,1,passive_piecewise_source_clock_fit,32.31970804557561,8.070088548738108,7.759421072172942,-1.052122735365884,-0.1301929759423531,0.26096487971176546
29.0,uav_03,1,passive_piecewise_source_clock_fit,32.214884563128265,8.059159412064242,7.788962703744303,-0.9438034196042169,-0.12034576541856518,0.22138306167426072
29.1,uav_03,1,passive_piecewise_source_clock_fit,32.11880346497903,8.048230275390376,7.809002890210441,-0.8354841038425679,-0.1104985548947789,0.1914956646843367
29.2,uav_03,1,passive_piecewise_source_clock_fit,32.03129412399157,8.037301139453756,7.828697311258016,-0.7271647880809053,-0.11,0.13390806622594836
29.3,uav_03,1,passive_piecewise_source_clock_fit,31.960487476586568,8.026372002831256,7.848391732305593,-0.6096496061664453,-0.10080413384720378,0.06562893693042643
29.4,uav_03,1,passive_piecewise_source_clock_fit,31.89882850050987,8.015442866157391,7.850000000000001,-0.4914830798810097,-0.09095692332341747,-0.012344613412660188
29.5,uav_03,1,passive_piecewise_source_clock_fit,31.845741280420278,8.01438080439251,7.84110971279963,-0.37331655359555976,-0.08110971279962997,-0.11779315920407021
29.6,uav_03,1,passive_piecewise_source_clock_fit,31.800835633078915,8.004585351615441,7.8223484894461475,-0.27174244723073665,-0.07117424472307367,-0.2623863291538951
29.7,uav_03,1,passive_piecewise_source_clock_fit,31.76492843262106,7.993643182336011,7.793945875256165,-0.19052233401644358,-0.06131529175205545,-0.4276400402150574
29.8,uav_03,1,passive_piecewise_source_clock_fit,31.73764490227504,7.992183377725405,7.747340406141343,-0.12880848736961398,-0.051468081228269,-0.6121064566628891
29.9,uav_03,1,passive_piecewise_source_clock_fit,31.71822742250249,7.992183377725405,7.6697744312045515,-0.09366541170170678,-0.041221803900568926,-0.8418985102869148
30.0,uav_03,1,passive_piecewise_source_clock_fit,31.699984367929737,7.98208977199247,7.578150465854641,-0.062716821951547,-0.04,-1.1064542097532593
30.1,uav_03,1,passive_piecewise_source_clock_fit,31.69006210796166,7.981084664391853,7.447662339539335,-0.04117882146758978,-0.030589410733794887,-1.374675320921333
30.2,uav_03,1,passive_piecewise_source_clock_fit,31.67234020732677,7.981084664391853,7.2940982122561095,-0.03027321415040735,-0.03,-1.6331696462398162
30.3,uav_03,1,passive_piecewise_source_clock_fit,31.66445709816373,7.981084664391853,7.114247807422855,-0.01326169594503391,-0.021630847972516954,-1.8743362567695252
30.4,uav_03,1,passive_piecewise_source_clock_fit,31.66269752674525,7.969985951846911,6.912457240656303,0.00035917901636661363,-0.02,-2.086465222294599
30.5,uav_03,1,passive_piecewise_source_clock_fit,31.654173162440745,7.969985951846911,6.693790985605927,0.01,-0.0193246244002469,-2.2701306339962963
30.6,uav_03,1,passive_piecewise_source_clock_fit,31.654173162440745,7.969985951846911,6.4462022676046224,0.010991572183140683,-0.01,-2.4209072940145475
30.7,uav_03,1,passive_piecewise_source_clock_fit,31.654173162440745,7.969985951846911,6.195998012070271,0.02130776876652805,-0.01,-2.5304621501322244
30.8,uav_03,1,passive_piecewise_source_clock_fit,31.654173162440745,7.969985951846911,5.931051600117715,0.03,-0.008501984619912141,-2.607490076900439
30.9,uav_03,1,passive_piecewise_source_clock_fit,31.654173162440745,7.969985951846911,5.6823449983625105,0.03,0.0,-2.652048518639814
31.0,uav_03,1,passive_piecewise_source_clock_fit,31.654173162440745,7.969985951846911,5.42284087614,0.02936447689407403,0.0,-2.669364476894074
31.1,uav_03,1,passive_piecewise_source_clock_fit,31.654173162440745,7.969985951846911,5.1633367539175214,0.02,0.0,-2.6597532131080563
31.2,uav_03,1,passive_piecewise_source_clock_fit,31.654173162440745,7.969985951846911,4.903832631695005,0.02,0.0,-2.650141949322037
31.3,uav_03,1,passive_piecewise_source_clock_fit,31.654173162440745,7.969985951846911,4.644328509472492,0.010530685536018271,0.0,-2.621592056608055
31.4,uav_03,1,passive_piecewise_source_clock_fit,31.654173162440745,7.969985951846911,4.384824387250022,0.01,0.0,-2.6018388435000017
31.5,uav_03,1,passive_piecewise_source_clock_fit,31.654173162440745,7.969985951846911,4.125320265027512,0.01,0.0,-2.5739244738919456
31.6,uav_03,1,passive_piecewise_source_clock_fit,31.654173162440745,7.969985951846911,3.874119248627066,0.0016968941779640714,0.0,-2.545090682533892
31.7,uav_03,1,passive_piecewise_source_clock_fit,31.654173162440745,7.969985951846911,3.622147868879364,0.0,0.0,-2.420085308968864
31.8,uav_03,1,passive_piecewise_source_clock_fit,31.647430617591457,7.969985951846911,3.3946104319363184,-0.02287690018221935,0.0,-2.1917335317540987
31.9,uav_03,1,passive_piecewise_source_clock_fit,31.645331215154727,7.9622627609630605,3.1938686389254274,-0.05087590872493898,0.0,-1.9212409127506103
32.0,uav_03,1,passive_piecewise_source_clock_fit,31.63984890293274,7.958887238513358,3.0183938087617217,-0.07240068791536423,0.0,-1.6501900252272188
32.1,uav_03,1,passive_piecewise_source_clock_fit,31.62686559980683,7.958887238513358,2.8683692248942267,-0.09088410334743643,0.0,-1.393064604809608
32.2,uav_03,1,passive_piecewise_source_clock_fit,31.61466401608917,7.958887238513358,2.739111127933188,-0.1,0.0,-1.1575897746458843
32.3,uav_03,1,passive_piecewise_source_clock_fit,31.606492546175375,7.958887238513358,2.6307453289420977,-0.1,-0.007850934211580498,-0.9397142565668243
32.4,uav_03,1,passive_piecewise_source_clock_fit,31.598321076531615,7.955372081970889,2.5414954266035656,-0.09683282517817395,-0.02950152446547816,-0.736656503563479
32.5,uav_03,1,passive_piecewise_source_clock_fit,31.590149606427264,7.9477885251798055,2.465546704772826,-0.08759111746213766,-0.05963553015144935,-0.5566401143184779
32.6,uav_03,1,passive_piecewise_source_clock_fit,31.580518693772483,7.944124639567971,2.4133976389844083,-0.08,-0.09660236101559178,-0.3935905559376329
32.7,uav_03,1,passive_piecewise_source_clock_fit,31.564964719393128,7.92460076257506,2.377323106090197,-0.07910770203006545,-0.1344614898496727,-0.2475078284209164
32.8,uav_03,1,passive_piecewise_source_clock_fit,31.556793250130493,7.9141949270509855,2.3497319886280588,-0.06986599431402954,-0.18080403411582283,-0.11839193176835433
32.9,uav_03,1,passive_piecewise_source_clock_fit,31.54862177972346,7.893680714849245,2.3312485731959884,-0.06062428659799414,-0.23625428041203514,-0.00749143917592969
33.0,uav_03,1,passive_piecewise_source_clock_fit,31.548069788725936,7.8613774707450546,2.33,-0.06,-0.29571364468371697,0.10214168192014784
33.1,uav_03,1,passive_piecewise_source_clock_fit,31.539977298847024,7.828524913398471,2.3391523842171162,-0.05084761578288383,-0.354914305302697,0.2015238421711617
33.2,uav_03,1,passive_piecewise_source_clock_fit,31.531179715370424,7.785293558190031,2.3582044173425736,-0.04089779132871297,-0.4237154606990092,0.29191987804158326
33.3,uav_03,1,passive_piecewise_source_clock_fit,31.52237463835065,7.741083829391779,2.387181527849864,-0.03093949071671219,-0.5024840742663025,0.3815445835495903
33.4,uav_03,1,passive_piecewise_source_clock_fit,31.521543945611363,7.686864382100563,2.4260752395811553,-0.020981190104711157,-0.5731316692670219,0.4531316692670219
33.5,uav_03,1,passive_piecewise_source_clock_fit,31.513606431822737,7.62163878338652,2.4748855525364433,-0.002045778985422915,-0.660793994565597,0.5228397735510198
33.6,uav_03,1,passive_piecewise_source_clock_fit,31.51270199832534,7.555324189902675,2.5246770555964493,0.01787082223858,-0.74148328895432,0.5925478778350299
33.7,uav_03,1,passive_piecewise_source_clock_fit,31.520565771355855,7.479138720721156,2.5833622703877386,0.05557484692515914,-0.8211496938503182,0.6622559821190286
33.8,uav_03,1,passive_piecewise_source_clock_fit,31.521543945611363,7.391947100116799,2.6519640864030336,0.09540804937316208,-0.9096681110896147,0.7231120740597431
33.9,uav_03,1,passive_piecewise_source_clock_fit,31.529412665078436,7.292860391181439,2.7311944481235617,0.13559722406178082,-0.9822951421081164,0.8011944481235617
34.0,uav_03,1,passive_piecewise_source_clock_fit,31.546097523283752,7.193117759315834,2.81107768803297,0.1666541330123638,-1.052192977028849,0.8721929770288488
34.1,uav_03,1,passive_piecewise_source_clock_fit,31.563739642573864,7.083630651400597,2.9086108694591424,0.1877221738918285,-1.1220276086213996,0.9508886955673139
34.2,uav_03,1,passive_piecewise_source_clock_fit,31.581381761863977,6.972905715591444,3.0083746288770774,0.1988374628877078,-1.2006997031016622,1.0306997031016623
34.3,uav_03,1,passive_piecewise_source_clock_fit,31.591230730214836,6.842616326280188,3.116952227124515,0.2,-1.2805107106360105,1.1105107106360106
34.4,uav_03,1,passive_piecewise_source_clock_fit,31.607824051901677,6.709746403830839,3.235482577255525,0.1824195704574125,-1.3691119329416437,1.1903217181703498
34.5,uav_03,1,passive_piecewise_source_clock_fit,31.6254661711918,6.567146694349104,3.3551990885570455,0.17123340928691283,-1.4588993164177846,1.2701327257046975
34.6,uav_03,1,passive_piecewise_source_clock_fit,31.63537780435476,6.413500710269711,3.492401533168322,0.15251406669023965,-1.5574296665488019,1.3499437332390414
34.7,uav_03,1,passive_piecewise_source_clock_fit,31.651908461229496,6.258485800483201,3.6320707963534318,0.12384197220997892,-1.648474083370063,1.412316055580042
34.8,uav_03,1,passive_piecewise_source_clock_fit,31.661861872026492,6.0841686339249055,3.77174005953854,0.09391284438459836,-1.7295657483077376,1.4721743112308032
34.9,uav_03,1,passive_piecewise_source_clock_fit,31.663015110983277,5.907008736904129,3.928753511684154,0.055311622078961266,-1.8093767558420775,1.5320325668815582
35.0,uav_03,1,passive_piecewise_source_clock_fit,31.663015110983277,5.729813574492275,4.080265695503402,0.009291970155186617,-1.8769912417827386,1.5725664238758508
35.1,uav_03,1,passive_piecewise_source_clock_fit,31.663015110983277,5.545742088697277,4.229339284819736,-0.02983482120493409,-1.934752231807401,1.6172935265061676
35.2,uav_03,1,passive_piecewise_source_clock_fit,31.656980499901398,5.3586256399016365,4.386024638571982,-0.07412489369764143,-1.9841248936976414,1.6572999149581131
35.3,uav_03,1,passive_piecewise_source_clock_fit,31.648676419907904,5.1710014992875735,4.551899972246592,-0.10243333024962123,-2.031083325624053,1.6948666604992424
35.4,uav_03,1,passive_piecewise_source_clock_fit,31.635413464767286,4.977152810105054,4.715341975671598,-0.11560835151009403,-2.072433406040376,1.7268250545302821
35.5,uav_03,1,passive_piecewise_source_clock_fit,31.62322631217627,4.773555707668634,4.880000682116782,-0.11499996210462321,-2.110000151581507,1.7500000757907537
35.6,uav_03,1,passive_piecewise_source_clock_fit,31.614922232029894,4.569958689350192,5.04905103705187,-0.09682482715802138,-2.1475668971226383,1.7643917242806595
35.7,uav_03,1,passive_piecewise_source_clock_fit,31.60661815173065,4.363512787164348,5.221884802652906,-0.06864976800217264,-2.1813502319978273,1.77
35.8,uav_03,1,passive_piecewise_source_clock_fit,31.601121476211596,4.148141905275405,5.397151746922039,-0.03412451474387811,-2.2095252911536734,1.7668249029487757
35.9,uav_03,1,passive_piecewise_source_clock_fit,31.601121476211596,3.9362175477627375,5.566668789754682,0.0077781316257804125,-2.232592710541927,1.7522218683742197
36.0,uav_03,1,passive_piecewise_source_clock_fit,31.601121476211596,3.7152690343423505,5.7369943075727345,0.038704542958290636,-2.2421761357395726,1.723471592781282
36.1,uav_03,1,passive_piecewise_source_clock_fit,31.602982412719484,3.492545255280963,5.907884027192675,0.07631400453211239,-2.247895331822629,1.6915813272905167
36.2,uav_03,1,passive_piecewise_source_clock_fit,31.61176116901921,3.261137994017541,6.084564410457858,0.10609960184550435,-2.235933598769664,1.6498339969241593
36.3,uav_03,1,passive_piecewise_source_clock_fit,31.62053992606451,3.0319080034106585,6.251387728847452,0.13392346610593167,-2.2160765338940687,1.598229601682205
36.4,uav_03,1,passive_piecewise_source_clock_fit,31.630990045128872,2.8115201352086507,6.410244247852223,0.151890265490764,-2.1924389380369442,1.536768141564652
36.5,uav_03,1,passive_piecewise_source_clock_fit,31.646939386695554,2.591132267497137,6.567281968928419,0.1618187979285613,-2.152724808285755,1.4654496165715096
36.6,uav_03,1,passive_piecewise_source_clock_fit,31.65726312325842,2.370744399146061,6.714462625129033,0.17,-2.1130106785345624,1.3842740267027647
36.7,uav_03,1,passive_piecewise_source_clock_fit,31.674820636594465,2.152216522879975,6.853462079258193,0.16832413719584327,-2.0716206859792163,1.2932413719584326
36.8,uav_03,1,passive_piecewise_source_clock_fit,31.690959551913384,1.9428480480639088,6.989252742903453,0.16,-2.0187692333063185,1.1907472570965463
36.9,uav_03,1,passive_piecewise_source_clock_fit,31.70109371472402,1.735180925735696,7.106862204477279,0.15846707232024732,-1.9492695062417311,1.0716048678429677
37.0,uav_03,1,passive_piecewise_source_clock_fit,31.718749543169984,1.5374049052030314,7.2151705596072375,0.14848294403927617,-1.8778635523142093,0.9533123844320378
37.1,uav_03,1,passive_piecewise_source_clock_fit,31.735362829977422,1.3429489525546967,7.3145862614583494,0.13817671731770637,-1.7935904558593572,0.8399438904947698
37.2,uav_03,1,passive_piecewise_source_clock_fit,31.744456898997278,1.1512308942444667,7.396867401218712,0.13,-1.698915748476609,0.728915748476609
37.3,uav_03,1,passive_piecewise_source_clock_fit,31.755565080302052,0.9722072747862559,7.476350152878022,0.1276642638745684,-1.5966426387456838,0.6289783748711154
37.4,uav_03,1,passive_piecewise_source_clock_fit,31.771454494320576,0.8035607313394939,7.545851777082011,0.12,-1.490938408682981,0.5388642972239863
37.5,uav_03,1,passive_piecewise_source_clock_fit,31.78056720603001,0.6466926459783412,7.604740947842858,0.11705181043142841,-1.3746217251771409,0.4593626730199989
37.6,uav_03,1,passive_piecewise_source_clock_fit,31.792557455983488,0.5016030187939166,7.653017665160565,0.11,-1.2509470045183062,0.39047350225915306
37.7,uav_03,1,passive_piecewise_source_clock_fit,31.80763457732748,0.3682918486256898,7.694242572046842,0.10643935698828928,-1.1237116408477605,0.3321967849414464
37.8,uav_03,1,passive_piecewise_source_clock_fit,31.816747289475583,0.24675913608356484,7.731600609199837,0.09613313026672086,-0.9935975632006504,0.2806656513336043
37.9,uav_03,1,passive_piecewise_source_clock_fit,31.825860001338924,0.13700488157324783,7.7625192893645485,0.08582690354515078,-0.8699228425418094,0.2333076141806031
38.0,uav_03,1,passive_piecewise_source_clock_fit,31.83101211946978,0.04583444902722026,7.788486547383894,0.07575672630805386,-0.7533239893885925,0.19727017892416157
38.1,uav_03,1,passive_piecewise_source_clock_fit,31.834519121667913,-0.025302779785909245,7.807932646700307,0.06603367664984705,-0.6424041197981646,0.16016838324923524
38.2,uav_03,1,passive_piecewise_source_clock_fit,31.843065290707422,-0.0896674300240857,7.823631805745279,0.05636819425472028,-0.5227865253113636,0.10457735978304197
38.3,uav_03,1,passive_piecewise_source_clock_fit,31.84869601529833,-0.1467129493525917,7.833297288140406,0.04670271185959338,-0.4004325423151205,0.036918983017153614
38.4,uav_03,1,passive_piecewise_source_clock_fit,31.851315681387906,-0.1863344223678523,7.837037229464466,0.037037229464466186,-0.29037229464466185,-0.03962770535533816
38.5,uav_03,1,passive_piecewise_source_clock_fit,31.85753796258435,-0.2185167473130917,7.827371747069338,0.027371747069339553,-0.19897397655471644,-0.14679554102924625
38.6,uav_03,1,passive_piecewise_source_clock_fit,31.85753796258435,-0.24815332154801398,7.81082505869685,0.02,-0.12853132337106216,-0.2866997652126011
38.7,uav_03,1,passive_piecewise_source_clock_fit,31.859270292565366,-0.2674337250228465,7.772163129116346,0.018040782279086426,-0.0821631291163457,-0.4472251366973579
38.8,uav_03,1,passive_piecewise_source_clock_fit,31.86637990987037,-0.27816116685624787,7.728627099187715,0.01,-0.04675059976791903,-0.6357434025528906
38.9,uav_03,1,passive_piecewise_source_clock_fit,31.86637990987037,-0.2888886086896497,7.657098174888323,0.01,-0.02741963497766419,-0.8522545627791975
39.0,uav_03,1,passive_piecewise_source_clock_fit,31.86637990987037,-0.2995203239761127,7.559567022686118,0.01,-0.009130585223843194,-1.092604784180077
