agent_id,source_boot_s,east_m,north_m,up_m,qw,qx,qy,qz
uav_01,2.629781,-18.235906967997387,-7.648818532183699,0.10000038146972656,1.0,0.0,0.0,0.0
uav_01,2.729741,-18.235906967997387,-7.648818532183699,0.10000038146972656,1.0,0.0,0.0,0.0
uav_01,2.829701,-18.235906967997387,-7.648818532183699,0.10000038146972656,1.0,0.0,0.0,0.0
uav_01,2.929661,-18.235906967997387,-7.648818532183699,0.10000038146972656,1.0,0.0,0.0,0.0
uav_01,3.029621,-18.235906967997387,-7.648818532183699,0.10000038146972656,1.0,0.0,0.0,0.0
uav_01,3.129581,-18.235906967997387,-7.648818532183699,0.10000038146972656,1.0,0.0,0.0,0.0
uav_01,3.229541,-18.235906967997387,-7.648818532183699,0.10000038146972656,1.0,0.0,0.0,0.0
uav_01,3.329501,-18.235906967997387,-7.648818532183699,0.10000038146972656,1.0,0.0,0.0,0.0
uav_01,3.429461,-18.235906967997387,-7.648818532183699,0.10000038146972656,1.0,0.0,0.0,0.0
uav_01,3.529421,-18.235906967997387,-7.648818532183699,0.10000038146972656,1.0,0.0,0.0,0.0
uav_01,3.629381,-18.235906967997387,-7.648818532183699,0.10000038146972656,1.0,0.0,0.0,0.0
uav_01,3.729341,-18.235906967997387,-7.648818532183699,0.10000038146972656,1.0,0.0,0.0,0.0
uav_01,3.829301,-18.235906967997387,-7.648818532183699,0.10000038146972656,1.0,0.0,0.0,0.0
uav_01,3.929261,-18.235906967997387,-7.648818532183699,0.10000038146972656,1.0,0.0,0.0,0.0
uav_01,4.029221,-18.235906967997387,-7.648818532183699,0.10000038146972656,1.0,0.0,0.0,0.0
uav_01,4.129181,-18.235906967997387,-7.648818532183699,0.10000038146972656,1.0,0.0,0.0,0.0
uav_01,4.229141,-18.235906967997387,-7.648818532183699,0.10000038146972656,1.0,0.0,0.0,0.0
uav_01,4.329101,-18.235906967997387,-7.648818532183699,0.10000038146972656,1.0,0.0,0.0,0.0
uav_01,4.429061,-18.235906967997387,-7.648818532183699,0.10000038146972656,1.0,0.0,0.0,0.0
uav_01,4.529021,-18.235906967997387,-7.648818532183699,0.10000038146972656,1.0,0.0,0.0,0.0
uav_01,4.629814,-18.235906967997387,-7.648818532183699,0.10000038146972656,1.0,0.0,0.0,0.0
uav_01,4.729774,-18.235906967997387,-7.648818532183699,0.10000038146972656,1.0,0.0,0.0,0.0
uav_01,4.829734,-18.235906967997387,-7.648818532183699,0.10000038146972656,1.0,0.0,0.0,0.0
uav_01,4.929694,-18.235906967997387,-7.648818532183699,0.10000038146972656,1.0,0.0,0.0,0.0
uav_01,5.029654,-18.235906967997387,-7.648818532183699,0.10000038146972656,1.0,0.0,0.0,0.0
uav_01,5.129614,-18.235906967997387,-7.648818532183699,0.10000038146972656,1.0,0.0,0.0,0.0
uav_01,5.229574,-18.235906967997387,-7.648818532183699,0.10000038146972656,1.0,0.0,0.0,0.0
uav_01,5.329534,-18.235906967997387,-7.648818532183699,0.10000038146972656,1.0,0.0,0.0,0.0
uav_01,5.429494,-18.235906967997387,-7.648818532183699,0.10000038146972656,1.0,0.0,0.0,0.0
uav_01,5.529454,-18.235906967997387,-7.648818532183699,0.10000038146972656,1.0,0.0,0.0,0.0
uav_01,5.629414,-18.235906967997387,-7.648818532183699,0.10000038146972656,1.0,0.0,0.0,0.0
uav_01,5.729374,-18.235906967997387,-7.648818532183699,0.10000038146972656,1.0,0.0,0.0,0.0
uav_01,5.829334,-18.235906967997387,-7.648818532183699,0.10000038146972656,1.0,0.0,0.0,0.0
uav_01,5.929294,-18.235906967997387,-7.648818532183699,0.10000038146972656,1.0,0.0,0.0,0.0
uav_01,6.029254,-18.235906967997387,-7.648818532183699,0.10000038146972656,1.0,0.0,0.0,0.0
uav_01,6.129214,-18.235906967997387,-7.648818532183699,0.10000038146972656,1.0,0.0,0.0,0.0
uav_01,6.229174,-18.235906967997387,-7.648818532183699,0.10000038146972656,1.0,0.0,0.0,0.0
uav_01,6.329134,-18.235906967997387,-7.648818532183699,0.10000038146972656,1.0,0.0,0.0,0.0
uav_01,6.429094,-18.235906967997387,-7.648818532183699,0.10000038146972656,1.0,0.0,0.0,0.0
uav_01,6.529054,-18.235906967997387,-7.648818532183699,0.10000038146972656,1.0,0.0,0.0,0.0
uav_01,6.629014,-18.235906967997387,-7.648818532183699,0.10000038146972656,1.0,0.0,0.0,0.0
uav_01,6.729807,-18.235906967997387,-7.648818532183699,0.10000038146972656,1.0,0.0,0.0,0.0
uav_01,6.829767,-18.235906967997387,-7.648818532183699,0.10000038146972656,1.0,0.0,0.0,0.0
uav_01,6.929727,-18.235906967997387,-7.648818532183699,0.10000038146972656,1.0,0.0,0.0,0.0
uav_01,7.029687,-18.235906967997387,-7.648818532183699,0.10000038146972656,1.0,0.0,0.0,0.0
uav_01,7.129647,-18.235906967997387,-7.648818532183699,0.10000038146972656,1.0,0.0,0.0,0.0
uav_01,7.229607,-18.235906967997387,-7.648818532183699,0.10000038146972656,1.0,0.0,0.0,0.0
uav_01,7.329567,-18.235906967997387,-7.648818532183699,0.10000038146972656,1.0,0.0,0.0,0.0
uav_01,7.429527,-18.235906967997387,-7.648818532183699,0.10000038146972656,1.0,0.0,0.0,0.0
uav_01,7.529487,-18.235906967997387,-7.648818532183699,0.10000038146972656,1.0,0.0,0.0,0.0
uav_01,7.629447,-18.235906967997387,-7.648818532183699,0.10000038146972656,1.0,0.0,0.0,0.0
uav_01,7.729407,-18.235906967997387,-7.648818532183699,0.10000038146972656,1.0,0.0,0.0,0.0
uav_01,7.829367,-18.235906967997387,-7.648818532183699,0.10000038146972656,1.0,0.0,0.0,0.0
uav_01,7.929327,-18.235906967997387,-7.648818532183699,0.10000038146972656,1.0,0.0,0.0,0.0
uav_01,8.029287,-18.235906967997387,-7.648818532183699,0.10000038146972656,1.0,0.0,0.0,0.0
uav_01,8.129247,-18.235906967997387,-7.648818532183699,0.10000038146972656,1.0,0.0,0.0,0.0
uav_01,8.229207,-18.235906967997387,-7.648818532183699,0.10000038146972656,1.0,0.0,0.0,0.0
uav_01,8.329167,-18.235906967997387,-7.648818532183699,0.10000038146972656,1.0,0.0,0.0,0.0
uav_01,8.429127,-18.235906967997387,-7.648818532183699,0.10000038146972656,1.0,0.0,0.0,0.0
uav_01,8.529087,-18.235906967997387,-7.648818532183699,0.10000038146972656,1.0,0.0,0.0,0.0
uav_01,8.629047,-18.235906967997387,-7.648818532183699,0.10000038146972656,1.0,0.0,0.0,0.0
uav_01,8.729007,-18.235906967997387,-7.648818532183699,0.10000038146972656,1.0,0.0,0.0,0.0
uav_01,8.8298,-18.235906967997387,-7.648818532183699,0.10000038146972656,1.0,0.0,0.0,0.0
uav_01,8.92976,-18.235906967997387,-7.648818532183699,0.10000038146972656,1.0,0.0,0.0,0.0
uav_01,9.02972,-18.235906967997387,-7.648818532183699,0.10000038146972656,1.0,0.0,0.0,0.0
uav_01,9.12968,-18.235906967997387,-7.648818532183699,0.10000038146972656,1.0,0.0,0.0,0.0
uav_01,9.22964,-18.235906967997387,-7.648818532183699,0.10000038146972656,1.0,0.0,0.0,0.0
uav_01,9.3296,-18.235906967997387,-7.648818532183699,0.10000038146972656,1.0,0.0,0.0,0.0
uav_01,9.42956,-18.235906967997387,-7.648818532183699,0.10000038146972656,1.0,0.0,0.0,0.0
uav_01,9.52952,-18.235906967997387,-7.648818532183699,0.10000038146972656,1.0,0.0,0.0,0.0
uav_01,9.62948,-18.235906967997387,-7.648818532183699,0.10000038146972656,1.0,0.0,0.0,0.0
uav_01,9.72944,-18.235906967997387,-7.648818532183699,0.10000038146972656,1.0,0.0,0.0,0.0
uav_01,9.8294,-18.235906967997387,-7.648818532183699,0.10000038146972656,1.0,0.0,0.0,0.0
uav_01,9.92936,-18.235906967997387,-7.648818532183699,0.10000038146972656,1.0,0.0,0.0,0.0
uav_01,10.02932,-18.235906967997387,-7.648818532183699,0.10000038146972656,1.0,0.0,0.0,0.0
uav_01,10.12928,-18.235906967997387,-7.648818532183699,0.10000038146972656,1.0,0.0,0.0,0.0
uav_01,10.22924,-18.235906967997387,-7.648818532183699,0.10000038146972656,1.0,0.0,0.0,0.0
uav_01,10.3292,-18.235906967997387,-7.648818532183699,0.10000038146972656,1.0,0.0,0.0,0.0
uav_01,10.42916,-18.235906967997387,-7.648818532183699,0.10000038146972656,1.0,0.0,0.0,0.0
uav_01,10.52912,-18.235906967997387,-7.648818532183699,0.10000038146972656,1.0,0.0,0.0,0.0
uav_01,10.62908,-18.235906967997387,-7.648818532183699,0.10000038146972656,1.0,0.0,0.0,0.0
uav_01,10.72904,-18.235906967997387,-7.648818532183699,0.10000038146972656,1.0,0.0,0.0,0.0
uav_01,10.829,-18.235906967997387,-7.648818532183699,0.10000038146972656,1.0,0.0,0.0,0.0
uav_01,10.929793,-18.235906967997387,-7.648818532183699,0.10000038146972656,1.0,0.0,0.0,0.0
uav_01,11.029753,-18.235906967997387,-7.648818532183699,0.10000038146972656,1.0,0.0,0.0,0.0
uav_01,11.129713,-18.235906967997387,-7.648818532183699,0.10000038146972656,1.0,0.0,0.0,0.0
uav_01,11.229673,-18.235906967997387,-7.648818532183699,0.10000038146972656,1.0,0.0,0.0,0.0
uav_01,11.329633,-18.235906967997387,-7.648818532183699,0.10000038146972656,1.0,0.0,0.0,0.0
uav_01,11.429593,-18.235906967997387,-7.648818532183699,0.10000038146972656,1.0,0.0,0.0,0.0
uav_01,11.529553,-18.235906967997387,-7.648818532183699,0.10000038146972656,1.0,0.0,0.0,0.0
uav_01,11.629513,-18.235906967997387,-7.648818532183699,0.10000038146972656,1.0,0.0,0.0,0.0
uav_01,11.729473,-18.235906967997387,-7.648818532183699,0.10000038146972656,1.0,0.0,0.0,0.0
uav_01,11.829433,-18.235906967997387,-7.648818532183699,0.10000038146972656,1.0,0.0,0.0,0.0
uav_01,11.929393,-18.235906967997387,-7.648818532183699,0.10000038146972656,1.0,0.0,0.0,0.0
uav_01,12.029353,-18.235906967997387,-7.648818532183699,0.10000038146972656,1.0,0.0,0.0,0.0
uav_01,12.129313,-18.235906967997387,-7.648818532183699,0.10000038146972656,1.0,0.0,0.0,0.0
uav_01,12.229273,-18.235906967997387,-7.648818532183699,0.10000038146972656,1.0,0.0,0.0,0.0
uav_01,12.329233,-18.235906967997387,-7.648818532183699,0.10000038146972656,1.0,0.0,0.0,0.0
uav_01,12.429193,-18.235906967997387,-7.648818532183699,0.10000038146972656,1.0,0.0,0.0,0.0
uav_01,12.529153,-18.235906967997387,-7.648818532183699,0.10000038146972656,1.0,0.0,0.0,0.0
uav_01,12.629113,-18.235906967997387,-7.648818532183699,0.10000038146972656,1.0,0.0,0.0,0.0
uav_01,12.729073,-18.235906967997387,-7.648818532183699,0.10000038146972656,1.0,0.0,0.0,0.0
uav_01,12.829033,-18.235906967997387,-7.648818532183699,0.10000038146972656,1.0,0.0,0.0,0.0
uav_01,12.928993,-18.235906967997387,-7.648818532183699,0.10000038146972656,1.0,0.0,0.0,0.0
uav_01,13.029786,-18.235906967997387,-7.648818532183699,0.10000038146972656,1.0,0.0,0.0,0.0
uav_01,13.129746,-18.235906967997387,-7.648818532183699,0.10000038146972656,1.0,0.0,0.0,0.0
uav_01,13.229706,-18.235906967997387,-7.648818532183699,0.10000038146972656,1.0,0.0,0.0,0.0
uav_01,13.329666,-18.235906967997387,-7.648818532183699,0.10000038146972656,1.0,0.0,0.0,0.0
uav_01,13.429626,-18.235906967997387,-7.648818532183699,0.10000038146972656,1.0,0.0,0.0,0.0
uav_01,13.529586,-18.235906967997387,-7.648818532183699,0.10000038146972656,1.0,0.0,0.0,0.0
uav_01,13.629546,-18.235906967997387,-7.648818532183699,0.10000038146972656,1.0,0.0,0.0,0.0
uav_01,13.729506,-18.235906967997387,-7.648818532183699,0.10000038146972656,1.0,0.0,0.0,0.0
uav_01,13.829466,-18.235906967997387,-7.648818532183699,0.10000038146972656,1.0,0.0,0.0,0.0
uav_01,13.929426,-18.235906967997387,-7.648818532183699,0.10000038146972656,1.0,0.0,0.0,0.0
uav_01,14.029386,-18.235906967997387,-7.648818532183699,0.10000038146972656,1.0,0.0,0.0,0.0
uav_01,14.129346,-18.235906967997387,-7.648818532183699,0.10000038146972656,1.0,0.0,0.0,0.0
uav_01,14.229306,-18.235906967997387,-7.648818532183699,0.10000038146972656,1.0,0.0,0.0,0.0
uav_01,14.329266,-18.235906967997387,-7.648818532183699,0.10000038146972656,1.0,0.0,0.0,0.0
uav_01,14.429226,-18.235906967997387,-7.648818532183699,0.10000038146972656,1.0,0.0,0.0,0.0
uav_01,14.529186,-18.235906967997387,-7.648818532183699,0.10000038146972656,1.0,0.0,0.0,0.0
uav_01,14.629146,-18.235906967997387,-7.648818532183699,0.10000038146972656,1.0,0.0,0.0,0.0
uav_01,14.729106,-18.235906967997387,-7.648818532183699,0.10000038146972656,1.0,0.0,0.0,0.0
uav_01,14.829066,-18.235906967997387,-7.648818532183699,0.10000038146972656,1.0,0.0,0.0,0.0
uav_01,14.929026,-18.235906967997387,-7.648818532183699,0.10000038146972656,1.0,0.0,0.0,0.0
uav_01,15.029819,-18.235906967997387,-7.648818532183699,0.10000038146972656,1.0,0.0,0.0,0.0
uav_01,15.129779,-18.235906967997387,-7.648818532183699,0.10000038146972656,1.0,0.0,0.0,0.0
uav_01,15.229739,-18.235906967997387,-7.648818532183699,0.10000038146972656,1.0,0.0,0.0,0.0
uav_01,15.329699,-18.235906967997387,-7.648818532183699,0.10000038146972656,1.0,0.0,0.0,0.0
uav_01,15.429659,-18.235906967997387,-7.648818532183699,0.10000038146972656,1.0,0.0,0.0,0.0
uav_01,15.529619,-18.235906967997387,-7.648818532183699,0.10000038146972656,1.0,0.0,0.0,0.0
uav_01,15.629579,-18.235906967997387,-7.648818532183699,0.10000038146972656,1.0,0.0,0.0,0.0
uav_01,15.729539,-18.235906967997387,-7.648818532183699,0.10000038146972656,1.0,0.0,0.0,0.0
uav_01,15.829499,-18.235906967997387,-7.648818532183699,0.10000038146972656,1.0,0.0,0.0,0.0
uav_01,15.929459,-18.235906967997387,-7.648818532183699,0.10000038146972656,1.0,0.0,0.0,0.0
uav_01,16.029419,-18.235906967997387,-7.648818532183699,0.10000038146972656,1.0,0.0,0.0,0.0
uav_01,16.129379,-18.235906967997387,-7.648818532183699,0.10000038146972656,1.0,0.0,0.0,0.0
uav_01,16.229339,-18.235906967997387,-7.648818532183699,0.10000038146972656,1.0,0.0,0.0,0.0
uav_01,16.329299,-18.235906967997387,-7.648818532183699,0.10000038146972656,1.0,0.0,0.0,0.0
uav_01,16.429259,-18.235906967997387,-7.648818532183699,0.10000038146972656,1.0,0.0,0.0,0.0
uav_01,16.529219,-18.235906967997387,-7.648818532183699,0.10000038146972656,1.0,0.0,0.0,0.0
uav_01,16.629179,-18.235906967997387,-7.648818532183699,0.10000038146972656,1.0,0.0,0.0,0.0
uav_01,16.729139,-18.235906967997387,-7.648818532183699,0.10000038146972656,1.0,0.0,0.0,0.0
uav_01,16.829099,-18.235906967997387,-7.648818532183699,0.10000038146972656,1.0,0.0,0.0,0.0
uav_01,16.929059,-18.235906967997387,-7.648818532183699,0.10000038146972656,1.0,0.0,0.0,0.0
uav_01,17.029019,-18.235906967997387,-7.648818532183699,0.10000038146972656,1.0,0.0,0.0,0.0
uav_01,17.129812,-18.235906967997387,-7.648818532183699,0.10000038146972656,1.0,0.0,0.0,0.0
uav_01,17.229772,-18.235906967997387,-7.648818532183699,0.10000038146972656,1.0,0.0,0.0,0.0
uav_01,17.329732,-18.235906967997387,-7.648818532183699,0.10000038146972656,1.0,0.0,0.0,0.0
uav_01,17.429692,-18.235906967997387,-7.648818532183699,0.10000038146972656,1.0,0.0,0.0,0.0
uav_01,17.529652,-18.235906967997387,-7.648818532183699,0.10000038146972656,1.0,0.0,0.0,0.0
uav_01,17.629612,-18.235906967997387,-7.648818532183699,0.10000038146972656,1.0,0.0,0.0,0.0
uav_01,17.729572,-18.235906967997387,-7.648818532183699,0.10000038146972656,1.0,0.0,0.0,0.0
uav_01,17.829532,-18.235906967997387,-7.648818532183699,0.10000038146972656,1.0,0.0,0.0,0.0
uav_01,17.929492,-18.235906967997387,-7.648818532183699,0.10000038146972656,1.0,0.0,0.0,0.0
uav_01,18.029452,-18.235906967997387,-7.648818532183699,0.10000038146972656,1.0,0.0,0.0,0.0
uav_01,18.129412,-18.235906967997387,-7.648818532183699,0.10000038146972656,1.0,0.0,0.0,0.0
uav_01,18.229372,-18.235906967997387,-7.648818532183699,0.10000038146972656,1.0,0.0,0.0,0.0
uav_01,18.329332,-18.235906967997387,-7.648818532183699,0.10000038146972656,1.0,0.0,0.0,0.0
uav_01,18.429292,-18.235906967997387,-7.648818532183699,0.10000038146972656,1.0,0.0,0.0,0.0
uav_01,18.529252,-18.235906967997387,-7.648818532183699,0.10000038146972656,1.0,0.0,0.0,0.0
uav_01,18.629212,-18.235906967997387,-7.648818532183699,0.10000038146972656,1.0,0.0,0.0,0.0
uav_01,18.729172,-18.235906967997387,-7.648818532183699,0.10000038146972656,1.0,0.0,0.0,0.0
uav_01,18.829132,-18.235906967997387,-7.648818532183699,0.10000038146972656,1.0,0.0,0.0,0.0
uav_01,18.929092,-18.235906967997387,-7.648818532183699,0.10000038146972656,1.0,0.0,0.0,0.0
uav_01,19.029052,-18.235906967997387,-7.648818532183699,0.10000038146972656,1.0,0.0,0.0,0.0
uav_01,19.129012,-18.235906967997387,-7.648818532183699,0.10000038146972656,1.0,0.0,0.0,0.0
uav_01,19.229805,-18.235906967997387,-7.648818532183699,0.10000038146972656,1.0,0.0,0.0,0.0
uav_01,19.329765,-18.235906967997387,-7.648818532183699,0.10000038146972656,1.0,0.0,0.0,0.0
uav_01,19.429725,-18.235906967997387,-7.648818532183699,0.10000038146972656,1.0,0.0,0.0,0.0
uav_01,19.529685,-18.235906967997387,-7.648818532183699,0.10000038146972656,1.0,0.0,0.0,0.0
uav_01,19.629645,-18.235906967997387,-7.648818532183699,0.10000038146972656,1.0,0.0,0.0,0.0
uav_01,19.729605,-18.235906967997387,-7.648818532183699,0.10000038146972656,1.0,0.0,0.0,0.0
uav_01,19.829565,-18.235906967997387,-7.648818532183699,0.10000038146972656,1.0,0.0,0.0,0.0
uav_01,19.929525,-18.235906967997387,-7.648818532183699,0.10000038146972656,1.0,0.0,0.0,0.0
uav_01,20.029485,-18.235906967997387,-7.648818532183699,0.10000038146972656,1.0,0.0,0.0,0.0
uav_01,20.129445,-18.235906967997387,-7.648818532183699,0.10000038146972656,1.0,0.0,0.0,0.0
uav_01,20.229405,-18.235906967997387,-7.648818532183699,0.10000038146972656,1.0,0.0,0.0,0.0
uav_01,20.329365,-18.235906967997387,-7.648818532183699,0.10000038146972656,1.0,0.0,0.0,0.0
uav_01,20.429325,-18.235906967997387,-7.648818532183699,0.10000038146972656,1.0,0.0,0.0,0.0
uav_01,20.529285,-18.235906967997387,-7.648818532183699,0.10000038146972656,1.0,0.0,0.0,0.0
uav_01,20.629245,-18.235906967997387,-7.648818532183699,0.10000038146972656,1.0,0.0,0.0,0.0
uav_01,20.729205,-18.235906967997387,-7.648818532183699,0.10000038146972656,1.0,0.0,0.0,0.0
uav_01,20.829165,-18.235906967997387,-7.648818532183699,0.10000038146972656,1.0,0.0,0.0,0.0
uav_01,20.929125,-18.235906967997387,-7.648818532183699,0.10000038146972656,1.0,0.0,0.0,0.0
uav_01,21.029085,-18.235906967997387,-7.648818532183699,0.10000038146972656,1.0,0.0,0.0,0.0
uav_01,21.129045,-18.235906967997387,-7.648818532183699,0.10000038146972656,1.0,0.0,0.0,0.0
uav_01,21.229005,-18.235906967997387,-7.648818532183699,0.10000038146972656,1.0,0.0,0.0,0.0
uav_01,21.329798,-18.235906967997387,-7.648818532183699,0.10000038146972656,1.0,0.0,0.0,0.0
uav_01,21.429758,-18.235906967997387,-7.648818532183699,0.10000038146972656,1.0,0.0,0.0,0.0
uav_01,21.529718,-18.235906967997387,-7.648818532183699,0.10000038146972656,1.0,0.0,0.0,0.0
uav_01,21.629678,-18.235906967997387,-7.648818532183699,0.10000038146972656,1.0,0.0,0.0,0.0
uav_01,21.729638,-18.235906967997387,-7.648818532183699,0.10000038146972656,1.0,0.0,0.0,0.0
uav_01,21.829598,-18.235906967997387,-7.648818532183699,0.10000038146972656,1.0,0.0,0.0,0.0
uav_01,21.929558,-18.235906967997387,-7.648818532183699,0.10000038146972656,1.0,0.0,0.0,0.0
uav_01,22.029518,-18.235906967997387,-7.648818532183699,0.10000038146972656,1.0,0.0,0.0,0.0
uav_01,22.129478,-18.235906967997387,-7.648818532183699,0.10000038146972656,1.0,0.0,0.0,0.0
uav_01,22.229438,-18.235906967997387,-7.648818532183699,0.10000038146972656,1.0,0.0,0.0,0.0
uav_01,22.329398,-18.235906967997387,-7.648818532183699,0.10000038146972656,1.0,0.0,0.0,0.0
uav_01,22.429358,-18.235906967997387,-7.648818532183699,0.10000038146972656,1.0,0.0,0.0,0.0
uav_01,22.529318,-18.235906967997387,-7.648818532183699,0.10000038146972656,1.0,0.0,0.0,0.0
uav_01,22.629278,-18.235906967997387,-7.648818532183699,0.10000038146972656,1.0,0.0,0.0,0.0
uav_01,22.729238,-18.235906967997387,-7.648818532183699,0.10000038146972656,1.0,0.0,0.0,0.0
uav_01,22.829198,-18.235906967997387,-7.648818532183699,0.10000038146972656,1.0,0.0,0.0,0.0
uav_01,22.929158,-18.235906967997387,-7.648818532183699,0.10000038146972656,1.0,0.0,0.0,0.0
uav_01,23.029118,-18.235906967997387,-7.648818532183699,0.10000038146972656,1.0,0.0,0.0,0.0
uav_01,23.129078,-18.235906967997387,-7.648818532183699,0.10000038146972656,1.0,0.0,0.0,0.0
uav_01,23.229038,-18.235906967997387,-7.648818532183699,0.10000038146972656,1.0,0.0,0.0,0.0
uav_01,23.328998,-18.235906967997387,-7.648818532183699,0.10000038146972656,1.0,0.0,0.0,0.0
uav_01,23.429791,-18.235906967997387,-7.648818532183699,0.10000038146972656,1.0,0.0,0.0,0.0
uav_01,23.529751,-18.235906967997387,-7.648818532183699,0.10000038146972656,1.0,0.0,0.0,0.0
uav_01,23.629711,-18.235906967997387,-7.648818532183699,0.10000038146972656,1.0,0.0,0.0,0.0
uav_01,23.729671,-18.235906967997387,-7.648818532183699,0.10000038146972656,1.0,0.0,0.0,0.0
uav_01,23.829631,-18.235906967997387,-7.648818532183699,0.10000038146972656,1.0,0.0,0.0,0.0
uav_01,23.929591,-18.235906967997387,-7.648818532183699,0.10000038146972656,1.0,0.0,0.0,0.0
uav_01,24.029551,-18.235906967997387,-7.648818532183699,0.10000038146972656,1.0,0.0,0.0,0.0
uav_01,24.129511,-18.235906967997387,-7.648818532183699,0.10000038146972656,1.0,0.0,0.0,0.0
uav_01,24.229471,-18.235906967997387,-7.648818532183699,0.10000038146972656,1.0,0.0,0.0,0.0
uav_01,24.329431,-18.235906967997387,-7.648818532183699,0.10000038146972656,1.0,0.0,0.0,0.0
uav_01,24.429391,-18.235906967997387,-7.648818532183699,0.10000038146972656,1.0,0.0,0.0,0.0
uav_01,24.529351,-18.235906967997387,-7.648818532183699,0.10000038146972656,1.0,0.0,0.0,0.0
uav_01,24.629311,-18.235906967997387,-7.648818532183699,0.10000038146972656,1.0,0.0,0.0,0.0
uav_01,24.729271,-18.235906967997387,-7.648818532183699,0.10000038146972656,1.0,0.0,0.0,0.0
uav_01,24.829231,-18.235906967997387,-7.648818532183699,0.10000038146972656,1.0,0.0,0.0,0.0
uav_01,24.929191,-18.235906967997387,-7.648818532183699,0.10000038146972656,1.0,0.0,0.0,0.0
uav_01,25.029151,-18.235906967997387,-7.648818532183699,0.10000038146972656,1.0,0.0,0.0,0.0
uav_01,25.129111,-18.235906967997387,-7.648818532183699,0.10000038146972656,1.0,0.0,0.0,0.0
uav_01,25.229071,-18.235906967997387,-7.648818532183699,0.10000038146972656,1.0,0.0,0.0,0.0
uav_01,25.329031,-18.235906967997387,-7.648818532183699,0.10000038146972656,1.0,0.0,0.0,0.0
uav_01,25.428991,-18.235906967997387,-7.648818532183699,0.10000038146972656,1.0,0.0,0.0,0.0
uav_01,25.529784,-18.235906967997387,-7.648818532183699,0.10000038146972656,1.0,0.0,0.0,0.0
uav_01,25.629744,-18.235906967997387,-7.648818532183699,0.10000038146972656,1.0,0.0,0.0,0.0
uav_01,25.729704,-18.235906967997387,-7.648818532183699,0.10000038146972656,1.0,0.0,0.0,0.0
uav_01,25.829664,-18.235906967997387,-7.648818532183699,0.10000038146972656,1.0,0.0,0.0,0.0
uav_01,25.929624,-18.235906967997387,-7.648818532183699,0.10000038146972656,1.0,0.0,0.0,0.0
uav_01,26.029584,-18.235906967997387,-7.648818532183699,0.10000038146972656,1.0,0.0,0.0,0.0
uav_01,26.129544,-18.235906967997387,-7.648818532183699,0.10000038146972656,1.0,0.0,0.0,0.0
uav_01,26.229504,-18.235906967997387,-7.648818532183699,0.10000038146972656,1.0,0.0,0.0,0.0
uav_01,26.329464,-18.235906967997387,-7.648818532183699,0.10000038146972656,1.0,0.0,0.0,0.0
uav_01,26.429424,-18.235906967997387,-7.648818532183699,0.10000038146972656,1.0,0.0,0.0,0.0
uav_01,26.529384,-18.235906967997387,-7.648818532183699,0.10000038146972656,1.0,0.0,0.0,0.0
uav_01,26.629344,-18.235906967997387,-7.648818532183699,0.10000038146972656,1.0,0.0,0.0,0.0
uav_01,26.729304,-18.235906967997387,-7.648818532183699,0.10000038146972656,1.0,0.0,0.0,0.0
uav_01,26.829264,-18.235906967997387,-7.648818532183699,0.10000038146972656,1.0,0.0,0.0,0.0
uav_01,26.929224,-18.235906967997387,-7.648818532183699,0.10000038146972656,1.0,0.0,0.0,0.0
uav_01,27.029184,-18.235906967997387,-7.648818532183699,0.10000038146972656,1.0,0.0,0.0,0.0
uav_01,27.129144,-18.235906967997387,-7.648818532183699,0.10000038146972656,1.0,0.0,0.0,0.0
uav_01,27.229104,-18.235906967997387,-7.648818532183699,0.10000038146972656,1.0,0.0,0.0,0.0
uav_01,27.329064,-18.235906967997387,-7.648818532183699,0.10000038146972656,1.0,0.0,0.0,0.0
uav_01,27.429024,-18.235906967997387,-7.648818532183699,0.10000038146972656,1.0,0.0,0.0,0.0
uav_01,27.529817,-18.235906967997387,-7.648818532183699,0.10000038146972656,1.0,0.0,0.0,0.0
uav_01,27.629777,-18.235906967997387,-7.648818532183699,0.10000038146972656,1.0,0.0,0.0,0.0
uav_01,27.729737,-18.235906967997387,-7.648818532183699,0.10000038146972656,1.0,0.0,0.0,0.0
uav_01,27.829697,-18.235906967997387,-7.648818532183699,0.10000038146972656,1.0,0.0,0.0,0.0
uav_01,27.929657,-18.235906967997387,-7.648818532183699,0.10000038146972656,1.0,0.0,0.0,0.0
uav_01,28.029617,-18.235906967997387,-7.648818532183699,0.10000038146972656,1.0,0.0,0.0,0.0
uav_01,28.129577,-18.235906967997387,-7.648818532183699,0.10000038146972656,1.0,0.0,0.0,0.0
uav_01,28.229537,-18.235906967997387,-7.648818532183699,0.10000038146972656,1.0,0.0,0.0,0.0
uav_01,28.329497,-18.235906967997387,-7.648818532183699,0.10000038146972656,1.0,0.0,0.0,0.0
uav_01,28.429457,-18.235906967997387,-7.648818532183699,0.10000038146972656,1.0,0.0,0.0,0.0
uav_01,28.529417,-18.235906967997387,-7.648818532183699,0.10000038146972656,1.0,0.0,0.0,0.0
uav_01,28.629377,-18.235906967997387,-7.648818532183699,0.10000038146972656,1.0,0.0,0.0,0.0
uav_01,28.729337,-18.235906967997387,-7.648818532183699,0.10000038146972656,1.0,0.0,0.0,0.0
uav_01,28.829297,-18.235906967997387,-7.648818532183699,0.10000038146972656,1.0,0.0,0.0,0.0
uav_01,28.929257,-18.235906967997387,-7.648818532183699,0.10000038146972656,1.0,0.0,0.0,0.0
uav_01,29.029217,-18.235906967997387,-7.648818532183699,0.10000038146972656,1.0,0.0,0.0,0.0
uav_01,29.129177,-18.235906967997387,-7.648818532183699,0.10000038146972656,1.0,0.0,0.0,0.0
uav_01,29.229137,-18.235906967997387,-7.648818532183699,0.10000038146972656,1.0,0.0,0.0,0.0
uav_01,29.329097,-18.235906967997387,-7.648818532183699,0.10000038146972656,1.0,0.0,0.0,0.0
uav_01,29.429057,-18.235906967997387,-7.648818532183699,0.10000038146972656,1.0,0.0,0.0,0.0
uav_01,29.529017,-18.235906967997387,-7.648818532183699,0.10000038146972656,1.0,0.0,0.0,0.0
uav_01,29.62981,-18.235906967997387,-7.648818532183699,0.10000038146972656,1.0,0.0,0.0,0.0
uav_01,29.72977,-18.235906967997387,-7.648818532183699,0.10000038146972656,1.0,0.0,0.0,0.0
uav_01,29.82973,-18.235906967997387,-7.648818532183699,0.10000038146972656,1.0,0.0,0.0,0.0
uav_01,29.92969,-18.235906967997387,-7.648818532183699,0.10000038146972656,1.0,0.0,0.0,0.0
uav_01,30.02965,-18.235906967997387,-7.648818532183699,0.10000038146972656,1.0,0.0,0.0,0.0
uav_01,30.12961,-18.235906967997387,-7.648818532183699,0.10000038146972656,1.0,0.0,0.0,0.0
uav_01,30.22957,-18.235906967997387,-7.648818532183699,0.10000038146972656,1.0,0.0,0.0,0.0
uav_01,30.32953,-18.235906967997387,-7.648818532183699,0.10000038146972656,1.0,0.0,0.0,0.0
uav_01,30.42949,-18.235906967997387,-7.648818532183699,0.10000038146972656,1.0,0.0,0.0,0.0
uav_01,30.52945,-18.235906967997387,-7.648818532183699,0.10000038146972656,1.0,0.0,0.0,0.0
uav_01,30.62941,-18.235906967997387,-7.648818532183699,0.10000038146972656,1.0,0.0,0.0,0.0
uav_01,30.72937,-18.235906967997387,-7.648818532183699,0.10000038146972656,1.0,0.0,0.0,0.0
uav_01,30.82933,-18.235906967997387,-7.648818532183699,0.10000038146972656,1.0,0.0,0.0,0.0
uav_01,30.92929,-18.235906967997387,-7.648818532183699,0.10000038146972656,1.0,0.0,0.0,0.0
uav_01,31.02925,-18.235906967997387,-7.648818532183699,0.10000038146972656,1.0,0.0,0.0,0.0
uav_01,31.12921,-18.235906967997387,-7.648818532183699,0.10000038146972656,1.0,0.0,0.0,0.0
uav_01,31.22917,-18.235906967997387,-7.648818532183699,0.10000038146972656,1.0,0.0,0.0,0.0
uav_01,31.32913,-18.235906967997387,-7.648818532183699,0.10000038146972656,1.0,0.0,0.0,0.0
uav_01,31.42909,-18.235906967997387,-7.648818532183699,0.10000038146972656,1.0,0.0,0.0,0.0
uav_01,31.52905,-18.235906967997387,-7.648818532183699,0.10000038146972656,1.0,0.0,0.0,0.0
uav_01,31.62901,-18.235906967997387,-7.648818532183699,0.10000038146972656,1.0,0.0,0.0,0.0
uav_01,31.729803,-18.235906967997387,-7.648818532183699,0.10000038146972656,1.0,0.0,0.0,0.0
uav_01,31.829763,-18.235906967997387,-7.648818532183699,0.10000038146972656,1.0,0.0,0.0,0.0
uav_01,31.929723,-18.235906967997387,-7.648818532183699,0.10000038146972656,1.0,0.0,0.0,0.0
uav_01,32.029683,-18.235906967997387,-7.648818532183699,0.10000038146972656,1.0,0.0,0.0,0.0
uav_01,32.129643,-18.235906967997387,-7.648818532183699,0.10000038146972656,1.0,0.0,0.0,0.0
uav_01,32.229603,-18.235906967997387,-7.648818532183699,0.10000038146972656,1.0,0.0,0.0,0.0
uav_01,32.329563,-18.235906967997387,-7.648818532183699,0.10000038146972656,1.0,0.0,0.0,0.0
uav_01,32.429523,-18.235906967997387,-7.648818532183699,0.10000038146972656,1.0,0.0,0.0,0.0
uav_01,32.529483,-18.235906967997387,-7.648818532183699,0.10000038146972656,1.0,0.0,0.0,0.0
uav_01,32.629443,-18.235906967997387,-7.648818532183699,0.10000038146972656,1.0,0.0,0.0,0.0
uav_01,32.729403,-18.235906967997387,-7.648818532183699,0.10000038146972656,1.0,0.0,0.0,0.0
uav_01,32.829363,-18.235906967997387,-7.648818532183699,0.10000038146972656,1.0,0.0,0.0,0.0
uav_01,32.929323,-18.235906967997387,-7.648818532183699,0.10000038146972656,1.0,0.0,0.0,0.0
uav_01,33.029283,-18.235906967997387,-7.648818532183699,0.10000038146972656,1.0,0.0,0.0,0.0
uav_01,33.129243,-18.235906967997387,-7.648818532183699,0.10000038146972656,1.0,0.0,0.0,0.0
uav_01,33.229203,-18.235906967997387,-7.648818532183699,0.10000038146972656,1.0,0.0,0.0,0.0
uav_01,33.329163,-18.235906967997387,-7.648818532183699,0.10000038146972656,1.0,0.0,0.0,0.0
uav_01,33.429123,-18.235906967997387,-7.648818532183699,0.10000038146972656,1.0,0.0,0.0,0.0
uav_01,33.529083,-18.235906967997387,-7.648818532183699,0.10000038146972656,1.0,0.0,0.0,0.0
uav_01,33.629043,-18.235906967997387,-7.648818532183699,0.10000038146972656,1.0,0.0,0.0,0.0
uav_01,33.729003,-18.235906967997387,-7.648818532183699,0.10000038146972656,1.0,0.0,0.0,0.0
uav_01,33.829796,-18.235906967997387,-7.648818532183699,0.10000038146972656,1.0,0.0,0.0,0.0
uav_01,33.929756,-18.235906967997387,-7.648818532183699,0.10000038146972656,1.0,0.0,0.0,0.0
uav_01,34.029716,-18.235906967997387,-7.648818532183699,0.10000038146972656,1.0,0.0,0.0,0.0
uav_01,34.129676,-18.235906967997387,-7.648818532183699,0.10000038146972656,1.0,0.0,0.0,0.0
uav_01,34.229636,-18.235906967997387,-7.648818532183699,0.10000038146972656,1.0,0.0,0.0,0.0
uav_01,34.329596,-18.235906967997387,-7.648818532183699,0.10000038146972656,1.0,0.0,0.0,0.0
uav_01,34.429556,-18.235906967997387,-7.648818532183699,0.10000038146972656,1.0,0.0,0.0,0.0
uav_01,34.529516,-18.235906967997387,-7.648818532183699,0.10000038146972656,1.0,0.0,0.0,0.0
uav_01,34.629476,-18.235906967997387,-7.648818532183699,0.10000038146972656,1.0,0.0,0.0,0.0
uav_01,34.729436,-18.235906967997387,-7.648818532183699,0.10000038146972656,1.0,0.0,0.0,0.0
uav_01,34.829396,-18.235906967997387,-7.648818532183699,0.10000038146972656,1.0,0.0,0.0,0.0
uav_01,34.929356,-18.235906967997387,-7.648818532183699,0.10000038146972656,1.0,0.0,0.0,0.0
uav_01,35.029316,-18.235906967997387,-7.648818532183699,0.10000038146972656,1.0,0.0,0.0,0.0
uav_01,35.129276,-18.235906967997387,-7.648818532183699,0.10000038146972656,1.0,0.0,0.0,0.0
uav_01,35.229236,-18.235906967997387,-7.648818532183699,0.10000038146972656,1.0,0.0,0.0,0.0
uav_01,35.329196,-18.235906967997387,-7.648818532183699,0.10000038146972656,1.0,0.0,0.0,0.0
uav_01,35.429156,-18.235906967997387,-7.648818532183699,0.10000038146972656,1.0,0.0,0.0,0.0
uav_01,35.529116,-18.235906967997387,-7.648818532183699,0.10000038146972656,1.0,0.0,0.0,0.0
uav_01,35.629076,-18.235906967997387,-7.648818532183699,0.10000038146972656,1.0,0.0,0.0,0.0
uav_01,35.729036,-18.235906967997387,-7.648818532183699,0.10000038146972656,1.0,0.0,0.0,0.0
uav_01,35.828996,-18.235906967997387,-7.648818532183699,0.10000038146972656,1.0,0.0,0.0,0.0
uav_01,35.929789,-18.235906967997387,-7.648818532183699,0.10000038146972656,1.0,0.0,0.0,0.0
uav_01,36.029749,-18.235906967997387,-7.648818532183699,0.10000038146972656,1.0,0.0,0.0,0.0
uav_01,36.129709,-18.235906967997387,-7.648818532183699,0.10000038146972656,1.0,0.0,0.0,0.0
uav_01,36.229669,-18.235906967997387,-7.648818532183699,0.10000038146972656,1.0,0.0,0.0,0.0
uav_01,36.329629,-18.235906967997387,-7.648818532183699,0.10000038146972656,1.0,0.0,0.0,0.0
uav_01,36.429589,-18.235906967997387,-7.648818532183699,0.10000038146972656,1.0,0.0,0.0,0.0
uav_01,36.529549,-18.235906967997387,-7.648818532183699,0.10000038146972656,1.0,0.0,0.0,0.0
uav_01,36.629509,-18.235906967997387,-7.648818532183699,0.10000038146972656,1.0,0.0,0.0,0.0
uav_01,36.729469,-18.235906967997387,-7.648818532183699,0.10000038146972656,1.0,0.0,0.0,0.0
uav_01,36.829429,-18.235906967997387,-7.648818532183699,0.10000038146972656,1.0,0.0,0.0,0.0
uav_01,36.929389,-18.235906967997387,-7.648818532183699,0.10000038146972656,1.0,0.0,0.0,0.0
uav_01,37.029349,-18.235906967997387,-7.648818532183699,0.10000038146972656,1.0,0.0,0.0,0.0
uav_01,37.129309,-18.235906967997387,-7.648818532183699,0.10000038146972656,1.0,0.0,0.0,0.0
uav_01,37.229269,-18.235906967997387,-7.648818532183699,0.10000038146972656,1.0,0.0,0.0,0.0
uav_01,37.329229,-18.235906967997387,-7.648818532183699,0.10000038146972656,1.0,0.0,0.0,0.0
uav_01,37.429189,-18.235906967997387,-7.648818532183699,0.10000038146972656,1.0,0.0,0.0,0.0
uav_01,37.529149,-18.235906967997387,-7.648818532183699,0.10000038146972656,1.0,0.0,0.0,0.0
uav_01,37.629109,-18.235906967997387,-7.648818532183699,0.10000038146972656,1.0,0.0,0.0,0.0
uav_01,37.729069,-18.235906967997387,-7.648818532183699,0.10000038146972656,1.0,0.0,0.0,0.0
uav_01,37.829029,-18.235906967997387,-7.648818532183699,0.10000038146972656,1.0,0.0,0.0,0.0
uav_01,37.928989,-18.235906967997387,-7.648818532183699,0.10000038146972656,1.0,0.0,0.0,0.0
uav_01,38.029782,-18.235906967997387,-7.648818532183699,0.10000038146972656,1.0,0.0,0.0,0.0
uav_01,38.129742,-18.235906967997387,-7.648818532183699,0.10000038146972656,1.0,0.0,0.0,0.0
uav_01,38.229702,-18.235906967997387,-7.648818532183699,0.10000038146972656,1.0,0.0,0.0,0.0
uav_01,38.329662,-18.235906967997387,-7.648818532183699,0.10000038146972656,1.0,0.0,0.0,0.0
uav_01,38.429622,-18.235906967997387,-7.648818532183699,0.10000038146972656,1.0,0.0,0.0,0.0
uav_01,38.529582,-18.235906967997387,-7.648818532183699,0.10000038146972656,1.0,0.0,0.0,0.0
uav_01,38.629542,-18.235906967997387,-7.648818532183699,0.10000038146972656,1.0,0.0,0.0,0.0
uav_01,38.729502,-18.235906967997387,-7.648818532183699,0.10000038146972656,1.0,0.0,0.0,0.0
uav_01,38.829462,-18.235906967997387,-7.648818532183699,0.10000038146972656,1.0,0.0,0.0,0.0
uav_01,38.929422,-18.235906967997387,-7.648818532183699,0.10000038146972656,1.0,0.0,0.0,0.0
uav_01,39.029382,-18.235906967997387,-7.648818532183699,0.10000038146972656,1.0,0.0,0.0,0.0
uav_01,39.129342,-18.235906967997387,-7.648818532183699,0.10000038146972656,1.0,0.0,0.0,0.0
uav_01,39.229302,-18.235906967997387,-7.648818532183699,0.10000038146972656,1.0,0.0,0.0,0.0
uav_01,39.329262,-18.235906967997387,-7.648818532183699,0.10000038146972656,1.0,0.0,0.0,0.0
uav_01,39.429222,-18.235906967997387,-7.648818532183699,0.10000038146972656,1.0,0.0,0.0,0.0
uav_01,39.529182,-18.235906967997387,-7.648818532183699,0.10000038146972656,1.0,0.0,0.0,0.0
uav_01,39.629142,-18.235906967997387,-7.648818532183699,0.10000038146972656,1.0,0.0,0.0,0.0
uav_01,39.729102,-18.235906967997387,-7.648818532183699,0.10000038146972656,1.0,0.0,0.0,0.0
uav_01,39.829062,-18.235906967997387,-7.648818532183699,0.10000038146972656,1.0,0.0,0.0,0.0
uav_01,39.929022,-18.235906967997387,-7.648818532183699,0.10000038146972656,1.0,0.0,0.0,0.0
uav_01,40.029815,-18.235906967997387,-7.648818532183699,0.10000038146972656,1.0,0.0,0.0,0.0
uav_01,40.129775,-18.235906967997387,-7.648818532183699,0.10000038146972656,1.0,0.0,0.0,0.0
uav_01,40.229735,-18.235906967997387,-7.648818532183699,0.10000038146972656,1.0,0.0,0.0,0.0
uav_01,40.329695,-18.235906967997387,-7.648818532183699,0.10000038146972656,1.0,0.0,0.0,0.0
uav_01,40.429655,-18.235906967997387,-7.648818532183699,0.10000038146972656,1.0,0.0,0.0,0.0
uav_01,40.529615,-18.235906967997387,-7.648818532183699,0.10000038146972656,1.0,0.0,0.0,0.0
uav_01,40.629575,-18.235906967997387,-7.648818532183699,0.10000038146972656,1.0,0.0,0.0,0.0
uav_01,40.729535,-18.235906967997387,-7.648818532183699,0.10000038146972656,1.0,0.0,0.0,0.0
uav_01,40.829495,-18.235906967997387,-7.648818532183699,0.10000038146972656,1.0,0.0,0.0,0.0
uav_01,40.929455,-18.235906967997387,-7.648818532183699,0.10000038146972656,1.0,0.0,0.0,0.0
uav_01,41.029415,-18.235906967997387,-7.648818532183699,0.10000038146972656,1.0,0.0,0.0,0.0
uav_01,41.129375,-18.235906967997387,-7.648818532183699,0.10000038146972656,1.0,0.0,0.0,0.0
uav_01,41.229335,-18.235906967997387,-7.648818532183699,0.10000038146972656,1.0,0.0,0.0,0.0
uav_01,41.329295,-18.235906967997387,-7.648818532183699,0.10000038146972656,1.0,0.0,0.0,0.0
uav_01,41.429255,-18.235906967997387,-7.648818532183699,0.10000038146972656,1.0,0.0,0.0,0.0
uav_01,41.529215,-18.235906967997387,-7.648818532183699,0.10000038146972656,1.0,0.0,0.0,0.0
uav_01,41.629175,-18.235906967997387,-7.648818532183699,0.10000038146972656,1.0,0.0,0.0,0.0
uav_01,41.729135,-18.235906967997387,-7.648818532183699,0.10000038146972656,1.0,0.0,0.0,0.0
uav_01,41.829095,-18.235906967997387,-7.648818532183699,0.10000038146972656,1.0,0.0,0.0,0.0
uav_01,41.929055,-18.235906967997387,-7.648818532183699,0.10000038146972656,1.0,0.0,0.0,0.0
uav_01,42.029015,-18.235906967997387,-7.648818532183699,0.10000038146972656,1.0,0.0,0.0,0.0
uav_01,42.129808,-18.235906967997387,-7.648818532183699,0.10000038146972656,1.0,0.0,0.0,0.0
uav_01,42.229768,-18.235906967997387,-7.648818532183699,0.10000038146972656,1.0,0.0,0.0,6.72692457293067e-11
uav_01,42.329728,-18.235906967997387,-7.648818532183699,0.10000038146972656,1.0,0.0,0.0,-3.9430728127065606e-10
uav_01,42.429688,-18.235906967997387,-7.648818532183699,0.10000038146972656,1.0,0.0,0.0,-2.356749320142626e-07
uav_01,42.529648,-18.235906967997387,-7.648818532183699,0.10000038146972656,1.0,0.0,0.0,-4.7171607775453595e-07
uav_01,42.629608,-18.235906967997387,-7.648818532183699,0.10000038146972656,1.0,0.0,0.0,-6.628808364439465e-07
uav_01,42.729568,-18.235906967997387,-7.648818532183699,0.1400003433227539,1.0,0.0,0.0,-8.602760885878524e-07
uav_01,42.829528,-18.235906967997387,-7.648818532183699,0.18999958038330078,1.0,0.0,0.0,-1.0162531225432758e-06
uav_01,42.929488,-18.235906967997387,-7.648818532183699,0.2700004577636719,0.9999991059303284,-0.0009692235034890473,-0.0009366844897158444,-6.569304332515458e-06
uav_01,43.029448,-18.235906967997387,-7.648818532183699,0.39999961853027344,0.9999899864196777,-0.0031324727460741997,-0.0031925674993544817,-3.304044366814196e-05
uav_01,43.129408,-18.235906967997387,-7.648818532183699,0.5799999237060547,0.9999735951423645,-0.005071214400231838,-0.00520247733220458,-8.12688740552403e-05
uav_01,43.229368,-18.235906967997387,-7.648818532183699,0.7899999618530273,0.9999648332595825,-0.005854926537722349,-0.0059983269311487675,-0.00014688084775116295
uav_01,43.329328,-18.235906967997387,-7.648818532183699,1.0,0.9999701976776123,-0.005372531712055206,-0.005538663826882839,-0.0002176598209189251
uav_01,43.429288,-18.245555595449655,-7.648818532183699,1.2100000381469727,0.9999823570251465,-0.004114857874810696,-0.004266745876520872,-0.00028273381758481264
uav_01,43.529248,-18.245555595449655,-7.637733287804594,1.4300003051757812,0.9999935030937195,-0.0024205422960221767,-0.002641926985234022,-0.00034027924994006753
uav_01,43.629208,-18.255204222901924,-7.637733287804594,1.640000343322754,0.999998927116394,-0.0008918358944356441,-0.0010724295862019062,-0.0003860469732899219
uav_01,43.729168,-18.255204222901924,-7.615562799440211,1.859999656677246,0.9999998807907104,5.4637079301755875e-05,4.625376459443942e-05,-0.00041784433415159583
uav_01,43.829128,-18.264852851725344,-7.615562799440211,2.0900001525878906,0.9999997019767761,0.00034794770181179047,0.0005318706389516592,-0.00043255355558358133
uav_01,43.929088,-18.264852851725344,-7.615562799440211,2.310000419616699,0.9999997019767761,0.00036723382072523236,0.0005213851109147072,-0.0004331829259172082
uav_01,44.029048,-18.274501479177612,-7.615562799440211,2.5399999618530273,0.9999997615814209,0.0004205296281725168,0.00027683822554536164,-0.00041471709846518934
uav_01,44.129008,-18.274501479177612,-7.615562799440211,2.770000457763672,0.9999998211860657,0.00041775807039812207,0.00017632893286645412,-0.00038624051376245916
uav_01,44.229801,-18.274501479177612,-7.604477555061106,3.0,0.9999998211860657,0.00034142748336307704,0.0002732125576585531,-0.0003623845987021923
uav_01,44.329761,-18.284150108001032,-7.604477555061106,3.2200002670288086,0.9999995827674866,0.0005613958346657455,0.0005982076982036233,-0.0003443713067099452
uav_01,44.429721,-18.284150108001032,-7.604477555061106,3.4499998092651367,0.9999991655349731,0.0008390121511183679,0.0009503429173491895,-0.0003268783038947731
uav_01,44.529681,-18.284150108001032,-7.582307066696724,3.6800003051757812,0.9999986290931702,0.0011405354598537087,0.0011627799831330776,-0.0003092146944254637
uav_01,44.629641,-18.284150108001032,-7.582307066696724,3.9099998474121094,0.9999982118606567,0.0013829806121066213,0.0012650758726522326,-0.00029876374173909426
uav_01,44.729601,-18.284150108001032,-7.582307066696724,4.129999160766602,0.9999978542327881,0.0015787373995408416,0.0012739241356030107,-0.00029627777985297143
uav_01,44.829561,-18.2937987354533,-7.582307066696724,4.3600006103515625,0.9999983310699463,0.0013883044011890888,0.0011425522388890386,-0.00030486410832963884
uav_01,44.929521,-18.2937987354533,-7.582307066696724,4.579999923706055,0.9999989867210388,0.0009654955938458443,0.000990543165244162,-0.00032318400917574763
uav_01,45.029481,-18.2937987354533,-7.582307066696724,4.799999237060547,0.999999463558197,0.00044873225851915777,0.000832118559628725,-0.0003490223898552358
uav_01,45.129441,-18.2937987354533,-7.582307066696724,5.020000457763672,0.9999995231628418,6.447298801504076e-05,0.0008699740865267813,-0.000381744495825842
uav_01,45.229401,-18.2937987354533,-7.582307066696724,5.229999542236328,0.9999992847442627,-5.681217589881271e-05,0.001103074406273663,-0.0004169264284428209
uav_01,45.329361,-18.2937987354533,-7.582307066696724,5.440000534057617,0.9999991655349731,5.0557729991851375e-05,0.0011935345828533173,-0.00045174043043516576
uav_01,45.429321,-18.2937987354533,-7.582307066696724,5.6399993896484375,0.9999993443489075,0.00028234755154699087,0.001008140272460878,-0.00048508369945921004
uav_01,45.529281,-18.2937987354533,-7.582307066696724,5.829999923706055,0.999999463558197,0.000587213784456253,0.0006892023957334459,-0.0005166581249795854
uav_01,45.629241,-18.2937987354533,-7.582307066696724,6.020000457763672,0.9999994039535522,0.0008761237841099501,0.0002565608883742243,-0.0005465153371915221
uav_01,45.729201,-18.2937987354533,-7.582307066696724,6.190000534057617,0.9999991059303284,0.0011931131593883038,1.387871725455625e-05,-0.0005686524091288447
uav_01,45.829161,-18.2937987354533,-7.582307066696724,6.3600006103515625,0.9999991059303284,0.0012105199275538325,-0.0001607006706763059,-0.0005850740126334131
uav_01,45.929121,-18.2937987354533,-7.582307066696724,6.520000457763672,0.9999992847442627,0.0010095988400280476,-0.0002579225110821426,-0.0005981135182082653
uav_01,46.029081,-18.2937987354533,-7.582307066696724,6.659999847412109,0.9999995827674866,0.0006570239784196019,-0.00016658376262057573,-0.0006064885528758168
uav_01,46.129041,-18.284150108001032,-7.582307066696724,6.790000915527344,0.9999997615814209,0.00028588424902409315,9.785728616407141e-05,-0.0006164725054986775
uav_01,46.229001,-18.284150108001032,-7.582307066696724,6.909999847412109,0.9999997019767761,6.201904761837795e-05,0.0003703583206515759,-0.0006284709670580924
uav_01,46.329794,-18.284150108001032,-7.582307066696724,7.020000457763672,0.9999995827674866,9.175001650874037e-06,0.0006468530627898872,-0.0006412742659449577
uav_01,46.429754,-18.284150108001032,-7.604477555061106,7.1100006103515625,0.9999995231628418,-0.00014353368896991014,0.000664513383526355,-0.0006494242697954178
uav_01,46.529714,-18.284150108001032,-7.604477555061106,7.200000762939453,0.9999995827674866,-0.0002370949077885598,0.0005990767967887223,-0.0006591188721358776
uav_01,46.629674,-18.284150108001032,-7.604477555061106,7.270000457763672,0.9999995827674866,-0.0003057624271605164,0.000516712199896574,-0.0006714293849654496
uav_01,46.729634,-18.284150108001032,-7.604477555061106,7.329999923706055,0.9999996423721313,-0.0003513132978696376,0.00036611990071833134,-0.0006876008119434118
uav_01,46.829594,-18.284150108001032,-7.604477555061106,7.379999160766602,0.9999996423721313,-0.000416562776081264,0.00017586942703928798,-0.0007059333147481084
uav_01,46.929554,-18.284150108001032,-7.604477555061106,7.430000305175781,0.9999996423721313,-0.00038438625051639974,0.0002309789852006361,-0.0007248049369081855
uav_01,47.029514,-18.284150108001032,-7.604477555061106,7.469999313354492,0.9999996423721313,-0.0002919556281995028,0.00029835980967618525,-0.0007441836642101407
uav_01,47.129474,-18.284150108001032,-7.604477555061106,7.5,0.9999996423721313,-0.00028424992342479527,0.00029957082006148994,-0.0007645728182978928
uav_01,47.229434,-18.284150108001032,-7.604477555061106,7.530000686645508,0.9999995827674866,-0.0003982768103014678,0.00021131470566615462,-0.0007851804839447141
uav_01,47.329394,-18.284150108001032,-7.604477555061106,7.559999465942383,0.9999995827674866,-0.00041954737389460206,0.00019818899454548955,-0.0008061943808570504
uav_01,47.429354,-18.284150108001032,-7.604477555061106,7.579999923706055,0.9999995827674866,-0.00030794882331974804,8.821053052088246e-05,-0.0008254263666458428
uav_01,47.529314,-18.284150108001032,-7.604477555061106,7.600000381469727,0.9999995827674866,-0.0002665140782482922,-0.00010004660725826398,-0.0008416465716436505
uav_01,47.629274,-18.284150108001032,-7.604477555061106,7.6100006103515625,0.9999995231628418,-0.00029353072750382125,-0.0003366743912920356,-0.0008586199837736785
uav_01,47.729234,-18.284150108001032,-7.604477555061106,7.629999160766602,0.999999463558197,-0.0003197533078491688,-0.0005004820413887501,-0.0008757859468460083
uav_01,47.829194,-18.284150108001032,-7.604477555061106,7.6399993896484375,0.9999993443489075,-0.00045653246343135834,-0.0005644399207085371,-0.0008988383342511952
uav_01,47.929154,-18.284150108001032,-7.604477555061106,7.649999618530273,0.9999992251396179,-0.0005365438992157578,-0.0006784205907024443,-0.0009197024628520012
uav_01,48.029114,-18.284150108001032,-7.604477555061106,7.659999847412109,0.9999991059303284,-0.0005233649862930179,-0.0007838146411813796,-0.0009360536932945251
uav_01,48.129074,-18.284150108001032,-7.604477555061106,7.670000076293945,0.9999992847442627,-0.0002908361202571541,-0.0006432379013858736,-0.0009515176061540842
uav_01,48.229034,-18.284150108001032,-7.604477555061106,7.680000305175781,0.9999992847442627,-0.00027868637698702514,-0.0006715229246765375,-0.0009654100285843015
uav_01,48.328994,-18.284150108001032,-7.604477555061106,7.680000305175781,0.9999992251396179,-0.00042204890633001924,-0.0006493264809250832,-0.0009788350434973836
uav_01,48.429787,-18.284150108001032,-7.604477555061106,7.690000534057617,0.9999991655349731,-0.0005952683859504759,-0.0005754871526733041,-0.000989943160675466
uav_01,48.529747,-18.284150108001032,-7.604477555061106,7.700000762939453,0.9999991655349731,-0.0007126923301257193,-0.0003267987340223044,-0.0009998970199376345
uav_01,48.629707,-18.284150108001032,-7.604477555061106,7.700000762939453,0.9999991059303284,-0.0008326383540406823,-2.7263444280833937e-05,-0.0010156095959246159
uav_01,48.729667,-18.284150108001032,-7.604477555061106,7.709999084472656,0.9999991655349731,-0.0007734836544841528,0.00014774015289731324,-0.0010354971745982766
uav_01,48.829627,-18.284150108001032,-7.604477555061106,7.709999084472656,0.9999993443489075,-0.0004083059320691973,0.00010792162356665358,-0.0010519403731450438
uav_01,48.929587,-18.284150108001032,-7.604477555061106,7.709999084472656,0.9999994039535522,4.012525823782198e-05,3.988465323345736e-05,-0.0010713115334510803
uav_01,49.029547,-18.284150108001032,-7.604477555061106,7.719999313354492,0.9999993443489075,0.00025482720229774714,-8.567831173422746e-06,-0.0010947504779323936
uav_01,49.129507,-18.284150108001032,-7.604477555061106,7.719999313354492,0.9999992847442627,0.00034919599420391023,-0.00011844491382362321,-0.001118356711231172
uav_01,49.229467,-18.284150108001032,-7.604477555061106,7.729999542236328,0.9999992251396179,0.00042690776172094047,-0.00022381710004992783,-0.0011418346548452973
uav_01,49.329427,-18.284150108001032,-7.582307066696724,7.729999542236328,0.9999992251396179,0.00033060615533031523,-0.00031820114236325026,-0.001166833215393126
uav_01,49.429387,-18.284150108001032,-7.582307066696724,7.729999542236328,0.9999991655349731,0.00011822051601484418,-0.00040506981895305216,-0.0011974999215453863
uav_01,49.529347,-18.284150108001032,-7.582307066696724,7.729999542236328,0.9999991059303284,0.0002889154711738229,-0.00042768780258484185,-0.0012262146919965744
uav_01,49.629307,-18.284150108001032,-7.582307066696724,7.739999771118164,0.999998152256012,0.0014577583642676473,-6.889166252221912e-05,-0.0012458683922886848
uav_01,49.729267,-18.284150108001032,-7.582307066696724,7.739999771118164,0.9999884963035583,0.004472880624234676,0.001164544140920043,-0.0012683068634942174
uav_01,49.829227,-18.284150108001032,-7.582307066696724,7.739999771118164,0.9999458193778992,0.009707584045827389,0.0035219104029238224,-0.0012932014651596546
uav_01,49.929187,-18.284150108001032,-7.582307066696724,7.739999771118164,0.9998347759246826,0.01679104007780552,0.006837466266006231,-0.0013245332520455122
uav_01,50.029147,-18.274501479177612,-7.604477555061106,7.739999771118164,0.9996297955513,0.024945739656686783,0.010775430127978325,-0.0013735502725467086
uav_01,50.129107,-18.264852851725344,-7.604477555061106,7.739999771118164,0.9993370175361633,0.033172860741615295,0.014933347702026367,-0.001454562647268176
uav_01,50.229067,-18.255204222901924,-7.604477555061106,7.739999771118164,0.9990141987800598,0.04021087661385536,0.01873939111828804,-0.001590473111718893
uav_01,50.329027,-18.235906967997387,-7.615562799440211,7.75,0.9987193942070007,0.04566199332475662,0.021709667518734932,-0.0017985337181016803
uav_01,50.428987,-18.206961082898278,-7.615562799440211,7.75,0.9984831809997559,0.04972010478377342,0.023558134213089943,-0.0020711517427116632
uav_01,50.52978,-18.16836657171805,-7.648818532183699,7.75,0.9982975721359253,0.05287386476993561,0.024506663903594017,-0.002379762474447489
uav_01,50.62974,-18.129772059166676,-7.648818532183699,7.75,0.9981322884559631,0.05560723692178726,0.025150993838906288,-0.0026842558290809393
uav_01,50.7297,-18.06223166288734,-7.682074264927188,7.75,0.997943103313446,0.05822122097015381,0.026699485257267952,-0.002632186049595475
uav_01,50.82966,-18.013988522883693,-7.70424475329157,7.75,0.9977427124977112,0.059846751391887665,0.030450263991951942,0.0008469782187603414
uav_01,50.92962,-17.94644812660436,-7.737500486035057,7.75,0.997437059879303,0.06040316820144653,0.03586066886782646,0.013595749624073505
uav_01,51.02958,-17.869259102872753,-7.770756218778546,7.75,0.9965488910675049,0.060855794697999954,0.0399014987051487,0.039934784173965454
uav_01,51.12954,-17.78242145031773,-7.815097195901139,7.75,0.9940201640129089,0.062004901468753815,0.04070673882961273,0.08013936877250671
uav_01,51.2295,-17.695583797762705,-7.848352928644627,7.75,0.9884087443351746,0.06432773172855377,0.03749096766114235,0.13230477273464203
uav_01,51.32946,-17.599097517755414,-7.914864394131603,7.75,0.978202223777771,0.06813647598028183,0.030732287093997,0.19373539090156555
uav_01,51.42942,-17.502611237748123,-7.981375859618578,7.760000228881836,0.9621738195419312,0.07337850332260132,0.021511755883693695,0.26148492097854614
uav_01,51.52938,-17.39647632891741,-8.036802081120276,7.760000228881836,0.9396518468856812,0.07946298271417618,0.0110304094851017,0.33259347081184387
uav_01,51.62934,-17.29034142145785,-8.103313546607252,7.760000228881836,0.91068035364151,0.08529665321111679,2.0727411538246088e-05,0.4042101204395294
uav_01,51.7293,-17.16490925635145,-8.169825012094227,7.760000228881836,0.8760378360748291,0.08986400812864304,-0.010914097540080547,0.47366979718208313
uav_01,51.82926,-17.0394770926162,-8.247421721566482,7.760000228881836,0.8372625112533569,0.09197932481765747,-0.021218672394752502,0.538591742515564
uav_01,51.92922,-16.88509904378184,-8.313933187053458,7.760000228881836,0.7963166236877441,0.09086304157972336,-0.030552497133612633,0.5972355008125305
uav_01,52.02918,-16.750018251223167,-8.391529896919538,7.770000457763672,0.7550569176673889,0.08688119798898697,-0.03843091055750847,0.6487401127815247
uav_01,52.12914,-16.595640203759967,-8.458041362406513,7.770000457763672,0.7148667573928833,0.0814274400472641,-0.044383931905031204,0.6930838227272034
uav_01,52.2291,-16.421964898649914,-8.52455282789349,7.770000457763672,0.6765141487121582,0.07606027275323868,-0.04824630543589592,0.7309005856513977
uav_01,52.32906,-16.267586849815558,-8.613234781744849,7.770000457763672,0.6401495933532715,0.07200367003679276,-0.050129130482673645,0.7632241249084473
uav_01,52.42902,-16.09391154607666,-8.679746247231824,7.770000457763672,0.6054155826568604,0.06961333751678467,-0.05065776780247688,0.7912393808364868
uav_01,52.529813,-15.910587613514345,-8.757342957097904,7.770000457763672,0.5715076923370361,0.06850064545869827,-0.051484931260347366,0.8161102533340454
uav_01,52.629773,-15.727263680952028,-8.834939666963985,7.770000457763672,0.5402745008468628,0.06693196296691895,-0.05469951406121254,0.8370373249053955
uav_01,52.729733,-15.543939748389715,-8.912536376830065,7.770000457763672,0.5144960284233093,0.0644509419798851,-0.059742193669080734,0.8529775738716125
uav_01,52.829693,-15.35096718837513,-8.979047842317042,7.780000686645508,0.4966011047363281,0.061540164053440094,-0.06468070298433304,0.8633750677108765
uav_01,52.929653,-15.157994626989392,-9.056644551789296,7.780000686645508,0.48739326000213623,0.05934271961450577,-0.06749886274337769,0.86854487657547
uav_01,53.029613,-14.955373439522543,-9.134241261655376,7.780000686645508,0.4862978458404541,0.05853971466422081,-0.0672486424446106,0.8692324757575989
uav_01,53.129573,-14.752752250684534,-9.200752727142353,7.780000686645508,0.49186989665031433,0.059470780193805695,-0.06416857987642288,0.8662618398666382
uav_01,53.229533,-14.540482434394262,-9.267264192629328,7.780000686645508,0.5022335052490234,0.06228267773985863,-0.05902481824159622,0.8604640364646912
uav_01,53.329493,-14.328212616732836,-9.333775658116304,7.780000686645508,0.5154080390930176,0.06657096743583679,-0.05298984795808792,0.8527103662490845
uav_01,53.429453,-14.115942800442564,-9.400287123603281,7.780000686645508,0.5294339656829834,0.07133670151233673,-0.04708511754870415,0.8440341949462891
uav_01,53.529413,-13.903672984152292,-9.48896907745464,7.780000686645508,0.5425248146057129,0.07554575055837631,-0.04216735064983368,0.8355726003646851
uav_01,53.629373,-13.681754539038597,-9.56656578732072,7.780000686645508,0.5533035397529602,0.07840140908956528,-0.03867000713944435,0.8283798098564148
uav_01,53.729333,-13.469484722748325,-9.6441624971868,7.780000686645508,0.5608842372894287,0.07973100990056992,-0.0367165207862854,0.8232276439666748
uav_01,53.829293,-13.247566279005783,-9.73284445103816,7.780000686645508,0.5648865699768066,0.07974178344011307,-0.036128703504800797,0.8205114603042603
uav_01,53.929253,-13.035296461344359,-9.81044116090424,7.780000686645508,0.5653896331787109,0.0787510871887207,-0.03677177429199219,0.8202320337295532
uav_01,54.029213,-12.813378017601817,-9.910208359134703,7.780000686645508,0.562836229801178,0.07723037153482437,-0.038470037281513214,0.8220528364181519
uav_01,54.129173,-12.591459572488121,-9.998890312986061,7.780000686645508,0.5579296946525574,0.0754886195063591,-0.04070534557104111,0.8254446983337402
uav_01,54.229133,-12.379189756197851,-10.087572267231248,7.780000686645508,0.5515325665473938,0.073683001101017,-0.043083272874355316,0.8297749161720276
uav_01,54.329093,-12.157271311084155,-10.176254221082607,7.780000686645508,0.5445301532745361,0.07215147465467453,-0.04524107277393341,0.8344065546989441
uav_01,54.429053,-11.935352867341615,-10.27602141931307,7.780000686645508,0.5377545952796936,0.0710592195391655,-0.04704047739505768,0.8387835025787354
uav_01,54.529013,-11.713434422227921,-10.375788617543535,7.780000686645508,0.531901478767395,0.07028015702962875,-0.04830802232027054,0.8425009250640869
uav_01,54.629806,-11.48186734966196,-10.475555815773998,7.780000686645508,0.527431070804596,0.06975681334733963,-0.04914672672748566,0.8453016877174377
uav_01,54.729766,-11.250300277095995,-10.57532301400446,7.780000686645508,0.524653971195221,0.06957445293664932,-0.049537744373083115,0.8470203876495361
uav_01,54.829726,-11.038030460805725,-10.675090212234926,7.780000686645508,0.523563027381897,0.06944989413022995,-0.04952975735068321,0.8477058410644531
uav_01,54.929686,-10.806463388239763,-10.763772166480111,7.780000686645508,0.5239984393119812,0.06930160522460938,-0.048943206667900085,0.8474830389022827
uav_01,55.029646,-10.584544943126069,-10.863539364710574,7.780000686645508,0.5256324410438538,0.06898549944162369,-0.04771098867058754,0.8465666770935059
uav_01,55.129606,-10.352977870560107,-10.952221318561934,7.780000686645508,0.5280923843383789,0.06799568235874176,-0.04575357958674431,0.8452227711677551
uav_01,55.229566,-10.131059426817567,-11.051988516792397,7.780000686645508,0.5309603214263916,0.06611419469118118,-0.04309106990695,0.8437139391899109
uav_01,55.329526,-9.899492354251603,-11.15175571502286,7.780000686645508,0.5338190197944641,0.06355679780244827,-0.03988206759095192,0.8422631025314331
uav_01,55.429486,-9.67757390913791,-11.251522913253325,7.780000686645508,0.5363385677337646,0.06041358783841133,-0.0366351455450058,0.8410404324531555
uav_01,55.529446,-9.455655464024217,-11.351290111483788,7.780000686645508,0.5382657647132874,0.05685283988714218,-0.033641912043094635,0.8401820659637451
uav_01,55.629406,-9.233737020281675,-11.451057309714253,7.780000686645508,0.5394532084465027,0.052992284297943115,-0.030883699655532837,0.8397786617279053
uav_01,55.729366,-9.01181857516798,-11.539739263959438,7.780000686645508,0.5398417115211487,0.048897311091423035,-0.02817349322140217,0.8398727774620056
uav_01,55.829326,-8.799548758877707,-11.639506462189901,7.790000915527344,0.5394958257675171,0.044222407042980194,-0.025547446683049202,0.8404379487037659
uav_01,55.929286,-8.596927570039702,-11.72818841604126,7.790000915527344,0.5385180711746216,0.0392739474773407,-0.022991357371211052,0.8413841128349304
uav_01,56.029246,-8.38465775374943,-11.827955614271724,7.790000915527344,0.5370609760284424,0.033720482140779495,-0.020076630637049675,0.8426300287246704
uav_01,56.129206,-8.191685193734845,-11.916637568123083,7.790000915527344,0.535285472869873,0.027162596583366394,-0.016315706074237823,0.8440766334533691
uav_01,56.229166,-8.00836126117253,-11.994234277989163,7.790000915527344,0.533386766910553,0.020218059420585632,-0.012117001228034496,0.8455429673194885
uav_01,56.329126,-7.825037328610214,-12.082916231840523,7.790000915527344,0.5316429734230042,0.013479513116180897,-0.007802639156579971,0.8468253016471863
uav_01,56.429086,-7.651362023500165,-12.160512941706603,7.790000915527344,0.5302508473396301,0.007377674337476492,-0.0035775441210716963,0.847801148891449
uav_01,56.529046,-7.487335347213539,-12.238109651572683,7.790000915527344,0.5293159484863281,0.0018446557223796844,0.0005580453434959054,0.848422646522522
uav_01,56.629006,-7.323308670926911,-12.30462111705966,7.790000915527344,0.5288748741149902,-0.0038677919656038284,0.004727677442133427,0.8486778140068054
uav_01,56.729799,-7.197876507191663,-12.371132582546634,7.790000915527344,0.5288761258125305,-0.010385342873632908,0.00911647267639637,0.8485864996910095
uav_01,56.829759,-7.062795714632992,-12.426558803654506,7.790000915527344,0.5292294025421143,-0.01703629642724991,0.013196558691561222,0.8482050895690918
uav_01,56.929719,-6.947012178350012,-12.481985025156206,7.790000915527344,0.5298609733581543,-0.022544361650943756,0.01650337129831314,0.8476241827011108
uav_01,57.029679,-6.840877269519298,-12.537411246264075,7.790000915527344,0.530672013759613,-0.02609034813940525,0.018543757498264313,0.846972644329071
uav_01,57.129639,-6.744390989512007,-12.581752223386667,7.790000915527344,0.5315488576889038,-0.027771977707743645,0.019391300156712532,0.8463500738143921
uav_01,57.229599,-6.667201965780403,-12.603922711751052,7.790000915527344,0.5323907136917114,-0.028106261044740677,0.019168777391314507,0.8458148241043091
uav_01,57.329559,-6.5900129406776475,-12.63717844449454,7.790000915527344,0.5330458879470825,-0.029982877895236015,0.020207006484270096,0.8453134298324585
uav_01,57.429519,-6.532121173221734,-12.670434177238027,7.790000915527344,0.5329723954200745,-0.0483936183154583,0.03246791288256645,0.844123363494873
uav_01,57.529479,-6.493526660670356,-12.703689909981513,7.790000915527344,0.5325687527656555,-0.06465578079223633,0.043373480439186096,0.8427982330322266
uav_01,57.629439,-6.464580776942399,-12.703689909981513,7.790000915527344,0.5323643684387207,-0.07082334160804749,0.0473715141415596,0.8422161936759949
uav_01,57.729399,-6.4452835206667105,-12.725860398345896,7.790000915527344,0.5324273705482483,-0.06843338161706924,0.04557053744792938,0.8424733281135559
uav_01,57.829359,-6.4452835206667105,-12.725860398345896,7.790000915527344,0.5319924354553223,-0.07261805981397629,0.04816707223653793,0.8422532677650452
uav_01,57.929319,-6.474229404394667,-12.703689909981513,7.790000915527344,0.5318455100059509,-0.07009442150592804,0.04639328271150589,0.8426593542098999
uav_01,58.029279,-6.503175289493777,-12.703689909981513,7.790000915527344,0.5320387482643127,-0.05938210338354111,0.03902866691350937,0.8437329530715942
uav_01,58.129239,-6.541769800674002,-12.670434177238027,7.790000915527344,0.5322670936584473,-0.04441547021269798,0.02856386825442314,0.8449278473854065
uav_01,58.229199,-6.5900129406776475,-12.670434177238027,7.799999237060547,0.5323424339294434,-0.02941896952688694,0.018063154071569443,0.8458249568939209
uav_01,58.329159,-6.647904709504715,-12.63717844449454,7.799999237060547,0.5322742462158203,-0.017361955717206,0.009783637709915638,0.8463374376296997
uav_01,58.429119,-6.69614784950836,-12.626093200115434,7.799999237060547,0.5321551561355591,0.0007605266873724759,-0.00283346907235682,0.8466417789459229
uav_01,58.529079,-6.744390989512007,-12.603922711751052,7.799999237060547,0.5318701863288879,0.01933378539979458,-0.015389873646199703,0.8464652895927429
uav_01,58.629039,-6.782985502063385,-12.581752223386667,7.799999237060547,0.5316118001937866,0.031375762075185776,-0.023275626823306084,0.8460866808891296
uav_01,58.728999,-6.8119313857913415,-12.570666979007562,7.799999237060547,0.5315923094749451,0.0348505862057209,-0.025307880714535713,0.8459045886993408
uav_01,58.829792,-6.840877269519298,-12.559581734628457,7.799999237060547,0.5313964486122131,0.044539131224155426,-0.03186625614762306,0.8453511595726013
uav_01,58.929752,-6.8505258983427195,-12.54849649064318,7.799999237060547,0.5311651825904846,0.05440283566713333,-0.038648899644613266,0.844636082649231
uav_01,59.029712,-6.840877269519298,-12.54849649064318,7.799999237060547,0.5312891602516174,0.05666923522949219,-0.041332606226205826,0.8442819714546204
uav_01,59.129672,-6.83122864206703,-12.559581734628457,7.799999237060547,0.5317496657371521,0.05216924846172333,-0.04081280156970024,0.8443074226379395
uav_01,59.229632,-6.792634129515653,-12.559581734628457,7.799999237060547,0.5323371291160583,0.04440254345536232,-0.03922918066382408,0.8444564342498779
uav_01,59.329592,-6.773336873239964,-12.570666979007562,7.799999237060547,0.5328273177146912,0.03720061853528023,-0.03861390799283981,0.844523549079895
uav_01,59.429552,-6.725093733236318,-12.592837467371945,7.799999237060547,0.5331150889396667,0.032986901700496674,-0.04030270874500275,0.8444381356239319
uav_01,59.529512,-6.676850593232673,-12.603922711751052,7.809999465942383,0.5331722497940063,0.03245256841182709,-0.0443464033305645,0.8442201614379883
uav_01,59.629472,-6.618958825776757,-12.603922711751052,7.809999465942383,0.533057689666748,0.034838415682315826,-0.05012959986925125,0.8438736796379089
uav_01,59.729432,-6.561067056949691,-12.626093200115434,7.809999465942383,0.5328577160835266,0.0386575348675251,-0.0563352070748806,0.8434420824050903
uav_01,59.829392,-6.4838780332180885,-12.63717844449454,7.809999465942383,0.5326887369155884,0.04220421239733696,-0.06173832714557648,0.8430004715919495
uav_01,59.929352,-6.397040380663063,-12.63717844449454,7.809999465942383,0.5326788425445557,0.04430094733834267,-0.06576324254274368,0.8425946831703186
uav_01,60.029312,-6.310202728108039,-12.659348932858922,7.809999465942383,0.5342082381248474,0.04322909563779831,-0.06947469711303711,0.8413834571838379
uav_01,60.129272,-6.20406782064848,-12.670434177238027,7.809999465942383,0.5413872599601746,0.038815345615148544,-0.07346106320619583,0.8366580605506897
uav_01,60.229232,-6.088284284365498,-12.670434177238027,7.809999465942383,0.5586395263671875,0.03363626450300217,-0.07685909420251846,0.8251564502716064
uav_01,60.329192,-5.972500748082518,-12.670434177238027,7.799999237060547,0.5868634581565857,0.03127981349825859,-0.07821670919656754,0.8052918314933777
uav_01,60.429152,-5.837419955523847,-12.670434177238027,7.799999237060547,0.6227830052375793,0.034913912415504456,-0.07579219341278076,0.7779317498207092
uav_01,60.529112,-5.702339162965178,-12.670434177238027,7.799999237060547,0.6607397198677063,0.04473518580198288,-0.07009749114513397,0.7459946870803833
uav_01,60.629072,-5.55760974295424,-12.670434177238027,7.799999237060547,0.6959126591682434,0.058580830693244934,-0.06297137588262558,0.7129575610160828
uav_01,60.729032,-5.412880321572149,-12.670434177238027,7.799999237060547,0.7249506711959839,0.07319051772356033,-0.056203633546829224,0.6825912594795227
uav_01,60.828992,-5.2488536452855215,-12.670434177238027,7.799999237060547,0.7461338639259338,0.08510130643844604,-0.05071704089641571,0.6583842635154724
uav_01,60.929785,-5.084826968998895,-12.670434177238027,7.799999237060547,0.7592723965644836,0.09169129282236099,-0.04676442593336105,0.6425817012786865
uav_01,61.029745,-4.90150303643658,-12.670434177238027,7.799999237060547,0.7648628950119019,0.09227621555328369,-0.044766366481781006,0.6359763145446777
uav_01,61.129705,-4.718179103874263,-12.670434177238027,7.799999237060547,0.7641940712928772,0.08801078796386719,-0.0452609620988369,0.6373484134674072
uav_01,61.229665,-4.525206543859679,-12.692604665602412,7.799999237060547,0.7584968209266663,0.08058814704418182,-0.048277195543050766,0.6448701024055481
uav_01,61.329625,-4.332233983845095,-12.703689909981513,7.799999237060547,0.7489970922470093,0.0720028281211853,-0.05320870131254196,0.6564966440200806
uav_01,61.429585,-4.12961279500709,-12.725860398345896,7.799999237060547,0.737030565738678,0.06393557041883469,-0.05931106582283974,0.6702092289924622
uav_01,61.529545,-3.9269916061690857,-12.736945642725003,7.799999237060547,0.7241179943084717,0.05760066211223602,-0.06540793180465698,0.6841470003128052
uav_01,61.629505,-3.7147217898788116,-12.736945642725003,7.799999237060547,0.7118811011314392,0.05354038253426552,-0.07029950618743896,0.6967185735702515
uav_01,61.729465,-3.5024519735885393,-12.759116131089385,7.799999237060547,0.7017490863800049,0.051462821662425995,-0.0731281265616417,0.7067899703979492
uav_01,61.829425,-3.2805335284748454,-12.77020137546849,7.809999465942383,0.6946787238121033,0.050938013941049576,-0.0738312304019928,0.7137055993080139
uav_01,61.929385,-3.068263712184572,-12.77020137546849,7.809999465942383,0.6910839080810547,0.05144810304045677,-0.07294485718011856,0.7172413468360901
uav_01,62.029345,-2.83669663961861,-12.77020137546849,7.809999465942383,0.6908360719680786,0.05257793515920639,-0.0711473897099495,0.717578649520874
uav_01,62.129305,-2.6147781945049164,-12.77020137546849,7.809999465942383,0.6933877468109131,0.05410558357834816,-0.06874433159828186,0.7152343988418579
uav_01,62.229265,-2.3928597507623754,-12.759116131089385,7.809999465942383,0.6979255080223083,0.05588864907622337,-0.06622181087732315,0.7109086513519287
uav_01,62.329225,-2.1612926781964137,-12.759116131089385,7.809999465942383,0.7035506963729858,0.05768432468175888,-0.06390227377414703,0.7054115533828735
uav_01,62.429185,-1.9297256056304515,-12.736945642725003,7.809999465942383,0.7094087600708008,0.05924243479967117,-0.061832111328840256,0.6995758414268494
uav_01,62.529145,-1.6885099042410687,-12.736945642725003,7.809999465942383,0.7148146629333496,0.05998070538043976,-0.05968110263347626,0.6941761374473572
uav_01,62.629105,-1.4569428316751065,-12.736945642725003,7.809999465942383,0.7192630171775818,0.059543710201978683,-0.05704694986343384,0.6898266673088074
uav_01,62.729065,-1.225375759109145,-12.736945642725003,7.809999465942383,0.722431480884552,0.057836227118968964,-0.05392846092581749,0.6869057416915894
uav_01,62.829025,-0.9841600590909146,-12.736945642725003,7.809999465942383,0.7241870164871216,0.05508942902088165,-0.05088159441947937,0.685513973236084
uav_01,62.929818,-0.7525929865249527,-12.725860398345896,7.809999465942383,0.7245747447013855,0.05152063071727753,-0.0479118712246418,0.685595691204071
uav_01,63.029778,-0.51137728513557,-12.725860398345896,7.809999465942383,0.7237750291824341,0.047487594187259674,-0.045111723244190216,0.6869203448295593
uav_01,63.129738,-0.27981021256960803,-12.725860398345896,7.809999465942383,0.7220785021781921,0.04324541613459587,-0.04219212755560875,0.6891677975654602
uav_01,63.229698,-0.04824314000364603,-12.703689909981513,7.809999465942383,0.7198404669761658,0.038792312145233154,-0.039107128977775574,0.6919505000114441
uav_01,63.329658,0.164026676286627,-12.703689909981513,7.809999465942383,0.7174293398857117,0.0339680053293705,-0.03565114364027977,0.6948886513710022
uav_01,63.429618,0.3859451214003207,-12.703689909981513,7.809999465942383,0.7151644825935364,0.02890976332128048,-0.03164241462945938,0.6976408362388611
uav_01,63.529578,0.5982149376905939,-12.703689909981513,7.809999465942383,0.713309109210968,0.023302122950553894,-0.0268256813287735,0.6999481916427612
uav_01,63.629538,0.8104847539808668,-12.703689909981513,7.809999465942383,0.7120062708854675,0.016907356679439545,-0.020959539338946342,0.7016565203666687
uav_01,63.729498,1.0034573139954508,-12.703689909981513,7.809999465942383,0.7113010883331299,0.010140535421669483,-0.014487417414784431,0.7026649713516235
uav_01,63.829458,1.1964298753811877,-12.703689909981513,7.809999465942383,0.7111592888832092,0.003707104129716754,-0.00779194850474596,0.7029780149459839
uav_01,63.929418,1.3797538079435037,-12.692604665602412,7.809999465942383,0.711505115032196,-0.002343790140002966,-0.000850150769110769,0.70267653465271
uav_01,64.029378,1.5437804842301306,-12.692604665602412,7.809999465942383,0.7122073769569397,-0.008217547088861465,0.006080108694732189,0.7018946409225464
uav_01,64.129338,1.7078071605167575,-12.692604665602412,7.809999465942383,0.7131251096725464,-0.013778230175375938,0.012751723639667034,0.7007853984832764
uav_01,64.229298,1.8428879530754274,-12.670434177238027,7.809999465942383,0.7141345143318176,-0.01839197427034378,0.018219055607914925,0.6995295882225037
uav_01,64.329258,1.9683201168106768,-12.670434177238027,7.809999465942383,0.715128481388092,-0.021699069067835808,0.02204372175037861,0.6983082890510559
uav_01,64.429218,2.0841036530936576,-12.670434177238027,7.809999465942383,0.7160344123840332,-0.023419570177793503,0.024021919816732407,0.6972582936286926
uav_01,64.529178,2.1805899331009497,-12.670434177238027,7.809999465942383,0.7167681455612183,-0.02400865964591503,0.024525213986635208,0.6964664459228516
uav_01,64.629138,2.2674275856559736,-12.670434177238027,7.809999465942383,0.7172604203224182,-0.02419632114470005,0.024027671664953232,0.695970356464386
uav_01,64.729098,2.3542652382109974,-12.670434177238027,7.809999465942383,0.7173975110054016,-0.02660113386809826,0.025702906772494316,0.6956813335418701
uav_01,64.829058,2.4121570056669115,-12.670434177238027,7.809999465942383,0.7165523171424866,-0.04307633265852928,0.0417950414121151,0.6949463486671448
uav_01,64.929018,2.4700487744939785,-12.659348932858922,7.809999465942383,0.7152988314628601,-0.05736755579710007,0.05605912208557129,0.6942002177238464
uav_01,65.029811,2.4893460307696675,-12.659348932858922,7.809999465942383,0.7144720554351807,-0.06248326599597931,0.06152728199958801,0.6941469311714172
uav_01,65.129771,2.498994658221936,-12.659348932858922,7.809999465942383,0.7138544917106628,-0.06420382857322693,0.06345352530479431,0.6944518089294434
uav_01,65.229731,2.4893460307696675,-12.659348932858922,7.809999465942383,0.7129979729652405,-0.06830623745918274,0.06716137379407883,0.6945915818214417
uav_01,65.329691,2.4700487744939785,-12.659348932858922,7.809999465942383,0.7128511667251587,-0.06530261784791946,0.061723724007606506,0.6955350637435913
uav_01,65.429651,2.4218056344903327,-12.659348932858922,7.809999465942383,0.7131831049919128,-0.056654371321201324,0.04719417169690132,0.6970888376235962
uav_01,65.529611,2.3735624944866864,-12.63717844449454,7.809999465942383,0.7134652137756348,-0.04663952812552452,0.02769724279642105,0.6985878348350525
uav_01,65.629571,2.3156707256596194,-12.63717844449454,7.809999465942383,0.7134913802146912,-0.03878204524517059,0.007727272342890501,0.6995472311973572
uav_01,65.729531,2.248130329380285,-12.63717844449454,7.809999465942383,0.7133919596672058,-0.03497743979096413,-0.009361694566905499,0.6998291015625
uav_01,65.829491,2.1902385619243705,-12.626093200115434,7.809999465942383,0.7134130001068115,-0.03465896099805832,-0.021802667528390884,0.6995465159416199
uav_01,65.929451,2.1323467930973035,-12.603922711751052,7.809999465942383,0.7136802077293396,-0.036137767136096954,-0.029541274532675743,0.6989148259162903
uav_01,66.029411,2.0744550256413894,-12.570666979007562,7.809999465942383,0.714130699634552,-0.03795590251684189,-0.03410143405199051,0.6981502771377563
uav_01,66.129371,2.016563256814323,-12.537411246264075,7.819999694824219,0.7146377563476562,-0.03925939276814461,-0.03728266805410385,0.6973962783813477
uav_01,66.229331,1.9683201168106768,-12.493070269141484,7.819999694824219,0.7150693535804749,-0.03985700383782387,-0.04066061973571777,0.6967308521270752
uav_01,66.329291,1.9200769768070305,-12.437644048033611,7.819999694824219,0.7153664231300354,-0.03966878354549408,-0.0448366217315197,0.6961802244186401
uav_01,66.429251,1.8718338368033847,-12.382217826925741,7.819999694824219,0.7159707546234131,-0.04002152010798454,-0.049143753945827484,0.69524747133255
uav_01,66.529211,1.8332393242520069,-12.315706361438764,7.819999694824219,0.7195654511451721,-0.04225911200046539,-0.052100345492362976,0.6911767721176147
uav_01,66.629171,1.7946448130717816,-12.238109651572683,7.809999465942383,0.7302477955818176,-0.04598673805594444,-0.05322183296084404,0.679551899433136
uav_01,66.729131,1.7656989279726718,-12.149427697327496,7.809999465942383,0.7500014901161194,-0.04884401708841324,-0.05388777330517769,0.6574254035949707
uav_01,66.829091,1.7367530442447146,-12.06074574347614,7.809999465942383,0.7777256965637207,-0.049271777272224426,-0.055386316031217575,0.6242173910140991
uav_01,66.929051,1.7078071605167575,-11.94989330086657,7.809999465942383,0.8108550310134888,-0.046632349491119385,-0.05839494988322258,0.5804563760757446
uav_01,67.029011,1.6692126479653797,-11.827955614271724,7.809999465942383,0.8464012742042542,-0.040970578789711,-0.06316158175468445,0.5271971821784973
uav_01,67.129804,1.6402667642374227,-11.72818841604126,7.809999465942383,0.8818301558494568,-0.0325264036655426,-0.06891839951276779,0.4653685390949249
uav_01,67.229764,1.6209695079617337,-11.606250729446414,7.809999465942383,0.9142159223556519,-0.02182576060295105,-0.07350479811429977,0.39790692925453186
uav_01,67.329724,1.5920236242337766,-11.473227798472463,7.809999465942383,0.9420856833457947,-0.009637081064283848,-0.07554113864898682,0.3266117572784424
uav_01,67.429684,1.5920236242337766,-11.329119623119405,7.809999465942383,0.9643164277076721,0.0027731170412153006,-0.07432422786951065,0.25409063696861267
uav_01,67.529644,1.5630777405058196,-11.18501144776635,7.809999465942383,0.980441689491272,0.015090386383235455,-0.0697084590792656,0.18343134224414825
uav_01,67.629604,1.5630777405058196,-11.040903272413292,7.809999465942383,0.9904646277427673,0.027352308854460716,-0.062011152505874634,0.11994270980358124
uav_01,67.729564,1.5630777405058196,-10.896795097454063,7.809999465942383,0.9954127669334412,0.03778683394193649,-0.052494581788778305,0.07049723714590073
uav_01,67.829524,1.5727263679580878,-10.752686922101006,7.809999465942383,0.9973462224006653,0.044267792254686356,-0.04245847463607788,0.0392189621925354
uav_01,67.929484,1.5920236242337766,-10.60857874674795,7.809999465942383,0.9980576634407043,0.04560441896319389,-0.03328804671764374,0.026324497535824776
uav_01,68.029444,1.6113208805094654,-10.464470571394894,7.809999465942383,0.9983846545219421,0.04184770584106445,-0.024905109778046608,0.02926817163825035
uav_01,68.129404,1.6402667642374227,-10.30927715205656,7.809999465942383,0.9982767105102539,0.03434251621365547,-0.017246732488274574,0.04434816166758537
uav_01,68.229364,1.6788612767888005,-10.176254221082607,7.809999465942383,0.997309148311615,0.024799024686217308,-0.011078307405114174,0.06809335947036743
uav_01,68.329324,1.7174557879690258,-10.065401778473039,7.809999465942383,0.9951097369194031,0.015383262187242508,-0.006420369725674391,0.09735877811908722
uav_01,68.429284,1.7560503005204038,-9.943464091878193,7.809999465942383,0.9915785193443298,0.007774233352392912,-0.0026610814966261387,0.12924574315547943
uav_01,68.529244,1.7946448130717816,-9.832611649268623,7.819999694824219,0.9869533777236938,0.0031023328192532063,0.0010394863784313202,0.16097301244735718
uav_01,68.629204,1.8235906967997386,-9.73284445103816,7.819999694824219,0.98182213306427,0.0015041555743664503,0.004720114637166262,0.18973876535892487
uav_01,68.729164,1.8621852093511162,-9.633077252807695,7.819999694824219,0.9769865274429321,0.002220457885414362,0.008137990720570087,0.2131340205669403
uav_01,68.829124,1.8911310930790737,-9.533310054577232,7.819999694824219,0.9732043147087097,0.004146250896155834,0.01111227460205555,0.229636088013649
uav_01,68.929084,1.9200769768070305,-9.466798589090256,7.819999694824219,0.9709753394126892,0.006235793232917786,0.013639448210597038,0.23870886862277985
uav_01,69.029044,1.949022860534988,-9.389201879224176,7.819999694824219,0.9702883362770081,0.010307056829333305,0.02286115474998951,0.24064835906028748
uav_01,69.129004,1.9779687456340975,-9.333775658116304,7.819999694824219,0.9708027243614197,0.015216737985610962,0.03809121623635292,0.23634637892246246
uav_01,69.229797,2.0069146293620546,-9.267264192629328,7.819999694824219,0.9724746942520142,0.01760486327111721,0.04858935624361038,0.22720514237880707
uav_01,69.329757,2.0262118856377436,-9.23400845988584,7.819999694824219,0.9750785231590271,0.016606749966740608,0.051159728318452835,0.21524128317832947
uav_01,69.429717,2.055157769365701,-9.211837971521458,7.819999694824219,0.9779770970344543,0.014075903221964836,0.04986673220992088,0.20217794179916382
uav_01,69.529677,2.0841036530936576,-9.200752727142353,7.819999694824219,0.9802786707878113,0.012471677735447884,0.05466651916503906,0.1894986778497696
uav_01,69.629637,2.1034009093693466,-9.189667482763248,7.809999465942383,0.9823725819587708,0.007885978557169437,0.05447082594037056,0.1786472499370575
uav_01,69.729597,2.1226981656450357,-9.200752727142353,7.809999465942383,0.9841398596763611,-0.0003834492526948452,0.04852309450507164,0.1706284135580063
uav_01,69.829557,2.1419954219207242,-9.222923215506736,7.809999465942383,0.9853035807609558,-0.011004423722624779,0.03930935636162758,0.16586299240589142
uav_01,69.929517,2.1516440493729925,-9.245093704264946,7.819999694824219,0.9857089519500732,-0.022227829322218895,0.029987428337335587,0.16426971554756165
uav_01,70.029477,2.1709413056486815,-9.267264192629328,7.819999694824219,0.9854435920715332,-0.032248035073280334,0.022239500656723976,0.16542811691761017
uav_01,70.129437,2.1709413056486815,-9.289434680993711,7.819999694824219,0.9847156405448914,-0.0397934727370739,0.017108744010329247,0.16869771480560303
uav_01,70.229397,2.1516440493729925,-9.322690413737199,7.819999694824219,0.9837352633476257,-0.044726550579071045,0.014300805516541004,0.1733778715133667
uav_01,70.329357,2.1419954219207242,-9.333775658116304,7.819999694824219,0.9826357364654541,-0.047934915870428085,0.013318835757672787,0.17875072360038757
uav_01,70.429317,2.1226981656450357,-9.367031390859792,7.819999694824219,0.9815073609352112,-0.05051688104867935,0.013268403708934784,0.18416108191013336
uav_01,70.529277,2.0841036530936576,-9.400287123603281,7.819999694824219,0.9804255962371826,-0.05332295969128609,0.013435443863272667,0.18905505537986755
uav_01,70.629237,2.055157769365701,-9.422457611967662,7.819999694824219,0.979453444480896,-0.05687430873513222,0.013329582288861275,0.1930248737335205
uav_01,70.729197,2.0069146293620546,-9.433542856346767,7.819999694824219,0.9786632657051086,-0.061143599450588226,0.013066858053207397,0.195726677775383
uav_01,70.829157,1.9393742330827195,-9.466798589090256,7.819999694824219,0.9784860014915466,-0.06521758437156677,0.014237378723919392,0.1952154040336609
uav_01,70.929117,1.8718338368033847,-9.48896907745464,7.809999465942383,0.979945719242096,-0.06831756234169006,0.01749783754348755,0.18636760115623474
uav_01,71.029077,1.7946448130717816,-9.500054321833744,7.809999465942383,0.983703076839447,-0.07050343602895737,0.020868325605988503,0.164079487323761
uav_01,71.129037,1.7078071605167575,-9.533310054577232,7.809999465942383,0.9890104532241821,-0.07219300419092178,0.022013749927282333,0.12712939083576202
uav_01,71.228997,1.6113208805094654,-9.555480542941615,7.809999465942383,0.994122326374054,-0.0736154168844223,0.019541284069418907,0.07693943381309509
uav_01,71.32979,1.5148346005021736,-9.577651031699824,7.809999465942383,0.9969893097877502,-0.0748991146683693,0.012883485294878483,0.015375204384326935
uav_01,71.42975,1.4086996916714607,-9.599821520064207,7.809999465942383,0.995637059211731,-0.07619913667440414,0.0027333537582308054,-0.05378687009215355
uav_01,71.52971,1.2929161553884796,-9.62199200842859,7.809999465942383,0.9886367917060852,-0.07796398550271988,-0.009664555080235004,-0.12816189229488373
uav_01,71.62967,1.1578353628298097,-9.6441624971868,7.809999465942383,0.9752638339996338,-0.07977893948554993,-0.022762227803468704,-0.2048843502998352
uav_01,71.72963,1.02275457027114,-9.666332985551184,7.809999465942383,0.9556068181991577,-0.0809355229139328,-0.03512560948729515,-0.281125009059906
uav_01,71.82959,0.8780251502602019,-9.67741822993029,7.809999465942383,0.9306094646453857,-0.0804840549826622,-0.04582320898771286,-0.3541025221347809
uav_01,71.92955,0.7332957302492639,-9.688503474309393,7.809999465942383,0.9018891453742981,-0.07753525674343109,-0.05423474311828613,-0.4214770495891571
uav_01,72.02951,0.5692690539626367,-9.69958871829467,7.809999465942383,0.871209979057312,-0.07235385477542877,-0.06034284457564354,-0.48178502917289734
uav_01,72.12947,0.41489100512827787,-9.69958871829467,7.809999465942383,0.8400785326957703,-0.0661332979798317,-0.06454691290855408,-0.5345354676246643
uav_01,72.22943,0.23156707256596198,-9.69958871829467,7.809999465942383,0.8095287084579468,-0.06009228900074959,-0.06706485897302628,-0.5801330804824829
uav_01,72.32939,0.04824314000364603,-9.69958871829467,7.809999465942383,0.7799964547157288,-0.05552166327834129,-0.06808216869831085,-0.619586706161499
uav_01,72.42935,-0.1350807925586699,-9.69958871829467,7.809999465942383,0.7515558004379272,-0.05264951288700104,-0.06876083463430405,-0.653960108757019
uav_01,72.52931,-0.328053352573254,-9.688503474309393,7.809999465942383,0.7255016565322876,-0.050002261996269226,-0.07097958773374557,-0.682721734046936
uav_01,72.62927,-0.5210259139589907,-9.67741822993029,7.809999465942383,0.704407274723053,-0.04720113053917885,-0.07443760335445404,-0.7043021321296692
uav_01,72.72923,-0.7139984739735747,-9.655247741172078,7.819999694824219,0.6901797652244568,-0.044703543186187744,-0.07767129689455032,-0.7180672883987427
uav_01,72.82919,-0.9166196628115797,-9.6441624971868,7.819999694824219,0.6833389401435852,-0.04310499504208565,-0.07917600125074387,-0.7245143055915833
uav_01,72.92915,-1.1288894791018527,-9.62199200842859,7.819999694824219,0.68318772315979,-0.043269816786050797,-0.07829061895608902,-0.7247433066368103
uav_01,73.02911,-1.3411592953921259,-9.588736275685102,7.819999694824219,0.6883261799812317,-0.045668475329875946,-0.07539401948451996,-0.720025897026062
uav_01,73.12907,-1.5534291116823988,-9.56656578732072,7.819999694824219,0.6970619559288025,-0.050206638872623444,-0.07107765972614288,-0.711710512638092
uav_01,73.22903,-1.7560503005204038,-9.533310054577232,7.819999694824219,0.7076812386512756,-0.05599527433514595,-0.06612708419561386,-0.7011982798576355
uav_01,73.32899,-1.9876173730863658,-9.500054321833744,7.819999694824219,0.7185376286506653,-0.06182720139622688,-0.061390962451696396,-0.6900088787078857
uav_01,73.429783,-2.2095358182000595,-9.48896907745464,7.819999694824219,0.7282726764678955,-0.06678417325019836,-0.05738693103194237,-0.6796069145202637
uav_01,73.529743,-2.4314542619426005,-9.466798589090256,7.819999694824219,0.7357281446456909,-0.06976722180843353,-0.0540773905813694,-0.671500027179718
uav_01,73.629703,-2.6630213345085627,-9.433542856346767,7.819999694824219,0.7404488921165466,-0.07025470584630966,-0.05129408836364746,-0.6664597392082214
uav_01,73.729663,-2.8945884070745245,-9.422457611967662,7.819999694824219,0.7422740459442139,-0.06819609552621841,-0.04891827329993248,-0.6648198962211609
uav_01,73.829623,-3.1261554796404867,-9.400287123603281,7.819999694824219,0.7413434982299805,-0.064186230301857,-0.04683546721935272,-0.6664055585861206
uav_01,73.929583,-3.3577225522064484,-9.400287123603281,7.819999694824219,0.7380561828613281,-0.0589955635368824,-0.045249830931425095,-0.6706303358078003
uav_01,74.029543,-3.5892896247724106,-9.389201879224176,7.819999694824219,0.7330062389373779,-0.053384121507406235,-0.04401019588112831,-0.6766942143440247
uav_01,74.129503,-3.811208069886104,-9.367031390859792,7.819999694824219,0.7269126176834106,-0.04782386124134064,-0.04277559742331505,-0.6837259531021118
uav_01,74.229463,-4.042775142452066,-9.367031390859792,7.819999694824219,0.7205244898796082,-0.04263310134410858,-0.04120393097400665,-0.6908900737762451
uav_01,74.329423,-4.274342215018028,-9.367031390859792,7.819999694824219,0.7145394086837769,-0.03776944801211357,-0.03891415521502495,-0.6974902153015137
uav_01,74.429383,-4.496260660131722,-9.355946146480687,7.819999694824219,0.7095162868499756,-0.033163800835609436,-0.03569171577692032,-0.7030028104782104
uav_01,74.529343,-4.708530476421995,-9.333775658116304,7.819999694824219,0.7058127522468567,-0.028738072142004967,-0.031576916575431824,-0.707110583782196
uav_01,74.629303,-4.9208002927122685,-9.333775658116304,7.819999694824219,0.7036164999008179,-0.023980356752872467,-0.026245828717947006,-0.7096900343894958
uav_01,74.729263,-5.123421481550273,-9.333775658116304,7.819999694824219,0.7029457688331604,-0.01874750666320324,-0.019903620705008507,-0.7107176780700684
uav_01,74.829223,-5.316394041564856,-9.322690413737199,7.819999694824219,0.7036423683166504,-0.013523141853511333,-0.013433377258479595,-0.7102985978126526
uav_01,74.929183,-5.509366602950593,-9.300519925372816,7.819999694824219,0.7054181694984436,-0.008459272794425488,-0.0072537572123110294,-0.7087038159370422
uav_01,75.029143,-5.683041906689489,-9.300519925372816,7.819999694824219,0.7079057097434998,-0.003438475774601102,-0.0012819282710552216,-0.7062973976135254
uav_01,75.129103,-5.856717211799537,-9.300519925372816,7.819999694824219,0.7107125520706177,0.0017897161887958646,0.004577457904815674,-0.7034653425216675
uav_01,75.229063,-6.011095259262743,-9.300519925372816,7.819999694824219,0.7134667038917542,0.0074863978661596775,0.010509325191378593,-0.700570285320282
uav_01,75.329023,-6.146176051821413,-9.300519925372816,7.819999694824219,0.7158669829368591,0.013112219981849194,0.016107771545648575,-0.697927713394165
uav_01,75.429816,-6.281256844380082,-9.289434680993711,7.819999694824219,0.7177531719207764,0.017671113833785057,0.02024868316948414,-0.6957787275314331
uav_01,75.529776,-6.406689008115331,-9.289434680993711,7.819999694824219,0.7190085053443909,0.020666804164648056,0.022543368861079216,-0.6943280100822449
uav_01,75.629736,-6.503175289493777,-9.289434680993711,7.819999694824219,0.7196406126022339,0.022051509469747543,0.023459866642951965,-0.6935998797416687
uav_01,75.729696,-6.599661569501069,-9.289434680993711,7.819999694824219,0.7196913361549377,0.022322945296764374,0.023872876539826393,-0.6935244202613831
uav_01,75.829656,-6.676850593232673,-9.289434680993711,7.819999694824219,0.7186896800994873,0.03511056303977966,0.036975882947444916,-0.6934588551521301
uav_01,75.929616,-6.744390989512007,-9.289434680993711,7.819999694824219,0.7168514132499695,0.05065015330910683,0.053006842732429504,-0.6933605670928955
uav_01,76.029576,-6.782985502063385,-9.289434680993711,7.819999694824219,0.7150945663452148,0.05898602306842804,0.06156858429312706,-0.6938081383705139
uav_01,76.129536,-6.8119313857913415,-9.289434680993711,7.809999465942383,0.7140395045280457,0.057959653437137604,0.060457997024059296,-0.6950777769088745
uav_01,76.229496,-6.82158001324361,-9.289434680993711,7.809999465942383,0.7132269740104675,0.0547294057905674,0.057228345423936844,-0.696445882320404
uav_01,76.329456,-6.82158001324361,-9.289434680993711,7.809999465942383,0.7121856808662415,0.05615104362368584,0.05849475413560867,-0.6972926259040833
uav_01,76.429416,-6.792634129515653,-9.289434680993711,7.809999465942383,0.711736261844635,0.05316588655114174,0.053024739027023315,-0.6984219551086426
uav_01,76.529376,-6.763688245787695,-9.289434680993711,7.809999465942383,0.7117488980293274,0.046658892184495926,0.04048391431570053,-0.6997123956680298
uav_01,76.629336,-6.71544510578405,-9.289434680993711,7.809999465942383,0.7118992805480957,0.03950635716319084,0.023888418450951576,-0.7007624506950378
uav_01,76.729296,-6.667201965780403,-9.289434680993711,7.819999694824219,0.7120255827903748,0.034478019922971725,0.006700156722217798,-0.7012745141983032
uav_01,76.829256,-6.618958825776757,-9.267264192629328,7.819999694824219,0.7121908068656921,0.03263489156961441,-0.008401591330766678,-0.7011765837669373
uav_01,76.929216,-6.561067056949691,-9.267264192629328,7.819999694824219,0.7125011086463928,0.03343091532588005,-0.019859712570905685,-0.7005926966667175
uav_01,77.029176,-6.512823916946045,-9.256178948250223,7.819999694824219,0.7130096554756165,0.03516681119799614,-0.027627959847450256,-0.6997265219688416
uav_01,77.129136,-6.464580776942399,-9.23400845988584,7.819999694824219,0.7136526107788086,0.0367281474173069,-0.032556187361478806,-0.6987782716751099
uav_01,77.229096,-6.416337636938754,-9.200752727142353,7.819999694824219,0.7142961025238037,0.037727050483226776,-0.03617146983742714,-0.6978892087936401
uav_01,77.329056,-6.377743124387374,-9.15641175001976,7.819999694824219,0.7148218154907227,0.03816664218902588,-0.03968336805701256,-0.6971357464790344
uav_01,77.429016,-6.3294999843837285,-9.112070773290993,7.819999694824219,0.7151597142219543,0.03828117996454239,-0.043856602162122726,-0.6965326070785522
uav_01,77.529809,-6.300554100655772,-9.056644551789296,7.819999694824219,0.7159576416015625,0.03927187621593475,-0.04784218594431877,-0.6953944563865662
uav_01,77.629769,-6.261959588104394,-8.99013308630232,7.819999694824219,0.7201981544494629,0.042167454957962036,-0.05005902424454689,-0.6906740069389343
uav_01,77.729729,-6.233013704376437,-8.912536376830065,7.819999694824219,0.7319177389144897,0.04625202715396881,-0.050700124353170395,-0.6779282093048096
uav_01,77.829689,-6.20406782064848,-8.834939666963985,7.819999694824219,0.7526842355728149,0.04929222911596298,-0.051378145813941956,-0.6545204520225525
uav_01,77.929649,-6.17512193554937,-8.746257712718801,7.819999694824219,0.7811495661735535,0.04954134672880173,-0.05328627675771713,-0.6200899481773376
uav_01,78.029609,-6.146176051821413,-8.646490514488336,7.809999465942383,0.8146831393241882,0.046274539083242416,-0.05683937668800354,-0.5752558708190918
uav_01,78.129569,-6.117230168093456,-8.52455282789349,7.809999465942383,0.8503088355064392,0.0399337075650692,-0.0619281604886055,-0.5210998058319092
uav_01,78.229529,-6.097932911817767,-8.424785629663026,7.809999465942383,0.88523930311203,0.0312347412109375,-0.06776359677314758,-0.4591119885444641
uav_01,78.329489,-6.0689870280898095,-8.30284794306818,7.809999465942383,0.9172036051750183,0.020727820694446564,-0.07258816063404083,-0.39120182394981384
uav_01,78.429449,-6.049689771814121,-8.180910256079505,7.809999465942383,0.9445377588272095,0.009103585965931416,-0.07471072673797607,-0.3196621537208557
uav_01,78.529409,-6.030392515538432,-8.047887325105554,7.809999465942383,0.9661922454833984,-0.0026904416736215353,-0.07345546782016754,-0.2471226006746292
uav_01,78.629369,-6.030392515538432,-7.903779149752497,7.809999465942383,0.981763482093811,-0.014386551454663277,-0.06884921342134476,-0.1766163557767868
uav_01,78.729329,-6.020743888086164,-7.770756218778546,7.809999465942383,0.9913158416748047,-0.0263503510504961,-0.06125304847955704,-0.11334317922592163
uav_01,78.829289,-6.020743888086164,-7.637733287804594,7.819999694824219,0.9959308505058289,-0.03655124455690384,-0.05187436193227768,-0.06399074196815491
uav_01,78.929249,-6.030392515538432,-7.493625112845364,7.809999465942383,0.9976868033409119,-0.04240068420767784,-0.042024917900562286,-0.032513756304979324
uav_01,79.029209,-6.049689771814121,-7.349516937492308,7.809999465942383,0.998363196849823,-0.04284100979566574,-0.032714199274778366,-0.019114581868052483
uav_01,79.129169,-6.078635655542078,-7.205408762139252,7.809999465942383,0.998732328414917,-0.03859797865152359,-0.024198457598686218,-0.02140880934894085
uav_01,79.229129,-6.097932911817767,-7.0723858311653,7.809999465942383,0.9987237453460693,-0.03142641857266426,-0.0166139155626297,-0.035877663642168045
uav_01,79.329089,-6.146176051821413,-6.939362900191348,7.809999465942383,0.9979321956634521,-0.022871270775794983,-0.010675016790628433,-0.05911235883831978
uav_01,79.429049,-6.17512193554937,-6.806339969217397,7.809999465942383,0.99599289894104,-0.014715565368533134,-0.006575214210897684,-0.08796766400337219
uav_01,79.529009,-6.213716448100747,-6.706572770986933,7.809999465942383,0.9927897453308105,-0.008292727172374725,-0.0035587039310485125,-0.11952883005142212
uav_01,79.629802,-6.252310960652125,-6.595720328377364,7.819999694824219,0.9884874820709229,-0.0039906627498567104,-0.0005051247426308692,-0.15124911069869995
uav_01,79.729762,-6.290905471832351,-6.4959531301469005,7.819999694824219,0.9837010502815247,-0.0019665739964693785,0.0029591466300189495,-0.1797766387462616
uav_01,79.829722,-6.31985135693146,-6.3961859319164365,7.819999694824219,0.9791620373725891,-0.001964000752195716,0.006554204970598221,-0.20296524465084076
uav_01,79.929682,-6.348797240659417,-6.307503978065078,7.819999694824219,0.9756003022193909,-0.0033529065549373627,0.01000030618160963,-0.2193007916212082
uav_01,80.029642,-6.377743124387374,-6.229907268198997,7.819999694824219,0.9735063314437866,-0.005055384244769812,0.012885875068604946,-0.22824077308177948
uav_01,80.129602,-6.406689008115331,-6.152310558332917,7.819999694824219,0.9730265736579895,-0.006183468736708164,0.015050344169139862,-0.23011836409568787
uav_01,80.229562,-6.435634893214441,-6.096884337225045,7.819999694824219,0.973978579044342,-0.006551647093147039,0.016489824280142784,-0.22594451904296875
uav_01,80.329522,-6.464580776942399,-6.03037287173807,7.819999694824219,0.9757623672485352,-0.008329035714268684,0.02588726580142975,-0.2171366810798645
uav_01,80.429482,-6.4838780332180885,-5.986031894615477,7.819999694824219,0.9778087139129639,-0.01069345511496067,0.04034816101193428,-0.2052992433309555
uav_01,80.529442,-6.512823916946045,-5.95277616187199,7.819999694824219,0.9800413846969604,-0.011273193173110485,0.04943398758769035,-0.19221872091293335
uav_01,80.629402,-6.532121173221734,-5.919520429128501,7.819999694824219,0.9823954701423645,-0.009734252467751503,0.05052552372217178,-0.17958733439445496
uav_01,80.729362,-6.551418429497423,-5.8973499407641174,7.819999694824219,0.9844628572463989,-0.00732461828738451,0.04814509302377701,-0.1687045693397522
uav_01,80.829322,-6.561067056949691,-5.8973499407641174,7.819999694824219,0.9857151508331299,-0.005072892177850008,0.051091909408569336,-0.16040419042110443
uav_01,80.929282,-6.5900129406776475,-5.8973499407641174,7.819999694824219,0.9866271018981934,-0.0006574729341082275,0.049543462693691254,-0.1552802473306656
uav_01,81.029242,-6.599661569501069,-5.919520429128501,7.819999694824219,0.9872133135795593,0.005952781066298485,0.042812228202819824,-0.15343254804611206
uav_01,81.129202,-6.609310196953337,-5.930605673507606,7.819999694824219,0.98732990026474,0.014081424102187157,0.03321906924247742,-0.154524564743042
uav_01,81.229162,-6.618958825776757,-5.963861406251094,7.819999694824219,0.9869022369384766,0.022965043783187866,0.023738212883472443,-0.15790200233459473
uav_01,81.329122,-6.618958825776757,-5.997117138994581,7.819999694824219,0.9860190749168396,0.03168566897511482,0.016574637964367867,-0.16275054216384888
uav_01,81.429082,-6.618958825776757,-6.03037287173807,7.819999694824219,0.9848954677581787,0.03895013406872749,0.012467661872506142,-0.1682509183883667
uav_01,81.529042,-6.609310196953337,-6.052543360102453,7.819999694824219,0.9837347865104675,0.0443866103887558,0.010931427590548992,-0.1737131029367447
uav_01,81.629002,-6.5900129406776475,-6.0857990928459405,7.819999694824219,0.9826823472976685,0.048163123428821564,0.010906791314482689,-0.17859667539596558
uav_01,81.729795,-6.561067056949691,-6.096884337225045,7.819999694824219,0.9817989468574524,0.05114670470356941,0.011377392336726189,-0.18255245685577393
uav_01,81.829755,-6.522472544398313,-6.130140069968534,7.819999694824219,0.981132984161377,0.05399807542562485,0.011663888581097126,-0.18527327477931976
uav_01,81.929715,-6.474229404394667,-6.152310558332917,7.819999694824219,0.9806613922119141,0.05747368559241295,0.011278619058430195,-0.1867426633834839
uav_01,82.029675,-6.416337636938754,-6.163395802712021,7.819999694824219,0.9804373979568481,0.061391811817884445,0.010925892740488052,-0.18669278919696808
uav_01,82.129635,-6.358445868111685,-6.196651535455509,7.819999694824219,0.9810054302215576,0.06518770009279251,0.012353288009762764,-0.18228086829185486
uav_01,82.229595,-6.290905471832351,-6.218822023819892,7.819999694824219,0.9833056926727295,0.06816031038761139,0.015653418377041817,-0.16798512637615204
uav_01,82.329555,-6.20406782064848,-6.240992512578103,7.819999694824219,0.9875015020370483,0.07035636156797409,0.018191996961832047,-0.13985636830329895
uav_01,82.429515,-6.117230168093456,-6.252077756563381,7.819999694824219,0.9924447536468506,0.07189451158046722,0.017971815541386604,-0.09778352081775665
uav_01,82.529475,-6.020743888086164,-6.27424824532159,7.819999694824219,0.9962772130966187,0.07305286079645157,0.014038057997822762,-0.04356466233730316
uav_01,82.629435,-5.914608979255451,-6.2964187336859725,7.809999465942383,0.9970162510871887,0.07418865710496902,0.006525250151753426,0.02029861882328987
uav_01,82.729395,-5.798825442972469,-6.318589222444183,7.819999694824219,0.9929622411727905,0.07563725858926773,-0.0038894338067620993,0.09104856848716736
uav_01,82.829355,-5.683041906689489,-6.329674466429461,7.819999694824219,0.9829813241958618,0.07736332714557648,-0.015854159370064735,0.16586518287658691
uav_01,82.929315,-5.55760974295424,-6.35184495518767,7.819999694824219,0.966664731502533,0.0790296122431755,-0.028071125969290733,0.24192069470882416
uav_01,83.029275,-5.42252895039557,-6.362930199172948,7.819999694824219,0.944415271282196,0.07994919270277023,-0.03951002657413483,0.31642836332321167
uav_01,83.129235,-5.268150901561211,-6.385100687931159,7.819999694824219,0.9174615740776062,0.07892432063817978,-0.04939047992229462,0.38677623867988586
uav_01,83.229195,-5.123421481550273,-6.385100687931159,7.819999694824219,0.8875344395637512,0.07501549273729324,-0.05717410147190094,0.45098382234573364
uav_01,83.329155,-4.959394805263646,-6.3961859319164365,7.819999694824219,0.8562915325164795,0.06908566504716873,-0.0626639723777771,0.5080011487007141
uav_01,83.429115,-4.795368128977019,-6.3961859319164365,7.819999694824219,0.8250284790992737,0.06271874904632568,-0.06605460494756699,0.5577017068862915
uav_01,83.529075,-4.621692823866971,-6.3961859319164365,7.819999694824219,0.7945375442504883,0.057234033942222595,-0.06781387329101562,0.6006959080696106
uav_01,83.629035,-4.4383688913046555,-6.385100687931159,7.819999694824219,0.7651215195655823,0.05319138616323471,-0.06846674531698227,0.6380220055580139
uav_01,83.728995,-4.25504495874234,-6.374015443552054,7.819999694824219,0.7376616597175598,0.049567583948373795,-0.07011666893959045,0.6696879863739014
uav_01,83.829788,-4.062072398727755,-6.362930199172948,7.819999694824219,0.7144465446472168,0.045911699533462524,-0.07299315184354782,0.6943560242652893
uav_01,83.929748,-3.8594512098897504,-6.35184495518767,7.819999694824219,0.6980875730514526,0.04289347678422928,-0.07603570073843002,0.7106704115867615
uav_01,84.029708,-3.676127277327435,-6.329674466429461,7.819999694824219,0.6892374157905579,0.04117237776517868,-0.07800417393445969,0.719146728515625
uav_01,84.129668,-3.473506088489429,-6.307503978065078,7.819999694824219,0.6874457597732544,0.041511740535497665,-0.07806849479675293,0.7208331227302551
uav_01,84.229628,-3.2708849010225767,-6.2853334893068675,7.819999694824219,0.6914503574371338,0.04407155141234398,-0.07591970264911652,0.7170706391334534
uav_01,84.329588,-3.0489664559088836,-6.252077756563381,7.819999694824219,0.6996005177497864,0.04846395552158356,-0.07203005999326706,0.7092404961585999
uav_01,84.429548,-2.855993895894299,-6.218822023819892,7.819999694824219,0.7101392149925232,0.05397355556488037,-0.06717982888221741,0.6987674832344055
uav_01,84.529508,-2.6340754507806055,-6.196651535455509,7.819999694824219,0.7213461399078369,0.05970863252878189,-0.06221294775605202,0.6871857047080994
uav_01,84.629468,-2.4218056344903327,-6.163395802712021,7.819999694824219,0.7316601276397705,0.06484484672546387,-0.057948265224695206,0.6760995984077454
uav_01,84.729428,-2.1998871893766387,-6.130140069968534,7.819999694824219,0.7399243712425232,0.06856203079223633,-0.05449838936328888,0.666964054107666
uav_01,84.829388,-1.9779687456340975,-6.119054825589428,7.819999694824219,0.7454825043678284,0.07001059502363205,-0.05178440362215042,0.6608121991157532
uav_01,84.929348,-1.7560503005204038,-6.096884337225045,7.819999694824219,0.7480875849723816,0.06898032873868942,-0.049705084413290024,0.6581307053565979
uav_01,85.029308,-1.5244832279544418,-6.063628604481559,7.819999694824219,0.747835636138916,0.06572267413139343,-0.04817325249314308,0.6588639616966248
uav_01,85.129268,-1.2929161553884796,-6.063628604481559,7.819999694824219,0.7450598478317261,0.061059366911649704,-0.04694369435310364,0.6625359058380127
uav_01,85.229228,-1.070997710274786,-6.052543360102453,7.819999694824219,0.7403149008750916,0.05580560863018036,-0.045909833163022995,0.6683650612831116
uav_01,85.329188,-0.839430637708824,-6.03037287173807,7.819999694824219,0.7343153953552246,0.05043493211269379,-0.044894296675920486,0.6754418611526489
uav_01,85.429148,-0.607863565142862,-6.03037287173807,7.819999694824219,0.7278380990028381,0.04507698863744736,-0.04351505637168884,0.6828808188438416
uav_01,85.529108,-0.3859451214003207,-6.019287627358965,7.819999694824219,0.7216143012046814,0.039896655827760696,-0.04161261022090912,0.6898908615112305
uav_01,85.629068,-0.164026676286627,-5.997117138994581,7.819999694824219,0.7162413597106934,0.03524094074964523,-0.03896915167570114,0.6958719491958618
uav_01,85.729028,0.04824314000364603,-5.997117138994581,7.819999694824219,0.7121601104736328,0.030945995822548866,-0.03553617000579834,0.7004337906837463
uav_01,85.828988,0.2605129562939191,-5.986031894615477,7.819999694824219,0.7096246480941772,0.026137085631489754,-0.030819091945886612,0.7034201622009277
uav_01,85.929781,0.48243140140761287,-5.963861406251094,7.819999694824219,0.7086431384086609,0.020903490483760834,-0.024890609085559845,0.7048179507255554
uav_01,86.029741,0.6657553339699288,-5.963861406251094,7.819999694824219,0.7090874910354614,0.01581774465739727,-0.018553325906395912,0.7046988606452942
uav_01,86.129701,0.8587278939845129,-5.963861406251094,7.819999694824219,0.7106747031211853,0.011161936447024345,-0.01230132021009922,0.7033246755599976
uav_01,86.229661,1.0420518265468288,-5.95277616187199,7.819999694824219,0.7130573987960815,0.006878061220049858,-0.006418152712285519,0.7010425329208374
uav_01,86.329621,1.2157271316568767,-5.930605673507606,7.819999694824219,0.7158553004264832,0.002598146442323923,-0.0009400269482284784,0.6982432007789612
uav_01,86.429581,1.3797538079435037,-5.930605673507606,7.819999694824219,0.7186931371688843,-0.002019272418692708,0.004393665120005608,0.6953105330467224
uav_01,86.529541,1.5244832279544418,-5.930605673507606,7.819999694824219,0.7212406992912292,-0.007277053780853748,0.009972630999982357,0.6925745010375977
uav_01,86.629501,1.6692126479653797,-5.919520429128501,7.819999694824219,0.7232638001441956,-0.012781481258571148,0.015067371539771557,0.6902891397476196
uav_01,86.729461,1.7946448130717816,-5.919520429128501,7.819999694824219,0.7246516942977905,-0.017405547201633453,0.018947286531329155,0.6886348724365234
uav_01,86.829421,1.9104283493547625,-5.8973499407641174,7.819999694824219,0.725387454032898,-0.02037697285413742,0.021226171404123306,0.6877116560935974
uav_01,86.929381,2.0069146293620546,-5.8973499407641174,7.819999694824219,0.7255247235298157,-0.021788453683257103,0.022057583555579185,0.6874973177909851
uav_01,87.029341,2.093752281917078,-5.8973499407641174,7.819999694824219,0.7251521348953247,-0.021981874480843544,0.021967053413391113,0.6878870725631714
uav_01,87.129301,2.1709413056486815,-5.8973499407641174,7.819999694824219,0.7243686318397522,-0.02176785096526146,0.021783312782645226,0.6887246966362
uav_01,87.229261,2.2384817019280163,-5.8973499407641174,7.819999694824219,0.7227723002433777,-0.03427569568157196,0.03482598438858986,0.6893566250801086
uav_01,87.329221,2.2867248419316626,-5.8973499407641174,7.809999465942383,0.7207362055778503,-0.04827302321791649,0.049405235797166824,0.6897594928741455
uav_01,87.429181,2.3253193544830406,-5.8973499407641174,7.809999465942383,0.7190666794776917,-0.05519722402095795,0.05666109174489975,0.6904244422912598
uav_01,87.529141,2.3542652382109974,-5.8973499407641174,7.809999465942383,0.7182336449623108,-0.05333539471030235,0.05500272288918495,0.6915709972381592
uav_01,87.629101,2.3542652382109974,-5.8973499407641174,7.809999465942383,0.7176285982131958,-0.05146683007478714,0.053392551839351654,0.6924662590026855
uav_01,87.729061,2.3349679819353084,-5.8973499407641174,7.809999465942383,0.7170848846435547,-0.05238844081759453,0.05394662916660309,0.6929173469543457
uav_01,87.829021,2.3060220982073516,-5.8973499407641174,7.809999465942383,0.7171536087989807,-0.04894818738102913,0.047464922070503235,0.6935718059539795
uav_01,87.929814,2.2770762144793943,-5.8973499407641174,7.809999465942383,0.7175772190093994,-0.04274611547589302,0.034156765788793564,0.6943262815475464
uav_01,88.029774,2.2384817019280163,-5.8973499407641174,7.809999465942383,0.7180173397064209,-0.03669258952140808,0.017282791435718536,0.694842517375946
uav_01,88.129734,2.1805899331009497,-5.886264696385013,7.809999465942383,0.7183473706245422,-0.032920271158218384,7.339628791669384e-05,0.6949052214622498
uav_01,88.229694,2.1323467930973035,-5.886264696385013,7.809999465942383,0.7186352014541626,-0.032208990305662155,-0.01467740349471569,0.6944858431816101
uav_01,88.329654,2.0744550256413894,-5.875179452399736,7.809999465942383,0.7190136909484863,-0.033463504165410995,-0.02525341510772705,0.6937302947044373
uav_01,88.429614,2.035860513090012,-5.853008963641526,7.809999465942383,0.7195006608963013,-0.03533196821808815,-0.03194597363471985,0.6928563117980957
uav_01,88.529574,1.9876173730863658,-5.819753230898037,7.809999465942383,0.7200095057487488,-0.03698766976594925,-0.036064211279153824,0.6920387148857117
uav_01,88.629534,1.9393742330827195,-5.786497498154549,7.809999465942383,0.7204508781433105,-0.037957813590765,-0.03906584158539772,0.6913635730743408
uav_01,88.729494,1.9007797205313417,-5.742156521425783,7.809999465942383,0.7207463979721069,-0.038346413522958755,-0.04218951612710953,0.6908503770828247
uav_01,88.829454,1.8621852093511162,-5.686730299924085,7.809999465942383,0.7208544015884399,-0.03850381448864937,-0.04607291892170906,0.6904807686805725
uav_01,88.929414,1.8332393242520069,-5.631304078816215,7.809999465942383,0.7214161157608032,-0.03958110883831978,-0.049826014786958694,0.6895719170570374
uav_01,89.029374,1.8042934405240496,-5.564792613329239,7.809999465942383,0.7254019975662231,-0.042653802782297134,-0.05223191902041435,0.6850141882896423
uav_01,89.129334,1.7753475567960926,-5.487195903463158,7.799999237060547,0.7368354201316833,-0.046805575489997864,-0.053366705775260925,0.6723353266716003
uav_01,89.229294,1.7464016730681353,-5.398513949611799,7.799999237060547,0.7573107481002808,-0.049824830144643784,-0.05427977442741394,0.6488849520683289
uav_01,89.329254,1.7174557879690258,-5.28766150700223,7.799999237060547,0.7854887843132019,-0.05017989128828049,-0.05592336133122444,0.6142978668212891
uav_01,89.429214,1.7078071605167575,-5.187894308771767,7.799999237060547,0.8187111616134644,-0.04723845049738884,-0.05891101434826851,0.5692188143730164
uav_01,89.529174,1.6788612767888005,-5.088127110541303,7.799999237060547,0.8539840579032898,-0.04108693078160286,-0.06344123929738998,0.5147798657417297
uav_01,89.629134,1.649915391689691,-4.977274667931735,7.799999237060547,0.8885053396224976,-0.03233897686004639,-0.069024957716465,0.4524909257888794
uav_01,89.729094,1.6306181367851544,-4.8442517369577835,7.799999237060547,0.9199976325035095,-0.021624505519866943,-0.07395278662443161,0.38427555561065674
uav_01,89.829054,1.6113208805094654,-4.711228805983831,7.799999237060547,0.9468028545379639,-0.009664885699748993,-0.0764700174331665,0.3124472200870514
uav_01,89.929014,1.6016722516860449,-4.57820587500988,7.799999237060547,0.9679136872291565,0.002534379716962576,-0.0755097046494484,0.23965589702129364
uav_01,90.029807,1.5920236242337766,-4.434097699656823,7.799999237060547,0.9830503463745117,0.01466751005500555,-0.0708443745970726,0.16845755279064178
uav_01,90.129767,1.5920236242337766,-4.278904280318488,7.799999237060547,0.9920706152915955,0.026654763147234917,-0.06293805688619614,0.10547120869159698
uav_01,90.229727,1.5920236242337766,-4.1347961049654325,7.799999237060547,0.9962917566299438,0.03669087216258049,-0.05322343856096268,0.05677841976284981
uav_01,90.329687,1.6016722516860449,-3.9906879300062026,7.790000915527344,0.9978049993515015,0.04277842864394188,-0.043261636048555374,0.026146074756979942
uav_01,90.429647,1.6209695079617337,-3.835494510274041,7.790000915527344,0.9983639717102051,0.04368869960308075,-0.03428684547543526,0.013604933395981789
uav_01,90.529607,1.649915391689691,-3.6913863349209843,7.790000915527344,0.9987387657165527,0.039569977670907974,-0.026040641590952873,0.01664331927895546
uav_01,90.629567,1.6788612767888005,-3.53619291558265,7.790000915527344,0.9988184571266174,0.03193765506148338,-0.018351241946220398,0.03170018270611763
uav_01,90.729527,1.7174557879690258,-3.4031699846086987,7.790000915527344,0.9981376528739929,0.02271079830825329,-0.011767581105232239,0.05538037046790123
uav_01,90.829487,1.7560503005204038,-3.2923175419991293,7.790000915527344,0.9963059425354004,0.013537040911614895,-0.006464834790676832,0.08455435186624527
uav_01,90.929447,1.7946448130717816,-3.1703798554042835,7.790000915527344,0.9931912422180176,0.006097620818763971,-0.0019827873911708593,0.11631881445646286
uav_01,91.029407,1.8332393242520069,-3.0484421688094363,7.790000915527344,0.9890043139457703,0.001284893718548119,0.0021398046519607306,0.14786569774150848
uav_01,91.129367,1.8621852093511162,-2.9486749705789728,7.790000915527344,0.9843031167984009,-0.0005820486694574356,0.006032018456608057,0.1763821542263031
uav_01,91.229327,1.9007797205313417,-2.8489077719546816,7.799999237060547,0.9798593521118164,8.002854883670807e-05,0.009339986369013786,0.1994704306125641
uav_01,91.329287,1.9393742330827195,-2.760225818103323,7.799999237060547,0.9763960838317871,0.002059278544038534,0.012007174082100391,0.2156437337398529
uav_01,91.429247,1.9586714893584087,-2.6604586198728595,7.799999237060547,0.9743877649307251,0.004308390896767378,0.013880888931453228,0.22440408170223236
uav_01,91.529207,1.9876173730863658,-2.5939471543858836,7.799999237060547,0.9739624857902527,0.00590767664834857,0.015354427509009838,0.22611144185066223
uav_01,91.629167,2.0069146293620546,-2.527435688898908,7.799999237060547,0.9747897386550903,0.00826968066394329,0.023159433156251907,0.22176606953144073
uav_01,91.729127,2.035860513090012,-2.4830947117763147,7.799999237060547,0.9762875437736511,0.011288504116237164,0.03849148750305176,0.21272897720336914
uav_01,91.829087,2.055157769365701,-2.427668490668444,7.799999237060547,0.9783328771591187,0.01257417257875204,0.049217384308576584,0.2007094919681549
uav_01,91.929047,2.0744550256413894,-2.394412757924956,7.799999237060547,0.980810284614563,0.01154252327978611,0.05190755054354668,0.18757270276546478
uav_01,92.029007,2.1034009093693466,-2.3722422695605734,7.799999237060547,0.9833605289459229,0.00881450530141592,0.04805615171790123,0.1749715507030487
uav_01,92.1298,2.1226981656450357,-2.3722422695605734,7.799999237060547,0.9850964546203613,0.006797542795538902,0.05138087272644043,0.16400855779647827
uav_01,92.22976,2.1323467930973035,-2.3722422695605734,7.799999237060547,0.9864230155944824,0.0030333371832966805,0.05170668289065361,0.15584224462509155
uav_01,92.32972,2.1516440493729925,-2.3722422695605734,7.799999237060547,0.9874396324157715,-0.0033221193589270115,0.04665329307317734,0.1509149968624115
uav_01,92.42968,2.1709413056486815,-2.394412757924956,7.799999237060547,0.9879956841468811,-0.011675487272441387,0.03808283805847168,0.14925794303417206
uav_01,92.52964,2.1709413056486815,-2.416583246289339,7.799999237060547,0.9879721999168396,-0.020851101726293564,0.028940152376890182,0.15046121180057526
uav_01,92.6296,2.1805899331009497,-2.4387537350475488,7.799999237060547,0.9874071478843689,-0.029926897957921028,0.021399706602096558,0.15386226773262024
uav_01,92.72956,2.1709413056486815,-2.472009467791037,7.799999237060547,0.9864704608917236,-0.037770241498947144,0.016544826328754425,0.1586686670780182
uav_01,92.82952,2.1709413056486815,-2.4941799561554197,7.799999237060547,0.9853723049163818,-0.043705493211746216,0.013916508294641972,0.16412678360939026
uav_01,92.92948,2.1419954219207242,-2.527435688898908,7.799999237060547,0.9842711091041565,-0.047900184988975525,0.012858069501817226,0.16956016421318054
uav_01,93.02944,2.1226981656450357,-2.549606177263291,7.799999237060547,0.9832650423049927,-0.05106682702898979,0.012486731633543968,0.17443066835403442
uav_01,93.1294,2.0841036530936576,-2.5828619100067787,7.799999237060547,0.9824046492576599,-0.05411365628242493,0.01215546578168869,0.17833958566188812
uav_01,93.22936,2.035860513090012,-2.5939471543858836,7.799999237060547,0.9817150831222534,-0.05766997113823891,0.011553560383617878,0.18104195594787598
uav_01,93.32932,1.9876173730863658,-2.6272028871293713,7.799999237060547,0.9812231659889221,-0.06176362931728363,0.010832048952579498,0.1823979616165161
uav_01,93.42928,1.9393742330827195,-2.6493733754937545,7.799999237060547,0.9812436103820801,-0.06570998579263687,0.01144472323358059,0.18086527287960052
uav_01,93.52924,1.8525365805276959,-2.6604586198728595,7.799999237060547,0.9826589226722717,-0.06873262673616409,0.014382162131369114,0.17161136865615845
uav_01,93.6292,1.7753475567960926,-2.693714352616347,7.799999237060547,0.9860650300979614,-0.07094039767980576,0.0178508497774601,0.14941421151161194
uav_01,93.72916,1.6885099042410687,-2.693714352616347,7.799999237060547,0.9907733798027039,-0.07255680859088898,0.019478319212794304,0.11280176043510437
uav_01,93.82912,1.5920236242337766,-2.7269700853598353,7.799999237060547,0.9951136708259583,-0.07389496266841888,0.017545735463500023,0.06309045851230621
uav_01,93.92908,1.4858887154030638,-2.749140573724218,7.799999237060547,0.9970971941947937,-0.07523437589406967,0.011399644427001476,0.002640308113768697
uav_01,94.02904,1.3797538079435037,-2.760225818103323,7.799999237060547,0.9948818683624268,-0.07664035260677338,0.0015322030521929264,-0.06583316624164581
uav_01,94.129,1.254321642837102,-2.793481550846811,7.799999237060547,0.9870553016662598,-0.0783904492855072,-0.010569383390247822,-0.13951736688613892
uav_01,94.229793,1.1288894791018527,-2.815652039211194,7.799999237060547,0.9727675318717957,-0.08020120859146118,-0.02340097911655903,-0.21620234847068787
uav_01,94.329753,0.9938086865431829,-2.837822527969404,7.799999237060547,0.9523591995239258,-0.0813419371843338,-0.035576995462179184,-0.2917698919773102
uav_01,94.429713,0.8490792665322447,-2.8489077719546816,7.799999237060547,0.9266841411590576,-0.08088988810777664,-0.04623502492904663,-0.36410945653915405
uav_01,94.529673,0.694701217697886,-2.8599930163337866,7.799999237060547,0.897355854511261,-0.07790295779705048,-0.05469747632741928,-0.43091970682144165
uav_01,94.629633,0.5306745414112589,-2.8710782607128915,7.799999237060547,0.8661301732063293,-0.07258163392543793,-0.06093992292881012,-0.4907512068748474
uav_01,94.729593,0.36664786512463193,-2.8710782607128915,7.799999237060547,0.8344862461090088,-0.06622164696455002,-0.06515110284090042,-0.5431414842605591
uav_01,94.829553,0.18332393256231597,-2.8710782607128915,7.799999237060547,0.8034154176712036,-0.06034215912222862,-0.06771300733089447,-0.5884703993797302
uav_01,94.929513,0.009648627452268202,-2.8710782607128915,7.799999237060547,0.7733615040779114,-0.056094858795404434,-0.0690588504076004,-0.6276912093162537
uav_01,95.029473,-0.18332393256231597,-2.8710782607128915,7.799999237060547,0.7445158958435059,-0.05305027216672897,-0.07010237872600555,-0.6617910265922546
uav_01,95.129433,-0.37629649257690007,-2.8599930163337866,7.799999237060547,0.7183918952941895,-0.04983869194984436,-0.07238952815532684,-0.6900644898414612
uav_01,95.229393,-0.5692690539626367,-2.8489077719546816,7.799999237060547,0.6975979804992676,-0.04654291644692421,-0.0755520612001419,-0.7109730839729309
uav_01,95.329353,-0.7622416139772209,-2.826737283590299,7.799999237060547,0.6839170455932617,-0.043874528259038925,-0.07827286422252655,-0.7240206003189087
uav_01,95.429313,-0.974511430267494,-2.815652039211194,7.799999237060547,0.6777083277702332,-0.04258761182427406,-0.07955004274845123,-0.7297735810279846
uav_01,95.529273,-1.1771326191054987,-2.793481550846811,7.799999237060547,0.6781809329986572,-0.04340759292244911,-0.07869180291891098,-0.7293791770935059
uav_01,95.629233,-1.389402435395772,-2.760225818103323,7.799999237060547,0.6839106678962708,-0.046263374388217926,-0.0756956934928894,-0.7241519689559937
uav_01,95.729193,-1.6113208805094654,-2.7269700853598353,7.799999237060547,0.6931713819503784,-0.05088411271572113,-0.07111872732639313,-0.7154483795166016
uav_01,95.829153,-1.8235906967997386,-2.7158848409807304,7.799999237060547,0.7041997313499451,-0.056596990674734116,-0.06594837456941605,-0.7046632766723633
uav_01,95.929113,-2.045509141913432,-2.682629108237242,7.799999237060547,0.7153257727622986,-0.06229095160961151,-0.06117209419608116,-0.6933158040046692
uav_01,96.029073,-2.2674275856559736,-2.6604586198728595,7.799999237060547,0.7251384258270264,-0.06682632118463516,-0.057214826345443726,-0.6829604506492615
uav_01,96.129033,-2.498994658221936,-2.6272028871293713,7.799999237060547,0.7326655983924866,-0.06923777610063553,-0.05395922437310219,-0.6749041676521301
uav_01,96.228993,-2.7305617307878975,-2.6161176427502664,7.799999237060547,0.7373729944229126,-0.06918780505657196,-0.05132490023970604,-0.6699700951576233
uav_01,96.329786,-2.9621288033538593,-2.5939471543858836,7.799999237060547,0.7391034960746765,-0.06701046973466873,-0.04913090914487839,-0.6684473156929016
uav_01,96.429746,-3.1936958759198215,-2.5828619100067787,7.799999237060547,0.7380107641220093,-0.06315179914236069,-0.04734939709305763,-0.670156717300415
uav_01,96.529706,-3.4252629484857833,-2.560691421642396,7.799999237060547,0.7345459461212158,-0.05818268656730652,-0.04574768617749214,-0.6745103001594543
uav_01,96.629666,-3.6568300210517455,-2.560691421642396,7.799999237060547,0.7293194532394409,-0.052837710827589035,-0.04420824348926544,-0.6806959509849548
uav_01,96.729626,-3.8883970936177072,-2.560691421642396,7.799999237060547,0.723064661026001,-0.04752209410071373,-0.0426638163626194,-0.6878218650817871
uav_01,96.829586,-4.119964166183669,-2.549606177263291,7.799999237060547,0.7165558934211731,-0.042202938348054886,-0.04095390439033508,-0.6950463056564331
uav_01,96.929546,-4.341882611297363,-2.527435688898908,7.809999465942383,0.7104853391647339,-0.036893248558044434,-0.03854675963521004,-0.7016863226890564
uav_01,97.029506,-4.563801056411057,-2.527435688898908,7.809999465942383,0.7053866982460022,-0.03190949559211731,-0.03525051847100258,-0.7072260975837708
uav_01,97.129466,-4.77607087270133,-2.527435688898908,7.809999465942383,0.701617956161499,-0.027087468653917313,-0.030861712992191315,-0.7113691568374634
uav_01,97.229426,-4.988340688991603,-2.516350444519803,7.809999465942383,0.699338436126709,-0.021989600732922554,-0.025021489709615707,-0.7140141129493713
uav_01,97.329386,-5.190961877829608,-2.516350444519803,7.809999465942383,0.698594868183136,-0.0168463084846735,-0.01831253431737423,-0.7150846719741821
uav_01,97.429346,-5.383934437844192,-2.505265200534525,7.809999465942383,0.6992385983467102,-0.011987400241196156,-0.011725307442247868,-0.714691698551178
uav_01,97.529306,-5.567258370406508,-2.505265200534525,7.809999465942383,0.7009896039962769,-0.007325868122279644,-0.005471835844218731,-0.7131128907203674
uav_01,97.629266,-5.750582302968824,-2.4941799561554197,7.809999465942383,0.7034784555435181,-0.0026091914623975754,0.0004835486179217696,-0.7107115983963013
uav_01,97.729226,-5.914608979255451,-2.4941799561554197,7.809999465942383,0.7063078284263611,0.0027370888274163008,0.006360550876706839,-0.7078709602355957
uav_01,97.829186,-6.0689870280898095,-2.4830947117763147,7.809999465942383,0.7090931534767151,0.008671890012919903,0.012414687313139439,-0.7049521803855896
uav_01,97.929146,-6.213716448100747,-2.4830947117763147,7.809999465942383,0.7115336656570435,0.014246019534766674,0.017902562394738197,-0.7022793889045715
uav_01,98.029106,-6.3294999843837285,-2.4830947117763147,7.809999465942383,0.7134466767311096,0.018583789467811584,0.021847859025001526,-0.7001222372055054
uav_01,98.129066,-6.4452835206667105,-2.4830947117763147,7.809999465942383,0.7147489786148071,0.021168289706110954,0.024138176813721657,-0.6986438035964966
uav_01,98.229026,-6.551418429497423,-2.4830947117763147,7.809999465942383,0.7154276371002197,0.022051449865102768,0.024912981316447258,-0.697894275188446
uav_01,98.329819,-6.628607453229026,-2.472009467791037,7.809999465942383,0.7155004739761353,0.021860316395759583,0.024744747206568718,-0.6978315711021423
uav_01,98.429779,-6.71544510578405,-2.472009467791037,7.819999694824219,0.7150529623031616,0.021103031933307648,0.0240109171718359,-0.69833904504776
uav_01,98.529739,-6.782985502063385,-2.472009467791037,7.819999694824219,0.714198112487793,0.02026502601802349,0.023261263966560364,-0.6992633938789368
uav_01,98.629699,-6.840877269519298,-2.472009467791037,7.809999465942383,0.7130991220474243,0.019558772444725037,0.022634780034422874,-0.7004247307777405
uav_01,98.729659,-6.889120409522945,-2.4830947117763147,7.809999465942383,0.7119187116622925,0.019011203199625015,0.022337213158607483,-0.701649010181427
uav_01,98.829619,-6.918066294622054,-2.4830947117763147,7.809999465942383,0.7108073234558105,0.018380196765065193,0.02220061793923378,-0.7027959823608398
uav_01,98.929579,-6.956660805802279,-2.4830947117763147,7.799999237060547,0.7098758220672607,0.01775841973721981,0.022225387394428253,-0.7037521004676819
uav_01,99.029539,-6.975958062077969,-2.4830947117763147,7.790000915527344,0.7092012763023376,0.017160508781671524,0.022078074514865875,-0.704451322555542
uav_01,99.129499,-6.995255318353658,-2.4830947117763147,7.770000457763672,0.7088193893432617,0.01668270118534565,0.02155659906566143,-0.7048631310462952
uav_01,99.229459,-7.004903945805926,-2.4830947117763147,7.739999771118164,0.7087291479110718,0.016200639307498932,0.02079254947602749,-0.7049880623817444
uav_01,99.329419,-7.004903945805926,-2.4941799561554197,7.709999084472656,0.7088958024978638,0.015595326200127602,0.0198429636657238,-0.7048615217208862
uav_01,99.429379,-7.004903945805926,-2.4941799561554197,7.670000076293945,0.7092553377151489,0.014817372895777225,0.018644409254193306,-0.7045493125915527
uav_01,99.529339,-7.004903945805926,-2.4941799561554197,7.629999160766602,0.7097374200820923,0.013884303160011768,0.017226628959178925,-0.7041187882423401
uav_01,99.629299,-6.995255318353658,-2.505265200534525,7.579999923706055,0.7102692127227783,0.012758761644363403,0.015745285898447037,-0.7036383748054504
uav_01,99.729259,-6.975958062077969,-2.505265200534525,7.530000686645508,0.7107856273651123,0.011402805335819721,0.014339933171868324,-0.7031700611114502
uav_01,99.829219,-6.975958062077969,-2.505265200534525,7.469999313354492,0.7112332582473755,0.009965428151190281,0.012921509332954884,-0.7027666568756104
uav_01,99.929179,-6.9663094346257015,-2.516350444519803,7.420000076293945,0.7115725874900818,0.008677958510816097,0.011422347277402878,-0.7024661302566528
uav_01,100.029139,-6.947012178350012,-2.516350444519803,7.3600006103515625,0.7117921710014343,0.007336073089390993,0.009918108582496643,-0.7022817730903625
uav_01,100.129099,-6.9277149220743235,-2.516350444519803,7.299999237060547,0.7118908762931824,0.005984645336866379,0.008523580618202686,-0.7022128105163574
uav_01,100.229059,-6.908417665798633,-2.527435688898908,7.25,0.7118780016899109,0.004778857342898846,0.007297358941286802,-0.7022489905357361
uav_01,100.329019,-6.889120409522945,-2.527435688898908,7.190000534057617,0.7117754817008972,0.003925594035536051,0.006259552203118801,-0.7023681998252869
uav_01,100.429812,-6.860174525794987,-2.527435688898908,7.1399993896484375,0.7116075158119202,0.0032245239708572626,0.005365161225199699,-0.7025493383407593
uav_01,100.529772,-6.8505258983427195,-2.527435688898908,7.079999923706055,0.7114183902740479,0.0024841108825057745,0.0045380801893770695,-0.7027496695518494
uav_01,100.629732,-6.83122864206703,-2.527435688898908,7.030000686645508,0.7112278342247009,0.0016644594725221395,0.003497712081298232,-0.7029508948326111
uav_01,100.729692,-6.8119313857913415,-2.549606177263291,6.979999542236328,0.7110592126846313,0.0009437776752747595,0.0022964158561080694,-0.7031277418136597
uav_01,100.829652,-6.792634129515653,-2.549606177263291,6.920000076293945,0.7109236121177673,0.0003127194650005549,0.0013081339420750737,-0.7032679319381714
uav_01,100.929612,-6.782985502063385,-2.560691421642396,6.870000839233398,0.7108249664306641,-0.00014061987167224288,0.0005822664243169129,-0.7033686637878418
uav_01,101.029572,-6.763688245787695,-2.560691421642396,6.819999694824219,0.7107746005058289,-0.0005689489771611989,3.953852501581423e-05,-0.7034196257591248
uav_01,101.129532,-6.744390989512007,-2.560691421642396,6.770000457763672,0.7107701897621155,-0.0009642167133279145,-0.0003049914084840566,-0.7034235596656799
uav_01,101.229492,-6.7347423620597375,-2.560691421642396,6.719999313354492,0.7107961773872375,-0.0014484366402029991,-0.00046349846525117755,-0.7033963799476624
uav_01,101.329452,-6.725093733236318,-2.560691421642396,6.670000076293945,0.710832953453064,-0.0019198263762518764,-0.0006170052220113575,-0.7033579349517822
uav_01,101.429412,-6.71544510578405,-2.5828619100067787,6.620000839233398,0.710888683795929,-0.00230150087736547,-0.0008422177634201944,-0.7033002972602844
uav_01,101.529372,-6.7057964769606295,-2.5828619100067787,6.569999694824219,0.7109653949737549,-0.0026028084103018045,-0.0010729882633313537,-0.7032213807106018
uav_01,101.629332,-6.69614784950836,-2.5828619100067787,6.530000686645508,0.711040198802948,-0.0027928859926760197,-0.0013376099523156881,-0.7031444907188416
uav_01,101.729292,-6.676850593232673,-2.5939471543858836,6.479999542236328,0.711106538772583,-0.0028070940170437098,-0.0016656500520184636,-0.7030766606330872
uav_01,101.829252,-6.676850593232673,-2.5939471543858836,6.430000305175781,0.7111612558364868,-0.002792790997773409,-0.0019057020545005798,-0.7030208110809326
uav_01,101.929212,-6.676850593232673,-2.5939471543858836,6.379999160766602,0.7111983895301819,-0.0028140905778855085,-0.001992716919630766,-0.7029829025268555
uav_01,102.029172,-6.667201965780403,-2.5939471543858836,6.329999923706055,0.7112094759941101,-0.0027534200344234705,-0.001989336684346199,-0.7029719352722168
uav_01,102.129132,-6.667201965780403,-2.5939471543858836,6.280000686645508,0.7112062573432922,-0.002626390429213643,-0.001962602138519287,-0.7029757499694824
uav_01,102.229092,-6.657553336956982,-2.5939471543858836,6.229999542236328,0.7111920118331909,-0.0024737997446209192,-0.001919072587043047,-0.7029907703399658
uav_01,102.329052,-6.657553336956982,-2.5939471543858836,6.180000305175781,0.7111660838127136,-0.0023029600270092487,-0.0017985021695494652,-0.7030178904533386
uav_01,102.429012,-6.657553336956982,-2.6161176427502664,6.129999160766602,0.7111304998397827,-0.002160568255931139,-0.0017560943961143494,-0.7030545473098755
uav_01,102.529805,-6.657553336956982,-2.6161176427502664,6.079999923706055,0.711090624332428,-0.00203151092864573,-0.0018289266154170036,-0.703095018863678
uav_01,102.629765,-6.657553336956982,-2.6161176427502664,6.040000915527344,0.7110496163368225,-0.002061964478343725,-0.0019518696935847402,-0.703136146068573
uav_01,102.729725,-6.657553336956982,-2.6161176427502664,5.989999771118164,0.7110130786895752,-0.002064951928332448,-0.0020649838261306286,-0.7031727433204651
uav_01,102.829685,-6.657553336956982,-2.6272028871293713,5.940000534057617,0.7109931111335754,-0.002050861017778516,-0.002023624489083886,-0.7031930685043335
uav_01,102.929645,-6.657553336956982,-2.6272028871293713,5.8899993896484375,0.7109861373901367,-0.0019891804549843073,-0.001997594488784671,-0.7032003402709961
uav_01,103.029605,-6.657553336956982,-2.6272028871293713,5.840000152587891,0.7109827399253845,-0.0018554865382611752,-0.001975725404918194,-0.7032041549682617
uav_01,103.129565,-6.667201965780403,-2.6272028871293713,5.790000915527344,0.7109832167625427,-0.001622734242118895,-0.0019743938464671373,-0.703204333782196
uav_01,103.229525,-6.667201965780403,-2.6272028871293713,5.739999771118164,0.7109843492507935,-0.001529423869214952,-0.0018408396281301975,-0.7032037377357483
uav_01,103.329485,-6.667201965780403,-2.6272028871293713,5.690000534057617,0.7109913229942322,-0.001591978594660759,-0.0015442462172359228,-0.7031972408294678
uav_01,103.429445,-6.676850593232673,-2.6272028871293713,5.6399993896484375,0.7110013961791992,-0.0015745109412819147,-0.0012043218594044447,-0.7031878232955933
uav_01,103.529405,-6.676850593232673,-2.6272028871293713,5.590000152587891,0.7110116481781006,-0.001407271483913064,-0.0009148460812866688,-0.7031782865524292
uav_01,103.629365,-6.676850593232673,-2.6272028871293713,5.540000915527344,0.711016833782196,-0.0012719575315713882,-0.0008508377941325307,-0.7031733393669128
uav_01,103.729325,-6.676850593232673,-2.6272028871293713,5.5,0.7110200524330139,-0.0009212424629367888,-0.0009282482205890119,-0.7031704783439636
uav_01,103.829285,-6.676850593232673,-2.6272028871293713,5.450000762939453,0.7110230922698975,-0.0005765298847109079,-0.0010071442229673266,-0.7031676769256592
uav_01,103.929245,-6.676850593232673,-2.6272028871293713,5.399999618530273,0.7110220789909363,-0.0003395176609046757,-0.001036711735650897,-0.7031688094139099
uav_01,104.029205,-6.69614784950836,-2.6272028871293713,5.350000381469727,0.7110159397125244,-0.0004057739570271224,-0.0009105969802476466,-0.7031751871109009
uav_01,104.129165,-6.69614784950836,-2.6272028871293713,5.299999237060547,0.7110154628753662,-0.000559883308596909,-0.0008142755832523108,-0.7031756639480591
uav_01,104.229125,-6.69614784950836,-2.6272028871293713,5.25,0.7110193371772766,-0.0007829922251403332,-0.0006213243468664587,-0.7031717300415039
uav_01,104.329085,-6.7057964769606295,-2.6272028871293713,5.200000762939453,0.7110280394554138,-0.0008888252195902169,-0.0002609016664791852,-0.7031630873680115
uav_01,104.429045,-6.7057964769606295,-2.6272028871293713,5.149999618530273,0.7110380530357361,-0.0009044648031704128,-4.595977588905953e-05,-0.7031529545783997
uav_01,104.529005,-6.7057964769606295,-2.6272028871293713,5.100000381469727,0.711050271987915,-0.000831569021102041,0.00013587337161879987,-0.7031406760215759
uav_01,104.629798,-6.71544510578405,-2.6493733754937545,5.049999237060547,0.7110622525215149,-0.0007354201516136527,0.00030384567799046636,-0.7031285762786865
uav_01,104.729758,-6.71544510578405,-2.6493733754937545,5.0,0.7110787630081177,-0.0005398712237365544,0.0003845134633593261,-0.7031120657920837
uav_01,104.829718,-6.71544510578405,-2.6493733754937545,4.950000762939453,0.7110953330993652,-0.0003291801840532571,0.0004530677106231451,-0.7030953764915466
uav_01,104.929678,-6.725093733236318,-2.6493733754937545,4.899999618530273,0.7111014127731323,-2.9033233658992685e-05,0.00046746284351684153,-0.7030892968177795
uav_01,105.029638,-6.725093733236318,-2.6493733754937545,4.8600006103515625,0.7110923528671265,0.0001562279212521389,0.0003455182013567537,-0.703098475933075
uav_01,105.129598,-6.725093733236318,-2.6493733754937545,4.809999465942383,0.711076021194458,9.556355507811531e-05,0.0001693881640676409,-0.7031151056289673
uav_01,105.229558,-6.725093733236318,-2.6493733754937545,4.760000228881836,0.7110540866851807,-0.0002722287317737937,-0.00025488677783869207,-0.703137218952179
uav_01,105.329518,-6.725093733236318,-2.6493733754937545,4.709999084472656,0.7110282182693481,-0.0005122562288306653,-0.0006015377584844828,-0.7031630277633667
uav_01,105.429478,-6.7347423620597375,-2.6493733754937545,4.659999847412109,0.7110016942024231,-0.0005586196202784777,-0.0005751783028244972,-0.7031898498535156
uav_01,105.529438,-6.7347423620597375,-2.6493733754937545,4.6100006103515625,0.7109842300415039,-0.0004214242217130959,-0.0003708318981807679,-0.7032076716423035
uav_01,105.629398,-6.7347423620597375,-2.6493733754937545,4.559999465942383,0.7109814286231995,-3.5880671930499375e-05,-2.656867218320258e-05,-0.7032107710838318
uav_01,105.729358,-6.7347423620597375,-2.6493733754937545,4.510000228881836,0.7109814286231995,0.00025117400218732655,0.0003042746102437377,-0.703210711479187
uav_01,105.829318,-6.7347423620597375,-2.6493733754937545,4.459999084472656,0.7109851837158203,0.000181968483957462,0.0005072737694717944,-0.7032067775726318
uav_01,105.929278,-6.744390989512007,-2.6493733754937545,4.420000076293945,0.7109892964363098,6.280913657974452e-05,0.0006007491028867662,-0.7032025456428528
uav_01,106.029238,-6.744390989512007,-2.6493733754937545,4.370000839233398,0.7110008597373962,-8.623278517916333e-06,0.0006321179680526257,-0.7031908631324768
uav_01,106.129198,-6.744390989512007,-2.6493733754937545,4.319999694824219,0.7110157012939453,2.835587838490028e-05,0.000674672017339617,-0.7031757831573486
uav_01,106.229158,-6.744390989512007,-2.6493733754937545,4.270000457763672,0.7110316753387451,-9.458739077672362e-05,0.0006913711549714208,-0.7031596302986145
uav_01,106.329118,-6.744390989512007,-2.6493733754937545,4.219999313354492,0.7110502123832703,-0.00032230725628323853,0.0006355404620990157,-0.703140914440155
uav_01,106.429078,-6.744390989512007,-2.6493733754937545,4.170000076293945,0.7110636830329895,-0.0004606377915479243,0.00041240607970394194,-0.7031273245811462
uav_01,106.529038,-6.744390989512007,-2.6493733754937545,4.129999160766602,0.7110664248466492,-0.0004788107762578875,0.00013378437142819166,-0.7031246423721313
uav_01,106.628998,-6.744390989512007,-2.6493733754937545,4.079999923706055,0.7110757231712341,-0.0007605206919834018,1.764523403835483e-05,-0.7031150460243225
uav_01,106.729791,-6.744390989512007,-2.6493733754937545,4.030000686645508,0.7110804319381714,-0.000944031635299325,-8.21199209894985e-05,-0.7031100392341614
uav_01,106.829751,-6.744390989512007,-2.6493733754937545,3.979999542236328,0.7110785245895386,-0.0009884183527901769,-0.00012655809405259788,-0.7031118869781494
uav_01,106.929711,-6.744390989512007,-2.6493733754937545,3.9300003051757812,0.7110720872879028,-0.0008628758369013667,-0.00010262509022140875,-0.7031185626983643
uav_01,107.029671,-6.744390989512007,-2.6493733754937545,3.880000114440918,0.7110623717308044,-0.0007083147065714002,-0.00014251838729251176,-0.7031285166740417
uav_01,107.129631,-6.744390989512007,-2.6604586198728595,3.8299999237060547,0.7110500931739807,-0.00046825583558529615,-0.00032554802601225674,-0.7031410932540894
uav_01,107.229591,-6.744390989512007,-2.6604586198728595,3.7899999618530273,0.7110388278961182,-0.00035760237369686365,-0.00034993200097233057,-0.703152596950531
uav_01,107.329551,-6.744390989512007,-2.6604586198728595,3.739999771118164,0.711025595664978,-0.00028928430401720107,-9.022669109981507e-05,-0.7031660676002502
uav_01,107.429511,-6.744390989512007,-2.6604586198728595,3.689999580383301,0.7110114097595215,-0.0002881668624468148,0.00016803370090201497,-0.7031803727149963
uav_01,107.529471,-6.744390989512007,-2.6604586198728595,3.640000343322754,0.711003839969635,-0.00020917231449857354,0.0003070993407163769,-0.7031880021095276
uav_01,107.629431,-6.744390989512007,-2.6604586198728595,3.5900001525878906,0.7109991312026978,-0.00013903836952522397,0.0003843183512799442,-0.7031927704811096
uav_01,107.729391,-6.744390989512007,-2.6604586198728595,3.5399999618530273,0.7109947800636292,-0.00010041471250588074,0.00032335263676941395,-0.703197181224823
uav_01,107.829351,-6.744390989512007,-2.6604586198728595,3.5,0.7109877467155457,-0.00010697172547224909,0.0001312751992372796,-0.703204333782196
uav_01,107.929311,-6.744390989512007,-2.6604586198728595,3.4499998092651367,0.7109851837158203,-9.822605352383107e-05,-4.2270021367585286e-05,-0.7032070159912109
uav_01,108.029271,-6.744390989512007,-2.6604586198728595,3.3999996185302734,0.7109884023666382,-0.00014909650781191885,-0.00023051198513712734,-0.7032036781311035
uav_01,108.129231,-6.744390989512007,-2.6604586198728595,3.3500003814697266,0.7109949588775635,-1.9268836695118807e-05,-0.0004339694860391319,-0.7031970024108887
uav_01,108.229191,-6.744390989512007,-2.6604586198728595,3.3000001907348633,0.7110016345977783,5.524638982024044e-05,-0.0006155421724542975,-0.7031900882720947
uav_01,108.329151,-6.744390989512007,-2.6604586198728595,3.25,0.7110077142715454,0.00012103019980713725,-0.0006228415295481682,-0.7031839489936829
uav_01,108.429111,-6.744390989512007,-2.6604586198728595,3.2100000381469727,0.7110080718994141,0.00012377070379443467,-0.00026827739202417433,-0.7031837701797485
uav_01,108.529071,-6.744390989512007,-2.6604586198728595,3.1599998474121094,0.7110114097595215,3.48991816281341e-05,0.00010256377572659403,-0.7031804919242859
uav_01,108.629031,-6.744390989512007,-2.6604586198728595,3.109999656677246,0.7110159397125244,-2.8233929697307758e-05,0.0003068512014579028,-0.7031758427619934
uav_01,108.728991,-6.744390989512007,-2.6604586198728595,3.060000419616699,0.7110264897346497,7.096421177266166e-05,0.00032313267001882195,-0.7031651735305786
uav_01,108.829784,-6.744390989512007,-2.6604586198728595,3.010000228881836,0.711033046245575,9.661429066909477e-05,0.0003201203071512282,-0.7031584978103638
uav_01,108.929744,-6.744390989512007,-2.6604586198728595,2.9600000381469727,0.7110267281532288,0.0001505622931290418,0.00029007706325501204,-0.7031648755073547
uav_01,109.029704,-6.744390989512007,-2.6604586198728595,2.9099998474121094,0.7110139727592468,8.815857290755957e-05,0.00015395985974464566,-0.703177809715271
uav_01,109.129664,-6.744390989512007,-2.6604586198728595,2.869999885559082,0.711004376411438,7.154702325351536e-05,-2.7763680918724276e-05,-0.7031875848770142
uav_01,109.229624,-6.744390989512007,-2.6604586198728595,2.8199996948242188,0.7109940052032471,-5.596890696324408e-05,-0.00018745829584077,-0.7031980752944946
uav_01,109.329584,-6.744390989512007,-2.6604586198728595,2.770000457763672,0.7109812498092651,-0.00016490835696458817,-0.0002399123040959239,-0.7032108902931213
uav_01,109.429544,-6.744390989512007,-2.6604586198728595,2.7200002670288086,0.7109677195549011,-0.00018787062435876578,-0.0002279102336615324,-0.7032245397567749
uav_01,109.529504,-6.744390989512007,-2.6604586198728595,2.6700000762939453,0.7109671831130981,-4.807770164916292e-05,-5.289911860018037e-05,-0.7032251358032227
uav_01,109.629464,-6.744390989512007,-2.6604586198728595,2.619999885559082,0.710969090461731,-1.4914529856469017e-05,0.00013543070235755295,-0.7032232880592346
uav_01,109.729424,-6.763688245787695,-2.6604586198728595,2.5799999237060547,0.7109710574150085,3.4003518521785736e-05,0.0003098743036389351,-0.7032212018966675
uav_01,109.829384,-6.763688245787695,-2.6493733754937545,2.5299997329711914,0.7109721302986145,4.489229104365222e-05,0.0004053537268191576,-0.7032200694084167
uav_01,109.929344,-6.763688245787695,-2.6493733754937545,2.479999542236328,0.7109702825546265,0.00014038938388694078,0.00017629808280617,-0.7032219767570496
uav_01,110.029304,-6.763688245787695,-2.6493733754937545,2.4300003051757812,0.7109624147415161,0.00014202746388036758,-0.0001030419152812101,-0.7032299041748047
uav_01,110.129264,-6.763688245787695,-2.6493733754937545,2.380000114440918,0.710953414440155,9.766417497303337e-05,-0.00030400906689465046,-0.7032389640808105
uav_01,110.229224,-6.763688245787695,-2.6493733754937545,2.3299999237060547,0.7109374403953552,-7.387749064946547e-05,-0.0003720747772604227,-0.7032551169395447
uav_01,110.329184,-6.763688245787695,-2.6493733754937545,2.2799997329711914,0.7109167575836182,-0.00011492154590087011,-0.0003327511658426374,-0.7032760381698608
uav_01,110.429144,-6.763688245787695,-2.6493733754937545,2.239999771118164,0.7109000086784363,-7.356757123488933e-05,-0.000129671287140809,-0.7032930254936218
uav_01,110.529104,-6.763688245787695,-2.6604586198728595,2.189999580383301,0.7108893394470215,2.7869720724993385e-05,0.00013165140990167856,-0.703303873538971
uav_01,110.629064,-6.763688245787695,-2.6604586198728595,2.140000343322754,0.7108794450759888,0.00013115722686052322,0.0003913867403753102,-0.7033137679100037
uav_01,110.729024,-6.763688245787695,-2.6604586198728595,2.0900001525878906,0.7108696103096008,0.000231075071496889,0.0006443042657338083,-0.703323483467102
uav_01,110.829817,-6.763688245787695,-2.6604586198728595,2.0399999618530273,0.7108630537986755,0.0002918821992352605,0.0008215071284212172,-0.703329861164093
uav_01,110.929777,-6.763688245787695,-2.6604586198728595,1.989999771118164,0.7108623385429382,0.000356358039425686,0.0007550098816864192,-0.7033306360244751
uav_01,111.029737,-6.763688245787695,-2.6604586198728595,1.9499998092651367,0.7108728289604187,0.00038389413384720683,0.0006032451055943966,-0.7033202052116394
uav_01,111.129697,-6.763688245787695,-2.6604586198728595,1.8999996185302734,0.7108863592147827,0.0004403502098284662,0.00047989891027100384,-0.7033066153526306
uav_01,111.229657,-6.763688245787695,-2.6604586198728595,1.8500003814697266,0.7109032273292542,0.0005303043872117996,0.0003179424093104899,-0.7032895684242249
uav_01,111.329617,-6.763688245787695,-2.6604586198728595,1.8000001907348633,0.7109245657920837,0.0007784211193211377,5.242028782959096e-05,-0.7032678127288818
uav_01,111.429577,-6.763688245787695,-2.6604586198728595,1.75,0.710941731929779,0.0009705856791697443,-0.00016327944467775524,-0.7032502293586731
uav_01,111.529537,-6.763688245787695,-2.6604586198728595,1.6999998092651367,0.7109535336494446,0.0010778956348076463,-0.00017970718909054995,-0.7032381296157837
uav_01,111.629497,-6.763688245787695,-2.6604586198728595,1.6599998474121094,0.7109606862068176,0.0011231234529986978,-4.464455196284689e-05,-0.7032308578491211
uav_01,111.729457,-6.763688245787695,-2.6604586198728595,1.609999656677246,0.710966169834137,0.0011737289605662227,0.00016853981651365757,-0.7032251358032227
uav_01,111.829417,-6.763688245787695,-2.6604586198728595,1.5600004196166992,0.7109712362289429,0.0010882173664867878,0.00045599520672112703,-0.7032200694084167
uav_01,111.929377,-6.763688245787695,-2.6604586198728595,1.510000228881836,0.7109785079956055,0.0009100098977796733,0.0005208104848861694,-0.7032129168510437
uav_01,112.029337,-6.763688245787695,-2.6604586198728595,1.4600000381469727,0.7109860181808472,0.0006594824371859431,0.0004126432177145034,-0.7032057046890259
uav_01,112.129297,-6.763688245787695,-2.6604586198728595,1.4099998474121094,0.7109922766685486,0.0007300382712855935,0.0002140553406206891,-0.7031993865966797
uav_01,112.229257,-6.763688245787695,-2.6604586198728595,1.369999885559082,0.7109886407852173,0.0006876340485177934,3.0956674891058356e-05,-0.7032031416893005
uav_01,112.329217,-6.763688245787695,-2.6604586198728595,1.3199996948242188,0.7109749913215637,0.0005125219468027353,-0.00010611425386741757,-0.703217089176178
uav_01,112.429177,-6.744390989512007,-2.6604586198728595,1.2700004577636719,0.710944652557373,0.0002123075828421861,-0.0002234852872788906,-0.7032478451728821
uav_01,112.529137,-6.744390989512007,-2.6604586198728595,1.2200002670288086,0.7109106779098511,-1.653763774811523e-06,-0.0002887272567022592,-0.7032822370529175
uav_01,112.629097,-6.744390989512007,-2.6604586198728595,1.1800003051757812,0.7108825445175171,-6.74880066071637e-05,-0.00021518769790418446,-0.7033107280731201
uav_01,112.729057,-6.744390989512007,-2.6604586198728595,1.130000114440918,0.7108590602874756,-3.990986806456931e-05,-5.7161374570569023e-05,-0.7033345103263855
uav_01,112.829017,-6.744390989512007,-2.6604586198728595,1.0799999237060547,0.7108421325683594,4.081684892298654e-05,0.00010698807454900816,-0.7033515572547913
uav_01,112.92981,-6.744390989512007,-2.6604586198728595,1.0299997329711914,0.710834264755249,0.00012923710164614022,0.00016420103202108294,-0.7033595442771912
uav_01,113.02977,-6.744390989512007,-2.6604586198728595,0.9799995422363281,0.710835337638855,4.426208033692092e-05,0.00012251983571331948,-0.7033584713935852
uav_01,113.12973,-6.744390989512007,-2.6604586198728595,0.9300003051757812,0.7108439803123474,2.0898414732073434e-05,4.6673383621964604e-05,-0.7033497095108032
uav_01,113.22969,-6.744390989512007,-2.6604586198728595,0.8900003433227539,0.7108641862869263,-5.574570968747139e-05,-0.00022528183762915432,-0.7033292651176453
uav_01,113.32965,-6.744390989512007,-2.6604586198728595,0.8400001525878906,0.7108868956565857,-2.4268903871416114e-05,-0.0004166275030001998,-0.703306257724762
uav_01,113.42961,-6.744390989512007,-2.6604586198728595,0.7899999618530273,0.7109107375144958,5.1421789976302534e-05,-0.000526650866959244,-0.7032820582389832
uav_01,113.52957,-6.744390989512007,-2.6604586198728595,0.7399997711181641,0.7109268307685852,0.00022449390962719917,-0.0004124051483813673,-0.7032658457756042
uav_01,113.62953,-6.744390989512007,-2.6604586198728595,0.6899995803833008,0.7109283208847046,0.00018146465299651027,-0.0001444438094040379,-0.7032644152641296
uav_01,113.72949,-6.744390989512007,-2.6604586198728595,0.6400003433227539,0.7109218239784241,6.673958523606416e-06,8.108563633868471e-05,-0.7032710313796997
uav_01,113.82945,-6.744390989512007,-2.6604586198728595,0.6000003814697266,0.7109159827232361,-0.00021429515618365258,0.00022121371875982732,-0.7032768726348877
uav_01,113.92941,-6.744390989512007,-2.6604586198728595,0.5500001907348633,0.7108980417251587,-0.00026696984423324466,0.00023957555822562426,-0.7032949924468994
uav_01,114.02937,-6.744390989512007,-2.6604586198728595,0.5,0.7108752727508545,-0.00028742203721776605,0.00029312047990970314,-0.7033179998397827
uav_01,114.12933,-6.744390989512007,-2.6604586198728595,0.4499998092651367,0.7108467221260071,-0.00013015596778132021,0.0002954351657535881,-0.703346848487854
uav_01,114.22929,-6.744390989512007,-2.6493733754937545,0.39999961853027344,0.7108204364776611,4.869255280937068e-05,0.0001918171183206141,-0.7033734917640686
uav_01,114.32925,-6.744390989512007,-2.6493733754937545,0.3599996566772461,0.7108012437820435,0.00024591662804596126,8.659316335979383e-06,-0.7033928632736206
uav_01,114.42921,-6.744390989512007,-2.6493733754937545,0.3100004196166992,0.7107911705970764,0.00022020623146090657,-8.834293112158775e-05,-0.7034030556678772
uav_01,114.52917,-6.744390989512007,-2.6493733754937545,0.26000022888183594,0.7107817530632019,0.00015346675354521722,-6.91928798914887e-05,-0.7034125328063965
uav_01,114.62913,-6.744390989512007,-2.6493733754937545,0.21000003814697266,0.7107726335525513,9.999050962505862e-05,6.344963185256347e-05,-0.7034218311309814
uav_01,114.72909,-6.744390989512007,-2.6493733754937545,0.15999984741210938,0.7107703685760498,7.002937491051853e-05,0.00011090546468039975,-0.7034240961074829
uav_01,114.82905,-6.744390989512007,-2.6493733754937545,0.11999988555908203,0.7107750773429871,-0.00020295350986998528,-1.7784936062525958e-05,-0.7034193277359009
uav_01,114.92901,-6.744390989512007,-2.6493733754937545,0.07999992370605469,0.7107786536216736,0.0,0.0,-0.7034157514572144
uav_01,115.029803,-6.744390989512007,-2.6493733754937545,0.06999969482421875,0.7107786536216736,0.0,0.0,-0.7034157514572144
uav_01,115.129763,-6.744390989512007,-2.6493733754937545,0.07999992370605469,0.7107786536216736,0.0,0.0,-0.7034157514572144
uav_01,115.229723,-6.744390989512007,-2.6493733754937545,0.09000015258789062,0.7107786536216736,0.0,0.0,-0.7034157514572144
uav_01,115.329683,-6.744390989512007,-2.6493733754937545,0.10000038146972656,0.7107786536216736,0.0,0.0,-0.7034157514572144
uav_01,115.429643,-6.744390989512007,-2.6493733754937545,0.10000038146972656,0.7107786536216736,0.0,0.0,-0.7034157514572144
uav_01,115.529603,-6.744390989512007,-2.6493733754937545,0.10000038146972656,0.7107786536216736,0.0,0.0,-0.7034157514572144
uav_01,115.629563,-6.744390989512007,-2.6493733754937545,0.09000015258789062,0.7107786536216736,0.0,0.0,-0.7034157514572144
uav_01,115.729523,-6.744390989512007,-2.6493733754937545,0.09000015258789062,0.7107786536216736,0.0,0.0,-0.7034157514572144
uav_01,115.829483,-6.744390989512007,-2.6493733754937545,0.09000015258789062,0.7107786536216736,0.0,0.0,-0.7034157514572144
uav_01,115.929443,-6.744390989512007,-2.6493733754937545,0.09000015258789062,0.7107786536216736,0.0,0.0,-0.7034157514572144
uav_01,116.029403,-6.744390989512007,-2.6493733754937545,0.10000038146972656,0.7107786536216736,0.0,0.0,-0.7034157514572144
uav_01,116.129363,-6.744390989512007,-2.6493733754937545,0.10000038146972656,0.7107786536216736,0.0,0.0,-0.7034157514572144
uav_01,116.229323,-6.744390989512007,-2.6493733754937545,0.10000038146972656,0.7107786536216736,0.0,0.0,-0.7034157514572144
uav_01,116.329283,-6.744390989512007,-2.6493733754937545,0.10000038146972656,0.7107786536216736,0.0,0.0,-0.7034157514572144
uav_01,116.429243,-6.744390989512007,-2.6493733754937545,0.10000038146972656,0.7107786536216736,0.0,0.0,-0.7034157514572144
uav_01,116.529203,-6.744390989512007,-2.6493733754937545,0.10000038146972656,0.7107786536216736,0.0,0.0,-0.7034157514572144
uav_01,116.629163,-6.744390989512007,-2.6493733754937545,0.10000038146972656,0.7107786536216736,0.0,0.0,-0.7034157514572144
uav_01,116.729123,-6.744390989512007,-2.6493733754937545,0.10000038146972656,0.7107786536216736,0.0,0.0,-0.7034157514572144
uav_01,116.829083,-6.744390989512007,-2.6493733754937545,0.10000038146972656,0.7107786536216736,0.0,0.0,-0.7034157514572144
uav_01,116.929043,-6.744390989512007,-2.6493733754937545,0.10000038146972656,0.7107786536216736,0.0,0.0,-0.7034157514572144
uav_01,117.029003,-6.744390989512007,-2.6493733754937545,0.10000038146972656,0.7107786536216736,0.0,0.0,-0.7034157514572144
uav_01,117.129796,-6.744390989512007,-2.6493733754937545,0.10000038146972656,0.7107786536216736,0.0,0.0,-0.7034157514572144
uav_01,117.229756,-6.744390989512007,-2.6493733754937545,0.10000038146972656,0.7107786536216736,0.0,0.0,-0.7034157514572144
uav_01,117.329716,-6.744390989512007,-2.6493733754937545,0.10000038146972656,0.7107786536216736,0.0,0.0,-0.7034157514572144
uav_01,117.429676,-6.744390989512007,-2.6493733754937545,0.10000038146972656,0.7107786536216736,0.0,0.0,-0.7034157514572144
uav_01,117.529636,-6.744390989512007,-2.6493733754937545,0.10000038146972656,0.7107786536216736,0.0,0.0,-0.7034157514572144
uav_01,117.629596,-6.744390989512007,-2.6493733754937545,0.10000038146972656,0.7107786536216736,0.0,0.0,-0.7034157514572144
uav_01,117.729556,-6.744390989512007,-2.6493733754937545,0.10000038146972656,0.7107786536216736,0.0,0.0,-0.7034157514572144
uav_01,117.829516,-6.744390989512007,-2.6493733754937545,0.10000038146972656,0.7107786536216736,0.0,0.0,-0.7034157514572144
uav_01,117.929476,-6.744390989512007,-2.6493733754937545,0.10000038146972656,0.7107786536216736,0.0,0.0,-0.7034157514572144
uav_01,118.029436,-6.744390989512007,-2.6493733754937545,0.10000038146972656,0.7107786536216736,0.0,0.0,-0.7034157514572144
uav_01,118.129396,-6.744390989512007,-2.6493733754937545,0.10000038146972656,0.7107786536216736,0.0,0.0,-0.7034157514572144
uav_01,118.229356,-6.744390989512007,-2.6493733754937545,0.10000038146972656,0.7107786536216736,0.0,0.0,-0.7034157514572144
uav_01,118.329316,-6.744390989512007,-2.6493733754937545,0.10000038146972656,0.7107786536216736,0.0,0.0,-0.7034157514572144
uav_01,118.429276,-6.744390989512007,-2.6493733754937545,0.10000038146972656,0.7107786536216736,0.0,0.0,-0.7034157514572144
uav_01,118.529236,-6.744390989512007,-2.6493733754937545,0.10000038146972656,0.7107786536216736,0.0,0.0,-0.7034157514572144
uav_01,118.629196,-6.744390989512007,-2.6493733754937545,0.10000038146972656,0.7107786536216736,0.0,0.0,-0.7034157514572144
uav_01,118.729156,-6.744390989512007,-2.6493733754937545,0.10000038146972656,0.7107786536216736,0.0,0.0,-0.7034157514572144
uav_01,118.829116,-6.744390989512007,-2.6493733754937545,0.10000038146972656,0.7107786536216736,0.0,0.0,-0.7034157514572144
uav_01,118.929076,-6.744390989512007,-2.6493733754937545,0.10000038146972656,0.7107786536216736,0.0,0.0,-0.7034157514572144
uav_01,119.029036,-6.744390989512007,-2.6493733754937545,0.10000038146972656,0.7107786536216736,0.0,0.0,-0.7034157514572144
uav_02,2.629781,-18.235906967997387,5.841923719656247,0.10000038146972656,1.0,0.0,0.0,0.0
uav_02,2.729741,-18.235906967997387,5.841923719656247,0.10000038146972656,1.0,0.0,0.0,0.0
uav_02,2.829701,-18.235906967997387,5.841923719656247,0.10000038146972656,1.0,0.0,0.0,0.0
uav_02,2.929661,-18.235906967997387,5.841923719656247,0.10000038146972656,1.0,0.0,0.0,0.0
uav_02,3.029621,-18.235906967997387,5.841923719656247,0.10000038146972656,1.0,0.0,0.0,0.0
uav_02,3.129581,-18.235906967997387,5.841923719656247,0.10000038146972656,1.0,0.0,0.0,0.0
uav_02,3.229541,-18.235906967997387,5.841923719656247,0.10000038146972656,1.0,0.0,0.0,0.0
uav_02,3.329501,-18.235906967997387,5.841923719656247,0.10000038146972656,1.0,0.0,0.0,0.0
uav_02,3.429461,-18.235906967997387,5.841923719656247,0.10000038146972656,1.0,0.0,0.0,0.0
uav_02,3.529421,-18.235906967997387,5.841923719656247,0.10000038146972656,1.0,0.0,0.0,0.0
uav_02,3.629381,-18.235906967997387,5.841923719656247,0.10000038146972656,1.0,0.0,0.0,0.0
uav_02,3.729341,-18.235906967997387,5.841923719656247,0.10000038146972656,1.0,0.0,0.0,0.0
uav_02,3.829301,-18.235906967997387,5.841923719656247,0.10000038146972656,1.0,0.0,0.0,0.0
uav_02,3.929261,-18.235906967997387,5.841923719656247,0.10000038146972656,1.0,0.0,0.0,0.0
uav_02,4.029221,-18.235906967997387,5.841923719656247,0.10000038146972656,1.0,0.0,0.0,0.0
uav_02,4.129181,-18.235906967997387,5.841923719656247,0.10000038146972656,1.0,0.0,0.0,0.0
uav_02,4.229141,-18.235906967997387,5.841923719656247,0.10000038146972656,1.0,0.0,0.0,0.0
uav_02,4.329101,-18.235906967997387,5.841923719656247,0.10000038146972656,1.0,0.0,0.0,0.0
uav_02,4.429061,-18.235906967997387,5.841923719656247,0.10000038146972656,1.0,0.0,0.0,0.0
uav_02,4.529021,-18.235906967997387,5.841923719656247,0.10000038146972656,1.0,0.0,0.0,0.0
uav_02,4.629814,-18.235906967997387,5.841923719656247,0.10000038146972656,1.0,0.0,0.0,0.0
uav_02,4.729774,-18.235906967997387,5.841923719656247,0.10000038146972656,1.0,0.0,0.0,0.0
uav_02,4.829734,-18.235906967997387,5.841923719656247,0.10000038146972656,1.0,0.0,0.0,0.0
uav_02,4.929694,-18.235906967997387,5.841923719656247,0.10000038146972656,1.0,0.0,0.0,0.0
uav_02,5.029654,-18.235906967997387,5.841923719656247,0.10000038146972656,1.0,0.0,0.0,0.0
uav_02,5.129614,-18.235906967997387,5.841923719656247,0.10000038146972656,1.0,0.0,0.0,0.0
uav_02,5.229574,-18.235906967997387,5.841923719656247,0.10000038146972656,1.0,0.0,0.0,0.0
uav_02,5.329534,-18.235906967997387,5.841923719656247,0.10000038146972656,1.0,0.0,0.0,0.0
uav_02,5.429494,-18.235906967997387,5.841923719656247,0.10000038146972656,1.0,0.0,0.0,0.0
uav_02,5.529454,-18.235906967997387,5.841923719656247,0.10000038146972656,1.0,0.0,0.0,0.0
uav_02,5.629414,-18.235906967997387,5.841923719656247,0.10000038146972656,1.0,0.0,0.0,0.0
uav_02,5.729374,-18.235906967997387,5.841923719656247,0.10000038146972656,1.0,0.0,0.0,0.0
uav_02,5.829334,-18.235906967997387,5.841923719656247,0.10000038146972656,1.0,0.0,0.0,0.0
uav_02,5.929294,-18.235906967997387,5.841923719656247,0.10000038146972656,1.0,0.0,0.0,0.0
uav_02,6.029254,-18.235906967997387,5.841923719656247,0.10000038146972656,1.0,0.0,0.0,0.0
uav_02,6.129214,-18.235906967997387,5.841923719656247,0.10000038146972656,1.0,0.0,0.0,0.0
uav_02,6.229174,-18.235906967997387,5.841923719656247,0.10000038146972656,1.0,0.0,0.0,0.0
uav_02,6.329134,-18.235906967997387,5.841923719656247,0.10000038146972656,1.0,0.0,0.0,0.0
uav_02,6.429094,-18.235906967997387,5.841923719656247,0.10000038146972656,1.0,0.0,0.0,0.0
uav_02,6.529054,-18.235906967997387,5.841923719656247,0.10000038146972656,1.0,0.0,0.0,0.0
uav_02,6.629014,-18.235906967997387,5.841923719656247,0.10000038146972656,1.0,0.0,0.0,0.0
uav_02,6.729807,-18.235906967997387,5.841923719656247,0.10000038146972656,1.0,0.0,0.0,0.0
uav_02,6.829767,-18.235906967997387,5.841923719656247,0.10000038146972656,1.0,0.0,0.0,0.0
uav_02,6.929727,-18.235906967997387,5.841923719656247,0.10000038146972656,1.0,0.0,0.0,0.0
uav_02,7.029687,-18.235906967997387,5.841923719656247,0.10000038146972656,1.0,0.0,0.0,0.0
uav_02,7.129647,-18.235906967997387,5.841923719656247,0.10000038146972656,1.0,0.0,0.0,0.0
uav_02,7.229607,-18.235906967997387,5.841923719656247,0.10000038146972656,1.0,0.0,0.0,0.0
uav_02,7.329567,-18.235906967997387,5.841923719656247,0.10000038146972656,1.0,0.0,0.0,0.0
uav_02,7.429527,-18.235906967997387,5.841923719656247,0.10000038146972656,1.0,0.0,0.0,0.0
uav_02,7.529487,-18.235906967997387,5.841923719656247,0.10000038146972656,1.0,0.0,0.0,0.0
uav_02,7.629447,-18.235906967997387,5.841923719656247,0.10000038146972656,1.0,0.0,0.0,0.0
uav_02,7.729407,-18.235906967997387,5.841923719656247,0.10000038146972656,1.0,0.0,0.0,0.0
uav_02,7.829367,-18.235906967997387,5.841923719656247,0.10000038146972656,1.0,0.0,0.0,0.0
uav_02,7.929327,-18.235906967997387,5.841923719656247,0.10000038146972656,1.0,0.0,0.0,0.0
uav_02,8.029287,-18.235906967997387,5.841923719656247,0.10000038146972656,1.0,0.0,0.0,0.0
uav_02,8.129247,-18.235906967997387,5.841923719656247,0.10000038146972656,1.0,0.0,0.0,0.0
uav_02,8.229207,-18.235906967997387,5.841923719656247,0.10000038146972656,1.0,0.0,0.0,0.0
uav_02,8.329167,-18.235906967997387,5.841923719656247,0.10000038146972656,1.0,0.0,0.0,0.0
uav_02,8.429127,-18.235906967997387,5.841923719656247,0.10000038146972656,1.0,0.0,0.0,0.0
uav_02,8.529087,-18.235906967997387,5.841923719656247,0.10000038146972656,1.0,0.0,0.0,0.0
uav_02,8.629047,-18.235906967997387,5.841923719656247,0.10000038146972656,1.0,0.0,0.0,0.0
uav_02,8.729007,-18.235906967997387,5.841923719656247,0.10000038146972656,1.0,0.0,0.0,0.0
uav_02,8.8298,-18.235906967997387,5.841923719656247,0.10000038146972656,1.0,0.0,0.0,0.0
uav_02,8.92976,-18.235906967997387,5.841923719656247,0.10000038146972656,1.0,0.0,0.0,0.0
uav_02,9.02972,-18.235906967997387,5.841923719656247,0.10000038146972656,1.0,0.0,0.0,0.0
uav_02,9.12968,-18.235906967997387,5.841923719656247,0.10000038146972656,1.0,0.0,0.0,0.0
uav_02,9.22964,-18.235906967997387,5.841923719656247,0.10000038146972656,1.0,0.0,0.0,0.0
uav_02,9.3296,-18.235906967997387,5.841923719656247,0.10000038146972656,1.0,0.0,0.0,0.0
uav_02,9.42956,-18.235906967997387,5.841923719656247,0.10000038146972656,1.0,0.0,0.0,0.0
uav_02,9.52952,-18.235906967997387,5.841923719656247,0.10000038146972656,1.0,0.0,0.0,0.0
uav_02,9.62948,-18.235906967997387,5.841923719656247,0.10000038146972656,1.0,0.0,0.0,0.0
uav_02,9.72944,-18.235906967997387,5.841923719656247,0.10000038146972656,1.0,0.0,0.0,0.0
uav_02,9.8294,-18.235906967997387,5.841923719656247,0.10000038146972656,1.0,0.0,0.0,0.0
uav_02,9.92936,-18.235906967997387,5.841923719656247,0.10000038146972656,1.0,0.0,0.0,0.0
uav_02,10.02932,-18.235906967997387,5.841923719656247,0.10000038146972656,1.0,0.0,0.0,0.0
uav_02,10.12928,-18.235906967997387,5.841923719656247,0.10000038146972656,1.0,0.0,0.0,0.0
uav_02,10.22924,-18.235906967997387,5.841923719656247,0.10000038146972656,1.0,0.0,0.0,0.0
uav_02,10.3292,-18.235906967997387,5.841923719656247,0.10000038146972656,1.0,0.0,0.0,0.0
uav_02,10.42916,-18.235906967997387,5.841923719656247,0.10000038146972656,1.0,0.0,0.0,0.0
uav_02,10.52912,-18.235906967997387,5.841923719656247,0.10000038146972656,1.0,0.0,0.0,0.0
uav_02,10.62908,-18.235906967997387,5.841923719656247,0.10000038146972656,1.0,0.0,0.0,0.0
uav_02,10.72904,-18.235906967997387,5.841923719656247,0.10000038146972656,1.0,0.0,0.0,0.0
uav_02,10.829,-18.235906967997387,5.841923719656247,0.10000038146972656,1.0,0.0,0.0,0.0
uav_02,10.929793,-18.235906967997387,5.841923719656247,0.10000038146972656,1.0,0.0,0.0,0.0
uav_02,11.029753,-18.235906967997387,5.841923719656247,0.10000038146972656,1.0,0.0,0.0,0.0
uav_02,11.129713,-18.235906967997387,5.841923719656247,0.10000038146972656,1.0,0.0,0.0,0.0
uav_02,11.229673,-18.235906967997387,5.841923719656247,0.10000038146972656,1.0,0.0,0.0,0.0
uav_02,11.329633,-18.235906967997387,5.841923719656247,0.10000038146972656,1.0,0.0,0.0,0.0
uav_02,11.429593,-18.235906967997387,5.841923719656247,0.10000038146972656,1.0,0.0,0.0,0.0
uav_02,11.529553,-18.235906967997387,5.841923719656247,0.10000038146972656,1.0,0.0,0.0,0.0
uav_02,11.629513,-18.235906967997387,5.841923719656247,0.10000038146972656,1.0,0.0,0.0,0.0
uav_02,11.729473,-18.235906967997387,5.841923719656247,0.10000038146972656,1.0,0.0,0.0,0.0
uav_02,11.829433,-18.235906967997387,5.841923719656247,0.10000038146972656,1.0,0.0,0.0,0.0
uav_02,11.929393,-18.235906967997387,5.841923719656247,0.10000038146972656,1.0,0.0,0.0,0.0
uav_02,12.029353,-18.235906967997387,5.841923719656247,0.10000038146972656,1.0,0.0,0.0,0.0
uav_02,12.129313,-18.235906967997387,5.841923719656247,0.10000038146972656,1.0,0.0,0.0,0.0
uav_02,12.229273,-18.235906967997387,5.841923719656247,0.10000038146972656,1.0,0.0,0.0,0.0
uav_02,12.329233,-18.235906967997387,5.841923719656247,0.10000038146972656,1.0,0.0,0.0,0.0
uav_02,12.429193,-18.235906967997387,5.841923719656247,0.10000038146972656,1.0,0.0,0.0,0.0
uav_02,12.529153,-18.235906967997387,5.841923719656247,0.10000038146972656,1.0,0.0,0.0,0.0
uav_02,12.629113,-18.235906967997387,5.841923719656247,0.10000038146972656,1.0,0.0,0.0,0.0
uav_02,12.729073,-18.235906967997387,5.841923719656247,0.10000038146972656,1.0,0.0,0.0,0.0
uav_02,12.829033,-18.235906967997387,5.841923719656247,0.10000038146972656,1.0,0.0,0.0,0.0
uav_02,12.928993,-18.235906967997387,5.841923719656247,0.10000038146972656,1.0,0.0,0.0,0.0
uav_02,13.029786,-18.235906967997387,5.841923719656247,0.10000038146972656,1.0,0.0,0.0,0.0
uav_02,13.129746,-18.235906967997387,5.841923719656247,0.10000038146972656,1.0,0.0,0.0,0.0
uav_02,13.229706,-18.235906967997387,5.841923719656247,0.10000038146972656,1.0,0.0,0.0,0.0
uav_02,13.329666,-18.235906967997387,5.841923719656247,0.10000038146972656,1.0,0.0,0.0,0.0
uav_02,13.429626,-18.235906967997387,5.841923719656247,0.10000038146972656,1.0,0.0,0.0,0.0
uav_02,13.529586,-18.235906967997387,5.841923719656247,0.10000038146972656,1.0,0.0,0.0,0.0
uav_02,13.629546,-18.235906967997387,5.841923719656247,0.10000038146972656,1.0,0.0,0.0,0.0
uav_02,13.729506,-18.235906967997387,5.841923719656247,0.10000038146972656,1.0,0.0,0.0,0.0
uav_02,13.829466,-18.235906967997387,5.841923719656247,0.10000038146972656,1.0,0.0,0.0,0.0
uav_02,13.929426,-18.235906967997387,5.841923719656247,0.10000038146972656,1.0,0.0,0.0,0.0
uav_02,14.029386,-18.235906967997387,5.841923719656247,0.10000038146972656,1.0,0.0,0.0,0.0
uav_02,14.129346,-18.235906967997387,5.841923719656247,0.10000038146972656,1.0,0.0,0.0,0.0
uav_02,14.229306,-18.235906967997387,5.841923719656247,0.10000038146972656,1.0,0.0,0.0,0.0
uav_02,14.329266,-18.235906967997387,5.841923719656247,0.10000038146972656,1.0,0.0,0.0,0.0
uav_02,14.429226,-18.235906967997387,5.841923719656247,0.10000038146972656,1.0,0.0,0.0,0.0
uav_02,14.529186,-18.235906967997387,5.841923719656247,0.10000038146972656,1.0,0.0,0.0,0.0
uav_02,14.629146,-18.235906967997387,5.841923719656247,0.10000038146972656,1.0,0.0,0.0,0.0
uav_02,14.729106,-18.235906967997387,5.841923719656247,0.10000038146972656,1.0,0.0,0.0,0.0
uav_02,14.829066,-18.235906967997387,5.841923719656247,0.10000038146972656,1.0,0.0,0.0,0.0
uav_02,14.929026,-18.235906967997387,5.841923719656247,0.10000038146972656,1.0,0.0,0.0,0.0
uav_02,15.029819,-18.235906967997387,5.841923719656247,0.10000038146972656,1.0,0.0,0.0,0.0
uav_02,15.129779,-18.235906967997387,5.841923719656247,0.10000038146972656,1.0,0.0,0.0,0.0
uav_02,15.229739,-18.235906967997387,5.841923719656247,0.10000038146972656,1.0,0.0,0.0,0.0
uav_02,15.329699,-18.235906967997387,5.841923719656247,0.10000038146972656,1.0,0.0,0.0,0.0
uav_02,15.429659,-18.235906967997387,5.841923719656247,0.10000038146972656,1.0,0.0,0.0,0.0
uav_02,15.529619,-18.235906967997387,5.841923719656247,0.10000038146972656,1.0,0.0,0.0,0.0
uav_02,15.629579,-18.235906967997387,5.841923719656247,0.10000038146972656,1.0,0.0,0.0,0.0
uav_02,15.729539,-18.235906967997387,5.841923719656247,0.10000038146972656,1.0,0.0,0.0,0.0
uav_02,15.829499,-18.235906967997387,5.841923719656247,0.10000038146972656,1.0,0.0,0.0,0.0
uav_02,15.929459,-18.235906967997387,5.841923719656247,0.10000038146972656,1.0,0.0,0.0,0.0
uav_02,16.029419,-18.235906967997387,5.841923719656247,0.10000038146972656,1.0,0.0,0.0,0.0
uav_02,16.129379,-18.235906967997387,5.841923719656247,0.10000038146972656,1.0,0.0,0.0,0.0
uav_02,16.229339,-18.235906967997387,5.841923719656247,0.10000038146972656,1.0,0.0,0.0,0.0
uav_02,16.329299,-18.235906967997387,5.841923719656247,0.10000038146972656,1.0,0.0,0.0,0.0
uav_02,16.429259,-18.235906967997387,5.841923719656247,0.10000038146972656,1.0,0.0,0.0,0.0
uav_02,16.529219,-18.235906967997387,5.841923719656247,0.10000038146972656,1.0,0.0,0.0,0.0
uav_02,16.629179,-18.235906967997387,5.841923719656247,0.10000038146972656,1.0,0.0,0.0,0.0
uav_02,16.729139,-18.235906967997387,5.841923719656247,0.10000038146972656,1.0,0.0,0.0,0.0
uav_02,16.829099,-18.235906967997387,5.841923719656247,0.10000038146972656,1.0,0.0,0.0,0.0
uav_02,16.929059,-18.235906967997387,5.841923719656247,0.10000038146972656,1.0,0.0,0.0,0.0
uav_02,17.029019,-18.235906967997387,5.841923719656247,0.10000038146972656,1.0,0.0,0.0,0.0
uav_02,17.129812,-18.235906967997387,5.841923719656247,0.10000038146972656,1.0,0.0,0.0,0.0
uav_02,17.229772,-18.235906967997387,5.841923719656247,0.10000038146972656,1.0,0.0,0.0,0.0
uav_02,17.329732,-18.235906967997387,5.841923719656247,0.10000038146972656,1.0,0.0,0.0,0.0
uav_02,17.429692,-18.235906967997387,5.841923719656247,0.10000038146972656,1.0,0.0,0.0,0.0
uav_02,17.529652,-18.235906967997387,5.841923719656247,0.10000038146972656,1.0,0.0,0.0,0.0
uav_02,17.629612,-18.235906967997387,5.841923719656247,0.10000038146972656,1.0,0.0,0.0,0.0
uav_02,17.729572,-18.235906967997387,5.841923719656247,0.10000038146972656,1.0,0.0,0.0,0.0
uav_02,17.829532,-18.235906967997387,5.841923719656247,0.10000038146972656,1.0,0.0,0.0,0.0
uav_02,17.929492,-18.235906967997387,5.841923719656247,0.10000038146972656,1.0,0.0,0.0,0.0
uav_02,18.029452,-18.235906967997387,5.841923719656247,0.10000038146972656,1.0,0.0,0.0,0.0
uav_02,18.129412,-18.235906967997387,5.841923719656247,0.10000038146972656,1.0,0.0,0.0,0.0
uav_02,18.229372,-18.235906967997387,5.841923719656247,0.10000038146972656,1.0,0.0,0.0,0.0
uav_02,18.329332,-18.235906967997387,5.841923719656247,0.10000038146972656,1.0,0.0,0.0,0.0
uav_02,18.429292,-18.235906967997387,5.841923719656247,0.10000038146972656,1.0,0.0,0.0,0.0
uav_02,18.529252,-18.235906967997387,5.841923719656247,0.10000038146972656,1.0,0.0,0.0,0.0
uav_02,18.629212,-18.235906967997387,5.841923719656247,0.10000038146972656,1.0,0.0,0.0,0.0
uav_02,18.729172,-18.235906967997387,5.841923719656247,0.10000038146972656,1.0,0.0,0.0,0.0
uav_02,18.829132,-18.235906967997387,5.841923719656247,0.10000038146972656,1.0,0.0,0.0,0.0
uav_02,18.929092,-18.235906967997387,5.841923719656247,0.10000038146972656,1.0,0.0,0.0,0.0
uav_02,19.029052,-18.235906967997387,5.841923719656247,0.10000038146972656,1.0,0.0,0.0,0.0
uav_02,19.129012,-18.235906967997387,5.841923719656247,0.10000038146972656,1.0,0.0,0.0,0.0
uav_02,19.229805,-18.235906967997387,5.841923719656247,0.10000038146972656,1.0,0.0,0.0,0.0
uav_02,19.329765,-18.235906967997387,5.841923719656247,0.10000038146972656,1.0,0.0,0.0,0.0
uav_02,19.429725,-18.235906967997387,5.841923719656247,0.10000038146972656,1.0,0.0,0.0,0.0
uav_02,19.529685,-18.235906967997387,5.841923719656247,0.10000038146972656,1.0,0.0,0.0,0.0
uav_02,19.629645,-18.235906967997387,5.841923719656247,0.10000038146972656,1.0,0.0,0.0,0.0
uav_02,19.729605,-18.235906967997387,5.841923719656247,0.10000038146972656,1.0,0.0,0.0,0.0
uav_02,19.829565,-18.235906967997387,5.841923719656247,0.10000038146972656,1.0,0.0,0.0,0.0
uav_02,19.929525,-18.235906967997387,5.841923719656247,0.10000038146972656,1.0,0.0,0.0,0.0
uav_02,20.029485,-18.235906967997387,5.841923719656247,0.10000038146972656,1.0,0.0,0.0,0.0
uav_02,20.129445,-18.235906967997387,5.841923719656247,0.10000038146972656,1.0,0.0,0.0,0.0
uav_02,20.229405,-18.235906967997387,5.841923719656247,0.10000038146972656,1.0,0.0,0.0,0.0
uav_02,20.329365,-18.235906967997387,5.841923719656247,0.10000038146972656,1.0,0.0,0.0,0.0
uav_02,20.429325,-18.235906967997387,5.841923719656247,0.10000038146972656,1.0,0.0,0.0,0.0
uav_02,20.529285,-18.235906967997387,5.841923719656247,0.10000038146972656,1.0,0.0,0.0,0.0
uav_02,20.629245,-18.235906967997387,5.841923719656247,0.10000038146972656,1.0,0.0,0.0,0.0
uav_02,20.729205,-18.235906967997387,5.841923719656247,0.10000038146972656,1.0,0.0,0.0,0.0
uav_02,20.829165,-18.235906967997387,5.841923719656247,0.10000038146972656,1.0,0.0,0.0,0.0
uav_02,20.929125,-18.235906967997387,5.841923719656247,0.10000038146972656,1.0,0.0,0.0,0.0
uav_02,21.029085,-18.235906967997387,5.841923719656247,0.10000038146972656,1.0,0.0,0.0,0.0
uav_02,21.129045,-18.235906967997387,5.841923719656247,0.10000038146972656,1.0,0.0,0.0,0.0
uav_02,21.229005,-18.235906967997387,5.841923719656247,0.10000038146972656,1.0,0.0,0.0,0.0
uav_02,21.329798,-18.235906967997387,5.841923719656247,0.10000038146972656,1.0,0.0,0.0,0.0
uav_02,21.429758,-18.235906967997387,5.841923719656247,0.10000038146972656,1.0,0.0,0.0,0.0
uav_02,21.529718,-18.235906967997387,5.841923719656247,0.10000038146972656,1.0,0.0,0.0,0.0
uav_02,21.629678,-18.235906967997387,5.841923719656247,0.10000038146972656,1.0,0.0,0.0,0.0
uav_02,21.729638,-18.235906967997387,5.841923719656247,0.10000038146972656,1.0,0.0,0.0,0.0
uav_02,21.829598,-18.235906967997387,5.841923719656247,0.10000038146972656,1.0,0.0,0.0,0.0
uav_02,21.929558,-18.235906967997387,5.841923719656247,0.10000038146972656,1.0,0.0,0.0,0.0
uav_02,22.029518,-18.235906967997387,5.841923719656247,0.10000038146972656,1.0,0.0,0.0,0.0
uav_02,22.129478,-18.235906967997387,5.841923719656247,0.10000038146972656,1.0,0.0,0.0,0.0
uav_02,22.229438,-18.235906967997387,5.841923719656247,0.10000038146972656,1.0,0.0,0.0,0.0
uav_02,22.329398,-18.235906967997387,5.841923719656247,0.10000038146972656,1.0,0.0,0.0,0.0
uav_02,22.429358,-18.235906967997387,5.841923719656247,0.10000038146972656,1.0,0.0,0.0,0.0
uav_02,22.529318,-18.235906967997387,5.841923719656247,0.10000038146972656,1.0,0.0,0.0,0.0
uav_02,22.629278,-18.235906967997387,5.841923719656247,0.10000038146972656,1.0,0.0,0.0,0.0
uav_02,22.729238,-18.235906967997387,5.841923719656247,0.10000038146972656,1.0,0.0,0.0,0.0
uav_02,22.829198,-18.235906967997387,5.841923719656247,0.10000038146972656,1.0,0.0,0.0,0.0
uav_02,22.929158,-18.235906967997387,5.841923719656247,0.10000038146972656,1.0,0.0,0.0,0.0
uav_02,23.029118,-18.235906967997387,5.841923719656247,0.10000038146972656,1.0,0.0,0.0,0.0
uav_02,23.129078,-18.235906967997387,5.841923719656247,0.10000038146972656,1.0,0.0,0.0,0.0
uav_02,23.229038,-18.235906967997387,5.841923719656247,0.10000038146972656,1.0,0.0,0.0,0.0
uav_02,23.328998,-18.235906967997387,5.841923719656247,0.10000038146972656,1.0,0.0,0.0,0.0
uav_02,23.429791,-18.235906967997387,5.841923719656247,0.10000038146972656,1.0,0.0,0.0,0.0
uav_02,23.529751,-18.235906967997387,5.841923719656247,0.10000038146972656,1.0,0.0,0.0,0.0
uav_02,23.629711,-18.235906967997387,5.841923719656247,0.10000038146972656,1.0,0.0,0.0,0.0
uav_02,23.729671,-18.235906967997387,5.841923719656247,0.10000038146972656,1.0,0.0,0.0,0.0
uav_02,23.829631,-18.235906967997387,5.841923719656247,0.10000038146972656,1.0,0.0,0.0,0.0
uav_02,23.929591,-18.235906967997387,5.841923719656247,0.10000038146972656,1.0,0.0,0.0,0.0
uav_02,24.029551,-18.235906967997387,5.841923719656247,0.10000038146972656,1.0,0.0,0.0,0.0
uav_02,24.129511,-18.235906967997387,5.841923719656247,0.10000038146972656,1.0,0.0,0.0,0.0
uav_02,24.229471,-18.235906967997387,5.841923719656247,0.10000038146972656,1.0,0.0,0.0,0.0
uav_02,24.329431,-18.235906967997387,5.841923719656247,0.10000038146972656,1.0,0.0,0.0,0.0
uav_02,24.429391,-18.235906967997387,5.841923719656247,0.10000038146972656,1.0,0.0,0.0,0.0
uav_02,24.529351,-18.235906967997387,5.841923719656247,0.10000038146972656,1.0,0.0,0.0,0.0
uav_02,24.629311,-18.235906967997387,5.841923719656247,0.10000038146972656,1.0,0.0,0.0,0.0
uav_02,24.729271,-18.235906967997387,5.841923719656247,0.10000038146972656,1.0,0.0,0.0,0.0
uav_02,24.829231,-18.235906967997387,5.841923719656247,0.10000038146972656,1.0,0.0,0.0,0.0
uav_02,24.929191,-18.235906967997387,5.841923719656247,0.10000038146972656,1.0,0.0,0.0,0.0
uav_02,25.029151,-18.235906967997387,5.841923719656247,0.10000038146972656,1.0,0.0,0.0,0.0
uav_02,25.129111,-18.235906967997387,5.841923719656247,0.10000038146972656,1.0,0.0,0.0,0.0
uav_02,25.229071,-18.235906967997387,5.841923719656247,0.10000038146972656,1.0,0.0,0.0,0.0
uav_02,25.329031,-18.235906967997387,5.841923719656247,0.10000038146972656,1.0,0.0,0.0,0.0
uav_02,25.428991,-18.235906967997387,5.841923719656247,0.10000038146972656,1.0,0.0,0.0,0.0
uav_02,25.529784,-18.235906967997387,5.841923719656247,0.10000038146972656,1.0,0.0,0.0,0.0
uav_02,25.629744,-18.235906967997387,5.841923719656247,0.10000038146972656,1.0,0.0,0.0,0.0
uav_02,25.729704,-18.235906967997387,5.841923719656247,0.10000038146972656,1.0,0.0,0.0,0.0
uav_02,25.829664,-18.235906967997387,5.841923719656247,0.10000038146972656,1.0,0.0,0.0,0.0
uav_02,25.929624,-18.235906967997387,5.841923719656247,0.10000038146972656,1.0,0.0,0.0,0.0
uav_02,26.029584,-18.235906967997387,5.841923719656247,0.10000038146972656,1.0,0.0,0.0,0.0
uav_02,26.129544,-18.235906967997387,5.841923719656247,0.10000038146972656,1.0,0.0,0.0,0.0
uav_02,26.229504,-18.235906967997387,5.841923719656247,0.10000038146972656,1.0,0.0,0.0,0.0
uav_02,26.329464,-18.235906967997387,5.841923719656247,0.10000038146972656,1.0,0.0,0.0,0.0
uav_02,26.429424,-18.235906967997387,5.841923719656247,0.10000038146972656,1.0,0.0,0.0,0.0
uav_02,26.529384,-18.235906967997387,5.841923719656247,0.10000038146972656,1.0,0.0,0.0,0.0
uav_02,26.629344,-18.235906967997387,5.841923719656247,0.10000038146972656,1.0,0.0,0.0,0.0
uav_02,26.729304,-18.235906967997387,5.841923719656247,0.10000038146972656,1.0,0.0,0.0,0.0
uav_02,26.829264,-18.235906967997387,5.841923719656247,0.10000038146972656,1.0,0.0,0.0,0.0
uav_02,26.929224,-18.235906967997387,5.841923719656247,0.10000038146972656,1.0,0.0,0.0,0.0
uav_02,27.029184,-18.235906967997387,5.841923719656247,0.10000038146972656,1.0,0.0,0.0,0.0
uav_02,27.129144,-18.235906967997387,5.841923719656247,0.10000038146972656,1.0,0.0,0.0,0.0
uav_02,27.229104,-18.235906967997387,5.841923719656247,0.10000038146972656,1.0,0.0,0.0,0.0
uav_02,27.329064,-18.235906967997387,5.841923719656247,0.10000038146972656,1.0,0.0,0.0,0.0
uav_02,27.429024,-18.235906967997387,5.841923719656247,0.10000038146972656,1.0,0.0,0.0,0.0
uav_02,27.529817,-18.235906967997387,5.841923719656247,0.10000038146972656,1.0,0.0,0.0,0.0
uav_02,27.629777,-18.235906967997387,5.841923719656247,0.10000038146972656,1.0,0.0,0.0,0.0
uav_02,27.729737,-18.235906967997387,5.841923719656247,0.10000038146972656,1.0,0.0,0.0,0.0
uav_02,27.829697,-18.235906967997387,5.841923719656247,0.10000038146972656,1.0,0.0,0.0,0.0
uav_02,27.929657,-18.235906967997387,5.841923719656247,0.10000038146972656,1.0,0.0,0.0,0.0
uav_02,28.029617,-18.235906967997387,5.841923719656247,0.10000038146972656,1.0,0.0,0.0,0.0
uav_02,28.129577,-18.235906967997387,5.841923719656247,0.10000038146972656,1.0,0.0,0.0,0.0
uav_02,28.229537,-18.235906967997387,5.841923719656247,0.10000038146972656,1.0,0.0,0.0,0.0
uav_02,28.329497,-18.235906967997387,5.841923719656247,0.10000038146972656,1.0,0.0,0.0,0.0
uav_02,28.429457,-18.235906967997387,5.841923719656247,0.10000038146972656,1.0,0.0,0.0,0.0
uav_02,28.529417,-18.235906967997387,5.841923719656247,0.10000038146972656,1.0,0.0,0.0,0.0
uav_02,28.629377,-18.235906967997387,5.841923719656247,0.10000038146972656,1.0,0.0,0.0,0.0
uav_02,28.729337,-18.235906967997387,5.841923719656247,0.10000038146972656,1.0,0.0,0.0,0.0
uav_02,28.829297,-18.235906967997387,5.841923719656247,0.10000038146972656,1.0,0.0,0.0,0.0
uav_02,28.929257,-18.235906967997387,5.841923719656247,0.10000038146972656,1.0,0.0,0.0,0.0
uav_02,29.029217,-18.235906967997387,5.841923719656247,0.10000038146972656,1.0,0.0,0.0,0.0
uav_02,29.129177,-18.235906967997387,5.841923719656247,0.10000038146972656,1.0,0.0,0.0,0.0
uav_02,29.229137,-18.235906967997387,5.841923719656247,0.10000038146972656,1.0,0.0,0.0,0.0
uav_02,29.329097,-18.235906967997387,5.841923719656247,0.10000038146972656,1.0,0.0,0.0,0.0
uav_02,29.429057,-18.235906967997387,5.841923719656247,0.10000038146972656,1.0,0.0,0.0,0.0
uav_02,29.529017,-18.235906967997387,5.841923719656247,0.10000038146972656,1.0,0.0,0.0,0.0
uav_02,29.62981,-18.235906967997387,5.841923719656247,0.10000038146972656,1.0,0.0,0.0,0.0
uav_02,29.72977,-18.235906967997387,5.841923719656247,0.10000038146972656,1.0,0.0,0.0,0.0
uav_02,29.82973,-18.235906967997387,5.841923719656247,0.10000038146972656,1.0,0.0,0.0,0.0
uav_02,29.92969,-18.235906967997387,5.841923719656247,0.10000038146972656,1.0,0.0,0.0,0.0
uav_02,30.02965,-18.235906967997387,5.841923719656247,0.10000038146972656,1.0,0.0,0.0,0.0
uav_02,30.12961,-18.235906967997387,5.841923719656247,0.10000038146972656,1.0,0.0,0.0,0.0
uav_02,30.22957,-18.235906967997387,5.841923719656247,0.10000038146972656,1.0,0.0,0.0,0.0
uav_02,30.32953,-18.235906967997387,5.841923719656247,0.10000038146972656,1.0,0.0,0.0,0.0
uav_02,30.42949,-18.235906967997387,5.841923719656247,0.10000038146972656,1.0,0.0,0.0,0.0
uav_02,30.52945,-18.235906967997387,5.841923719656247,0.10000038146972656,1.0,0.0,0.0,0.0
uav_02,30.62941,-18.235906967997387,5.841923719656247,0.10000038146972656,1.0,0.0,0.0,0.0
uav_02,30.72937,-18.235906967997387,5.841923719656247,0.10000038146972656,1.0,0.0,0.0,0.0
uav_02,30.82933,-18.235906967997387,5.841923719656247,0.10000038146972656,1.0,0.0,0.0,0.0
uav_02,30.92929,-18.235906967997387,5.841923719656247,0.10000038146972656,1.0,0.0,0.0,0.0
uav_02,31.02925,-18.235906967997387,5.841923719656247,0.10000038146972656,1.0,0.0,0.0,0.0
uav_02,31.12921,-18.235906967997387,5.841923719656247,0.10000038146972656,1.0,0.0,0.0,0.0
uav_02,31.22917,-18.235906967997387,5.841923719656247,0.10000038146972656,1.0,0.0,0.0,0.0
uav_02,31.32913,-18.235906967997387,5.841923719656247,0.10000038146972656,1.0,0.0,0.0,0.0
uav_02,31.42909,-18.235906967997387,5.841923719656247,0.10000038146972656,1.0,0.0,0.0,0.0
uav_02,31.52905,-18.235906967997387,5.841923719656247,0.10000038146972656,1.0,0.0,0.0,0.0
uav_02,31.62901,-18.235906967997387,5.841923719656247,0.10000038146972656,1.0,0.0,0.0,0.0
uav_02,31.729803,-18.235906967997387,5.841923719656247,0.10000038146972656,1.0,0.0,0.0,0.0
uav_02,31.829763,-18.235906967997387,5.841923719656247,0.10000038146972656,1.0,0.0,0.0,0.0
uav_02,31.929723,-18.235906967997387,5.841923719656247,0.10000038146972656,1.0,0.0,0.0,0.0
uav_02,32.029683,-18.235906967997387,5.841923719656247,0.10000038146972656,1.0,0.0,0.0,0.0
uav_02,32.129643,-18.235906967997387,5.841923719656247,0.10000038146972656,1.0,0.0,0.0,0.0
uav_02,32.229603,-18.235906967997387,5.841923719656247,0.10000038146972656,1.0,0.0,0.0,0.0
uav_02,32.329563,-18.235906967997387,5.841923719656247,0.10000038146972656,1.0,0.0,0.0,0.0
uav_02,32.429523,-18.235906967997387,5.841923719656247,0.10000038146972656,1.0,0.0,0.0,0.0
uav_02,32.529483,-18.235906967997387,5.841923719656247,0.10000038146972656,1.0,0.0,0.0,0.0
uav_02,32.629443,-18.235906967997387,5.841923719656247,0.10000038146972656,1.0,0.0,0.0,0.0
uav_02,32.729403,-18.235906967997387,5.841923719656247,0.10000038146972656,1.0,0.0,0.0,0.0
uav_02,32.829363,-18.235906967997387,5.841923719656247,0.10000038146972656,1.0,0.0,0.0,0.0
uav_02,32.929323,-18.235906967997387,5.841923719656247,0.10000038146972656,1.0,0.0,0.0,0.0
uav_02,33.029283,-18.235906967997387,5.841923719656247,0.10000038146972656,1.0,0.0,0.0,0.0
uav_02,33.129243,-18.235906967997387,5.841923719656247,0.10000038146972656,1.0,0.0,0.0,0.0
uav_02,33.229203,-18.235906967997387,5.841923719656247,0.10000038146972656,1.0,0.0,0.0,0.0
uav_02,33.329163,-18.235906967997387,5.841923719656247,0.10000038146972656,1.0,0.0,0.0,0.0
uav_02,33.429123,-18.235906967997387,5.841923719656247,0.10000038146972656,1.0,0.0,0.0,0.0
uav_02,33.529083,-18.235906967997387,5.841923719656247,0.10000038146972656,1.0,0.0,0.0,0.0
uav_02,33.629043,-18.235906967997387,5.841923719656247,0.10000038146972656,1.0,0.0,0.0,0.0
uav_02,33.729003,-18.235906967997387,5.841923719656247,0.10000038146972656,1.0,0.0,0.0,0.0
uav_02,33.829796,-18.235906967997387,5.841923719656247,0.10000038146972656,1.0,0.0,0.0,0.0
uav_02,33.929756,-18.235906967997387,5.841923719656247,0.10000038146972656,1.0,0.0,0.0,0.0
uav_02,34.029716,-18.235906967997387,5.841923719656247,0.10000038146972656,1.0,0.0,0.0,0.0
uav_02,34.129676,-18.235906967997387,5.841923719656247,0.10000038146972656,1.0,0.0,0.0,0.0
uav_02,34.229636,-18.235906967997387,5.841923719656247,0.10000038146972656,1.0,0.0,0.0,0.0
uav_02,34.329596,-18.235906967997387,5.841923719656247,0.10000038146972656,1.0,0.0,0.0,0.0
uav_02,34.429556,-18.235906967997387,5.841923719656247,0.10000038146972656,1.0,0.0,0.0,0.0
uav_02,34.529516,-18.235906967997387,5.841923719656247,0.10000038146972656,1.0,0.0,0.0,0.0
uav_02,34.629476,-18.235906967997387,5.841923719656247,0.10000038146972656,1.0,0.0,0.0,0.0
uav_02,34.729436,-18.235906967997387,5.841923719656247,0.10000038146972656,1.0,0.0,0.0,0.0
uav_02,34.829396,-18.235906967997387,5.841923719656247,0.10000038146972656,1.0,0.0,0.0,0.0
uav_02,34.929356,-18.235906967997387,5.841923719656247,0.10000038146972656,1.0,0.0,0.0,0.0
uav_02,35.029316,-18.235906967997387,5.841923719656247,0.10000038146972656,1.0,0.0,0.0,0.0
uav_02,35.129276,-18.235906967997387,5.841923719656247,0.10000038146972656,1.0,0.0,0.0,0.0
uav_02,35.229236,-18.235906967997387,5.841923719656247,0.10000038146972656,1.0,0.0,0.0,0.0
uav_02,35.329196,-18.235906967997387,5.841923719656247,0.10000038146972656,1.0,0.0,0.0,0.0
uav_02,35.429156,-18.235906967997387,5.841923719656247,0.10000038146972656,1.0,0.0,0.0,0.0
uav_02,35.529116,-18.235906967997387,5.841923719656247,0.10000038146972656,1.0,0.0,0.0,0.0
uav_02,35.629076,-18.235906967997387,5.841923719656247,0.10000038146972656,1.0,0.0,0.0,0.0
uav_02,35.729036,-18.235906967997387,5.841923719656247,0.10000038146972656,1.0,0.0,0.0,0.0
uav_02,35.828996,-18.235906967997387,5.841923719656247,0.10000038146972656,1.0,0.0,0.0,0.0
uav_02,35.929789,-18.235906967997387,5.841923719656247,0.10000038146972656,1.0,0.0,0.0,0.0
uav_02,36.029749,-18.235906967997387,5.841923719656247,0.10000038146972656,1.0,0.0,0.0,0.0
uav_02,36.129709,-18.235906967997387,5.841923719656247,0.10000038146972656,1.0,0.0,0.0,0.0
uav_02,36.229669,-18.235906967997387,5.841923719656247,0.10000038146972656,1.0,0.0,0.0,0.0
uav_02,36.329629,-18.235906967997387,5.841923719656247,0.10000038146972656,1.0,0.0,0.0,0.0
uav_02,36.429589,-18.235906967997387,5.841923719656247,0.10000038146972656,1.0,0.0,0.0,0.0
uav_02,36.529549,-18.235906967997387,5.841923719656247,0.10000038146972656,1.0,0.0,0.0,0.0
uav_02,36.629509,-18.235906967997387,5.841923719656247,0.10000038146972656,1.0,0.0,0.0,0.0
uav_02,36.729469,-18.235906967997387,5.841923719656247,0.10000038146972656,1.0,0.0,0.0,0.0
uav_02,36.829429,-18.235906967997387,5.841923719656247,0.10000038146972656,1.0,0.0,0.0,0.0
uav_02,36.929389,-18.235906967997387,5.841923719656247,0.10000038146972656,1.0,0.0,0.0,0.0
uav_02,37.029349,-18.235906967997387,5.841923719656247,0.10000038146972656,1.0,0.0,0.0,0.0
uav_02,37.129309,-18.235906967997387,5.841923719656247,0.10000038146972656,1.0,0.0,0.0,0.0
uav_02,37.229269,-18.235906967997387,5.841923719656247,0.10000038146972656,1.0,0.0,0.0,0.0
uav_02,37.329229,-18.235906967997387,5.841923719656247,0.10000038146972656,1.0,0.0,0.0,0.0
uav_02,37.429189,-18.235906967997387,5.841923719656247,0.10000038146972656,1.0,0.0,0.0,0.0
uav_02,37.529149,-18.235906967997387,5.841923719656247,0.10000038146972656,1.0,0.0,0.0,0.0
uav_02,37.629109,-18.235906967997387,5.841923719656247,0.10000038146972656,1.0,0.0,0.0,0.0
uav_02,37.729069,-18.235906967997387,5.841923719656247,0.10000038146972656,1.0,0.0,0.0,0.0
uav_02,37.829029,-18.235906967997387,5.841923719656247,0.10000038146972656,1.0,0.0,0.0,0.0
uav_02,37.928989,-18.235906967997387,5.841923719656247,0.10000038146972656,1.0,0.0,0.0,0.0
uav_02,38.029782,-18.235906967997387,5.841923719656247,0.10000038146972656,1.0,0.0,0.0,0.0
uav_02,38.129742,-18.235906967997387,5.841923719656247,0.10000038146972656,1.0,0.0,0.0,0.0
uav_02,38.229702,-18.235906967997387,5.841923719656247,0.10000038146972656,1.0,0.0,0.0,0.0
uav_02,38.329662,-18.235906967997387,5.841923719656247,0.10000038146972656,1.0,0.0,0.0,0.0
uav_02,38.429622,-18.235906967997387,5.841923719656247,0.10000038146972656,1.0,0.0,0.0,0.0
uav_02,38.529582,-18.235906967997387,5.841923719656247,0.10000038146972656,1.0,0.0,0.0,0.0
uav_02,38.629542,-18.235906967997387,5.841923719656247,0.10000038146972656,1.0,0.0,0.0,0.0
uav_02,38.729502,-18.235906967997387,5.841923719656247,0.10000038146972656,1.0,0.0,0.0,0.0
uav_02,38.829462,-18.235906967997387,5.841923719656247,0.10000038146972656,1.0,0.0,0.0,0.0
uav_02,38.929422,-18.235906967997387,5.841923719656247,0.10000038146972656,1.0,0.0,0.0,0.0
uav_02,39.029382,-18.235906967997387,5.841923719656247,0.10000038146972656,1.0,0.0,0.0,0.0
uav_02,39.129342,-18.235906967997387,5.841923719656247,0.10000038146972656,1.0,0.0,0.0,0.0
uav_02,39.229302,-18.235906967997387,5.841923719656247,0.10000038146972656,1.0,0.0,0.0,0.0
uav_02,39.329262,-18.235906967997387,5.841923719656247,0.10000038146972656,1.0,0.0,0.0,0.0
uav_02,39.429222,-18.235906967997387,5.841923719656247,0.10000038146972656,1.0,0.0,0.0,0.0
uav_02,39.529182,-18.235906967997387,5.841923719656247,0.10000038146972656,1.0,0.0,0.0,0.0
uav_02,39.629142,-18.235906967997387,5.841923719656247,0.10000038146972656,1.0,0.0,0.0,0.0
uav_02,39.729102,-18.235906967997387,5.841923719656247,0.10000038146972656,1.0,0.0,0.0,0.0
uav_02,39.829062,-18.235906967997387,5.841923719656247,0.10000038146972656,1.0,0.0,0.0,0.0
uav_02,39.929022,-18.235906967997387,5.841923719656247,0.10000038146972656,1.0,0.0,0.0,0.0
uav_02,40.029815,-18.235906967997387,5.841923719656247,0.10000038146972656,1.0,0.0,0.0,0.0
uav_02,40.129775,-18.235906967997387,5.841923719656247,0.10000038146972656,1.0,0.0,0.0,0.0
uav_02,40.229735,-18.235906967997387,5.841923719656247,0.10000038146972656,1.0,0.0,0.0,0.0
uav_02,40.329695,-18.235906967997387,5.841923719656247,0.10000038146972656,1.0,0.0,0.0,0.0
uav_02,40.429655,-18.235906967997387,5.841923719656247,0.10000038146972656,1.0,0.0,0.0,0.0
uav_02,40.529615,-18.235906967997387,5.841923719656247,0.10000038146972656,1.0,0.0,0.0,0.0
uav_02,40.629575,-18.235906967997387,5.841923719656247,0.10000038146972656,1.0,0.0,0.0,0.0
uav_02,40.729535,-18.235906967997387,5.841923719656247,0.10000038146972656,1.0,0.0,0.0,0.0
uav_02,40.829495,-18.235906967997387,5.841923719656247,0.10000038146972656,1.0,0.0,0.0,0.0
uav_02,40.929455,-18.235906967997387,5.841923719656247,0.10000038146972656,1.0,0.0,0.0,0.0
uav_02,41.029415,-18.235906967997387,5.841923719656247,0.10000038146972656,1.0,0.0,0.0,0.0
uav_02,41.129375,-18.235906967997387,5.841923719656247,0.10000038146972656,1.0,0.0,0.0,0.0
uav_02,41.229335,-18.235906967997387,5.841923719656247,0.10000038146972656,1.0,0.0,0.0,0.0
uav_02,41.329295,-18.235906967997387,5.841923719656247,0.10000038146972656,1.0,0.0,0.0,0.0
uav_02,41.429255,-18.235906967997387,5.841923719656247,0.10000038146972656,1.0,0.0,0.0,0.0
uav_02,41.529215,-18.235906967997387,5.841923719656247,0.10000038146972656,1.0,0.0,0.0,0.0
uav_02,41.629175,-18.235906967997387,5.841923719656247,0.10000038146972656,1.0,0.0,0.0,0.0
uav_02,41.729135,-18.235906967997387,5.841923719656247,0.10000038146972656,1.0,0.0,0.0,0.0
uav_02,41.829095,-18.235906967997387,5.841923719656247,0.10000038146972656,1.0,0.0,0.0,0.0
uav_02,41.929055,-18.235906967997387,5.841923719656247,0.10000038146972656,1.0,0.0,0.0,0.0
uav_02,42.029015,-18.235906967997387,5.841923719656247,0.10000038146972656,1.0,0.0,0.0,0.0
uav_02,42.129808,-18.235906967997387,5.841923719656247,0.10000038146972656,1.0,0.0,0.0,0.0
uav_02,42.229768,-18.235906967997387,5.841923719656247,0.10000038146972656,1.0,0.0,0.0,1.2354786638191229e-10
uav_02,42.329728,-18.235906967997387,5.841923719656247,0.10000038146972656,1.0,0.0,0.0,-8.933141515399257e-08
uav_02,42.429688,-18.235906967997387,5.841923719656247,0.10000038146972656,1.0,0.0,0.0,-3.5666968756231654e-07
uav_02,42.529648,-18.235906967997387,5.841923719656247,0.10000038146972656,1.0,0.0,0.0,-5.515817633749975e-07
uav_02,42.629608,-18.235906967997387,5.841923719656247,0.1099996566772461,1.0,0.0,0.0,-7.183289767453971e-07
uav_02,42.729568,-18.235906967997387,5.841923719656247,0.14999961853027344,1.0,0.0,0.0,-8.838557619128551e-07
uav_02,42.829528,-18.235906967997387,5.841923719656247,0.21000003814697266,1.0,-3.554096110747196e-05,-3.5372780985198915e-05,-1.2275734206923516e-06
uav_02,42.929488,-18.235906967997387,5.841923719656247,0.3000001907348633,0.9999979138374329,-0.0014760586200281978,-0.001410329365171492,-1.4741993254574481e-05
uav_02,43.029448,-18.235906967997387,5.841923719656247,0.4399995803833008,0.9999857544898987,-0.0036813768092542887,-0.003859210992231965,-5.055588553659618e-05
uav_02,43.129408,-18.235906967997387,5.841923719656247,0.630000114440918,0.9999683499336243,-0.005362917203456163,-0.005879389587789774,-0.00010007203673012555
uav_02,43.229368,-18.235906967997387,5.841923719656247,0.8400001525878906,0.9999620318412781,-0.005794483702629805,-0.006504915654659271,-0.00015760731184855103
uav_02,43.329328,-18.235906967997387,5.841923719656247,1.0500001907348633,0.9999707937240601,-0.005030524451285601,-0.00575221749022603,-0.00021502922754734755
uav_02,43.429288,-18.245555595449655,5.841923719656247,1.260000228881836,0.9999847412109375,-0.0036353457253426313,-0.004155790898948908,-0.00027040825807489455
uav_02,43.529248,-18.245555595449655,5.86409420802063,1.4799995422363281,0.999995231628418,-0.002010032767429948,-0.0023069879971444607,-0.0003217172052245587
uav_02,43.629208,-18.255204222901924,5.86409420802063,1.6899995803833008,0.9999995231628418,-0.000665102677885443,-0.000656546966638416,-0.0003627483092714101
uav_02,43.729168,-18.255204222901924,5.86409420802063,1.9200000762939453,0.9999998211860657,0.00011526513117132708,0.00040456815622746944,-0.0003929818340111524
uav_02,43.829128,-18.264852851725344,5.86409420802063,2.140000343322754,0.9999995827674866,0.00030821491964161396,0.0007560687372460961,-0.0004104413674212992
uav_02,43.929088,-18.264852851725344,5.875179452399736,2.369999885559082,0.9999996423721313,0.0002790197031572461,0.0006130411638878286,-0.0004174803907517344
uav_02,44.029048,-18.274501479177612,5.875179452399736,2.5900001525878906,0.9999998211860657,0.000301531923469156,0.00028822183958254755,-0.000415973539929837
uav_02,44.129008,-18.274501479177612,5.875179452399736,2.8199996948242188,0.9999998211860657,0.00028338993433862925,0.0001996984938159585,-0.000407623389037326
uav_02,44.229801,-18.274501479177612,5.886264696385013,3.0500001907348633,0.9999998211860657,0.00027826050063595176,0.00027546033379621804,-0.000394508388126269
uav_02,44.329761,-18.284150108001032,5.886264696385013,3.2799997329711914,0.9999995827674866,0.0005930257611908019,0.0005810707225464284,-0.00037921612965874374
uav_02,44.429721,-18.284150108001032,5.886264696385013,3.5,0.9999991059303284,0.0009386717574670911,0.0008814494358375669,-0.0003645489050541073
uav_02,44.529681,-18.284150108001032,5.8973499407641174,3.729999542236328,0.9999985098838806,0.0012986111687496305,0.0010713691590353847,-0.0003593274741433561
uav_02,44.629641,-18.284150108001032,5.8973499407641174,3.9600000381469727,0.9999978542327881,0.001628871075809002,0.0012474000686779618,-0.0003557697345968336
uav_02,44.729601,-18.2937987354533,5.8973499407641174,4.180000305175781,0.9999974966049194,0.0018039217684417963,0.001288790488615632,-0.00035853611188940704
uav_02,44.829561,-18.2937987354533,5.8973499407641174,4.409999847412109,0.9999980330467224,0.0015455909306183457,0.0011533692013472319,-0.0003644737880676985
uav_02,44.929521,-18.2937987354533,5.8973499407641174,4.629999160766602,0.9999988675117493,0.0010213050991296768,0.0010139663936570287,-0.000374400318833068
uav_02,45.029481,-18.2937987354533,5.8973499407641174,4.850000381469727,0.999999463558197,0.00041800987673923373,0.0008529243059456348,-0.0003891482774633914
uav_02,45.129441,-18.2937987354533,5.8973499407641174,5.059999465942383,0.9999995231628418,-1.0088543604069855e-05,0.0008547391626052558,-0.000408775667892769
uav_02,45.229401,-18.2937987354533,5.8973499407641174,5.270000457763672,0.9999993443489075,-0.00013762300659436733,0.0010162765393033624,-0.0004312483943067491
uav_02,45.329361,-18.2937987354533,5.8973499407641174,5.479999542236328,0.9999993443489075,-2.2964097297517583e-05,0.0010185145074501634,-0.0004529146826826036
uav_02,45.429321,-18.2937987354533,5.8973499407641174,5.680000305175781,0.9999995827674866,0.000212309998460114,0.0007614296046085656,-0.00047678931150585413
uav_02,45.529281,-18.2937987354533,5.8973499407641174,5.870000839233398,0.9999996423721313,0.0005224563064984977,0.0004014732548967004,-0.0005021756514906883
uav_02,45.629241,-18.2937987354533,5.8973499407641174,6.059999465942383,0.999999463558197,0.0008614741964265704,2.162282180506736e-05,-0.000523909751791507
uav_02,45.729201,-18.2937987354533,5.8973499407641174,6.229999542236328,0.9999991655349731,0.0011489010648801923,-0.00022988757700659335,-0.0005430870223790407
uav_02,45.829161,-18.2937987354533,5.8973499407641174,6.399999618530273,0.9999991059303284,0.0010801077587530017,-0.0004968401044607162,-0.0005573183298110962
uav_02,45.929121,-18.2937987354533,5.8973499407641174,6.549999237060547,0.9999992251396179,0.0008407151908613741,-0.0006634095916524529,-0.000570031872484833
uav_02,46.029081,-18.284150108001032,5.8973499407641174,6.690000534057617,0.9999995231628418,0.0005025624996051192,-0.0006019575521349907,-0.0005824412801302969
uav_02,46.129041,-18.284150108001032,5.8973499407641174,6.819999694824219,0.9999997615814209,0.00017319261678494513,-0.00032496824860572815,-0.0005977345863357186
uav_02,46.229001,-18.284150108001032,5.8973499407641174,6.940000534057617,0.9999998211860657,7.926864782348275e-06,6.794935416110093e-06,-0.0006164369406178594
uav_02,46.329794,-18.284150108001032,5.8973499407641174,7.040000915527344,0.9999997019767761,-7.879278200562112e-06,0.0003760583349503577,-0.0006375163211487234
uav_02,46.429754,-18.284150108001032,5.8973499407641174,7.1399993896484375,0.9999996423721313,-8.95153425517492e-05,0.00047666404861956835,-0.00066640495788306
uav_02,46.529714,-18.284150108001032,5.8973499407641174,7.219999313354492,0.9999996423721313,-0.0001444004592485726,0.0003851765941362828,-0.0006955739809200168
uav_02,46.629674,-18.284150108001032,5.8973499407641174,7.290000915527344,0.9999996423721313,-0.00025716747040860355,0.00027272009174339473,-0.0007217129459604621
uav_02,46.729634,-18.284150108001032,5.8973499407641174,7.350000381469727,0.9999996423721313,-0.00039589835796505213,9.814629447646439e-05,-0.00074308569310233
uav_02,46.829594,-18.284150108001032,5.8973499407641174,7.399999618530273,0.9999995827674866,-0.0005303965881466866,-9.781234984984621e-05,-0.0007580328965559602
uav_02,46.929554,-18.284150108001032,5.8973499407641174,7.440000534057617,0.9999995827674866,-0.0005114992382004857,-7.406337317661382e-06,-0.0007694551022723317
uav_02,47.029514,-18.284150108001032,5.8973499407641174,7.479999542236328,0.9999996423721313,-0.0003601568459998816,7.54638749640435e-05,-0.0007787367794662714
uav_02,47.129474,-18.284150108001032,5.8973499407641174,7.510000228881836,0.9999996423721313,-0.00032662812736816704,0.00018752874166239053,-0.0007848576060496271
uav_02,47.229434,-18.284150108001032,5.8973499407641174,7.540000915527344,0.9999995827674866,-0.0004424812213983387,0.0002577415725681931,-0.0007886809762567282
uav_02,47.329394,-18.284150108001032,5.8973499407641174,7.569999694824219,0.999999463558197,-0.0004753360408358276,0.0004027738468721509,-0.0007952912710607052
uav_02,47.429354,-18.284150108001032,5.8973499407641174,7.590000152587891,0.9999995231628418,-0.00036747808917425573,0.000431386026320979,-0.0008043692796491086
uav_02,47.529314,-18.284150108001032,5.8973499407641174,7.600000381469727,0.9999995827674866,-0.00027850893093273044,0.00030371954198926687,-0.0008146807667799294
uav_02,47.629274,-18.284150108001032,5.8973499407641174,7.620000839233398,0.9999995827674866,-0.00031763920560479164,4.8798025090945885e-05,-0.0008316117455251515
uav_02,47.729234,-18.284150108001032,5.8973499407641174,7.629999160766602,0.9999995827674866,-0.0003705132694449276,-9.061644959729165e-05,-0.0008559913258068264
uav_02,47.829194,-18.284150108001032,5.8973499407641174,7.6399993896484375,0.999999463558197,-0.0004763459146488458,-0.00016617815708741546,-0.0008876947103999555
uav_02,47.929154,-18.284150108001032,5.8973499407641174,7.649999618530273,0.9999994039535522,-0.0004750500957015902,-0.0003060397575609386,-0.0009135248837992549
uav_02,48.029114,-18.284150108001032,5.8973499407641174,7.659999847412109,0.9999994039535522,-0.00040025694761425257,-0.00041004735976457596,-0.0009373457869514823
uav_02,48.129074,-18.284150108001032,5.8973499407641174,7.670000076293945,0.9999995231628418,-0.00013005544315092266,-0.00017684389604255557,-0.0009553480194881558
uav_02,48.229034,-18.284150108001032,5.8973499407641174,7.680000305175781,0.9999995231628418,0.00010357631981605664,0.00011387596896383911,-0.000979546457529068
uav_02,48.328994,-18.284150108001032,5.8973499407641174,7.690000534057617,0.999999463558197,5.565998799283989e-05,0.0002726272796280682,-0.0010181113611906767
uav_02,48.429787,-18.284150108001032,5.8973499407641174,7.690000534057617,0.9999993443489075,-0.000197847984964028,0.0004154980415478349,-0.0010467652464285493
uav_02,48.529747,-18.284150108001032,5.8973499407641174,7.700000762939453,0.9999991655349731,-0.0004583700210787356,0.0005228828522376716,-0.0010689623886719346
uav_02,48.629707,-18.284150108001032,5.8973499407641174,7.700000762939453,0.9999989867210388,-0.0007191556505858898,0.0005917816306464374,-0.0010858705500140786
uav_02,48.729667,-18.284150108001032,5.8973499407641174,7.709999084472656,0.9999989867210388,-0.0007163944537751377,0.000567681563552469,-0.0010939073981717229
uav_02,48.829627,-18.284150108001032,5.8973499407641174,7.709999084472656,0.9999992251396179,-0.00038293813122436404,0.0003694519982673228,-0.0010909674456343055
uav_02,48.929587,-18.284150108001032,5.8973499407641174,7.719999313354492,0.9999994039535522,2.6754652935778722e-05,0.0001747220812831074,-0.0010847286321222782
uav_02,49.029547,-18.284150108001032,5.8973499407641174,7.719999313354492,0.9999993443489075,0.00023647134366910905,0.00010816590656759217,-0.0010870018741115928
uav_02,49.129507,-18.284150108001032,5.8973499407641174,7.729999542236328,0.9999993443489075,0.0003371725033503026,2.3926771973492578e-05,-0.00108935940079391
uav_02,49.229467,-18.284150108001032,5.8973499407641174,7.729999542236328,0.9999993443489075,0.000396767514757812,-4.925034227198921e-05,-0.001097306958399713
uav_02,49.329427,-18.284150108001032,5.8973499407641174,7.729999542236328,0.9999993443489075,0.00029063422698527575,-0.00011293166608083993,-0.0011092445347458124
uav_02,49.429387,-18.284150108001032,5.8973499407641174,7.729999542236328,0.9999993443489075,6.835554086137563e-05,-0.00019610773597378284,-0.0011312931310385466
uav_02,49.529347,-18.284150108001032,5.8973499407641174,7.739999771118164,0.9999992847442627,6.184924859553576e-05,-0.0002963901206385344,-0.0011672691907733679
uav_02,49.629307,-18.284150108001032,5.8973499407641174,7.739999771118164,0.9999991655349731,0.00029303395422175527,-0.00040038881707005203,-0.0012093998957425356
uav_02,49.729267,-18.284150108001032,5.886264696385013,7.739999771118164,0.9999980330467224,0.0015303088584914804,-4.9117916205432266e-05,-0.0012497043935582042
uav_02,49.829227,-18.284150108001032,5.886264696385013,7.739999771118164,0.9999868869781494,0.004776465240865946,0.0013232305645942688,-0.0012858400586992502
uav_02,49.929187,-18.284150108001032,5.886264696385013,7.739999771118164,0.9999385476112366,0.010323875583708286,0.003815093543380499,-0.0013168237637728453
uav_02,50.029147,-18.284150108001032,5.886264696385013,7.75,0.9998176097869873,0.01762450858950615,0.007231859024614096,-0.0013476390158757567
uav_02,50.129107,-18.274501479177612,5.886264696385013,7.75,0.9995986819267273,0.025912992656230927,0.011357683688402176,-0.001395631697960198
uav_02,50.229067,-18.264852851725344,5.886264696385013,7.75,0.9992960691452026,0.03407924994826317,0.01561435405164957,-0.0014856377383694053
uav_02,50.329027,-18.245555595449655,5.875179452399736,7.75,0.9989689588546753,0.041121531277894974,0.019165683537721634,-0.0016435892321169376
uav_02,50.428987,-18.235906967997387,5.86409420802063,7.75,0.9986850619316101,0.04648685082793236,0.02153117209672928,-0.0018658648477867246
uav_02,50.52978,-18.206961082898278,5.86409420802063,7.75,0.9984681010246277,0.0504273883998394,0.02267134189605713,-0.0021384158171713352
uav_02,50.62974,-18.16836657171805,5.841923719656247,7.75,0.9983022212982178,0.05332019180059433,0.023321043699979782,-0.002411335241049528
uav_02,50.7297,-18.120123431714408,5.830838475277142,7.760000228881836,0.9981350302696228,0.055982962250709534,0.024191655218601227,-0.0026751405093818903
uav_02,50.82966,-18.06223166288734,5.808667986912759,7.760000228881836,0.9979459643363953,0.058436427265405655,0.02613375149667263,-0.002459211740642786
uav_02,50.92962,-18.004339895431425,5.775412254169272,7.760000228881836,0.9977399110794067,0.06001342460513115,0.03017747588455677,0.0016733307857066393
uav_02,51.02958,-17.93679949915209,5.742156521425783,7.760000228881836,0.997408390045166,0.060619376599788666,0.035450004041194916,0.015656378120183945
uav_02,51.12954,-17.859610474049333,5.708900788682295,7.760000228881836,0.9964044094085693,0.06121702492237091,0.039301663637161255,0.04342905059456825
uav_02,51.2295,-17.76312419404204,5.664559811559703,7.760000228881836,0.9936257600784302,0.06251144409179688,0.03982524201273918,0.08493587374687195
uav_02,51.32946,-17.68593517031044,5.631304078816215,7.760000228881836,0.987598717212677,0.06502407789230347,0.03649139031767845,0.1381629854440689
uav_02,51.42942,-17.589448890303146,5.564792613329239,7.760000228881836,0.9768458604812622,0.0688575804233551,0.029691053554415703,0.20037280023097992
uav_02,51.52938,-17.492962608924703,5.509366392221368,7.760000228881836,0.9601927995681763,0.07395453751087189,0.020461412146687508,0.2685924172401428
uav_02,51.62934,-17.38682770146514,5.442854926340566,7.760000228881836,0.9370432496070862,0.07968512177467346,0.009789821691811085,0.3398594260215759
uav_02,51.7293,-17.27104416518216,5.37634346085359,7.760000228881836,0.9074750542640686,0.08531799912452698,-0.0014037607470527291,0.411348819732666
uav_02,51.82926,-17.145612000075758,5.309831995366614,7.770000457763672,0.8723288178443909,0.08986368030309677,-0.012353676371276379,0.48043137788772583
uav_02,51.92922,-17.02017983634051,5.243320529879638,7.770000457763672,0.8332288861274719,0.09180673211812973,-0.022608760744333267,0.5447843074798584
uav_02,52.02918,-16.87545041632957,5.1657238204073845,7.770000457763672,0.7921617031097412,0.0904022604227066,-0.03179009631276131,0.6027409434318542
uav_02,52.12914,-16.73072099494748,5.099212354920408,7.770000457763672,0.7509511709213257,0.08622800558805466,-0.039447564631700516,0.6535143256187439
uav_02,52.2291,-16.576342947484275,5.021615645054328,7.770000457763672,0.7109380960464478,0.08067653328180313,-0.04518315941095352,0.6971490383148193
uav_02,52.32906,-16.412316271197646,4.955104179567352,7.770000457763672,0.6728111505508423,0.0753764733672142,-0.048660341650247574,0.7343538999557495
uav_02,52.42902,-16.238640966087598,4.888592714080376,7.770000457763672,0.6366657614707947,0.07137146592140198,-0.05023520812392235,0.7661848664283752
uav_02,52.529813,-16.064965662348705,4.8220812485934,7.780000686645508,0.6017964482307434,0.06923309713602066,-0.05080028250813484,0.7940196394920349
uav_02,52.629773,-15.891290357238654,4.733399294742042,7.780000686645508,0.5683544874191284,0.0681617259979248,-0.05188782513141632,0.8183121085166931
uav_02,52.729733,-15.707966424676343,4.6558025848759605,7.780000686645508,0.5376855134963989,0.06656616926193237,-0.05538362264633179,0.838687002658844
uav_02,52.829693,-15.514993864661756,4.589291119388985,7.780000686645508,0.5128864049911499,0.06397895514965057,-0.060463931411504745,0.8539310693740845
uav_02,52.929653,-15.32202130327602,4.511694409522905,7.780000686645508,0.4961673617362976,0.061166226863861084,-0.06504695862531662,0.8636234998703003
uav_02,53.029613,-15.129048743261437,4.434097699656823,7.780000686645508,0.48813602328300476,0.05908525735139847,-0.06742775440216064,0.8681507110595703
uav_02,53.129573,-14.926427554423432,4.367586234169847,7.780000686645508,0.4880591034889221,0.058427173644304276,-0.06690378487110138,0.8682790398597717
uav_02,53.229533,-14.714157738133158,4.301074768682872,7.780000686645508,0.49437806010246277,0.059750206768512726,-0.06353334337472916,0.8648605346679688
uav_02,53.329493,-14.511536549295155,4.223478059210618,7.780000686645508,0.5051953792572021,0.06303674727678299,-0.05824416130781174,0.8587267398834229
uav_02,53.429453,-14.299266733004881,4.156966593723642,7.780000686645508,0.5185526013374329,0.06750500202178955,-0.05214483663439751,0.8507803678512573
uav_02,53.529413,-14.086996916714606,4.090455128236666,7.780000686645508,0.5325022339820862,0.07215433567762375,-0.04636522755026817,0.8420721292495728
uav_02,53.629373,-13.874727100424334,4.012858418370586,7.780000686645508,0.545305073261261,0.07598346471786499,-0.0416523814201355,0.8337469100952148
uav_02,53.729333,-13.65280865531064,3.9463469528836095,7.780000686645508,0.5556395649909973,0.07851418852806091,-0.03840592876076698,0.8268162608146667
uav_02,53.829293,-13.440538839020368,3.857664999032251,7.780000686645508,0.5626899003982544,0.07966894656419754,-0.03662042319774628,0.8220047950744629
uav_02,53.929253,-13.218620393906674,3.768983044787065,7.780000686645508,0.5661500096321106,0.07955226302146912,-0.03624450042843819,0.8196535110473633
uav_02,54.029213,-12.996701950164134,3.6803010909357066,7.780000686645508,0.5661614537239075,0.07853665202856064,-0.03717224672436714,0.8197020292282104
uav_02,54.129173,-12.784432133873858,3.591619136690521,7.780000686645508,0.5632094740867615,0.07696108520030975,-0.03891313448548317,0.8218015432357788
uav_02,54.229133,-12.562513688760164,3.5029371828391622,7.780000686645508,0.5580393671989441,0.07508309930562973,-0.041120339184999466,0.8253870010375977
uav_02,54.329093,-12.340595243646472,3.414255228987803,7.780000686645508,0.5515040755271912,0.0733577311038971,-0.043397195637226105,0.8298063278198242
uav_02,54.429053,-12.11867679990393,3.314488030757339,7.780000686645508,0.5444964170455933,0.07202743738889694,-0.045549578964710236,0.8344225287437439
uav_02,54.529013,-11.896758354790236,3.2147208325268757,7.780000686645508,0.5378421545028687,0.07101280242204666,-0.04730567708611488,0.8387163281440735
uav_02,54.629806,-11.665191282224274,3.137124122660795,7.780000686645508,0.5321657657623291,0.0702681615948677,-0.0486527681350708,0.8423151969909668
uav_02,54.729766,-11.452921465934002,3.0262716800512264,7.780000686645508,0.5280054807662964,0.0698055773973465,-0.04951426386833191,0.8449175953865051
uav_02,54.829726,-11.221354393368038,2.926504481820763,7.780000686645508,0.5255241394042969,0.06952404975891113,-0.04990275204181671,0.8464635610580444
uav_02,54.929686,-10.999435948254346,2.837822527969404,7.780000686645508,0.5247146487236023,0.06930910050868988,-0.04962785914540291,0.8469992876052856
uav_02,55.029646,-10.777517504511806,2.7380553297389403,7.780000686645508,0.5253639817237854,0.06921669095754623,-0.048818305134773254,0.8466513752937317
uav_02,55.129606,-10.545950431945842,2.6382881315084763,7.780000686645508,0.5271674990653992,0.0687868744134903,-0.04741078242659569,0.8456446528434753
uav_02,55.229566,-10.32403198683215,2.549606177263291,7.790000915527344,0.5297383069992065,0.06756693124771118,-0.045233920216560364,0.8442546725273132
uav_02,55.329526,-10.092464914266188,2.460924223411932,7.790000915527344,0.5326441526412964,0.06562592089176178,-0.042376428842544556,0.8427262902259827
uav_02,55.429486,-9.860897841700224,2.3611570251814684,7.790000915527344,0.5354887247085571,0.06295488029718399,-0.03926607593894005,0.8412768244743347
uav_02,55.529446,-9.638979396586532,2.2613898269510044,7.790000915527344,0.5379489064216614,0.05965202674269676,-0.03626631200313568,0.8400817513465881
uav_02,55.629406,-9.41706095284399,2.161622628720541,7.790000915527344,0.539781391620636,0.05600835382938385,-0.03335324302315712,0.839277446269989
uav_02,55.729366,-9.195142507730298,2.061855430490077,7.790000915527344,0.5408470034599304,0.052168216556310654,-0.0305344071239233,0.8389461636543274
uav_02,55.829326,-8.982872691440022,1.9620882322596132,7.790000915527344,0.5411418676376343,0.04790033772587776,-0.027854876592755318,0.8391037583351135
uav_02,55.929286,-8.77060287514975,1.8734062780144276,7.790000915527344,0.5407180786132812,0.04328643158078194,-0.025326283648610115,0.8397075533866882
uav_02,56.029246,-8.558333058859477,1.7736390797839638,7.790000915527344,0.5396884679794312,0.0384257435798645,-0.022870592772960663,0.8406763672828674
uav_02,56.129206,-8.355711870021473,1.684957125932605,7.790000915527344,0.538206934928894,0.032759033143520355,-0.01980549842119217,0.8419429659843445
uav_02,56.229166,-8.153090681183468,1.5962751720812465,7.790000915527344,0.5364313125610352,0.026096144691109657,-0.015931857749819756,0.8433899283409119
uav_02,56.329126,-7.969766748621152,1.5186784622151657,7.790000915527344,0.534584105014801,0.019109336659312248,-0.011601357720792294,0.8448195457458496
uav_02,56.429086,-7.796091444882256,1.4299965083638069,7.790000915527344,0.5329276323318481,0.0125041538849473,-0.007248320616781712,0.8460373878479004
uav_02,56.529046,-7.622416139772208,1.352399798497726,7.790000915527344,0.5316404104232788,0.006637993734329939,-0.0030120478477329016,0.8469387888908386
uav_02,56.629006,-7.458389463485582,1.2858883330107505,7.790000915527344,0.5308082103729248,0.0010316291591152549,0.0010702452855184674,0.847490668296814
uav_02,56.729799,-7.313660043474643,1.2193768675237744,7.790000915527344,0.5304443836212158,-0.005003973376005888,0.005396405700594187,0.8476877808570862
uav_02,56.829759,-7.168930622092552,1.1528654020367988,7.790000915527344,0.5305097699165344,-0.011678041890263557,0.009877794422209263,0.8475407958030701
uav_02,56.929719,-7.043498458357303,1.097439180535101,7.790000915527344,0.5309145450592041,-0.018219048157334328,0.013980197720229626,0.8471141457557678
uav_02,57.029679,-6.9277149220743235,1.04201295942723,7.799999237060547,0.5315730571746826,-0.02331138402223587,0.017025450244545937,0.8465203642845154
uav_02,57.129639,-6.82158001324361,0.9865867383193593,7.799999237060547,0.5323881506919861,-0.026472052559256554,0.01878063566982746,0.8458778858184814
uav_02,57.229599,-6.7347423620597375,0.9533310055758712,7.799999237060547,0.5332489609718323,-0.02790929563343525,0.019246337935328484,0.8452787399291992
uav_02,57.329559,-6.647904709504715,0.9089900284532784,7.799999237060547,0.5340037941932678,-0.030412789434194565,0.020691072568297386,0.8446815013885498
uav_02,57.429519,-6.58036431322538,0.8757342957097906,7.799999237060547,0.534050464630127,-0.04965803027153015,0.03353632241487503,0.8433264493942261
uav_02,57.529479,-6.532121173221734,0.8535638073454076,7.799999237060547,0.5337677597999573,-0.06668901443481445,0.044992901384830475,0.841795802116394
uav_02,57.629439,-6.493526660670356,0.8313933185871976,7.799999237060547,0.5337070226669312,-0.07329006493091583,0.049308814108371735,0.8410434126853943
uav_02,57.729399,-6.474229404394667,0.8313933185871976,7.799999237060547,0.5340420007705688,-0.06898228079080582,0.04608110710978508,0.8413780927658081
uav_02,57.829359,-6.474229404394667,0.8203080746019196,7.799999237060547,0.5340838432312012,-0.0665186271071434,0.04431089386343956,0.8416449427604675
uav_02,57.929319,-6.4838780332180885,0.8313933185871976,7.799999237060547,0.5338484048843384,-0.06663801521062851,0.04426140338182449,0.8417874574661255
uav_02,58.029279,-6.512823916946045,0.8424785629663025,7.799999237060547,0.533845841884613,-0.059992458671331406,0.03949103131890297,0.8425259590148926
uav_02,58.129239,-6.551418429497423,0.8535638073454076,7.799999237060547,0.5339495539665222,-0.048129864037036896,0.03097430057823658,0.8435769081115723
uav_02,58.229199,-6.5900129406776475,0.8646490513306855,7.799999237060547,0.5339821577072144,-0.03446667268872261,0.021299859508872032,0.8445243239402771
uav_02,58.329159,-6.628607453229026,0.8868195400888955,7.799999237060547,0.5338885188102722,-0.022184859961271286,0.012730647809803486,0.845167875289917
uav_02,58.429119,-6.676850593232673,0.9089900284532784,7.799999237060547,0.5337364673614502,-0.010903210379183292,0.004924511071294546,0.8455662727355957
uav_02,58.529079,-6.7347423620597375,0.9311605168176613,7.799999237060547,0.5335068702697754,0.008480757474899292,-0.008370427414774895,0.8457117676734924
uav_02,58.629039,-6.782985502063385,0.9533310055758712,7.799999237060547,0.5331583619117737,0.02527790516614914,-0.019729336723685265,0.8454076051712036
uav_02,58.728999,-6.8119313857913415,0.9644162495611492,7.799999237060547,0.5329523086547852,0.03434107080101967,-0.025646859779953957,0.8450589776039124
uav_02,58.829792,-6.840877269519298,0.9755014939402541,7.799999237060547,0.5330496430397034,0.03490621969103813,-0.025848668068647385,0.844968318939209
uav_02,58.929752,-6.8505258983427195,0.9865867383193593,7.799999237060547,0.5329641699790955,0.04248486086726189,-0.030800767242908478,0.8445090651512146
uav_02,59.029712,-6.860174525794987,0.9865867383193593,7.809999465942383,0.5328345894813538,0.05121041461825371,-0.036792267113924026,0.843866765499115
uav_02,59.129672,-6.8505258983427195,0.9865867383193593,7.809999465942383,0.5329870581626892,0.05334954708814621,-0.039270028471946716,0.8435261845588684
uav_02,59.229632,-6.83122864206703,0.9865867383193593,7.809999465942383,0.5334286689758301,0.049391720443964005,-0.039030540734529495,0.8434991836547852
uav_02,59.329592,-6.8119313857913415,0.9755014939402541,7.809999465942383,0.5339605212211609,0.042700909078121185,-0.03781963139772415,0.8435831069946289
uav_02,59.429552,-6.773336873239964,0.9644162495611492,7.809999465942383,0.5344089865684509,0.03644458204507828,-0.03765059635043144,0.8436001539230347
uav_02,59.529512,-6.725093733236318,0.9533310055758712,7.809999465942383,0.5346712470054626,0.03277991712093353,-0.03946720063686371,0.8435013294219971
uav_02,59.629472,-6.676850593232673,0.9422457611967663,7.809999465942383,0.5347334742546082,0.0323353111743927,-0.043701790273189545,0.8432702422142029
uav_02,59.729432,-6.618958825776757,0.9311605168176613,7.809999465942383,0.5346118211746216,0.03478791564702988,-0.04970143735408783,0.8429173827171326
uav_02,59.829392,-6.551418429497423,0.9089900284532784,7.809999465942383,0.5344065427780151,0.03846393898129463,-0.05606137961149216,0.8424887657165527
uav_02,59.929352,-6.474229404394667,0.8979047840741735,7.809999465942383,0.5342305302619934,0.04174424335360527,-0.061378877609968185,0.8420735001564026
uav_02,60.029312,-6.397040380663063,0.8868195400888955,7.809999465942383,0.5342152714729309,0.04362574964761734,-0.06545887142419815,0.8416804671287537
uav_02,60.129272,-6.300554100655772,0.8757342957097906,7.809999465942383,0.5357187390327454,0.04259426146745682,-0.06906887888908386,0.8404883146286011
uav_02,60.229232,-6.19441919182506,0.8646490513306855,7.809999465942383,0.5428711175918579,0.03829769790172577,-0.07298476994037628,0.8357616066932678
uav_02,60.329192,-6.078635655542078,0.8646490513306855,7.799999237060547,0.5600862503051758,0.03325264900922775,-0.07633569836616516,0.8242393732070923
uav_02,60.429152,-5.962852119259097,0.8535638073454076,7.799999237060547,0.5882396101951599,0.03106657788157463,-0.07752493023872375,0.804362416267395
uav_02,60.529112,-5.837419955523847,0.8535638073454076,7.799999237060547,0.623978316783905,0.034815508872270584,-0.0750458613038063,0.7770501971244812
uav_02,60.629072,-5.683041906689489,0.8535638073454076,7.799999237060547,0.6616688370704651,0.04456613212823868,-0.06959924101829529,0.745227575302124
uav_02,60.729032,-5.55760974295424,0.8646490513306855,7.799999237060547,0.6965230107307434,0.05839037150144577,-0.06285581737756729,0.7123871445655823
uav_02,60.828992,-5.4032316941198815,0.8646490513306855,7.799999237060547,0.7252469658851624,0.07301169633865356,-0.05635332316160202,0.6822832226753235
uav_02,60.929785,-5.239205017833253,0.8757342957097906,7.799999237060547,0.746310830116272,0.08490666002035141,-0.050973620265722275,0.6581889390945435
uav_02,61.029745,-5.075178341546627,0.8757342957097906,7.799999237060547,0.7591032981872559,0.09140712022781372,-0.047074247151613235,0.6427993178367615
uav_02,61.129705,-4.90150303643658,0.8646490513306855,7.799999237060547,0.7645470499992371,0.09206461161375046,-0.04515640810132027,0.6363589763641357
uav_02,61.229665,-4.718179103874263,0.8535638073454076,7.799999237060547,0.7638056874275208,0.08770796656608582,-0.04566756635904312,0.6378265023231506
uav_02,61.329625,-4.525206543859679,0.8424785629663025,7.799999237060547,0.7580808997154236,0.08018693327903748,-0.048608459532260895,0.6453841328620911
uav_02,61.429585,-4.322585355021674,0.8313933185871976,7.799999237060547,0.7486003637313843,0.07149084657430649,-0.05366964265704155,0.6569674015045166
uav_02,61.529545,-4.119964166183669,0.8203080746019196,7.799999237060547,0.7366745471954346,0.06344336271286011,-0.059815265238285065,0.6706025004386902
uav_02,61.629505,-3.9173429787168175,0.8092228302228147,7.799999237060547,0.7238223552703857,0.05734721198678017,-0.06575187295675278,0.6844481229782104
uav_02,61.729465,-3.695424533603123,0.7870523418584318,7.799999237060547,0.7116691470146179,0.053498122841119766,-0.07023127377033234,0.6969451904296875
uav_02,61.829425,-3.492803344765119,0.7870523418584318,7.799999237060547,0.7016111016273499,0.05167354643344879,-0.072703517973423,0.7069553732872009
uav_02,61.929385,-3.2805335284748454,0.7759670974793268,7.799999237060547,0.6945918202400208,0.0513007715344429,-0.0734122171998024,0.7138074636459351
uav_02,62.029345,-3.0489664559088836,0.7759670974793268,7.809999465942383,0.6910094022750854,0.05183105915784836,-0.07277096062898636,0.7173032164573669
uav_02,62.129305,-2.83669663961861,0.7759670974793268,7.809999465942383,0.6907207369804382,0.05298049747943878,-0.07101272791624069,0.7176734209060669
uav_02,62.229265,-2.6147781945049164,0.7759670974793268,7.809999465942383,0.6931929588317871,0.05450299009680748,-0.06870394200086594,0.7153969407081604
uav_02,62.329225,-2.3832111219389547,0.7759670974793268,7.809999465942383,0.6976345181465149,0.056170981377363205,-0.06626658886671066,0.7111677527427673
uav_02,62.429185,-2.1516440493729925,0.7870523418584318,7.809999465942383,0.7031490802764893,0.057880088686943054,-0.06398569047451019,0.705788254737854
uav_02,62.529145,-1.9200769768070305,0.7870523418584318,7.809999465942383,0.7089038491249084,0.0592743456363678,-0.061857063323259354,0.700082540512085
uav_02,62.629105,-1.6885099042410687,0.8092228302228147,7.809999465942383,0.714212954044342,0.059893928468227386,-0.059457458555698395,0.694821834564209
uav_02,62.729065,-1.4569428316751065,0.8092228302228147,7.809999465942383,0.7185758352279663,0.05936429649591446,-0.056631673127412796,0.6905921101570129
uav_02,62.829025,-1.2157271316568767,0.8092228302228147,7.809999465942383,0.7216784358024597,0.057652752846479416,-0.0537465400993824,0.6877264380455017
uav_02,62.929818,-0.9841600590909146,0.8092228302228147,7.809999465942383,0.7234076857566833,0.05488366261124611,-0.05079241096973419,0.6863594055175781
uav_02,63.029778,-0.7429443577015319,0.8092228302228147,7.809999465942383,0.7237739562988281,0.05141516774892807,-0.04794231057167053,0.6864468455314636
uav_02,63.129738,-0.51137728513557,0.8203080746019196,7.809999465942383,0.722968339920044,0.04757867753505707,-0.04500714689493179,0.687769889831543
uav_02,63.229698,-0.27981021256960803,0.8203080746019196,7.809999465942383,0.7212834358215332,0.0434362068772316,-0.042003557085990906,0.6899994015693665
uav_02,63.329658,-0.04824314000364603,0.8203080746019196,7.809999465942383,0.7190700769424438,0.038847215473651886,-0.03882630541920662,0.6927637457847595
uav_02,63.429618,0.18332393256231597,0.8203080746019196,7.809999465942383,0.7166737914085388,0.03392558544874191,-0.03522820770740509,0.6956915259361267
uav_02,63.529578,0.395593748852589,0.8313933185871976,7.809999465942383,0.7144084572792053,0.02874348685145378,-0.03128178417682648,0.6984381079673767
uav_02,63.629538,0.607863565142862,0.8313933185871976,7.809999465942383,0.7125330567359924,0.023054569959640503,-0.026640739291906357,0.7007534503936768
uav_02,63.729498,0.8104847539808668,0.8313933185871976,7.809999465942383,0.7112134695053101,0.01652633212506771,-0.020803557708859444,0.7024738192558289
uav_02,63.829458,1.0131059428188718,0.8424785629663025,7.809999465942383,0.7104766368865967,0.009911729022860527,-0.014223919250071049,0.7035072445869446
uav_02,63.929418,1.1964298753811877,0.8424785629663025,7.809999465942383,0.7102969288825989,0.0035875877365469933,-0.0072312853299081326,0.7038558721542358
uav_02,64.029378,1.3797538079435037,0.8424785629663025,7.809999465942383,0.7106080651283264,-0.00226721097715199,-0.0004863340000156313,0.7035842537879944
uav_02,64.129338,1.5437804842301306,0.8535638073454076,7.809999465942383,0.7113037109375,-0.00799742341041565,0.006232389248907566,0.7028116583824158
uav_02,64.229298,1.7078071605167575,0.8535638073454076,7.809999465942383,0.7122326493263245,-0.013546466827392578,0.012793892063200474,0.7016961574554443
uav_02,64.329258,1.8428879530754274,0.8535638073454076,7.809999465942383,0.7132536768913269,-0.01836310513317585,0.0184574443846941,0.7004222869873047
uav_02,64.429218,1.9683201168106768,0.8646490513306855,7.809999465942383,0.7142698168754578,-0.02155730314552784,0.022225134074687958,0.6991852521896362
uav_02,64.529178,2.0841036530936576,0.8646490513306855,7.809999465942383,0.7151901125907898,-0.02330920659005642,0.024118546396493912,0.6981247067451477
uav_02,64.629138,2.1805899331009497,0.8646490513306855,7.809999465942383,0.7159343957901001,-0.024154609069228172,0.02445335127413273,0.6973209381103516
uav_02,64.729098,2.2674275856559736,0.8646490513306855,7.809999465942383,0.7164297103881836,-0.02456161379814148,0.024198804050683975,0.6968067288398743
uav_02,64.829058,2.3542652382109974,0.8757342957097906,7.809999465942383,0.7160850167274475,-0.03743012249469757,0.036539334803819656,0.6960503458976746
uav_02,64.929018,2.4025083782146432,0.8757342957097906,7.809999465942383,0.7149575352668762,-0.054272979497909546,0.05312040448188782,0.6950312256813049
uav_02,65.029811,2.45075151821829,0.8757342957097906,7.809999465942383,0.7139583826065063,-0.0633261576294899,0.06225357949733734,0.694534182548523
uav_02,65.129771,2.4700487744939785,0.8757342957097906,7.809999465942383,0.713028073310852,-0.0690983235836029,0.06809549778699875,0.6943913698196411
uav_02,65.229731,2.4700487744939785,0.8757342957097906,7.809999465942383,0.7119635939598083,-0.07505059242248535,0.07340933382511139,0.6943243145942688
uav_02,65.329691,2.45075151821829,0.8757342957097906,7.809999465942383,0.7117917537689209,-0.07210586965084076,0.0678383857011795,0.6953784823417664
uav_02,65.429651,2.4218056344903327,0.8868195400888955,7.809999465942383,0.7122018337249756,-0.062343087047338486,0.052135299891233444,0.6972544193267822
uav_02,65.529611,2.3735624944866864,0.8868195400888955,7.809999465942383,0.7125343084335327,-0.050719454884529114,0.031091302633285522,0.6991106271743774
uav_02,65.629571,2.3156707256596194,0.8868195400888955,7.809999465942383,0.7125321626663208,-0.04134032502770424,0.009747324511408806,0.700352668762207
uav_02,65.729531,2.248130329380285,0.8979047840741735,7.809999465942383,0.7123633027076721,-0.03649430721998215,-0.00815699715167284,0.7008139491081238
uav_02,65.829491,2.1902385619243705,0.9089900284532784,7.809999465942383,0.7123240232467651,-0.03570340946316719,-0.020902695134282112,0.7006303071975708
uav_02,65.929451,2.1323467930973035,0.9311605168176613,7.809999465942383,0.712561309337616,-0.03715217486023903,-0.02854306995868683,0.7000438570976257
uav_02,66.029411,2.0744550256413894,0.9644162495611492,7.809999465942383,0.7130178213119507,-0.03916080296039581,-0.032833032310009,0.6992810964584351
uav_02,66.129371,2.016563256814323,0.997671982304637,7.809999465942383,0.7135473489761353,-0.04063388332724571,-0.035819992423057556,0.6985098123550415
uav_02,66.229331,1.9683201168106768,1.04201295942723,7.809999465942383,0.714011549949646,-0.041315264999866486,-0.03918454051017761,0.6978145241737366
uav_02,66.329291,1.9200769768070305,1.097439180535101,7.809999465942383,0.7143440842628479,-0.0412374846637249,-0.04360240697860718,0.6972164511680603
uav_02,66.429251,1.8718338368033847,1.1639506460220768,7.809999465942383,0.7150530219078064,-0.04151834920048714,-0.048192430287599564,0.6961701512336731
uav_02,66.529211,1.8332393242520069,1.2304621115090524,7.809999465942383,0.7189513444900513,-0.043544892221689224,-0.05137372016906738,0.6917901039123535
uav_02,66.629171,1.7946448130717816,1.3080588213751332,7.809999465942383,0.730133593082428,-0.04686286300420761,-0.05267537385225296,0.6796573400497437
uav_02,66.729131,1.7560503005204038,1.3856555312412142,7.809999465942383,0.750407338142395,-0.04925602674484253,-0.05351032689213753,0.6569621562957764
uav_02,66.829091,1.7174557879690258,1.4854227294716777,7.809999465942383,0.7785540223121643,-0.04928649961948395,-0.055168911814689636,0.6232021450996399
uav_02,66.929051,1.6885099042410687,1.5851899277021417,7.809999465942383,0.8119645714759827,-0.046379465609788895,-0.058328501880168915,0.5789302587509155
uav_02,67.029011,1.6595640205131115,1.69604237031171,7.809999465942383,0.8476377725601196,-0.04055448994040489,-0.06322508305311203,0.5252314805984497
uav_02,67.129804,1.6306181367851544,1.8179800569065567,7.809999465942383,0.8830575346946716,-0.03200491517782211,-0.069045789539814,0.4630526900291443
uav_02,67.229764,1.6016722516860449,1.9399177435014034,7.809999465942383,0.9153263568878174,-0.021227791905403137,-0.07362857460975647,0.3953554034233093
uav_02,67.329724,1.5727263679580878,2.072940674475355,7.809999465942383,0.9430030584335327,-0.008986382745206356,-0.075618676841259,0.3239542543888092
uav_02,67.429684,1.5630777405058196,2.2059636058431336,7.809999465942383,0.9650005102157593,0.003476433688774705,-0.074313685297966,0.2514744997024536
uav_02,67.529644,1.5437804842301306,2.3611570251814684,7.809999465942383,0.9808650016784668,0.016026534140110016,-0.06956318020820618,0.1811298429965973
uav_02,67.629604,1.5341318554067098,2.4941799561554197,7.809999465942383,0.9906171560287476,0.02853544056415558,-0.06170584633946419,0.11855698376893997
uav_02,67.729564,1.5341318554067098,2.6493733754937545,7.809999465942383,0.9953809976577759,0.038986850529909134,-0.052040692418813705,0.07062914967536926
uav_02,67.829524,1.5437804842301306,2.793481550846811,7.809999465942383,0.9972463846206665,0.04529460892081261,-0.04190455377101898,0.04113467037677765
uav_02,67.929484,1.5630777405058196,2.937589726199868,7.809999465942383,0.9979380369186401,0.04635028541088104,-0.03271319717168808,0.030018864199519157
uav_02,68.029444,1.5920236242337766,3.081697901552924,7.809999465942383,0.9982097148895264,0.042301908135414124,-0.024338025599718094,0.03457699716091156
uav_02,68.129404,1.6209695079617337,3.2147208325268757,7.809999465942383,0.9979609847068787,0.03453955054283142,-0.016809746623039246,0.05097336322069168
uav_02,68.229364,1.6595640205131115,3.347743763500828,7.809999465942383,0.9967625737190247,0.024821683764457703,-0.01086901780217886,0.07569783180952072
uav_02,68.329324,1.7078071605167575,3.469681450095674,7.809999465942383,0.9942672848701477,0.015373467467725277,-0.006497160531580448,0.10561255365610123
uav_02,68.429284,1.7367530442447146,3.591619136690521,7.809999465942383,0.9904202818870544,0.007874419912695885,-0.002981695579364896,0.13782893121242523
uav_02,68.529244,1.7753475567960926,3.7024715793000897,7.819999694824219,0.9855117201805115,0.0033885205630213022,0.0006432295776903629,0.16957244277000427
uav_02,68.629204,1.8042934405240496,3.802238777530553,7.819999694824219,0.9801802039146423,0.0019700077828019857,0.0043855709955096245,0.1980496495962143
uav_02,68.729164,1.8428879530754274,3.913091220140122,7.819999694824219,0.9752558469772339,0.0027859900146722794,0.00793875940144062,0.22091905772686005
uav_02,68.829124,1.8718338368033847,3.9906879300062026,7.819999694824219,0.9714952111244202,0.004715514834970236,0.011071790009737015,0.23675349354743958
uav_02,68.929084,1.9007797205313417,4.079369883857562,7.819999694824219,0.9693261981010437,0.007955096662044525,0.01658579334616661,0.245088592171669
uav_02,69.029044,1.9393742330827195,4.1458813493445374,7.819999694824219,0.9685857892036438,0.014089193195104599,0.031765080988407135,0.24623973667621613
uav_02,69.129004,1.9586714893584087,4.201307570452408,7.819999694824219,0.9692675471305847,0.018436312675476074,0.044492609798908234,0.24124857783317566
uav_02,69.229797,1.9876173730863658,4.256733791954106,7.819999694824219,0.9713164567947388,0.01931202970445156,0.050030190497636795,0.23166421055793762
uav_02,69.329757,2.016563256814323,4.289989524697594,7.819999694824219,0.9741002321243286,0.01807105727493763,0.05137791484594345,0.2194594144821167
uav_02,69.429717,2.055157769365701,4.312160013061977,7.819999694824219,0.9766266345977783,0.017809227108955383,0.058015190064907074,0.2061978131532669
uav_02,69.529677,2.0648063968179686,4.323245257441082,7.819999694824219,0.9792032837867737,0.013714173808693886,0.058958884328603745,0.1936405897140503
uav_02,69.629637,2.093752281917078,4.312160013061977,7.819999694824219,0.9816368222236633,0.0049475450068712234,0.05296914279460907,0.18319113552570343
uav_02,69.729597,2.1226981656450357,4.301074768682872,7.819999694824219,0.9834802150726318,-0.007150882855057716,0.04307492822408676,0.17567017674446106
uav_02,69.829557,2.1323467930973035,4.278904280318488,7.819999694824219,0.9844652414321899,-0.020118463784456253,0.032672423869371414,0.17133589088916779
uav_02,69.929517,2.1419954219207242,4.256733791954106,7.819999694824219,0.9846456050872803,-0.03130543231964111,0.024236099794507027,0.170016348361969
uav_02,70.029477,2.1516440493729925,4.2345633031958965,7.819999694824219,0.9842609167098999,-0.03924183547496796,0.018389157950878143,0.17132540047168732
uav_02,70.129437,2.1419954219207242,4.201307570452408,7.819999694824219,0.9835236072540283,-0.044000543653964996,0.01525947730988264,0.1746779829263687
uav_02,70.229397,2.1323467930973035,4.179137082088025,7.819999694824219,0.9825652837753296,-0.046715158969163895,0.013962037861347198,0.17941080033779144
uav_02,70.329357,2.1226981656450357,4.156966593723642,7.819999694824219,0.9814611673355103,-0.0488666370511055,0.013763937167823315,0.18481490015983582
uav_02,70.429317,2.0841036530936576,4.123710860980154,7.819999694824219,0.9802901148796082,-0.05147890746593475,0.013847255147993565,0.19023512303829193
uav_02,70.529277,2.055157769365701,4.11262561660105,7.819999694824219,0.9791421890258789,-0.05498399958014488,0.0137485321611166,0.1951110064983368
uav_02,70.629237,2.0069146293620546,4.079369883857562,7.819999694824219,0.9781107902526855,-0.059342317283153534,0.013294960372149944,0.1990000605583191
uav_02,70.729197,1.949022860534988,4.057199395493178,7.819999694824219,0.9775476455688477,-0.06382253021001816,0.014037763699889183,0.20032517611980438
uav_02,70.829157,1.8911310930790737,4.0461141511140735,7.809999465942383,0.9784788489341736,-0.06733529269695282,0.01701575517654419,0.19430774450302124
uav_02,70.929117,1.8235906967997386,4.02394366274969,7.809999465942383,0.9818094372749329,-0.06972875446081161,0.020792420953512192,0.17537318170070648
uav_02,71.029077,1.7271044167924468,4.012858418370586,7.809999465942383,0.9870887398719788,-0.07139468193054199,0.022700542584061623,0.14157429337501526
uav_02,71.129037,1.6402667642374227,3.979602685627098,7.809999465942383,0.9926828145980835,-0.07280706614255905,0.021041348576545715,0.09400628507137299
uav_02,71.228997,1.5437804842301306,3.957432197262715,7.809999465942383,0.9965157508850098,-0.07416775077581406,0.015279009938240051,0.03495829552412033
uav_02,71.32979,1.4376455753994177,3.9463469528836095,7.809999465942383,0.9965646862983704,-0.07554715871810913,0.005688478238880634,-0.03345252946019173
uav_02,71.42975,1.321862039116437,3.913091220140122,7.809999465942383,0.9912251830101013,-0.07704837620258331,-0.006361137144267559,-0.10721790045499802
uav_02,71.52971,1.1964298753811877,3.8909207317757386,7.809999465942383,0.97956782579422,-0.07885965704917908,-0.01943114958703518,-0.18398481607437134
uav_02,71.62967,1.070997710274786,3.8687502430175287,7.809999465942383,0.9614837765693665,-0.08029887080192566,-0.03213685378432274,-0.2608989477157593
uav_02,71.72963,0.9262682902638479,3.846579754653146,7.809999465942383,0.9377270340919495,-0.08039091527462006,-0.0434039942920208,-0.3351438343524933
uav_02,71.82959,0.7815388702529098,3.835494510274041,7.809999465942383,0.9098060727119446,-0.07812383025884628,-0.05255709961056709,-0.40421199798583984
uav_02,71.92955,0.627160821418551,3.824409266288763,7.809999465942383,0.8795233964920044,-0.07335838675498962,-0.059297047555446625,-0.4664129316806793
uav_02,72.02951,0.46313414513192397,3.824409266288763,7.809999465942383,0.8484731316566467,-0.06727437674999237,-0.06380199640989304,-0.5210535526275635
uav_02,72.12947,0.29910746884529693,3.824409266288763,7.809999465942383,0.8177927732467651,-0.061407968401908875,-0.06666833162307739,-0.5683303475379944
uav_02,72.22943,0.11578353628298099,3.824409266288763,7.809999465942383,0.7881035208702087,-0.056652460247278214,-0.06811662018299103,-0.6091333627700806
uav_02,72.32939,-0.06754039627933495,3.835494510274041,7.809999465942383,0.759501039981842,-0.053465086966753006,-0.06864684820175171,-0.6446605920791626
uav_02,72.42935,-0.2605129562939191,3.835494510274041,7.809999465942383,0.7327839732170105,-0.05076064541935921,-0.07028231769800186,-0.6749157905578613
uav_02,72.52931,-0.4534855176796557,3.846579754653146,7.809999465942383,0.7103700041770935,-0.047911304980516434,-0.07336355000734329,-0.6983529329299927
uav_02,72.62927,-0.6464580776942398,3.8687502430175287,7.809999465942383,0.6944254636764526,-0.04527781158685684,-0.07675454765558243,-0.7140251398086548
uav_02,72.72923,-0.8490792665322447,3.879835487396634,7.809999465942383,0.685791015625,-0.04357265308499336,-0.07891722768545151,-0.7221940159797668
uav_02,72.82919,-1.0517004553702496,3.913091220140122,7.809999465942383,0.6840603351593018,-0.04337901622056961,-0.07879200577735901,-0.7238587737083435
uav_02,72.92915,-1.254321642837102,3.9241764645192263,7.809999465942383,0.6879783868789673,-0.0452122800052166,-0.07627797871828079,-0.7202938795089722
uav_02,73.02911,-1.4569428316751065,3.957432197262715,7.819999694824219,0.6959073543548584,-0.04908591881394386,-0.07218672335147858,-0.7128061056137085
uav_02,73.12907,-1.6885099042410687,3.979602685627098,7.819999694824219,0.7061144113540649,-0.0545395202934742,-0.06733386218547821,-0.7027759552001953
uav_02,73.22903,-1.9007797205313417,4.012858418370586,7.819999694824219,0.7169280052185059,-0.060495711863040924,-0.06246908754110336,-0.6917023658752441
uav_02,73.32899,-2.1226981656450357,4.0461141511140735,7.819999694824219,0.7268588542938232,-0.06572306901216507,-0.058266911655664444,-0.6811473369598389
uav_02,73.429783,-2.3349679819353084,4.057199395493178,7.819999694824219,0.7348595857620239,-0.06930507719516754,-0.054931554943323135,-0.6724289655685425
uav_02,73.529743,-2.5761836833246914,4.079369883857562,7.819999694824219,0.7401526570320129,-0.07049641013145447,-0.052208688110113144,-0.6666922569274902
uav_02,73.629703,-2.807750755890653,4.11262561660105,7.819999694824219,0.7425665855407715,-0.06928283721208572,-0.0498628169298172,-0.6643105149269104
uav_02,73.729663,-3.0393178284566154,4.11262561660105,7.819999694824219,0.7422016263008118,-0.06581494212150574,-0.047810427844524384,-0.6652212142944336
uav_02,73.829623,-3.2708849010225767,4.123710860980154,7.819999694824219,0.7393978834152222,-0.060867056250572205,-0.04605196788907051,-0.6689284443855286
uav_02,73.929583,-3.5024519735885393,4.1458813493445374,7.819999694824219,0.7347041964530945,-0.055245351046323776,-0.04471409320831299,-0.6746542453765869
uav_02,74.029543,-3.734019046154501,4.1458813493445374,7.819999694824219,0.7288082242012024,-0.04960760474205017,-0.04353984072804451,-0.6815291047096252
uav_02,74.129503,-3.955937489897043,4.156966593723642,7.819999694824219,0.7224578261375427,-0.0442381352186203,-0.042111512273550034,-0.6887120604515076
uav_02,74.229463,-4.187504562463004,4.179137082088025,7.819999694824219,0.7163615226745605,-0.039296213537454605,-0.04009053111076355,-0.6954672336578369
uav_02,74.329423,-4.409423007576698,4.179137082088025,7.819999694824219,0.7111183404922485,-0.03464128449559212,-0.03721718117594719,-0.7012314796447754
uav_02,74.429383,-4.621692823866971,4.179137082088025,7.819999694824219,0.7071419954299927,-0.03020649217069149,-0.033462729305028915,-0.7056330442428589
uav_02,74.529343,-4.843611268980665,4.19022232646713,7.819999694824219,0.7046541571617126,-0.025453461334109306,-0.028463153168559074,-0.7085227370262146
uav_02,74.629303,-5.036583828995249,4.201307570452408,7.819999694824219,0.7036812901496887,-0.02048950083553791,-0.02246212773025036,-0.7098649740219116
uav_02,74.729263,-5.2488536452855215,4.212392814831513,7.819999694824219,0.7041152715682983,-0.015403981320559978,-0.0158856138586998,-0.7097408175468445
uav_02,74.829223,-5.441826206671259,4.212392814831513,7.819999694824219,0.7056846022605896,-0.010501163080334663,-0.009434404782950878,-0.7083854675292969
uav_02,74.929183,-5.615501510410154,4.223478059210618,7.819999694824219,0.7080403566360474,-0.005630711559206247,-0.003380952635779977,-0.7061414122581482
uav_02,75.029143,-5.789176815520202,4.223478059210618,7.819999694824219,0.7107982635498047,-0.000543927657417953,0.002476787194609642,-0.7033913135528564
uav_02,75.129103,-5.953203491806829,4.2345633031958965,7.819999694824219,0.7135789394378662,0.005043906159698963,0.008352311328053474,-0.700506865978241
uav_02,75.229063,-6.097932911817767,4.2345633031958965,7.819999694824219,0.716069221496582,0.01087364461272955,0.01401980035007,-0.6978037357330322
uav_02,75.329023,-6.233013704376437,4.2456485475750005,7.819999694824219,0.718054473400116,0.016035884618759155,0.018836138769984245,-0.6955471038818359
uav_02,75.429816,-6.358445868111685,4.2456485475750005,7.819999694824219,0.7194380760192871,0.019829118624329567,0.021848687902092934,-0.6939295530319214
uav_02,75.529776,-6.464580776942399,4.2456485475750005,7.819999694824219,0.7201747298240662,0.021970154717564583,0.023108704015612602,-0.6930596232414246
uav_02,75.629736,-6.561067056949691,4.2456485475750005,7.819999694824219,0.7203230857849121,0.02259018085896969,0.023352324962615967,-0.6928772926330566
uav_02,75.729696,-6.647904709504715,4.2456485475750005,7.819999694824219,0.7199605107307434,0.022176239639520645,0.02327474020421505,-0.6932700872421265
uav_02,75.829656,-6.71544510578405,4.2456485475750005,7.819999694824219,0.7189187407493591,0.02912221848964691,0.030630216002464294,-0.6938080191612244
uav_02,75.929616,-6.782985502063385,4.256733791954106,7.819999694824219,0.71703040599823,0.04467512667179108,0.04677857086062431,-0.6940340995788574
uav_02,76.029576,-6.82158001324361,4.256733791954106,7.809999465942383,0.7151060700416565,0.05518674850463867,0.057686761021614075,-0.6944422125816345
uav_02,76.129536,-6.8505258983427195,4.256733791954106,7.809999465942383,0.7138709425926208,0.05679463967680931,0.05939680337905884,-0.6954384446144104
uav_02,76.229496,-6.860174525794987,4.2456485475750005,7.809999465942383,0.7132323384284973,0.05304194986820221,0.05579369142651558,-0.6966873407363892
uav_02,76.329456,-6.8505258983427195,4.2456485475750005,7.809999465942383,0.7123558521270752,0.05504389852285385,0.05796938017010689,-0.6972509026527405
uav_02,76.429416,-6.83122864206703,4.2456485475750005,7.809999465942383,0.712081253528595,0.052925702184438705,0.05396952107548714,-0.6980161070823669
uav_02,76.529376,-6.792634129515653,4.2456485475750005,7.809999465942383,0.7123342156410217,0.04677785187959671,0.0424385741353035,-0.6989926695823669
uav_02,76.629336,-6.744390989512007,4.2456485475750005,7.809999465942383,0.7127377986907959,0.039495278149843216,0.026189476251602173,-0.6998278498649597
uav_02,76.729296,-6.69614784950836,4.2456485475750005,7.809999465942383,0.713067889213562,0.03404075279831886,0.008797400631010532,-0.700212836265564
uav_02,76.829256,-6.647904709504715,4.256733791954106,7.819999694824219,0.7133385539054871,0.03185310959815979,-0.0068224589340388775,-0.700062096118927
uav_02,76.929216,-6.5900129406776475,4.256733791954106,7.819999694824219,0.7136788368225098,0.03239705413579941,-0.018930407240986824,-0.6994673609733582
uav_02,77.029176,-6.541769800674002,4.278904280318488,7.819999694824219,0.7141448259353638,0.03417512774467468,-0.02722444385290146,-0.6986330151557922
uav_02,77.129136,-6.493526660670356,4.301074768682872,7.819999694824219,0.7147058248519897,0.035825710743665695,-0.032388247549533844,-0.6977558135986328
uav_02,77.229096,-6.4452835206667105,4.33433050142636,7.819999694824219,0.7152489423751831,0.03697668015956879,-0.03597619757056236,-0.6969630122184753
uav_02,77.329056,-6.397040380663063,4.367586234169847,7.819999694824219,0.7156738042831421,0.037582721561193466,-0.039339687675237656,-0.6963123679161072
uav_02,77.429016,-6.358445868111685,4.411927211292441,7.819999694824219,0.7159144282341003,0.037825535982847214,-0.04332466796040535,-0.6958151459693909
uav_02,77.529809,-6.31985135693146,4.467353432400311,7.819999694824219,0.7162846922874451,0.0385817252099514,-0.04745650663971901,-0.6951226592063904
uav_02,77.629769,-6.281256844380082,4.533864897887287,7.819999694824219,0.7191653251647949,0.041093602776527405,-0.05006282776594162,-0.6918137073516846
uav_02,77.729729,-6.252310960652125,4.611461607753368,7.819999694824219,0.728640615940094,0.045233067125082016,-0.05085175484418869,-0.681506335735321
uav_02,77.829689,-6.213716448100747,4.689058317619449,7.819999694824219,0.7471306324005127,0.04880037531256676,-0.05134451016783714,-0.6608918905258179
uav_02,77.929649,-6.19441919182506,4.788825515849912,7.819999694824219,0.7738470435142517,0.049855295568704605,-0.05281609296798706,-0.629194438457489
uav_02,78.029609,-6.165473308097102,4.8664222257159935,7.809999465942383,0.8063623905181885,0.04743263125419617,-0.05583115294575691,-0.5868668556213379
uav_02,78.129569,-6.146176051821413,4.988359912310839,7.809999465942383,0.841715931892395,0.0417790412902832,-0.0605129599571228,-0.5348896980285645
uav_02,78.229529,-6.117230168093456,5.088127110541303,7.809999465942383,0.8770309090614319,0.033605899661779404,-0.06626886129379272,-0.4746533930301666
uav_02,78.329489,-6.097932911817767,5.21006479713615,7.809999465942383,0.909891664981842,0.02350306324660778,-0.07147910445928574,-0.40796512365341187
uav_02,78.429449,-6.078635655542078,5.332002484124824,7.809999465942383,0.9384816884994507,0.012115813791751862,-0.07425519078969955,-0.3370334208011627
uav_02,78.529409,-6.05933839926639,5.465025415098775,7.809999465942383,0.9615846872329712,0.000329384085489437,-0.073752261698246,-0.2644152045249939
uav_02,78.629369,-6.049689771814121,5.598048346072727,7.809999465942383,0.9786546230316162,-0.011193081736564636,-0.06989043205976486,-0.19293828308582306
uav_02,78.729329,-6.030392515538432,5.742156521425783,7.809999465942383,0.9896484613418579,-0.022966602817177773,-0.06297416239976883,-0.12689650058746338
uav_02,78.829289,-6.030392515538432,5.875179452399736,7.809999465942383,0.9953095316886902,-0.03366738185286522,-0.053957778960466385,-0.07289709150791168
uav_02,78.929249,-6.049689771814121,6.019287627358965,7.809999465942383,0.9975423812866211,-0.04075726866722107,-0.04416675493121147,-0.03601923584938049
uav_02,79.029209,-6.05933839926639,6.163395802712021,7.809999465942383,0.9983343482017517,-0.042699482291936874,-0.0346478670835495,-0.017458342015743256
uav_02,79.129169,-6.088284284365498,6.2964187336859725,7.809999465942383,0.9987579584121704,-0.03965197131037712,-0.02592642977833748,-0.01542867161333561
uav_02,79.229129,-6.117230168093456,6.440526909039029,7.809999465942383,0.9989317059516907,-0.03328384831547737,-0.017932642251253128,-0.026570875197649002
uav_02,79.329089,-6.146176051821413,6.573549840012981,7.809999465942383,0.998494029045105,-0.02505265176296234,-0.011420623399317265,-0.04745089262723923
uav_02,79.429049,-6.18477056437279,6.706572770986933,7.809999465942383,0.9970305562019348,-0.016744693741202354,-0.0067929537035524845,-0.07485716044902802
uav_02,79.529009,-6.213716448100747,6.806339969217397,7.809999465942383,0.9943305253982544,-0.009776889346539974,-0.0035566880833357573,-0.1058233305811882
uav_02,79.629802,-6.252310960652125,6.9171924118269645,7.819999694824219,0.990447998046875,-0.004768104292452335,-0.0005986467585898936,-0.13780300319194794
uav_02,79.729762,-6.290905471832351,7.028044854042707,7.819999694824219,0.9858785271644592,-0.0020865113474428654,0.002693133894354105,-0.16742748022079468
uav_02,79.829722,-6.3294999843837285,7.1167268082878925,7.819999694824219,0.9813045859336853,-0.001615165383554995,0.006178839597851038,-0.19235529005527496
uav_02,79.929682,-6.358445868111685,7.205408762139252,7.819999694824219,0.977481484413147,-0.0028117543552070856,0.009579583071172237,-0.21078476309776306
uav_02,80.029642,-6.387391753210796,7.294090716384437,7.819999694824219,0.974980354309082,-0.004566673655062914,0.012540919706225395,-0.22189007699489594
uav_02,80.129602,-6.416337636938754,7.360602181871413,7.819999694824219,0.9740446209907532,-0.006036672275513411,0.015241202898323536,-0.22576159238815308
uav_02,80.229562,-6.435634893214441,7.4271136473583885,7.819999694824219,0.9742869734764099,-0.009425465948879719,0.029565490782260895,-0.22316350042819977
uav_02,80.329522,-6.464580776942399,7.48253986846626,7.819999694824219,0.9754900336265564,-0.012560117058455944,0.0433538481593132,-0.21536444127559662
uav_02,80.429482,-6.493526660670356,7.5268808455888525,7.819999694824219,0.97757488489151,-0.013660471886396408,0.05000501498579979,-0.20410828292369843
uav_02,80.529442,-6.512823916946045,7.560136578332341,7.819999694824219,0.9802412390708923,-0.012137535959482193,0.048912886530160904,-0.19127805531024933
uav_02,80.629402,-6.532121173221734,7.582307066696724,7.819999694824219,0.9826145768165588,-0.010637841187417507,0.050079595297575,-0.17845848202705383
uav_02,80.729362,-6.551418429497423,7.593392311075828,7.819999694824219,0.9844813346862793,-0.008092185482382774,0.05316609889268875,-0.16704601049423218
uav_02,80.829322,-6.561067056949691,7.582307066696724,7.819999694824219,0.9861160516738892,-0.002479449613019824,0.05051973834633827,-0.15816663205623627
uav_02,80.929282,-6.5900129406776475,7.571221822317619,7.819999694824219,0.9873627424240112,0.005959499627351761,0.04294878989458084,-0.15242913365364075
uav_02,81.029242,-6.609310196953337,7.560136578332341,7.819999694824219,0.988011360168457,0.01586470752954483,0.033251333981752396,-0.1499204784631729
uav_02,81.129202,-6.618958825776757,7.549051333953235,7.819999694824219,0.9880067706108093,0.025906741619110107,0.024010343477129936,-0.15031637251377106
uav_02,81.229162,-6.618958825776757,7.5157956012097475,7.819999694824219,0.9874669313430786,0.03476041182875633,0.016945701092481613,-0.15301504731178284
uav_02,81.329122,-6.609310196953337,7.48253986846626,7.819999694824219,0.9865960478782654,0.041495807468891144,0.012710612267255783,-0.1573048233985901
uav_02,81.429082,-6.599661569501069,7.460369380101877,7.819999694824219,0.9855822920799255,0.045965831726789474,0.011017652228474617,-0.1624603271484375
uav_02,81.529042,-6.58036431322538,7.4271136473583885,7.819999694824219,0.9845355749130249,0.04907378554344177,0.010915021412074566,-0.16781647503376007
uav_02,81.629002,-6.551418429497423,7.416028402979284,7.819999694824219,0.9835362434387207,0.05160841345787048,0.011307141743600368,-0.1728152632713318
uav_02,81.729795,-6.512823916946045,7.382772670235797,7.819999694824219,0.9826272130012512,0.05444742739200592,0.011488075368106365,-0.1770515739917755
uav_02,81.829755,-6.464580776942399,7.360602181871413,7.819999694824219,0.9818687438964844,0.057917945086956024,0.01121820043772459,-0.18014848232269287
uav_02,81.929715,-6.416337636938754,7.349516937492308,7.819999694824219,0.9814186692237854,0.06195351853966713,0.011547778733074665,-0.1812339425086975
uav_02,82.029675,-6.348797240659417,7.3273464491279245,7.819999694824219,0.9820461273193359,0.06559732556343079,0.014016893692314625,-0.1763119250535965
uav_02,82.129635,-6.281256844380082,7.31626120474882,7.819999694824219,0.9846353530883789,0.06849150359630585,0.01763222925364971,-0.15965956449508667
uav_02,82.229595,-6.19441919182506,7.294090716384437,7.819999694824219,0.9890153408050537,0.07048361003398895,0.019556457176804543,-0.1284455806016922
uav_02,82.329555,-6.097932911817767,7.283005472005333,7.809999465942383,0.9937651753425598,0.07184281200170517,0.01816633529961109,-0.08330327272415161
uav_02,82.429515,-6.011095259262743,7.249749739261844,7.809999465942383,0.9969074726104736,0.0728875920176506,0.012987516820430756,-0.026347681879997253
uav_02,82.529475,-5.904960351803182,7.2275792508974614,7.809999465942383,0.9964579343795776,0.07396022975444794,0.004430849105119705,0.03977252542972565
uav_02,82.629435,-5.789176815520202,7.205408762139252,7.809999465942383,0.9907901287078857,0.07551003992557526,-0.006453054491430521,0.11221186816692352
uav_02,82.729395,-5.67339327923722,7.183238273774869,7.809999465942383,0.9789220094680786,0.07742965221405029,-0.018583549186587334,0.18807163834571838
uav_02,82.829355,-5.53831248667855,7.172153029395764,7.819999694824219,0.9606489539146423,0.07904505729675293,-0.0307448860257864,0.26449987292289734
uav_02,82.929315,-5.4032316941198815,7.14998254103138,7.819999694824219,0.936591625213623,0.07947616279125214,-0.04204080253839493,0.33869194984436035
uav_02,83.029275,-5.2585022741089436,7.138897296652275,7.819999694824219,0.9081594944000244,0.07769156247377396,-0.051709435880184174,0.4080887734889984
uav_02,83.129235,-5.1041242252745835,7.138897296652275,7.819999694824219,0.8771374225616455,0.07335136085748672,-0.05931698903441429,0.47088325023651123
uav_02,83.229195,-4.949746176440225,7.127812052273171,7.819999694824219,0.8452222347259521,0.06698085367679596,-0.06458135694265366,0.5262529253959656
uav_02,83.329155,-4.77607087270133,7.127812052273171,7.819999694824219,0.8136162757873535,0.06047312542796135,-0.06757456809282303,0.5742867588996887
uav_02,83.429115,-4.602395567591282,7.138897296652275,7.819999694824219,0.7829757928848267,0.05535989999771118,-0.06882832199335098,0.6157490015029907
uav_02,83.529075,-4.428720263852387,7.138897296652275,7.819999694824219,0.7536834478378296,0.05158427730202675,-0.06981461495161057,0.6514800190925598
uav_02,83.629035,-4.23574770246665,7.14998254103138,7.819999694824219,0.727435827255249,0.047778625041246414,-0.07200348377227783,0.6807127594947815
uav_02,83.728995,-4.042775142452066,7.161067785410486,7.819999694824219,0.7068402171134949,0.044126395136117935,-0.07509200274944305,0.7019906640052795
uav_02,83.829788,-3.8594512098897504,7.183238273774869,7.819999694824219,0.6934835910797119,0.041466906666755676,-0.07763886451721191,0.715075671672821
uav_02,83.929748,-3.6568300210517455,7.205408762139252,7.819999694824219,0.6878107786178589,0.040662795305252075,-0.07853113114833832,0.7204829454421997
uav_02,84.029708,-3.4542088335848935,7.2275792508974614,7.819999694824219,0.6888177990913391,0.04193580523133278,-0.07738856226205826,0.719571053981781
uav_02,84.129668,-3.2515876447468886,7.249749739261844,7.819999694824219,0.6949867010116577,0.04539699852466583,-0.07445599138736725,0.7137148380279541
uav_02,84.229628,-3.0393178284566154,7.283005472005333,7.819999694824219,0.7045653462409973,0.050577908754348755,-0.07018493115901947,0.704346239566803
uav_02,84.329588,-2.83669663961861,7.31626120474882,7.819999694824219,0.7157955169677734,0.056556347757577896,-0.06535555422306061,0.6929407119750977
uav_02,84.429548,-2.6147781945049164,7.349516937492308,7.819999694824219,0.7269971370697021,0.062290873378515244,-0.060627080500125885,0.6811162233352661
uav_02,84.529508,-2.4025083782146432,7.382772670235797,7.819999694824219,0.7367417216300964,0.06690134853124619,-0.05655595660209656,0.670475423336029
uav_02,84.629468,-2.1805899331009497,7.3938579146149,7.819999694824219,0.7440553903579712,0.06969499588012695,-0.05348661169409752,0.6623166799545288
uav_02,84.729428,-1.9586714893584087,7.416028402979284,7.819999694824219,0.748435378074646,0.07028347998857498,-0.051095716655254364,0.657490611076355
uav_02,84.829388,-1.7271044167924468,7.449284135722772,7.819999694824219,0.7498005032539368,0.06851159036159515,-0.0493018664419651,0.6562580466270447
uav_02,84.929348,-1.5051859716787526,7.449284135722772,7.819999694824219,0.7483640909194946,0.06487677991390228,-0.04802476987242699,0.6583583950996399
uav_02,85.029308,-1.2736188991127908,7.48253986846626,7.819999694824219,0.7445836067199707,0.059995122253894806,-0.047182440757751465,0.6631512641906738
uav_02,85.129268,-1.0420518265468288,7.48253986846626,7.819999694824219,0.7390958666801453,0.054621078073978424,-0.046421222388744354,0.6697753071784973
uav_02,85.229228,-0.8104847539808668,7.493625112845364,7.819999694824219,0.7326506972312927,0.049320101737976074,-0.04549676552414894,0.6772891283035278
uav_02,85.329188,-0.5789176814149049,7.5157956012097475,7.819999694824219,0.7260355949401855,0.044217903167009354,-0.04411570355296135,0.6848145127296448
uav_02,85.429148,-0.36664786512463193,7.5157956012097475,7.819999694824219,0.7199689149856567,0.03923261538147926,-0.04191294312477112,0.6916276812553406
uav_02,85.529108,-0.1447294200109381,7.5268808455888525,7.819999694824219,0.7150073051452637,0.03439388424158096,-0.03887825831770897,0.6971873044967651
uav_02,85.629068,0.06754039627933495,7.549051333953235,7.819999694824219,0.7114834189414978,0.030064327642321587,-0.03512135520577431,0.7011804580688477
uav_02,85.729028,0.27981021256960803,7.549051333953235,7.819999694824219,0.7095615267753601,0.025489041581749916,-0.030176442116498947,0.7035354375839233
uav_02,85.828988,0.4920800288598811,7.549051333953235,7.819999694824219,0.7091818451881409,0.02037435583770275,-0.024185877293348312,0.7043160200119019
uav_02,85.929781,0.6850525902456177,7.560136578332341,7.819999694824219,0.7101528644561768,0.015376868657767773,-0.017818326130509377,0.7036539912223816
uav_02,86.029741,0.8780251502602019,7.571221822317619,7.819999694824219,0.7121493816375732,0.010783999226987362,-0.01167308073490858,0.7018480896949768
uav_02,86.129701,1.0613490828225178,7.582307066696724,7.819999694824219,0.7147942185401917,0.006479280069470406,-0.005892397370189428,0.6992800235748291
uav_02,86.229661,1.2446730153848338,7.593392311075828,7.819999694824219,0.7176994681358337,0.0021344192791730165,-0.0004051222058478743,0.696349561214447
uav_02,86.329621,1.389402435395772,7.604477555061106,7.819999694824219,0.7205001711845398,-0.0027094492688775063,0.00502463523298502,0.6934312582015991
uav_02,86.429581,1.5437804842301306,7.604477555061106,7.819999694824219,0.7229023575782776,-0.008119509555399418,0.010495545342564583,0.6908227801322937
uav_02,86.529541,1.6788612767888005,7.615562799440211,7.819999694824219,0.7247161865234375,-0.013335119932889938,0.015499026514589787,0.6887441277503967
uav_02,86.629501,1.8042934405240496,7.615562799440211,7.819999694824219,0.7258558869361877,-0.017715997993946075,0.019109750166535378,0.6873530149459839
uav_02,86.729461,1.9200769768070305,7.6266480438193165,7.819999694824219,0.7263361811637878,-0.020654670894145966,0.021217655390501022,0.6867014765739441
uav_02,86.829421,2.016563256814323,7.6266480438193165,7.819999694824219,0.7262395620346069,-0.02192889153957367,0.021931029856204987,0.6867417097091675
uav_02,86.929381,2.1034009093693466,7.6266480438193165,7.819999694824219,0.7256659269332886,-0.02202845737338066,0.021757744252681732,0.6873502135276794
uav_02,87.029341,2.1805899331009497,7.637733287804594,7.819999694824219,0.7247311472892761,-0.022006601095199585,0.021711118519306183,0.6883379220962524
uav_02,87.129301,2.248130329380285,7.637733287804594,7.819999694824219,0.7230285406112671,-0.03509887307882309,0.035233259201049805,0.6890257000923157
uav_02,87.229261,2.296373469383931,7.637733287804594,7.809999465942383,0.7209773063659668,-0.04876403138041496,0.04935856908559799,0.6894762516021729
uav_02,87.329221,2.3253193544830406,7.637733287804594,7.809999465942383,0.7193681597709656,-0.055104438215494156,0.05602109804749489,0.6901699304580688
uav_02,87.429181,2.3542652382109974,7.637733287804594,7.809999465942383,0.7186082601547241,-0.052956175059080124,0.053961336612701416,0.691292941570282
uav_02,87.529141,2.3542652382109974,7.637733287804594,7.809999465942383,0.7180339097976685,-0.05173422396183014,0.05289296805858612,0.6920644640922546
uav_02,87.629101,2.3349679819353084,7.637733287804594,7.809999465942383,0.717610776424408,-0.052407726645469666,0.05310960114002228,0.6924359798431396
uav_02,87.729061,2.3060220982073516,7.637733287804594,7.809999465942383,0.7178006768226624,-0.04861202463507652,0.04630284011363983,0.6930044293403625
uav_02,87.829021,2.2770762144793943,7.637733287804594,7.809999465942383,0.7183235287666321,-0.04217253997921944,0.03300320729613304,0.6936451196670532
uav_02,87.929814,2.2384817019280163,7.648818532183699,7.809999465942383,0.7188371419906616,-0.03614174202084541,0.01625136472284794,0.6940481662750244
uav_02,88.029774,2.1805899331009497,7.648818532183699,7.809999465942383,0.7192196846008301,-0.03263867273926735,-0.0005120010464452207,0.6940155029296875
uav_02,88.129734,2.1323467930973035,7.659903776562804,7.809999465942383,0.7195391058921814,-0.03201829642057419,-0.014993328601121902,0.6935513615608215
uav_02,88.229694,2.0841036530936576,7.670989020548082,7.809999465942383,0.7199200391769409,-0.03344937786459923,-0.02561001665890217,0.6927772760391235
uav_02,88.329654,2.035860513090012,7.693159509306292,7.809999465942383,0.7203914523124695,-0.035425975918769836,-0.03225431218743324,0.691910982131958
uav_02,88.429614,1.9876173730863658,7.715329997670675,7.809999465942383,0.7208868861198425,-0.036984883248806,-0.03639032319188118,0.6911078095436096
uav_02,88.529574,1.949022860534988,7.759670974793268,7.809999465942383,0.7212918996810913,-0.03788456320762634,-0.03954823687672615,0.6904626488685608
uav_02,88.629534,1.9104283493547625,7.804011951522033,7.809999465942383,0.7215468883514404,-0.03827811777591705,-0.04271269217133522,0.6899858713150024
uav_02,88.729494,1.8718338368033847,7.848352928644627,7.809999465942383,0.7216184735298157,-0.03844461962580681,-0.04652075096964836,0.6896554827690125
uav_02,88.829454,1.8332393242520069,7.914864394131603,7.809999465942383,0.7222397327423096,-0.039703261107206345,-0.0500565767288208,0.6886855363845825
uav_02,88.929414,1.8042934405240496,7.981375859618578,7.809999465942383,0.7265007495880127,-0.04288875684142113,-0.052033714950084686,0.6838492155075073
uav_02,89.029374,1.7753475567960926,8.05897256948466,7.799999237060547,0.7383683323860168,-0.04706912860274315,-0.05283546820282936,0.6706751585006714
uav_02,89.129334,1.7464016730681353,8.158739767715124,7.799999237060547,0.7592357993125916,-0.050031233578920364,-0.053705062717199326,0.64666348695755
uav_02,89.229294,1.7271044167924468,8.258506965945585,7.799999237060547,0.7876712679862976,-0.050226353108882904,-0.05553609877824783,0.6115284562110901
uav_02,89.329254,1.7078071605167575,8.35827416417605,7.799999237060547,0.8209982514381409,-0.046999700367450714,-0.05886342003941536,0.5659399032592773
uav_02,89.429214,1.6788612767888005,8.458041362406513,7.799999237060547,0.8562289476394653,-0.04066140949726105,-0.06370511651039124,0.5110384821891785
uav_02,89.529174,1.6595640205131115,8.579979049001361,7.799999237060547,0.8905890583992004,-0.03183514624834061,-0.06931133568286896,0.4483676850795746
uav_02,89.629134,1.6402667642374227,8.701916735990034,7.799999237060547,0.921829104423523,-0.02105398289859295,-0.07402563840150833,0.3798789381980896
uav_02,89.729094,1.6209695079617337,8.834939666963985,7.799999237060547,0.948314368724823,-0.009108727797865868,-0.07625283300876617,0.30789998173713684
uav_02,89.829054,1.6016722516860449,8.967962597937937,7.799999237060547,0.9690643548965454,0.003028943669050932,-0.07508154213428497,0.23509106040000916
uav_02,89.929014,1.5920236242337766,9.112070773290993,7.799999237060547,0.9837272763252258,0.015142517164349556,-0.07028535008430481,0.16465508937835693
uav_02,90.029807,1.5920236242337766,9.267264192629328,7.799999237060547,0.9924877882003784,0.027359236031770706,-0.06221870705485344,0.10172644257545471
uav_02,90.129767,1.6016722516860449,9.411372367982384,7.799999237060547,0.9964691996574402,0.037534184753894806,-0.05215691030025482,0.0540371872484684
uav_02,90.229727,1.6113208805094654,9.56656578732072,7.799999237060547,0.9978774785995483,0.043420325964689255,-0.041870296001434326,0.024537041783332825
uav_02,90.329687,1.6306181367851544,9.710673962673775,7.790000915527344,0.9984158277511597,0.04382761940360069,-0.032784778624773026,0.01304548792541027
uav_02,90.429647,1.649915391689691,9.854782138026833,7.790000915527344,0.9987844824790955,0.039201200008392334,-0.02467239834368229,0.016853949055075645
uav_02,90.529607,1.6885099042410687,9.987805069000784,7.790000915527344,0.9988397359848022,0.031142905354499817,-0.017194706946611404,0.03245940059423447
uav_02,90.629567,1.7174557879690258,10.131913243960014,7.790000915527344,0.9981098175048828,0.02151886187493801,-0.011071940883994102,0.056490734219551086
uav_02,90.729527,1.7560503005204038,10.253850930948687,7.790000915527344,0.9962103366851807,0.012548194266855717,-0.0061583248898386955,0.08584648370742798
uav_02,90.829487,1.7946448130717816,10.375788617543535,7.790000915527344,0.9930403232574463,0.005483913701027632,-0.0017366610700264573,0.11763442307710648
uav_02,90.929447,1.8332393242520069,10.486641060153103,7.790000915527344,0.988825261592865,0.0011972810607403517,0.002505027921870351,0.1490531712770462
uav_02,91.029407,1.8718338368033847,10.597493502762672,7.799999237060547,0.9841392040252686,-0.00030668589170090854,0.006355753168463707,0.17728382349014282
uav_02,91.129367,1.9007797205313417,10.68617545661403,7.799999237060547,0.9797503352165222,0.0003886961785610765,0.00977820809930563,0.1999838799238205
uav_02,91.229327,1.9393742330827195,10.785942654844494,7.799999237060547,0.9763727188110352,0.0023479508236050606,0.012463630177080631,0.21572090685367584
uav_02,91.329287,1.9586714893584087,10.863539364710574,7.799999237060547,0.9744620323181152,0.004382737912237644,0.014446803368628025,0.22404412925243378
uav_02,91.429247,1.9876173730863658,10.93005083019755,7.799999237060547,0.9741329550743103,0.00578657491132617,0.015686707571148872,0.22535623610019684
uav_02,91.529207,2.0069146293620546,10.996562295684527,7.799999237060547,0.9751753807067871,0.006185500882565975,0.016662299633026123,0.22071947157382965
uav_02,91.629167,2.035860513090012,11.051988516792397,7.799999237060547,0.9769725203514099,0.00797420646995306,0.02631481923162937,0.2115861028432846
uav_02,91.729127,2.055157769365701,11.10741473790027,7.799999237060547,0.9789651036262512,0.010017625987529755,0.04124944284558296,0.1995631903409958
uav_02,91.829087,2.0744550256413894,11.140670470643755,7.799999237060547,0.9811194539070129,0.010351517237722874,0.05048026889562607,0.18641145527362823
uav_02,91.929047,2.1034009093693466,11.162840959401967,7.799999237060547,0.9833924770355225,0.008720362558960915,0.05147562175989151,0.17382022738456726
uav_02,92.029007,2.1226981656450357,11.18501144776635,7.799999237060547,0.9855136275291443,0.005824902094900608,0.046143077313899994,0.16309434175491333
uav_02,92.1298,2.1323467930973035,11.18501144776635,7.799999237060547,0.9867483377456665,0.003468051552772522,0.04800703376531601,0.15495474636554718
uav_02,92.22976,2.1516440493729925,11.18501144776635,7.799999237060547,0.9875295758247375,-9.286021668231115e-05,0.047651901841163635,0.15004870295524597
uav_02,92.32972,2.1709413056486815,11.162840959401967,7.799999237060547,0.9879937171936035,-0.0056497869081795216,0.04263153672218323,0.14838795363903046
uav_02,92.42968,2.1709413056486815,11.140670470643755,7.799999237060547,0.9880543947219849,-0.012842598371207714,0.03456044942140579,0.14963029325008392
uav_02,92.52964,2.1805899331009497,11.118499982279374,7.799999237060547,0.9876366853713989,-0.020917469635605812,0.02622750587761402,0.15312863886356354
uav_02,92.6296,2.1805899331009497,11.096329493914991,7.799999237060547,0.9867977499961853,-0.029289664700627327,0.019563008099794388,0.15808090567588806
uav_02,92.72956,2.1709413056486815,11.063073761171502,7.799999237060547,0.9856992363929749,-0.037050649523735046,0.015457049943506718,0.16366219520568848
uav_02,92.82952,2.1709413056486815,11.029818028428014,7.799999237060547,0.9845430850982666,-0.043337393552064896,0.013346006162464619,0.16917048394680023
uav_02,92.92948,2.1419954219207242,11.007647539669804,7.799999237060547,0.9834863543510437,-0.04801350086927414,0.012537963688373566,0.17404627799987793
uav_02,93.02944,2.1226981656450357,10.974391806926317,7.799999237060547,0.9826187491416931,-0.05158231779932976,0.012220100499689579,0.17790544033050537
uav_02,93.1294,2.0744550256413894,10.952221318561934,7.799999237060547,0.9819643497467041,-0.054899245500564575,0.011763500981032848,0.18053725361824036
uav_02,93.22936,2.0262118856377436,10.93005083019755,7.799999237060547,0.9815147519111633,-0.058534178882837296,0.01099366694688797,0.18188367784023285
uav_02,93.32932,1.9779687456340975,10.918965585818446,7.799999237060547,0.9812644720077515,-0.06253539025783539,0.010102667845785618,0.18195410072803497
uav_02,93.42928,1.9104283493547625,10.885709853074959,7.799999237060547,0.9815100431442261,-0.06632628291845322,0.01067432202398777,0.1792343109846115
uav_02,93.52924,1.8428879530754274,10.863539364710574,7.799999237060547,0.9831077456474304,-0.06920534372329712,0.013646780513226986,0.1688891053199768
uav_02,93.6292,1.7656989279726718,10.852454120331469,7.799999237060547,0.9865912199020386,-0.07134145498275757,0.017134912312030792,0.14578939974308014
uav_02,93.72916,1.6692126479653797,10.819198387587983,7.799999237060547,0.9912405014038086,-0.07288428395986557,0.018698904663324356,0.10853805392980576
uav_02,93.82912,1.5727263679580878,10.819198387587983,7.799999237060547,0.9953948855400085,-0.07413399964570999,0.016667736694216728,0.05844074860215187
uav_02,93.92908,1.4762400879507955,10.785942654844494,7.799999237060547,0.9970924854278564,-0.07544905692338943,0.010457002557814121,-0.002164493314921856
uav_02,94.02904,1.3604565516678147,10.763772166480111,7.799999237060547,0.9945356845855713,-0.0769130066037178,0.0006093838601373136,-0.07058882713317871
uav_02,94.129,1.2446730153848338,10.752686922101006,7.799999237060547,0.9863676428794861,-0.07873914390802383,-0.011361976154148579,-0.14404821395874023
uav_02,94.229793,1.0999435953738956,10.719431189357518,7.799999237060547,0.9717854261398315,-0.08061044663190842,-0.023983271792531013,-0.2203630805015564
uav_02,94.329753,0.9648628028152257,10.697260700993136,7.799999237060547,0.9511794447898865,-0.08175529539585114,-0.035932332277297974,-0.2954362630844116
uav_02,94.429713,0.8297820102565557,10.68617545661403,7.799999237060547,0.9254388213157654,-0.08116918057203293,-0.046371378004550934,-0.3671841323375702
uav_02,94.529673,0.6657553339699288,10.68617545661403,7.799999237060547,0.8961724638938904,-0.0779547393321991,-0.05467397719621658,-0.43336907029151917
uav_02,94.629633,0.5017286576833018,10.664004968249648,7.799999237060547,0.8650901913642883,-0.07245910167694092,-0.060815807431936264,-0.4926155209541321
uav_02,94.729593,0.328053352573254,10.664004968249648,7.799999237060547,0.8336161971092224,-0.06605014950037003,-0.06494715064764023,-0.544521152973175
uav_02,94.829553,0.15437804883435882,10.664004968249648,7.799999237060547,0.8027045130729675,-0.060243964195251465,-0.06743544340133667,-0.5894816517829895
uav_02,94.929513,-0.028945883727957113,10.664004968249648,7.799999237060547,0.7727552056312561,-0.05613505840301514,-0.06875763833522797,-0.6284669041633606
uav_02,95.029473,-0.21226981629027306,10.68617545661403,7.799999237060547,0.7439299821853638,-0.0532180555164814,-0.06978116184473038,-0.6624700427055359
uav_02,95.129433,-0.4052423776760097,10.68617545661403,7.799999237060547,0.7176986932754517,-0.05010848492383957,-0.07206719368696213,-0.6907995343208313
uav_02,95.229393,-0.607863565142862,10.697260700993136,7.799999237060547,0.6966924071311951,-0.046839043498039246,-0.07527320832014084,-0.7118706107139587
uav_02,95.329353,-0.8104847539808668,10.719431189357518,7.799999237060547,0.6827533841133118,-0.04407210275530815,-0.07808565348386765,-0.7251262664794922
uav_02,95.429313,-1.0131059428188718,10.730516433736623,7.799999237060547,0.6762944459915161,-0.042610228061676025,-0.07945283502340317,-0.7310932874679565
uav_02,95.529273,-1.2157271316568767,10.752686922101006,7.799999237060547,0.6765545606613159,-0.04325172305107117,-0.0786295235157013,-0.7309039235115051
uav_02,95.629233,-1.4279969479471495,10.785942654844494,7.799999237060547,0.6821192502975464,-0.04599374160170555,-0.07565952092409134,-0.7258605360984802
uav_02,95.729193,-1.6402667642374227,10.797027899223599,7.799999237060547,0.6912692785263062,-0.050571516156196594,-0.07105430960655212,-0.7173148393630981
uav_02,95.829153,-1.8718338368033847,10.830283631967086,7.799999237060547,0.7022433876991272,-0.056301649659872055,-0.06584993004798889,-0.7066457271575928
uav_02,95.929113,-2.0841036530936576,10.852454120331469,7.799999237060547,0.7133632302284241,-0.06204971671104431,-0.061044756323099136,-0.695367693901062
uav_02,96.029073,-2.3156707256596194,10.885709853074959,7.799999237060547,0.7232149839401245,-0.06661274284124374,-0.057026054710149765,-0.6850335001945496
uav_02,96.129033,-2.5375891707733134,10.896795097454063,7.799999237060547,0.7308193445205688,-0.06896606832742691,-0.053669460117816925,-0.6769537329673767
uav_02,96.228993,-2.769156243339275,10.918965585818446,7.799999237060547,0.7356253862380981,-0.06880659610033035,-0.050917305052280426,-0.6719586253166199
uav_02,96.329786,-3.0007233159052378,10.941136074182829,7.799999237060547,0.7374595999717712,-0.06652557104825974,-0.04869040846824646,-0.670340895652771
uav_02,96.429746,-3.2322903884711995,10.952221318561934,7.799999237060547,0.7364640235900879,-0.06256268918514252,-0.0468410924077034,-0.6719467639923096
uav_02,96.529706,-3.4638574610371617,10.963306562941039,7.799999237060547,0.7330783605575562,-0.05754388868808746,-0.04512409493327141,-0.6762016415596008
uav_02,96.629666,-3.695424533603123,10.974391806926317,7.799999237060547,0.7279095649719238,-0.0521724596619606,-0.043478213250637054,-0.6823015213012695
uav_02,96.729626,-3.9269916061690857,10.974391806926317,7.799999237060547,0.7216861248016357,-0.046847037971019745,-0.041826874017715454,-0.6893656849861145
uav_02,96.829586,-4.158558678735047,10.985477051305422,7.799999237060547,0.7151811718940735,-0.04150949791073799,-0.040025290101766586,-0.6965563893318176
uav_02,96.929546,-4.380477123848741,10.996562295684527,7.809999465942383,0.7090833783149719,-0.036194391548633575,-0.037524912506341934,-0.7031945586204529
uav_02,97.029506,-4.602395567591282,10.996562295684527,7.809999465942383,0.703925371170044,-0.031231142580509186,-0.034171778708696365,-0.7087637186050415
uav_02,97.129466,-4.8050167564292865,11.007647539669804,7.809999465942383,0.7000724077224731,-0.026395762339234352,-0.02964295633137226,-0.7129678726196289
uav_02,97.229426,-5.0269352015429805,11.007647539669804,7.809999465942383,0.6977081894874573,-0.021228298544883728,-0.0237063430249691,-0.7156749367713928
uav_02,97.329386,-5.219907761557565,11.01873278404891,7.809999465942383,0.6968916654586792,-0.01596192456781864,-0.017043331637978554,-0.7167961597442627
uav_02,97.429346,-5.42252895039557,11.029818028428014,7.809999465942383,0.697481632232666,-0.011038074269890785,-0.010654901154339314,-0.7164384126663208
uav_02,97.529306,-5.605852882957885,11.029818028428014,7.809999465942383,0.6992002129554749,-0.006355795543640852,-0.00458654947578907,-0.7148829698562622
uav_02,97.629266,-5.779528186696781,11.029818028428014,7.809999465942383,0.7016786336898804,-0.0016045792726799846,0.0012944279005751014,-0.7124906182289124
uav_02,97.729226,-5.943554862983408,11.040903272413292,7.809999465942383,0.7045120596885681,0.003811419941484928,0.0071676126681268215,-0.7096455693244934
uav_02,97.829186,-6.088284284365498,11.040903272413292,7.809999465942383,0.7073167562484741,0.009735727682709694,0.013144155964255333,-0.7067074775695801
uav_02,97.929146,-6.233013704376437,11.040903272413292,7.809999465942383,0.7097938060760498,0.01511156652122736,0.018428318202495575,-0.7040062546730042
uav_02,98.029106,-6.358445868111685,11.051988516792397,7.809999465942383,0.7117564082145691,0.01914862170815468,0.02211895026266575,-0.7018168568611145
uav_02,98.129066,-6.464580776942399,11.051988516792397,7.809999465942383,0.7131087183952332,0.021453533321619034,0.024172503501176834,-0.700308084487915
uav_02,98.229026,-6.561067056949691,11.051988516792397,7.809999465942383,0.7138287425041199,0.022133871912956238,0.024776790291070938,-0.6995317935943604
uav_02,98.329819,-6.657553336956982,11.051988516792397,7.809999465942383,0.7139214873313904,0.021903852000832558,0.02459641732275486,-0.6994507312774658
uav_02,98.429779,-6.725093733236318,11.051988516792397,7.809999465942383,0.7134832739830017,0.02115417644381523,0.023896386846899986,-0.6999450325965881
uav_02,98.529739,-6.792634129515653,11.051988516792397,7.809999465942383,0.7126359939575195,0.02033045142889023,0.023169368505477905,-0.7008565068244934
uav_02,98.629699,-6.840877269519298,11.051988516792397,7.809999465942383,0.7115386128425598,0.019605832174420357,0.022566350176930428,-0.7020108103752136
uav_02,98.729659,-6.889120409522945,11.051988516792397,7.809999465942383,0.710350513458252,0.01902606338262558,0.02230016700923443,-0.7032374143600464
uav_02,98.829619,-6.9277149220743235,11.051988516792397,7.799999237060547,0.7092272043228149,0.018350571393966675,0.022211864590644836,-0.7043909430503845
uav_02,98.929579,-6.956660805802279,11.051988516792397,7.790000915527344,0.7082823514938354,0.01769113354384899,0.02228858880698681,-0.7053554654121399
uav_02,99.029539,-6.975958062077969,11.040903272413292,7.770000457763672,0.7075953483581543,0.017067112028598785,0.022160394117236137,-0.7060640454292297
uav_02,99.129499,-6.995255318353658,11.040903272413292,7.739999771118164,0.707200825214386,0.01656881533563137,0.02161330170929432,-0.7064880132675171
uav_02,99.229459,-7.004903945805926,11.040903272413292,7.709999084472656,0.7070993185043335,0.016051921993494034,0.02077706903219223,-0.7066266536712646
uav_02,99.329419,-7.004903945805926,11.040903272413292,7.670000076293945,0.7072534561157227,0.015413823537528515,0.019797006621956825,-0.7065147161483765
uav_02,99.429379,-7.004903945805926,11.029818028428014,7.620000839233398,0.7076098322868347,0.014565644785761833,0.01851518079638481,-0.7062105536460876
uav_02,99.529339,-7.004903945805926,11.029818028428014,7.579999923706055,0.7080957889556885,0.013506617397069931,0.017095590010285378,-0.7057802081108093
uav_02,99.629299,-6.995255318353658,11.029818028428014,7.520000457763672,0.7086349725723267,0.012289186008274555,0.015642795711755753,-0.7052947878837585
uav_02,99.729259,-6.975958062077969,11.01873278404891,7.469999313354492,0.7091591954231262,0.010876658372581005,0.01422996073961258,-0.7048208713531494
uav_02,99.829219,-6.975958062077969,11.01873278404891,7.409999847412109,0.7096134424209595,0.009401775896549225,0.01278317254036665,-0.7044124603271484
uav_02,99.929179,-6.956660805802279,11.01873278404891,7.350000381469727,0.7099581956863403,0.008116724900901318,0.01124133262783289,-0.7041072845458984
uav_02,100.029139,-6.937363549526591,11.007647539669804,7.299999237060547,0.7101820111274719,0.006859979592263699,0.009706243872642517,-0.7039178013801575
uav_02,100.129099,-6.9277149220743235,11.007647539669804,7.239999771118164,0.710275411605835,0.005610683932900429,0.00827617198228836,-0.7038528919219971
uav_02,100.229059,-6.908417665798633,10.996562295684527,7.190000534057617,0.7102559208869934,0.004454347770661116,0.007104609161615372,-0.7038936614990234
uav_02,100.329019,-6.889120409522945,10.996562295684527,7.129999160766602,0.7101483345031738,0.0036217430606484413,0.006056305021047592,-0.7040166854858398
uav_02,100.429812,-6.860174525794987,10.996562295684527,7.079999923706055,0.7099799513816833,0.0029219193384051323,0.005122028756886721,-0.7041971683502197
uav_02,100.529772,-6.8505258983427195,10.985477051305422,7.020000457763672,0.7097853422164917,0.0022185486741364002,0.004284656140953302,-0.7044014930725098
uav_02,100.629732,-6.83122864206703,10.985477051305422,6.969999313354492,0.7095894813537598,0.0014571045758202672,0.0032737762667238712,-0.7046061754226685
uav_02,100.729692,-6.8119313857913415,10.974391806926317,6.920000076293945,0.7094096541404724,0.0007447244715876877,0.0021794799249619246,-0.7047926187515259
uav_02,100.829652,-6.792634129515653,10.974391806926317,6.870000839233398,0.7092720866203308,6.08542250120081e-05,0.0012644086964428425,-0.7049337029457092
uav_02,100.929612,-6.782985502063385,10.963306562941039,6.819999694824219,0.7091854810714722,-0.00039596250280737877,0.0005590699147433043,-0.7050216197967529
uav_02,101.029572,-6.763688245787695,10.963306562941039,6.770000457763672,0.7091430425643921,-0.0007193770143203437,6.851652142358944e-05,-0.7050642371177673
uav_02,101.129532,-6.744390989512007,10.963306562941039,6.719999313354492,0.709139883518219,-0.0010332438396289945,-0.00031410151859745383,-0.705066978931427
uav_02,101.229492,-6.7347423620597375,10.952221318561934,6.670000076293945,0.70916748046875,-0.0014707836089655757,-0.000663615413941443,-0.7050381898880005
uav_02,101.329452,-6.725093733236318,10.952221318561934,6.620000839233398,0.7092101573944092,-0.0018995696445927024,-0.0009312517358921468,-0.7049939632415771
uav_02,101.429412,-6.71544510578405,10.941136074182829,6.569999694824219,0.7092531323432922,-0.002313863020390272,-0.001188549678772688,-0.7049490809440613
uav_02,101.529372,-6.7057964769606295,10.941136074182829,6.520000457763672,0.7092970013618469,-0.0026638158597052097,-0.0014094128273427486,-0.7049033045768738
uav_02,101.629332,-6.69614784950836,10.941136074182829,6.469999313354492,0.7093469500541687,-0.0028339065611362457,-0.001653876737691462,-0.7048518657684326
uav_02,101.729292,-6.676850593232673,10.93005083019755,6.420000076293945,0.7094001173973083,-0.002817245665937662,-0.0019410444656386971,-0.7047976851463318
uav_02,101.829252,-6.676850593232673,10.93005083019755,6.370000839233398,0.7094493508338928,-0.0027787385042756796,-0.0021506038028746843,-0.7047476172447205
uav_02,101.929212,-6.676850593232673,10.93005083019755,6.329999923706055,0.7094917297363281,-0.0027559928130358458,-0.0021384120918810368,-0.7047051191329956
uav_02,102.029172,-6.667201965780403,10.93005083019755,6.280000686645508,0.709515392780304,-0.0026894398033618927,-0.0020372867584228516,-0.7046818137168884
uav_02,102.129132,-6.667201965780403,10.918965585818446,6.229999542236328,0.7095295190811157,-0.002616492798551917,-0.0019304723246023059,-0.7046682238578796
uav_02,102.229092,-6.667201965780403,10.918965585818446,6.180000305175781,0.7095339298248291,-0.0024973845575004816,-0.0018403972499072552,-0.704664409160614
uav_02,102.329052,-6.657553336956982,10.918965585818446,6.129999160766602,0.709527313709259,-0.0023334831930696964,-0.0016949113924056292,-0.7046719789505005
uav_02,102.429012,-6.657553336956982,10.918965585818446,6.079999923706055,0.7095077037811279,-0.002154328627511859,-0.0016550817526876926,-0.7046924233436584
uav_02,102.529805,-6.657553336956982,10.918965585818446,6.030000686645508,0.7094777822494507,-0.0019450770923867822,-0.001750886789523065,-0.7047229409217834
uav_02,102.629765,-6.657553336956982,10.918965585818446,5.979999542236328,0.7094436287879944,-0.0019056405872106552,-0.0019030272960662842,-0.704757034778595
uav_02,102.729725,-6.657553336956982,10.918965585818446,5.930000305175781,0.7094117403030396,-0.001850071013905108,-0.002021870343014598,-0.7047889232635498
uav_02,102.829685,-6.657553336956982,10.918965585818446,5.879999160766602,0.7093937993049622,-0.0018149750540032983,-0.001961130416020751,-0.7048072814941406
uav_02,102.929645,-6.667201965780403,10.896795097454063,5.840000152587891,0.7093870043754578,-0.001780314021743834,-0.0018883916782215238,-0.7048144340515137
uav_02,103.029605,-6.667201965780403,10.896795097454063,5.790000915527344,0.7093819975852966,-0.0017076361691579223,-0.0018181066261604428,-0.7048197984695435
uav_02,103.129565,-6.667201965780403,10.896795097454063,5.739999771118164,0.7093774676322937,-0.0015883264131844044,-0.0017858941573649645,-0.7048247456550598
uav_02,103.229525,-6.667201965780403,10.896795097454063,5.690000534057617,0.7093741297721863,-0.0016063465736806393,-0.001618864363990724,-0.7048284411430359
uav_02,103.329485,-6.676850593232673,10.896795097454063,5.6399993896484375,0.7093738913536072,-0.001757752033881843,-0.0012960727326571941,-0.7048289775848389
uav_02,103.429445,-6.676850593232673,10.896795097454063,5.590000152587891,0.7093745470046997,-0.0017545614391565323,-0.0009431828511878848,-0.7048289179801941
uav_02,103.529405,-6.676850593232673,10.896795097454063,5.540000915527344,0.709373414516449,-0.0015492280945181847,-0.0006606113747693598,-0.7048308253288269
uav_02,103.629365,-6.676850593232673,10.896795097454063,5.489999771118164,0.7093692421913147,-0.0013529600109905005,-0.0006188813713379204,-0.7048354148864746
uav_02,103.729325,-6.676850593232673,10.885709853074959,5.440000534057617,0.7093633413314819,-0.0009530026582069695,-0.000705437792930752,-0.7048419713973999
uav_02,103.829285,-6.676850593232673,10.885709853074959,5.3899993896484375,0.7093583941459656,-0.0005721061024814844,-0.0008050121832638979,-0.7048472762107849
uav_02,103.929245,-6.69614784950836,10.885709853074959,5.340000152587891,0.7093536257743835,-0.0003337110683787614,-0.0009067300707101822,-0.7048520445823669
uav_02,104.029205,-6.69614784950836,10.885709853074959,5.299999237060547,0.7093454599380493,-0.00040543635259382427,-0.0008466244325973094,-0.7048603892326355
uav_02,104.129165,-6.69614784950836,10.885709853074959,5.25,0.7093492746353149,-0.0005807515699416399,-0.0007848686655052006,-0.7048564553260803
uav_02,104.229125,-6.7057964769606295,10.885709853074959,5.200000762939453,0.7093611359596252,-0.0007900564814917743,-0.0006119146710261703,-0.7048445343971252
uav_02,104.329085,-6.7057964769606295,10.885709853074959,5.149999618530273,0.7093814611434937,-0.0008422973332926631,-0.0002926748711615801,-0.7048242092132568
uav_02,104.429045,-6.7057964769606295,10.885709853074959,5.100000381469727,0.7094055414199829,-0.0008043459965847433,-0.0001325379271293059,-0.704800009727478
uav_02,104.529005,-6.7057964769606295,10.885709853074959,5.049999237060547,0.7094305157661438,-0.0006778857787139714,-9.564221727487165e-06,-0.7047750353813171
uav_02,104.629798,-6.71544510578405,10.885709853074959,5.0,0.7094546556472778,-0.000533633807208389,9.835243690758944e-05,-0.7047508955001831
uav_02,104.729758,-6.71544510578405,10.885709853074959,4.950000762939453,0.7094783186912537,-0.0003486092609819025,0.00014861520321574062,-0.7047271728515625
uav_02,104.829718,-6.71544510578405,10.885709853074959,4.899999618530273,0.7095000743865967,-0.00015848832845222205,0.00018517381977289915,-0.7047053575515747
uav_02,104.929678,-6.725093733236318,10.885709853074959,4.850000381469727,0.7095026969909668,0.00013922076323069632,0.0001875712478067726,-0.7047026753425598
uav_02,105.029638,-6.725093733236318,10.885709853074959,4.799999237060547,0.7094845771789551,0.00031111930729821324,9.26917273318395e-05,-0.7047208547592163
uav_02,105.129598,-6.725093733236318,10.885709853074959,4.75,0.7094578146934509,0.00021000094420742244,-1.2708782378467731e-05,-0.7047478556632996
uav_02,105.229558,-6.725093733236318,10.885709853074959,4.700000762939453,0.7094265222549438,-0.00020888705330435187,-0.0003563839418347925,-0.7047792673110962
uav_02,105.329518,-6.7347423620597375,10.885709853074959,4.659999847412109,0.7093921303749084,-0.0005157683626748621,-0.0006106224609538913,-0.704813539981842
uav_02,105.429478,-6.7347423620597375,10.885709853074959,4.6100006103515625,0.7093576192855835,-0.0006364675937220454,-0.000491164333652705,-0.7048482894897461
uav_02,105.529438,-6.7347423620597375,10.885709853074959,4.559999465942383,0.7093316316604614,-0.0005734469159506261,-0.0001959303190233186,-0.7048746347427368
uav_02,105.629398,-6.7347423620597375,10.885709853074959,4.510000228881836,0.7093240022659302,-0.0002454051864333451,0.00019711423374246806,-0.7048825025558472
uav_02,105.729358,-6.7347423620597375,10.885709853074959,4.459999084472656,0.7093258500099182,1.906571924337186e-05,0.0005347358528524637,-0.7048805356025696
uav_02,105.829318,-6.744390989512007,10.885709853074959,4.409999847412109,0.7093386054039001,-1.4869676306261681e-05,0.0007219469989649951,-0.7048674821853638
uav_02,105.929278,-6.744390989512007,10.885709853074959,4.3600006103515625,0.7093567848205566,-0.0001202066705445759,0.0007981462986208498,-0.704849123954773
uav_02,106.029238,-6.744390989512007,10.885709853074959,4.309999465942383,0.7093839645385742,-0.00019844004418700933,0.0008449633023701608,-0.704821765422821
uav_02,106.129198,-6.744390989512007,10.885709853074959,4.270000457763672,0.7094092965126038,-0.00019054581935051829,0.0008827907731756568,-0.7047961950302124
uav_02,106.229158,-6.744390989512007,10.885709853074959,4.219999313354492,0.7094302177429199,-0.00032748005469329655,0.0009060349548235536,-0.7047750353813171
uav_02,106.329118,-6.744390989512007,10.885709853074959,4.170000076293945,0.7094440460205078,-0.0005316057940945029,0.0009424480958841741,-0.7047609686851501
uav_02,106.429078,-6.744390989512007,10.885709853074959,4.120000839233398,0.7094506621360779,-0.000679631601087749,0.0007855776348151267,-0.7047542929649353
uav_02,106.529038,-6.744390989512007,10.885709853074959,4.069999694824219,0.709445059299469,-0.0006852504448033869,0.0005178871797397733,-0.7047601938247681
uav_02,106.628998,-6.744390989512007,10.885709853074959,4.020000457763672,0.7094442248344421,-0.0009613872389309108,0.0003931665560230613,-0.7047608494758606
uav_02,106.729791,-6.744390989512007,10.885709853074959,3.979999542236328,0.7094384431838989,-0.0011382305528968573,0.00023315414728131145,-0.7047664523124695
uav_02,106.829751,-6.744390989512007,10.863539364710574,3.9300003051757812,0.7094288468360901,-0.001165652647614479,0.0001330491795670241,-0.7047760486602783
uav_02,106.929711,-6.744390989512007,10.863539364710574,3.880000114440918,0.7094184160232544,-0.0010310548823326826,0.00010750222281785682,-0.7047867774963379
uav_02,107.029671,-6.744390989512007,10.863539364710574,3.8299999237060547,0.7094067335128784,-0.0008682924089953303,3.261366146034561e-05,-0.7047988176345825
uav_02,107.129631,-6.744390989512007,10.863539364710574,3.7799997329711914,0.7093963623046875,-0.000621872313786298,-0.00015818224346730858,-0.7048094272613525
uav_02,107.229591,-6.744390989512007,10.863539364710574,3.729999542236328,0.7093885540962219,-0.0004965650150552392,-0.0001906446850625798,-0.7048173546791077
uav_02,107.329551,-6.744390989512007,10.863539364710574,3.689999580383301,0.7093826532363892,-0.0003795501252170652,-3.3294422792096157e-06,-0.7048234343528748
uav_02,107.429511,-6.744390989512007,10.863539364710574,3.640000343322754,0.7093756198883057,-0.00029841039213351905,0.00017050671158358455,-0.704830527305603
uav_02,107.529471,-6.744390989512007,10.863539364710574,3.5900001525878906,0.7093734741210938,-0.00013679021503776312,0.0002222549228463322,-0.7048327326774597
uav_02,107.629431,-6.744390989512007,10.863539364710574,3.5399999618530273,0.7093738913536072,1.287458053411683e-05,0.0002152560482500121,-0.7048323750495911
uav_02,107.729391,-6.744390989512007,10.863539364710574,3.489999771118164,0.7093766927719116,9.517675789538771e-05,0.00013388438674155623,-0.7048295140266418
uav_02,107.829351,-6.744390989512007,10.863539364710574,3.439999580383301,0.7093778252601624,0.00011019090743502602,-4.642347994376905e-05,-0.7048283815383911
uav_02,107.929311,-6.744390989512007,10.863539364710574,3.3999996185302734,0.7093796730041504,8.679416350787506e-05,-0.0001941865193657577,-0.7048265337944031
uav_02,108.029271,-6.744390989512007,10.863539364710574,3.3500003814697266,0.7093786597251892,-2.1560836103162728e-05,-0.0003388992918189615,-0.7048274874687195
uav_02,108.129231,-6.744390989512007,10.863539364710574,3.3000001907348633,0.7093769907951355,8.175940456567332e-05,-0.000513120845425874,-0.7048290371894836
uav_02,108.229191,-6.744390989512007,10.863539364710574,3.25,0.7093743681907654,0.00012422449071891606,-0.000669636472593993,-0.7048315405845642
uav_02,108.329151,-6.744390989512007,10.863539364710574,3.1999998092651367,0.7093715071678162,0.0001760359009495005,-0.0006709028966724873,-0.7048344016075134
uav_02,108.429111,-6.744390989512007,10.863539364710574,3.1499996185302734,0.7093649506568909,0.00018384070426691324,-0.0003252735477872193,-0.7048412561416626
uav_02,108.529071,-6.744390989512007,10.863539364710574,3.109999656677246,0.7093634605407715,0.00010269090125802904,4.019706466351636e-05,-0.7048428654670715
uav_02,108.629031,-6.744390989512007,10.863539364710574,3.060000419616699,0.7093654274940491,2.931556991825346e-05,0.00023597585095558316,-0.704840898513794
uav_02,108.728991,-6.744390989512007,10.863539364710574,3.010000228881836,0.7093752026557922,0.00010817176371347159,0.0002687698870431632,-0.7048310041427612
uav_02,108.829784,-6.744390989512007,10.863539364710574,2.9600000381469727,0.7093831300735474,0.00011121540592284873,0.00026967551093548536,-0.7048230767250061
uav_02,108.929744,-6.744390989512007,10.863539364710574,2.9099998474121094,0.7093825936317444,0.00017392949666827917,0.00024910428328439593,-0.7048235535621643
uav_02,109.029704,-6.744390989512007,10.863539364710574,2.859999656677246,0.709378719329834,0.00012518260336946696,0.0001254875969607383,-0.7048274874687195
uav_02,109.129664,-6.744390989512007,10.863539364710574,2.810000419616699,0.7093762755393982,9.612613212084398e-05,-3.3234442526008934e-05,-0.7048299908638
uav_02,109.229624,-6.744390989512007,10.863539364710574,2.760000228881836,0.7093705534934998,-4.655008524423465e-05,-0.00018267724954057485,-0.7048356533050537
uav_02,109.329584,-6.744390989512007,10.863539364710574,2.7200002670288086,0.7093607783317566,-0.0001677768595982343,-0.00022878665185999125,-0.7048455476760864
uav_02,109.429544,-6.744390989512007,10.863539364710574,2.6700000762939453,0.709350049495697,-0.00020254521223250777,-0.00021080480655655265,-0.704856276512146
uav_02,109.529504,-6.744390989512007,10.863539364710574,2.619999885559082,0.7093477845191956,-6.916437996551394e-05,-6.467622733907774e-05,-0.7048586010932922
uav_02,109.629464,-6.744390989512007,10.863539364710574,2.5699996948242188,0.7093443870544434,-4.553825419861823e-05,8.064114808803424e-05,-0.7048619985580444
uav_02,109.729424,-6.744390989512007,10.863539364710574,2.520000457763672,0.7093387246131897,2.3127471649786457e-05,0.00025652252952568233,-0.7048677206039429
uav_02,109.829384,-6.744390989512007,10.863539364710574,2.4700002670288086,0.7093348503112793,5.050277104601264e-05,0.000390696048270911,-0.7048715353012085
uav_02,109.929344,-6.763688245787695,10.863539364710574,2.4300003051757812,0.7093299627304077,0.00015643036749679595,0.00020115647930651903,-0.7048765420913696
uav_02,110.029304,-6.763688245787695,10.863539364710574,2.380000114440918,0.7093200087547302,0.0001631764753255993,-5.096407403470948e-05,-0.7048866152763367
uav_02,110.129264,-6.763688245787695,10.863539364710574,2.3299999237060547,0.7093085050582886,0.00010757976997410879,-0.0002535699459258467,-0.7048980593681335
uav_02,110.229224,-6.763688245787695,10.863539364710574,2.2799997329711914,0.709297239780426,-7.472102151950821e-05,-0.00036883141729049385,-0.7049093842506409
uav_02,110.329184,-6.763688245787695,10.863539364710574,2.229999542236328,0.7092825770378113,-0.00015063850150909275,-0.000411548069678247,-0.7049241065979004
uav_02,110.429144,-6.763688245787695,10.863539364710574,2.1800003051757812,0.7092687487602234,-0.00014201969315763563,-0.0002888310409616679,-0.7049381136894226
uav_02,110.529104,-6.763688245787695,10.863539364710574,2.140000343322754,0.7092617750167847,-5.9699865232687443e-05,-9.469323413213715e-05,-0.7049451470375061
uav_02,110.629064,-6.763688245787695,10.863539364710574,2.0900001525878906,0.7092576026916504,5.174840771360323e-05,0.00012659310596063733,-0.7049493789672852
uav_02,110.729024,-6.763688245787695,10.863539364710574,2.0399999618530273,0.7092534303665161,0.0001596046204213053,0.0003421161381993443,-0.7049534916877747
uav_02,110.829817,-6.763688245787695,10.863539364710574,1.989999771118164,0.70925372838974,0.00026827806141227484,0.0004998252261430025,-0.7049530744552612
uav_02,110.929777,-6.763688245787695,10.863539364710574,1.9399995803833008,0.7092620730400085,0.0004310894291847944,0.00045715481974184513,-0.7049446105957031
uav_02,111.029737,-6.763688245787695,10.863539364710574,1.890000343322754,0.7092744708061218,0.0005388262798078358,0.00039581849705427885,-0.7049321532249451
uav_02,111.129697,-6.763688245787695,10.863539364710574,1.8500003814697266,0.7092882990837097,0.000658093485981226,0.0003804225998464972,-0.7049180865287781
uav_02,111.229657,-6.763688245787695,10.863539364710574,1.8000001907348633,0.7093009948730469,0.0007793981349095702,0.00030227663228288293,-0.7049052119255066
uav_02,111.329617,-6.763688245787695,10.863539364710574,1.75,0.7093116641044617,0.0009963545016944408,9.307209256803617e-05,-0.7048943042755127
uav_02,111.429577,-6.763688245787695,10.863539364710574,1.6999998092651367,0.709315299987793,0.0011267289519309998,-0.0001087963319150731,-0.7048904299736023
uav_02,111.529537,-6.763688245787695,10.863539364710574,1.6499996185302734,0.7093133330345154,0.00117381545715034,-0.00012337396037764847,-0.7048923373222351
uav_02,111.629497,-6.763688245787695,10.863539364710574,1.6000003814697266,0.7093087434768677,0.0011578077683225274,3.766259169424302e-06,-0.7048969864845276
uav_02,111.729457,-6.763688245787695,10.863539364710574,1.5600004196166992,0.7093040347099304,0.001143988105468452,0.00019545354007277638,-0.7049016952514648
uav_02,111.829417,-6.763688245787695,10.863539364710574,1.510000228881836,0.7092989683151245,0.0010243980213999748,0.000456187262898311,-0.7049068212509155
uav_02,111.929377,-6.763688245787695,10.863539364710574,1.4600000381469727,0.7092982530593872,0.0008522031712345779,0.000544130161870271,-0.7049077749252319
uav_02,112.029337,-6.763688245787695,10.863539364710574,1.4099998474121094,0.7093075513839722,0.0006235337350517511,0.00045653319102711976,-0.7048987150192261
uav_02,112.129297,-6.763688245787695,10.863539364710574,1.359999656677246,0.7093190550804138,0.0007163980626501143,0.00026436924235895276,-0.7048871517181396
uav_02,112.229257,-6.763688245787695,10.863539364710574,1.3100004196166992,0.7093213200569153,0.0006863122107461095,9.57387310336344e-05,-0.704884946346283
uav_02,112.329217,-6.763688245787695,10.863539364710574,1.2700004577636719,0.7093138098716736,0.0005242542247287929,-2.4971875973278657e-05,-0.704892635345459
uav_02,112.429177,-6.744390989512007,10.863539364710574,1.2200002670288086,0.7092950940132141,0.0002325005771126598,-0.00010811921674758196,-0.7049116492271423
uav_02,112.529137,-6.744390989512007,10.863539364710574,1.1700000762939453,0.7092755436897278,2.1715937691624276e-05,-0.00015658765914849937,-0.7049313187599182
uav_02,112.629097,-6.744390989512007,10.863539364710574,1.119999885559082,0.7092587351799011,-5.3364849009085447e-05,-0.00010329730139346793,-0.7049482464790344
uav_02,112.729057,-6.744390989512007,10.863539364710574,1.0799999237060547,0.7092444896697998,-4.2422481783432886e-05,1.9216202417737804e-05,-0.7049626111984253
uav_02,112.829017,-6.744390989512007,10.863539364710574,1.0299997329711914,0.7092352509498596,2.5686136723379605e-05,0.00014556768292095512,-0.7049718499183655
uav_02,112.92981,-6.744390989512007,10.863539364710574,0.9799995422363281,0.7092315554618835,0.00010439001198392361,0.00016858942399267107,-0.7049755454063416
uav_02,113.02977,-6.744390989512007,10.863539364710574,0.9300003051757812,0.7092297077178955,9.71361168922158e-06,0.00012830301420763135,-0.7049773931503296
uav_02,113.12973,-6.744390989512007,10.863539364710574,0.880000114440918,0.7092282176017761,-1.639826768951025e-05,6.482825119746849e-05,-0.7049789428710938
uav_02,113.22969,-6.744390989512007,10.863539364710574,0.8299999237060547,0.7092326283454895,-9.599715122021735e-05,-0.00020364136435091496,-0.7049744725227356
uav_02,113.32965,-6.744390989512007,10.863539364710574,0.7899999618530273,0.7092429399490356,-3.067584475502372e-05,-0.00041558322845958173,-0.7049640417098999
uav_02,113.42961,-6.744390989512007,10.863539364710574,0.7399997711181641,0.7092571258544922,9.729414159664884e-05,-0.0005509363254532218,-0.7049496173858643
uav_02,113.52957,-6.744390989512007,10.863539364710574,0.6899995803833008,0.7092677354812622,0.000268831558059901,-0.00045642335317097604,-0.7049390077590942
uav_02,113.62953,-6.744390989512007,10.863539364710574,0.6400003433227539,0.7092686295509338,0.00018266485130880028,-0.00014393187302630395,-0.7049382328987122
uav_02,113.72949,-6.744390989512007,10.863539364710574,0.5900001525878906,0.7092640995979309,-1.1579558304219972e-05,9.788808529265225e-05,-0.7049428820610046
uav_02,113.82945,-6.744390989512007,10.863539364710574,0.5399999618530273,0.7092636823654175,-0.00021972435934003443,0.00024137763830367476,-0.7049432396888733
uav_02,113.92941,-6.744390989512007,10.863539364710574,0.5,0.709255576133728,-0.00026535685174167156,0.00027709073037840426,-0.704951286315918
uav_02,114.02937,-6.744390989512007,10.863539364710574,0.4499998092651367,0.709242582321167,-0.0002948921173810959,0.00034113205038011074,-0.7049643397331238
uav_02,114.12933,-6.744390989512007,10.863539364710574,0.39999961853027344,0.7092204093933105,-0.00014742606435902417,0.0003413763188291341,-0.7049866914749146
uav_02,114.22929,-6.744390989512007,10.863539364710574,0.35000038146972656,0.709196925163269,1.0390188435849268e-05,0.0002336662873858586,-0.7050103545188904
uav_02,114.32925,-6.744390989512007,10.863539364710574,0.3000001907348633,0.7091754078865051,0.00020512242917902768,3.5710672818822786e-05,-0.7050319910049438
uav_02,114.42921,-6.744390989512007,10.863539364710574,0.26000022888183594,0.7091625332832336,0.0001804572093533352,-8.039014210226014e-05,-0.7050449848175049
uav_02,114.52917,-6.744390989512007,10.863539364710574,0.21000003814697266,0.7091503143310547,0.00011325173545628786,-5.825521657243371e-05,-0.7050572633743286
uav_02,114.62913,-6.744390989512007,10.863539364710574,0.15999984741210938,0.7091392874717712,7.472312427125871e-05,6.157104508019984e-05,-0.7050683498382568
uav_02,114.72909,-6.744390989512007,10.863539364710574,0.1099996566772461,0.7091324925422668,9.09894224605523e-05,5.838252400280908e-05,-0.705075204372406
uav_02,114.82905,-6.744390989512007,10.863539364710574,0.06999969482421875,0.7091317772865295,0.0,0.0,-0.7050759792327881
uav_02,114.92901,-6.744390989512007,10.863539364710574,0.06999969482421875,0.7091317772865295,0.0,0.0,-0.7050759792327881
uav_02,115.029803,-6.744390989512007,10.863539364710574,0.07999992370605469,0.7091317772865295,0.0,0.0,-0.7050759792327881
uav_02,115.129763,-6.744390989512007,10.863539364710574,0.10000038146972656,0.7091317772865295,0.0,0.0,-0.7050759792327881
uav_02,115.229723,-6.744390989512007,10.863539364710574,0.10000038146972656,0.7091317772865295,0.0,0.0,-0.7050759792327881
uav_02,115.329683,-6.744390989512007,10.863539364710574,0.10000038146972656,0.7091317772865295,0.0,0.0,-0.7050759792327881
uav_02,115.429643,-6.744390989512007,10.863539364710574,0.10000038146972656,0.7091317772865295,0.0,0.0,-0.7050759792327881
uav_02,115.529603,-6.744390989512007,10.863539364710574,0.09000015258789062,0.7091317772865295,0.0,0.0,-0.7050759792327881
uav_02,115.629563,-6.744390989512007,10.863539364710574,0.09000015258789062,0.7091317772865295,0.0,0.0,-0.7050759792327881
uav_02,115.729523,-6.744390989512007,10.863539364710574,0.09000015258789062,0.7091317772865295,0.0,0.0,-0.7050759792327881
uav_02,115.829483,-6.744390989512007,10.863539364710574,0.09000015258789062,0.7091317772865295,0.0,0.0,-0.7050759792327881
uav_02,115.929443,-6.744390989512007,10.863539364710574,0.10000038146972656,0.7091317772865295,0.0,0.0,-0.7050759792327881
uav_02,116.029403,-6.744390989512007,10.863539364710574,0.10000038146972656,0.7091317772865295,0.0,0.0,-0.7050759792327881
uav_02,116.129363,-6.744390989512007,10.863539364710574,0.10000038146972656,0.7091317772865295,0.0,0.0,-0.7050759792327881
uav_02,116.229323,-6.744390989512007,10.863539364710574,0.09000015258789062,0.7091317772865295,0.0,0.0,-0.7050759792327881
uav_02,116.329283,-6.744390989512007,10.863539364710574,0.09000015258789062,0.7091317772865295,0.0,0.0,-0.7050759792327881
uav_02,116.429243,-6.744390989512007,10.863539364710574,0.09000015258789062,0.7091317772865295,0.0,0.0,-0.7050759792327881
uav_02,116.529203,-6.744390989512007,10.863539364710574,0.10000038146972656,0.7091317772865295,0.0,0.0,-0.7050759792327881
uav_02,116.629163,-6.744390989512007,10.863539364710574,0.10000038146972656,0.7091317772865295,0.0,0.0,-0.7050759792327881
uav_02,116.729123,-6.744390989512007,10.863539364710574,0.10000038146972656,0.7091317772865295,0.0,0.0,-0.7050759792327881
uav_02,116.829083,-6.744390989512007,10.863539364710574,0.10000038146972656,0.7091317772865295,0.0,0.0,-0.7050759792327881
uav_02,116.929043,-6.744390989512007,10.863539364710574,0.10000038146972656,0.7091317772865295,0.0,0.0,-0.7050759792327881
uav_02,117.029003,-6.744390989512007,10.863539364710574,0.10000038146972656,0.7091317772865295,0.0,0.0,-0.7050759792327881
uav_02,117.129796,-6.744390989512007,10.863539364710574,0.10000038146972656,0.7091317772865295,0.0,0.0,-0.7050759792327881
uav_02,117.229756,-6.744390989512007,10.863539364710574,0.10000038146972656,0.7091317772865295,0.0,0.0,-0.7050759792327881
uav_02,117.329716,-6.744390989512007,10.863539364710574,0.10000038146972656,0.7091317772865295,0.0,0.0,-0.7050759792327881
uav_02,117.429676,-6.744390989512007,10.863539364710574,0.10000038146972656,0.7091317772865295,0.0,0.0,-0.7050759792327881
uav_02,117.529636,-6.744390989512007,10.863539364710574,0.10000038146972656,0.7091317772865295,0.0,0.0,-0.7050759792327881
uav_02,117.629596,-6.744390989512007,10.863539364710574,0.10000038146972656,0.7091317772865295,0.0,0.0,-0.7050759792327881
uav_02,117.729556,-6.744390989512007,10.863539364710574,0.10000038146972656,0.7091317772865295,0.0,0.0,-0.7050759792327881
uav_02,117.829516,-6.744390989512007,10.863539364710574,0.10000038146972656,0.7091317772865295,0.0,0.0,-0.7050759792327881
uav_02,117.929476,-6.744390989512007,10.863539364710574,0.10000038146972656,0.7091317772865295,0.0,0.0,-0.7050759792327881
uav_02,118.029436,-6.744390989512007,10.863539364710574,0.10000038146972656,0.7091317772865295,0.0,0.0,-0.7050759792327881
uav_02,118.129396,-6.744390989512007,10.863539364710574,0.10000038146972656,0.7091317772865295,0.0,0.0,-0.7050759792327881
uav_02,118.229356,-6.744390989512007,10.863539364710574,0.10000038146972656,0.7091317772865295,0.0,0.0,-0.7050759792327881
uav_02,118.329316,-6.744390989512007,10.863539364710574,0.10000038146972656,0.7091317772865295,0.0,0.0,-0.7050759792327881
uav_02,118.429276,-6.744390989512007,10.863539364710574,0.10000038146972656,0.7091317772865295,0.0,0.0,-0.7050759792327881
uav_02,118.529236,-6.744390989512007,10.863539364710574,0.10000038146972656,0.7091317772865295,0.0,0.0,-0.7050759792327881
uav_02,118.629196,-6.744390989512007,10.863539364710574,0.10000038146972656,0.7091317772865295,0.0,0.0,-0.7050759792327881
uav_02,118.729156,-6.744390989512007,10.863539364710574,0.10000038146972656,0.7091317772865295,0.0,0.0,-0.7050759792327881
uav_02,118.829116,-6.744390989512007,10.863539364710574,0.10000038146972656,0.7091317772865295,0.0,0.0,-0.7050759792327881
uav_02,118.929076,-6.744390989512007,10.863539364710574,0.10000038146972656,0.7091317772865295,0.0,0.0,-0.7050759792327881
uav_02,119.029036,-6.744390989512007,10.863539364710574,0.10000038146972656,0.7091317772865295,0.0,0.0,-0.7050759792327881
uav_02,119.128996,-6.744390989512007,10.863539364710574,0.10000038146972656,0.7091317772865295,0.0,0.0,-0.7050759792327881
uav_02,119.229789,-6.744390989512007,10.863539364710574,0.10000038146972656,0.7091317772865295,0.0,0.0,-0.7050759792327881
uav_03,2.629781,-18.235906967997387,19.33266597110237,0.10000038146972656,1.0,0.0,0.0,0.0
uav_03,2.729741,-18.235906967997387,19.33266597110237,0.10000038146972656,1.0,0.0,0.0,0.0
uav_03,2.829701,-18.235906967997387,19.33266597110237,0.10000038146972656,1.0,0.0,0.0,0.0
uav_03,2.929661,-18.235906967997387,19.33266597110237,0.10000038146972656,1.0,0.0,0.0,0.0
uav_03,3.029621,-18.235906967997387,19.33266597110237,0.10000038146972656,1.0,0.0,0.0,0.0
uav_03,3.129581,-18.235906967997387,19.33266597110237,0.10000038146972656,1.0,0.0,0.0,0.0
uav_03,3.229541,-18.235906967997387,19.33266597110237,0.10000038146972656,1.0,0.0,0.0,0.0
uav_03,3.329501,-18.235906967997387,19.33266597110237,0.10000038146972656,1.0,0.0,0.0,0.0
uav_03,3.429461,-18.235906967997387,19.33266597110237,0.10000038146972656,1.0,0.0,0.0,0.0
uav_03,3.529421,-18.235906967997387,19.33266597110237,0.10000038146972656,1.0,0.0,0.0,0.0
uav_03,3.629381,-18.235906967997387,19.33266597110237,0.10000038146972656,1.0,0.0,0.0,0.0
uav_03,3.729341,-18.235906967997387,19.33266597110237,0.10000038146972656,1.0,0.0,0.0,0.0
uav_03,3.829301,-18.235906967997387,19.33266597110237,0.10000038146972656,1.0,0.0,0.0,0.0
uav_03,3.929261,-18.235906967997387,19.33266597110237,0.10000038146972656,1.0,0.0,0.0,0.0
uav_03,4.029221,-18.235906967997387,19.33266597110237,0.10000038146972656,1.0,0.0,0.0,0.0
uav_03,4.129181,-18.235906967997387,19.33266597110237,0.10000038146972656,1.0,0.0,0.0,0.0
uav_03,4.229141,-18.235906967997387,19.33266597110237,0.10000038146972656,1.0,0.0,0.0,0.0
uav_03,4.329101,-18.235906967997387,19.33266597110237,0.10000038146972656,1.0,0.0,0.0,0.0
uav_03,4.429061,-18.235906967997387,19.33266597110237,0.10000038146972656,1.0,0.0,0.0,0.0
uav_03,4.529021,-18.235906967997387,19.33266597110237,0.10000038146972656,1.0,0.0,0.0,0.0
uav_03,4.629814,-18.235906967997387,19.33266597110237,0.10000038146972656,1.0,0.0,0.0,0.0
uav_03,4.729774,-18.235906967997387,19.33266597110237,0.10000038146972656,1.0,0.0,0.0,0.0
uav_03,4.829734,-18.235906967997387,19.33266597110237,0.10000038146972656,1.0,0.0,0.0,0.0
uav_03,4.929694,-18.235906967997387,19.33266597110237,0.10000038146972656,1.0,0.0,0.0,0.0
uav_03,5.029654,-18.235906967997387,19.33266597110237,0.10000038146972656,1.0,0.0,0.0,0.0
uav_03,5.129614,-18.235906967997387,19.33266597110237,0.10000038146972656,1.0,0.0,0.0,0.0
uav_03,5.229574,-18.235906967997387,19.33266597110237,0.10000038146972656,1.0,0.0,0.0,0.0
uav_03,5.329534,-18.235906967997387,19.33266597110237,0.10000038146972656,1.0,0.0,0.0,0.0
uav_03,5.429494,-18.235906967997387,19.33266597110237,0.10000038146972656,1.0,0.0,0.0,0.0
uav_03,5.529454,-18.235906967997387,19.33266597110237,0.10000038146972656,1.0,0.0,0.0,0.0
uav_03,5.629414,-18.235906967997387,19.33266597110237,0.10000038146972656,1.0,0.0,0.0,0.0
uav_03,5.729374,-18.235906967997387,19.33266597110237,0.10000038146972656,1.0,0.0,0.0,0.0
uav_03,5.829334,-18.235906967997387,19.33266597110237,0.10000038146972656,1.0,0.0,0.0,0.0
uav_03,5.929294,-18.235906967997387,19.33266597110237,0.10000038146972656,1.0,0.0,0.0,0.0
uav_03,6.029254,-18.235906967997387,19.33266597110237,0.10000038146972656,1.0,0.0,0.0,0.0
uav_03,6.129214,-18.235906967997387,19.33266597110237,0.10000038146972656,1.0,0.0,0.0,0.0
uav_03,6.229174,-18.235906967997387,19.33266597110237,0.10000038146972656,1.0,0.0,0.0,0.0
uav_03,6.329134,-18.235906967997387,19.33266597110237,0.10000038146972656,1.0,0.0,0.0,0.0
uav_03,6.429094,-18.235906967997387,19.33266597110237,0.10000038146972656,1.0,0.0,0.0,0.0
uav_03,6.529054,-18.235906967997387,19.33266597110237,0.10000038146972656,1.0,0.0,0.0,0.0
uav_03,6.629014,-18.235906967997387,19.33266597110237,0.10000038146972656,1.0,0.0,0.0,0.0
uav_03,6.729807,-18.235906967997387,19.33266597110237,0.10000038146972656,1.0,0.0,0.0,0.0
uav_03,6.829767,-18.235906967997387,19.33266597110237,0.10000038146972656,1.0,0.0,0.0,0.0
uav_03,6.929727,-18.235906967997387,19.33266597110237,0.10000038146972656,1.0,0.0,0.0,0.0
uav_03,7.029687,-18.235906967997387,19.33266597110237,0.10000038146972656,1.0,0.0,0.0,0.0
uav_03,7.129647,-18.235906967997387,19.33266597110237,0.10000038146972656,1.0,0.0,0.0,0.0
uav_03,7.229607,-18.235906967997387,19.33266597110237,0.10000038146972656,1.0,0.0,0.0,0.0
uav_03,7.329567,-18.235906967997387,19.33266597110237,0.10000038146972656,1.0,0.0,0.0,0.0
uav_03,7.429527,-18.235906967997387,19.33266597110237,0.10000038146972656,1.0,0.0,0.0,0.0
uav_03,7.529487,-18.235906967997387,19.33266597110237,0.10000038146972656,1.0,0.0,0.0,0.0
uav_03,7.629447,-18.235906967997387,19.33266597110237,0.10000038146972656,1.0,0.0,0.0,0.0
uav_03,7.729407,-18.235906967997387,19.33266597110237,0.10000038146972656,1.0,0.0,0.0,0.0
uav_03,7.829367,-18.235906967997387,19.33266597110237,0.10000038146972656,1.0,0.0,0.0,0.0
uav_03,7.929327,-18.235906967997387,19.33266597110237,0.10000038146972656,1.0,0.0,0.0,0.0
uav_03,8.029287,-18.235906967997387,19.33266597110237,0.10000038146972656,1.0,0.0,0.0,0.0
uav_03,8.129247,-18.235906967997387,19.33266597110237,0.10000038146972656,1.0,0.0,0.0,0.0
uav_03,8.229207,-18.235906967997387,19.33266597110237,0.10000038146972656,1.0,0.0,0.0,0.0
uav_03,8.329167,-18.235906967997387,19.33266597110237,0.10000038146972656,1.0,0.0,0.0,0.0
uav_03,8.429127,-18.235906967997387,19.33266597110237,0.10000038146972656,1.0,0.0,0.0,0.0
uav_03,8.529087,-18.235906967997387,19.33266597110237,0.10000038146972656,1.0,0.0,0.0,0.0
uav_03,8.629047,-18.235906967997387,19.33266597110237,0.10000038146972656,1.0,0.0,0.0,0.0
uav_03,8.729007,-18.235906967997387,19.33266597110237,0.10000038146972656,1.0,0.0,0.0,0.0
uav_03,8.8298,-18.235906967997387,19.33266597110237,0.10000038146972656,1.0,0.0,0.0,0.0
uav_03,8.92976,-18.235906967997387,19.33266597110237,0.10000038146972656,1.0,0.0,0.0,0.0
uav_03,9.02972,-18.235906967997387,19.33266597110237,0.10000038146972656,1.0,0.0,0.0,0.0
uav_03,9.12968,-18.235906967997387,19.33266597110237,0.10000038146972656,1.0,0.0,0.0,0.0
uav_03,9.22964,-18.235906967997387,19.33266597110237,0.10000038146972656,1.0,0.0,0.0,0.0
uav_03,9.3296,-18.235906967997387,19.33266597110237,0.10000038146972656,1.0,0.0,0.0,0.0
uav_03,9.42956,-18.235906967997387,19.33266597110237,0.10000038146972656,1.0,0.0,0.0,0.0
uav_03,9.52952,-18.235906967997387,19.33266597110237,0.10000038146972656,1.0,0.0,0.0,0.0
uav_03,9.62948,-18.235906967997387,19.33266597110237,0.10000038146972656,1.0,0.0,0.0,0.0
uav_03,9.72944,-18.235906967997387,19.33266597110237,0.10000038146972656,1.0,0.0,0.0,0.0
uav_03,9.8294,-18.235906967997387,19.33266597110237,0.10000038146972656,1.0,0.0,0.0,0.0
uav_03,9.92936,-18.235906967997387,19.33266597110237,0.10000038146972656,1.0,0.0,0.0,0.0
uav_03,10.02932,-18.235906967997387,19.33266597110237,0.10000038146972656,1.0,0.0,0.0,0.0
uav_03,10.12928,-18.235906967997387,19.33266597110237,0.10000038146972656,1.0,0.0,0.0,0.0
uav_03,10.22924,-18.235906967997387,19.33266597110237,0.10000038146972656,1.0,0.0,0.0,0.0
uav_03,10.3292,-18.235906967997387,19.33266597110237,0.10000038146972656,1.0,0.0,0.0,0.0
uav_03,10.42916,-18.235906967997387,19.33266597110237,0.10000038146972656,1.0,0.0,0.0,0.0
uav_03,10.52912,-18.235906967997387,19.33266597110237,0.10000038146972656,1.0,0.0,0.0,0.0
uav_03,10.62908,-18.235906967997387,19.33266597110237,0.10000038146972656,1.0,0.0,0.0,0.0
uav_03,10.72904,-18.235906967997387,19.33266597110237,0.10000038146972656,1.0,0.0,0.0,0.0
uav_03,10.829,-18.235906967997387,19.33266597110237,0.10000038146972656,1.0,0.0,0.0,0.0
uav_03,10.929793,-18.235906967997387,19.33266597110237,0.10000038146972656,1.0,0.0,0.0,0.0
uav_03,11.029753,-18.235906967997387,19.33266597110237,0.10000038146972656,1.0,0.0,0.0,0.0
uav_03,11.129713,-18.235906967997387,19.33266597110237,0.10000038146972656,1.0,0.0,0.0,0.0
uav_03,11.229673,-18.235906967997387,19.33266597110237,0.10000038146972656,1.0,0.0,0.0,0.0
uav_03,11.329633,-18.235906967997387,19.33266597110237,0.10000038146972656,1.0,0.0,0.0,0.0
uav_03,11.429593,-18.235906967997387,19.33266597110237,0.10000038146972656,1.0,0.0,0.0,0.0
uav_03,11.529553,-18.235906967997387,19.33266597110237,0.10000038146972656,1.0,0.0,0.0,0.0
uav_03,11.629513,-18.235906967997387,19.33266597110237,0.10000038146972656,1.0,0.0,0.0,0.0
uav_03,11.729473,-18.235906967997387,19.33266597110237,0.10000038146972656,1.0,0.0,0.0,0.0
uav_03,11.829433,-18.235906967997387,19.33266597110237,0.10000038146972656,1.0,0.0,0.0,0.0
uav_03,11.929393,-18.235906967997387,19.33266597110237,0.10000038146972656,1.0,0.0,0.0,0.0
uav_03,12.029353,-18.235906967997387,19.33266597110237,0.10000038146972656,1.0,0.0,0.0,0.0
uav_03,12.129313,-18.235906967997387,19.33266597110237,0.10000038146972656,1.0,0.0,0.0,0.0
uav_03,12.229273,-18.235906967997387,19.33266597110237,0.10000038146972656,1.0,0.0,0.0,0.0
uav_03,12.329233,-18.235906967997387,19.33266597110237,0.10000038146972656,1.0,0.0,0.0,0.0
uav_03,12.429193,-18.235906967997387,19.33266597110237,0.10000038146972656,1.0,0.0,0.0,0.0
uav_03,12.529153,-18.235906967997387,19.33266597110237,0.10000038146972656,1.0,0.0,0.0,0.0
uav_03,12.629113,-18.235906967997387,19.33266597110237,0.10000038146972656,1.0,0.0,0.0,0.0
uav_03,12.729073,-18.235906967997387,19.33266597110237,0.10000038146972656,1.0,0.0,0.0,0.0
uav_03,12.829033,-18.235906967997387,19.33266597110237,0.10000038146972656,1.0,0.0,0.0,0.0
uav_03,12.928993,-18.235906967997387,19.33266597110237,0.10000038146972656,1.0,0.0,0.0,0.0
uav_03,13.029786,-18.235906967997387,19.33266597110237,0.10000038146972656,1.0,0.0,0.0,0.0
uav_03,13.129746,-18.235906967997387,19.33266597110237,0.10000038146972656,1.0,0.0,0.0,0.0
uav_03,13.229706,-18.235906967997387,19.33266597110237,0.10000038146972656,1.0,0.0,0.0,0.0
uav_03,13.329666,-18.235906967997387,19.33266597110237,0.10000038146972656,1.0,0.0,0.0,0.0
uav_03,13.429626,-18.235906967997387,19.33266597110237,0.10000038146972656,1.0,0.0,0.0,0.0
uav_03,13.529586,-18.235906967997387,19.33266597110237,0.10000038146972656,1.0,0.0,0.0,0.0
uav_03,13.629546,-18.235906967997387,19.33266597110237,0.10000038146972656,1.0,0.0,0.0,0.0
uav_03,13.729506,-18.235906967997387,19.33266597110237,0.10000038146972656,1.0,0.0,0.0,0.0
uav_03,13.829466,-18.235906967997387,19.33266597110237,0.10000038146972656,1.0,0.0,0.0,0.0
uav_03,13.929426,-18.235906967997387,19.33266597110237,0.10000038146972656,1.0,0.0,0.0,0.0
uav_03,14.029386,-18.235906967997387,19.33266597110237,0.10000038146972656,1.0,0.0,0.0,0.0
uav_03,14.129346,-18.235906967997387,19.33266597110237,0.10000038146972656,1.0,0.0,0.0,0.0
uav_03,14.229306,-18.235906967997387,19.33266597110237,0.10000038146972656,1.0,0.0,0.0,0.0
uav_03,14.329266,-18.235906967997387,19.33266597110237,0.10000038146972656,1.0,0.0,0.0,0.0
uav_03,14.429226,-18.235906967997387,19.33266597110237,0.10000038146972656,1.0,0.0,0.0,0.0
uav_03,14.529186,-18.235906967997387,19.33266597110237,0.10000038146972656,1.0,0.0,0.0,0.0
uav_03,14.629146,-18.235906967997387,19.33266597110237,0.10000038146972656,1.0,0.0,0.0,0.0
uav_03,14.729106,-18.235906967997387,19.33266597110237,0.10000038146972656,1.0,0.0,0.0,0.0
uav_03,14.829066,-18.235906967997387,19.33266597110237,0.10000038146972656,1.0,0.0,0.0,0.0
uav_03,14.929026,-18.235906967997387,19.33266597110237,0.10000038146972656,1.0,0.0,0.0,0.0
uav_03,15.029819,-18.235906967997387,19.33266597110237,0.10000038146972656,1.0,0.0,0.0,0.0
uav_03,15.129779,-18.235906967997387,19.33266597110237,0.10000038146972656,1.0,0.0,0.0,0.0
uav_03,15.229739,-18.235906967997387,19.33266597110237,0.10000038146972656,1.0,0.0,0.0,0.0
uav_03,15.329699,-18.235906967997387,19.33266597110237,0.10000038146972656,1.0,0.0,0.0,0.0
uav_03,15.429659,-18.235906967997387,19.33266597110237,0.10000038146972656,1.0,0.0,0.0,0.0
uav_03,15.529619,-18.235906967997387,19.33266597110237,0.10000038146972656,1.0,0.0,0.0,0.0
uav_03,15.629579,-18.235906967997387,19.33266597110237,0.10000038146972656,1.0,0.0,0.0,0.0
uav_03,15.729539,-18.235906967997387,19.33266597110237,0.10000038146972656,1.0,0.0,0.0,0.0
uav_03,15.829499,-18.235906967997387,19.33266597110237,0.10000038146972656,1.0,0.0,0.0,0.0
uav_03,15.929459,-18.235906967997387,19.33266597110237,0.10000038146972656,1.0,0.0,0.0,0.0
uav_03,16.029419,-18.235906967997387,19.33266597110237,0.10000038146972656,1.0,0.0,0.0,0.0
uav_03,16.129379,-18.235906967997387,19.33266597110237,0.10000038146972656,1.0,0.0,0.0,0.0
uav_03,16.229339,-18.235906967997387,19.33266597110237,0.10000038146972656,1.0,0.0,0.0,0.0
uav_03,16.329299,-18.235906967997387,19.33266597110237,0.10000038146972656,1.0,0.0,0.0,0.0
uav_03,16.429259,-18.235906967997387,19.33266597110237,0.10000038146972656,1.0,0.0,0.0,0.0
uav_03,16.529219,-18.235906967997387,19.33266597110237,0.10000038146972656,1.0,0.0,0.0,0.0
uav_03,16.629179,-18.235906967997387,19.33266597110237,0.10000038146972656,1.0,0.0,0.0,0.0
uav_03,16.729139,-18.235906967997387,19.33266597110237,0.10000038146972656,1.0,0.0,0.0,0.0
uav_03,16.829099,-18.235906967997387,19.33266597110237,0.10000038146972656,1.0,0.0,0.0,0.0
uav_03,16.929059,-18.235906967997387,19.33266597110237,0.10000038146972656,1.0,0.0,0.0,0.0
uav_03,17.029019,-18.235906967997387,19.33266597110237,0.10000038146972656,1.0,0.0,0.0,0.0
uav_03,17.129812,-18.235906967997387,19.33266597110237,0.10000038146972656,1.0,0.0,0.0,0.0
uav_03,17.229772,-18.235906967997387,19.33266597110237,0.10000038146972656,1.0,0.0,0.0,0.0
uav_03,17.329732,-18.235906967997387,19.33266597110237,0.10000038146972656,1.0,0.0,0.0,0.0
uav_03,17.429692,-18.235906967997387,19.33266597110237,0.10000038146972656,1.0,0.0,0.0,0.0
uav_03,17.529652,-18.235906967997387,19.33266597110237,0.10000038146972656,1.0,0.0,0.0,0.0
uav_03,17.629612,-18.235906967997387,19.33266597110237,0.10000038146972656,1.0,0.0,0.0,0.0
uav_03,17.729572,-18.235906967997387,19.33266597110237,0.10000038146972656,1.0,0.0,0.0,0.0
uav_03,17.829532,-18.235906967997387,19.33266597110237,0.10000038146972656,1.0,0.0,0.0,0.0
uav_03,17.929492,-18.235906967997387,19.33266597110237,0.10000038146972656,1.0,0.0,0.0,0.0
uav_03,18.029452,-18.235906967997387,19.33266597110237,0.10000038146972656,1.0,0.0,0.0,0.0
uav_03,18.129412,-18.235906967997387,19.33266597110237,0.10000038146972656,1.0,0.0,0.0,0.0
uav_03,18.229372,-18.235906967997387,19.33266597110237,0.10000038146972656,1.0,0.0,0.0,0.0
uav_03,18.329332,-18.235906967997387,19.33266597110237,0.10000038146972656,1.0,0.0,0.0,0.0
uav_03,18.429292,-18.235906967997387,19.33266597110237,0.10000038146972656,1.0,0.0,0.0,0.0
uav_03,18.529252,-18.235906967997387,19.33266597110237,0.10000038146972656,1.0,0.0,0.0,0.0
uav_03,18.629212,-18.235906967997387,19.33266597110237,0.10000038146972656,1.0,0.0,0.0,0.0
uav_03,18.729172,-18.235906967997387,19.33266597110237,0.10000038146972656,1.0,0.0,0.0,0.0
uav_03,18.829132,-18.235906967997387,19.33266597110237,0.10000038146972656,1.0,0.0,0.0,0.0
uav_03,18.929092,-18.235906967997387,19.33266597110237,0.10000038146972656,1.0,0.0,0.0,0.0
uav_03,19.029052,-18.235906967997387,19.33266597110237,0.10000038146972656,1.0,0.0,0.0,0.0
uav_03,19.129012,-18.235906967997387,19.33266597110237,0.10000038146972656,1.0,0.0,0.0,0.0
uav_03,19.229805,-18.235906967997387,19.33266597110237,0.10000038146972656,1.0,0.0,0.0,0.0
uav_03,19.329765,-18.235906967997387,19.33266597110237,0.10000038146972656,1.0,0.0,0.0,0.0
uav_03,19.429725,-18.235906967997387,19.33266597110237,0.10000038146972656,1.0,0.0,0.0,0.0
uav_03,19.529685,-18.235906967997387,19.33266597110237,0.10000038146972656,1.0,0.0,0.0,0.0
uav_03,19.629645,-18.235906967997387,19.33266597110237,0.10000038146972656,1.0,0.0,0.0,0.0
uav_03,19.729605,-18.235906967997387,19.33266597110237,0.10000038146972656,1.0,0.0,0.0,0.0
uav_03,19.829565,-18.235906967997387,19.33266597110237,0.10000038146972656,1.0,0.0,0.0,0.0
uav_03,19.929525,-18.235906967997387,19.33266597110237,0.10000038146972656,1.0,0.0,0.0,0.0
uav_03,20.029485,-18.235906967997387,19.33266597110237,0.10000038146972656,1.0,0.0,0.0,0.0
uav_03,20.129445,-18.235906967997387,19.33266597110237,0.10000038146972656,1.0,0.0,0.0,0.0
uav_03,20.229405,-18.235906967997387,19.33266597110237,0.10000038146972656,1.0,0.0,0.0,0.0
uav_03,20.329365,-18.235906967997387,19.33266597110237,0.10000038146972656,1.0,0.0,0.0,0.0
uav_03,20.429325,-18.235906967997387,19.33266597110237,0.10000038146972656,1.0,0.0,0.0,0.0
uav_03,20.529285,-18.235906967997387,19.33266597110237,0.10000038146972656,1.0,0.0,0.0,0.0
uav_03,20.629245,-18.235906967997387,19.33266597110237,0.10000038146972656,1.0,0.0,0.0,0.0
uav_03,20.729205,-18.235906967997387,19.33266597110237,0.10000038146972656,1.0,0.0,0.0,0.0
uav_03,20.829165,-18.235906967997387,19.33266597110237,0.10000038146972656,1.0,0.0,0.0,0.0
uav_03,20.929125,-18.235906967997387,19.33266597110237,0.10000038146972656,1.0,0.0,0.0,0.0
uav_03,21.029085,-18.235906967997387,19.33266597110237,0.10000038146972656,1.0,0.0,0.0,0.0
uav_03,21.129045,-18.235906967997387,19.33266597110237,0.10000038146972656,1.0,0.0,0.0,0.0
uav_03,21.229005,-18.235906967997387,19.33266597110237,0.10000038146972656,1.0,0.0,0.0,0.0
uav_03,21.329798,-18.235906967997387,19.33266597110237,0.10000038146972656,1.0,0.0,0.0,0.0
uav_03,21.429758,-18.235906967997387,19.33266597110237,0.10000038146972656,1.0,0.0,0.0,0.0
uav_03,21.529718,-18.235906967997387,19.33266597110237,0.10000038146972656,1.0,0.0,0.0,0.0
uav_03,21.629678,-18.235906967997387,19.33266597110237,0.10000038146972656,1.0,0.0,0.0,0.0
uav_03,21.729638,-18.235906967997387,19.33266597110237,0.10000038146972656,1.0,0.0,0.0,0.0
uav_03,21.829598,-18.235906967997387,19.33266597110237,0.10000038146972656,1.0,0.0,0.0,0.0
uav_03,21.929558,-18.235906967997387,19.33266597110237,0.10000038146972656,1.0,0.0,0.0,0.0
uav_03,22.029518,-18.235906967997387,19.33266597110237,0.10000038146972656,1.0,0.0,0.0,0.0
uav_03,22.129478,-18.235906967997387,19.33266597110237,0.10000038146972656,1.0,0.0,0.0,0.0
uav_03,22.229438,-18.235906967997387,19.33266597110237,0.10000038146972656,1.0,0.0,0.0,0.0
uav_03,22.329398,-18.235906967997387,19.33266597110237,0.10000038146972656,1.0,0.0,0.0,0.0
uav_03,22.429358,-18.235906967997387,19.33266597110237,0.10000038146972656,1.0,0.0,0.0,0.0
uav_03,22.529318,-18.235906967997387,19.33266597110237,0.10000038146972656,1.0,0.0,0.0,0.0
uav_03,22.629278,-18.235906967997387,19.33266597110237,0.10000038146972656,1.0,0.0,0.0,0.0
uav_03,22.729238,-18.235906967997387,19.33266597110237,0.10000038146972656,1.0,0.0,0.0,0.0
uav_03,22.829198,-18.235906967997387,19.33266597110237,0.10000038146972656,1.0,0.0,0.0,0.0
uav_03,22.929158,-18.235906967997387,19.33266597110237,0.10000038146972656,1.0,0.0,0.0,0.0
uav_03,23.029118,-18.235906967997387,19.33266597110237,0.10000038146972656,1.0,0.0,0.0,0.0
uav_03,23.129078,-18.235906967997387,19.33266597110237,0.10000038146972656,1.0,0.0,0.0,0.0
uav_03,23.229038,-18.235906967997387,19.33266597110237,0.10000038146972656,1.0,0.0,0.0,0.0
uav_03,23.328998,-18.235906967997387,19.33266597110237,0.10000038146972656,1.0,0.0,0.0,0.0
uav_03,23.429791,-18.235906967997387,19.33266597110237,0.10000038146972656,1.0,0.0,0.0,0.0
uav_03,23.529751,-18.235906967997387,19.33266597110237,0.10000038146972656,1.0,0.0,0.0,0.0
uav_03,23.629711,-18.235906967997387,19.33266597110237,0.10000038146972656,1.0,0.0,0.0,0.0
uav_03,23.729671,-18.235906967997387,19.33266597110237,0.10000038146972656,1.0,0.0,0.0,0.0
uav_03,23.829631,-18.235906967997387,19.33266597110237,0.10000038146972656,1.0,0.0,0.0,0.0
uav_03,23.929591,-18.235906967997387,19.33266597110237,0.10000038146972656,1.0,0.0,0.0,0.0
uav_03,24.029551,-18.235906967997387,19.33266597110237,0.10000038146972656,1.0,0.0,0.0,0.0
uav_03,24.129511,-18.235906967997387,19.33266597110237,0.10000038146972656,1.0,0.0,0.0,0.0
uav_03,24.229471,-18.235906967997387,19.33266597110237,0.10000038146972656,1.0,0.0,0.0,0.0
uav_03,24.329431,-18.235906967997387,19.33266597110237,0.10000038146972656,1.0,0.0,0.0,0.0
uav_03,24.429391,-18.235906967997387,19.33266597110237,0.10000038146972656,1.0,0.0,0.0,0.0
uav_03,24.529351,-18.235906967997387,19.33266597110237,0.10000038146972656,1.0,0.0,0.0,0.0
uav_03,24.629311,-18.235906967997387,19.33266597110237,0.10000038146972656,1.0,0.0,0.0,0.0
uav_03,24.729271,-18.235906967997387,19.33266597110237,0.10000038146972656,1.0,0.0,0.0,0.0
uav_03,24.829231,-18.235906967997387,19.33266597110237,0.10000038146972656,1.0,0.0,0.0,0.0
uav_03,24.929191,-18.235906967997387,19.33266597110237,0.10000038146972656,1.0,0.0,0.0,0.0
uav_03,25.029151,-18.235906967997387,19.33266597110237,0.10000038146972656,1.0,0.0,0.0,0.0
uav_03,25.129111,-18.235906967997387,19.33266597110237,0.10000038146972656,1.0,0.0,0.0,0.0
uav_03,25.229071,-18.235906967997387,19.33266597110237,0.10000038146972656,1.0,0.0,0.0,0.0
uav_03,25.329031,-18.235906967997387,19.33266597110237,0.10000038146972656,1.0,0.0,0.0,0.0
uav_03,25.428991,-18.235906967997387,19.33266597110237,0.10000038146972656,1.0,0.0,0.0,0.0
uav_03,25.529784,-18.235906967997387,19.33266597110237,0.10000038146972656,1.0,0.0,0.0,0.0
uav_03,25.629744,-18.235906967997387,19.33266597110237,0.10000038146972656,1.0,0.0,0.0,0.0
uav_03,25.729704,-18.235906967997387,19.33266597110237,0.10000038146972656,1.0,0.0,0.0,0.0
uav_03,25.829664,-18.235906967997387,19.33266597110237,0.10000038146972656,1.0,0.0,0.0,0.0
uav_03,25.929624,-18.235906967997387,19.33266597110237,0.10000038146972656,1.0,0.0,0.0,0.0
uav_03,26.029584,-18.235906967997387,19.33266597110237,0.10000038146972656,1.0,0.0,0.0,0.0
uav_03,26.129544,-18.235906967997387,19.33266597110237,0.10000038146972656,1.0,0.0,0.0,0.0
uav_03,26.229504,-18.235906967997387,19.33266597110237,0.10000038146972656,1.0,0.0,0.0,0.0
uav_03,26.329464,-18.235906967997387,19.33266597110237,0.10000038146972656,1.0,0.0,0.0,0.0
uav_03,26.429424,-18.235906967997387,19.33266597110237,0.10000038146972656,1.0,0.0,0.0,0.0
uav_03,26.529384,-18.235906967997387,19.33266597110237,0.10000038146972656,1.0,0.0,0.0,0.0
uav_03,26.629344,-18.235906967997387,19.33266597110237,0.10000038146972656,1.0,0.0,0.0,0.0
uav_03,26.729304,-18.235906967997387,19.33266597110237,0.10000038146972656,1.0,0.0,0.0,0.0
uav_03,26.829264,-18.235906967997387,19.33266597110237,0.10000038146972656,1.0,0.0,0.0,0.0
uav_03,26.929224,-18.235906967997387,19.33266597110237,0.10000038146972656,1.0,0.0,0.0,0.0
uav_03,27.029184,-18.235906967997387,19.33266597110237,0.10000038146972656,1.0,0.0,0.0,0.0
uav_03,27.129144,-18.235906967997387,19.33266597110237,0.10000038146972656,1.0,0.0,0.0,0.0
uav_03,27.229104,-18.235906967997387,19.33266597110237,0.10000038146972656,1.0,0.0,0.0,0.0
uav_03,27.329064,-18.235906967997387,19.33266597110237,0.10000038146972656,1.0,0.0,0.0,0.0
uav_03,27.429024,-18.235906967997387,19.33266597110237,0.10000038146972656,1.0,0.0,0.0,0.0
uav_03,27.529817,-18.235906967997387,19.33266597110237,0.10000038146972656,1.0,0.0,0.0,0.0
uav_03,27.629777,-18.235906967997387,19.33266597110237,0.10000038146972656,1.0,0.0,0.0,0.0
uav_03,27.729737,-18.235906967997387,19.33266597110237,0.10000038146972656,1.0,0.0,0.0,0.0
uav_03,27.829697,-18.235906967997387,19.33266597110237,0.10000038146972656,1.0,0.0,0.0,0.0
uav_03,27.929657,-18.235906967997387,19.33266597110237,0.10000038146972656,1.0,0.0,0.0,0.0
uav_03,28.029617,-18.235906967997387,19.33266597110237,0.10000038146972656,1.0,0.0,0.0,0.0
uav_03,28.129577,-18.235906967997387,19.33266597110237,0.10000038146972656,1.0,0.0,0.0,0.0
uav_03,28.229537,-18.235906967997387,19.33266597110237,0.10000038146972656,1.0,0.0,0.0,0.0
uav_03,28.329497,-18.235906967997387,19.33266597110237,0.10000038146972656,1.0,0.0,0.0,0.0
uav_03,28.429457,-18.235906967997387,19.33266597110237,0.10000038146972656,1.0,0.0,0.0,0.0
uav_03,28.529417,-18.235906967997387,19.33266597110237,0.10000038146972656,1.0,0.0,0.0,0.0
uav_03,28.629377,-18.235906967997387,19.33266597110237,0.10000038146972656,1.0,0.0,0.0,0.0
uav_03,28.729337,-18.235906967997387,19.33266597110237,0.10000038146972656,1.0,0.0,0.0,0.0
uav_03,28.829297,-18.235906967997387,19.33266597110237,0.10000038146972656,1.0,0.0,0.0,0.0
uav_03,28.929257,-18.235906967997387,19.33266597110237,0.10000038146972656,1.0,0.0,0.0,0.0
uav_03,29.029217,-18.235906967997387,19.33266597110237,0.10000038146972656,1.0,0.0,0.0,0.0
uav_03,29.129177,-18.235906967997387,19.33266597110237,0.10000038146972656,1.0,0.0,0.0,0.0
uav_03,29.229137,-18.235906967997387,19.33266597110237,0.10000038146972656,1.0,0.0,0.0,0.0
uav_03,29.329097,-18.235906967997387,19.33266597110237,0.10000038146972656,1.0,0.0,0.0,0.0
uav_03,29.429057,-18.235906967997387,19.33266597110237,0.10000038146972656,1.0,0.0,0.0,0.0
uav_03,29.529017,-18.235906967997387,19.33266597110237,0.10000038146972656,1.0,0.0,0.0,0.0
uav_03,29.62981,-18.235906967997387,19.33266597110237,0.10000038146972656,1.0,0.0,0.0,0.0
uav_03,29.72977,-18.235906967997387,19.33266597110237,0.10000038146972656,1.0,0.0,0.0,0.0
uav_03,29.82973,-18.235906967997387,19.33266597110237,0.10000038146972656,1.0,0.0,0.0,0.0
uav_03,29.92969,-18.235906967997387,19.33266597110237,0.10000038146972656,1.0,0.0,0.0,0.0
uav_03,30.02965,-18.235906967997387,19.33266597110237,0.10000038146972656,1.0,0.0,0.0,0.0
uav_03,30.12961,-18.235906967997387,19.33266597110237,0.10000038146972656,1.0,0.0,0.0,0.0
uav_03,30.22957,-18.235906967997387,19.33266597110237,0.10000038146972656,1.0,0.0,0.0,0.0
uav_03,30.32953,-18.235906967997387,19.33266597110237,0.10000038146972656,1.0,0.0,0.0,0.0
uav_03,30.42949,-18.235906967997387,19.33266597110237,0.10000038146972656,1.0,0.0,0.0,0.0
uav_03,30.52945,-18.235906967997387,19.33266597110237,0.10000038146972656,1.0,0.0,0.0,0.0
uav_03,30.62941,-18.235906967997387,19.33266597110237,0.10000038146972656,1.0,0.0,0.0,0.0
uav_03,30.72937,-18.235906967997387,19.33266597110237,0.10000038146972656,1.0,0.0,0.0,0.0
uav_03,30.82933,-18.235906967997387,19.33266597110237,0.10000038146972656,1.0,0.0,0.0,0.0
uav_03,30.92929,-18.235906967997387,19.33266597110237,0.10000038146972656,1.0,0.0,0.0,0.0
uav_03,31.02925,-18.235906967997387,19.33266597110237,0.10000038146972656,1.0,0.0,0.0,0.0
uav_03,31.12921,-18.235906967997387,19.33266597110237,0.10000038146972656,1.0,0.0,0.0,0.0
uav_03,31.22917,-18.235906967997387,19.33266597110237,0.10000038146972656,1.0,0.0,0.0,0.0
uav_03,31.32913,-18.235906967997387,19.33266597110237,0.10000038146972656,1.0,0.0,0.0,0.0
uav_03,31.42909,-18.235906967997387,19.33266597110237,0.10000038146972656,1.0,0.0,0.0,0.0
uav_03,31.52905,-18.235906967997387,19.33266597110237,0.10000038146972656,1.0,0.0,0.0,0.0
uav_03,31.62901,-18.235906967997387,19.33266597110237,0.10000038146972656,1.0,0.0,0.0,0.0
uav_03,31.729803,-18.235906967997387,19.33266597110237,0.10000038146972656,1.0,0.0,0.0,0.0
uav_03,31.829763,-18.235906967997387,19.33266597110237,0.10000038146972656,1.0,0.0,0.0,0.0
uav_03,31.929723,-18.235906967997387,19.33266597110237,0.10000038146972656,1.0,0.0,0.0,0.0
uav_03,32.029683,-18.235906967997387,19.33266597110237,0.10000038146972656,1.0,0.0,0.0,0.0
uav_03,32.129643,-18.235906967997387,19.33266597110237,0.10000038146972656,1.0,0.0,0.0,0.0
uav_03,32.229603,-18.235906967997387,19.33266597110237,0.10000038146972656,1.0,0.0,0.0,0.0
uav_03,32.329563,-18.235906967997387,19.33266597110237,0.10000038146972656,1.0,0.0,0.0,0.0
uav_03,32.429523,-18.235906967997387,19.33266597110237,0.10000038146972656,1.0,0.0,0.0,0.0
uav_03,32.529483,-18.235906967997387,19.33266597110237,0.10000038146972656,1.0,0.0,0.0,0.0
uav_03,32.629443,-18.235906967997387,19.33266597110237,0.10000038146972656,1.0,0.0,0.0,0.0
uav_03,32.729403,-18.235906967997387,19.33266597110237,0.10000038146972656,1.0,0.0,0.0,0.0
uav_03,32.829363,-18.235906967997387,19.33266597110237,0.10000038146972656,1.0,0.0,0.0,0.0
uav_03,32.929323,-18.235906967997387,19.33266597110237,0.10000038146972656,1.0,0.0,0.0,0.0
uav_03,33.029283,-18.235906967997387,19.33266597110237,0.10000038146972656,1.0,0.0,0.0,0.0
uav_03,33.129243,-18.235906967997387,19.33266597110237,0.10000038146972656,1.0,0.0,0.0,0.0
uav_03,33.229203,-18.235906967997387,19.33266597110237,0.10000038146972656,1.0,0.0,0.0,0.0
uav_03,33.329163,-18.235906967997387,19.33266597110237,0.10000038146972656,1.0,0.0,0.0,0.0
uav_03,33.429123,-18.235906967997387,19.33266597110237,0.10000038146972656,1.0,0.0,0.0,0.0
uav_03,33.529083,-18.235906967997387,19.33266597110237,0.10000038146972656,1.0,0.0,0.0,0.0
uav_03,33.629043,-18.235906967997387,19.33266597110237,0.10000038146972656,1.0,0.0,0.0,0.0
uav_03,33.729003,-18.235906967997387,19.33266597110237,0.10000038146972656,1.0,0.0,0.0,0.0
uav_03,33.829796,-18.235906967997387,19.33266597110237,0.10000038146972656,1.0,0.0,0.0,0.0
uav_03,33.929756,-18.235906967997387,19.33266597110237,0.10000038146972656,1.0,0.0,0.0,0.0
uav_03,34.029716,-18.235906967997387,19.33266597110237,0.10000038146972656,1.0,0.0,0.0,0.0
uav_03,34.129676,-18.235906967997387,19.33266597110237,0.10000038146972656,1.0,0.0,0.0,0.0
uav_03,34.229636,-18.235906967997387,19.33266597110237,0.10000038146972656,1.0,0.0,0.0,0.0
uav_03,34.329596,-18.235906967997387,19.33266597110237,0.10000038146972656,1.0,0.0,0.0,0.0
uav_03,34.429556,-18.235906967997387,19.33266597110237,0.10000038146972656,1.0,0.0,0.0,0.0
uav_03,34.529516,-18.235906967997387,19.33266597110237,0.10000038146972656,1.0,0.0,0.0,0.0
uav_03,34.629476,-18.235906967997387,19.33266597110237,0.10000038146972656,1.0,0.0,0.0,0.0
uav_03,34.729436,-18.235906967997387,19.33266597110237,0.10000038146972656,1.0,0.0,0.0,0.0
uav_03,34.829396,-18.235906967997387,19.33266597110237,0.10000038146972656,1.0,0.0,0.0,0.0
uav_03,34.929356,-18.235906967997387,19.33266597110237,0.10000038146972656,1.0,0.0,0.0,0.0
uav_03,35.029316,-18.235906967997387,19.33266597110237,0.10000038146972656,1.0,0.0,0.0,0.0
uav_03,35.129276,-18.235906967997387,19.33266597110237,0.10000038146972656,1.0,0.0,0.0,0.0
uav_03,35.229236,-18.235906967997387,19.33266597110237,0.10000038146972656,1.0,0.0,0.0,0.0
uav_03,35.329196,-18.235906967997387,19.33266597110237,0.10000038146972656,1.0,0.0,0.0,0.0
uav_03,35.429156,-18.235906967997387,19.33266597110237,0.10000038146972656,1.0,0.0,0.0,0.0
uav_03,35.529116,-18.235906967997387,19.33266597110237,0.10000038146972656,1.0,0.0,0.0,0.0
uav_03,35.629076,-18.235906967997387,19.33266597110237,0.10000038146972656,1.0,0.0,0.0,0.0
uav_03,35.729036,-18.235906967997387,19.33266597110237,0.10000038146972656,1.0,0.0,0.0,0.0
uav_03,35.828996,-18.235906967997387,19.33266597110237,0.10000038146972656,1.0,0.0,0.0,0.0
uav_03,35.929789,-18.235906967997387,19.33266597110237,0.10000038146972656,1.0,0.0,0.0,0.0
uav_03,36.029749,-18.235906967997387,19.33266597110237,0.10000038146972656,1.0,0.0,0.0,0.0
uav_03,36.129709,-18.235906967997387,19.33266597110237,0.10000038146972656,1.0,0.0,0.0,0.0
uav_03,36.229669,-18.235906967997387,19.33266597110237,0.10000038146972656,1.0,0.0,0.0,0.0
uav_03,36.329629,-18.235906967997387,19.33266597110237,0.10000038146972656,1.0,0.0,0.0,0.0
uav_03,36.429589,-18.235906967997387,19.33266597110237,0.10000038146972656,1.0,0.0,0.0,0.0
uav_03,36.529549,-18.235906967997387,19.33266597110237,0.10000038146972656,1.0,0.0,0.0,0.0
uav_03,36.629509,-18.235906967997387,19.33266597110237,0.10000038146972656,1.0,0.0,0.0,0.0
uav_03,36.729469,-18.235906967997387,19.33266597110237,0.10000038146972656,1.0,0.0,0.0,0.0
uav_03,36.829429,-18.235906967997387,19.33266597110237,0.10000038146972656,1.0,0.0,0.0,0.0
uav_03,36.929389,-18.235906967997387,19.33266597110237,0.10000038146972656,1.0,0.0,0.0,0.0
uav_03,37.029349,-18.235906967997387,19.33266597110237,0.10000038146972656,1.0,0.0,0.0,0.0
uav_03,37.129309,-18.235906967997387,19.33266597110237,0.10000038146972656,1.0,0.0,0.0,0.0
uav_03,37.229269,-18.235906967997387,19.33266597110237,0.10000038146972656,1.0,0.0,0.0,0.0
uav_03,37.329229,-18.235906967997387,19.33266597110237,0.10000038146972656,1.0,0.0,0.0,0.0
uav_03,37.429189,-18.235906967997387,19.33266597110237,0.10000038146972656,1.0,0.0,0.0,0.0
uav_03,37.529149,-18.235906967997387,19.33266597110237,0.10000038146972656,1.0,0.0,0.0,0.0
uav_03,37.629109,-18.235906967997387,19.33266597110237,0.10000038146972656,1.0,0.0,0.0,0.0
uav_03,37.729069,-18.235906967997387,19.33266597110237,0.10000038146972656,1.0,0.0,0.0,0.0
uav_03,37.829029,-18.235906967997387,19.33266597110237,0.10000038146972656,1.0,0.0,0.0,0.0
uav_03,37.928989,-18.235906967997387,19.33266597110237,0.10000038146972656,1.0,0.0,0.0,0.0
uav_03,38.029782,-18.235906967997387,19.33266597110237,0.10000038146972656,1.0,0.0,0.0,0.0
uav_03,38.129742,-18.235906967997387,19.33266597110237,0.10000038146972656,1.0,0.0,0.0,0.0
uav_03,38.229702,-18.235906967997387,19.33266597110237,0.10000038146972656,1.0,0.0,0.0,0.0
uav_03,38.329662,-18.235906967997387,19.33266597110237,0.10000038146972656,1.0,0.0,0.0,0.0
uav_03,38.429622,-18.235906967997387,19.33266597110237,0.10000038146972656,1.0,0.0,0.0,0.0
uav_03,38.529582,-18.235906967997387,19.33266597110237,0.10000038146972656,1.0,0.0,0.0,0.0
uav_03,38.629542,-18.235906967997387,19.33266597110237,0.10000038146972656,1.0,0.0,0.0,0.0
uav_03,38.729502,-18.235906967997387,19.33266597110237,0.10000038146972656,1.0,0.0,0.0,0.0
uav_03,38.829462,-18.235906967997387,19.33266597110237,0.10000038146972656,1.0,0.0,0.0,0.0
uav_03,38.929422,-18.235906967997387,19.33266597110237,0.10000038146972656,1.0,0.0,0.0,0.0
uav_03,39.029382,-18.235906967997387,19.33266597110237,0.10000038146972656,1.0,0.0,0.0,0.0
uav_03,39.129342,-18.235906967997387,19.33266597110237,0.10000038146972656,1.0,0.0,0.0,0.0
uav_03,39.229302,-18.235906967997387,19.33266597110237,0.10000038146972656,1.0,0.0,0.0,0.0
uav_03,39.329262,-18.235906967997387,19.33266597110237,0.10000038146972656,1.0,0.0,0.0,0.0
uav_03,39.429222,-18.235906967997387,19.33266597110237,0.10000038146972656,1.0,0.0,0.0,0.0
uav_03,39.529182,-18.235906967997387,19.33266597110237,0.10000038146972656,1.0,0.0,0.0,0.0
uav_03,39.629142,-18.235906967997387,19.33266597110237,0.10000038146972656,1.0,0.0,0.0,0.0
uav_03,39.729102,-18.235906967997387,19.33266597110237,0.10000038146972656,1.0,0.0,0.0,0.0
uav_03,39.829062,-18.235906967997387,19.33266597110237,0.10000038146972656,1.0,0.0,0.0,0.0
uav_03,39.929022,-18.235906967997387,19.33266597110237,0.10000038146972656,1.0,0.0,0.0,0.0
uav_03,40.029815,-18.235906967997387,19.33266597110237,0.10000038146972656,1.0,0.0,0.0,0.0
uav_03,40.129775,-18.235906967997387,19.33266597110237,0.10000038146972656,1.0,0.0,0.0,0.0
uav_03,40.229735,-18.235906967997387,19.33266597110237,0.10000038146972656,1.0,0.0,0.0,0.0
uav_03,40.329695,-18.235906967997387,19.33266597110237,0.10000038146972656,1.0,0.0,0.0,0.0
uav_03,40.429655,-18.235906967997387,19.33266597110237,0.10000038146972656,1.0,0.0,0.0,0.0
uav_03,40.529615,-18.235906967997387,19.33266597110237,0.10000038146972656,1.0,0.0,0.0,0.0
uav_03,40.629575,-18.235906967997387,19.33266597110237,0.10000038146972656,1.0,0.0,0.0,0.0
uav_03,40.729535,-18.235906967997387,19.33266597110237,0.10000038146972656,1.0,0.0,0.0,0.0
uav_03,40.829495,-18.235906967997387,19.33266597110237,0.10000038146972656,1.0,0.0,0.0,0.0
uav_03,40.929455,-18.235906967997387,19.33266597110237,0.10000038146972656,1.0,0.0,0.0,0.0
uav_03,41.029415,-18.235906967997387,19.33266597110237,0.10000038146972656,1.0,0.0,0.0,0.0
uav_03,41.129375,-18.235906967997387,19.33266597110237,0.10000038146972656,1.0,0.0,0.0,0.0
uav_03,41.229335,-18.235906967997387,19.33266597110237,0.10000038146972656,1.0,0.0,0.0,0.0
uav_03,41.329295,-18.235906967997387,19.33266597110237,0.10000038146972656,1.0,0.0,0.0,0.0
uav_03,41.429255,-18.235906967997387,19.33266597110237,0.10000038146972656,1.0,0.0,0.0,0.0
uav_03,41.529215,-18.235906967997387,19.33266597110237,0.10000038146972656,1.0,0.0,0.0,0.0
uav_03,41.629175,-18.235906967997387,19.33266597110237,0.10000038146972656,1.0,0.0,0.0,0.0
uav_03,41.729135,-18.235906967997387,19.33266597110237,0.10000038146972656,1.0,0.0,0.0,0.0
uav_03,41.829095,-18.235906967997387,19.33266597110237,0.10000038146972656,1.0,0.0,0.0,0.0
uav_03,41.929055,-18.235906967997387,19.33266597110237,0.10000038146972656,1.0,0.0,0.0,0.0
uav_03,42.029015,-18.235906967997387,19.33266597110237,0.10000038146972656,1.0,0.0,0.0,0.0
uav_03,42.129808,-18.235906967997387,19.33266597110237,0.10000038146972656,1.0,0.0,0.0,0.0
uav_03,42.229768,-18.235906967997387,19.33266597110237,0.10000038146972656,1.0,0.0,0.0,4.5933902514949665e-11
uav_03,42.329728,-18.235906967997387,19.33266597110237,0.10000038146972656,1.0,0.0,0.0,-3.905475387533386e-10
uav_03,42.429688,-18.235906967997387,19.33266597110237,0.10000038146972656,1.0,0.0,0.0,-2.2768739427192486e-07
uav_03,42.529648,-18.235906967997387,19.33266597110237,0.10000038146972656,1.0,0.0,0.0,-4.558744137739268e-07
uav_03,42.629608,-18.235906967997387,19.33266597110237,0.10000038146972656,1.0,0.0,0.0,-6.390218345586618e-07
uav_03,42.729568,-18.235906967997387,19.33266597110237,0.13000011444091797,1.0,0.0,0.0,-8.362660537386546e-07
uav_03,42.829528,-18.235906967997387,19.33266597110237,0.18999958038330078,1.0,0.0,0.0,-1.0084160066980985e-06
uav_03,42.929488,-18.235906967997387,19.33266597110237,0.26000022888183594,0.9999993443489075,-0.0008368112030439079,-0.0007790568051859736,-8.079915460257325e-06
uav_03,43.029448,-18.235906967997387,19.33266597110237,0.3900003433227539,0.9999911785125732,-0.0029454403556883335,-0.002985714003443718,-3.556769297574647e-05
uav_03,43.129408,-18.235906967997387,19.33266597110237,0.5699996948242188,0.9999749064445496,-0.0049313753843307495,-0.005084877833724022,-7.704338349867612e-05
uav_03,43.229368,-18.235906967997387,19.33266597110237,0.7700004577636719,0.9999650120735168,-0.005831950809806585,-0.005994325969368219,-0.0001311579835601151
uav_03,43.329328,-18.235906967997387,19.33266597110237,0.9899997711181641,0.9999692440032959,-0.005465579219162464,-0.005621488206088543,-0.0001893644075607881
uav_03,43.429288,-18.245555595449655,19.33266597110237,1.1999998092651367,0.9999809861183167,-0.004295760300010443,-0.004419116303324699,-0.0002438842348055914
uav_03,43.529248,-18.245555595449655,19.343751215481472,1.4099998474121094,0.9999926090240479,-0.0026216041296720505,-0.0027952073141932487,-0.00029323314083740115
uav_03,43.629208,-18.255204222901924,19.343751215481472,1.630000114440918,0.9999986886978149,-0.0010565295815467834,-0.0011799688218161464,-0.00033683452056720853
uav_03,43.729168,-18.255204222901924,19.35483645986058,1.8500003814697266,0.9999999403953552,-4.740940858027898e-05,-1.1210237971681636e-05,-0.0003705536655616015
uav_03,43.829128,-18.264852851725344,19.35483645986058,2.0699996948242188,0.9999997019767761,0.0003107964002992958,0.0005313251167535782,-0.00039684600778855383
uav_03,43.929088,-18.264852851725344,19.365921703845856,2.3000001907348633,0.9999997019767761,0.00036828694283030927,0.0005654625128954649,-0.00041389791294932365
uav_03,44.029048,-18.274501479177612,19.365921703845856,2.5299997329711914,0.9999997615814209,0.00040601330692879856,0.00032181854476220906,-0.0004174416826572269
uav_03,44.129008,-18.274501479177612,19.365921703845856,2.75,0.9999998211860657,0.00038499681977555156,0.00022015385911799967,-0.0004134534683544189
uav_03,44.229801,-18.274501479177612,19.37700694822496,2.979999542236328,0.9999998211860657,0.0003013810783158988,0.0002632013929542154,-0.0004070441937074065
uav_03,44.329761,-18.284150108001032,19.37700694822496,3.2100000381469727,0.9999996423721313,0.0005343944067135453,0.0005292068235576153,-0.00040139741031453013
uav_03,44.429721,-18.284150108001032,19.37700694822496,3.439999580383301,0.9999992251396179,0.0008524200529791415,0.0008163448073901236,-0.00039160202140919864
uav_03,44.529681,-18.284150108001032,19.388092192604063,3.6700000762939453,0.9999987483024597,0.0011979126138612628,0.0009862465085461736,-0.00037788436748087406
uav_03,44.629641,-18.284150108001032,19.388092192604063,3.890000343322754,0.9999982118606567,0.0014649734366685152,0.0011210545198991895,-0.0003662120725493878
uav_03,44.729601,-18.284150108001032,19.388092192604063,4.120000839233398,0.9999978542327881,0.0016688902396708727,0.0011608358472585678,-0.00035861937794834375
uav_03,44.829561,-18.2937987354533,19.388092192604063,4.340000152587891,0.9999982714653015,0.0014770273119211197,0.0010703924344852567,-0.00035733135882765055
uav_03,44.929521,-18.2937987354533,19.388092192604063,4.569999694824219,0.999998927116394,0.0010440621990710497,0.00096326315542683,-0.00036231178091838956
uav_03,45.029481,-18.2937987354533,19.388092192604063,4.790000915527344,0.999999463558197,0.0005240266327746212,0.0008340023341588676,-0.00037368497578427196
uav_03,45.129441,-18.2937987354533,19.388092192604063,5.0,0.9999995231628418,0.00011768347030738369,0.0008674797718413174,-0.0003885343321599066
uav_03,45.229401,-18.2937987354533,19.388092192604063,5.219999313354492,0.9999993443489075,-2.22443304664921e-05,0.0010520245414227247,-0.0004072304582223296
uav_03,45.329361,-18.2937987354533,19.388092192604063,5.420000076293945,0.9999993443489075,6.299771484918892e-05,0.0010651706252247095,-0.00042956252582371235
uav_03,45.429321,-18.2937987354533,19.388092192604063,5.629999160766602,0.9999995231628418,0.0002796730841509998,0.0008115422097034752,-0.000454247638117522
uav_03,45.529281,-18.2937987354533,19.388092192604063,5.819999694824219,0.9999995827674866,0.0005771035794168711,0.00045363904791884124,-0.00048088806215673685
uav_03,45.629241,-18.2937987354533,19.388092192604063,6.010000228881836,0.9999995231628418,0.0008535860106348991,1.780316415533889e-05,-0.0005080189439468086
uav_03,45.729201,-18.2937987354533,19.388092192604063,6.180000305175781,0.9999991655349731,0.001147325849160552,-0.00028083441429771483,-0.0005350369610823691
uav_03,45.829161,-18.2937987354533,19.388092192604063,6.350000381469727,0.9999989867210388,0.0011724457144737244,-0.0005369563004933298,-0.0005605393671430647
uav_03,45.929121,-18.2937987354533,19.388092192604063,6.510000228881836,0.9999991059303284,0.0009737927466630936,-0.0006737812655046582,-0.0005857286741957068
uav_03,46.029081,-18.284150108001032,19.388092192604063,6.649999618530273,0.999999463558197,0.0006320086540654302,-0.000577481638174504,-0.0006073424592614174
uav_03,46.129041,-18.284150108001032,19.388092192604063,6.790000915527344,0.9999997019767761,0.00026355579029768705,-0.0002796030603349209,-0.0006274174666032195
uav_03,46.229001,-18.284150108001032,19.388092192604063,6.909999847412109,0.9999997615814209,6.0649410443147644e-05,5.195986159378663e-05,-0.0006455930997617543
uav_03,46.329794,-18.284150108001032,19.388092192604063,7.010000228881836,0.9999997019767761,2.8484832000685856e-05,0.00040359815466217697,-0.0006619053310714662
uav_03,46.429754,-18.284150108001032,19.388092192604063,7.1100006103515625,0.9999996423721313,-8.814016473479569e-05,0.0004828104574698955,-0.0006688988069072366
uav_03,46.529714,-18.284150108001032,19.388092192604063,7.190000534057617,0.9999996423721313,-0.00020572425273712724,0.000422189332311973,-0.000677194504532963
uav_03,46.629674,-18.284150108001032,19.388092192604063,7.270000457763672,0.9999996423721313,-0.0003618051123339683,0.0003433531674090773,-0.0006895450642332435
uav_03,46.729634,-18.284150108001032,19.388092192604063,7.329999923706055,0.9999996423721313,-0.0004873627331107855,0.0001642774441279471,-0.0007034154841676354
uav_03,46.829594,-18.284150108001032,19.388092192604063,7.379999160766602,0.9999995827674866,-0.0005779018974862993,-4.294795871828683e-05,-0.0007177465013228357
uav_03,46.929554,-18.284150108001032,19.388092192604063,7.430000305175781,0.9999995827674866,-0.0005279344040900469,1.832244379329495e-05,-0.0007339278818108141
uav_03,47.029514,-18.284150108001032,19.388092192604063,7.469999313354492,0.9999996423721313,-0.0004074342141393572,0.000119140422611963,-0.0007512093288823962
uav_03,47.129474,-18.284150108001032,19.388092192604063,7.5,0.9999996423721313,-0.0003616806061472744,0.00019387084466870874,-0.0007689424674026668
uav_03,47.229434,-18.284150108001032,19.388092192604063,7.530000686645508,0.9999995827674866,-0.000440807081758976,0.0002322914224350825,-0.0007879326585680246
uav_03,47.329394,-18.284150108001032,19.388092192604063,7.559999465942383,0.9999995231628418,-0.00042828460573218763,0.0003456960548646748,-0.0008057319209910929
uav_03,47.429354,-18.284150108001032,19.388092192604063,7.579999923706055,0.9999995231628418,-0.00029148199246264994,0.00036209155223332345,-0.0008229553932324052
uav_03,47.529314,-18.284150108001032,19.388092192604063,7.600000381469727,0.9999995827674866,-0.00019553620950318873,0.0002961850550491363,-0.0008421755046583712
uav_03,47.629274,-18.284150108001032,19.388092192604063,7.6100006103515625,0.9999995827674866,-0.00019934185547754169,0.00015520617307629436,-0.0008597305277362466
uav_03,47.729234,-18.284150108001032,19.388092192604063,7.629999160766602,0.9999995827674866,-0.00024890006170608103,4.027939576189965e-05,-0.0008741081692278385
uav_03,47.829194,-18.284150108001032,19.388092192604063,7.6399993896484375,0.9999995231628418,-0.00040884074405767024,-8.181588054867461e-05,-0.000887232949025929
uav_03,47.929154,-18.284150108001032,19.388092192604063,7.649999618530273,0.9999994039535522,-0.0005281259655021131,-0.00024566618958488107,-0.0009017615229822695
uav_03,48.029114,-18.284150108001032,19.388092192604063,7.659999847412109,0.9999993443489075,-0.0005242530023679137,-0.0004062291991431266,-0.000916445511393249
uav_03,48.129074,-18.284150108001032,19.388092192604063,7.670000076293945,0.999999463558197,-0.00024433067301288247,-0.0002649733505677432,-0.000932727416511625
uav_03,48.229034,-18.284150108001032,19.388092192604063,7.680000305175781,0.9999995231628418,3.731164906639606e-05,1.895017135211674e-06,-0.0009503653272986412
uav_03,48.328994,-18.284150108001032,19.388092192604063,7.680000305175781,0.9999995231628418,7.346803158725379e-06,0.00018552861001808196,-0.0009635204914957285
uav_03,48.429787,-18.284150108001032,19.388092192604063,7.690000534057617,0.999999463558197,-0.00017493494669906795,0.00033139242441393435,-0.0009800856932997704
uav_03,48.529747,-18.284150108001032,19.388092192604063,7.700000762939453,0.9999992847442627,-0.00042983185267075896,0.0004757347342092544,-0.0010004591895267367
uav_03,48.629707,-18.284150108001032,19.388092192604063,7.700000762939453,0.9999990463256836,-0.0006973710842430592,0.0005942347925156355,-0.0010226704180240631
uav_03,48.729667,-18.284150108001032,19.388092192604063,7.709999084472656,0.9999989867210388,-0.0007527151028625667,0.0005827266140840948,-0.0010476575698703527
uav_03,48.829627,-18.284150108001032,19.388092192604063,7.709999084472656,0.9999992251396179,-0.0004632537311408669,0.00041240433347411454,-0.0010661075357347727
uav_03,48.929587,-18.284150108001032,19.388092192604063,7.709999084472656,0.9999993443489075,-5.7121120335068554e-05,0.0002445717400405556,-0.0010903682559728622
uav_03,49.029547,-18.284150108001032,19.388092192604063,7.719999313354492,0.9999993443489075,0.00017548497999086976,0.0001787209912436083,-0.0011188271455466747
uav_03,49.129507,-18.284150108001032,19.388092192604063,7.719999313354492,0.9999992847442627,0.0002918610698543489,8.755709131946787e-05,-0.0011403991375118494
uav_03,49.229467,-18.284150108001032,19.388092192604063,7.719999313354492,0.9999992251396179,0.00036789715522900224,-2.7428985049482435e-05,-0.0011583978775888681
uav_03,49.329427,-18.284150108001032,19.388092192604063,7.729999542236328,0.9999992847442627,0.000266709306742996,-0.00013510367716662586,-0.0011750422418117523
uav_03,49.429387,-18.284150108001032,19.388092192604063,7.729999542236328,0.9999992251396179,5.380919901654124e-05,-0.0002394369657849893,-0.0011970356572419405
uav_03,49.529347,-18.284150108001032,19.388092192604063,7.729999542236328,0.9999991655349731,0.00013758748536929488,-0.0003420585417188704,-0.0012215590104460716
uav_03,49.629307,-18.284150108001032,19.388092192604063,7.729999542236328,0.9999985098838806,0.001211669878102839,-0.00010784056939883158,-0.001235562958754599
uav_03,49.729267,-18.284150108001032,19.388092192604063,7.739999771118164,0.9999898076057434,0.004212033469229937,0.0010197808733209968,-0.001255849259905517
uav_03,49.829227,-18.284150108001032,19.388092192604063,7.739999771118164,0.9999481439590454,0.00954432226717472,0.0033081918954849243,-0.001282564946450293
uav_03,49.929187,-18.284150108001032,19.37700694822496,7.739999771118164,0.9998367428779602,0.016775531694293022,0.006584782153367996,-0.0013191873440518975
uav_03,50.029147,-18.274501479177612,19.37700694822496,7.739999771118164,0.9996299743652344,0.025063348934054375,0.010481118224561214,-0.0013730794889852405
uav_03,50.129107,-18.264852851725344,19.37700694822496,7.739999771118164,0.9993358254432678,0.033375367522239685,0.014553623273968697,-0.0014602390583604574
uav_03,50.229067,-18.245555595449655,19.365921703845856,7.739999771118164,0.9990138411521912,0.040434785187244415,0.018268931657075882,-0.0016005879733711481
uav_03,50.329027,-18.235906967997387,19.365921703845856,7.75,0.998721718788147,0.045870501548051834,0.021156124770641327,-0.0018077633576467633
uav_03,50.428987,-18.206961082898278,19.343751215481472,7.75,0.998489260673523,0.04989895224571228,0.022912219166755676,-0.0020772535353899
uav_03,50.52978,-18.16836657171805,19.33266597110237,7.75,0.9983099699020386,0.052987705916166306,0.02374509535729885,-0.002376277931034565
uav_03,50.62974,-18.120123431714408,19.32158072711709,7.75,0.9981498122215271,0.05566219985485077,0.024323273450136185,-0.002663041464984417
uav_03,50.7297,-18.06223166288734,19.310495482737984,7.75,0.9979623556137085,0.058271944522857666,0.025862501934170723,-0.002586252521723509
uav_03,50.82966,-18.004339895431425,19.277239749994497,7.75,0.9977607131004333,0.05995948985219002,0.029624570161104202,0.0009142365888692439
uav_03,50.92962,-17.93679949915209,19.24398401725101,7.75,0.9974496960639954,0.060633379966020584,0.03507859259843826,0.01368018426001072
uav_03,51.02958,-17.869259102872753,19.210728284507518,7.75,0.9965535998344421,0.061185676604509354,0.03917563334107399,0.04003190994262695
uav_03,51.12954,-17.78242145031773,19.177472551764033,7.75,0.9940139055252075,0.06238371133804321,0.04006022959947586,0.08024796843528748
uav_03,51.2295,-17.695583797762705,19.12204633065616,7.75,0.9883922934532166,0.06467472016811371,0.0369148813188076,0.13242030143737793
uav_03,51.32946,-17.599097517755414,19.077705353533567,7.760000228881836,0.9781777262687683,0.06838292628526688,0.030213715508580208,0.1938537359237671
uav_03,51.42942,-17.502611237748123,19.01119388804659,7.760000228881836,0.962146520614624,0.07346707582473755,0.02101275883615017,0.2616010308265686
uav_03,51.52938,-17.39647632891741,18.944682422559616,7.760000228881836,0.9396266937255859,0.07939193397760391,0.010480429045855999,0.33269912004470825
uav_03,51.62934,-17.28069279263443,18.87817095707264,7.760000228881836,0.9106581807136536,0.08509443700313568,-0.0005964624579064548,0.4043021500110626
uav_03,51.7293,-17.16490925635145,18.811659491585665,7.760000228881836,0.8760154247283936,0.08960205316543579,-0.011556570418179035,0.4737456440925598
uav_03,51.82926,-17.02982846379278,18.74514802609869,7.760000228881836,0.8372374773025513,0.09172605723142624,-0.021813569590449333,0.5386500954627991
uav_03,51.92922,-16.88509904378184,18.667551316232608,7.760000228881836,0.7962913513183594,0.09065891057252884,-0.031038032844662666,0.5972751975059509
uav_03,52.02918,-16.750018251223167,18.601039850745632,7.770000457763672,0.7550400495529175,0.08671321719884872,-0.038814302533864975,0.6487593650817871
uav_03,52.12914,-16.595640203759967,18.523443140879554,7.770000457763672,0.7148682475090027,0.08126900345087051,-0.044695496559143066,0.6930808424949646
uav_03,52.2291,-16.421964898649914,18.46801691977168,7.770000457763672,0.676536500453949,0.07590299099683762,-0.048544492572546005,0.7308765053749084
uav_03,52.32906,-16.25793822236329,18.379334965920325,7.770000457763672,0.6401882767677307,0.07185173779726028,-0.05043943226337433,0.7631855607032776
uav_03,52.42902,-16.08426291725324,18.312823500433346,7.770000457763672,0.6054686307907104,0.06946196407079697,-0.05098272114992142,0.7911911606788635
uav_03,52.529813,-15.891290357238654,18.235226790567264,7.770000457763672,0.5716161727905273,0.0682666078209877,-0.051912132650613785,0.8160268068313599
uav_03,52.629773,-15.717615053499761,18.168715325080292,7.770000457763672,0.5406292080879211,0.06660386174917221,-0.055269915610551834,0.8367969989776611
uav_03,52.729733,-15.534291120937446,18.09111861521421,7.770000457763672,0.5152944922447205,0.06408604979515076,-0.06035367771983147,0.8524799346923828
uav_03,52.829693,-15.34131855955171,18.013521905348128,7.780000686645508,0.49795082211494446,0.06122850999236107,-0.06517965346574783,0.8625819683074951
uav_03,52.929653,-15.148345999537124,17.947010439861153,7.780000686645508,0.4893063008785248,0.05910990759730339,-0.06776150315999985,0.8674639463424683
uav_03,53.029613,-14.945724810699119,17.8694137303889,7.780000686645508,0.48870155215263367,0.05841454863548279,-0.06727626174688339,0.8678896427154541
uav_03,53.129573,-14.733454994408847,17.802902264901924,7.780000686645508,0.49464452266693115,0.05949338898062706,-0.06400244683027267,0.8646912574768066
uav_03,53.229533,-14.530833805570841,17.73639079941495,7.780000686645508,0.5052435398101807,0.06243376433849335,-0.058726586401462555,0.8587095737457275
uav_03,53.329493,-14.31856398928057,17.66987933392797,7.780000686645508,0.5185182094573975,0.06681429594755173,-0.05267978087067604,0.8508228659629822
uav_03,53.429453,-14.106294172990296,17.59228262406189,7.780000686645508,0.5325157046318054,0.07160808891057968,-0.04685342311859131,0.8420831561088562
uav_03,53.529413,-13.884375727876604,17.525771158574916,7.780000686645508,0.545469343662262,0.07577664405107498,-0.04204218089580536,0.8336387276649475
uav_03,53.629373,-13.67210591158633,17.45925969308794,7.780000686645508,0.5560384392738342,0.07853679358959198,-0.03865910321474075,0.8265341520309448
uav_03,53.729333,-13.459836095296057,17.37057773923658,7.780000686645508,0.5633767247200012,0.07973533868789673,-0.036823634058237076,0.8215186595916748
uav_03,53.829293,-13.23791765018236,17.281895784991395,7.780000686645508,0.5671358108520508,0.07961931824684143,-0.036328960210084915,0.818961501121521
uav_03,53.929253,-13.01599920643982,17.193213831140035,7.780000686645508,0.5674228072166443,0.07853508740663528,-0.0370355024933815,0.8188357353210449
uav_03,54.029213,-12.803729388778395,17.10453187689485,7.780000686645508,0.5646963119506836,0.07697299122810364,-0.03877824544906616,0.8207858800888062
uav_03,54.129173,-12.581810945035855,17.015849923043493,7.780000686645508,0.5596715211868286,0.07523199915885925,-0.04100441932678223,0.8242733478546143
uav_03,54.229133,-12.35989249992216,16.927167969192134,7.780000686645508,0.5532205104827881,0.07344449311494827,-0.043382588773965836,0.8286560773849487
uav_03,54.329093,-12.137974056179619,16.82740077096167,7.780000686645508,0.5462290048599243,0.0719267949461937,-0.04554670676589012,0.8332982063293457
uav_03,54.429053,-11.916055611065925,16.74980406109559,7.780000686645508,0.5395206212997437,0.07084503769874573,-0.047371745109558105,0.8376480937004089
uav_03,54.529013,-11.694137165952233,16.650036862865125,7.780000686645508,0.5337827801704407,0.07006724923849106,-0.04867736995220184,0.841306746006012
uav_03,54.629806,-11.462570093386269,16.55026966463466,7.780000686645508,0.5294532179832458,0.06956752389669418,-0.04950408264994621,0.8440314531326294
uav_03,54.729766,-11.240651649643727,16.4505024664042,7.780000686645508,0.5268262028694153,0.06935515254735947,-0.04982216656208038,0.8456723690032959
uav_03,54.829726,-11.018733204530035,16.350735268173732,7.780000686645508,0.5258745551109314,0.06924372911453247,-0.04974191263318062,0.8462783098220825
uav_03,54.929686,-10.787166131964073,16.25096806994327,7.780000686645508,0.5264261364936829,0.06912702322006226,-0.04910131171345711,0.8459822535514832
uav_03,55.029646,-10.555599059398112,16.162286115698084,7.780000686645508,0.5281519889831543,0.06879417598247528,-0.04778429493308067,0.8450085520744324
uav_03,55.129606,-10.32403198683215,16.06251891746762,7.780000686645508,0.530674159526825,0.06775691360235214,-0.04573541879653931,0.8436244130134583
uav_03,55.229566,-10.111762170541875,15.973836963616261,7.780000686645508,0.5335730910301208,0.06582379341125488,-0.042995717376470566,0.8420916199684143
uav_03,55.329526,-9.880195097975914,15.874069765385798,7.780000686645508,0.5364332795143127,0.0632423684000969,-0.039761655032634735,0.8406299352645874
uav_03,55.429486,-9.65827665286222,15.774302567155333,7.780000686645508,0.5389253497123718,0.06005212664604187,-0.036483533680438995,0.8394177556037903
uav_03,55.529446,-9.426709580296258,15.67453536892487,7.780000686645508,0.540808379650116,0.05635040998458862,-0.033457301557064056,0.8385889530181885
uav_03,55.629406,-9.214439764005984,15.58585341507351,7.780000686645508,0.5419432520866394,0.05234905332326889,-0.030700528994202614,0.8382210731506348
uav_03,55.729366,-8.99252131889229,15.486086216449221,7.790000915527344,0.5422771573066711,0.04813128709793091,-0.028017455711960793,0.8383519053459167
uav_03,55.829326,-8.780251502602018,15.397404262597862,7.790000915527344,0.5418794751167297,0.04339065030217171,-0.0253677349537611,0.8389519453048706
uav_03,55.929286,-8.567981686311745,15.308722308746503,7.790000915527344,0.5408462285995483,0.03850292041897774,-0.022750666365027428,0.8399316668510437
uav_03,56.029246,-8.36536049747374,15.208955110516039,7.790000915527344,0.5393354296684265,0.03295201435685158,-0.019714701920747757,0.8412150740623474
uav_03,56.129206,-8.172387937459156,15.13135840064996,7.790000915527344,0.5375019907951355,0.026470128446817398,-0.01588616520166397,0.8426972031593323
uav_03,56.229166,-7.989064004896841,15.0426764467986,7.790000915527344,0.5355916023254395,0.01953008398413658,-0.01165881846100092,0.8441707491874695
uav_03,56.329126,-7.805740072334524,14.96507973693252,7.790000915527344,0.5338678359985352,0.012790806591510773,-0.007388549391180277,0.8454388976097107
uav_03,56.429086,-7.622416139772208,14.898568271445544,7.790000915527344,0.5325071215629578,0.006651538424193859,-0.0031815737020224333,0.8463934063911438
uav_03,56.529046,-7.46803809093785,14.809886317594184,7.790000915527344,0.5316264629364014,0.0009698155918158591,0.00099501374643296,0.8469777703285217
uav_03,56.629006,-7.313660043474643,14.743374852107209,7.790000915527344,0.5312408208847046,-0.0048979055136442184,0.005185724701732397,0.8471908569335938
uav_03,56.729799,-7.178579250915974,14.676863386226405,7.790000915527344,0.5312944054603577,-0.011496573686599731,0.009614106267690659,0.847054660320282
uav_03,56.829759,-7.043498458357303,14.621437165118534,7.790000915527344,0.5316959023475647,-0.017945583909749985,0.013647475279867649,0.8466352224349976
uav_03,56.929719,-6.9277149220743235,14.566010944010666,7.790000915527344,0.5323652625083923,-0.023108404129743576,0.016846269369125366,0.8460315465927124
uav_03,57.029679,-6.82158001324361,14.521669966888071,7.790000915527344,0.5332024097442627,-0.026280125603079796,0.018752995878458023,0.845371425151825
uav_03,57.129639,-6.7347423620597375,14.477328989765478,7.790000915527344,0.5340954661369324,-0.027654223144054413,0.019461724907159805,0.8447476029396057
uav_03,57.229599,-6.657553336956982,14.432988013036711,7.790000915527344,0.5349287390708923,-0.027820490300655365,0.01914275623857975,0.8442220091819763
uav_03,57.329559,-6.58036431322538,14.399732280293225,7.790000915527344,0.5356215834617615,-0.027352137491106987,0.01845560409128666,0.8438131809234619
uav_03,57.429519,-6.522472544398313,14.377561791535015,7.799999237060547,0.5360758304595947,-0.0288954246789217,0.019367175176739693,0.8434528112411499
uav_03,57.529479,-6.474229404394667,14.355391303170633,7.799999237060547,0.5358225703239441,-0.04630965366959572,0.03104611672461033,0.8424878120422363
uav_03,57.629439,-6.4452835206667105,14.33322081480625,7.799999237060547,0.535258948802948,-0.06151793152093887,0.04113702476024628,0.8414399027824402
uav_03,57.729399,-6.416337636938754,14.322135570427145,7.799999237060547,0.5348865985870361,-0.06723777949810028,0.04474705085158348,0.8410547971725464
uav_03,57.829359,-6.416337636938754,14.322135570427145,7.799999237060547,0.5348916053771973,-0.06280811131000519,0.04163485765457153,0.8415537476539612
uav_03,57.929319,-6.425986264391021,14.322135570427145,7.799999237060547,0.5346247553825378,-0.06185536086559296,0.04096391797065735,0.8418266773223877
uav_03,58.029279,-6.4452835206667105,14.33322081480625,7.799999237060547,0.534301221370697,-0.06110796332359314,0.04019965976476669,0.8421235084533691
uav_03,58.129239,-6.474229404394667,14.344306058791528,7.799999237060547,0.5342518091201782,-0.05391038581728935,0.03486812859773636,0.8428837060928345
uav_03,58.229199,-6.512823916946045,14.366476547549738,7.799999237060547,0.534353494644165,-0.04194173589348793,0.026397472247481346,0.8438071012496948
uav_03,58.329159,-6.561067056949691,14.377561791535015,7.799999237060547,0.5344364047050476,-0.02872803807258606,0.017392104491591454,0.8445412516593933
uav_03,58.429119,-6.609310196953337,14.399732280293225,7.799999237060547,0.534450113773346,-0.01730654016137123,0.009802808053791523,0.8449659943580627
uav_03,58.529079,-6.667201965780403,14.421902768657606,7.799999237060547,0.534447193145752,-0.007130393758416176,0.0031358376145362854,0.8451659679412842
uav_03,58.629039,-6.71544510578405,14.444073257021989,7.799999237060547,0.5343730449676514,0.011255918070673943,-0.009277445264160633,0.8451228737831116
uav_03,58.728999,-6.744390989512007,14.4662437457802,7.799999237060547,0.5341712236404419,0.027142876759171486,-0.01987505331635475,0.844706654548645
uav_03,58.829792,-6.792634129515653,14.477328989765478,7.799999237060547,0.5340858101844788,0.035442452877759933,-0.025506464764475822,0.8443018794059753
uav_03,58.929752,-6.8119313857913415,14.488414234144583,7.799999237060547,0.5342122912406921,0.03653240576386452,-0.026149215176701546,0.8441557288169861
uav_03,59.029712,-6.83122864206703,14.499499478523688,7.799999237060547,0.5340477824211121,0.04628511890769005,-0.032675281167030334,0.8435537815093994
uav_03,59.129672,-6.83122864206703,14.499499478523688,7.799999237060547,0.5339708924293518,0.05283840000629425,-0.03755782172083855,0.8430139422416687
uav_03,59.229632,-6.82158001324361,14.499499478523688,7.799999237060547,0.5341892838478088,0.052480217069387436,-0.038885898888111115,0.8428378105163574
uav_03,59.329592,-6.792634129515653,14.499499478523688,7.799999237060547,0.5346145629882812,0.04716924950480461,-0.037935107946395874,0.8429253697395325
uav_03,59.429552,-6.773336873239964,14.488414234144583,7.799999237060547,0.5350635051727295,0.040241509675979614,-0.03683580458164215,0.8430485129356384
uav_03,59.529512,-6.7347423620597375,14.477328989765478,7.799999237060547,0.5353879928588867,0.03462985157966614,-0.03714560717344284,0.843078076839447
uav_03,59.629472,-6.69614784950836,14.4662437457802,7.799999237060547,0.5355339050292969,0.031953513622283936,-0.039807941764593124,0.842969536781311
uav_03,59.729432,-6.628607453229026,14.444073257021989,7.799999237060547,0.5354848504066467,0.03263797238469124,-0.044844482094049454,0.8427215814590454
uav_03,59.829392,-6.58036431322538,14.432988013036711,7.809999465942383,0.5352968573570251,0.03569604828953743,-0.05113743618130684,0.8423585891723633
uav_03,59.929352,-6.512823916946045,14.421902768657606,7.809999465942383,0.5350939631462097,0.03927591070532799,-0.05720873177051544,0.8419376611709595
uav_03,60.029312,-6.4452835206667105,14.410817524278505,7.809999465942383,0.5349665284156799,0.04205422103404999,-0.06213681772351265,0.8415350914001465
uav_03,60.129272,-6.358445868111685,14.399732280293225,7.809999465942383,0.5350173711776733,0.04349448159337044,-0.06570781022310257,0.8411582112312317
uav_03,60.229232,-6.261959588104394,14.38864703591412,7.809999465942383,0.5368107557296753,0.04201744869351387,-0.06914614886045456,0.8398140072822571
uav_03,60.329192,-6.146176051821413,14.377561791535015,7.809999465942383,0.5446131825447083,0.037461888045072556,-0.07303744554519653,0.8346607685089111
uav_03,60.429152,-6.030392515538432,14.366476547549738,7.799999237060547,0.5626686215400696,0.03254276514053345,-0.07622586935758591,0.8225172758102417
uav_03,60.529112,-5.914608979255451,14.366476547549738,7.799999237060547,0.5915716290473938,0.03073004074394703,-0.07728186994791031,0.8019514679908752
uav_03,60.629072,-5.789176815520202,14.366476547549738,7.799999237060547,0.6277776956558228,0.03492579609155655,-0.07483664155006409,0.7739992141723633
uav_03,60.729032,-5.654096022961532,14.377561791535015,7.799999237060547,0.6655981540679932,0.04518692567944527,-0.06941279768943787,0.7417001724243164
uav_03,60.828992,-5.509366602950593,14.377561791535015,7.799999237060547,0.7002874612808228,0.05939386412501335,-0.062491677701473236,0.7086357474327087
uav_03,60.929785,-5.364637181568503,14.38864703591412,7.799999237060547,0.7288292646408081,0.07417480647563934,-0.05572056025266647,0.6783812642097473
uav_03,61.029745,-5.200610505281876,14.38864703591412,7.799999237060547,0.749149739742279,0.08583326637744904,-0.050094977021217346,0.6549029350280762
uav_03,61.129705,-5.036583828995249,14.38864703591412,7.799999237060547,0.761345386505127,0.09210029989480972,-0.04612762853503227,0.6401116847991943
uav_03,61.229665,-4.853259896432934,14.377561791535015,7.799999237060547,0.7662310004234314,0.092253677546978,-0.044308170676231384,0.6343627572059631
uav_03,61.329625,-4.669935963870617,14.377561791535015,7.799999237060547,0.764988362789154,0.08734970539808273,-0.04503596946597099,0.6365018486976624
uav_03,61.429585,-4.476963403856033,14.366476547549738,7.799999237060547,0.7588377594947815,0.07932283729314804,-0.048483166843652725,0.6446103453636169
uav_03,61.529545,-4.274342215018028,14.344306058791528,7.799999237060547,0.7489920854568481,0.07035496830940247,-0.05398395285010338,0.6566176414489746
uav_03,61.629505,-4.081369655003444,14.33322081480625,7.799999237060547,0.736774742603302,0.062424156814813614,-0.06032969802618027,0.6705419421195984
uav_03,61.729465,-3.8594512098897504,14.322135570427145,7.799999237060547,0.7237436771392822,0.05659728869795799,-0.06608986854553223,0.6845611333847046
uav_03,61.829425,-3.6664786498751663,14.311050326048038,7.799999237060547,0.7115353345870972,0.05312465876340866,-0.0703030452132225,0.6971031427383423
uav_03,61.929385,-3.4542088335848935,14.29996508206276,7.809999465942383,0.7015354633331299,0.05160210281610489,-0.07271205633878708,0.7070347666740417
uav_03,62.029345,-3.2322903884711995,14.288879837683655,7.809999465942383,0.6946589350700378,0.051414407789707184,-0.07343383878469467,0.7137317657470703
uav_03,62.129305,-3.0200205721809263,14.288879837683655,7.809999465942383,0.6912526488304138,0.05211387202143669,-0.07259351760149002,0.7170663475990295
uav_03,62.229265,-2.798102127067233,14.288879837683655,7.809999465942383,0.6911601424217224,0.053262729197740555,-0.07078646123409271,0.7172516584396362
uav_03,62.329225,-2.56653505450127,14.29996508206276,7.809999465942383,0.6938201785087585,0.05459703132510185,-0.06849262118339539,0.7148017287254333
uav_03,62.429185,-2.3349679819353084,14.29996508206276,7.809999465942383,0.6984087824821472,0.05606958270072937,-0.06611360609531403,0.7104297280311584
uav_03,62.529145,-2.1034009093693466,14.29996508206276,7.809999465942383,0.7040247321128845,0.05755983665585518,-0.06383547931909561,0.7049546837806702
uav_03,62.629105,-1.8718338368033847,14.311050326048038,7.809999465942383,0.709825873374939,0.058821890503168106,-0.06152778118848801,0.6992149353027344
uav_03,62.729065,-1.6402667642374227,14.311050326048038,7.809999465942383,0.7151358127593994,0.05935229733586311,-0.058955878019332886,0.6939613223075867
uav_03,62.829025,-1.4086996916714607,14.322135570427145,7.809999465942383,0.719455897808075,0.05887574702501297,-0.05632465332746506,0.6897423267364502
uav_03,62.929818,-1.1771326191054987,14.322135570427145,7.809999465942383,0.7225122451782227,0.0572110190987587,-0.0534769743680954,0.6869084239006042
uav_03,63.029778,-0.9262682902638479,14.33322081480625,7.809999465942383,0.7241454720497131,0.05451800674200058,-0.05054844543337822,0.6856281757354736
uav_03,63.129738,-0.694701217697886,14.33322081480625,7.809999465942383,0.7244292497634888,0.051204927265644073,-0.047565143555402756,0.6857972741127014
uav_03,63.229698,-0.46313414513192397,14.33322081480625,7.809999465942383,0.7235683798789978,0.04733874648809433,-0.04456140100955963,0.68718421459198
uav_03,63.329658,-0.23156707256596198,14.344306058791528,7.809999465942383,0.7218619585037231,0.04289787635207176,-0.04152808338403702,0.6894567012786865
uav_03,63.429618,0.0,14.344306058791528,7.809999465942383,0.7196441292762756,0.038070276379585266,-0.038255948573350906,0.6922423243522644
uav_03,63.529578,0.21226981629027306,14.344306058791528,7.809999465942383,0.7172664999961853,0.03286663442850113,-0.034638550132513046,0.6951609253883362
uav_03,63.629538,0.4245396325805461,14.344306058791528,7.809999465942383,0.7150364518165588,0.02756415866315365,-0.03079758770763874,0.697864294052124
uav_03,63.729498,0.6464580776942398,14.355391303170633,7.809999465942383,0.7132153511047363,0.021758561953902245,-0.0260383989661932,0.700123131275177
uav_03,63.829458,0.8490792665322447,14.355391303170633,7.809999465942383,0.7119398713111877,0.015348680317401886,-0.019993934780359268,0.7017878890037537
uav_03,63.929418,1.0420518265468288,14.355391303170633,7.809999465942383,0.7112367749214172,0.008878747932612896,-0.013053007423877716,0.7027751803398132
uav_03,64.029378,1.2446730153848338,14.366476547549738,7.809999465942383,0.7110843658447266,0.002775756409391761,-0.006142819300293922,0.7030743956565857
uav_03,64.129338,1.4086996916714607,14.366476547549738,7.809999465942383,0.7114140391349792,-0.0028792463708668947,0.0005597713170573115,0.702767014503479
uav_03,64.229298,1.5727263679580878,14.377561791535015,7.809999465942383,0.7121021747589111,-0.008533724583685398,0.007357585709542036,0.7019854187965393
uav_03,64.329258,1.7271044167924468,14.377561791535015,7.809999465942383,0.713011622428894,-0.014170477166771889,0.014008942991495132,0.7008690237998962
uav_03,64.429218,1.8621852093511162,14.377561791535015,7.809999465942383,0.7140244841575623,-0.01865033060312271,0.019228952005505562,0.6996080875396729
uav_03,64.529178,1.9876173730863658,14.38864703591412,7.809999465942383,0.715036928653717,-0.02164972759783268,0.022429758682847023,0.698391318321228
uav_03,64.629138,2.1034009093693466,14.38864703591412,7.809999465942383,0.7159421443939209,-0.023463184013962746,0.023824801668524742,0.6973583698272705
uav_03,64.729098,2.1998871893766387,14.38864703591412,7.809999465942383,0.7165742516517639,-0.026740875095129013,0.026393961161375046,0.6964980959892273
uav_03,64.829058,2.2867248419316626,14.38864703591412,7.809999465942383,0.7161413431167603,-0.04462894797325134,0.043784402310848236,0.6951494216918945
uav_03,64.929018,2.3542652382109974,14.399732280293225,7.809999465942383,0.7151761651039124,-0.06043938174843788,0.059249892830848694,0.6938008666038513
uav_03,65.029811,2.3928597507623754,14.399732280293225,7.809999465942383,0.7145826816558838,-0.06663218140602112,0.06544055789709091,0.6932887434959412
uav_03,65.129771,2.4218056344903327,14.399732280293225,7.809999465942383,0.714485764503479,-0.06504114717245102,0.06392974406480789,0.6936805844306946
uav_03,65.229731,2.4314542619426005,14.399732280293225,7.809999465942383,0.713627815246582,-0.06992121040821075,0.06847423315048218,0.693655252456665
uav_03,65.329691,2.4121570056669115,14.399732280293225,7.809999465942383,0.7132288813591003,-0.06927146017551422,0.06588497757911682,0.6943811774253845
uav_03,65.429651,2.3832111219389547,14.410817524278505,7.809999465942383,0.7133625745773315,-0.062160998582839966,0.05380919948220253,0.695955753326416
uav_03,65.529611,2.3542652382109974,14.410817524278505,7.809999465942383,0.7135540843009949,-0.05226484686136246,0.03552250191569328,0.6977443099021912
uav_03,65.629571,2.2867248419316626,14.410817524278505,7.809999465942383,0.7135019302368164,-0.04332944378256798,0.015460952185094357,0.699141263961792
uav_03,65.729531,2.2384817019280163,14.421902768657606,7.809999465942383,0.7132575511932373,-0.037949904799461365,-0.0026669572107493877,0.6998687982559204
uav_03,65.829491,2.1709413056486815,14.432988013036711,7.809999465942383,0.7130692601203918,-0.03629128634929657,-0.016752906143665314,0.6999531984329224
uav_03,65.929451,2.1226981656450357,14.455158501401096,7.809999465942383,0.7131274342536926,-0.03701915591955185,-0.02610667794942856,0.6995694041252136
uav_03,66.029411,2.055157769365701,14.477328989765478,7.809999465942383,0.7134460806846619,-0.03857925906777382,-0.03173648193478584,0.698927104473114
uav_03,66.129371,2.0069146293620546,14.510584722508966,7.809999465942383,0.7139151692390442,-0.03989793732762337,-0.035394225269556046,0.6981980800628662
uav_03,66.229331,1.949022860534988,14.55492569963156,7.819999694824219,0.7143904566764832,-0.04053502157330513,-0.03877405449748039,0.6974953413009644
uav_03,66.329291,1.9007797205313417,14.610351920739431,7.819999694824219,0.7147907018661499,-0.0404667854309082,-0.04281080514192581,0.6968528628349304
uav_03,66.429251,1.8525365805276959,14.665778142241127,7.819999694824219,0.7153071761131287,-0.04052504524588585,-0.04730765521526337,0.6960282921791077
uav_03,66.529211,1.8235906967997386,14.732289607728104,7.809999465942383,0.7180916666984558,-0.04216226190328598,-0.050715215504169464,0.6928164958953857
uav_03,66.629171,1.7753475567960926,14.809886317594184,7.809999465942383,0.7271889448165894,-0.04548383131623268,-0.05218534916639328,0.6829378604888916
uav_03,66.729131,1.7367530442447146,14.898568271445544,7.809999465942383,0.7452358603477478,-0.048369474709033966,-0.05300099402666092,0.6629289388656616
uav_03,66.829091,1.7078071605167575,14.976164981311623,7.809999465942383,0.7716197371482849,-0.049122828990221024,-0.05449666455388069,0.6318385601043701
uav_03,66.929051,1.6788612767888005,15.075932179542088,7.809999465942383,0.8039586544036865,-0.0470273457467556,-0.05738202482461929,0.5900391936302185
uav_03,67.029011,1.649915391689691,15.18678462175783,7.809999465942383,0.8392914533615112,-0.041936181485652924,-0.0619782991707325,0.5385071039199829
uav_03,67.129804,1.6209695079617337,15.297637064367398,7.809999465942383,0.8750233054161072,-0.03404802829027176,-0.0677766501903534,0.4781017601490021
uav_03,67.229764,1.5920236242337766,15.43065999534135,7.809999465942383,0.9081104397773743,-0.023885630071163177,-0.07283499091863632,0.41165515780448914
uav_03,67.329724,1.5630777405058196,15.552597682330022,7.809999465942383,0.9369687438011169,-0.012082242406904697,-0.07563269138336182,0.3409152925014496
uav_03,67.429684,1.5437804842301306,15.685620613303977,7.809999465942383,0.9603527188301086,0.00027585437055677176,-0.07526616007089615,0.2684354782104492
uav_03,67.529644,1.5341318554067098,15.84081403264231,7.809999465942383,0.9776651263237,0.012787524610757828,-0.07142852246761322,0.19724442064762115
uav_03,67.629604,1.5244832279544418,15.973836963616261,7.809999465942383,0.9887595772743225,0.025521567091345787,-0.06435846537351608,0.13251827657222748
uav_03,67.729564,1.5244832279544418,16.11794513896932,7.809999465942383,0.9944849014282227,0.03674547001719475,-0.05521223694086075,0.08124780654907227
uav_03,67.829524,1.5341318554067098,16.273138558307654,7.809999465942383,0.9968425035476685,0.04422939941287041,-0.045256905257701874,0.04796476289629936
uav_03,67.929484,1.5534291116823988,16.417246733660708,7.809999465942383,0.997715413570404,0.04662550240755081,-0.03585462272167206,0.03323300555348396
uav_03,68.029444,1.5727263679580878,16.561354909013765,7.809999465942383,0.9980658888816833,0.04356095939874649,-0.02751990593969822,0.03477834165096283
uav_03,68.129404,1.6016722516860449,16.694377839987716,7.809999465942383,0.9979429244995117,0.03643835335969925,-0.01982574537396431,0.04887872561812401
uav_03,68.229364,1.6402667642374227,16.82740077096167,7.809999465942383,0.9969492554664612,0.026997441425919533,-0.013426181860268116,0.07199355959892273
uav_03,68.329324,1.6788612767888005,16.96042370193562,7.809999465942383,0.9947042465209961,0.01740053854882717,-0.008599366992712021,0.10092919319868088
uav_03,68.429284,1.7174557879690258,17.08236138853047,7.809999465942383,0.9910911321640015,0.009441220201551914,-0.004849448800086975,0.13276177644729614
uav_03,68.529244,1.7560503005204038,17.193213831140035,7.819999694824219,0.9863306283950806,0.004319768399000168,-0.0011468498269096017,0.1647176742553711
uav_03,68.629204,1.7946448130717816,17.304066273749605,7.819999694824219,0.9809973239898682,0.0022293790243566036,0.0027833268977701664,0.19398845732212067
uav_03,68.729164,1.8235906967997386,17.403833471980068,7.819999694824219,0.9759040474891663,0.0025303270667791367,0.006600602064281702,0.2180856615304947
uav_03,68.829124,1.8621852093511162,17.492515425831424,7.819999694824219,0.9718420505523682,0.004204964265227318,0.009999060072004795,0.2353833168745041
uav_03,68.929084,1.8911310930790737,17.570112135697507,7.819999694824219,0.9693567156791687,0.006255814339965582,0.012867575511336327,0.24524039030075073
uav_03,69.029044,1.9200769768070305,17.647708845169763,7.819999694824219,0.968633234500885,0.007909239269793034,0.015022605657577515,0.2479141503572464
uav_03,69.129004,1.949022860534988,17.714220310656735,7.819999694824219,0.9691998958587646,0.013042902573943138,0.028382856398820877,0.24428631365299225
uav_03,69.229797,1.9779687456340975,17.780731776143714,7.819999694824219,0.97075355052948,0.017419403418898582,0.042743198573589325,0.23559945821762085
uav_03,69.329757,2.0069146293620546,17.82507275326631,7.819999694824219,0.9731426239013672,0.018506310880184174,0.05068691074848175,0.22378972172737122
uav_03,69.429717,2.035860513090012,17.858328486009793,7.819999694824219,0.9761109352111816,0.016200147569179535,0.05053594708442688,0.2106919139623642
uav_03,69.529677,2.055157769365701,17.8694137303889,7.819999694824219,0.9787642359733582,0.01395114604383707,0.05168836563825607,0.19787421822547913
uav_03,69.629637,2.0841036530936576,17.880498974374177,7.819999694824219,0.9808151721954346,0.011317882686853409,0.05508752539753914,0.18665173649787903
uav_03,69.729597,2.1034009093693466,17.880498974374177,7.809999465942383,0.9825771450996399,0.005226993467658758,0.05275053158402443,0.17813542485237122
uav_03,69.829557,2.1226981656450357,17.8694137303889,7.809999465942383,0.9838923215866089,-0.003906785510480404,0.04530228301882744,0.17288252711296082
uav_03,69.929517,2.1419954219207242,17.84724324163069,7.819999694824219,0.9845256805419922,-0.014641215093433857,0.03580718860030174,0.17091722786426544
uav_03,70.029477,2.1516440493729925,17.82507275326631,7.819999694824219,0.9844334721565247,-0.02542763203382492,0.026679906994104385,0.17184972763061523
uav_03,70.129437,2.1709413056486815,17.791817020522817,7.819999694824219,0.9837602376937866,-0.034528568387031555,0.019827278330922127,0.17501570284366608
uav_03,70.229397,2.1709413056486815,17.769646532158436,7.819999694824219,0.9827462434768677,-0.04103982448577881,0.015555009245872498,0.1796763390302658
uav_03,70.329357,2.1516440493729925,17.73639079941495,7.819999694824219,0.9815831780433655,-0.04529891163110733,0.013651305809617043,0.1850840002298355
uav_03,70.429317,2.1323467930973035,17.714220310656735,7.819999694824219,0.9803994297981262,-0.04822361841797829,0.01322754193097353,0.19056886434555054
uav_03,70.529277,2.1226981656450357,17.680964577913247,7.819999694824219,0.979278564453125,-0.050837256014347076,0.013462801463901997,0.1955704540014267
uav_03,70.629237,2.0744550256413894,17.658794089548866,7.819999694824219,0.9782846570014954,-0.05392813682556152,0.01358863990753889,0.19966529309749603
uav_03,70.729197,2.035860513090012,17.636623601184485,7.819999694824219,0.9774646759033203,-0.0578412264585495,0.013318492099642754,0.20258291065692902
uav_03,70.829157,1.9779687456340975,17.62553835680538,7.819999694824219,0.9769128561019897,-0.062223006039857864,0.013121156953275204,0.20395436882972717
uav_03,70.929117,1.9200769768070305,17.59228262406189,7.809999465942383,0.9772394895553589,-0.06619532406330109,0.014769996516406536,0.20100507140159607
uav_03,71.029077,1.8525365805276959,17.570112135697507,7.809999465942383,0.9795241355895996,-0.06911375373601913,0.018222661688923836,0.18821194767951965
uav_03,71.129037,1.7753475567960926,17.559026891318403,7.809999465942383,0.98409104347229,-0.07119780033826828,0.021134091541171074,0.16139714419841766
uav_03,71.228997,1.6885099042410687,17.525771158574916,7.809999465942383,0.9898332357406616,-0.07276642322540283,0.021455248817801476,0.12031158804893494
uav_03,71.32979,1.5920236242337766,17.50360067021053,7.809999465942383,0.9948896765708923,-0.07406625896692276,0.01788550242781639,0.06624801456928253
uav_03,71.42975,1.4858887154030638,17.492515425831424,7.809999465942383,0.9971112608909607,-0.07520528882741928,0.010318566113710403,0.002622067229822278
uav_03,71.52971,1.370105179120083,17.45925969308794,7.809999465942383,0.9947184920310974,-0.0766969546675682,-0.0005463918787427247,-0.06820817291736603
uav_03,71.62967,1.254321642837102,17.437089204723556,7.809999465942383,0.9864580631256104,-0.07846744358539581,-0.013230527751147747,-0.14341658353805542
uav_03,71.72963,1.1192408502784321,17.426003960344453,7.809999465942383,0.9718166589736938,-0.0800890401005745,-0.02608158066868782,-0.22017689049243927
uav_03,71.82959,0.9841600590909146,17.403833471980068,7.809999465942383,0.9511011242866516,-0.08093608170747757,-0.037870798259973526,-0.2956717908382416
uav_03,71.92955,0.839430637708824,17.392748227600965,7.809999465942383,0.9254662394523621,-0.07996966689825058,-0.04775446653366089,-0.3672010898590088
uav_03,72.02951,0.694701217697886,17.392748227600965,7.809999465942383,0.8965902328491211,-0.0766063705086708,-0.0554322823882103,-0.4326484799385071
uav_03,72.12947,0.5306745414112589,17.37057773923658,7.809999465942383,0.8661766052246094,-0.07128749787807465,-0.061080481857061386,-0.49084147810935974
uav_03,72.22943,0.3569992363012111,17.37057773923658,7.809999465942383,0.8356170058250427,-0.06498013436794281,-0.06479713320732117,-0.5415931344032288
uav_03,72.32939,0.18332393256231597,17.37057773923658,7.809999465942383,0.8057394623756409,-0.05929715558886528,-0.06672553718090057,-0.5855044722557068
uav_03,72.42935,0.0,17.37057773923658,7.809999465942383,0.776811420917511,-0.055469024926424026,-0.06741289049386978,-0.6236526966094971
uav_03,72.52931,-0.18332393256231597,17.392748227600965,7.809999465942383,0.7488967776298523,-0.05310851335525513,-0.0683058425784111,-0.657014012336731
uav_03,72.62927,-0.37629649257690007,17.392748227600965,7.809999465942383,0.7234816551208496,-0.050721485167741776,-0.07090312242507935,-0.6848170161247253
uav_03,72.72923,-0.5692690539626367,17.403833471980068,7.819999694824219,0.7031391859054565,-0.048014067113399506,-0.07450015842914581,-0.7055066227912903
uav_03,72.82919,-0.7622416139772209,17.426003960344453,7.819999694824219,0.6896741390228271,-0.04530993849039078,-0.07746248692274094,-0.7185375094413757
uav_03,72.92915,-0.974511430267494,17.437089204723556,7.819999694824219,0.6834599375724792,-0.043607842177152634,-0.07865171879529953,-0.7244272232055664
uav_03,73.02911,-1.1771326191054987,17.45925969308794,7.819999694824219,0.6837372779846191,-0.04380399361252785,-0.07779501378536224,-0.7242461442947388
uav_03,73.12907,-1.389402435395772,17.492515425831424,7.819999694824219,0.6890925168991089,-0.046389881521463394,-0.0749528557062149,-0.719292402267456
uav_03,73.22903,-1.6016722516860449,17.525771158574916,7.819999694824219,0.6978629231452942,-0.050998542457818985,-0.07066094875335693,-0.7109103798866272
uav_03,73.32899,-1.8235906967997386,17.53685640295402,7.819999694824219,0.7083523273468018,-0.056684739887714386,-0.06577300280332565,-0.7004982233047485
uav_03,73.429783,-2.045509141913432,17.559026891318403,7.819999694824219,0.7190151810646057,-0.062486279755830765,-0.0610448382794857,-0.6894825100898743
uav_03,73.529743,-2.2674275856559736,17.59228262406189,7.819999694824219,0.7282987833023071,-0.06717802584171295,-0.056908752769231796,-0.6795803308486938
uav_03,73.629703,-2.4893460307696675,17.62553835680538,7.819999694824219,0.7353664636611938,-0.06980331987142563,-0.053442247211933136,-0.6719431281089783
uav_03,73.729663,-2.7209131033356293,17.636623601184485,7.819999694824219,0.7397302985191345,-0.06974054872989655,-0.050518590956926346,-0.6673703789710999
uav_03,73.829623,-2.952480175901591,17.647708845169763,7.819999694824219,0.7412522435188293,-0.06721752136945724,-0.048065848648548126,-0.6661205887794495
uav_03,73.929583,-3.1840472484675533,17.658794089548866,7.819999694824219,0.7401029467582703,-0.06287337094545364,-0.04623822867870331,-0.6679495573043823
uav_03,74.029543,-3.415614321033515,17.66987933392797,7.819999694824219,0.7366859912872314,-0.057578183710575104,-0.04488174244761467,-0.6722827553749084
uav_03,74.129503,-3.6471813935994772,17.680964577913247,7.819999694824219,0.7316150069236755,-0.05195048451423645,-0.043731678277254105,-0.6783275008201599
uav_03,74.229463,-3.878748466165439,17.692049822292354,7.819999694824219,0.7256073355674744,-0.046504098922014236,-0.04247843101620674,-0.6852203607559204
uav_03,74.329423,-4.100666911279133,17.703135066671457,7.819999694824219,0.7194070816040039,-0.04137927666306496,-0.04076031222939491,-0.6921558976173401
uav_03,74.429383,-4.332233983845095,17.714220310656735,7.819999694824219,0.7136896848678589,-0.03654919192194939,-0.038234420120716095,-0.6984621286392212
uav_03,74.529343,-4.544503800135368,17.714220310656735,7.819999694824219,0.7089707255363464,-0.032087523490190506,-0.03486499562859535,-0.703644335269928
uav_03,74.629303,-4.766422243877909,17.725305555035842,7.819999694824219,0.7055893540382385,-0.027762627229094505,-0.030616890639066696,-0.7074146270751953
uav_03,74.729263,-4.969043432715915,17.73639079941495,7.819999694824219,0.7037049531936646,-0.02270207554101944,-0.024946007877588272,-0.7096912264823914
uav_03,74.829223,-5.171664621553918,17.747476043400226,7.819999694824219,0.7032896876335144,-0.01734713464975357,-0.01849045418202877,-0.7104511857032776
uav_03,74.929183,-5.374285810391925,17.747476043400226,7.819999694824219,0.7041658163070679,-0.011983351781964302,-0.012053213082253933,-0.7098321318626404
uav_03,75.029143,-5.55760974295424,17.75856128777933,7.819999694824219,0.7060300707817078,-0.0068132346495985985,-0.005838646087795496,-0.7081249952316284
uav_03,75.129103,-5.731285046693134,17.75856128777933,7.819999694824219,0.7085250616073608,-0.001806000480428338,6.667921843472868e-05,-0.7056833505630493
uav_03,75.229063,-5.895311722979761,17.769646532158436,7.819999694824219,0.7112699747085571,0.003415427403524518,0.005902769975364208,-0.7028858661651611
uav_03,75.329023,-6.049689771814121,17.769646532158436,7.819999694824219,0.7139081358909607,0.009081200696527958,0.011901342310011387,-0.7000793218612671
uav_03,75.429816,-6.19441919182506,17.780731776143714,7.819999694824219,0.7161934971809387,0.014457738026976585,0.01709105260670185,-0.6975427269935608
uav_03,75.529776,-6.31985135693146,17.780731776143714,7.819999694824219,0.717924177646637,0.018589532002806664,0.020763052627444267,-0.6955632567405701
uav_03,75.629736,-6.435634893214441,17.780731776143714,7.819999694824219,0.7190538644790649,0.021082203835248947,0.02284148335456848,-0.6942588090896606
uav_03,75.729696,-6.532121173221734,17.780731776143714,7.809999465942383,0.7194668650627136,0.02502664364874363,0.026742376387119293,-0.6935603618621826
uav_03,75.829656,-6.618958825776757,17.791817020522817,7.809999465942383,0.7185819149017334,0.04201117902994156,0.044112447649240494,-0.6927692294120789
uav_03,75.929616,-6.676850593232673,17.791817020522817,7.809999465942383,0.7170102596282959,0.05630800873041153,0.05881384387612343,-0.6922908425331116
uav_03,76.029576,-6.7347423620597375,17.791817020522817,7.809999465942383,0.7156661152839661,0.06174140423536301,0.06434360146522522,-0.6927264332771301
uav_03,76.129536,-6.773336873239964,17.791817020522817,7.809999465942383,0.7146974802017212,0.060794517397880554,0.0632840171456337,-0.693906843662262
uav_03,76.229496,-6.782985502063385,17.791817020522817,7.809999465942383,0.7131645679473877,0.06538420170545578,0.0677858516573906,-0.6946410536766052
uav_03,76.329456,-6.773336873239964,17.791817020522817,7.809999465942383,0.712239682674408,0.06426473706960678,0.06493334472179413,-0.6959657073020935
uav_03,76.429416,-6.744390989512007,17.780731776143714,7.809999465942383,0.7119731307029724,0.05726722627878189,0.052828721702098846,-0.6978709101676941
uav_03,76.529376,-6.7057964769606295,17.780731776143714,7.809999465942383,0.71190345287323,0.048042330890893936,0.0348135270178318,-0.6997666954994202
uav_03,76.629336,-6.667201965780403,17.791817020522817,7.809999465942383,0.7117682099342346,0.04007130116224289,0.015291453339159489,-0.7011037468910217
uav_03,76.729296,-6.609310196953337,17.791817020522817,7.809999465942383,0.71162348985672,0.03558102622628212,-0.0020781157072633505,-0.7016563415527344
uav_03,76.829256,-6.561067056949691,17.802902264901924,7.809999465942383,0.7116732001304626,0.03460683301091194,-0.015254045836627483,-0.7014919519424438
uav_03,76.929216,-6.512823916946045,17.8139875088872,7.819999694824219,0.7120259404182434,0.03586949408054352,-0.02395986206829548,-0.7008269429206848
uav_03,77.029176,-6.4452835206667105,17.83615799764541,7.819999694824219,0.7126249670982361,0.03770982474088669,-0.029442517086863518,-0.6999119520187378
uav_03,77.129136,-6.406689008115331,17.8694137303889,7.819999694824219,0.7133457064628601,0.03908691555261612,-0.03318288177251816,-0.6989341974258423
uav_03,77.229096,-6.3680944969351065,17.913754707117665,7.819999694824219,0.7140352129936218,0.03969096019864082,-0.03679351136088371,-0.6980147361755371
uav_03,77.329056,-6.31985135693146,17.95809568424026,7.819999694824219,0.7145946621894836,0.039674293249845505,-0.0410478450357914,-0.6972054839134216
uav_03,77.429016,-6.281256844380082,18.013521905348128,7.819999694824219,0.7153315544128418,0.03994941711425781,-0.045546192675828934,-0.696153998374939
uav_03,77.529809,-6.242662331828705,18.068948126849826,7.819999694824219,0.7187733054161072,0.04185250401496887,-0.048677437007427216,-0.6922743320465088
uav_03,77.629769,-6.20406782064848,18.146544836715908,7.819999694824219,0.7289519309997559,0.04524590075016022,-0.04989481344819069,-0.6812432408332825
uav_03,77.729729,-6.17512193554937,18.235226790567264,7.819999694824219,0.7481054067611694,0.04816185683012009,-0.050820961594581604,-0.6598756909370422
uav_03,77.829689,-6.146176051821413,18.312823500433346,7.809999465942383,0.7753232717514038,0.04893406480550766,-0.052673038095235825,-0.6274590492248535
uav_03,77.929649,-6.117230168093456,18.401505454284706,7.809999465942383,0.8081248998641968,0.04652761295437813,-0.05603586509823799,-0.5844906568527222
uav_03,78.029609,-6.088284284365498,18.512357896894276,7.809999465942383,0.8435707688331604,0.04082244634628296,-0.06079476699233055,-0.5320017337799072
uav_03,78.129569,-6.05933839926639,18.623210339110017,7.809999465942383,0.8788502812385559,0.032311372458934784,-0.06591667979955673,-0.47141605615615845
uav_03,78.229529,-6.030392515538432,18.734062781719583,7.809999465942383,0.9115777611732483,0.021462295204401016,-0.06985708326101303,-0.4045804738998413
uav_03,78.329489,-6.011095259262743,18.867085712693534,7.809999465942383,0.9399229288101196,0.009070242755115032,-0.07141438126564026,-0.33371031284332275
uav_03,78.429449,-5.982149375534786,18.989023399682207,7.809999465942383,0.9627111554145813,-0.0035935912746936083,-0.0698099359869957,-0.2613442838191986
uav_03,78.529409,-5.982149375534786,19.12204633065616,7.809999465942383,0.9793668985366821,-0.016050301492214203,-0.06497593224048615,-0.19068558514118195
uav_03,78.629369,-5.972500748082518,19.277239749994497,7.809999465942383,0.989776074886322,-0.02847105823457241,-0.05717219039797783,-0.1275305300951004
uav_03,78.729329,-5.972500748082518,19.388092192604063,7.809999465942383,0.994987428188324,-0.03887969255447388,-0.047368500381708145,-0.07902279496192932
uav_03,78.829289,-5.982149375534786,19.532200367563295,7.809999465942383,0.9971124529838562,-0.04446664825081825,-0.037006594240665436,-0.0491931289434433
uav_03,78.929249,-6.0014466318104756,19.665223298537246,7.809999465942383,0.9979414343833923,-0.04430011287331581,-0.026998456567525864,-0.037702515721321106
uav_03,79.029209,-6.030392515538432,19.798246229905025,7.809999465942383,0.9982022047042847,-0.03956522420048714,-0.017381923273205757,-0.041530899703502655
uav_03,79.129169,-6.05933839926639,19.920183916499873,7.809999465942383,0.9978166818618774,-0.031683024019002914,-0.009433296509087086,-0.05717538297176361
uav_03,79.229129,-6.097932911817767,20.053206847473824,7.809999465942383,0.9964272379875183,-0.022699279710650444,-0.0040012551471591,-0.08124988526105881
uav_03,79.329089,-6.136527424369144,20.152974045704287,7.809999465942383,0.9937565326690674,-0.014442091807723045,-0.0009645522804930806,-0.11062752455472946
uav_03,79.429049,-6.17512193554937,20.263826488313857,7.809999465942383,0.989771842956543,-0.008296645246446133,0.0007675368688069284,-0.14241589605808258
uav_03,79.529009,-6.20406782064848,20.363593686544316,7.809999465942383,0.9847638010978699,-0.004812235478311777,0.002283929381519556,-0.17381571233272552
uav_03,79.629802,-6.242662331828705,20.452275640395676,7.819999694824219,0.9793213605880737,-0.003664605086669326,0.004101110622286797,-0.20223592221736908
uav_03,79.729762,-6.281256844380082,20.540957594247036,7.819999694824219,0.9743579030036926,-0.004206681624054909,0.00635492242872715,-0.22487473487854004
uav_03,79.829722,-6.310202728108039,20.61855430411312,7.819999694824219,0.9705758690834045,-0.005677904933691025,0.008862479589879513,-0.24056528508663177
uav_03,79.929682,-6.3294999843837285,20.685065769600094,7.819999694824219,0.9684450626373291,-0.007342820055782795,0.011450681835412979,-0.24885569512844086
uav_03,80.029642,-6.3680944969351065,20.762662479466172,7.819999694824219,0.9680741429328918,-0.00834498181939125,0.013711752369999886,-0.25014954805374146
uav_03,80.129602,-6.397040380663063,20.807003456588767,7.819999694824219,0.9692363739013672,-0.008230027742683887,0.015424496494233608,-0.24551010131835938
uav_03,80.229562,-6.425986264391021,20.86242967769664,7.819999694824219,0.9714677929878235,-0.007566836662590504,0.01725425198674202,-0.2364218831062317
uav_03,80.329522,-6.4452835206667105,20.90677065481923,7.819999694824219,0.9739593267440796,-0.010063275694847107,0.030020831152796745,-0.22450092434883118
uav_03,80.429482,-6.474229404394667,20.940026387562718,7.819999694824219,0.976433277130127,-0.011987376026809216,0.04159051552414894,-0.21143461763858795
uav_03,80.529442,-6.503175289493777,20.962196875927102,7.819999694824219,0.9788404107093811,-0.011579182930290699,0.0467318519949913,-0.19888053834438324
uav_03,80.629402,-6.522472544398313,20.973282120306205,7.819999694824219,0.981073796749115,-0.009063761681318283,0.04476263374090195,-0.1881711483001709
uav_03,80.729362,-6.541769800674002,20.99545260867059,7.819999694824219,0.9825732111930847,-0.006936074234545231,0.04546234384179115,-0.18009714782238007
uav_03,80.829322,-6.561067056949691,20.973282120306205,7.819999694824219,0.9834381937980652,-0.003924742341041565,0.0465129017829895,-0.1751297116279602
uav_03,80.929282,-6.58036431322538,20.962196875927102,7.819999694824219,0.9839312434196472,0.0014338131295517087,0.04253487288951874,-0.17340146005153656
uav_03,81.029242,-6.599661569501069,20.940026387562718,7.819999694824219,0.9839870929718018,0.008750898763537407,0.03478415310382843,-0.1745934784412384
uav_03,81.129202,-6.609310196953337,20.92894114318361,7.819999694824219,0.9835260510444641,0.017235340550541878,0.025868376716971397,-0.17807374894618988
uav_03,81.229162,-6.618958825776757,20.895685410440127,7.819999694824219,0.9825892448425293,0.026157695800065994,0.018239492550492287,-0.18303418159484863
uav_03,81.329122,-6.618958825776757,20.86242967769664,7.819999694824219,0.981351912021637,0.03447231650352478,0.013271904550492764,-0.18863701820373535
uav_03,81.429082,-6.609310196953337,20.82917394495315,7.819999694824219,0.9800484776496887,0.04108092933893204,0.011069899424910545,-0.1941516101360321
uav_03,81.529042,-6.599661569501069,20.807003456588767,7.819999694824219,0.9788565039634705,0.04592683166265488,0.010819470509886742,-0.199031800031662
uav_03,81.629002,-6.561067056949691,20.79591821220966,7.819999694824219,0.9778881669044495,0.04934442788362503,0.011463065631687641,-0.20290009677410126
uav_03,81.729795,-6.541769800674002,20.762662479466172,7.819999694824219,0.9771701097488403,0.05223742872476578,0.012010685168206692,-0.2055858075618744
uav_03,81.829755,-6.503175289493777,20.729406746722685,7.819999694824219,0.9767032861709595,0.055316079407930374,0.011955469846725464,-0.20699740946292877
uav_03,81.929715,-6.4452835206667105,20.7072362583583,7.819999694824219,0.9764459729194641,0.05905536189675331,0.011404493823647499,-0.20720930397510529
uav_03,82.029675,-6.397040380663063,20.6961510139792,7.819999694824219,0.9765648245811462,0.06297513097524643,0.01174253225326538,-0.20546872913837433
uav_03,82.129635,-6.3294999843837285,20.673980525614816,7.819999694824219,0.9778844714164734,0.0664546862244606,0.014309082180261612,-0.19779016077518463
uav_03,82.229595,-6.261959588104394,20.651810036856606,7.809999465942383,0.9813253879547119,0.0690113976597786,0.017948545515537262,-0.17864985764026642
uav_03,82.329555,-6.17512193554937,20.640724792871328,7.809999465942383,0.9866200089454651,0.07081083953380585,0.01991848088800907,-0.14549927413463593
uav_03,82.429515,-6.088284284365498,20.61855430411312,7.809999465942383,0.9922935366630554,0.07210712879896164,0.0185463298112154,-0.09904635697603226
uav_03,82.529475,-5.982149375534786,20.60746906012784,7.809999465942383,0.996370792388916,0.07320693880319595,0.013310816138982773,-0.04133797436952591
uav_03,82.629435,-5.866365839251804,20.585298571369627,7.809999465942383,0.9968917369842529,0.07453633844852448,0.004743588622659445,0.02507450059056282
uav_03,82.729395,-5.760230930421092,20.563128083005246,7.809999465942383,0.9922866225242615,0.07636914402246475,-0.006248109042644501,0.097447469830513
uav_03,82.829355,-5.644447394138112,20.540957594247036,7.809999465942383,0.9816230535507202,0.07843823730945587,-0.018269827589392662,0.1730022430419922
uav_03,82.929315,-5.509366602950593,20.52987235026176,7.819999694824219,0.9647182822227478,0.0802103579044342,-0.03014666959643364,0.2489500194787979
uav_03,83.029275,-5.374285810391925,20.518787105882655,7.819999694824219,0.9422135353088379,0.08078479021787643,-0.041003696620464325,0.3225308656692505
uav_03,83.129235,-5.219907761557565,20.50770186150355,7.819999694824219,0.9154910445213318,0.07904000580310822,-0.0502273254096508,0.3912876546382904
uav_03,83.229195,-5.075178341546627,20.49661661751827,7.819999694824219,0.8862670660018921,0.07444516569375992,-0.057356201112270355,0.4535403847694397
uav_03,83.329155,-4.911151665259999,20.49661661751827,7.819999694824219,0.8560548424720764,0.06829565018415451,-0.06221110746264458,0.5085622668266296
uav_03,83.429115,-4.737476360149952,20.49661661751827,7.819999694824219,0.8259671926498413,0.062224216759204865,-0.06507660448551178,0.5564813017845154
uav_03,83.529075,-4.563801056411057,20.49661661751827,7.819999694824219,0.7966300845146179,0.05736732855439186,-0.06649003177881241,0.5980539321899414
uav_03,83.629035,-4.380477123848741,20.50770186150355,7.819999694824219,0.7681650519371033,0.054187335073947906,-0.06686753779649734,0.6344406604766846
uav_03,83.728995,-4.197153191286425,20.518787105882655,7.819999694824219,0.7410562038421631,0.051480650901794434,-0.06821782141923904,0.6659817695617676
uav_03,83.829788,-4.004180629900688,20.52987235026176,7.819999694824219,0.7173394560813904,0.048334453254938126,-0.0711050033569336,0.6913985013961792
uav_03,83.929748,-3.811208069886104,20.540957594247036,7.819999694824219,0.6998143792152405,0.045235857367515564,-0.0745239183306694,0.7089849710464478
uav_03,84.029708,-3.608586881048099,20.563128083005246,7.819999694824219,0.6894654035568237,0.04294848442077637,-0.07713420689105988,0.7189180850982666
uav_03,84.129668,-3.3963170647578265,20.585298571369627,7.819999694824219,0.6861403584480286,0.0424371100962162,-0.07784267514944077,0.7220463752746582
uav_03,84.229628,-3.2033445047432423,20.60746906012784,7.819999694824219,0.6887738108634949,0.044120412319898605,-0.07618766278028488,0.7196106314659119
uav_03,84.329588,-2.9814260596295483,20.640724792871328,7.819999694824219,0.6958234906196594,0.04781318083405495,-0.07258787006139755,0.7129337787628174
uav_03,84.429548,-2.778804870791544,20.66289528123571,7.819999694824219,0.7055875658988953,0.05283820256590843,-0.06782793998718262,0.7033873200416565
uav_03,84.529508,-2.56653505450127,20.6961510139792,7.819999694824219,0.7163623571395874,0.05836914852261543,-0.06282452493906021,0.692438542842865
uav_03,84.629468,-2.3349679819353084,20.729406746722685,7.819999694824219,0.7265755534172058,0.06353060901165009,-0.058467622846364975,0.6816402077674866
uav_03,84.729428,-2.1226981656450357,20.74049199110179,7.819999694824219,0.7350309491157532,0.06733110547065735,-0.05480150878429413,0.6724528074264526
uav_03,84.829388,-1.9007797205313417,20.762662479466172,7.819999694824219,0.7410011291503906,0.06885793060064316,-0.05174838751554489,0.665956437587738
uav_03,84.929348,-1.6788612767888005,20.79591821220966,7.819999694824219,0.7441538572311401,0.0679173469543457,-0.04923604056239128,0.6627202033996582
uav_03,85.029308,-1.4472942042228383,20.807003456588767,7.819999694824219,0.7445048093795776,0.06475906819105148,-0.04729985073208809,0.6627832055091858
uav_03,85.129268,-1.2157271316568767,20.82917394495315,7.819999694824219,0.7423219084739685,0.06021200492978096,-0.04576722905039787,0.6657612919807434
uav_03,85.229228,-0.9938086865431829,20.82917394495315,7.819999694824219,0.7381014823913574,0.055044688284397125,-0.044520534574985504,0.6709651350975037
uav_03,85.329188,-0.7622416139772209,20.840259189332254,7.819999694824219,0.7325133085250854,0.04970736429095268,-0.04335854575037956,0.6775496602058411
uav_03,85.429148,-0.5403231688635272,20.86242967769664,7.819999694824219,0.7263030409812927,0.04434181749820709,-0.041871387511491776,0.6846637725830078
uav_03,85.529108,-0.31840472512098583,20.86242967769664,7.819999694824219,0.7201874852180481,0.03910396248102188,-0.03984491527080536,0.6915296316146851
uav_03,85.629068,-0.09648628000729206,20.873514922075742,7.819999694824219,0.7147642374038696,0.03434908762574196,-0.03712077438831329,0.6975343823432922
uav_03,85.729028,0.11578353628298099,20.895685410440127,7.819999694824219,0.710490345954895,0.02984188310801983,-0.033568479120731354,0.7022721171379089
uav_03,85.828988,0.328053352573254,20.895685410440127,7.819999694824219,0.7076599597930908,0.024703295901417732,-0.02864288166165352,0.7055400013923645
uav_03,85.929781,0.5306745414112589,20.895685410440127,7.819999694824219,0.7062962651252747,0.019386282190680504,-0.02267623320221901,0.7072874307632446
uav_03,86.029741,0.7332957302492639,20.90677065481923,7.819999694824219,0.7063556909561157,0.01442954782396555,-0.016392629593610764,0.7075201272964478
uav_03,86.129701,0.9166196628115797,20.92894114318361,7.819999694824219,0.7076135873794556,0.009856992401182652,-0.010302664712071419,0.7064557671546936
uav_03,86.229661,1.0999435953738956,20.92894114318361,7.819999694824219,0.7097468376159668,0.005566672887653112,-0.0045724245719611645,0.7044200301170349
uav_03,86.329621,1.2639702716605226,20.92894114318361,7.819999694824219,0.7123813033103943,0.0011751564452424645,0.0009011850925162435,0.7017911076545715
uav_03,86.429581,1.4279969479471495,20.940026387562718,7.819999694824219,0.715143084526062,-0.0036724356468766928,0.0063655786216259,0.6989394426345825
uav_03,86.529541,1.5727263679580878,20.940026387562718,7.819999694824219,0.7176943421363831,-0.009016658179461956,0.011867714114487171,0.6961987614631653
uav_03,86.629501,1.7078071605167575,20.962196875927102,7.819999694824219,0.7197985053062439,-0.014206206426024437,0.016525257378816605,0.6938409209251404
uav_03,86.729461,1.8332393242520069,20.962196875927102,7.819999694824219,0.7213276028633118,-0.018259664997458458,0.019791020080447197,0.6920704245567322
uav_03,86.829421,1.9393742330827195,20.962196875927102,7.819999694824219,0.7222368121147156,-0.02061784826219082,0.02150864154100418,0.6910037994384766
uav_03,86.929381,2.035860513090012,20.962196875927102,7.819999694824219,0.7225409746170044,-0.021673187613487244,0.022037576884031296,0.6906367540359497
uav_03,87.029341,2.1226981656450357,20.962196875927102,7.809999465942383,0.722287118434906,-0.02222016640007496,0.02237001433968544,0.6908741593360901
uav_03,87.129301,2.1902385619243705,20.962196875927102,7.809999465942383,0.7209890484809875,-0.035769280046224594,0.03657068312168121,0.6910556554794312
uav_03,87.229261,2.248130329380285,20.962196875927102,7.809999465942383,0.7190787196159363,-0.04985892400145531,0.051383327692747116,0.6912305355072021
uav_03,87.329221,2.2867248419316626,20.962196875927102,7.809999465942383,0.7174089550971985,-0.05646764114499092,0.058350663632154465,0.6919038891792297
uav_03,87.429181,2.3156707256596194,20.962196875927102,7.809999465942383,0.7164441347122192,-0.054383132606744766,0.056230176240205765,0.6932448744773865
uav_03,87.529141,2.3156707256596194,20.962196875927102,7.809999465942383,0.7155253291130066,-0.05315875634551048,0.0550956167280674,0.6943789124488831
uav_03,87.629101,2.3156707256596194,20.962196875927102,7.809999465942383,0.714654803276062,-0.05408867821097374,0.05543695390224457,0.6951760053634644
uav_03,87.729061,2.2867248419316626,20.962196875927102,7.809999465942383,0.7144035696983337,-0.050483666360378265,0.048526644706726074,0.6962212920188904
uav_03,87.829021,2.2577789582037053,20.962196875927102,7.809999465942383,0.7145351767539978,-0.04400735720992088,0.034974973648786545,0.6973375082015991
uav_03,87.929814,2.2095358182000595,20.962196875927102,7.809999465942383,0.7147322297096252,-0.03775252029299736,0.017896847799420357,0.6981492042541504
uav_03,88.029774,2.1709413056486815,20.973282120306205,7.809999465942383,0.7148886919021606,-0.033969033509492874,0.0008074013167060912,0.6984122395515442
uav_03,88.129734,2.1226981656450357,20.973282120306205,7.809999465942383,0.7150819897651672,-0.033090103417634964,-0.01393087673932314,0.6981179714202881
uav_03,88.229694,2.0648063968179686,20.99545260867059,7.809999465942383,0.7154340744018555,-0.034293316304683685,-0.024690398946404457,0.697401225566864
uav_03,88.329654,2.016563256814323,21.006537853049693,7.809999465942383,0.7159715890884399,-0.03613942861557007,-0.031362440437078476,0.6964876055717468
uav_03,88.429614,1.9683201168106768,21.039793585793184,7.809999465942383,0.7165924310684204,-0.037665531039237976,-0.03541702404618263,0.6955733299255371
uav_03,88.529574,1.9393742330827195,21.073049318536672,7.809999465942383,0.7171657085418701,-0.038579169660806656,-0.03860777989029884,0.6947621703147888
uav_03,88.629534,1.8911310930790737,21.117390295265434,7.809999465942383,0.7175958752632141,-0.03890647739171982,-0.041902296245098114,0.6941085457801819
uav_03,88.729494,1.8525365805276959,21.172816516767135,7.809999465942383,0.7178357243537903,-0.03898156061768532,-0.045872244983911514,0.6936051249504089
uav_03,88.829454,1.8235906967997386,21.228242737875004,7.809999465942383,0.7186476588249207,-0.0401713065803051,-0.0496227964758873,0.6924372315406799
uav_03,88.929414,1.7849961842483608,21.29475420336198,7.809999465942383,0.7231844067573547,-0.043266721069812775,-0.05183049291372299,0.6873469948768616
uav_03,89.029374,1.7560503005204038,21.37235091322806,7.799999237060547,0.7354196906089783,-0.04734591767191887,-0.052732810378074646,0.6738957166671753
uav_03,89.129334,1.7367530442447146,21.46103286707942,7.799999237060547,0.7566707730293274,-0.050253961235284805,-0.05365865305066109,0.6496496200561523
uav_03,89.229294,1.7078071605167575,21.571885309688987,7.799999237060547,0.7854645848274231,-0.0504143200814724,-0.05551186949014664,0.614346981048584
uav_03,89.329254,1.6788612767888005,21.67165250791945,7.799999237060547,0.8191060423851013,-0.04717012122273445,-0.058854978531599045,0.5686618685722351
uav_03,89.429214,1.6595640205131115,21.771419706149917,7.799999237060547,0.8546059131622314,-0.04080045223236084,-0.063734270632267,0.5137333869934082
uav_03,89.529174,1.6402667642374227,21.89335739274476,7.799999237060547,0.8891997933387756,-0.03193836659193039,-0.06942463666200638,0.4510919451713562
uav_03,89.629134,1.6209695079617337,22.015295079733438,7.799999237060547,0.9206488728523254,-0.02112768217921257,-0.07425030320882797,0.38268280029296875
uav_03,89.729094,1.6016722516860449,22.14831801070739,7.799999237060547,0.9473331570625305,-0.00915476679801941,-0.07654787600040436,0.3108319342136383
uav_03,89.829054,1.5920236242337766,22.28134094168134,7.799999237060547,0.9682777523994446,0.0030044186860322952,-0.07541999965906143,0.23820358514785767
uav_03,89.929014,1.5727263679580878,22.425449117034393,7.799999237060547,0.9831339716911316,0.015176537446677685,-0.07065224647521973,0.16800442337989807
uav_03,90.029807,1.5727263679580878,22.580642536372732,7.799999237060547,0.992081344127655,0.02750442549586296,-0.0625719428062439,0.10537006705999374
uav_03,90.129767,1.5727263679580878,22.724750711725786,7.799999237060547,0.9962190985679626,0.037741247564554214,-0.05253750830888748,0.05799015238881111
uav_03,90.229727,1.5920236242337766,22.87994413106412,7.790000915527344,0.997738242149353,0.043639130890369415,-0.04225553944706917,0.028783218935132027
uav_03,90.329687,1.6113208805094654,23.02405230641718,7.790000915527344,0.9983214735984802,0.04410511255264282,-0.03316095471382141,0.01758924312889576
uav_03,90.429647,1.6306181367851544,23.168160481770236,7.790000915527344,0.9986664056777954,0.039514947682619095,-0.025074271485209465,0.021799389272928238
uav_03,90.529607,1.6692126479653797,23.323353901108568,7.790000915527344,0.998634397983551,0.031463753432035446,-0.017637690529227257,0.0377928651869297
uav_03,90.629567,1.7078071605167575,23.45637683208252,7.790000915527344,0.9977609515190125,0.021848047152161598,-0.011555120348930359,0.06214640662074089
uav_03,90.729527,1.7464016730681353,23.567229274692092,7.790000915527344,0.9956771731376648,0.012845081277191639,-0.006716450210660696,0.09174323827028275
uav_03,90.829487,1.7849961842483608,23.689166961286936,7.790000915527344,0.9923017621040344,0.0057396478950977325,-0.002384298713877797,0.12368735671043396
uav_03,90.929447,1.8235906967997386,23.800019403896503,7.790000915527344,0.987884521484375,0.0013919223565608263,0.001827309257350862,0.15517382323741913
uav_03,91.029407,1.8525365805276959,23.910871846112247,7.790000915527344,0.9830233454704285,-0.00015533153782598674,0.005742835346609354,0.1833905577659607
uav_03,91.129367,1.8911310930790737,24.010639044736536,7.799999237060547,0.9785053730010986,0.0004993480397388339,0.00933154672384262,0.20600959658622742
uav_03,91.229327,1.9200769768070305,24.099320998587896,7.799999237060547,0.9750548601150513,0.002461003139615059,0.012212581001222134,0.22161394357681274
uav_03,91.329287,1.949022860534988,24.176917708453978,7.799999237060547,0.9731280207633972,0.004557167645543814,0.014343633316457272,0.2297724038362503
uav_03,91.429247,1.9683201168106768,24.265599662305334,7.799999237060547,0.9728280901908875,0.005976913962513208,0.015652570873498917,0.23092146217823029
uav_03,91.529207,2.0069146293620546,24.33211112779231,7.799999237060547,0.9737311005592346,0.008858258835971355,0.025401905179023743,0.22610630095005035
uav_03,91.629167,2.0262118856377436,24.376452104914907,7.799999237060547,0.975317656993866,0.011959084309637547,0.0406043641269207,0.2167111188173294
uav_03,91.729127,2.055157769365701,24.420793081643673,7.799999237060547,0.977480411529541,0.012965834699571133,0.05047954246401787,0.20448899269104004
uav_03,91.829087,2.0648063968179686,24.454048814387157,7.799999237060547,0.9800876379013062,0.01160196028649807,0.05192939192056656,0.19130323827266693
uav_03,91.929047,2.0841036530936576,24.476219303145367,7.799999237060547,0.9827284216880798,0.008676480501890182,0.04698043689131737,0.1787804216146469
uav_03,92.029007,2.1226981656450357,24.476219303145367,7.799999237060547,0.9845060110092163,0.006637620739638805,0.04955540969967842,0.168071910738945
uav_03,92.1298,2.1226981656450357,24.476219303145367,7.799999237060547,0.9858429431915283,0.0028881768230348825,0.04983355477452278,0.16006866097450256
uav_03,92.22976,2.1419954219207242,24.465134058766264,7.799999237060547,0.9868268966674805,-0.003298921976238489,0.044839099049568176,0.15540680289268494
uav_03,92.32972,2.1516440493729925,24.454048814387157,7.799999237060547,0.9873234033584595,-0.011459589935839176,0.03670326992869377,0.15399354696273804
uav_03,92.42968,2.1709413056486815,24.431878326022776,7.799999237060547,0.9872362613677979,-0.02067452110350132,0.027999624609947205,0.15541283786296844
uav_03,92.52964,2.1709413056486815,24.39862259327929,7.799999237060547,0.9866147041320801,-0.02966322749853134,0.020919255912303925,0.1589777022600174
uav_03,92.6296,2.1709413056486815,24.376452104914907,7.799999237060547,0.9856364727020264,-0.03734274581074715,0.016248874366283417,0.1638970822095871
uav_03,92.72956,2.1516440493729925,24.354281616156698,7.799999237060547,0.9845005869865417,-0.04319938272237778,0.013989965431392193,0.16940082609653473
uav_03,92.82952,2.1323467930973035,24.33211112779231,7.799999237060547,0.983367383480072,-0.04741831123828888,0.013137185014784336,0.17483551800251007
uav_03,92.92948,2.1226981656450357,24.298855395048825,7.799999237060547,0.9823374152183533,-0.050669342279434204,0.012902485206723213,0.17966458201408386
uav_03,93.02944,2.0744550256413894,24.265599662305334,7.799999237060547,0.9814677834510803,-0.053725115954875946,0.012615191750228405,0.18350863456726074
uav_03,93.1294,2.035860513090012,24.243429173940953,7.799999237060547,0.9807794094085693,-0.05728186294436455,0.011888782493770123,0.1861429214477539
uav_03,93.22936,1.9779687456340975,24.232343929561846,7.799999237060547,0.9802906513214111,-0.061439868062734604,0.010939246043562889,0.18744508922100067
uav_03,93.32932,1.9200769768070305,24.19908819681836,7.799999237060547,0.9802923202514648,-0.0655503049492836,0.011444119736552238,0.18600843846797943
uav_03,93.42928,1.8525365805276959,24.176917708453978,7.799999237060547,0.9816803336143494,-0.06866768002510071,0.014259870164096355,0.17715832591056824
uav_03,93.52924,1.7753475567960926,24.16583246407487,7.799999237060547,0.9851247072219849,-0.07073990255594254,0.01782280020415783,0.15558773279190063
uav_03,93.6292,1.6885099042410687,24.143661975710486,7.799999237060547,0.9899893403053284,-0.07231698930263519,0.019549552351236343,0.1196209043264389
uav_03,93.72916,1.5920236242337766,24.132576731331387,7.799999237060547,0.9946351647377014,-0.07358479499816895,0.017869966104626656,0.07047605514526367
uav_03,93.82912,1.4858887154030638,24.099320998587896,7.799999237060547,0.9970706701278687,-0.07479340583086014,0.01209830492734909,0.010469112545251846
uav_03,93.92908,1.370105179120083,24.077150510223515,7.799999237060547,0.9954073429107666,-0.07634258270263672,0.002628524322062731,-0.05769866332411766
uav_03,94.02904,1.254321642837102,24.066065265844408,7.799999237060547,0.9882211089134216,-0.07820847630500793,-0.009360994212329388,-0.1312054693698883
uav_03,94.129,1.1288894791018527,24.03280953310092,7.799999237060547,0.9747487306594849,-0.08018141239881516,-0.022156665101647377,-0.2072315216064453
uav_03,94.229793,0.9938086865431829,24.021724288721813,7.799999237060547,0.9548489451408386,-0.08155682682991028,-0.03447606414556503,-0.2835901379585266
uav_03,94.329753,0.8490792665322447,23.999553800357432,7.799999237060547,0.9297632575035095,-0.0812128558754921,-0.045279618352651596,-0.356222540140152
uav_03,94.429713,0.694701217697886,23.988468555978326,7.799999237060547,0.9009193778038025,-0.07834184169769287,-0.0540153831243515,-0.42342549562454224
uav_03,94.529673,0.5306745414112589,23.977383311993048,7.799999237060547,0.8700754046440125,-0.07300593703985214,-0.060344476252794266,-0.48373284935951233
uav_03,94.629633,0.36664786512463193,23.977383311993048,7.799999237060547,0.8387188911437988,-0.06651604920625687,-0.06455124169588089,-0.5366184711456299
uav_03,94.729593,0.18332393256231597,23.977383311993048,7.799999237060547,0.8078546524047852,-0.06058672443032265,-0.06696651875972748,-0.5824221968650818
uav_03,94.829553,0.009648627452268202,23.977383311993048,7.799999237060547,0.7779543995857239,-0.05631687864661217,-0.06820771098136902,-0.6220635175704956
uav_03,94.929513,-0.18332393256231597,23.988468555978326,7.799999237060547,0.749104380607605,-0.05374550819396973,-0.06921139359474182,-0.6566306948661804
uav_03,95.029473,-0.36664786512463193,23.999553800357432,7.799999237060547,0.7224988341331482,-0.05101354047656059,-0.07150858640670776,-0.6857693195343018
uav_03,95.129433,-0.5692690539626367,24.010639044736536,7.799999237060547,0.7007250785827637,-0.04772491753101349,-0.07476377487182617,-0.7078961730003357
uav_03,95.229393,-0.7622416139772209,24.021724288721813,7.799999237060547,0.685786247253418,-0.04470149800181389,-0.07784362137317657,-0.7222460508346558
uav_03,95.329353,-0.9648628028152257,24.043894777480027,7.799999237060547,0.6782840490341187,-0.04288436099886894,-0.07943223416805267,-0.729233980178833
uav_03,95.429313,-1.1771326191054987,24.066065265844408,7.799999237060547,0.6776158809661865,-0.04300186410546303,-0.07894735038280487,-0.729900598526001
uav_03,95.529273,-1.389402435395772,24.099320998587896,7.799999237060547,0.6824238896369934,-0.04551839455962181,-0.0762719064950943,-0.725540041923523
uav_03,95.629233,-1.6016722516860449,24.110406242967002,7.799999237060547,0.691055953502655,-0.04992545396089554,-0.07194014638662338,-0.7174773216247559
uav_03,95.729193,-1.8235906967997386,24.143661975710486,7.799999237060547,0.7017632126808167,-0.05551287159323692,-0.06673285365104675,-0.7071021795272827
uav_03,95.829153,-2.045509141913432,24.16583246407487,7.799999237060547,0.7128468751907349,-0.06134847551584244,-0.06167440116405487,-0.6959037184715271
uav_03,95.929113,-2.2674275856559736,24.19908819681836,7.799999237060547,0.7228443026542664,-0.06621665507555008,-0.05749544873833656,-0.6854237914085388
uav_03,96.029073,-2.4893460307696675,24.232343929561846,7.799999237060547,0.7307213544845581,-0.06900246441364288,-0.05416885018348694,-0.677016019821167
uav_03,96.129033,-2.7209131033356293,24.232343929561846,7.799999237060547,0.7358816862106323,-0.06917349994182587,-0.05141105130314827,-0.6716026067733765
uav_03,96.228993,-2.952480175901591,24.265599662305334,7.799999237060547,0.7381007671356201,-0.06704486906528473,-0.049201030284166336,-0.6695457696914673
uav_03,96.329786,-3.1840472484675533,24.265599662305334,7.799999237060547,0.737454354763031,-0.06329084187746048,-0.04733376204967499,-0.6707568764686584
uav_03,96.429746,-3.415614321033515,24.276684906684437,7.799999237060547,0.7343689799308777,-0.05842827260494232,-0.0457887127995491,-0.6746789813041687
uav_03,96.529706,-3.6471813935994772,24.298855395048825,7.799999237060547,0.7294387221336365,-0.0530184768140316,-0.04427885636687279,-0.6805495023727417
uav_03,96.629666,-3.878748466165439,24.298855395048825,7.799999237060547,0.7233676910400391,-0.047652363777160645,-0.04259484261274338,-0.6874984502792358
uav_03,96.729626,-4.110315538731402,24.30994063942793,7.799999237060547,0.7169018983840942,-0.04254218190908432,-0.04058253765106201,-0.6946905255317688
uav_03,96.829586,-4.332233983845095,24.30994063942793,7.799999237060547,0.7107537388801575,-0.03746345639228821,-0.03813238441944122,-0.7014067769050598
uav_03,96.929546,-4.554152427587636,24.33211112779231,7.809999465942383,0.7054851055145264,-0.03240667283535004,-0.034917499870061874,-0.7071219086647034
uav_03,97.029506,-4.766422243877909,24.33211112779231,7.809999465942383,0.7014715671539307,-0.027458976954221725,-0.030652401968836784,-0.7115083336830139
uav_03,97.129466,-4.978692061539335,24.33211112779231,7.809999465942383,0.6989171504974365,-0.022169917821884155,-0.024931326508522034,-0.7144240736961365
uav_03,97.229426,-5.181313249006187,24.343196372171416,7.809999465942383,0.6978909969329834,-0.016812819987535477,-0.01839250512421131,-0.7157703042030334
uav_03,97.329386,-5.374285810391925,24.343196372171416,7.809999465942383,0.6982913613319397,-0.01173436176031828,-0.011715189553797245,-0.7156215310096741
uav_03,97.429346,-5.567258370406508,24.354281616156698,7.809999465942383,0.6998410820960999,-0.007121033500880003,-0.005526955239474773,-0.7142416834831238
uav_03,97.529306,-5.740933675516556,24.354281616156698,7.809999465942383,0.7021942734718323,-0.002593399491161108,0.000328127178363502,-0.7119805812835693
uav_03,97.629266,-5.904960351803182,24.3653668605358,7.809999465942383,0.7049568295478821,0.0023568274918943644,0.006180102471262217,-0.7092193365097046
uav_03,97.729226,-6.05933839926639,24.3653668605358,7.809999465942383,0.7077412009239197,0.008063585497438908,0.012049863114953041,-0.706322968006134
uav_03,97.829186,-6.20406782064848,24.3653668605358,7.809999465942383,0.7102417945861816,0.013602248392999172,0.01738915592432022,-0.7036115527153015
uav_03,97.929146,-6.3294999843837285,24.3653668605358,7.809999465942383,0.7122592926025391,0.017989356070756912,0.021448027342557907,-0.7013580203056335
uav_03,98.029106,-6.4452835206667105,24.376452104914907,7.809999465942383,0.7136793732643127,0.02082412876188755,0.02374175377190113,-0.6997602581977844
uav_03,98.129066,-6.541769800674002,24.376452104914907,7.809999465942383,0.7144662141799927,0.022041643038392067,0.024673353880643845,-0.6988872289657593
uav_03,98.229026,-6.628607453229026,24.376452104914907,7.809999465942383,0.7146487832069397,0.021918829530477524,0.024510042741894722,-0.6987102031707764
uav_03,98.329819,-6.71544510578405,24.376452104914907,7.809999465942383,0.7142848968505859,0.02126842550933361,0.023975849151611328,-0.699120819568634
uav_03,98.429779,-6.773336873239964,24.376452104914907,7.809999465942383,0.7135090827941895,0.020411962643265724,0.023336244747042656,-0.6999596953392029
uav_03,98.529739,-6.83122864206703,24.376452104914907,7.809999465942383,0.71246337890625,0.01967044733464718,0.022879723459482193,-0.7010602951049805
uav_03,98.629699,-6.879471782070676,24.376452104914907,7.809999465942383,0.7113043665885925,0.01908021792769432,0.02251841500401497,-0.7022641897201538
uav_03,98.729659,-6.918066294622054,24.376452104914907,7.799999237060547,0.7101802229881287,0.018583621829748154,0.022334672510623932,-0.7034201622009277
uav_03,98.829619,-6.947012178350012,24.3653668605358,7.790000915527344,0.7092192769050598,0.017923209816217422,0.022156214341521263,-0.7044117450714111
uav_03,98.929579,-6.9663094346257015,24.3653668605358,7.780000686645508,0.7085041999816895,0.017193898558616638,0.021984588354825974,-0.7051544785499573
uav_03,99.029539,-6.975958062077969,24.3653668605358,7.760000228881836,0.7080778479576111,0.016448646783828735,0.021580185741186142,-0.70561283826828
uav_03,99.129499,-6.995255318353658,24.3653668605358,7.729999542236328,0.7079444527626038,0.015857871621847153,0.020860811695456505,-0.7057818174362183
uav_03,99.229459,-7.004903945805926,24.3653668605358,7.690000534057617,0.7080649733543396,0.015206947922706604,0.019856685772538185,-0.7057042121887207
uav_03,99.329419,-7.004903945805926,24.354281616156698,7.649999618530273,0.7083773612976074,0.014487680047750473,0.018695900216698647,-0.7054374814033508
uav_03,99.429379,-7.004903945805926,24.354281616156698,7.6100006103515625,0.7088241577148438,0.013602822087705135,0.017285771667957306,-0.7050421833992004
uav_03,99.529339,-6.995255318353658,24.354281616156698,7.559999465942383,0.7093368172645569,0.012551660649478436,0.01576310209929943,-0.704581618309021
uav_03,99.629299,-6.975958062077969,24.343196372171416,7.5,0.7098493576049805,0.01135752908885479,0.014235299080610275,-0.7041180729866028
uav_03,99.729259,-6.975958062077969,24.343196372171416,7.450000762939453,0.7103058099746704,0.009985419921576977,0.012838298454880714,-0.7037052512168884
uav_03,99.829219,-6.956660805802279,24.33211112779231,7.3899993896484375,0.710666835308075,0.008549030870199203,0.011464288458228111,-0.7033833265304565
uav_03,99.929179,-6.947012178350012,24.33211112779231,7.329999923706055,0.7109074592590332,0.007334877271205187,0.010019783861935139,-0.703175961971283
uav_03,100.029139,-6.9277149220743235,24.33211112779231,7.280000686645508,0.7110246419906616,0.006096114870160818,0.0086088040843606,-0.7030879855155945
uav_03,100.129099,-6.908417665798633,24.33211112779231,7.219999313354492,0.7110276818275452,0.004831086378544569,0.007276961114257574,-0.7031098008155823
uav_03,100.229059,-6.889120409522945,24.33211112779231,7.159999847412109,0.7109373807907104,0.003741026856005192,0.006084202788770199,-0.7032189965248108
uav_03,100.329019,-6.860174525794987,24.30994063942793,7.1100006103515625,0.7107921242713928,0.0029719301965087652,0.005103921052068472,-0.703377366065979
uav_03,100.429812,-6.8505258983427195,24.30994063942793,7.059999465942383,0.7106077075004578,0.002380816964432597,0.00430612126365304,-0.7035712003707886
uav_03,100.529772,-6.83122864206703,24.30994063942793,7.0,0.7104145288467407,0.0017432596068829298,0.0035989955067634583,-0.7037721276283264
uav_03,100.629732,-6.82158001324361,24.298855395048825,6.950000762939453,0.7102354764938354,0.00102995615452528,0.002732908818870783,-0.7039581537246704
uav_03,100.729692,-6.792634129515653,24.298855395048825,6.899999618530273,0.7100796103477478,0.00033887792960740626,0.0017670047236606479,-0.7041191458702087
uav_03,100.829652,-6.782985502063385,24.298855395048825,6.850000381469727,0.7099686861038208,-0.00036326938425190747,0.0009347857558168471,-0.7042325735092163
uav_03,100.929612,-6.763688245787695,24.298855395048825,6.799999237060547,0.70991450548172,-0.0007608426967635751,0.0002741292992141098,-0.7042873501777649
uav_03,101.029572,-6.744390989512007,24.276684906684437,6.75,0.7099055051803589,-0.0010132703464478254,-0.00022844337217975408,-0.7042961120605469
uav_03,101.129532,-6.744390989512007,24.276684906684437,6.700000762939453,0.7099297642707825,-0.0012649395503103733,-0.0006341587286442518,-0.7042710781097412
uav_03,101.229492,-6.725093733236318,24.276684906684437,6.649999618530273,0.7099818587303162,-0.0015994413988664746,-0.0009913743706420064,-0.7042174339294434
uav_03,101.329452,-6.71544510578405,24.265599662305334,6.600000381469727,0.7100523710250854,-0.001877439208328724,-0.001256281859241426,-0.7041451930999756
uav_03,101.429412,-6.7057964769606295,24.265599662305334,6.549999237060547,0.7101274132728577,-0.0021869379561394453,-0.0015114406123757362,-0.704068124294281
uav_03,101.529372,-6.69614784950836,24.265599662305334,6.5,0.7102031707763672,-0.0025660230312496424,-0.0016496687894687057,-0.7039901614189148
uav_03,101.629332,-6.676850593232673,24.265599662305334,6.450000762939453,0.710275411605835,-0.002924561034888029,-0.0017258875304833055,-0.7039157152175903
uav_03,101.729292,-6.676850593232673,24.265599662305334,6.399999618530273,0.7103408575057983,-0.0031365903560072184,-0.0017934486968442798,-0.7038486003875732
uav_03,101.829252,-6.676850593232673,24.265599662305334,6.3600006103515625,0.7103831171989441,-0.003184228204190731,-0.0019303247099742293,-0.7038053274154663
uav_03,101.929212,-6.667201965780403,24.243429173940953,6.309999465942383,0.7104001641273499,-0.0031321519054472446,-0.0019845955539494753,-0.703788161277771
uav_03,102.029172,-6.667201965780403,24.243429173940953,6.260000228881836,0.7103900909423828,-0.002963633043691516,-0.0019493928411975503,-0.7037991881370544
uav_03,102.129132,-6.667201965780403,24.243429173940953,6.209999084472656,0.7103659510612488,-0.0027273339219391346,-0.0019509653793647885,-0.703824520111084
uav_03,102.229092,-6.657553336956982,24.243429173940953,6.159999847412109,0.710334837436676,-0.0025187840219587088,-0.0019231683108955622,-0.7038567662239075
uav_03,102.329052,-6.657553336956982,24.232343929561846,6.1100006103515625,0.7102945446968079,-0.002300944644957781,-0.0017672094982117414,-0.703898549079895
uav_03,102.429012,-6.657553336956982,24.232343929561846,6.059999465942383,0.7102476954460144,-0.0021635352168232203,-0.0016716187819838524,-0.7039465308189392
uav_03,102.529805,-6.657553336956982,24.232343929561846,6.010000228881836,0.7101984024047852,-0.0020533050410449505,-0.0016515969764441252,-0.7039966583251953
uav_03,102.629765,-6.657553336956982,24.232343929561846,5.959999084472656,0.7101483345031738,-0.0020756640005856752,-0.001669825753197074,-0.7040470838546753
uav_03,102.729725,-6.657553336956982,24.232343929561846,5.909999847412109,0.7101066708564758,-0.002010888885706663,-0.0017470070160925388,-0.7040890455245972
uav_03,102.829685,-6.667201965780403,24.232343929561846,5.870000839233398,0.7100927829742432,-0.001863993238657713,-0.0017880157101899385,-0.7041033506393433
uav_03,102.929645,-6.667201965780403,24.232343929561846,5.819999694824219,0.7100995779037476,-0.0016388247022405267,-0.0018521660240367055,-0.7040969729423523
uav_03,103.029605,-6.667201965780403,24.232343929561846,5.770000457763672,0.7101097106933594,-0.0014108899049460888,-0.0019067899556830525,-0.7040870189666748
uav_03,103.129565,-6.667201965780403,24.232343929561846,5.719999313354492,0.7101256251335144,-0.0012320978567004204,-0.0019341199658811092,-0.7040712833404541
uav_03,103.229525,-6.676850593232673,24.232343929561846,5.670000076293945,0.7101467847824097,-0.0012512350222095847,-0.0017668220680207014,-0.7040503025054932
uav_03,103.329485,-6.676850593232673,24.210173441197465,5.620000839233398,0.7101719975471497,-0.0014095570659264922,-0.0014132980722934008,-0.7040253281593323
uav_03,103.429445,-6.676850593232673,24.210173441197465,5.569999694824219,0.7101922631263733,-0.0014163043815642595,-0.0010037114843726158,-0.7040056586265564
uav_03,103.529405,-6.676850593232673,24.210173441197465,5.520000457763672,0.7102059125900269,-0.0012737015495076776,-0.0006699342047795653,-0.703992486000061
uav_03,103.629365,-6.676850593232673,24.210173441197465,5.469999313354492,0.7102099657058716,-0.0011535680387169123,-0.0005669710226356983,-0.7039886713027954
uav_03,103.729325,-6.676850593232673,24.210173441197465,5.420000076293945,0.7102051973342896,-0.00079120765440166,-0.0005839132354594767,-0.7039940357208252
uav_03,103.829285,-6.69614784950836,24.210173441197465,5.370000839233398,0.7102010846138,-0.00044305442133918405,-0.0006146071245893836,-0.7039984464645386
uav_03,103.929245,-6.69614784950836,24.210173441197465,5.329999923706055,0.7101983428001404,-0.0002159455034416169,-0.0006633751327171922,-0.7040013074874878
uav_03,104.029205,-6.69614784950836,24.210173441197465,5.280000686645508,0.7101932764053345,-0.0002628845104482025,-0.0006321137771010399,-0.7040064334869385
uav_03,104.129165,-6.7057964769606295,24.19908819681836,5.229999542236328,0.7101930379867554,-0.000392320507671684,-0.0007071513100527227,-0.7040064930915833
uav_03,104.229125,-6.7057964769606295,24.19908819681836,5.180000305175781,0.71019446849823,-0.0006059803999960423,-0.0006400505662895739,-0.7040049433708191
uav_03,104.329085,-6.7057964769606295,24.19908819681836,5.129999160766602,0.7101978063583374,-0.0007252123905345798,-0.0003942797484342009,-0.7040016651153564
uav_03,104.429045,-6.7057964769606295,24.19908819681836,5.079999923706055,0.710202157497406,-0.0007271774811670184,-0.00024758922518230975,-0.7039973735809326
uav_03,104.529005,-6.71544510578405,24.19908819681836,5.030000686645508,0.7102079391479492,-0.0006335963844321668,-0.00011966265446972102,-0.7039916515350342
uav_03,104.629798,-6.71544510578405,24.19908819681836,4.979999542236328,0.7102136015892029,-0.0005163581809028983,2.0944974039593944e-06,-0.7039860486984253
uav_03,104.729758,-6.71544510578405,24.19908819681836,4.930000305175781,0.7102218270301819,-0.00029507820727303624,7.496060425182804e-05,-0.7039778828620911
uav_03,104.829718,-6.725093733236318,24.19908819681836,4.879999160766602,0.7102301120758057,-6.200333882588893e-05,0.00014699155872222036,-0.7039695978164673
uav_03,104.929678,-6.725093733236318,24.19908819681836,4.829999923706055,0.7102335691452026,0.00027485843747854233,0.00018814924987964332,-0.7039660215377808
uav_03,105.029638,-6.725093733236318,24.19908819681836,4.780000686645508,0.7102271318435669,0.00047728975187055767,9.445320029044524e-05,-0.7039724588394165
uav_03,105.129598,-6.725093733236318,24.19908819681836,4.729999542236328,0.7102169394493103,0.00041728076757863164,-6.814600783400238e-05,-0.7039827108383179
uav_03,105.229558,-6.7347423620597375,24.19908819681836,4.690000534057617,0.710206925868988,-2.5188030122080818e-05,-0.0005053949425928295,-0.7039928436279297
uav_03,105.329518,-6.7347423620597375,24.19908819681836,4.6399993896484375,0.7101914286613464,-0.00032355604344047606,-0.000807568896561861,-0.7040081024169922
uav_03,105.429478,-6.7347423620597375,24.19908819681836,4.590000152587891,0.7101708054542542,-0.00045797074562869966,-0.0006740264943800867,-0.7040289044380188
uav_03,105.529438,-6.7347423620597375,24.19908819681836,4.540000915527344,0.7101551294326782,-0.00041117623914033175,-0.00035221537109464407,-0.7040449976921082
uav_03,105.629398,-6.7347423620597375,24.19908819681836,4.489999771118164,0.7101535201072693,-7.471120625268668e-05,7.942155934870243e-05,-0.7040468454360962
uav_03,105.729358,-6.7347423620597375,24.19908819681836,4.440000534057617,0.7101570963859558,0.00021799764363095164,0.0004527028650045395,-0.7040430307388306
uav_03,105.829318,-6.744390989512007,24.19908819681836,4.3899993896484375,0.7101684808731079,0.0001836895535234362,0.0006621181964874268,-0.7040314078330994
uav_03,105.929278,-6.744390989512007,24.19908819681836,4.340000152587891,0.7101832032203674,9.908613719744608e-05,0.0007066342514008284,-0.7040165662765503
uav_03,106.029238,-6.744390989512007,24.19908819681836,4.299999237060547,0.7101997137069702,2.7154042982147075e-05,0.0007173089543357491,-0.7039998769760132
uav_03,106.129198,-6.744390989512007,24.19908819681836,4.25,0.7102097272872925,4.666744644055143e-05,0.0007122314418666065,-0.7039898037910461
uav_03,106.229158,-6.744390989512007,24.19908819681836,4.200000762939453,0.7102178931236267,-0.00010760960140032694,0.0007265052990987897,-0.7039815187454224
uav_03,106.329118,-6.744390989512007,24.19908819681836,4.149999618530273,0.7102255821228027,-0.000373979564756155,0.0007365591009147465,-0.703973650932312
uav_03,106.429078,-6.744390989512007,24.19908819681836,4.100000381469727,0.7102294564247131,-0.0005494366632774472,0.0005679552559740841,-0.7039698362350464
uav_03,106.529038,-6.744390989512007,24.19908819681836,4.049999237060547,0.7102245092391968,-0.0005386747652664781,0.0003032287349924445,-0.7039749622344971
uav_03,106.628998,-6.744390989512007,24.19908819681836,4.010000228881836,0.710225522518158,-0.0008016083738766611,0.00019089519628323615,-0.7039737701416016
uav_03,106.729791,-6.744390989512007,24.19908819681836,3.9600000381469727,0.7102219462394714,-0.0009581880294717848,4.8457364755449817e-05,-0.7039771676063538
uav_03,106.829751,-6.744390989512007,24.19908819681836,3.9099998474121094,0.7102154493331909,-0.000987526378594339,-6.514625420095399e-05,-0.7039836645126343
uav_03,106.929711,-6.744390989512007,24.19908819681836,3.859999656677246,0.7102085947990417,-0.0008685228531248868,-8.761494973441586e-05,-0.7039907574653625
uav_03,107.029671,-6.744390989512007,24.19908819681836,3.810000419616699,0.7102000713348389,-0.0007248935871757567,-0.00015028465713839978,-0.7039995193481445
uav_03,107.129631,-6.744390989512007,24.19908819681836,3.760000228881836,0.7101902961730957,-0.00047294225078076124,-0.0003239010402467102,-0.704009473323822
uav_03,107.229591,-6.744390989512007,24.19908819681836,3.7200002670288086,0.7101846933364868,-0.0003591286367736757,-0.0003227989363949746,-0.7040151953697205
uav_03,107.329551,-6.744390989512007,24.19908819681836,3.6700000762939453,0.7101808786392212,-0.0003123809874523431,-6.631270662182942e-05,-0.7040191888809204
uav_03,107.429511,-6.744390989512007,24.19908819681836,3.619999885559082,0.7101714611053467,-0.00033889556652866304,0.00018536359129939228,-0.7040286064147949
uav_03,107.529471,-6.744390989512007,24.19908819681836,3.5699996948242188,0.710168719291687,-0.0002730500418692827,0.00030914711533114314,-0.7040314078330994
uav_03,107.629431,-6.744390989512007,24.19908819681836,3.520000457763672,0.710168182849884,-0.0002097462711390108,0.00037740072002634406,-0.7040319442749023
uav_03,107.729391,-6.744390989512007,24.19908819681836,3.4700002670288086,0.710167407989502,-0.00017614102398511022,0.00033607197110541165,-0.7040327191352844
uav_03,107.829351,-6.744390989512007,24.19908819681836,3.4300003051757812,0.7101632952690125,-0.00019323085143696517,0.00017214211402460933,-0.7040369510650635
uav_03,107.929311,-6.744390989512007,24.19908819681836,3.380000114440918,0.7101591229438782,-0.00020541611593216658,5.692767081200145e-05,-0.7040411233901978
uav_03,108.029271,-6.744390989512007,24.19908819681836,3.3299999237060547,0.7101562023162842,-0.00027101271552965045,-7.390569953713566e-05,-0.7040441036224365
uav_03,108.129231,-6.744390989512007,24.19908819681836,3.2799997329711914,0.7101548910140991,-0.00015044963220134377,-0.00024190847761929035,-0.7040453553199768
uav_03,108.229191,-6.744390989512007,24.19908819681836,3.229999542236328,0.7101545333862305,-8.98798753041774e-05,-0.0003954678832087666,-0.7040457129478455
uav_03,108.329151,-6.744390989512007,24.19908819681836,3.1800003051757812,0.7101537585258484,-3.818487311946228e-05,-0.00039850815664976835,-0.7040464878082275
uav_03,108.429111,-6.744390989512007,24.19908819681836,3.140000343322754,0.7101497650146484,-4.584611451718956e-05,-5.776089892606251e-05,-0.704050600528717
uav_03,108.529071,-6.744390989512007,24.19908819681836,3.0900001525878906,0.710151731967926,-0.00014617109263781458,0.00032221563742496073,-0.7040485739707947
uav_03,108.629031,-6.744390989512007,24.19908819681836,3.0399999618530273,0.7101566195487976,-0.00023166948813013732,0.0005169050418771803,-0.7040435671806335
uav_03,108.728991,-6.744390989512007,24.19908819681836,2.989999771118164,0.7101688385009766,-0.00016007639351300895,0.0005412398604676127,-0.704031229019165
uav_03,108.829784,-6.744390989512007,24.19908819681836,2.939999580383301,0.7101792693138123,-0.00015331810573115945,0.0005093856598250568,-0.7040206789970398
uav_03,108.929744,-6.744390989512007,24.19908819681836,2.890000343322754,0.7101791501045227,-6.374561053235084e-05,0.00043422915041446686,-0.7040208578109741
uav_03,109.029704,-6.744390989512007,24.19908819681836,2.8400001525878906,0.7101714611053467,-0.0001055290485965088,0.00027938943821936846,-0.7040286660194397
uav_03,109.129664,-6.744390989512007,24.19908819681836,2.7899999618530273,0.7101641893386841,-0.00013348784705158323,0.00011190876102773473,-0.7040360569953918
uav_03,109.229624,-6.744390989512007,24.19908819681836,2.75,0.7101554870605469,-0.0002639206650201231,-2.6996314772986807e-05,-0.7040448188781738
uav_03,109.329584,-6.744390989512007,24.19908819681836,2.6999998092651367,0.71014404296875,-0.0003727373550646007,-5.540977872442454e-05,-0.7040563225746155
uav_03,109.429544,-6.744390989512007,24.19908819681836,2.6499996185302734,0.7101317048072815,-0.00038643350126221776,-1.895064087875653e-05,-0.7040687203407288
uav_03,109.529504,-6.744390989512007,24.19908819681836,2.6000003814697266,0.7101309895515442,-0.0002541553694754839,0.00013322422455530614,-0.7040695548057556
uav_03,109.629464,-6.744390989512007,24.19908819681836,2.5500001907348633,0.7101315855979919,-0.00022359323338605464,0.0002908343158196658,-0.7040688395500183
uav_03,109.729424,-6.744390989512007,24.19908819681836,2.5,0.7101313471794128,-0.00016751568182371557,0.00045185620547272265,-0.7040690779685974
uav_03,109.829384,-6.744390989512007,24.19908819681836,2.4600000381469727,0.7101318836212158,-0.00014953486970625818,0.00055395916569978,-0.7040684819221497
uav_03,109.929344,-6.744390989512007,24.19908819681836,2.4099998474121094,0.7101317048072815,-4.912360236630775e-05,0.00036230249679647386,-0.7040687203407288
uav_03,110.029304,-6.763688245787695,24.19908819681836,2.359999656677246,0.7101262211799622,-4.600056490744464e-05,0.00010170861787628382,-0.7040743827819824
uav_03,110.129264,-6.763688245787695,24.19908819681836,2.310000419616699,0.7101180553436279,-0.00010171027679461986,-0.00011287807865301147,-0.7040826082229614
uav_03,110.229224,-6.763688245787695,24.19908819681836,2.260000228881836,0.7101032733917236,-0.0002494262298569083,-0.00022412315593101084,-0.7040973901748657
uav_03,110.329184,-6.763688245787695,24.19908819681836,2.2100000381469727,0.7100852131843567,-0.0003043737087864429,-0.00024271657457575202,-0.7041156888008118
uav_03,110.429144,-6.763688245787695,24.19908819681836,2.1700000762939453,0.7100670337677002,-0.00023599699488840997,-0.0001375217834720388,-0.7041340470314026
uav_03,110.529104,-6.763688245787695,24.19908819681836,2.119999885559082,0.7100561261177063,-9.148222306976095e-05,4.3711261241696775e-05,-0.704145073890686
uav_03,110.629064,-6.763688245787695,24.19908819681836,2.0699996948242188,0.7100476622581482,7.448751421179622e-05,0.00024649809347465634,-0.7041535973548889
uav_03,110.729024,-6.763688245787695,24.19908819681836,2.020000457763672,0.7100391983985901,0.00023537153901997954,0.00044402771163731813,-0.7041619420051575
uav_03,110.829817,-6.763688245787695,24.19908819681836,1.9700002670288086,0.7100326418876648,0.00031844578916206956,0.0006378781399689615,-0.7041683793067932
uav_03,110.929777,-6.763688245787695,24.19908819681836,1.9200000762939453,0.7100304365158081,0.00038480156217701733,0.0006528203375637531,-0.7041705250740051
uav_03,111.029737,-6.763688245787695,24.19908819681836,1.880000114440918,0.7100400924682617,0.00039593037217855453,0.0006033428944647312,-0.7041608691215515
uav_03,111.129697,-6.763688245787695,24.176917708453978,1.8299999237060547,0.7100510597229004,0.00045308558037504554,0.0005449849995784461,-0.7041498422622681
uav_03,111.229657,-6.763688245787695,24.176917708453978,1.7799997329711914,0.7100633978843689,0.0005459040403366089,0.00039325415855273604,-0.7041374444961548
uav_03,111.329617,-6.763688245787695,24.176917708453978,1.7299995422363281,0.7100772261619568,0.0007876811432652175,0.00013029601541347802,-0.7041233777999878
uav_03,111.429577,-6.763688245787695,24.176917708453978,1.6800003051757812,0.7100880742073059,0.000961351441219449,-8.58833227539435e-05,-0.7041122317314148
uav_03,111.529537,-6.763688245787695,24.176917708453978,1.630000114440918,0.7100935578346252,0.0010167899308726192,-8.718731260159984e-05,-0.7041065692901611
uav_03,111.629497,-6.763688245787695,24.176917708453978,1.5799999237060547,0.7100961804389954,0.0010213115019723773,5.3173200285527855e-05,-0.7041038870811462
uav_03,111.729457,-6.763688245787695,24.176917708453978,1.5399999618530273,0.7100964784622192,0.0010524962563067675,0.00025782466400414705,-0.7041035890579224
uav_03,111.829417,-6.763688245787695,24.176917708453978,1.489999771118164,0.7100995779037476,0.0010463076177984476,0.00046163646038621664,-0.7041003108024597
uav_03,111.929377,-6.763688245787695,24.176917708453978,1.4399995803833008,0.7101032137870789,0.0009704148396849632,0.0004591530014295131,-0.704096794128418
uav_03,112.029337,-6.763688245787695,24.176917708453978,1.390000343322754,0.7101120352745056,0.0008218472939915955,0.00027423861320130527,-0.7040881514549255
uav_03,112.129297,-6.763688245787695,24.176917708453978,1.3400001525878906,0.7101178765296936,0.000978120369836688,5.206261903367704e-06,-0.7040821313858032
uav_03,112.229257,-6.763688245787695,24.176917708453978,1.3000001907348633,0.7101174592971802,0.0009649808635003865,-0.00019191666797269136,-0.7040825486183167
uav_03,112.329217,-6.763688245787695,24.176917708453978,1.25,0.710107684135437,0.0008097013342194259,-0.0003417568514123559,-0.7040925025939941
uav_03,112.429177,-6.744390989512007,24.176917708453978,1.1999998092651367,0.7100863456726074,0.0005092411302030087,-0.00046217525959946215,-0.7041142582893372
uav_03,112.529137,-6.744390989512007,24.176917708453978,1.1499996185302734,0.7100651860237122,0.0002941200800705701,-0.0005219884915277362,-0.7041356563568115
uav_03,112.629097,-6.744390989512007,24.176917708453978,1.1000003814697266,0.710046648979187,0.0002204846532549709,-0.00043768264004029334,-0.7041544318199158
uav_03,112.729057,-6.744390989512007,24.176917708453978,1.0600004196166992,0.7100293636322021,0.00023911939933896065,-0.0002749122795648873,-0.7041719555854797
uav_03,112.829017,-6.744390989512007,24.176917708453978,1.010000228881836,0.7100180387496948,0.0003018954012077302,-0.00011982266732957214,-0.7041833996772766
uav_03,112.92981,-6.744390989512007,24.176917708453978,0.9600000381469727,0.7100151181221008,0.00036614364944398403,-6.179825868457556e-05,-0.7041863203048706
uav_03,113.02977,-6.744390989512007,24.176917708453978,0.9099998474121094,0.7100139260292053,0.0002504482981748879,-7.544166874140501e-05,-0.7041875123977661
uav_03,113.12973,-6.744390989512007,24.176917708453978,0.8599996566772461,0.7100154161453247,0.00021516167907975614,-0.00013496183964889497,-0.7041860818862915
uav_03,113.22969,-6.744390989512007,24.176917708453978,0.8199996948242188,0.7100279927253723,0.00011521494889166206,-0.0003972864942625165,-0.7041733264923096
uav_03,113.32965,-6.744390989512007,24.176917708453978,0.7700004577636719,0.7100425362586975,0.000167434336617589,-0.0005913874483667314,-0.7041585445404053
uav_03,113.42961,-6.744390989512007,24.176917708453978,0.7200002670288086,0.710059404373169,0.0002819079381879419,-0.0007144497358240187,-0.70414137840271
uav_03,113.52957,-6.744390989512007,24.176917708453978,0.6700000762939453,0.7100716233253479,0.00043677122448571026,-0.0006156862946227193,-0.7041290402412415
uav_03,113.62953,-6.744390989512007,24.176917708453978,0.619999885559082,0.7100717425346375,0.00034490390680730343,-0.0003179816994816065,-0.704129159450531
uav_03,113.72949,-6.744390989512007,24.19908819681836,0.5699996948242188,0.7100667953491211,0.0001340288872597739,-7.23524353816174e-05,-0.7041342854499817
uav_03,113.82945,-6.744390989512007,24.19908819681836,0.5299997329711914,0.7100626826286316,-0.00011992062354693189,9.880127618089318e-05,-0.704138457775116
uav_03,113.92941,-6.744390989512007,24.19908819681836,0.4799995422363281,0.7100484371185303,-0.000178461370524019,0.00014008172729518265,-0.7041527628898621
uav_03,114.02937,-6.744390989512007,24.19908819681836,0.43000030517578125,0.7100299596786499,-0.00020216373377479613,0.00020096803200431168,-0.7041714191436768
uav_03,114.12933,-6.744390989512007,24.19908819681836,0.38000011444091797,0.7100046873092651,-3.250114605179988e-05,0.00019211802282370627,-0.7041969299316406
uav_03,114.22929,-6.744390989512007,24.19908819681836,0.3299999237060547,0.7099798321723938,0.00014147064939606935,9.258263889933005e-05,-0.7042219638824463
uav_03,114.32925,-6.744390989512007,24.19908819681836,0.28999996185302734,0.7099607586860657,0.00028843755717389286,-3.0610211979364976e-05,-0.704241156578064
uav_03,114.42921,-6.744390989512007,24.19908819681836,0.23999977111816406,0.7099505066871643,0.00019035121658816934,-5.6605786085128784e-05,-0.7042515277862549
uav_03,114.52917,-6.744390989512007,24.19908819681836,0.18999958038330078,0.7099415063858032,4.89468511659652e-05,5.146812691236846e-05,-0.7042606472969055
uav_03,114.62913,-6.744390989512007,24.19908819681836,0.1400003433227539,0.7099336981773376,-7.686494063818827e-05,0.0002447956067044288,-0.7042684555053711
uav_03,114.72909,-6.744390989512007,24.19908819681836,0.09000015258789062,0.7099298238754272,0.0,0.0,-0.7042723894119263
uav_03,114.82905,-6.744390989512007,24.19908819681836,0.06999969482421875,0.7099298238754272,0.0,0.0,-0.7042723894119263
uav_03,114.92901,-6.744390989512007,24.19908819681836,0.07999992370605469,0.7099298238754272,0.0,0.0,-0.7042723894119263
uav_03,115.029803,-6.744390989512007,24.19908819681836,0.09000015258789062,0.7099298238754272,0.0,0.0,-0.7042723894119263
uav_03,115.129763,-6.744390989512007,24.19908819681836,0.10000038146972656,0.7099298238754272,0.0,0.0,-0.7042723894119263
uav_03,115.229723,-6.744390989512007,24.19908819681836,0.10000038146972656,0.7099298238754272,0.0,0.0,-0.7042723894119263
uav_03,115.329683,-6.744390989512007,24.19908819681836,0.10000038146972656,0.7099298238754272,0.0,0.0,-0.7042723894119263
uav_03,115.429643,-6.744390989512007,24.19908819681836,0.10000038146972656,0.7099298238754272,0.0,0.0,-0.7042723894119263
uav_03,115.529603,-6.744390989512007,24.19908819681836,0.09000015258789062,0.7099298238754272,0.0,0.0,-0.7042723894119263
uav_03,115.629563,-6.744390989512007,24.19908819681836,0.09000015258789062,0.7099298238754272,0.0,0.0,-0.7042723894119263
uav_03,115.729523,-6.744390989512007,24.19908819681836,0.09000015258789062,0.7099298238754272,0.0,0.0,-0.7042723894119263
uav_03,115.829483,-6.744390989512007,24.19908819681836,0.10000038146972656,0.7099298238754272,0.0,0.0,-0.7042723894119263
uav_03,115.929443,-6.744390989512007,24.19908819681836,0.10000038146972656,0.7099298238754272,0.0,0.0,-0.7042723894119263
uav_03,116.029403,-6.744390989512007,24.19908819681836,0.10000038146972656,0.7099298238754272,0.0,0.0,-0.7042723894119263
uav_03,116.129363,-6.744390989512007,24.19908819681836,0.10000038146972656,0.7099298238754272,0.0,0.0,-0.7042723894119263
uav_03,116.229323,-6.744390989512007,24.19908819681836,0.09000015258789062,0.7099298238754272,0.0,0.0,-0.7042723894119263
uav_03,116.329283,-6.744390989512007,24.19908819681836,0.09000015258789062,0.7099298238754272,0.0,0.0,-0.7042723894119263
uav_03,116.429243,-6.744390989512007,24.19908819681836,0.09000015258789062,0.7099298238754272,0.0,0.0,-0.7042723894119263
uav_03,116.529203,-6.744390989512007,24.19908819681836,0.09000015258789062,0.7099298238754272,0.0,0.0,-0.7042723894119263
uav_03,116.629163,-6.744390989512007,24.19908819681836,0.10000038146972656,0.7099298238754272,0.0,0.0,-0.7042723894119263
uav_03,116.729123,-6.744390989512007,24.19908819681836,0.10000038146972656,0.7099298238754272,0.0,0.0,-0.7042723894119263
uav_03,116.829083,-6.744390989512007,24.19908819681836,0.10000038146972656,0.7099298238754272,0.0,0.0,-0.7042723894119263
uav_03,116.929043,-6.744390989512007,24.19908819681836,0.09000015258789062,0.7099298238754272,0.0,0.0,-0.7042723894119263
uav_03,117.029003,-6.744390989512007,24.19908819681836,0.09000015258789062,0.7099298238754272,0.0,0.0,-0.7042723894119263
uav_03,117.129796,-6.744390989512007,24.19908819681836,0.09000015258789062,0.7099298238754272,0.0,0.0,-0.7042723894119263
uav_03,117.229756,-6.744390989512007,24.19908819681836,0.09000015258789062,0.7099298238754272,0.0,0.0,-0.7042723894119263
uav_03,117.329716,-6.744390989512007,24.19908819681836,0.09000015258789062,0.7099298238754272,0.0,0.0,-0.7042723894119263
uav_03,117.429676,-6.744390989512007,24.19908819681836,0.09000015258789062,0.7099298238754272,0.0,0.0,-0.7042723894119263
uav_03,117.529636,-6.744390989512007,24.19908819681836,0.09000015258789062,0.7099298238754272,0.0,0.0,-0.7042723894119263
uav_03,117.629596,-6.744390989512007,24.19908819681836,0.09000015258789062,0.7099298238754272,0.0,0.0,-0.7042723894119263
uav_03,117.729556,-6.744390989512007,24.19908819681836,0.09000015258789062,0.7099298238754272,0.0,0.0,-0.7042723894119263
uav_03,117.829516,-6.744390989512007,24.19908819681836,0.09000015258789062,0.7099298238754272,0.0,0.0,-0.7042723894119263
uav_03,117.929476,-6.744390989512007,24.19908819681836,0.09000015258789062,0.7099298238754272,0.0,0.0,-0.7042723894119263
uav_03,118.029436,-6.744390989512007,24.19908819681836,0.09000015258789062,0.7099298238754272,0.0,0.0,-0.7042723894119263
uav_03,118.129396,-6.744390989512007,24.19908819681836,0.09000015258789062,0.7099298238754272,0.0,0.0,-0.7042723894119263
uav_03,118.229356,-6.744390989512007,24.19908819681836,0.09000015258789062,0.7099298238754272,0.0,0.0,-0.7042723894119263
uav_03,118.329316,-6.744390989512007,24.19908819681836,0.09000015258789062,0.7099298238754272,0.0,0.0,-0.7042723894119263
uav_03,118.429276,-6.744390989512007,24.19908819681836,0.09000015258789062,0.7099298238754272,0.0,0.0,-0.7042723894119263
uav_03,118.529236,-6.744390989512007,24.19908819681836,0.09000015258789062,0.7099298238754272,0.0,0.0,-0.7042723894119263
uav_03,118.629196,-6.744390989512007,24.19908819681836,0.09000015258789062,0.7099298238754272,0.0,0.0,-0.7042723894119263
uav_03,118.729156,-6.744390989512007,24.19908819681836,0.09000015258789062,0.7099298238754272,0.0,0.0,-0.7042723894119263
uav_03,118.829116,-6.744390989512007,24.19908819681836,0.09000015258789062,0.7099298238754272,0.0,0.0,-0.7042723894119263
uav_03,118.929076,-6.744390989512007,24.19908819681836,0.09000015258789062,0.7099298238754272,0.0,0.0,-0.7042723894119263
uav_03,119.029036,-6.744390989512007,24.19908819681836,0.09000015258789062,0.7099298238754272,0.0,0.0,-0.7042723894119263
uav_04,2.629781,-18.235906967997387,32.81232297856321,0.10000038146972656,1.0,0.0,0.0,0.0
uav_04,2.729741,-18.235906967997387,32.81232297856321,0.10000038146972656,1.0,0.0,0.0,0.0
uav_04,2.829701,-18.235906967997387,32.81232297856321,0.10000038146972656,1.0,0.0,0.0,0.0
uav_04,2.929661,-18.235906967997387,32.81232297856321,0.10000038146972656,1.0,0.0,0.0,0.0
uav_04,3.029621,-18.235906967997387,32.81232297856321,0.10000038146972656,1.0,0.0,0.0,0.0
uav_04,3.129581,-18.235906967997387,32.81232297856321,0.10000038146972656,1.0,0.0,0.0,0.0
uav_04,3.229541,-18.235906967997387,32.81232297856321,0.10000038146972656,1.0,0.0,0.0,0.0
uav_04,3.329501,-18.235906967997387,32.81232297856321,0.10000038146972656,1.0,0.0,0.0,0.0
uav_04,3.429461,-18.235906967997387,32.81232297856321,0.10000038146972656,1.0,0.0,0.0,0.0
uav_04,3.529421,-18.235906967997387,32.81232297856321,0.10000038146972656,1.0,0.0,0.0,0.0
uav_04,3.629381,-18.235906967997387,32.81232297856321,0.10000038146972656,1.0,0.0,0.0,0.0
uav_04,3.729341,-18.235906967997387,32.81232297856321,0.10000038146972656,1.0,0.0,0.0,0.0
uav_04,3.829301,-18.235906967997387,32.81232297856321,0.10000038146972656,1.0,0.0,0.0,0.0
uav_04,3.929261,-18.235906967997387,32.81232297856321,0.10000038146972656,1.0,0.0,0.0,0.0
uav_04,4.029221,-18.235906967997387,32.81232297856321,0.10000038146972656,1.0,0.0,0.0,0.0
uav_04,4.129181,-18.235906967997387,32.81232297856321,0.10000038146972656,1.0,0.0,0.0,0.0
uav_04,4.229141,-18.235906967997387,32.81232297856321,0.10000038146972656,1.0,0.0,0.0,0.0
uav_04,4.329101,-18.235906967997387,32.81232297856321,0.10000038146972656,1.0,0.0,0.0,0.0
uav_04,4.429061,-18.235906967997387,32.81232297856321,0.10000038146972656,1.0,0.0,0.0,0.0
uav_04,4.529021,-18.235906967997387,32.81232297856321,0.10000038146972656,1.0,0.0,0.0,0.0
uav_04,4.629814,-18.235906967997387,32.81232297856321,0.10000038146972656,1.0,0.0,0.0,0.0
uav_04,4.729774,-18.235906967997387,32.81232297856321,0.10000038146972656,1.0,0.0,0.0,0.0
uav_04,4.829734,-18.235906967997387,32.81232297856321,0.10000038146972656,1.0,0.0,0.0,0.0
uav_04,4.929694,-18.235906967997387,32.81232297856321,0.10000038146972656,1.0,0.0,0.0,0.0
uav_04,5.029654,-18.235906967997387,32.81232297856321,0.10000038146972656,1.0,0.0,0.0,0.0
uav_04,5.129614,-18.235906967997387,32.81232297856321,0.10000038146972656,1.0,0.0,0.0,0.0
uav_04,5.229574,-18.235906967997387,32.81232297856321,0.10000038146972656,1.0,0.0,0.0,0.0
uav_04,5.329534,-18.235906967997387,32.81232297856321,0.10000038146972656,1.0,0.0,0.0,0.0
uav_04,5.429494,-18.235906967997387,32.81232297856321,0.10000038146972656,1.0,0.0,0.0,0.0
uav_04,5.529454,-18.235906967997387,32.81232297856321,0.10000038146972656,1.0,0.0,0.0,0.0
uav_04,5.629414,-18.235906967997387,32.81232297856321,0.10000038146972656,1.0,0.0,0.0,0.0
uav_04,5.729374,-18.235906967997387,32.81232297856321,0.10000038146972656,1.0,0.0,0.0,0.0
uav_04,5.829334,-18.235906967997387,32.81232297856321,0.10000038146972656,1.0,0.0,0.0,0.0
uav_04,5.929294,-18.235906967997387,32.81232297856321,0.10000038146972656,1.0,0.0,0.0,0.0
uav_04,6.029254,-18.235906967997387,32.81232297856321,0.10000038146972656,1.0,0.0,0.0,0.0
uav_04,6.129214,-18.235906967997387,32.81232297856321,0.10000038146972656,1.0,0.0,0.0,0.0
uav_04,6.229174,-18.235906967997387,32.81232297856321,0.10000038146972656,1.0,0.0,0.0,0.0
uav_04,6.329134,-18.235906967997387,32.81232297856321,0.10000038146972656,1.0,0.0,0.0,0.0
uav_04,6.429094,-18.235906967997387,32.81232297856321,0.10000038146972656,1.0,0.0,0.0,0.0
uav_04,6.529054,-18.235906967997387,32.81232297856321,0.10000038146972656,1.0,0.0,0.0,0.0
uav_04,6.629014,-18.235906967997387,32.81232297856321,0.10000038146972656,1.0,0.0,0.0,0.0
uav_04,6.729807,-18.235906967997387,32.81232297856321,0.10000038146972656,1.0,0.0,0.0,0.0
uav_04,6.829767,-18.235906967997387,32.81232297856321,0.10000038146972656,1.0,0.0,0.0,0.0
uav_04,6.929727,-18.235906967997387,32.81232297856321,0.10000038146972656,1.0,0.0,0.0,0.0
uav_04,7.029687,-18.235906967997387,32.81232297856321,0.10000038146972656,1.0,0.0,0.0,0.0
uav_04,7.129647,-18.235906967997387,32.81232297856321,0.10000038146972656,1.0,0.0,0.0,0.0
uav_04,7.229607,-18.235906967997387,32.81232297856321,0.10000038146972656,1.0,0.0,0.0,0.0
uav_04,7.329567,-18.235906967997387,32.81232297856321,0.10000038146972656,1.0,0.0,0.0,0.0
uav_04,7.429527,-18.235906967997387,32.81232297856321,0.10000038146972656,1.0,0.0,0.0,0.0
uav_04,7.529487,-18.235906967997387,32.81232297856321,0.10000038146972656,1.0,0.0,0.0,0.0
uav_04,7.629447,-18.235906967997387,32.81232297856321,0.10000038146972656,1.0,0.0,0.0,0.0
uav_04,7.729407,-18.235906967997387,32.81232297856321,0.10000038146972656,1.0,0.0,0.0,0.0
uav_04,7.829367,-18.235906967997387,32.81232297856321,0.10000038146972656,1.0,0.0,0.0,0.0
uav_04,7.929327,-18.235906967997387,32.81232297856321,0.10000038146972656,1.0,0.0,0.0,0.0
uav_04,8.029287,-18.235906967997387,32.81232297856321,0.10000038146972656,1.0,0.0,0.0,0.0
uav_04,8.129247,-18.235906967997387,32.81232297856321,0.10000038146972656,1.0,0.0,0.0,0.0
uav_04,8.229207,-18.235906967997387,32.81232297856321,0.10000038146972656,1.0,0.0,0.0,0.0
uav_04,8.329167,-18.235906967997387,32.81232297856321,0.10000038146972656,1.0,0.0,0.0,0.0
uav_04,8.429127,-18.235906967997387,32.81232297856321,0.10000038146972656,1.0,0.0,0.0,0.0
uav_04,8.529087,-18.235906967997387,32.81232297856321,0.10000038146972656,1.0,0.0,0.0,0.0
uav_04,8.629047,-18.235906967997387,32.81232297856321,0.10000038146972656,1.0,0.0,0.0,0.0
uav_04,8.729007,-18.235906967997387,32.81232297856321,0.10000038146972656,1.0,0.0,0.0,0.0
uav_04,8.8298,-18.235906967997387,32.81232297856321,0.10000038146972656,1.0,0.0,0.0,0.0
uav_04,8.92976,-18.235906967997387,32.81232297856321,0.10000038146972656,1.0,0.0,0.0,0.0
uav_04,9.02972,-18.235906967997387,32.81232297856321,0.10000038146972656,1.0,0.0,0.0,0.0
uav_04,9.12968,-18.235906967997387,32.81232297856321,0.10000038146972656,1.0,0.0,0.0,0.0
uav_04,9.22964,-18.235906967997387,32.81232297856321,0.10000038146972656,1.0,0.0,0.0,0.0
uav_04,9.3296,-18.235906967997387,32.81232297856321,0.10000038146972656,1.0,0.0,0.0,0.0
uav_04,9.42956,-18.235906967997387,32.81232297856321,0.10000038146972656,1.0,0.0,0.0,0.0
uav_04,9.52952,-18.235906967997387,32.81232297856321,0.10000038146972656,1.0,0.0,0.0,0.0
uav_04,9.62948,-18.235906967997387,32.81232297856321,0.10000038146972656,1.0,0.0,0.0,0.0
uav_04,9.72944,-18.235906967997387,32.81232297856321,0.10000038146972656,1.0,0.0,0.0,0.0
uav_04,9.8294,-18.235906967997387,32.81232297856321,0.10000038146972656,1.0,0.0,0.0,0.0
uav_04,9.92936,-18.235906967997387,32.81232297856321,0.10000038146972656,1.0,0.0,0.0,0.0
uav_04,10.02932,-18.235906967997387,32.81232297856321,0.10000038146972656,1.0,0.0,0.0,0.0
uav_04,10.12928,-18.235906967997387,32.81232297856321,0.10000038146972656,1.0,0.0,0.0,0.0
uav_04,10.22924,-18.235906967997387,32.81232297856321,0.10000038146972656,1.0,0.0,0.0,0.0
uav_04,10.3292,-18.235906967997387,32.81232297856321,0.10000038146972656,1.0,0.0,0.0,0.0
uav_04,10.42916,-18.235906967997387,32.81232297856321,0.10000038146972656,1.0,0.0,0.0,0.0
uav_04,10.52912,-18.235906967997387,32.81232297856321,0.10000038146972656,1.0,0.0,0.0,0.0
uav_04,10.62908,-18.235906967997387,32.81232297856321,0.10000038146972656,1.0,0.0,0.0,0.0
uav_04,10.72904,-18.235906967997387,32.81232297856321,0.10000038146972656,1.0,0.0,0.0,0.0
uav_04,10.829,-18.235906967997387,32.81232297856321,0.10000038146972656,1.0,0.0,0.0,0.0
uav_04,10.929793,-18.235906967997387,32.81232297856321,0.10000038146972656,1.0,0.0,0.0,0.0
uav_04,11.029753,-18.235906967997387,32.81232297856321,0.10000038146972656,1.0,0.0,0.0,0.0
uav_04,11.129713,-18.235906967997387,32.81232297856321,0.10000038146972656,1.0,0.0,0.0,0.0
uav_04,11.229673,-18.235906967997387,32.81232297856321,0.10000038146972656,1.0,0.0,0.0,0.0
uav_04,11.329633,-18.235906967997387,32.81232297856321,0.10000038146972656,1.0,0.0,0.0,0.0
uav_04,11.429593,-18.235906967997387,32.81232297856321,0.10000038146972656,1.0,0.0,0.0,0.0
uav_04,11.529553,-18.235906967997387,32.81232297856321,0.10000038146972656,1.0,0.0,0.0,0.0
uav_04,11.629513,-18.235906967997387,32.81232297856321,0.10000038146972656,1.0,0.0,0.0,0.0
uav_04,11.729473,-18.235906967997387,32.81232297856321,0.10000038146972656,1.0,0.0,0.0,0.0
uav_04,11.829433,-18.235906967997387,32.81232297856321,0.10000038146972656,1.0,0.0,0.0,0.0
uav_04,11.929393,-18.235906967997387,32.81232297856321,0.10000038146972656,1.0,0.0,0.0,0.0
uav_04,12.029353,-18.235906967997387,32.81232297856321,0.10000038146972656,1.0,0.0,0.0,0.0
uav_04,12.129313,-18.235906967997387,32.81232297856321,0.10000038146972656,1.0,0.0,0.0,0.0
uav_04,12.229273,-18.235906967997387,32.81232297856321,0.10000038146972656,1.0,0.0,0.0,0.0
uav_04,12.329233,-18.235906967997387,32.81232297856321,0.10000038146972656,1.0,0.0,0.0,0.0
uav_04,12.429193,-18.235906967997387,32.81232297856321,0.10000038146972656,1.0,0.0,0.0,0.0
uav_04,12.529153,-18.235906967997387,32.81232297856321,0.10000038146972656,1.0,0.0,0.0,0.0
uav_04,12.629113,-18.235906967997387,32.81232297856321,0.10000038146972656,1.0,0.0,0.0,0.0
uav_04,12.729073,-18.235906967997387,32.81232297856321,0.10000038146972656,1.0,0.0,0.0,0.0
uav_04,12.829033,-18.235906967997387,32.81232297856321,0.10000038146972656,1.0,0.0,0.0,0.0
uav_04,12.928993,-18.235906967997387,32.81232297856321,0.10000038146972656,1.0,0.0,0.0,0.0
uav_04,13.029786,-18.235906967997387,32.81232297856321,0.10000038146972656,1.0,0.0,0.0,0.0
uav_04,13.129746,-18.235906967997387,32.81232297856321,0.10000038146972656,1.0,0.0,0.0,0.0
uav_04,13.229706,-18.235906967997387,32.81232297856321,0.10000038146972656,1.0,0.0,0.0,0.0
uav_04,13.329666,-18.235906967997387,32.81232297856321,0.10000038146972656,1.0,0.0,0.0,0.0
uav_04,13.429626,-18.235906967997387,32.81232297856321,0.10000038146972656,1.0,0.0,0.0,0.0
uav_04,13.529586,-18.235906967997387,32.81232297856321,0.10000038146972656,1.0,0.0,0.0,0.0
uav_04,13.629546,-18.235906967997387,32.81232297856321,0.10000038146972656,1.0,0.0,0.0,0.0
uav_04,13.729506,-18.235906967997387,32.81232297856321,0.10000038146972656,1.0,0.0,0.0,0.0
uav_04,13.829466,-18.235906967997387,32.81232297856321,0.10000038146972656,1.0,0.0,0.0,0.0
uav_04,13.929426,-18.235906967997387,32.81232297856321,0.10000038146972656,1.0,0.0,0.0,0.0
uav_04,14.029386,-18.235906967997387,32.81232297856321,0.10000038146972656,1.0,0.0,0.0,0.0
uav_04,14.129346,-18.235906967997387,32.81232297856321,0.10000038146972656,1.0,0.0,0.0,0.0
uav_04,14.229306,-18.235906967997387,32.81232297856321,0.10000038146972656,1.0,0.0,0.0,0.0
uav_04,14.329266,-18.235906967997387,32.81232297856321,0.10000038146972656,1.0,0.0,0.0,0.0
uav_04,14.429226,-18.235906967997387,32.81232297856321,0.10000038146972656,1.0,0.0,0.0,0.0
uav_04,14.529186,-18.235906967997387,32.81232297856321,0.10000038146972656,1.0,0.0,0.0,0.0
uav_04,14.629146,-18.235906967997387,32.81232297856321,0.10000038146972656,1.0,0.0,0.0,0.0
uav_04,14.729106,-18.235906967997387,32.81232297856321,0.10000038146972656,1.0,0.0,0.0,0.0
uav_04,14.829066,-18.235906967997387,32.81232297856321,0.10000038146972656,1.0,0.0,0.0,0.0
uav_04,14.929026,-18.235906967997387,32.81232297856321,0.10000038146972656,1.0,0.0,0.0,0.0
uav_04,15.029819,-18.235906967997387,32.81232297856321,0.10000038146972656,1.0,0.0,0.0,0.0
uav_04,15.129779,-18.235906967997387,32.81232297856321,0.10000038146972656,1.0,0.0,0.0,0.0
uav_04,15.229739,-18.235906967997387,32.81232297856321,0.10000038146972656,1.0,0.0,0.0,0.0
uav_04,15.329699,-18.235906967997387,32.81232297856321,0.10000038146972656,1.0,0.0,0.0,0.0
uav_04,15.429659,-18.235906967997387,32.81232297856321,0.10000038146972656,1.0,0.0,0.0,0.0
uav_04,15.529619,-18.235906967997387,32.81232297856321,0.10000038146972656,1.0,0.0,0.0,0.0
uav_04,15.629579,-18.235906967997387,32.81232297856321,0.10000038146972656,1.0,0.0,0.0,0.0
uav_04,15.729539,-18.235906967997387,32.81232297856321,0.10000038146972656,1.0,0.0,0.0,0.0
uav_04,15.829499,-18.235906967997387,32.81232297856321,0.10000038146972656,1.0,0.0,0.0,0.0
uav_04,15.929459,-18.235906967997387,32.81232297856321,0.10000038146972656,1.0,0.0,0.0,0.0
uav_04,16.029419,-18.235906967997387,32.81232297856321,0.10000038146972656,1.0,0.0,0.0,0.0
uav_04,16.129379,-18.235906967997387,32.81232297856321,0.10000038146972656,1.0,0.0,0.0,0.0
uav_04,16.229339,-18.235906967997387,32.81232297856321,0.10000038146972656,1.0,0.0,0.0,0.0
uav_04,16.329299,-18.235906967997387,32.81232297856321,0.10000038146972656,1.0,0.0,0.0,0.0
uav_04,16.429259,-18.235906967997387,32.81232297856321,0.10000038146972656,1.0,0.0,0.0,0.0
uav_04,16.529219,-18.235906967997387,32.81232297856321,0.10000038146972656,1.0,0.0,0.0,0.0
uav_04,16.629179,-18.235906967997387,32.81232297856321,0.10000038146972656,1.0,0.0,0.0,0.0
uav_04,16.729139,-18.235906967997387,32.81232297856321,0.10000038146972656,1.0,0.0,0.0,0.0
uav_04,16.829099,-18.235906967997387,32.81232297856321,0.10000038146972656,1.0,0.0,0.0,0.0
uav_04,16.929059,-18.235906967997387,32.81232297856321,0.10000038146972656,1.0,0.0,0.0,0.0
uav_04,17.029019,-18.235906967997387,32.81232297856321,0.10000038146972656,1.0,0.0,0.0,0.0
uav_04,17.129812,-18.235906967997387,32.81232297856321,0.10000038146972656,1.0,0.0,0.0,0.0
uav_04,17.229772,-18.235906967997387,32.81232297856321,0.10000038146972656,1.0,0.0,0.0,0.0
uav_04,17.329732,-18.235906967997387,32.81232297856321,0.10000038146972656,1.0,0.0,0.0,0.0
uav_04,17.429692,-18.235906967997387,32.81232297856321,0.10000038146972656,1.0,0.0,0.0,0.0
uav_04,17.529652,-18.235906967997387,32.81232297856321,0.10000038146972656,1.0,0.0,0.0,0.0
uav_04,17.629612,-18.235906967997387,32.81232297856321,0.10000038146972656,1.0,0.0,0.0,0.0
uav_04,17.729572,-18.235906967997387,32.81232297856321,0.10000038146972656,1.0,0.0,0.0,0.0
uav_04,17.829532,-18.235906967997387,32.81232297856321,0.10000038146972656,1.0,0.0,0.0,0.0
uav_04,17.929492,-18.235906967997387,32.81232297856321,0.10000038146972656,1.0,0.0,0.0,0.0
uav_04,18.029452,-18.235906967997387,32.81232297856321,0.10000038146972656,1.0,0.0,0.0,0.0
uav_04,18.129412,-18.235906967997387,32.81232297856321,0.10000038146972656,1.0,0.0,0.0,0.0
uav_04,18.229372,-18.235906967997387,32.81232297856321,0.10000038146972656,1.0,0.0,0.0,0.0
uav_04,18.329332,-18.235906967997387,32.81232297856321,0.10000038146972656,1.0,0.0,0.0,0.0
uav_04,18.429292,-18.235906967997387,32.81232297856321,0.10000038146972656,1.0,0.0,0.0,0.0
uav_04,18.529252,-18.235906967997387,32.81232297856321,0.10000038146972656,1.0,0.0,0.0,0.0
uav_04,18.629212,-18.235906967997387,32.81232297856321,0.10000038146972656,1.0,0.0,0.0,0.0
uav_04,18.729172,-18.235906967997387,32.81232297856321,0.10000038146972656,1.0,0.0,0.0,0.0
uav_04,18.829132,-18.235906967997387,32.81232297856321,0.10000038146972656,1.0,0.0,0.0,0.0
uav_04,18.929092,-18.235906967997387,32.81232297856321,0.10000038146972656,1.0,0.0,0.0,0.0
uav_04,19.029052,-18.235906967997387,32.81232297856321,0.10000038146972656,1.0,0.0,0.0,0.0
uav_04,19.129012,-18.235906967997387,32.81232297856321,0.10000038146972656,1.0,0.0,0.0,0.0
uav_04,19.229805,-18.235906967997387,32.81232297856321,0.10000038146972656,1.0,0.0,0.0,0.0
uav_04,19.329765,-18.235906967997387,32.81232297856321,0.10000038146972656,1.0,0.0,0.0,0.0
uav_04,19.429725,-18.235906967997387,32.81232297856321,0.10000038146972656,1.0,0.0,0.0,0.0
uav_04,19.529685,-18.235906967997387,32.81232297856321,0.10000038146972656,1.0,0.0,0.0,0.0
uav_04,19.629645,-18.235906967997387,32.81232297856321,0.10000038146972656,1.0,0.0,0.0,0.0
uav_04,19.729605,-18.235906967997387,32.81232297856321,0.10000038146972656,1.0,0.0,0.0,0.0
uav_04,19.829565,-18.235906967997387,32.81232297856321,0.10000038146972656,1.0,0.0,0.0,0.0
uav_04,19.929525,-18.235906967997387,32.81232297856321,0.10000038146972656,1.0,0.0,0.0,0.0
uav_04,20.029485,-18.235906967997387,32.81232297856321,0.10000038146972656,1.0,0.0,0.0,0.0
uav_04,20.129445,-18.235906967997387,32.81232297856321,0.10000038146972656,1.0,0.0,0.0,0.0
uav_04,20.229405,-18.235906967997387,32.81232297856321,0.10000038146972656,1.0,0.0,0.0,0.0
uav_04,20.329365,-18.235906967997387,32.81232297856321,0.10000038146972656,1.0,0.0,0.0,0.0
uav_04,20.429325,-18.235906967997387,32.81232297856321,0.10000038146972656,1.0,0.0,0.0,0.0
uav_04,20.529285,-18.235906967997387,32.81232297856321,0.10000038146972656,1.0,0.0,0.0,0.0
uav_04,20.629245,-18.235906967997387,32.81232297856321,0.10000038146972656,1.0,0.0,0.0,0.0
uav_04,20.729205,-18.235906967997387,32.81232297856321,0.10000038146972656,1.0,0.0,0.0,0.0
uav_04,20.829165,-18.235906967997387,32.81232297856321,0.10000038146972656,1.0,0.0,0.0,0.0
uav_04,20.929125,-18.235906967997387,32.81232297856321,0.10000038146972656,1.0,0.0,0.0,0.0
uav_04,21.029085,-18.235906967997387,32.81232297856321,0.10000038146972656,1.0,0.0,0.0,0.0
uav_04,21.129045,-18.235906967997387,32.81232297856321,0.10000038146972656,1.0,0.0,0.0,0.0
uav_04,21.229005,-18.235906967997387,32.81232297856321,0.10000038146972656,1.0,0.0,0.0,0.0
uav_04,21.329798,-18.235906967997387,32.81232297856321,0.10000038146972656,1.0,0.0,0.0,0.0
uav_04,21.429758,-18.235906967997387,32.81232297856321,0.10000038146972656,1.0,0.0,0.0,0.0
uav_04,21.529718,-18.235906967997387,32.81232297856321,0.10000038146972656,1.0,0.0,0.0,0.0
uav_04,21.629678,-18.235906967997387,32.81232297856321,0.10000038146972656,1.0,0.0,0.0,0.0
uav_04,21.729638,-18.235906967997387,32.81232297856321,0.10000038146972656,1.0,0.0,0.0,0.0
uav_04,21.829598,-18.235906967997387,32.81232297856321,0.10000038146972656,1.0,0.0,0.0,0.0
uav_04,21.929558,-18.235906967997387,32.81232297856321,0.10000038146972656,1.0,0.0,0.0,0.0
uav_04,22.029518,-18.235906967997387,32.81232297856321,0.10000038146972656,1.0,0.0,0.0,0.0
uav_04,22.129478,-18.235906967997387,32.81232297856321,0.10000038146972656,1.0,0.0,0.0,0.0
uav_04,22.229438,-18.235906967997387,32.81232297856321,0.10000038146972656,1.0,0.0,0.0,0.0
uav_04,22.329398,-18.235906967997387,32.81232297856321,0.10000038146972656,1.0,0.0,0.0,0.0
uav_04,22.429358,-18.235906967997387,32.81232297856321,0.10000038146972656,1.0,0.0,0.0,0.0
uav_04,22.529318,-18.235906967997387,32.81232297856321,0.10000038146972656,1.0,0.0,0.0,0.0
uav_04,22.629278,-18.235906967997387,32.81232297856321,0.10000038146972656,1.0,0.0,0.0,0.0
uav_04,22.729238,-18.235906967997387,32.81232297856321,0.10000038146972656,1.0,0.0,0.0,0.0
uav_04,22.829198,-18.235906967997387,32.81232297856321,0.10000038146972656,1.0,0.0,0.0,0.0
uav_04,22.929158,-18.235906967997387,32.81232297856321,0.10000038146972656,1.0,0.0,0.0,0.0
uav_04,23.029118,-18.235906967997387,32.81232297856321,0.10000038146972656,1.0,0.0,0.0,0.0
uav_04,23.129078,-18.235906967997387,32.81232297856321,0.10000038146972656,1.0,0.0,0.0,0.0
uav_04,23.229038,-18.235906967997387,32.81232297856321,0.10000038146972656,1.0,0.0,0.0,0.0
uav_04,23.328998,-18.235906967997387,32.81232297856321,0.10000038146972656,1.0,0.0,0.0,0.0
uav_04,23.429791,-18.235906967997387,32.81232297856321,0.10000038146972656,1.0,0.0,0.0,0.0
uav_04,23.529751,-18.235906967997387,32.81232297856321,0.10000038146972656,1.0,0.0,0.0,0.0
uav_04,23.629711,-18.235906967997387,32.81232297856321,0.10000038146972656,1.0,0.0,0.0,0.0
uav_04,23.729671,-18.235906967997387,32.81232297856321,0.10000038146972656,1.0,0.0,0.0,0.0
uav_04,23.829631,-18.235906967997387,32.81232297856321,0.10000038146972656,1.0,0.0,0.0,0.0
uav_04,23.929591,-18.235906967997387,32.81232297856321,0.10000038146972656,1.0,0.0,0.0,0.0
uav_04,24.029551,-18.235906967997387,32.81232297856321,0.10000038146972656,1.0,0.0,0.0,0.0
uav_04,24.129511,-18.235906967997387,32.81232297856321,0.10000038146972656,1.0,0.0,0.0,0.0
uav_04,24.229471,-18.235906967997387,32.81232297856321,0.10000038146972656,1.0,0.0,0.0,0.0
uav_04,24.329431,-18.235906967997387,32.81232297856321,0.10000038146972656,1.0,0.0,0.0,0.0
uav_04,24.429391,-18.235906967997387,32.81232297856321,0.10000038146972656,1.0,0.0,0.0,0.0
uav_04,24.529351,-18.235906967997387,32.81232297856321,0.10000038146972656,1.0,0.0,0.0,0.0
uav_04,24.629311,-18.235906967997387,32.81232297856321,0.10000038146972656,1.0,0.0,0.0,0.0
uav_04,24.729271,-18.235906967997387,32.81232297856321,0.10000038146972656,1.0,0.0,0.0,0.0
uav_04,24.829231,-18.235906967997387,32.81232297856321,0.10000038146972656,1.0,0.0,0.0,0.0
uav_04,24.929191,-18.235906967997387,32.81232297856321,0.10000038146972656,1.0,0.0,0.0,0.0
uav_04,25.029151,-18.235906967997387,32.81232297856321,0.10000038146972656,1.0,0.0,0.0,0.0
uav_04,25.129111,-18.235906967997387,32.81232297856321,0.10000038146972656,1.0,0.0,0.0,0.0
uav_04,25.229071,-18.235906967997387,32.81232297856321,0.10000038146972656,1.0,0.0,0.0,0.0
uav_04,25.329031,-18.235906967997387,32.81232297856321,0.10000038146972656,1.0,0.0,0.0,0.0
uav_04,25.428991,-18.235906967997387,32.81232297856321,0.10000038146972656,1.0,0.0,0.0,0.0
uav_04,25.529784,-18.235906967997387,32.81232297856321,0.10000038146972656,1.0,0.0,0.0,0.0
uav_04,25.629744,-18.235906967997387,32.81232297856321,0.10000038146972656,1.0,0.0,0.0,0.0
uav_04,25.729704,-18.235906967997387,32.81232297856321,0.10000038146972656,1.0,0.0,0.0,0.0
uav_04,25.829664,-18.235906967997387,32.81232297856321,0.10000038146972656,1.0,0.0,0.0,0.0
uav_04,25.929624,-18.235906967997387,32.81232297856321,0.10000038146972656,1.0,0.0,0.0,0.0
uav_04,26.029584,-18.235906967997387,32.81232297856321,0.10000038146972656,1.0,0.0,0.0,0.0
uav_04,26.129544,-18.235906967997387,32.81232297856321,0.10000038146972656,1.0,0.0,0.0,0.0
uav_04,26.229504,-18.235906967997387,32.81232297856321,0.10000038146972656,1.0,0.0,0.0,0.0
uav_04,26.329464,-18.235906967997387,32.81232297856321,0.10000038146972656,1.0,0.0,0.0,0.0
uav_04,26.429424,-18.235906967997387,32.81232297856321,0.10000038146972656,1.0,0.0,0.0,0.0
uav_04,26.529384,-18.235906967997387,32.81232297856321,0.10000038146972656,1.0,0.0,0.0,0.0
uav_04,26.629344,-18.235906967997387,32.81232297856321,0.10000038146972656,1.0,0.0,0.0,0.0
uav_04,26.729304,-18.235906967997387,32.81232297856321,0.10000038146972656,1.0,0.0,0.0,0.0
uav_04,26.829264,-18.235906967997387,32.81232297856321,0.10000038146972656,1.0,0.0,0.0,0.0
uav_04,26.929224,-18.235906967997387,32.81232297856321,0.10000038146972656,1.0,0.0,0.0,0.0
uav_04,27.029184,-18.235906967997387,32.81232297856321,0.10000038146972656,1.0,0.0,0.0,0.0
uav_04,27.129144,-18.235906967997387,32.81232297856321,0.10000038146972656,1.0,0.0,0.0,0.0
uav_04,27.229104,-18.235906967997387,32.81232297856321,0.10000038146972656,1.0,0.0,0.0,0.0
uav_04,27.329064,-18.235906967997387,32.81232297856321,0.10000038146972656,1.0,0.0,0.0,0.0
uav_04,27.429024,-18.235906967997387,32.81232297856321,0.10000038146972656,1.0,0.0,0.0,0.0
uav_04,27.529817,-18.235906967997387,32.81232297856321,0.10000038146972656,1.0,0.0,0.0,0.0
uav_04,27.629777,-18.235906967997387,32.81232297856321,0.10000038146972656,1.0,0.0,0.0,0.0
uav_04,27.729737,-18.235906967997387,32.81232297856321,0.10000038146972656,1.0,0.0,0.0,0.0
uav_04,27.829697,-18.235906967997387,32.81232297856321,0.10000038146972656,1.0,0.0,0.0,0.0
uav_04,27.929657,-18.235906967997387,32.81232297856321,0.10000038146972656,1.0,0.0,0.0,0.0
uav_04,28.029617,-18.235906967997387,32.81232297856321,0.10000038146972656,1.0,0.0,0.0,0.0
uav_04,28.129577,-18.235906967997387,32.81232297856321,0.10000038146972656,1.0,0.0,0.0,0.0
uav_04,28.229537,-18.235906967997387,32.81232297856321,0.10000038146972656,1.0,0.0,0.0,0.0
uav_04,28.329497,-18.235906967997387,32.81232297856321,0.10000038146972656,1.0,0.0,0.0,0.0
uav_04,28.429457,-18.235906967997387,32.81232297856321,0.10000038146972656,1.0,0.0,0.0,0.0
uav_04,28.529417,-18.235906967997387,32.81232297856321,0.10000038146972656,1.0,0.0,0.0,0.0
uav_04,28.629377,-18.235906967997387,32.81232297856321,0.10000038146972656,1.0,0.0,0.0,0.0
uav_04,28.729337,-18.235906967997387,32.81232297856321,0.10000038146972656,1.0,0.0,0.0,0.0
uav_04,28.829297,-18.235906967997387,32.81232297856321,0.10000038146972656,1.0,0.0,0.0,0.0
uav_04,28.929257,-18.235906967997387,32.81232297856321,0.10000038146972656,1.0,0.0,0.0,0.0
uav_04,29.029217,-18.235906967997387,32.81232297856321,0.10000038146972656,1.0,0.0,0.0,0.0
uav_04,29.129177,-18.235906967997387,32.81232297856321,0.10000038146972656,1.0,0.0,0.0,0.0
uav_04,29.229137,-18.235906967997387,32.81232297856321,0.10000038146972656,1.0,0.0,0.0,0.0
uav_04,29.329097,-18.235906967997387,32.81232297856321,0.10000038146972656,1.0,0.0,0.0,0.0
uav_04,29.429057,-18.235906967997387,32.81232297856321,0.10000038146972656,1.0,0.0,0.0,0.0
uav_04,29.529017,-18.235906967997387,32.81232297856321,0.10000038146972656,1.0,0.0,0.0,0.0
uav_04,29.62981,-18.235906967997387,32.81232297856321,0.10000038146972656,1.0,0.0,0.0,0.0
uav_04,29.72977,-18.235906967997387,32.81232297856321,0.10000038146972656,1.0,0.0,0.0,0.0
uav_04,29.82973,-18.235906967997387,32.81232297856321,0.10000038146972656,1.0,0.0,0.0,0.0
uav_04,29.92969,-18.235906967997387,32.81232297856321,0.10000038146972656,1.0,0.0,0.0,0.0
uav_04,30.02965,-18.235906967997387,32.81232297856321,0.10000038146972656,1.0,0.0,0.0,0.0
uav_04,30.12961,-18.235906967997387,32.81232297856321,0.10000038146972656,1.0,0.0,0.0,0.0
uav_04,30.22957,-18.235906967997387,32.81232297856321,0.10000038146972656,1.0,0.0,0.0,0.0
uav_04,30.32953,-18.235906967997387,32.81232297856321,0.10000038146972656,1.0,0.0,0.0,0.0
uav_04,30.42949,-18.235906967997387,32.81232297856321,0.10000038146972656,1.0,0.0,0.0,0.0
uav_04,30.52945,-18.235906967997387,32.81232297856321,0.10000038146972656,1.0,0.0,0.0,0.0
uav_04,30.62941,-18.235906967997387,32.81232297856321,0.10000038146972656,1.0,0.0,0.0,0.0
uav_04,30.72937,-18.235906967997387,32.81232297856321,0.10000038146972656,1.0,0.0,0.0,0.0
uav_04,30.82933,-18.235906967997387,32.81232297856321,0.10000038146972656,1.0,0.0,0.0,0.0
uav_04,30.92929,-18.235906967997387,32.81232297856321,0.10000038146972656,1.0,0.0,0.0,0.0
uav_04,31.02925,-18.235906967997387,32.81232297856321,0.10000038146972656,1.0,0.0,0.0,0.0
uav_04,31.12921,-18.235906967997387,32.81232297856321,0.10000038146972656,1.0,0.0,0.0,0.0
uav_04,31.22917,-18.235906967997387,32.81232297856321,0.10000038146972656,1.0,0.0,0.0,0.0
uav_04,31.32913,-18.235906967997387,32.81232297856321,0.10000038146972656,1.0,0.0,0.0,0.0
uav_04,31.42909,-18.235906967997387,32.81232297856321,0.10000038146972656,1.0,0.0,0.0,0.0
uav_04,31.52905,-18.235906967997387,32.81232297856321,0.10000038146972656,1.0,0.0,0.0,0.0
uav_04,31.62901,-18.235906967997387,32.81232297856321,0.10000038146972656,1.0,0.0,0.0,0.0
uav_04,31.729803,-18.235906967997387,32.81232297856321,0.10000038146972656,1.0,0.0,0.0,0.0
uav_04,31.829763,-18.235906967997387,32.81232297856321,0.10000038146972656,1.0,0.0,0.0,0.0
uav_04,31.929723,-18.235906967997387,32.81232297856321,0.10000038146972656,1.0,0.0,0.0,0.0
uav_04,32.029683,-18.235906967997387,32.81232297856321,0.10000038146972656,1.0,0.0,0.0,0.0
uav_04,32.129643,-18.235906967997387,32.81232297856321,0.10000038146972656,1.0,0.0,0.0,0.0
uav_04,32.229603,-18.235906967997387,32.81232297856321,0.10000038146972656,1.0,0.0,0.0,0.0
uav_04,32.329563,-18.235906967997387,32.81232297856321,0.10000038146972656,1.0,0.0,0.0,0.0
uav_04,32.429523,-18.235906967997387,32.81232297856321,0.10000038146972656,1.0,0.0,0.0,0.0
uav_04,32.529483,-18.235906967997387,32.81232297856321,0.10000038146972656,1.0,0.0,0.0,0.0
uav_04,32.629443,-18.235906967997387,32.81232297856321,0.10000038146972656,1.0,0.0,0.0,0.0
uav_04,32.729403,-18.235906967997387,32.81232297856321,0.10000038146972656,1.0,0.0,0.0,0.0
uav_04,32.829363,-18.235906967997387,32.81232297856321,0.10000038146972656,1.0,0.0,0.0,0.0
uav_04,32.929323,-18.235906967997387,32.81232297856321,0.10000038146972656,1.0,0.0,0.0,0.0
uav_04,33.029283,-18.235906967997387,32.81232297856321,0.10000038146972656,1.0,0.0,0.0,0.0
uav_04,33.129243,-18.235906967997387,32.81232297856321,0.10000038146972656,1.0,0.0,0.0,0.0
uav_04,33.229203,-18.235906967997387,32.81232297856321,0.10000038146972656,1.0,0.0,0.0,0.0
uav_04,33.329163,-18.235906967997387,32.81232297856321,0.10000038146972656,1.0,0.0,0.0,0.0
uav_04,33.429123,-18.235906967997387,32.81232297856321,0.10000038146972656,1.0,0.0,0.0,0.0
uav_04,33.529083,-18.235906967997387,32.81232297856321,0.10000038146972656,1.0,0.0,0.0,0.0
uav_04,33.629043,-18.235906967997387,32.81232297856321,0.10000038146972656,1.0,0.0,0.0,0.0
uav_04,33.729003,-18.235906967997387,32.81232297856321,0.10000038146972656,1.0,0.0,0.0,0.0
uav_04,33.829796,-18.235906967997387,32.81232297856321,0.10000038146972656,1.0,0.0,0.0,0.0
uav_04,33.929756,-18.235906967997387,32.81232297856321,0.10000038146972656,1.0,0.0,0.0,0.0
uav_04,34.029716,-18.235906967997387,32.81232297856321,0.10000038146972656,1.0,0.0,0.0,0.0
uav_04,34.129676,-18.235906967997387,32.81232297856321,0.10000038146972656,1.0,0.0,0.0,0.0
uav_04,34.229636,-18.235906967997387,32.81232297856321,0.10000038146972656,1.0,0.0,0.0,0.0
uav_04,34.329596,-18.235906967997387,32.81232297856321,0.10000038146972656,1.0,0.0,0.0,0.0
uav_04,34.429556,-18.235906967997387,32.81232297856321,0.10000038146972656,1.0,0.0,0.0,0.0
uav_04,34.529516,-18.235906967997387,32.81232297856321,0.10000038146972656,1.0,0.0,0.0,0.0
uav_04,34.629476,-18.235906967997387,32.81232297856321,0.10000038146972656,1.0,0.0,0.0,0.0
uav_04,34.729436,-18.235906967997387,32.81232297856321,0.10000038146972656,1.0,0.0,0.0,0.0
uav_04,34.829396,-18.235906967997387,32.81232297856321,0.10000038146972656,1.0,0.0,0.0,0.0
uav_04,34.929356,-18.235906967997387,32.81232297856321,0.10000038146972656,1.0,0.0,0.0,0.0
uav_04,35.029316,-18.235906967997387,32.81232297856321,0.10000038146972656,1.0,0.0,0.0,0.0
uav_04,35.129276,-18.235906967997387,32.81232297856321,0.10000038146972656,1.0,0.0,0.0,0.0
uav_04,35.229236,-18.235906967997387,32.81232297856321,0.10000038146972656,1.0,0.0,0.0,0.0
uav_04,35.329196,-18.235906967997387,32.81232297856321,0.10000038146972656,1.0,0.0,0.0,0.0
uav_04,35.429156,-18.235906967997387,32.81232297856321,0.10000038146972656,1.0,0.0,0.0,0.0
uav_04,35.529116,-18.235906967997387,32.81232297856321,0.10000038146972656,1.0,0.0,0.0,0.0
uav_04,35.629076,-18.235906967997387,32.81232297856321,0.10000038146972656,1.0,0.0,0.0,0.0
uav_04,35.729036,-18.235906967997387,32.81232297856321,0.10000038146972656,1.0,0.0,0.0,0.0
uav_04,35.828996,-18.235906967997387,32.81232297856321,0.10000038146972656,1.0,0.0,0.0,0.0
uav_04,35.929789,-18.235906967997387,32.81232297856321,0.10000038146972656,1.0,0.0,0.0,0.0
uav_04,36.029749,-18.235906967997387,32.81232297856321,0.10000038146972656,1.0,0.0,0.0,0.0
uav_04,36.129709,-18.235906967997387,32.81232297856321,0.10000038146972656,1.0,0.0,0.0,0.0
uav_04,36.229669,-18.235906967997387,32.81232297856321,0.10000038146972656,1.0,0.0,0.0,0.0
uav_04,36.329629,-18.235906967997387,32.81232297856321,0.10000038146972656,1.0,0.0,0.0,0.0
uav_04,36.429589,-18.235906967997387,32.81232297856321,0.10000038146972656,1.0,0.0,0.0,0.0
uav_04,36.529549,-18.235906967997387,32.81232297856321,0.10000038146972656,1.0,0.0,0.0,0.0
uav_04,36.629509,-18.235906967997387,32.81232297856321,0.10000038146972656,1.0,0.0,0.0,0.0
uav_04,36.729469,-18.235906967997387,32.81232297856321,0.10000038146972656,1.0,0.0,0.0,0.0
uav_04,36.829429,-18.235906967997387,32.81232297856321,0.10000038146972656,1.0,0.0,0.0,0.0
uav_04,36.929389,-18.235906967997387,32.81232297856321,0.10000038146972656,1.0,0.0,0.0,0.0
uav_04,37.029349,-18.235906967997387,32.81232297856321,0.10000038146972656,1.0,0.0,0.0,0.0
uav_04,37.129309,-18.235906967997387,32.81232297856321,0.10000038146972656,1.0,0.0,0.0,0.0
uav_04,37.229269,-18.235906967997387,32.81232297856321,0.10000038146972656,1.0,0.0,0.0,0.0
uav_04,37.329229,-18.235906967997387,32.81232297856321,0.10000038146972656,1.0,0.0,0.0,0.0
uav_04,37.429189,-18.235906967997387,32.81232297856321,0.10000038146972656,1.0,0.0,0.0,0.0
uav_04,37.529149,-18.235906967997387,32.81232297856321,0.10000038146972656,1.0,0.0,0.0,0.0
uav_04,37.629109,-18.235906967997387,32.81232297856321,0.10000038146972656,1.0,0.0,0.0,0.0
uav_04,37.729069,-18.235906967997387,32.81232297856321,0.10000038146972656,1.0,0.0,0.0,0.0
uav_04,37.829029,-18.235906967997387,32.81232297856321,0.10000038146972656,1.0,0.0,0.0,0.0
uav_04,37.928989,-18.235906967997387,32.81232297856321,0.10000038146972656,1.0,0.0,0.0,0.0
uav_04,38.029782,-18.235906967997387,32.81232297856321,0.10000038146972656,1.0,0.0,0.0,0.0
uav_04,38.129742,-18.235906967997387,32.81232297856321,0.10000038146972656,1.0,0.0,0.0,0.0
uav_04,38.229702,-18.235906967997387,32.81232297856321,0.10000038146972656,1.0,0.0,0.0,0.0
uav_04,38.329662,-18.235906967997387,32.81232297856321,0.10000038146972656,1.0,0.0,0.0,0.0
uav_04,38.429622,-18.235906967997387,32.81232297856321,0.10000038146972656,1.0,0.0,0.0,0.0
uav_04,38.529582,-18.235906967997387,32.81232297856321,0.10000038146972656,1.0,0.0,0.0,0.0
uav_04,38.629542,-18.235906967997387,32.81232297856321,0.10000038146972656,1.0,0.0,0.0,0.0
uav_04,38.729502,-18.235906967997387,32.81232297856321,0.10000038146972656,1.0,0.0,0.0,0.0
uav_04,38.829462,-18.235906967997387,32.81232297856321,0.10000038146972656,1.0,0.0,0.0,0.0
uav_04,38.929422,-18.235906967997387,32.81232297856321,0.10000038146972656,1.0,0.0,0.0,0.0
uav_04,39.029382,-18.235906967997387,32.81232297856321,0.10000038146972656,1.0,0.0,0.0,0.0
uav_04,39.129342,-18.235906967997387,32.81232297856321,0.10000038146972656,1.0,0.0,0.0,0.0
uav_04,39.229302,-18.235906967997387,32.81232297856321,0.10000038146972656,1.0,0.0,0.0,0.0
uav_04,39.329262,-18.235906967997387,32.81232297856321,0.10000038146972656,1.0,0.0,0.0,0.0
uav_04,39.429222,-18.235906967997387,32.81232297856321,0.10000038146972656,1.0,0.0,0.0,0.0
uav_04,39.529182,-18.235906967997387,32.81232297856321,0.10000038146972656,1.0,0.0,0.0,0.0
uav_04,39.629142,-18.235906967997387,32.81232297856321,0.10000038146972656,1.0,0.0,0.0,0.0
uav_04,39.729102,-18.235906967997387,32.81232297856321,0.10000038146972656,1.0,0.0,0.0,0.0
uav_04,39.829062,-18.235906967997387,32.81232297856321,0.10000038146972656,1.0,0.0,0.0,0.0
uav_04,39.929022,-18.235906967997387,32.81232297856321,0.10000038146972656,1.0,0.0,0.0,0.0
uav_04,40.029815,-18.235906967997387,32.81232297856321,0.10000038146972656,1.0,0.0,0.0,0.0
uav_04,40.129775,-18.235906967997387,32.81232297856321,0.10000038146972656,1.0,0.0,0.0,0.0
uav_04,40.229735,-18.235906967997387,32.81232297856321,0.10000038146972656,1.0,0.0,0.0,0.0
uav_04,40.329695,-18.235906967997387,32.81232297856321,0.10000038146972656,1.0,0.0,0.0,0.0
uav_04,40.429655,-18.235906967997387,32.81232297856321,0.10000038146972656,1.0,0.0,0.0,0.0
uav_04,40.529615,-18.235906967997387,32.81232297856321,0.10000038146972656,1.0,0.0,0.0,0.0
uav_04,40.629575,-18.235906967997387,32.81232297856321,0.10000038146972656,1.0,0.0,0.0,0.0
uav_04,40.729535,-18.235906967997387,32.81232297856321,0.10000038146972656,1.0,0.0,0.0,0.0
uav_04,40.829495,-18.235906967997387,32.81232297856321,0.10000038146972656,1.0,0.0,0.0,0.0
uav_04,40.929455,-18.235906967997387,32.81232297856321,0.10000038146972656,1.0,0.0,0.0,0.0
uav_04,41.029415,-18.235906967997387,32.81232297856321,0.10000038146972656,1.0,0.0,0.0,0.0
uav_04,41.129375,-18.235906967997387,32.81232297856321,0.10000038146972656,1.0,0.0,0.0,0.0
uav_04,41.229335,-18.235906967997387,32.81232297856321,0.10000038146972656,1.0,0.0,0.0,0.0
uav_04,41.329295,-18.235906967997387,32.81232297856321,0.10000038146972656,1.0,0.0,0.0,0.0
uav_04,41.429255,-18.235906967997387,32.81232297856321,0.10000038146972656,1.0,0.0,0.0,0.0
uav_04,41.529215,-18.235906967997387,32.81232297856321,0.10000038146972656,1.0,0.0,0.0,0.0
uav_04,41.629175,-18.235906967997387,32.81232297856321,0.10000038146972656,1.0,0.0,0.0,0.0
uav_04,41.729135,-18.235906967997387,32.81232297856321,0.10000038146972656,1.0,0.0,0.0,0.0
uav_04,41.829095,-18.235906967997387,32.81232297856321,0.10000038146972656,1.0,0.0,0.0,0.0
uav_04,41.929055,-18.235906967997387,32.81232297856321,0.10000038146972656,1.0,0.0,0.0,0.0
uav_04,42.029015,-18.235906967997387,32.81232297856321,0.10000038146972656,1.0,0.0,0.0,0.0
uav_04,42.129808,-18.235906967997387,32.81232297856321,0.10000038146972656,1.0,0.0,0.0,0.0
uav_04,42.229768,-18.235906967997387,32.81232297856321,0.10000038146972656,1.0,0.0,0.0,7.173946159344524e-11
uav_04,42.329728,-18.235906967997387,32.81232297856321,0.10000038146972656,1.0,0.0,0.0,-4.0052014482760967e-10
uav_04,42.429688,-18.235906967997387,32.81232297856321,0.10000038146972656,1.0,0.0,0.0,-2.5986838636526954e-07
uav_04,42.529648,-18.235906967997387,32.81232297856321,0.10000038146972656,1.0,0.0,0.0,-4.796904704562621e-07
uav_04,42.629608,-18.235906967997387,32.81232297856321,0.10000038146972656,1.0,0.0,0.0,-6.708380624331767e-07
uav_04,42.729568,-18.235906967997387,32.81232297856321,0.1400003433227539,1.0,0.0,0.0,-8.521329846189474e-07
uav_04,42.829528,-18.235906967997387,32.81232297856321,0.19999980926513672,1.0,0.0,0.0,-1.1049888826164533e-06
uav_04,42.929488,-18.235906967997387,32.81232297856321,0.2700004577636719,0.9999990463256836,-0.0009973334381356835,-0.0009633906302042305,-8.932594028010499e-06
uav_04,43.029448,-18.235906967997387,32.81232297856321,0.39999961853027344,0.9999895691871643,-0.0031768286135047674,-0.003280136501416564,-3.4639066143427044e-05
uav_04,43.129408,-18.235906967997387,32.81232297856321,0.5900001525878906,0.9999725222587585,-0.005143678747117519,-0.00533409183844924,-8.04588635219261e-05
uav_04,43.229368,-18.235906967997387,32.81232297856321,0.7899999618530273,0.9999635219573975,-0.005937231704592705,-0.0061346315778791904,-0.00014154981181491166
uav_04,43.329328,-18.235906967997387,32.81232297856321,1.010000228881836,0.9999693632125854,-0.005437021609395742,-0.005627294536679983,-0.00020897715876344591
uav_04,43.429288,-18.245555595449655,32.81232297856321,1.2200002670288086,0.9999822378158569,-0.00414871983230114,-0.0042739142663776875,-0.0002751069259829819
uav_04,43.529248,-18.245555595449655,32.82340822294231,1.4300003051757812,0.9999935626983643,-0.0024366816505789757,-0.002602802123874426,-0.0003333098429720849
uav_04,43.629208,-18.255204222901924,32.82340822294231,1.6499996185302734,0.9999989867210388,-0.0009037327254191041,-0.001020275056362152,-0.00037766681634821
uav_04,43.729168,-18.255204222901924,32.834493467321415,1.869999885559082,0.9999998807907104,5.0629481847863644e-05,8.602794696344063e-05,-0.0004098974459338933
uav_04,43.829128,-18.264852851725344,32.834493467321415,2.0900001525878906,0.9999997019767761,0.0003436826809775084,0.0005616519483737648,-0.0004284936876501888
uav_04,43.929088,-18.264852851725344,32.8455787113067,2.3199996948242188,0.9999997019767761,0.0003433436795603484,0.0005406030104495585,-0.00043421488953754306
uav_04,44.029048,-18.274501479177612,32.8455787113067,2.5500001907348633,0.9999997615814209,0.0003837281547021121,0.0002802072558552027,-0.0004240909474901855
uav_04,44.129008,-18.274501479177612,32.8455787113067,2.770000457763672,0.9999998211860657,0.0003685987030621618,0.00017066574946511537,-0.00040302856359630823
uav_04,44.229801,-18.274501479177612,32.8566639556858,3.0,0.9999998211860657,0.0003216897021047771,0.00023030852025840431,-0.000379960925783962
uav_04,44.329761,-18.284150108001032,32.8566639556858,3.229999542236328,0.9999996423721313,0.0005779555649496615,0.000508967787027359,-0.00036073607043363154
uav_04,44.429721,-18.284150108001032,32.8566639556858,3.4600000381469727,0.9999992251396179,0.0008919832180254161,0.0008089318289421499,-0.0003400674322620034
uav_04,44.529681,-18.284150108001032,32.86774920006491,3.6800003051757812,0.9999986886978149,0.0012144951615482569,0.000995159731246531,-0.00032105977879837155
uav_04,44.629641,-18.284150108001032,32.86774920006491,3.9099998474121094,0.9999982714653015,0.0014298995956778526,0.0011289770482107997,-0.0003101736365351826
uav_04,44.729601,-18.2937987354533,32.86774920006491,4.1399993896484375,0.9999979734420776,0.0015985183417797089,0.0011917289812117815,-0.00030723499367013574
uav_04,44.829561,-18.2937987354533,32.86774920006491,4.3600006103515625,0.9999983906745911,0.001398812630213797,0.001106736483052373,-0.00031532332650385797
uav_04,44.929521,-18.2937987354533,32.86774920006491,4.579999923706055,0.9999989867210388,0.0009647599654272199,0.0009983223862946033,-0.00033185386564582586
uav_04,45.029481,-18.2937987354533,32.86774920006491,4.799999237060547,0.999999463558197,0.00044686434557661414,0.0008726289379410446,-0.0003574349102564156
uav_04,45.129441,-18.2937987354533,32.86774920006491,5.020000457763672,0.9999995231628418,6.333094643196091e-05,0.000882981694303453,-0.00038983768899925053
uav_04,45.229401,-18.2937987354533,32.86774920006491,5.229999542236328,0.9999993443489075,-5.18917222507298e-05,0.0010505318641662598,-0.00042310802382417023
uav_04,45.329361,-18.2937987354533,32.86774920006491,5.440000534057617,0.9999992847442627,4.839421671931632e-05,0.001067990786395967,-0.0004577327345032245
uav_04,45.429321,-18.2937987354533,32.86774920006491,5.6399993896484375,0.9999995231628418,0.0002610311203170568,0.0008190200896933675,-0.0004895601305179298
uav_04,45.529281,-18.2937987354533,32.86774920006491,5.829999923706055,0.9999995827674866,0.0005600389558821917,0.0004431942361406982,-0.0005166003247722983
uav_04,45.629241,-18.2937987354533,32.86774920006491,6.020000457763672,0.999999463558197,0.0008545594173483551,6.669798040093156e-06,-0.0005370875587686896
uav_04,45.729201,-18.2937987354533,32.86774920006491,6.200000762939453,0.9999991059303284,0.0011706470977514982,-0.0002788877463899553,-0.0005529706832021475
uav_04,45.829161,-18.2937987354533,32.86774920006491,6.3600006103515625,0.9999989867210388,0.0011773373698815703,-0.000529307930264622,-0.0005663663032464683
uav_04,45.929121,-18.2937987354533,32.86774920006491,6.520000457763672,0.9999991655349731,0.0009667305857874453,-0.0006529036327265203,-0.0005801969091407955
uav_04,46.029081,-18.2937987354533,32.86774920006491,6.659999847412109,0.999999463558197,0.0006191442953422666,-0.0005517525132745504,-0.0005950925406068563
uav_04,46.129041,-18.284150108001032,32.86774920006491,6.790000915527344,0.9999997615814209,0.0002609574585221708,-0.0002538931439630687,-0.0006126746884547174
uav_04,46.229001,-18.284150108001032,32.86774920006491,6.909999847412109,0.9999997615814209,6.508907245006412e-05,6.205763929756358e-05,-0.0006293918704614043
uav_04,46.329794,-18.284150108001032,32.86774920006491,7.020000457763672,0.9999997019767761,2.6750174583867192e-05,0.00038897217018529773,-0.0006442333688028157
uav_04,46.429754,-18.284150108001032,32.86774920006491,7.120000839233398,0.9999997019767761,-0.00010022359492722899,0.0004444402293302119,-0.0006507895886898041
uav_04,46.529714,-18.284150108001032,32.86774920006491,7.200000762939453,0.9999997019767761,-0.00018260013894177973,0.0003809361660387367,-0.0006609477568417788
uav_04,46.629674,-18.284150108001032,32.86774920006491,7.270000457763672,0.9999997019767761,-0.00025595477200113237,0.0002926772285718471,-0.0006725461571477354
uav_04,46.729634,-18.284150108001032,32.86774920006491,7.329999923706055,0.9999997019767761,-0.00034865146153606474,0.0001549347653053701,-0.0006849397905170918
uav_04,46.829594,-18.284150108001032,32.86774920006491,7.3899993896484375,0.9999996423721313,-0.00045525780296884477,-2.0589088308042847e-05,-0.0007011463749222457
uav_04,46.929554,-18.284150108001032,32.86774920006491,7.430000305175781,0.9999996423721313,-0.00043670335435308516,4.363765037851408e-05,-0.0007207891903817654
uav_04,47.029514,-18.284150108001032,32.86774920006491,7.469999313354492,0.9999996423721313,-0.00033892871579155326,0.00012567031080834568,-0.0007408993551507592
uav_04,47.129474,-18.284150108001032,32.86774920006491,7.510000228881836,0.9999996423721313,-0.00030455534579232335,0.0001976124185603112,-0.0007634134381078184
uav_04,47.229434,-18.284150108001032,32.86774920006491,7.530000686645508,0.9999995827674866,-0.0003991300181951374,0.0002235177526017651,-0.0007897756877355278
uav_04,47.329394,-18.284150108001032,32.86774920006491,7.559999465942383,0.9999995231628418,-0.00042288514669053257,0.00034437343128956854,-0.0008179098949767649
uav_04,47.429354,-18.284150108001032,32.86774920006491,7.579999923706055,0.9999995231628418,-0.0003104716306552291,0.0003886944614350796,-0.0008481703116558492
uav_04,47.529314,-18.284150108001032,32.86774920006491,7.600000381469727,0.9999995231628418,-0.00023310228425543755,0.0003179035848006606,-0.0008750322158448398
uav_04,47.629274,-18.284150108001032,32.86774920006491,7.6100006103515625,0.9999995231628418,-0.0002602942113298923,0.00013991851301398128,-0.0008988239569589496
uav_04,47.729234,-18.284150108001032,32.86774920006491,7.629999160766602,0.9999995231628418,-0.0003232461749576032,-3.6267811083234847e-05,-0.0009179903427138925
uav_04,47.829194,-18.284150108001032,32.86774920006491,7.6399993896484375,0.9999994039535522,-0.0004849279357586056,-0.0001609155151527375,-0.0009362486307509243
uav_04,47.929154,-18.284150108001032,32.86774920006491,7.649999618530273,0.9999993443489075,-0.000569922907743603,-0.0003134091675747186,-0.0009500128799118102
uav_04,48.029114,-18.284150108001032,32.86774920006491,7.659999847412109,0.9999992847442627,-0.000532114296220243,-0.0004247273609507829,-0.0009565070504322648
uav_04,48.129074,-18.284150108001032,32.86774920006491,7.670000076293945,0.999999463558197,-0.0002772124425973743,-0.00026309743407182395,-0.0009644546080380678
uav_04,48.229034,-18.284150108001032,32.86774920006491,7.680000305175781,0.999999463558197,-0.0002510419290047139,-0.00015982901095412672,-0.0009724768460728228
uav_04,48.328994,-18.284150108001032,32.86774920006491,7.680000305175781,0.999999463558197,-0.00037134162266738713,-3.125232979073189e-05,-0.0009818195831030607
uav_04,48.429787,-18.284150108001032,32.86774920006491,7.690000534057617,0.9999993443489075,-0.0005169581272639334,8.398975478485227e-05,-0.0009916953276842833
uav_04,48.529747,-18.284150108001032,32.86774920006491,7.700000762939453,0.9999992251396179,-0.0006474029505625367,0.00027243970544077456,-0.00100119283888489
uav_04,48.629707,-18.284150108001032,32.86774920006491,7.700000762939453,0.9999990463256836,-0.0007907846593298018,0.0004703383019659668,-0.0010121692903339863
uav_04,48.729667,-18.284150108001032,32.86774920006491,7.709999084472656,0.9999990463256836,-0.0007627223385497928,0.0005450008902698755,-0.0010267506586387753
uav_04,48.829627,-18.284150108001032,32.86774920006491,7.709999084472656,0.9999992847442627,-0.0004306083719711751,0.00042215181747451425,-0.0010397684527561069
uav_04,48.929587,-18.284150108001032,32.86774920006491,7.719999313354492,0.9999994039535522,3.993225732301653e-07,0.00029503999394364655,-0.0010584256378933787
uav_04,49.029547,-18.284150108001032,32.86774920006491,7.719999313354492,0.9999993443489075,0.0002046767040155828,0.0002139221760444343,-0.0010838188463822007
uav_04,49.129507,-18.284150108001032,32.86774920006491,7.719999313354492,0.9999993443489075,0.00030269441776908934,0.00010708036279538646,-0.001107775722630322
uav_04,49.229467,-18.284150108001032,32.86774920006491,7.729999542236328,0.9999992847442627,0.00036640363396145403,-6.360305633279495e-07,-0.0011319167679175735
uav_04,49.329427,-18.284150108001032,32.86774920006491,7.729999542236328,0.9999992847442627,0.00028225555433891714,-0.00010127521818503737,-0.0011600903235375881
uav_04,49.429387,-18.284150108001032,32.86774920006491,7.729999542236328,0.9999992847442627,8.041312685236335e-05,-0.00021647421817760915,-0.0011942649725824594
uav_04,49.529347,-18.284150108001032,32.86774920006491,7.729999542236328,0.9999991655349731,0.00015222452930174768,-0.00031562914955429733,-0.001227466738782823
uav_04,49.629307,-18.284150108001032,32.86774920006491,7.739999771118164,0.9999988079071045,0.000916984979994595,-0.00014079344691708684,-0.0012447431217879057
uav_04,49.729267,-18.284150108001032,32.86774920006491,7.739999771118164,0.9999935626983643,0.0032777178566902876,0.0007637605303898454,-0.0012556618312373757
uav_04,49.829227,-18.284150108001032,32.86774920006491,7.739999771118164,0.9999649524688721,0.007797607220709324,0.002774590626358986,-0.0012655904283747077
uav_04,49.929187,-18.284150108001032,32.86774920006491,7.739999771118164,0.9998794794082642,0.014352181926369667,0.005780120380222797,-0.0012898854911327362
uav_04,50.029147,-18.284150108001032,32.8566639556858,7.739999771118164,0.9997072219848633,0.022197220474481583,0.009536185301840305,-0.0013388488441705704
uav_04,50.129107,-18.274501479177612,32.8566639556858,7.739999771118164,0.9994397163391113,0.030487066134810448,0.013740457594394684,-0.001432209275662899
uav_04,50.229067,-18.255204222901924,32.8566639556858,7.75,0.9991205930709839,0.03796206787228584,0.01773018017411232,-0.001586251542903483
uav_04,50.329027,-18.235906967997387,32.8455787113067,7.75,0.9988139867782593,0.04394043609499931,0.020894378423690796,-0.0017953661736100912
uav_04,50.428987,-18.216609711721695,32.834493467321415,7.75,0.998557984828949,0.04848918691277504,0.0229454655200243,-0.002053624950349331
uav_04,50.52978,-18.17801519917032,32.81232297856321,7.75,0.9983579516410828,0.051944468170404434,0.024035263806581497,-0.002340001752600074
uav_04,50.62974,-18.139420686618944,32.81232297856321,7.75,0.9981908202171326,0.05473752319812775,0.02473853901028633,-0.0026302114129066467
uav_04,50.7297,-18.091177546615295,32.79015249019883,7.75,0.9980060458183289,0.05748516321182251,0.025912845507264137,-0.0028195406775921583
uav_04,50.82966,-18.033285779159378,32.75689675745534,7.75,0.9978103637695312,0.059471845626831055,0.028923990204930305,-0.0010016756132245064
uav_04,50.92962,-17.965745382880044,32.734726269090956,7.760000228881836,0.9975675940513611,0.060318268835544586,0.033988192677497864,0.008083861321210861
uav_04,51.02958,-17.89820498660071,32.701470536347465,7.760000228881836,0.9969623684883118,0.060690369457006454,0.03864539787173271,0.029820574447512627
uav_04,51.12954,-17.811367334045688,32.65712955922488,7.760000228881836,0.9951106905937195,0.06152888014912605,0.04068981483578682,0.06567560136318207
uav_04,51.2295,-17.714881054038393,32.623873826481386,7.760000228881836,0.990664005279541,0.06340326368808746,0.03891582787036896,0.11423831433057785
uav_04,51.32946,-17.63769203030679,32.55736236099441,7.760000228881836,0.9820931553840637,0.0667155459523201,0.033436525613069534,0.17298586666584015
uav_04,51.42942,-17.53155712147608,32.50193613988654,7.760000228881836,0.9680566191673279,0.0714758038520813,0.0250923503190279,0.23901453614234924
uav_04,51.52938,-17.43507084146879,32.43542467439956,7.760000228881836,0.9476848244667053,0.07730825245380402,0.015008645132184029,0.3093407452106476
uav_04,51.62934,-17.328935932638075,32.36891320891259,7.760000228881836,0.9207801818847656,0.0832488089799881,0.004075496923178434,0.38107338547706604
uav_04,51.7293,-17.203503768902824,32.30240174303179,7.760000228881836,0.8878559470176697,0.08841893076896667,-0.006975854746997356,0.4514922499656677
uav_04,51.82926,-17.068422976344156,32.23589027754481,7.760000228881836,0.8502137660980225,0.09162753075361252,-0.01752101071178913,0.5181061029434204
uav_04,51.92922,-16.942990812608908,32.15829356807256,7.760000228881836,0.8097444772720337,0.09174750000238419,-0.02715514972805977,0.57892906665802
uav_04,52.02918,-16.798261391226813,32.09178210258558,7.770000457763672,0.768395721912384,0.08871541172266006,-0.03549394756555557,0.6328014731407166
uav_04,52.12914,-16.65353197121588,32.0141853927195,7.770000457763672,0.7277300953865051,0.08366913348436356,-0.042084112763404846,0.6794390082359314
uav_04,52.2291,-16.489505294929252,31.936588682853415,7.770000457763672,0.6887288689613342,0.0781969428062439,-0.046633679419755936,0.7192795872688293
uav_04,52.32906,-16.325478618642627,31.858991973381166,7.770000457763672,0.6517358422279358,0.07364307343959808,-0.04910676181316376,0.7532632946968079
uav_04,52.42902,-16.151803313532575,31.792480507894187,7.770000457763672,0.6165443062782288,0.07062463462352753,-0.05001196265220642,0.7825496792793274
uav_04,52.529813,-15.978128009793682,31.714883798028104,7.770000457763672,0.5822625756263733,0.06926850974559784,-0.05049004405736923,0.8084694743156433
uav_04,52.629773,-15.794804077231365,31.648372332541133,7.770000457763672,0.5497792363166809,0.06803685426712036,-0.05280698090791702,0.8308581113815308
uav_04,52.729733,-15.611480144669049,31.559690378689773,7.780000686645508,0.5214987993240356,0.06588365137577057,-0.057405028492212296,0.8487655520439148
uav_04,52.829693,-15.418507584654467,31.482093668823694,7.780000686645508,0.5003116726875305,0.06297843158245087,-0.06265904754400253,0.8612756729125977
uav_04,52.929653,-15.22553502326873,31.41558220333672,7.780000686645508,0.4876749515533447,0.06036537140607834,-0.06642606854438782,0.8683989644050598
uav_04,53.029613,-15.013265206978456,31.337985493470637,7.780000686645508,0.48349979519844055,0.05890907719731331,-0.06737210601568222,0.870757520198822
uav_04,53.129573,-14.820292646963871,31.260388783604554,7.780000686645508,0.48662370443344116,0.059093352407217026,-0.0653313398361206,0.8691588640213013
uav_04,53.229533,-14.617671458125866,31.193877318117575,7.780000686645508,0.4952910840511322,0.061233680695295334,-0.060822006314992905,0.864429235458374
uav_04,53.329493,-14.405401641835594,31.116280608645326,7.780000686645508,0.5075435042381287,0.06509751081466675,-0.05502266064286232,0.8573997616767883
uav_04,53.429453,-14.183483196721902,31.049769143158347,7.780000686645508,0.5214192271232605,0.06977999955415726,-0.04899786412715912,0.8490300178527832
uav_04,53.529413,-13.980862007883893,30.972172433292265,7.780000686645508,0.5350354909896851,0.0742233395576477,-0.043691374361515045,0.840427815914154
uav_04,53.629373,-13.758943564141353,30.905660967805296,7.780000686645508,0.5468353033065796,0.0775236263871193,-0.039677299559116364,0.8326985836029053
uav_04,53.729333,-13.54667374785108,30.816979013953933,7.780000686645508,0.5557335019111633,0.07934834063053131,-0.03717290237545967,0.8267298936843872
uav_04,53.829293,-13.334403930189653,30.72829705970875,7.780000686645508,0.5611514449119568,0.07984822988510132,-0.03607763350009918,0.8230623602867126
uav_04,53.929253,-13.112485486447113,30.639615105857388,7.780000686645508,0.5629959106445312,0.07929374277591705,-0.036297451704740524,0.8218458890914917
uav_04,54.029213,-12.890567041333421,30.550933151612206,7.780000686645508,0.561582624912262,0.07799823582172394,-0.03764639422297478,0.822875440120697
uav_04,54.129173,-12.678297225043147,30.462251197760843,7.780000686645508,0.557522177696228,0.07631327211856842,-0.03961944207549095,0.8256970047950745
uav_04,54.229133,-12.456378779929453,30.362483999530383,7.780000686645508,0.5516291856765747,0.0744658038020134,-0.041890181601047516,0.8297019600868225
uav_04,54.329093,-12.234460336186912,30.273802045679023,7.780000686645508,0.5447812080383301,0.0728398784995079,-0.0440884605050087,0.8342445492744446
uav_04,54.429053,-12.012541891073218,30.174034847448556,7.780000686645508,0.5378438830375671,0.07164029031991959,-0.04604247957468033,0.8387321829795837
uav_04,54.529013,-11.780974818507255,30.074267649218093,7.780000686645508,0.5315788388252258,0.07074835896492004,-0.047535549849271774,0.8427093625068665
uav_04,54.629806,-11.568705002216982,29.97450045098763,7.780000686645508,0.526520311832428,0.07012878358364105,-0.04861640930175781,0.8458691835403442
uav_04,54.729766,-11.34678655710329,29.87473325275717,7.780000686645508,0.5230947136878967,0.06974908709526062,-0.04923493042588234,0.8479875326156616
uav_04,54.829726,-11.124868113360748,29.786051298511982,7.780000686645508,0.5213667750358582,0.0695374384522438,-0.04938187822699547,0.8490598201751709
uav_04,54.929686,-10.893301040794785,29.68628410028152,7.780000686645508,0.5212271213531494,0.06943441182374954,-0.0489208847284317,0.8491806983947754
uav_04,55.029646,-10.671382595681093,29.586516902051056,7.780000686645508,0.522412121295929,0.06934025138616562,-0.04794667661190033,0.848515510559082
uav_04,55.129606,-10.43981552311513,29.48674970382059,7.780000686645508,0.5245819091796875,0.0686868354678154,-0.04633096233010292,0.8473189473152161
uav_04,55.229566,-10.217897078001437,29.386982505590126,7.780000686645508,0.5273296236991882,0.0671418309211731,-0.04396439343690872,0.8458620309829712
uav_04,55.329526,-9.986330005435473,29.287215307359663,7.780000686645508,0.5302178263664246,0.06487921625375748,-0.040978435426950455,0.8443816900253296
uav_04,55.429486,-9.764411561692933,29.187448109129203,7.780000686645508,0.5328859090805054,0.06197009235620499,-0.03780454024672508,0.8430676460266113
uav_04,55.529446,-9.542493116579239,29.087680910898733,7.780000686645508,0.5350641012191772,0.05852324143052101,-0.034786347299814224,0.8420637249946594
uav_04,55.629406,-9.320574672836697,28.987913712668274,7.780000686645508,0.5365674495697021,0.05473298951983452,-0.03202443569898605,0.8414713740348816
uav_04,55.729366,-9.098656227723005,28.899231758423085,7.780000686645508,0.5373024344444275,0.05070215463638306,-0.029278971254825592,0.8413549065589905
uav_04,55.829326,-8.886386411432731,28.79946456019262,7.790000915527344,0.5373055338859558,0.04617803543806076,-0.026692640036344528,0.8416993618011475
uav_04,55.929286,-8.674116595142458,28.69969736196216,7.790000915527344,0.5366153120994568,0.041414402425289154,-0.024211805313825607,0.8424622416496277
uav_04,56.029246,-8.471495406304454,28.611015408110802,7.790000915527344,0.5353625416755676,0.03638630360364914,-0.021591179072856903,0.8435619473457336
uav_04,56.129206,-8.268874217466449,28.511248209880335,7.790000915527344,0.5337105393409729,0.03034350648522377,-0.01805485598742962,0.8449298143386841
uav_04,56.229166,-8.085550284904132,28.444736744393364,7.790000915527344,0.5318217873573303,0.02352054789662361,-0.013871751725673676,0.8464159369468689
uav_04,56.329126,-7.902226352341817,28.344969546162897,7.790000915527344,0.5299755930900574,0.016551099717617035,-0.009494714438915253,0.8477981686592102
uav_04,56.429086,-7.718902419779501,28.256287592311537,7.790000915527344,0.5284056067466736,0.010051303543150425,-0.005237292032688856,0.8489164113998413
uav_04,56.529046,-7.554875743492873,28.18977612682456,7.790000915527344,0.5272513031959534,0.004148673266172409,-0.001218162477016449,0.8496984243392944
uav_04,56.629006,-7.390849067206246,28.11217941695848,7.790000915527344,0.5265905857086182,-0.0016243606805801392,0.0028070074040442705,0.8501128554344177
uav_04,56.729799,-7.255768274647577,28.045667951471508,7.790000915527344,0.5263991355895996,-0.00799707043915987,0.00722922571003437,0.8501692414283752
uav_04,56.829759,-7.120687482088908,27.979156485984532,7.790000915527344,0.5266008377075195,-0.014755616895854473,0.011638075113296509,0.8499048948287964
uav_04,56.929719,-6.995255318353658,27.92373026448283,7.790000915527344,0.5271124243736267,-0.02070818841457367,0.015414563938975334,0.8494032621383667
uav_04,57.029679,-6.879471782070676,27.868304043374962,7.790000915527344,0.5278385281562805,-0.024969663470983505,0.017883680760860443,0.8487892150878906
uav_04,57.129639,-6.782985502063385,27.823963066252368,7.790000915527344,0.5286859273910522,-0.027224387973546982,0.019007395952939987,0.8481678366661072
uav_04,57.229599,-6.69614784950836,27.779622089523603,7.799999237060547,0.5295457243919373,-0.027897989377379417,0.019060855731368065,0.847608208656311
uav_04,57.329559,-6.628607453229026,27.746366356780115,7.799999237060547,0.5303135514259338,-0.027756603434681892,0.018531451001763344,0.8471444249153137
uav_04,57.429519,-6.561067056949691,27.713110624036624,7.799999237060547,0.530527651309967,-0.04135321080684662,0.02752664126455784,0.8462107181549072
uav_04,57.529479,-6.512823916946045,27.70202537965752,7.799999237060547,0.5302031636238098,-0.05998516455292702,0.03981473669409752,0.8448083400726318
uav_04,57.629439,-6.474229404394667,27.668769646914033,7.799999237060547,0.5299130082130432,-0.07025346159934998,0.04645806923508644,0.8438591361045837
uav_04,57.729399,-6.4452835206667105,27.668769646914033,7.799999237060547,0.529994785785675,-0.06949596852064133,0.045668814331293106,0.8439136147499084
uav_04,57.829359,-6.4452835206667105,27.668769646914033,7.799999237060547,0.5300017595291138,-0.066951222717762,0.043839044868946075,0.8442119359970093
uav_04,57.929319,-6.464580776942399,27.668769646914033,7.799999237060547,0.5296762585639954,-0.0683838278055191,0.044726379215717316,0.8442548513412476
uav_04,58.029279,-6.493526660670356,27.668769646914033,7.799999237060547,0.5296417474746704,-0.06267671287059784,0.04074510931968689,0.8449207544326782
uav_04,58.129239,-6.522472544398313,27.70202537965752,7.799999237060547,0.5297830104827881,-0.05087931454181671,0.032472237944602966,0.8459827303886414
uav_04,58.229199,-6.561067056949691,27.70202537965752,7.799999237060547,0.5298916101455688,-0.0366072952747345,0.02258356660604477,0.8469738960266113
uav_04,58.329159,-6.618958825776757,27.724195868021905,7.799999237060547,0.5298798084259033,-0.02344145067036152,0.013588580302894115,0.847639799118042
uav_04,58.429119,-6.667201965780403,27.746366356780115,7.799999237060547,0.5297945737838745,-0.011356262490153313,0.005414383020251989,0.8480326533317566
uav_04,58.529079,-6.71544510578405,27.768536845144496,7.799999237060547,0.5296253561973572,0.008131064474582672,-0.0076825269497931,0.8481579422950745
uav_04,58.629039,-6.763688245787695,27.79070733350888,7.799999237060547,0.5293285846710205,0.02482382208108902,-0.018762383610010147,0.8478460907936096
uav_04,58.728999,-6.792634129515653,27.812877822267094,7.799999237060547,0.5291560888290405,0.03378571569919586,-0.024536380544304848,0.847496509552002
uav_04,58.829792,-6.82158001324361,27.823963066252368,7.799999237060547,0.5291889905929565,0.03663155809044838,-0.02641310542821884,0.8473013043403625
uav_04,58.929752,-6.840877269519298,27.83504831063147,7.799999237060547,0.5289317965507507,0.04841378703713417,-0.034155722707509995,0.8465935587882996
uav_04,59.029712,-6.840877269519298,27.83504831063147,7.799999237060547,0.5288357734680176,0.05550193414092064,-0.03934405744075775,0.8459930419921875
uav_04,59.129672,-6.840877269519298,27.83504831063147,7.799999237060547,0.5290973782539368,0.05496357008814812,-0.04058217629790306,0.8458060622215271
uav_04,59.229632,-6.82158001324361,27.823963066252368,7.799999237060547,0.5296220779418945,0.048920679837465286,-0.03942619264125824,0.8459035158157349
uav_04,59.329592,-6.792634129515653,27.812877822267094,7.799999237060547,0.5301724672317505,0.04125434532761574,-0.03805326670408249,0.8460302352905273
uav_04,59.429552,-6.744390989512007,27.801792577887987,7.799999237060547,0.5305802822113037,0.03521338477730751,-0.03827701136469841,0.8460374474525452
uav_04,59.529512,-6.7057964769606295,27.79070733350888,7.799999237060547,0.5307741761207581,0.03245151415467262,-0.04080669954419136,0.8459080457687378
uav_04,59.629472,-6.657553336956982,27.779622089523603,7.799999237060547,0.5307626128196716,0.032981228083372116,-0.045758381485939026,0.8456414341926575
uav_04,59.729432,-6.599661569501069,27.768536845144496,7.809999465942383,0.5305909514427185,0.0360528901219368,-0.05205737426877022,0.8452593684196472
uav_04,59.829392,-6.532121173221734,27.757451600765393,7.809999465942383,0.5303704738616943,0.039837196469306946,-0.05816806107759476,0.8448293805122375
uav_04,59.929352,-6.4452835206667105,27.746366356780115,7.809999465942383,0.5302280187606812,0.042759280651807785,-0.06309672445058823,0.8444221019744873
uav_04,60.029312,-6.3680944969351065,27.73528111240101,7.809999465942383,0.5304257869720459,0.043746981769800186,-0.06692185252904892,0.8439527153968811
uav_04,60.129272,-6.271608216927815,27.724195868021905,7.809999465942383,0.533242404460907,0.04145500808954239,-0.07069975882768631,0.8419831395149231
uav_04,60.229232,-6.165473308097102,27.713110624036624,7.809999465942383,0.5433555245399475,0.036365967243909836,-0.07472046464681625,0.8353796005249023
uav_04,60.329192,-6.049689771814121,27.70202537965752,7.799999237060547,0.5643211007118225,0.03175308555364609,-0.07764356583356857,0.8212825059890747
uav_04,60.429152,-5.914608979255451,27.70202537965752,7.799999237060547,0.5957343578338623,0.03110954724252224,-0.0778873935341835,0.7987905144691467
uav_04,60.529112,-5.798825442972469,27.70202537965752,7.799999237060547,0.6333025097846985,0.036791153252124786,-0.07426401227712631,0.7694538235664368
uav_04,60.629072,-5.654096022961532,27.70202537965752,7.799999237060547,0.6713478565216064,0.04816889017820358,-0.06799259036779404,0.7364434003829956
uav_04,60.729032,-5.509366602950593,27.713110624036624,7.799999237060547,0.7054022550582886,0.06277692317962646,-0.060875304043293,0.7033924460411072
uav_04,60.828992,-5.354988554116234,27.713110624036624,7.799999237060547,0.7325547933578491,0.07717299461364746,-0.05442211404442787,0.6741260886192322
uav_04,60.929785,-5.190961877829608,27.713110624036624,7.799999237060547,0.7516809701919556,0.08786597847938538,-0.04921209067106247,0.6517924666404724
uav_04,61.029745,-5.0269352015429805,27.713110624036624,7.799999237060547,0.7625325918197632,0.09271471202373505,-0.04566029831767082,0.6386416554450989
uav_04,61.129705,-4.843611268980665,27.713110624036624,7.799999237060547,0.7662265300750732,0.0917765200138092,-0.04433022812008858,0.634435772895813
uav_04,61.229665,-4.660287336418349,27.70202537965752,7.799999237060547,0.763992190361023,0.08624432235956192,-0.045598167926073074,0.6378076672554016
uav_04,61.329625,-4.457666147580344,27.70202537965752,7.799999237060547,0.7570469975471497,0.07809210568666458,-0.04930192604660988,0.6468004584312439
uav_04,61.429585,-4.26469358756576,27.668769646914033,7.799999237060547,0.7466384172439575,0.06931094080209732,-0.054935138672590256,0.6593248248100281
uav_04,61.529545,-4.062072398727755,27.668769646914033,7.799999237060547,0.734134316444397,0.06159421056509018,-0.061373986303806305,0.673413872718811
uav_04,61.629505,-3.8594512098897504,27.63551391417055,7.799999237060547,0.7211205959320068,0.05601966381072998,-0.06725867092609406,0.687257707118988
uav_04,61.729465,-3.6471813935994772,27.63551391417055,7.799999237060547,0.7092217803001404,0.05268934369087219,-0.07139505445957184,0.699379026889801
uav_04,61.829425,-3.4349115773092045,27.63551391417055,7.799999237060547,0.6997561454772949,0.05126624554395676,-0.07341009378433228,0.7087482213973999
uav_04,61.929385,-3.2129931321955105,27.61334342580616,7.809999465942383,0.6935440897941589,0.051144517958164215,-0.07365034520626068,0.714812159538269
uav_04,62.029345,-2.9814260596295483,27.61334342580616,7.809999465942383,0.6908450126647949,0.051853448152542114,-0.07257218658924103,0.7174800634384155
uav_04,62.129305,-2.769156243339275,27.61334342580616,7.809999465942383,0.6913899779319763,0.05311606824398041,-0.07053643465042114,0.717065691947937
uav_04,62.229265,-2.5472377982255816,27.63551391417055,7.809999465942383,0.6945438981056213,0.0547189936041832,-0.06812112033367157,0.7141247391700745
uav_04,62.329225,-2.3156707256596194,27.63551391417055,7.809999465942383,0.6994565725326538,0.05646727234125137,-0.0656922236084938,0.7094057202339172
uav_04,62.429185,-2.0841036530936576,27.63551391417055,7.809999465942383,0.7052127718925476,0.058225806802511215,-0.0634695440530777,0.7037444710731506
uav_04,62.529145,-1.8525365805276959,27.63551391417055,7.809999465942383,0.7110030055046082,0.0595378577709198,-0.06132698431611061,0.6979749202728271
uav_04,62.629105,-1.6209695079617337,27.63551391417055,7.809999465942383,0.7161807417869568,0.05992831289768219,-0.058840665966272354,0.6928430795669556
uav_04,62.729065,-1.3797538079435037,27.64659915854965,7.809999465942383,0.720285177230835,0.05910419672727585,-0.05587601289153099,0.68889319896698
uav_04,62.829025,-1.1481867353775415,27.64659915854965,7.809999465942383,0.7230433821678162,0.05708110332489014,-0.052878592163324356,0.6864064931869507
uav_04,62.929818,-0.906971033988159,27.668769646914033,7.809999465942383,0.7243785858154297,0.05403650552034378,-0.049836818128824234,0.6854720711708069
uav_04,63.029778,-0.675403961422197,27.668769646914033,7.809999465942383,0.7243594527244568,0.05037512630224228,-0.04696567356586456,0.6859737038612366
uav_04,63.129738,-0.44383688885623496,27.668769646914033,7.809999465942383,0.723229169845581,0.04638085141777992,-0.0440790019929409,0.6876375675201416
uav_04,63.229698,-0.21226981629027306,27.668769646914033,7.809999465942383,0.7213109731674194,0.04208458587527275,-0.041142333298921585,0.6901063323020935
uav_04,63.329658,0.019297256275688915,27.668769646914033,7.809999465942383,0.7189780473709106,0.03735628351569176,-0.03797834739089012,0.6929882764816284
uav_04,63.429618,0.24121570001823017,27.668769646914033,7.809999465942383,0.7165775895118713,0.03230135887861252,-0.03428884223103523,0.6959148049354553
uav_04,63.529578,0.4534855176796557,27.668769646914033,7.809999465942383,0.7144076824188232,0.0270189568400383,-0.030126074329018593,0.6985585689544678
uav_04,63.629538,0.6657553339699288,27.67985489129314,7.809999465942383,0.7127020955085754,0.021145617589354515,-0.025107724592089653,0.7006983757019043
uav_04,63.729498,0.8683765228079336,27.67985489129314,7.809999465942383,0.7115734815597534,0.014613098464906216,-0.018986988812685013,0.702203094959259
uav_04,63.829458,1.070997710274786,27.67985489129314,7.809999465942383,0.7110305428504944,0.008104503154754639,-0.012277727946639061,0.7030072212219238
uav_04,63.929418,1.254321642837102,27.70202537965752,7.809999465942383,0.7110279202461243,0.0018981160828843713,-0.005218647886067629,0.7031418085098267
uav_04,64.029378,1.4279969479471495,27.70202537965752,7.809999465942383,0.711475133895874,-0.004068979527801275,0.001733314129523933,0.7026973366737366
uav_04,64.129338,1.5920236242337766,27.70202537965752,7.809999465942383,0.7122464179992676,-0.00986569095402956,0.008553815074265003,0.7018080353736877
uav_04,64.229298,1.7464016730681353,27.70202537965752,7.809999465942383,0.7132058143615723,-0.015234200283885002,0.01484643667936325,0.700631856918335
uav_04,64.329258,1.8911310930790737,27.70202537965752,7.809999465942383,0.7142279744148254,-0.019617334008216858,0.01989521086215973,0.6993551850318909
uav_04,64.429218,2.0069146293620546,27.70202537965752,7.809999465942383,0.71522057056427,-0.022311054170131683,0.022967234253883362,0.6981648802757263
uav_04,64.529178,2.1226981656450357,27.713110624036624,7.809999465942383,0.7160975933074951,-0.0236359816044569,0.02418435551226139,0.6971805691719055
uav_04,64.629138,2.2095358182000595,27.713110624036624,7.809999465942383,0.7167730331420898,-0.02421211265027523,0.02420184202492237,0.6964656710624695
uav_04,64.729098,2.296373469383931,27.713110624036624,7.809999465942383,0.7165997624397278,-0.03745047375559807,0.03684479743242264,0.6955031752586365
uav_04,64.829058,2.3639138656632657,27.713110624036624,7.809999465942383,0.7156065702438354,-0.054750099778175354,0.05381149426102638,0.6942722797393799
uav_04,64.929018,2.4121570056669115,27.724195868021905,7.809999465942383,0.7146854400634766,-0.06455803662538528,0.0634864866733551,0.6935606598854065
uav_04,65.029811,2.4411028907660213,27.724195868021905,7.809999465942383,0.7142381072044373,-0.06646258383989334,0.06535946577787399,0.6936676502227783
uav_04,65.129771,2.45075151821829,27.724195868021905,7.809999465942383,0.7131803035736084,-0.0731140524148941,0.07166571170091629,0.6934638619422913
uav_04,65.229731,2.4411028907660213,27.724195868021905,7.809999465942383,0.7127562761306763,-0.07278066128492355,0.06927898526191711,0.6941772103309631
uav_04,65.329691,2.4025083782146432,27.724195868021905,7.809999465942383,0.7129959464073181,-0.06511354446411133,0.056692324578762054,0.6958326101303101
uav_04,65.429651,2.3639138656632657,27.724195868021905,7.809999465942383,0.7133232355117798,-0.05412296578288078,0.03734807297587395,0.6977433562278748
uav_04,65.529611,2.3060220982073516,27.73528111240101,7.809999465942383,0.7133498191833496,-0.04428740590810776,0.016257651150226593,0.6992183923721313
uav_04,65.629571,2.248130329380285,27.746366356780115,7.809999465942383,0.7131492495536804,-0.03820859640836716,-0.002628717105835676,0.699965238571167
uav_04,65.729531,2.1902385619243705,27.757451600765393,7.809999465942383,0.7129988074302673,-0.03634358569979668,-0.016912192106246948,0.7000184655189514
uav_04,65.829491,2.1323467930973035,27.768536845144496,7.809999465942383,0.7131014466285706,-0.037143077701330185,-0.0262149628251791,0.6995852589607239
uav_04,65.929451,2.0744550256413894,27.801792577887987,7.809999465942383,0.7134645581245422,-0.03890823572874069,-0.031592145562171936,0.6988965272903442
uav_04,66.029411,2.016563256814323,27.83504831063147,7.819999694824219,0.7139611840248108,-0.040353525429964066,-0.03498290106654167,0.6981455683708191
uav_04,66.129371,1.9683201168106768,27.879389287754062,7.819999694824219,0.7144572138786316,-0.04101185128092766,-0.03820420056581497,0.6974304914474487
uav_04,66.229331,1.9104283493547625,27.92373026448283,7.819999694824219,0.7148454189300537,-0.04094468057155609,-0.042382169514894485,0.6967950463294983
uav_04,66.329291,1.8718338368033847,27.990241729969807,7.819999694824219,0.7153302431106567,-0.04090059548616409,-0.04710446670651436,0.6959964036941528
uav_04,66.429251,1.8235906967997386,28.056753195456782,7.819999694824219,0.7180796265602112,-0.04241037741303444,-0.050700895488262177,0.6928148865699768
uav_04,66.529211,1.7849961842483608,28.12326466094376,7.809999465942383,0.7271373271942139,-0.045625146478414536,-0.05247624218463898,0.682961106300354
uav_04,66.629171,1.7464016730681353,28.211946615188946,7.809999465942383,0.745176374912262,-0.048671163618564606,-0.053312890231609344,0.6629486680030823
uav_04,66.729131,1.7174557879690258,28.31171381341941,7.809999465942383,0.7715699076652527,-0.04957837983965874,-0.05460214242339134,0.631854772567749
uav_04,66.829091,1.6788612767888005,28.411481011649872,7.809999465942383,0.8039177656173706,-0.047337763011455536,-0.057343825697898865,0.5900737643241882
uav_04,66.929051,1.649915391689691,28.511248209880335,7.809999465942383,0.8392611145973206,-0.04202801361680031,-0.06180392950773239,0.538567304611206
uav_04,67.029011,1.6209695079617337,28.62210065248991,7.809999465942383,0.8747000694274902,-0.03417148441076279,-0.06761310249567032,0.47870713472366333
uav_04,67.129804,1.5920236242337766,28.74403833908475,7.809999465942383,0.9080550074577332,-0.02400621399283409,-0.0730840340256691,0.4117262363433838
uav_04,67.229764,1.5630777405058196,28.877061270058704,7.809999465942383,0.936917245388031,-0.012153759598731995,-0.07598555833101273,0.34097588062286377
uav_04,67.329724,1.5437804842301306,29.010084201032658,7.809999465942383,0.9603185057640076,0.00038518267683684826,-0.07549026608467102,0.26849475502967834
uav_04,67.429684,1.5341318554067098,29.154192376385712,7.809999465942383,0.9776544570922852,0.012860313057899475,-0.07145915180444717,0.19728131592273712
uav_04,67.529644,1.5244832279544418,29.29830055173877,7.809999465942383,0.9887672066688538,0.025729531422257423,-0.06418263912200928,0.1325066238641739
uav_04,67.629604,1.5244832279544418,29.442408726697998,7.809999465942383,0.9945002198219299,0.037266191095113754,-0.05464603379368782,0.08120542019605637
uav_04,67.729564,1.5341318554067098,29.597602146430155,7.809999465942383,0.9968519806861877,0.04481738433241844,-0.044476307928562164,0.04795138165354729
uav_04,67.829524,1.5437804842301306,29.74171032138939,7.809999465942383,0.9977290630340576,0.04695029929280281,-0.03496675565838814,0.03331306204199791
uav_04,67.929484,1.5727263679580878,29.885818496742445,7.809999465942383,0.9980769157409668,0.04365348815917969,-0.02665550820529461,0.03501882776618004
uav_04,68.029444,1.6016722516860449,30.029926672095502,7.809999465942383,0.997934877872467,0.03646137937903404,-0.019117875024676323,0.04930592700839043
uav_04,68.129404,1.6306181367851544,30.162949603069457,7.809999465942383,0.9969086050987244,0.027102181687951088,-0.012920151464641094,0.0726068988442421
uav_04,68.229364,1.6692126479653797,30.2848872896643,7.809999465942383,0.994625449180603,0.01752215065062046,-0.00833150465041399,0.10170427709817886
uav_04,68.329324,1.7078071605167575,30.406824976652974,7.809999465942383,0.9909679889678955,0.009625094942748547,-0.004693840630352497,0.13367046415805817
uav_04,68.429284,1.7464016730681353,30.517677418868715,7.819999694824219,0.9861622452735901,0.004373738542199135,-0.0011454856721684337,0.16572153568267822
uav_04,68.529244,1.7849961842483608,30.617444617099178,7.819999694824219,0.9807866811752319,0.0021806659642606974,0.002710338681936264,0.1950521171092987
uav_04,68.629204,1.8235906967997386,30.71721181572347,7.819999694824219,0.9756587743759155,0.0025484426878392696,0.006542435847222805,0.21918174624443054
uav_04,68.729164,1.8525365805276959,30.805893769574826,7.819999694824219,0.9715748429298401,0.004304319620132446,0.009939851239323616,0.23648466169834137
uav_04,68.829124,1.8911310930790737,30.905660967805296,7.819999694824219,0.9690834879875183,0.006389638874679804,0.012711512856185436,0.24632252752780914
uav_04,68.929084,1.9200769768070305,30.972172433292265,7.819999694824219,0.9683091044425964,0.009178106673061848,0.017902547493577003,0.24894315004348755
uav_04,69.029044,1.949022860534988,31.038683898779244,7.819999694824219,0.9687913656234741,0.014938072301447392,0.03309795260429382,0.2452033907175064
uav_04,69.129004,1.9683201168106768,31.094110119887116,7.819999694824219,0.9703726172447205,0.018759528174996376,0.04571634903550148,0.2365058809518814
uav_04,69.229797,2.0069146293620546,31.138451097009707,7.819999694824219,0.9729388952255249,0.018962925300002098,0.05098244920372963,0.22456875443458557
uav_04,69.329757,2.0262118856377436,31.16062158537409,7.819999694824219,0.9756096005439758,0.018553217872977257,0.05627956986427307,0.2113630324602127
uav_04,69.429717,2.055157769365701,31.1827920741323,7.819999694824219,0.9780002236366272,0.017106616869568825,0.062077853828668594,0.1984167844057083
uav_04,69.529677,2.0841036530936576,31.1827920741323,7.819999694824219,0.9803920388221741,0.011092628352344036,0.06026899814605713,0.18728603422641754
uav_04,69.629637,2.1034009093693466,31.1827920741323,7.819999694824219,0.9824854731559753,0.0008036684012040496,0.05177668109536171,0.17899960279464722
uav_04,69.729597,2.1226981656450357,31.16062158537409,7.819999694824219,0.9838477373123169,-0.011918554082512856,0.0404181107878685,0.17397673428058624
uav_04,69.829557,2.1419954219207242,31.138451097009707,7.819999694824219,0.9843249320983887,-0.024435658007860184,0.02969617396593094,0.17212027311325073
uav_04,69.929517,2.1516440493729925,31.10519536426622,7.819999694824219,0.9840779304504395,-0.034379079937934875,0.021741457283496857,0.17302024364471436
uav_04,70.029477,2.1516440493729925,31.083024875901838,7.819999694824219,0.9833762645721436,-0.04098791256546974,0.01679123193025589,0.17609409987926483
uav_04,70.129437,2.1419954219207242,31.049769143158347,7.819999694824219,0.9824164509773254,-0.04481736570596695,0.014615478925406933,0.18065345287322998
uav_04,70.229397,2.1226981656450357,31.038683898779244,7.819999694824219,0.9813147783279419,-0.04717307165265083,0.014073055237531662,0.18600523471832275
uav_04,70.329357,2.1034009093693466,31.005428166035756,7.819999694824219,0.9801464080810547,-0.0494367890059948,0.014238218776881695,0.19148433208465576
uav_04,70.429317,2.0744550256413894,30.972172433292265,7.819999694824219,0.9789923429489136,-0.05242910236120224,0.014320486225187778,0.1965198516845703
uav_04,70.529277,2.035860513090012,30.950001944927887,7.819999694824219,0.9779382348060608,-0.05633897706866264,0.01398742850869894,0.20066659152507782
uav_04,70.629237,1.9876173730863658,30.93891670054878,7.819999694824219,0.97708660364151,-0.060922879725694656,0.013604330830276012,0.20348253846168518
uav_04,70.729197,1.9393742330827195,30.905660967805296,7.819999694824219,0.9769982099533081,-0.06526662409305573,0.014854772947728634,0.20246990025043488
uav_04,70.829157,1.8621852093511162,30.88349047944091,7.819999694824219,0.9788046479225159,-0.06838908791542053,0.01819072663784027,0.19218091666698456
uav_04,70.929117,1.7849961842483608,30.872405235061805,7.809999465942383,0.9830412864685059,-0.07046785205602646,0.021390177309513092,0.1679479330778122
uav_04,71.029077,1.7078071605167575,30.839149502318318,7.809999465942383,0.9887692332267761,-0.07199007272720337,0.02204705774784088,0.12909965217113495
uav_04,71.129037,1.6113208805094654,30.816979013953933,7.809999465942383,0.9941276907920837,-0.07336564362049103,0.018948933109641075,0.07725602388381958
uav_04,71.228997,1.5051859716787526,30.805893769574826,7.809999465942383,0.9970189332962036,-0.07476215064525604,0.011934209614992142,0.01488124206662178
uav_04,71.32979,1.4086996916714607,30.772638036831342,7.809999465942383,0.9955260157585144,-0.07619290053844452,0.0014993730001151562,-0.05585995316505432
uav_04,71.42975,1.2736188991127908,30.73938230408785,7.809999465942383,0.9882820248603821,-0.07773254066705704,-0.01088661141693592,-0.13091152906417847
uav_04,71.52971,1.1481867353775415,30.72829705970875,7.809999465942383,0.9746137261390686,-0.07944919914007187,-0.0238365288823843,-0.20796088874340057
uav_04,71.62967,1.02275457027114,30.706126571344363,7.809999465942383,0.9547008872032166,-0.08056291937828064,-0.03609730303287506,-0.2841704189777374
uav_04,71.72963,0.8780251502602019,30.683956082979986,7.809999465942383,0.9295862913131714,-0.07996413111686707,-0.046713653951883316,-0.35678133368492126
uav_04,71.82959,0.723647101425843,30.67287083860088,7.809999465942383,0.9009299874305725,-0.07683303207159042,-0.05508158355951309,-0.4235421121120453
uav_04,71.92955,0.5692690539626367,30.67287083860088,7.809999465942383,0.8704978227615356,-0.0714297667145729,-0.061017975211143494,-0.4831233322620392
uav_04,72.02951,0.41489100512827787,30.661785594221772,7.809999465942383,0.8397305607795715,-0.06518525630235672,-0.06479597836732864,-0.5351681709289551
uav_04,72.12947,0.23156707256596198,30.661785594221772,7.809999465942383,0.8095575571060181,-0.05970322713255882,-0.06701628118753433,-0.5801386833190918
uav_04,72.22943,0.04824314000364603,30.67287083860088,7.809999465942383,0.780402660369873,-0.055661823600530624,-0.0680476576089859,-0.6190661787986755
uav_04,72.32939,-0.1350807925586699,30.67287083860088,7.809999465942383,0.7523369193077087,-0.05291978269815445,-0.0687379240989685,-0.6530419588088989
uav_04,72.42935,-0.328053352573254,30.683956082979986,7.809999465942383,0.7266923785209656,-0.05022725835442543,-0.07085251063108444,-0.6814508438110352
uav_04,72.52931,-0.5210259139589907,30.69504132696526,7.809999465942383,0.7060165405273438,-0.047324977815151215,-0.07418978959321976,-0.7027068734169006
uav_04,72.62927,-0.7139984739735747,30.71721181572347,7.809999465942383,0.6921348571777344,-0.044828202575445175,-0.07744612544775009,-0.7161996364593506
uav_04,72.72923,-0.9166196628115797,30.72829705970875,7.809999465942383,0.6854998469352722,-0.0435001365840435,-0.07916553318500519,-0.7224475741386414
uav_04,72.82919,-1.1288894791018527,30.750467548466954,7.809999465942383,0.685451090335846,-0.04379533231258392,-0.0783969983458519,-0.7225597500801086
uav_04,72.92915,-1.3315106679398576,30.783723281210445,7.809999465942383,0.6905947923660278,-0.04615890979766846,-0.07528334856033325,-0.71783047914505
uav_04,73.02911,-1.5437804842301306,30.805893769574826,7.819999694824219,0.6992474794387817,-0.05047259107232094,-0.07079722732305527,-0.7095725536346436
uav_04,73.12907,-1.7560503005204038,30.839149502318318,7.819999694824219,0.7096861004829407,-0.05614246800541878,-0.06581368297338486,-0.6991868019104004
uav_04,73.22903,-1.9779687456340975,30.872405235061805,7.819999694824219,0.7202745676040649,-0.062005557119846344,-0.06106116995215416,-0.688208818435669
uav_04,73.32899,-2.1998871893766387,30.88349047944091,7.819999694824219,0.7296336889266968,-0.06681471318006516,-0.05714728683233261,-0.6781627535820007
uav_04,73.429783,-2.4314542619426005,30.905660967805296,7.819999694824219,0.7368510365486145,-0.06970556825399399,-0.05408207327127457,-0.6702736616134644
uav_04,73.529743,-2.6533727070562945,30.93891670054878,7.819999694824219,0.7412884831428528,-0.07010897994041443,-0.051544081419706345,-0.6655218601226807
uav_04,73.629703,-2.8849397796222562,30.950001944927887,7.819999694824219,0.7428658604621887,-0.06815781444311142,-0.04936148598790169,-0.6641297340393066
uav_04,73.729663,-3.1165068521882184,30.972172433292265,7.819999694824219,0.7417536377906799,-0.06420984864234924,-0.04741717502474785,-0.6659055352210999
uav_04,73.829623,-3.34807392475418,30.98325767767137,7.819999694824219,0.7383517026901245,-0.059081848710775375,-0.04565703496336937,-0.6702697277069092
uav_04,73.929583,-3.5796409973201424,30.98325767767137,7.819999694824219,0.7332563400268555,-0.05347563326358795,-0.044237006455659866,-0.6764011979103088
uav_04,74.029543,-3.811208069886104,31.005428166035756,7.819999694824219,0.7271798253059387,-0.047941453754901886,-0.042922526597976685,-0.6834242343902588
uav_04,74.129503,-4.042775142452066,31.005428166035756,7.819999694824219,0.7208717465400696,-0.042638227343559265,-0.0413038395345211,-0.6905214786529541
uav_04,74.229463,-4.26469358756576,31.016513410414863,7.819999694824219,0.7150112986564636,-0.03767987713217735,-0.03903862461447716,-0.6970043778419495
uav_04,74.329423,-4.486612031308302,31.038683898779244,7.819999694824219,0.710145890712738,-0.03297137841582298,-0.03590158373117447,-0.7023651003837585
uav_04,74.429383,-4.689233220146306,31.038683898779244,7.819999694824219,0.7066284418106079,-0.028378857299685478,-0.0317552350461483,-0.7063019871711731
uav_04,74.529343,-4.911151665259999,31.038683898779244,7.819999694824219,0.7046204209327698,-0.02334984391927719,-0.026237009093165398,-0.7087146639823914
uav_04,74.629303,-5.123421481550273,31.049769143158347,7.819999694824219,0.7041037678718567,-0.01832367293536663,-0.019999710842967033,-0.7095788717269897
uav_04,74.729263,-5.316394041564856,31.071939631522735,7.819999694824219,0.704918384552002,-0.013400640338659286,-0.013499007560312748,-0.7090333700180054
uav_04,74.829223,-5.499717974127173,31.071939631522735,7.819999694824219,0.7067686915397644,-0.00868823193013668,-0.007244333159178495,-0.7073542475700378
uav_04,74.929183,-5.683041906689489,31.071939631522735,7.819999694824219,0.7092865109443665,-0.00391444331035018,-0.0013308590278029442,-0.7049081921577454
uav_04,75.029143,-5.847068582976116,31.083024875901838,7.819999694824219,0.7120838165283203,0.0012644740054383874,0.00454316521063447,-0.702078640460968
uav_04,75.129103,-6.0014466318104756,31.083024875901838,7.819999694824219,0.7147966623306274,0.007075931876897812,0.010527757927775383,-0.6992172598838806
uav_04,75.229063,-6.146176051821413,31.083024875901838,7.819999694824219,0.7171332836151123,0.012875205837190151,0.01600857637822628,-0.6966331601142883
uav_04,75.329023,-6.281256844380082,31.094110119887116,7.819999694824219,0.718921422958374,0.01765623688697815,0.02025376819074154,-0.6945717930793762
uav_04,75.429816,-6.397040380663063,31.094110119887116,7.819999694824219,0.720104455947876,0.020807169377803802,0.0226388331502676,-0.6931840181350708
uav_04,75.529776,-6.503175289493777,31.094110119887116,7.819999694824219,0.7206600308418274,0.022335434332489967,0.02343313954770565,-0.6925324201583862
uav_04,75.629736,-6.5900129406776475,31.094110119887116,7.819999694824219,0.7206387519836426,0.02271346002817154,0.02349860779941082,-0.6925400495529175
uav_04,75.729696,-6.676850593232673,31.094110119887116,7.819999694824219,0.7195934653282166,0.035476814955472946,0.03643452003598213,-0.6925309896469116
uav_04,75.829656,-6.7347423620597375,31.094110119887116,7.819999694824219,0.7177437543869019,0.05087551847100258,0.05227508395910263,-0.6924759149551392
uav_04,75.929616,-6.782985502063385,31.10519536426622,7.819999694824219,0.7159980535507202,0.05898670852184296,0.06096471846103668,-0.6929290294647217
uav_04,76.029576,-6.8119313857913415,31.10519536426622,7.819999694824219,0.7149510383605957,0.057844795286655426,0.06024601310491562,-0.6941681504249573
uav_04,76.129536,-6.82158001324361,31.094110119887116,7.819999694824219,0.7143474221229553,0.052187468856573105,0.054805584251880646,-0.6956871151924133
uav_04,76.229496,-6.8119313857913415,31.094110119887116,7.809999465942383,0.7133846879005432,0.05317094177007675,0.05591258406639099,-0.6965119242668152
uav_04,76.329456,-6.792634129515653,31.094110119887116,7.809999465942383,0.7129219174385071,0.05089256167411804,0.051913052797317505,-0.6974648833274841
uav_04,76.429416,-6.763688245787695,31.094110119887116,7.809999465942383,0.7129361629486084,0.04514510557055473,0.04087194427847862,-0.6985795497894287
uav_04,76.529376,-6.725093733236318,31.094110119887116,7.819999694824219,0.7131195664405823,0.03861071541905403,0.02526475302875042,-0.6995222568511963
uav_04,76.629336,-6.676850593232673,31.094110119887116,7.819999694824219,0.7132879495620728,0.03374224901199341,0.008524561300873756,-0.7000064849853516
uav_04,76.729296,-6.618958825776757,31.10519536426622,7.819999694824219,0.71346116065979,0.03184513375163078,-0.006594434380531311,-0.6999396681785583
uav_04,76.829256,-6.561067056949691,31.116280608645326,7.819999694824219,0.713758647441864,0.0325065515935421,-0.01837553083896637,-0.6993955969810486
uav_04,76.929216,-6.522472544398313,31.127365852630607,7.819999694824219,0.714225709438324,0.03439239785075188,-0.026542307808995247,-0.6985659003257751
uav_04,77.029176,-6.474229404394667,31.14953634138881,7.819999694824219,0.714808464050293,0.036196090281009674,-0.03193245828151703,-0.6976525187492371
uav_04,77.129136,-6.425986264391021,31.1827920741323,7.819999694824219,0.7154079079627991,0.03719598054885864,-0.03572363406419754,-0.6968011260032654
uav_04,77.229096,-6.387391753210796,31.21604780687579,7.819999694824219,0.715916633605957,0.037551410496234894,-0.03918751701712608,-0.6960729956626892
uav_04,77.329056,-6.348797240659417,31.271474027983658,7.819999694824219,0.7162685990333557,0.037645600736141205,-0.04308103770017624,-0.6954754590988159
uav_04,77.429016,-6.310202728108039,31.32690024909153,7.819999694824219,0.7167556285858154,0.038406386971473694,-0.04714878275990486,-0.6946677565574646
uav_04,77.529809,-6.281256844380082,31.382326470593227,7.819999694824219,0.7198545932769775,0.04100680351257324,-0.049867697060108185,-0.6911157369613647
uav_04,77.629769,-6.242662331828705,31.459923180065484,7.819999694824219,0.7296092510223389,0.04516423121094704,-0.05071989446878433,-0.6804836392402649
uav_04,77.729729,-6.213716448100747,31.53751988993156,7.819999694824219,0.7483412027359009,0.04872601106762886,-0.051298823207616806,-0.6595298647880554
uav_04,77.829689,-6.19441919182506,31.626201844176748,7.819999694824219,0.7752134799957275,0.049890924245119095,-0.05283035337924957,-0.6275060772895813
uav_04,77.929649,-6.165473308097102,31.714883798028104,7.809999465942383,0.807783842086792,0.047629158943891525,-0.055909980088472366,-0.5848852396011353
uav_04,78.029609,-6.136527424369144,31.825736240637678,7.809999465942383,0.8431065082550049,0.04193168878555298,-0.060520414263010025,-0.5326823592185974
uav_04,78.129569,-6.117230168093456,31.936588682853415,7.809999465942383,0.878320038318634,0.033674102276563644,-0.0661356970667839,-0.4722774922847748
uav_04,78.229529,-6.088284284365498,32.05852636984209,7.809999465942383,0.9110207557678223,0.02349945716559887,-0.07121679186820984,-0.40548375248908997
uav_04,78.329489,-6.0689870280898095,32.18046405643694,7.809999465942383,0.9393905401229858,0.011997925117611885,-0.07415281981229782,-0.334518700838089
uav_04,78.429449,-6.05933839926639,32.31348698741089,7.809999465942383,0.962256669998169,6.296364881563932e-05,-0.07380980998277664,-0.2619430720806122
uav_04,78.529409,-6.030392515538432,32.44650991838484,7.809999465942383,0.9790980815887451,-0.011449162848293781,-0.07008093595504761,-0.19058974087238312
uav_04,78.629369,-6.030392515538432,32.590618093737895,7.819999694824219,0.9898812770843506,-0.023184968158602715,-0.06328089535236359,-0.12487193942070007
uav_04,78.729329,-6.030392515538432,32.734726269090956,7.819999694824219,0.9953864216804504,-0.03398966044187546,-0.05429433286190033,-0.07143276929855347
uav_04,78.829289,-6.049689771814121,32.86774920006491,7.809999465942383,0.9975492358207703,-0.04109849035739899,-0.04433979466557503,-0.03521912172436714
uav_04,78.929249,-6.05933839926639,33.011857375024135,7.809999465942383,0.9983248114585876,-0.042897991836071014,-0.03476853668689728,-0.017276102676987648
uav_04,79.029209,-6.088284284365498,33.144880305998086,7.809999465942383,0.9987533092498779,-0.03965048864483833,-0.025907186791300774,-0.01576133817434311
uav_04,79.129169,-6.117230168093456,33.28898848135115,7.809999465942383,0.9989233016967773,-0.03301624208688736,-0.01777123287320137,-0.027319496497511864
uav_04,79.229129,-6.146176051821413,33.4330966567042,7.809999465942383,0.9984562397003174,-0.024656325578689575,-0.011164885014295578,-0.04850359633564949
uav_04,79.329089,-6.18477056437279,33.54394909931377,7.809999465942383,0.9969470500946045,-0.0162062831223011,-0.006489564664661884,-0.0761040598154068
uav_04,79.429049,-6.213716448100747,33.65480154152951,7.809999465942383,0.9941937327384949,-0.009182031266391277,-0.0032376882154494524,-0.10716327279806137
uav_04,79.529009,-6.261959588104394,33.765653984139085,7.809999465942383,0.9902997612953186,-0.00441994471475482,-0.00034854665864259005,-0.1388765126466751
uav_04,79.629802,-6.290905471832351,33.87650642674865,7.819999694824219,0.985672116279602,-0.0019312158692628145,0.0027803494594991207,-0.16863864660263062
uav_04,79.729762,-6.3294999843837285,33.965188380600004,7.819999694824219,0.9811065196990967,-0.0014685862697660923,0.006109603680670261,-0.19336622953414917
uav_04,79.829722,-6.358445868111685,34.05387033484519,7.819999694824219,0.9773197174072266,-0.0025061273481696844,0.009351660497486591,-0.2115475982427597
uav_04,79.929682,-6.387391753210796,34.14255228869655,7.819999694824219,0.9748693108558655,-0.004353620111942291,0.012306073680520058,-0.22239476442337036
uav_04,80.029642,-6.416337636938754,34.209063754183525,7.819999694824219,0.9739843010902405,-0.006170334294438362,0.015265707857906818,-0.22601647675037384
uav_04,80.129602,-6.435634893214441,34.27557521967051,7.819999694824219,0.9742650389671326,-0.009659011848270893,0.029896602034568787,-0.22320501506328583
uav_04,80.229562,-6.464580776942399,34.34208668515748,7.819999694824219,0.9755010604858398,-0.01269545778632164,0.043653324246406555,-0.21524623036384583
uav_04,80.329522,-6.4838780332180885,34.37534241790097,7.819999694824219,0.977605938911438,-0.013783280737698078,0.050246406346559525,-0.20389196276664734
uav_04,80.429482,-6.512823916946045,34.40859815064445,7.819999694824219,0.9802948236465454,-0.012304021045565605,0.04879213869571686,-0.19102352857589722
uav_04,80.529442,-6.532121173221734,34.43076863900884,7.819999694824219,0.982524037361145,-0.011354849673807621,0.05257650464773178,-0.17819464206695557
uav_04,80.629402,-6.551418429497423,34.44185388338794,7.819999694824219,0.9844055771827698,-0.008453818038105965,0.05508783459663391,-0.16685189306735992
uav_04,80.729362,-6.561067056949691,34.43076863900884,7.819999694824219,0.9860832691192627,-0.001987921539694071,0.05135595425963402,-0.15810884535312653
uav_04,80.829322,-6.5900129406776475,34.419683395023554,7.819999694824219,0.987345278263092,0.007254802621901035,0.042811714112758636,-0.15252503752708435
uav_04,80.929282,-6.609310196953337,34.40859815064445,7.819999694824219,0.9879668951034546,0.017772218212485313,0.03257238492369652,-0.15014851093292236
uav_04,81.029242,-6.609310196953337,34.37534241790097,7.819999694824219,0.987922728061676,0.027861377224326134,0.023325560614466667,-0.1506265252828598
uav_04,81.129202,-6.618958825776757,34.353171929536586,7.819999694824219,0.9873692393302917,0.03618055209517479,0.01646864041686058,-0.15336798131465912
uav_04,81.229162,-6.609310196953337,34.319916196793095,7.819999694824219,0.98651123046875,0.04218675196170807,0.012419171631336212,-0.15767574310302734
uav_04,81.329122,-6.599661569501069,34.30883095241399,7.819999694824219,0.9855048656463623,0.04634656757116318,0.01078527607023716,-0.1628369241952896
uav_04,81.429082,-6.561067056949691,34.27557521967051,7.819999694824219,0.9844603538513184,0.049363233149051666,0.010712936520576477,-0.16818547248840332
uav_04,81.529042,-6.541769800674002,34.25340473130612,7.819999694824219,0.9834455847740173,0.05219345539808273,0.011159893125295639,-0.1731647551059723
uav_04,81.629002,-6.503175289493777,34.242319486927016,7.819999694824219,0.9825311303138733,0.05525258928537369,0.011398970149457455,-0.17734093964099884
uav_04,81.729795,-6.4452835206667105,34.209063754183525,7.819999694824219,0.9817631840705872,0.058869075030088425,0.011248589493334293,-0.18041320145130157
uav_04,81.829755,-6.406689008115331,34.186893265819144,7.819999694824219,0.9814227819442749,0.06263644993305206,0.012061208486557007,-0.18094344437122345
uav_04,81.929715,-6.3294999843837285,34.175808021440034,7.819999694824219,0.982354998588562,0.06607673317193985,0.015005506575107574,-0.1743198186159134
uav_04,82.029675,-6.261959588104394,34.15363753307565,7.819999694824219,0.9853461384773254,0.0687071830034256,0.018644997850060463,-0.15499910712242126
uav_04,82.129635,-6.18477056437279,34.131467044317446,7.809999465942383,0.9899324774742126,0.07064110040664673,0.020104896277189255,-0.12099296599626541
uav_04,82.229595,-6.088284284365498,34.109296555953065,7.809999465942383,0.9945495128631592,0.0718868300318718,0.01785253919661045,-0.07338127493858337
uav_04,82.329555,-5.982149375534786,34.08712606758868,7.809999465942383,0.9971679449081421,0.07288644462823868,0.011642188765108585,-0.014424590393900871
uav_04,82.429515,-5.8856630955274944,34.06495557883047,7.809999465942383,0.9958359599113464,0.07400945574045181,0.002266857074573636,0.053181055933237076
uav_04,82.529475,-5.7698795592445125,34.04278509046609,7.809999465942383,0.9890312552452087,0.07558806985616684,-0.009085430763661861,0.12657444179058075
uav_04,82.629435,-5.654096022961532,34.03169984608699,7.809999465942383,0.9759095311164856,0.07749401777982712,-0.021068178117275238,0.2028580605983734
uav_04,82.729395,-5.519015230402863,34.0095293577226,7.819999694824219,0.9564200639724731,0.07907070964574814,-0.03292316943407059,0.2791496217250824
uav_04,82.829355,-5.383934437844192,33.998444113343496,7.819999694824219,0.9313645958900452,0.0791904404759407,-0.043801743537187576,0.35266175866127014
uav_04,82.929315,-5.239205017833253,33.98735886896439,7.819999694824219,0.9022764563560486,0.07679915428161621,-0.05307595431804657,0.4209299087524414
uav_04,83.029275,-5.084826968998895,33.976273624979115,7.819999694824219,0.8709481954574585,0.07193806022405624,-0.06028814613819122,0.4823271632194519
uav_04,83.129235,-4.9208002927122685,33.976273624979115,7.819999694824219,0.8389744162559509,0.06568638235330582,-0.06530092656612396,0.5362303256988525
uav_04,83.229195,-4.747124988973373,33.976273624979115,7.819999694824219,0.8075073957443237,0.059313517063856125,-0.06820638477802277,0.5828906893730164
uav_04,83.329155,-4.573449683863325,33.976273624979115,7.819999694824219,0.777086079120636,0.05442061647772789,-0.06934050470590591,0.6231914162635803
uav_04,83.429115,-4.390125751301009,33.98735886896439,7.819999694824219,0.7482107281684875,0.050717033445835114,-0.0704789012670517,0.65775465965271
uav_04,83.529075,-4.206801818738693,33.998444113343496,7.819999694824219,0.7229523062705994,0.047075118869543076,-0.0730121061205864,0.6854146122932434
uav_04,83.629035,-4.023477886176377,34.0095293577226,7.819999694824219,0.7038640379905701,0.04362313821911812,-0.07604178786277771,0.704904317855835
uav_04,83.728995,-3.811208069886104,34.03169984608699,7.819999694824219,0.6922856569290161,0.041227877140045166,-0.07828789204359055,0.7161786556243896
uav_04,83.829788,-3.6278841373237887,34.05387033484519,7.819999694824219,0.6881445646286011,0.04076475650072098,-0.07857167720794678,0.7201539278030396
uav_04,83.929748,-3.4252629484857833,34.076040823209574,7.819999694824219,0.6904310584068298,0.04265762120485306,-0.0766926035284996,0.7180554270744324
uav_04,84.029708,-3.2129931321955105,34.09821131157396,7.819999694824219,0.6974992156028748,0.04656532406806946,-0.07316575944423676,0.7113180160522461
uav_04,84.129668,-3.010371943357505,34.131467044317446,7.819999694824219,0.707577109336853,0.05197758227586746,-0.0687728226184845,0.7013581991195679
uav_04,84.229628,-2.798102127067233,34.175808021440034,7.819999694824219,0.7189154624938965,0.05804218351840973,-0.06409192085266113,0.6896983981132507
uav_04,84.329588,-2.585832310776959,34.186893265819144,7.819999694824219,0.7298745512962341,0.06368237733840942,-0.05973012372851372,0.6779823303222656
uav_04,84.429548,-2.3639138656632657,34.220148998562635,7.819999694824219,0.7391266226768494,0.06796277314424515,-0.05603628605604172,0.6677820682525635
uav_04,84.529508,-2.1419954219207242,34.242319486927016,7.819999694824219,0.7458102703094482,0.07015661150217056,-0.05306542292237282,0.6603249907493591
uav_04,84.629468,-1.9200769768070305,34.27557521967051,7.819999694824219,0.7495242953300476,0.06997659802436829,-0.05085378885269165,0.6563006043434143
uav_04,84.729428,-1.6885099042410687,34.27557521967051,7.819999694824219,0.750236451625824,0.06775431334972382,-0.04915517196059227,0.6558493375778198
uav_04,84.829388,-1.4569428316751065,34.30883095241399,7.819999694824219,0.748231053352356,0.0638546571135521,-0.04797281697392464,0.6586132645606995
uav_04,84.929348,-1.225375759109145,34.30883095241399,7.819999694824219,0.7440231442451477,0.0589166060090065,-0.047192707657814026,0.6638758778572083
uav_04,85.029308,-0.9938086865431829,34.319916196793095,7.819999694824219,0.7382994294166565,0.05347592383623123,-0.04660448431968689,0.6707326769828796
uav_04,85.129268,-0.7815388702529098,34.34208668515748,7.819999694824219,0.7318195700645447,0.04808757081627846,-0.045729778707027435,0.6782599091529846
uav_04,85.229228,-0.5499717976869478,34.34208668515748,7.819999694824219,0.7253396511077881,0.043093565851449966,-0.04423409327864647,0.6856155395507812
uav_04,85.329188,-0.328053352573254,34.353171929536586,7.819999694824219,0.7195390462875366,0.03843175247311592,-0.041855588555336,0.692123293876648
uav_04,85.429148,-0.10613490883071279,34.37534241790097,7.819999694824219,0.7149296402931213,0.03388234227895737,-0.0384676419198513,0.6973147392272949
uav_04,85.529108,0.10613490883071279,34.37534241790097,7.819999694824219,0.7118074893951416,0.029397010803222656,-0.03428206220269203,0.7009212970733643
uav_04,85.629068,0.31840472512098583,34.38642766228007,7.819999694824219,0.7102603912353516,0.024676375091075897,-0.029018228873610497,0.7029076218605042
uav_04,85.729028,0.5306745414112589,34.40859815064445,7.819999694824219,0.7101908922195435,0.01962762139737606,-0.022934330627322197,0.7033616304397583
uav_04,85.828988,0.723647101425843,34.40859815064445,7.819999694824219,0.7113893628120422,0.01452783215790987,-0.016652122139930725,0.7024505734443665
uav_04,85.929781,0.906971033988159,34.419683395023554,7.819999694824219,0.7135453820228577,0.009878603741526604,-0.010604322887957096,0.7004591226577759
uav_04,86.029741,1.0902949665504749,34.43076863900884,7.819999694824219,0.716242790222168,0.005640676245093346,-0.0049981107003986835,0.6978104710578918
uav_04,86.129701,1.254321642837102,34.44185388338794,7.819999694824219,0.719119131565094,0.0013248203322291374,0.00038580899126827717,0.6948854923248291
uav_04,86.229661,1.418348319123729,34.44185388338794,7.819999694824219,0.7218283414840698,-0.0035262557212263346,0.005884581711143255,0.6920381188392639
uav_04,86.329621,1.5630777405058196,34.452939127767046,7.819999694824219,0.7240918874740601,-0.009016275405883789,0.011458151042461395,0.6895493865013123
uav_04,86.429581,1.7078071605167575,34.46402437175232,7.819999694824219,0.7257468104362488,-0.01418449729681015,0.01629422791302204,0.687622606754303
uav_04,86.529541,1.8235906967997386,34.46402437175232,7.819999694824219,0.7267357707023621,-0.01817559078335762,0.019708558917045593,0.686393678188324
uav_04,86.629501,1.9393742330827195,34.47510961613143,7.819999694824219,0.7270838618278503,-0.020763125270605087,0.021501511335372925,0.685897707939148
uav_04,86.729461,2.035860513090012,34.47510961613143,7.819999694824219,0.7268759608268738,-0.02202458865940571,0.02200884185731411,0.6860625147819519
uav_04,86.829421,2.1226981656450357,34.47510961613143,7.819999694824219,0.726219654083252,-0.022114086896181107,0.021703898906707764,0.6867640614509583
uav_04,86.929381,2.1902385619243705,34.48619486051054,7.819999694824219,0.7252530455589294,-0.021543553099036217,0.021110471338033676,0.6878213882446289
uav_04,87.029341,2.2577789582037053,34.48619486051054,7.819999694824219,0.7240179181098938,-0.02394097112119198,0.023752925917506218,0.6889562010765076
uav_04,87.129301,2.3060220982073516,34.48619486051054,7.809999465942383,0.7221823334693909,-0.038103971630334854,0.03855551779270172,0.6895754337310791
uav_04,87.229261,2.3542652382109974,34.48619486051054,7.809999465942383,0.7203802466392517,-0.049379412084817886,0.05034484714269638,0.6899850368499756
uav_04,87.329221,2.3639138656632657,34.48619486051054,7.809999465942383,0.7192606329917908,-0.052805595099925995,0.053963784128427505,0.6906255483627319
uav_04,87.429181,2.3735624944866864,34.48619486051054,7.809999465942383,0.7189640402793884,-0.04887283220887184,0.049893539398908615,0.6915293335914612
uav_04,87.529141,2.3735624944866864,34.48619486051054,7.809999465942383,0.7185530066490173,-0.050210922956466675,0.05117320269346237,0.691767156124115
uav_04,87.629101,2.3542652382109974,34.48619486051054,7.809999465942383,0.7185767292976379,-0.04940584674477577,0.049005281180143356,0.691957414150238
uav_04,87.729061,2.3156707256596194,34.48619486051054,7.809999465942383,0.7190927863121033,-0.04454043507575989,0.03975943103432655,0.6923444867134094
uav_04,87.829021,2.2770762144793943,34.48619486051054,7.809999465942383,0.7197564244270325,-0.03816347196698189,0.025238333269953728,0.6927173137664795
uav_04,87.929814,2.2384817019280163,34.497280104495815,7.809999465942383,0.720294177532196,-0.03313346207141876,0.008582179434597492,0.6928238272666931
uav_04,88.029774,2.1805899331009497,34.497280104495815,7.809999465942383,0.7206626534461975,-0.031030824407935143,-0.007086958270519972,0.6925548315048218
uav_04,88.129734,2.1323467930973035,34.50836534887492,7.809999465942383,0.7209688425064087,-0.0315173976123333,-0.019882043823599815,0.6919648051261902
uav_04,88.229694,2.0841036530936576,34.51945059325403,7.809999465942383,0.7213007807731628,-0.033447857946157455,-0.028861520811915398,0.6912115812301636
uav_04,88.329654,2.035860513090012,34.54162108161841,7.809999465942383,0.7216780781745911,-0.03551245853304863,-0.03443526476621628,0.6904591917991638
uav_04,88.429614,1.9876173730863658,34.57487681436189,7.809999465942383,0.7220257520675659,-0.03692210465669632,-0.03792472183704376,0.6898385882377625
uav_04,88.529574,1.949022860534988,34.61921779148449,7.809999465942383,0.7222614288330078,-0.03762349858880043,-0.04086173698306084,0.6893860697746277
uav_04,88.629534,1.9104283493547625,34.66355876821326,7.809999465942383,0.7223391532897949,-0.03787620738148689,-0.04410160332918167,0.689091145992279
uav_04,88.729494,1.8911310930790737,34.71898498971495,7.809999465942383,0.7223175168037415,-0.03830805793404579,-0.04790540039539337,0.6888359785079956
uav_04,88.829454,1.8428879530754274,34.78549645520193,7.809999465942383,0.7235440611839294,-0.04031144455075264,-0.05108185485005379,0.6872042417526245
uav_04,88.929414,1.8235906967997386,34.86309316506801,7.809999465942383,0.7296836376190186,-0.04420465975999832,-0.0525880791246891,0.6803250908851624
uav_04,89.029374,1.7946448130717816,34.94068987454026,7.799999237060547,0.74425208568573,-0.04839082807302475,-0.053205981850624084,0.6640152931213379
uav_04,89.129334,1.7656989279726718,35.02937182878545,7.799999237060547,0.7676075100898743,-0.05071079730987549,-0.05422477796673775,0.6366056799888611
uav_04,89.229294,1.7367530442447146,35.12913902701591,7.799999237060547,0.7978042960166931,-0.04992690309882164,-0.05638677254319191,0.5981940031051636
uav_04,89.329254,1.7174557879690258,35.22890622524638,7.799999237060547,0.8319908380508423,-0.04568567872047424,-0.06013381481170654,0.5496253371238708
uav_04,89.429214,1.7078071605167575,35.339758667462114,7.799999237060547,0.8671963214874268,-0.03849824145436287,-0.0653345063328743,0.49215829372406006
uav_04,89.529174,1.6692126479653797,35.46169635445079,7.799999237060547,0.9007852077484131,-0.029021885246038437,-0.07089237123727798,0.42745527625083923
uav_04,89.629134,1.649915391689691,35.594719285424745,7.799999237060547,0.9306902885437012,-0.017812596634030342,-0.07502837479114532,0.3575877845287323
uav_04,89.729094,1.6402667642374227,35.72774221639869,7.799999237060547,0.9554712772369385,-0.005743772257119417,-0.0762893334031105,0.28499406576156616
uav_04,89.829054,1.6306181367851544,35.87185039175175,7.799999237060547,0.9743475914001465,0.006198011338710785,-0.07408226281404495,0.21241508424282074
uav_04,89.929014,1.6209695079617337,36.02704381109008,7.799999237060547,0.9871429800987244,0.01813492178916931,-0.06832816451787949,0.14335675537586212
uav_04,90.029807,1.6209695079617337,36.16006674206404,7.799999237060547,0.9942817091941833,0.029860645532608032,-0.059561021625995636,0.08345507085323334
uav_04,90.129767,1.6209695079617337,36.31526016140237,7.799999237060547,0.9972269535064697,0.038983941078186035,-0.04925110563635826,0.03991253301501274
uav_04,90.229727,1.6402667642374227,36.45936833675543,7.799999237060547,0.9981821179389954,0.04346531629562378,-0.03906850516796112,0.014727446250617504
uav_04,90.329687,1.6595640205131115,36.61456175648759,7.790000915527344,0.9986152648925781,0.04245486110448837,-0.030259011313319206,0.00704049551859498
uav_04,90.429647,1.6885099042410687,36.76975517582592,7.790000915527344,0.9989771246910095,0.036851298063993454,-0.022253278642892838,0.013837126083672047
uav_04,90.529607,1.7174557879690258,36.90277810679988,7.790000915527344,0.9989873170852661,0.028241096064448357,-0.015048977918922901,0.03162689134478569
uav_04,90.629567,1.7560503005204038,37.024715793394726,7.790000915527344,0.9981523156166077,0.018572110682725906,-0.009263075888156891,0.057106953114271164
uav_04,90.729527,1.7946448130717816,37.1466534803834,7.790000915527344,0.9961275458335876,0.009972836822271347,-0.004494765307754278,0.0872366726398468
uav_04,90.829487,1.8235906967997386,37.26859116697824,7.790000915527344,0.9928690195083618,0.0035719883162528276,-4.4245502067497e-05,0.11915665864944458
uav_04,90.929447,1.8621852093511162,37.37944360958781,7.790000915527344,0.9886701703071594,7.199946412583813e-05,0.004141947254538536,0.1500472128391266
uav_04,91.029407,1.9007797205313417,37.479210807818276,7.799999237060547,0.9841544032096863,-0.0006976081640459597,0.007823568768799305,0.17713968455791473
uav_04,91.129367,1.9393742330827195,37.578978006048736,7.799999237060547,0.9800817370414734,0.0004987723659723997,0.011018733493983746,0.19828805327415466
uav_04,91.229327,1.9586714893584087,37.6787452042792,7.799999237060547,0.9771106243133545,0.0026606163010001183,0.013483956456184387,0.2122873067855835
uav_04,91.329287,1.9779687456340975,37.74525666976618,7.799999237060547,0.9756147265434265,0.0046035414561629295,0.015314819291234016,0.21890674531459808
uav_04,91.429247,2.0069146293620546,37.81176813525315,7.799999237060547,0.9756023287773132,0.006331284996122122,0.01797020435333252,0.21871693432331085
uav_04,91.529207,2.035860513090012,37.87827960074013,7.799999237060547,0.9764932990074158,0.009481972083449364,0.032817304134368896,0.21282367408275604
uav_04,91.629167,2.055157769365701,37.933705821848,7.799999237060547,0.9780691266059875,0.011511019431054592,0.046466220170259476,0.2027045339345932
uav_04,91.729127,2.0744550256413894,37.966961554591485,7.799999237060547,0.9802587628364563,0.011361761018633842,0.05281679704785347,0.1901947557926178
uav_04,91.829087,2.093752281917078,37.9891320433497,7.799999237060547,0.9828377962112427,0.009198288433253765,0.05075347051024437,0.17711378633975983
uav_04,91.929047,2.1226981656450357,38.01130253171408,7.799999237060547,0.984953761100769,0.007289055269211531,0.051161427050828934,0.1649104505777359
uav_04,92.029007,2.1323467930973035,38.01130253171408,7.799999237060547,0.9864992499351501,0.004502326715737581,0.0533357709646225,0.154771625995636
uav_04,92.1298,2.1516440493729925,38.01130253171408,7.799999237060547,0.9877954721450806,-0.0008728834800422192,0.04994181543588638,0.14753031730651855
uav_04,92.22976,2.1709413056486815,37.9891320433497,7.799999237060547,0.9887034893035889,-0.008539367467164993,0.04188782721757889,0.1436588615179062
uav_04,92.32972,2.1709413056486815,37.966961554591485,7.799999237060547,0.9890456795692444,-0.01769965887069702,0.0323045440018177,0.14293980598449707
uav_04,92.42968,2.1709413056486815,37.944791066227104,7.799999237060547,0.9887943267822266,-0.027184363454580307,0.023678699508309364,0.14486563205718994
uav_04,92.52964,2.1709413056486815,37.92262057786272,7.799999237060547,0.9880837202072144,-0.03558337315917015,0.0175528135150671,0.14871548116207123
uav_04,92.6296,2.1709413056486815,37.88936484511923,7.799999237060547,0.9871159195899963,-0.04208341985940933,0.01410924457013607,0.15372706949710846
uav_04,92.72956,2.1516440493729925,37.867194356361026,7.799999237060547,0.9860569834709167,-0.04677857458591461,0.012881201691925526,0.15917743742465973
uav_04,92.82952,2.1226981656450357,37.833938623617534,7.799999237060547,0.9850232005119324,-0.05023111402988434,0.012624031864106655,0.1644589900970459
uav_04,92.92948,2.093752281917078,37.81176813525315,7.799999237060547,0.9840847253799438,-0.05324295908212662,0.012541810981929302,0.16907131671905518
uav_04,93.02944,2.055157769365701,37.78959764688877,7.799999237060547,0.9832909107208252,-0.05640201270580292,0.01208163145929575,0.1726609617471695
uav_04,93.1294,2.0069146293620546,37.75634191414528,7.799999237060547,0.9826621413230896,-0.06018037348985672,0.011092948727309704,0.17501528561115265
uav_04,93.22936,1.9393742330827195,37.74525666976618,7.799999237060547,0.9823529124259949,-0.06428047269582748,0.010842982679605484,0.1753087341785431
uav_04,93.32932,1.8718338368033847,37.712000937022694,7.799999237060547,0.9830853343009949,-0.06788519769906998,0.012888613156974316,0.1696135252714157
uav_04,93.42928,1.7946448130717816,37.712000937022694,7.799999237060547,0.9856948852539062,-0.07038678973913193,0.016317853704094887,0.1522664725780487
uav_04,93.52924,1.7174557879690258,37.6787452042792,7.799999237060547,0.9899263978004456,-0.0720663070678711,0.018601924180984497,0.12044156342744827
uav_04,93.6292,1.6209695079617337,37.65657471591482,7.799999237060547,0.9943301677703857,-0.07343962043523788,0.017823539674282074,0.07480959594249725
uav_04,93.72916,1.5148346005021736,37.64548947153571,7.799999237060547,0.9969733357429504,-0.07459273189306259,0.013149715960025787,0.017527416348457336
uav_04,93.82912,1.4086996916714607,37.61223373879222,7.799999237060547,0.9959176778793335,-0.07584290951490402,0.004630622453987598,-0.04872777685523033
uav_04,93.92908,1.2929161553884796,37.59006325042784,7.799999237060547,0.9895727634429932,-0.0776718407869339,-0.006773351691663265,-0.1211070567369461
uav_04,94.02904,1.1771326191054987,37.578978006048736,7.799999237060547,0.9770137667655945,-0.07969794422388077,-0.01959856040775776,-0.19674403965473175
uav_04,94.129,1.0324031990945606,37.54572227330525,7.799999237060547,0.9580788612365723,-0.08132422715425491,-0.032243989408016205,-0.2728213965892792
uav_04,94.229793,0.8876737777124699,37.523551784940864,7.799999237060547,0.9332394003868103,-0.08150303363800049,-0.043656717985868454,-0.3471534550189972
uav_04,94.329753,0.7332957302492639,37.51246654056176,7.799999237060547,0.9043889045715332,-0.07911757379770279,-0.05304791405797005,-0.41594111919403076
uav_04,94.429713,0.5789176814149049,37.51246654056176,7.799999237060547,0.8731244802474976,-0.07412867993116379,-0.06012459471821785,-0.47806236147880554
uav_04,94.529673,0.41489100512827787,37.51246654056176,7.799999237060547,0.8410802483558655,-0.0674920529127121,-0.06481754779815674,-0.53275465965271
uav_04,94.629633,0.23156707256596198,37.51246654056176,7.799999237060547,0.8094161748886108,-0.060947153717279434,-0.067545086145401,-0.5801452398300171
uav_04,94.729593,0.06754039627933495,37.51246654056176,7.799999237060547,0.7787409424781799,-0.05597276613116264,-0.06886252015829086,-0.621037483215332
uav_04,94.829553,-0.11578353628298099,37.51246654056176,7.799999237060547,0.7492513656616211,-0.05283549800515175,-0.06978373229503632,-0.6564761996269226
uav_04,94.929513,-0.31840472512098583,37.51246654056176,7.799999237060547,0.722186267375946,-0.050088390707969666,-0.07213066518306732,-0.6861015558242798
uav_04,95.029473,-0.51137728513557,37.523551784940864,7.799999237060547,0.7002072930335999,-0.04694866016507149,-0.07545312494039536,-0.7083871960639954
uav_04,95.129433,-0.7139984739735747,37.54572227330525,7.799999237060547,0.6853086352348328,-0.04397427290678024,-0.07839495688676834,-0.7226843237876892
uav_04,95.229393,-0.9166196628115797,37.556807517684355,7.799999237060547,0.6780127882957458,-0.04227975755929947,-0.07980144768953323,-0.7294811606407166
uav_04,95.329353,-1.1095922228261639,37.578978006048736,7.799999237060547,0.6776357889175415,-0.04262201115489006,-0.07900433242321014,-0.72989821434021
uav_04,95.429313,-1.3315106679398576,37.61223373879222,7.799999237060547,0.6827731728553772,-0.045243039727211,-0.07621049880981445,-0.7252349853515625
uav_04,95.529273,-1.5437804842301306,37.64548947153571,7.799999237060547,0.6917049288749695,-0.04999133571982384,-0.07189496606588364,-0.7168516516685486
uav_04,95.629233,-1.7560503005204038,37.65657471591482,7.799999237060547,0.7026974558830261,-0.055826447904109955,-0.06684458255767822,-0.7061384916305542
uav_04,95.729193,-1.9876173730863658,37.689830448658306,7.799999237060547,0.7140467166900635,-0.06170879304409027,-0.061808135360479355,-0.6946287155151367
uav_04,95.829153,-2.2095358182000595,37.712000937022694,7.799999237060547,0.7242521643638611,-0.06667124480009079,-0.05750789865851402,-0.6838907599449158
uav_04,95.929113,-2.4314542619426005,37.74525666976618,7.799999237060547,0.7322584986686707,-0.06966869533061981,-0.05421023070812225,-0.6752814054489136
uav_04,96.029073,-2.6630213345085627,37.75634191414528,7.799999237060547,0.737476646900177,-0.07007983326911926,-0.05165068805217743,-0.6697381138801575
uav_04,96.129033,-2.8945884070745245,37.77851240250967,7.799999237060547,0.7397018671035767,-0.06796901673078537,-0.049512140452861786,-0.6676599979400635
uav_04,96.228993,-3.1261554796404867,37.78959764688877,7.799999237060547,0.7390521764755249,-0.0640236958861351,-0.047818150371313095,-0.6688917875289917
uav_04,96.329786,-3.3577225522064484,37.80068289087405,7.799999237060547,0.7358731627464294,-0.059102632105350494,-0.04645588994026184,-0.6729334592819214
uav_04,96.429746,-3.5892896247724106,37.81176813525315,7.799999237060547,0.7308410406112671,-0.05379296466708183,-0.04524786397814751,-0.6789184808731079
uav_04,96.529706,-3.811208069886104,37.81176813525315,7.799999237060547,0.7246745824813843,-0.04839812219142914,-0.04381741210818291,-0.6859915256500244
uav_04,96.629666,-4.042775142452066,37.82285337963226,7.799999237060547,0.7181345820426941,-0.04326440766453743,-0.04190618917346001,-0.6932927370071411
uav_04,96.729626,-4.274342215018028,37.833938623617534,7.799999237060547,0.7119342684745789,-0.03840140998363495,-0.03939304128289223,-0.7000879645347595
uav_04,96.829586,-4.496260660131722,37.84502386799664,7.809999465942383,0.7066688537597656,-0.03352409973740578,-0.03628189116716385,-0.7058179378509521
uav_04,96.929546,-4.718179103874263,37.84502386799664,7.809999465942383,0.7027263641357422,-0.028553776443004608,-0.0322866328060627,-0.7101534605026245
uav_04,97.029506,-4.9208002927122685,37.85610911237574,7.809999465942383,0.7002930641174316,-0.023139754310250282,-0.026808790862560272,-0.7129764556884766
uav_04,97.129466,-5.13307010900254,37.85610911237574,7.809999465942383,0.6993843913078308,-0.0176317747682333,-0.020360959693789482,-0.7142380475997925
uav_04,97.229426,-5.335691297840547,37.867194356361026,7.809999465942383,0.6998939514160156,-0.012574587017297745,-0.013627173379063606,-0.7140060067176819
uav_04,97.329386,-5.519015230402863,37.87827960074013,7.809999465942383,0.7015472054481506,-0.007952614687383175,-0.007109337020665407,-0.7125431299209595
uav_04,97.429346,-5.702339162965178,37.87827960074013,7.809999465942383,0.7039826512336731,-0.0035750013776123524,-0.001161846681497991,-0.7102072238922119
uav_04,97.529306,-5.866365839251804,37.88936484511923,7.809999465942383,0.706807553768158,0.001158911851234734,0.004621690604835749,-0.7073898315429688
uav_04,97.629266,-6.020743888086164,37.88936484511923,7.809999465942383,0.7096334099769592,0.006592645309865475,0.010550757870078087,-0.7044612169265747
uav_04,97.729226,-6.165473308097102,37.88936484511923,7.809999465942383,0.712144136428833,0.012304991483688354,0.01594468578696251,-0.7017443180084229
uav_04,97.829186,-6.300554100655772,37.90045008910451,7.809999465942383,0.7141435742378235,0.017206760123372078,0.02017250470817089,-0.6994969248771667
uav_04,97.929146,-6.416337636938754,37.90045008910451,7.809999465942383,0.7155244946479797,0.020494244992733,0.02297484688460827,-0.697908878326416
uav_04,98.029106,-6.522472544398313,37.90045008910451,7.809999465942383,0.7162530422210693,0.022213861346244812,0.024173574522137642,-0.69706791639328
uav_04,98.129066,-6.618958825776757,37.90045008910451,7.809999465942383,0.7163753509521484,0.02261943928897381,0.024374546483159065,-0.696922242641449
uav_04,98.229026,-6.69614784950836,37.90045008910451,7.809999465942383,0.7159814238548279,0.021982302889227867,0.02399643138051033,-0.6973603963851929
uav_04,98.329819,-6.763688245787695,37.90045008910451,7.809999465942383,0.71517014503479,0.021034084260463715,0.02357730083167553,-0.6982358694076538
uav_04,98.429779,-6.82158001324361,37.90045008910451,7.809999465942383,0.7141063213348389,0.02005620300769806,0.02313820645213127,-0.6993672251701355
uav_04,98.529739,-6.860174525794987,37.90045008910451,7.809999465942383,0.712935745716095,0.01929347962141037,0.022813260555267334,-0.700592577457428
uav_04,98.629699,-6.908417665798633,37.90045008910451,7.809999465942383,0.7118095755577087,0.01868651993572712,0.022439252585172653,-0.7017651796340942
uav_04,98.729659,-6.947012178350012,37.90045008910451,7.799999237060547,0.7108473777770996,0.018153557553887367,0.022087201476097107,-0.7027649879455566
uav_04,98.829619,-6.9663094346257015,37.90045008910451,7.790000915527344,0.7101398706436157,0.017423944547772408,0.021656543016433716,-0.7035117149353027
uav_04,98.929579,-6.975958062077969,37.90045008910451,7.770000457763672,0.7097241282463074,0.016635946929454803,0.021235546097159386,-0.7039629817008972
uav_04,99.029539,-6.995255318353658,37.90045008910451,7.75,0.7095996141433716,0.015869570896029472,0.020640933886170387,-0.7041239142417908
uav_04,99.129499,-7.004903945805926,37.90045008910451,7.719999313354492,0.7097252607345581,0.015334260649979115,0.019783442839980125,-0.7040337324142456
uav_04,99.229459,-7.004903945805926,37.88936484511923,7.680000305175781,0.7100616097450256,0.014770017936825752,0.018785007297992706,-0.7037339210510254
uav_04,99.329419,-7.004903945805926,37.88936484511923,7.6399993896484375,0.7105337381362915,0.014008237980306149,0.017641330137848854,-0.7033025026321411
uav_04,99.429379,-6.995255318353658,37.88936484511923,7.600000381469727,0.7110648155212402,0.012982992455363274,0.016282549127936363,-0.702817976474762
uav_04,99.529339,-6.995255318353658,37.87827960074013,7.540000915527344,0.7115880846977234,0.011770645156502724,0.014820486307144165,-0.7023419737815857
uav_04,99.629299,-6.975958062077969,37.87827960074013,7.489999771118164,0.7120466828346252,0.010447712615132332,0.013363058678805828,-0.7019271850585938
uav_04,99.729259,-6.9663094346257015,37.87827960074013,7.430000305175781,0.712405264377594,0.009014046750962734,0.01201547123491764,-0.7016075253486633
uav_04,99.829219,-6.947012178350012,37.867194356361026,7.379999160766602,0.7126412987709045,0.007589071057736874,0.010654641315340996,-0.7014065980911255
uav_04,99.929179,-6.9277149220743235,37.867194356361026,7.319999694824219,0.7127520442008972,0.006400165613740683,0.009253445081412792,-0.7013258337974548
uav_04,100.029139,-6.918066294622054,37.867194356361026,7.260000228881836,0.7127510905265808,0.005260355770587921,0.007881758734583855,-0.7013530135154724
uav_04,100.129099,-6.898769038346366,37.85610911237574,7.209999084472656,0.7126542925834656,0.004115456715226173,0.0065866997465491295,-0.7014724016189575
uav_04,100.229059,-6.879471782070676,37.85610911237574,7.149999618530273,0.7124907374382019,0.003062902018427849,0.005496453493833542,-0.7016533017158508
uav_04,100.329019,-6.860174525794987,37.84502386799664,7.100000381469727,0.7122958898544312,0.0023283304180949926,0.0045814174227416515,-0.7018604874610901
uav_04,100.429812,-6.840877269519298,37.84502386799664,7.040000915527344,0.7120819687843323,0.001755683682858944,0.0038592631462961435,-0.7020835280418396
uav_04,100.529772,-6.82158001324361,37.84502386799664,6.989999771118164,0.711884081363678,0.001152698416262865,0.0032201504800468683,-0.7022886276245117
uav_04,100.629732,-6.792634129515653,37.833938623617534,6.940000534057617,0.7117335796356201,0.0005397175555117428,0.002453851979225874,-0.7024449706077576
uav_04,100.729692,-6.782985502063385,37.833938623617534,6.8899993896484375,0.7116341590881348,-5.496245648828335e-05,0.001407669740729034,-0.7025488018989563
uav_04,100.829652,-6.773336873239964,37.82285337963226,6.840000152587891,0.7115800976753235,-0.0006809738697484136,0.0004901379579678178,-0.7026044726371765
uav_04,100.929612,-6.744390989512007,37.82285337963226,6.790000915527344,0.7115760445594788,-0.0010413251584395766,-0.00022646179422736168,-0.7026082277297974
uav_04,101.029572,-6.744390989512007,37.81176813525315,6.739999771118164,0.7116084098815918,-0.0013417870504781604,-0.0007530285511165857,-0.7025746703147888
uav_04,101.129532,-6.725093733236318,37.81176813525315,6.690000534057617,0.7116656303405762,-0.001690661651082337,-0.0011375679168850183,-0.7025153636932373
uav_04,101.229492,-6.71544510578405,37.81176813525315,6.6399993896484375,0.711745023727417,-0.002078481949865818,-0.0014547553146257997,-0.7024332880973816
uav_04,101.329452,-6.7057964769606295,37.80068289087405,6.590000152587891,0.7118353843688965,-0.0023925292771309614,-0.0016415613936260343,-0.7023403644561768
uav_04,101.429412,-6.69614784950836,37.80068289087405,6.540000915527344,0.7119241952896118,-0.002695651026442647,-0.0018095832783728838,-0.7022488117218018
uav_04,101.529372,-6.676850593232673,37.80068289087405,6.489999771118164,0.7120087146759033,-0.0029451358132064342,-0.0019038885366171598,-0.7021619081497192
uav_04,101.629332,-6.676850593232673,37.78959764688877,6.440000534057617,0.7120809555053711,-0.0030552169773727655,-0.0019453468266874552,-0.7020880579948425
uav_04,101.729292,-6.676850593232673,37.78959764688877,6.3899993896484375,0.7121329307556152,-0.0030078140553086996,-0.0020810416899621487,-0.702035129070282
uav_04,101.829252,-6.667201965780403,37.78959764688877,6.350000381469727,0.7121605277061462,-0.0029212860390543938,-0.002209404017776251,-0.7020071148872375
uav_04,101.929212,-6.667201965780403,37.78959764688877,6.299999237060547,0.7121546268463135,-0.002899798797443509,-0.0022052996791899204,-0.7020131945610046
uav_04,102.029172,-6.667201965780403,37.77851240250967,6.25,0.7121171951293945,-0.0028025032952427864,-0.0021190287079662085,-0.7020517587661743
uav_04,102.129132,-6.657553336956982,37.77851240250967,6.200000762939453,0.7120658755302429,-0.0026138543616980314,-0.0020629840437322855,-0.7021047472953796
uav_04,102.229092,-6.657553336956982,37.77851240250967,6.149999618530273,0.7120115756988525,-0.0023850949946790934,-0.001959018874913454,-0.7021609544754028
uav_04,102.329052,-6.657553336956982,37.77851240250967,6.100000381469727,0.7119560837745667,-0.0021721776574850082,-0.0017851239535957575,-0.7022183537483215
uav_04,102.429012,-6.657553336956982,37.77851240250967,6.049999237060547,0.711901068687439,-0.001998990075662732,-0.0016809606458991766,-0.7022749185562134
uav_04,102.529805,-6.657553336956982,37.77851240250967,6.0,0.7118496298789978,-0.0018928170902654529,-0.0016786230262368917,-0.702327311038971
uav_04,102.629765,-6.657553336956982,37.77851240250967,5.950000762939453,0.7118015885353088,-0.0019070070702582598,-0.0016921135829761624,-0.7023760080337524
uav_04,102.729725,-6.667201965780403,37.77851240250967,5.899999618530273,0.7117639780044556,-0.0018496032571420074,-0.001745140296407044,-0.7024140954017639
uav_04,102.829685,-6.667201965780403,37.77851240250967,5.850000381469727,0.7117581963539124,-0.0017270689131692052,-0.001734129386022687,-0.7024202942848206
uav_04,102.929645,-6.667201965780403,37.75634191414528,5.809999465942383,0.7117751836776733,-0.0015544805210083723,-0.001717685954645276,-0.7024035453796387
uav_04,103.029605,-6.667201965780403,37.75634191414528,5.760000228881836,0.7117937803268433,-0.0013823813060298562,-0.0016849430976435542,-0.7023851275444031
uav_04,103.129565,-6.676850593232673,37.75634191414528,5.709999084472656,0.7118164300918579,-0.0012646883260458708,-0.0016418809536844492,-0.7023624777793884
uav_04,103.229525,-6.676850593232673,37.75634191414528,5.659999847412109,0.7118430733680725,-0.0013494889717549086,-0.0014008852886036038,-0.7023358941078186
uav_04,103.329485,-6.676850593232673,37.75634191414528,5.6100006103515625,0.7118738889694214,-0.001558115123771131,-0.0010360291926190257,-0.7023048400878906
uav_04,103.429445,-6.676850593232673,37.75634191414528,5.559999465942383,0.7118997573852539,-0.0015970608219504356,-0.0006478154100477695,-0.7022789716720581
uav_04,103.529405,-6.676850593232673,37.75634191414528,5.510000228881836,0.7119162678718567,-0.001436470658518374,-0.0003609292907640338,-0.7022627592086792
uav_04,103.629365,-6.676850593232673,37.74525666976618,5.459999084472656,0.711928129196167,-0.0012678413186222315,-0.00034983098157681525,-0.7022510766983032
uav_04,103.729325,-6.676850593232673,37.74525666976618,5.409999847412109,0.7119331955909729,-0.0008581724250689149,-0.0004990989109501243,-0.7022464871406555
uav_04,103.829285,-6.69614784950836,37.74525666976618,5.3600006103515625,0.7119369506835938,-0.0004590029420796782,-0.0006455859402194619,-0.7022429704666138
uav_04,103.929245,-6.69614784950836,37.74525666976618,5.319999694824219,0.7119331359863281,-0.00020108729950152338,-0.0006969060632400215,-0.702246904373169
uav_04,104.029205,-6.69614784950836,37.74525666976618,5.270000457763672,0.7119200229644775,-0.00028866465436294675,-0.000628974346909672,-0.7022601962089539
uav_04,104.129165,-6.7057964769606295,37.74525666976618,5.219999313354492,0.711905300617218,-0.00044424974475987256,-0.000684288504999131,-0.7022750377655029
uav_04,104.229125,-6.7057964769606295,37.74525666976618,5.170000076293945,0.7118910551071167,-0.0006583118229173124,-0.0005921729607507586,-0.7022894024848938
uav_04,104.329085,-6.7057964769606295,37.74525666976618,5.120000839233398,0.7118895649909973,-0.000710215128492564,-0.00030087080085650086,-0.702290952205658
uav_04,104.429045,-6.71544510578405,37.74525666976618,5.069999694824219,0.7118942141532898,-0.0006624954403378069,-0.00014665279013570398,-0.7022863626480103
uav_04,104.529005,-6.71544510578405,37.74525666976618,5.020000457763672,0.7119020819664001,-0.0005246601067483425,-3.379795452929102e-05,-0.7022785544395447
uav_04,104.629798,-6.71544510578405,37.74525666976618,4.969999313354492,0.7119098901748657,-0.0003757584490813315,7.735572580713779e-05,-0.7022707462310791
uav_04,104.729758,-6.725093733236318,37.74525666976618,4.920000076293945,0.7119196653366089,-0.00018437961989548057,0.0001577420043759048,-0.7022609114646912
uav_04,104.829718,-6.725093733236318,37.74525666976618,4.870000839233398,0.7119297981262207,1.339777918474283e-05,0.00023847077682148665,-0.7022505402565002
uav_04,104.929678,-6.725093733236318,37.74525666976618,4.819999694824219,0.7119355201721191,0.00027021593996323645,0.0003349862527102232,-0.7022446393966675
uav_04,105.029638,-6.725093733236318,37.74525666976618,4.770000457763672,0.7119321227073669,0.00040153873851522803,0.0003003967576660216,-0.7022480964660645
uav_04,105.129598,-6.7347423620597375,37.74525666976618,4.719999313354492,0.7119262218475342,0.000272262841463089,0.00018643337534740567,-0.7022542357444763
uav_04,105.229558,-6.7347423620597375,37.74525666976618,4.680000305175781,0.7119178771972656,-0.000211653983569704,-0.0002224824420409277,-0.7022626399993896
uav_04,105.329518,-6.7347423620597375,37.74525666976618,4.629999160766602,0.7119026780128479,-0.0005483670393005013,-0.0005295068840496242,-0.702277660369873
uav_04,105.429478,-6.7347423620597375,37.74525666976618,4.579999923706055,0.7118808627128601,-0.0006860806024633348,-0.0004468406259547919,-0.7022997736930847
uav_04,105.529438,-6.7347423620597375,37.74525666976618,4.530000686645508,0.7118642926216125,-0.0006344063440337777,-0.00017423584358766675,-0.7023167014122009
uav_04,105.629398,-6.7347423620597375,37.74525666976618,4.479999542236328,0.7118614912033081,-0.00029254789114929736,0.0002065805165329948,-0.7023197412490845
uav_04,105.729358,-6.744390989512007,37.74525666976618,4.430000305175781,0.7118626236915588,-3.1386484806716908e-06,0.0005486513255164027,-0.702318549156189
uav_04,105.829318,-6.744390989512007,37.74525666976618,4.379999160766602,0.7118719220161438,-3.3449832699261606e-05,0.000754952838178724,-0.7023088932037354
uav_04,105.929278,-6.744390989512007,37.74525666976618,4.329999923706055,0.7118832468986511,-0.00011901988909812644,0.0008104780572466552,-0.7022973299026489
uav_04,106.029238,-6.744390989512007,37.74525666976618,4.290000915527344,0.7118990421295166,-0.00018789878231473267,0.0008342586806975305,-0.7022812962532043
uav_04,106.129198,-6.744390989512007,37.74525666976618,4.239999771118164,0.7119126915931702,-0.0001744584587868303,0.0008542283321730793,-0.7022674679756165
uav_04,106.229158,-6.744390989512007,37.74525666976618,4.190000534057617,0.7119225859642029,-0.0003074196574743837,0.0008686567307449877,-0.7022573351860046
uav_04,106.329118,-6.744390989512007,37.74525666976618,4.1399993896484375,0.7119300961494446,-0.0005455001373775303,0.000875673780683428,-0.7022495865821838
uav_04,106.429078,-6.744390989512007,37.74525666976618,4.090000152587891,0.7119311690330505,-0.0007022959762252867,0.0007005786756053567,-0.7022485733032227
uav_04,106.529038,-6.744390989512007,37.74525666976618,4.040000915527344,0.7119269371032715,-0.0007024656515568495,0.0004242837894707918,-0.7022530436515808
uav_04,106.628998,-6.744390989512007,37.74525666976618,3.989999771118164,0.7119308114051819,-0.000984645215794444,0.0003102297487203032,-0.7022488713264465
uav_04,106.729791,-6.744390989512007,37.74525666976618,3.9499998092651367,0.7119308114051819,-0.001139284810051322,0.00015869256458245218,-0.7022486329078674
uav_04,106.829751,-6.744390989512007,37.7230861814018,3.8999996185302734,0.7119287848472595,-0.0011658271541818976,2.7212145141675137e-05,-0.7022506594657898
uav_04,106.929711,-6.744390989512007,37.7230861814018,3.8500003814697266,0.7119250893592834,-0.0010362265165895224,-3.7041792211311986e-07,-0.7022546529769897
uav_04,107.029671,-6.744390989512007,37.7230861814018,3.8000001907348633,0.7119162082672119,-0.0008786632679402828,-4.47891179646831e-05,-0.7022638916969299
uav_04,107.129631,-6.744390989512007,37.7230861814018,3.75,0.7119044661521912,-0.0006171884015202522,-0.00020283431513234973,-0.7022759914398193
uav_04,107.229591,-6.744390989512007,37.7230861814018,3.6999998092651367,0.7118942141532898,-0.0004820490430574864,-0.00021645217202603817,-0.7022864818572998
uav_04,107.329551,-6.744390989512007,37.7230861814018,3.6599998474121094,0.711883008480072,-0.0003832141519524157,-3.816165917669423e-05,-0.7022979259490967
uav_04,107.429511,-6.744390989512007,37.7230861814018,3.609999656677246,0.7118687033653259,-0.0003286855644546449,0.00010010473488364369,-0.7023124098777771
uav_04,107.529471,-6.744390989512007,37.7230861814018,3.560000419616699,0.7118584513664246,-0.00018103393085766584,0.00012482480087783188,-0.7023229002952576
uav_04,107.629431,-6.744390989512007,37.7230861814018,3.510000228881836,0.7118520140647888,-3.98788288293872e-05,0.0001184265929623507,-0.7023294568061829
uav_04,107.729391,-6.744390989512007,37.7230861814018,3.4600000381469727,0.7118486166000366,4.985851046512835e-05,4.295576218282804e-05,-0.7023329138755798
uav_04,107.829351,-6.744390989512007,37.7230861814018,3.4099998474121094,0.7118473052978516,0.0001176767545985058,-9.076445712707937e-05,-0.7023342251777649
uav_04,107.929311,-6.744390989512007,37.7230861814018,3.369999885559082,0.7118524312973022,0.00012492660607676953,-0.00019008215167559683,-0.7023289799690247
uav_04,108.029271,-6.744390989512007,37.7230861814018,3.3199996948242188,0.7118608951568604,2.067841705866158e-05,-0.00031734316144138575,-0.702320396900177
uav_04,108.129231,-6.744390989512007,37.7230861814018,3.270000457763672,0.7118691205978394,9.895925904856995e-05,-0.000490918115247041,-0.7023119926452637
uav_04,108.229191,-6.744390989512007,37.7230861814018,3.2200002670288086,0.7118754982948303,9.804164437809959e-05,-0.0006506931968033314,-0.7023053765296936
uav_04,108.329151,-6.744390989512007,37.7230861814018,3.1700000762939453,0.7118808627128601,0.00012764822167810053,-0.0006557540618814528,-0.702299952507019
uav_04,108.429111,-6.744390989512007,37.7230861814018,3.119999885559082,0.711880624294281,0.00013801704335492104,-0.0003175900783389807,-0.7023003697395325
uav_04,108.529071,-6.744390989512007,37.7230861814018,3.0799999237060547,0.7118839025497437,7.625165744684637e-05,4.032263677800074e-05,-0.7022972106933594
uav_04,108.629031,-6.744390989512007,37.7230861814018,3.0299997329711914,0.7118897438049316,3.1380342988995835e-05,0.00022912737040314823,-0.7022911906242371
uav_04,108.728991,-6.744390989512007,37.7230861814018,2.979999542236328,0.7119021415710449,0.00013374317495618016,0.00025869961245916784,-0.7022786140441895
uav_04,108.829784,-6.744390989512007,37.7230861814018,2.9300003051757812,0.7119104862213135,0.0001562466932227835,0.00026297327713109553,-0.7022701501846313
uav_04,108.929744,-6.744390989512007,37.7230861814018,2.880000114440918,0.7119063138961792,0.00018944482144434005,0.00024387169105466455,-0.7022743821144104
uav_04,109.029704,-6.744390989512007,37.7230861814018,2.8299999237060547,0.7118940949440002,0.00010836570436367765,0.00010885460505960509,-0.7022868394851685
uav_04,109.129664,-6.744390989512007,37.7230861814018,2.7799997329711914,0.7118825912475586,7.071408617775887e-05,-6.897610001033172e-05,-0.7022984623908997
uav_04,109.229624,-6.744390989512007,37.7230861814018,2.739999771118164,0.7118681073188782,-6.339714309433475e-05,-0.0002229120145784691,-0.7023131251335144
uav_04,109.329584,-6.744390989512007,37.7230861814018,2.689999580383301,0.7118514776229858,-0.00018199456098955125,-0.0002590702788438648,-0.7023299336433411
uav_04,109.429544,-6.763688245787695,37.7230861814018,2.640000343322754,0.7118342518806458,-0.00021413953800220042,-0.0002308233524672687,-0.7023473978042603
uav_04,109.529504,-6.763688245787695,37.7230861814018,2.5900001525878906,0.7118295431137085,-8.682202314957976e-05,-5.158841304364614e-05,-0.7023522257804871
uav_04,109.629464,-6.763688245787695,37.7230861814018,2.5399999618530273,0.7118274569511414,-7.40795221645385e-05,0.0001237280375789851,-0.702354371547699
uav_04,109.729424,-6.763688245787695,37.7230861814018,2.489999771118164,0.7118245363235474,-1.5300152881536633e-05,0.0003109683166258037,-0.7023572325706482
uav_04,109.829384,-6.763688245787695,37.7230861814018,2.439999580383301,0.7118227481842041,2.3092976334737614e-05,0.00043870622175745666,-0.7023590207099915
uav_04,109.929344,-6.763688245787695,37.7230861814018,2.3999996185302734,0.7118242383003235,0.00018064476898871362,0.00028517807368189096,-0.7023575901985168
uav_04,110.029304,-6.763688245787695,37.7230861814018,2.3500003814697266,0.7118225693702698,0.0002471917250659317,7.133210601750761e-05,-0.7023592591285706
uav_04,110.129264,-6.763688245787695,37.7230861814018,2.3000001907348633,0.7118196487426758,0.00026944256387650967,-8.033479389268905e-05,-0.7023622393608093
uav_04,110.229224,-6.763688245787695,37.7230861814018,2.25,0.7118080854415894,0.00016000325558707118,-0.00013457296881824732,-0.7023739814758301
uav_04,110.329184,-6.763688245787695,37.7230861814018,2.1999998092651367,0.7117900252342224,0.00013544733519665897,-0.00010505049431230873,-0.7023922801017761
uav_04,110.429144,-6.763688245787695,37.7230861814018,2.1499996185302734,0.7117695212364197,0.00020403802045620978,1.780327693268191e-05,-0.702413022518158
uav_04,110.529104,-6.763688245787695,37.7230861814018,2.109999656677246,0.7117538452148438,0.00031607208075001836,0.00018346542492508888,-0.7024288773536682
uav_04,110.629064,-6.763688245787695,37.7230861814018,2.060000419616699,0.7117385864257812,0.0004239506961312145,0.00034438143484294415,-0.7024441957473755
uav_04,110.729024,-6.763688245787695,37.7230861814018,2.010000228881836,0.7117236256599426,0.0005283337086439133,0.0005011855973862112,-0.7024592161178589
uav_04,110.829817,-6.763688245787695,37.7230861814018,1.9600000381469727,0.7117112278938293,0.0005782015505246818,0.0006060423329472542,-0.7024716138839722
uav_04,110.929777,-6.763688245787695,37.7230861814018,1.9099998474121094,0.7117068767547607,0.0006378568941727281,0.00048905482981354,-0.7024760842323303
uav_04,111.029737,-6.763688245787695,37.7230861814018,1.859999656677246,0.7117134928703308,0.0006263562827371061,0.00033879702095873654,-0.7024694681167603
uav_04,111.129697,-6.763688245787695,37.7230861814018,1.8199996948242188,0.7117243409156799,0.0006351358024403453,0.00022360877483151853,-0.7024585604667664
uav_04,111.229657,-6.763688245787695,37.7230861814018,1.7700004577636719,0.7117404937744141,0.0006487845676019788,8.380246435990557e-05,-0.7024422287940979
uav_04,111.329617,-6.763688245787695,37.7230861814018,1.7200002670288086,0.7117612361907959,0.0008038144442252815,-0.00012737508222926408,-0.7024210095405579
uav_04,111.429577,-6.763688245787695,37.7230861814018,1.6700000762939453,0.7117826342582703,0.000938856159336865,-0.00031226352439261973,-0.7023990750312805
uav_04,111.529537,-6.763688245787695,37.7230861814018,1.619999885559082,0.7118036150932312,0.0010267120087519288,-0.0002440827083773911,-0.7023777365684509
uav_04,111.629497,-6.763688245787695,37.7230861814018,1.5699996948242188,0.7118221521377563,0.0010979658691212535,-7.199702668003738e-05,-0.7023589015007019
uav_04,111.729457,-6.763688245787695,37.7230861814018,1.5299997329711914,0.71183842420578,0.001143615460023284,0.00014509078755509108,-0.7023422718048096
uav_04,111.829417,-6.763688245787695,37.7230861814018,1.4799995422363281,0.7118508219718933,0.0010293824598193169,0.00042695808224380016,-0.7023298144340515
uav_04,111.929377,-6.763688245787695,37.7230861814018,1.4300003051757812,0.7118604183197021,0.0008578693959861994,0.0005038634990341961,-0.7023202776908875
uav_04,112.029337,-6.763688245787695,37.7230861814018,1.380000114440918,0.7118646502494812,0.0005971893551759422,0.00042030340409837663,-0.7023163437843323
uav_04,112.129297,-6.763688245787695,37.7230861814018,1.3299999237060547,0.7118619084358215,0.0006416594842448831,0.0002697829913813621,-0.7023190855979919
uav_04,112.229257,-6.744390989512007,37.7230861814018,1.2899999618530273,0.7118484377861023,0.0005866236751899123,9.922069148160517e-05,-0.7023327946662903
uav_04,112.329217,-6.744390989512007,37.7230861814018,1.239999771118164,0.7118223309516907,0.000464121054392308,-8.696553413756192e-05,-0.7023593783378601
uav_04,112.429177,-6.744390989512007,37.7230861814018,1.1899995803833008,0.7117844820022583,0.00021356951037887484,-0.0002121205470757559,-0.7023978233337402
uav_04,112.529137,-6.744390989512007,37.7230861814018,1.140000343322754,0.7117506861686707,3.9288250263780355e-05,-0.0002604613546282053,-0.7024320960044861
uav_04,112.629097,-6.744390989512007,37.7230861814018,1.0900001525878906,0.7117265462875366,-4.280836947145872e-05,-0.00019077434262726456,-0.7024565935134888
uav_04,112.729057,-6.744390989512007,37.7230861814018,1.0500001907348633,0.7117084264755249,-6.498581205960363e-05,-7.195890066213906e-05,-0.7024749517440796
uav_04,112.829017,-6.744390989512007,37.7230861814018,1.0,0.7116977572441101,-6.065310662961565e-05,3.6050769267603755e-05,-0.7024857997894287
uav_04,112.92981,-6.744390989512007,37.7230861814018,0.9499998092651367,0.7116963863372803,-5.230580427451059e-05,3.7183097447268665e-05,-0.7024871706962585
uav_04,113.02977,-6.744390989512007,37.7230861814018,0.8999996185302734,0.7117007374763489,-0.00017271035176236182,-1.3603338629764039e-05,-0.7024828195571899
uav_04,113.12973,-6.744390989512007,37.7230861814018,0.8500003814697266,0.7117077112197876,-0.0002146359474863857,-3.256573836551979e-05,-0.7024757266044617
uav_04,113.22969,-6.744390989512007,37.7230861814018,0.8000001907348633,0.7117258906364441,-0.0002341184881515801,-0.0002813691389746964,-0.7024571895599365
uav_04,113.32965,-6.744390989512007,37.7230861814018,0.7600002288818359,0.7117501497268677,-9.481792221777141e-05,-0.0004691674839705229,-0.7024325132369995
uav_04,113.42961,-6.744390989512007,37.7230861814018,0.7100000381469727,0.71177738904953,9.986539953388274e-05,-0.0005867080762982368,-0.7024048566818237
uav_04,113.52957,-6.744390989512007,37.7230861814018,0.6599998474121094,0.7117980122566223,0.00032169363112188876,-0.00048563783639110625,-0.7023839950561523
uav_04,113.62953,-6.744390989512007,37.7230861814018,0.6099996566772461,0.7118032574653625,0.0002579068241175264,-0.00019680614059325308,-0.7023788094520569
uav_04,113.72949,-6.744390989512007,37.7230861814018,0.5600004196166992,0.7117948532104492,2.926683191617485e-05,5.328675979399122e-05,-0.7023874521255493
uav_04,113.82945,-6.744390989512007,37.7230861814018,0.5100002288818359,0.7117845416069031,-0.0002160696021746844,0.00022379217261914164,-0.7023977637290955
uav_04,113.92941,-6.744390989512007,37.7230861814018,0.4700002670288086,0.7117601037025452,-0.0002766660472843796,0.00026889602304436266,-0.7024224996566772
uav_04,114.02937,-6.744390989512007,37.7230861814018,0.4200000762939453,0.7117307782173157,-0.00028768955962732434,0.0003486743080429733,-0.7024521827697754
uav_04,114.12933,-6.744390989512007,37.74525666976618,0.36999988555908203,0.7116960287094116,-0.00010984893015120178,0.00036288160481490195,-0.7024874687194824
uav_04,114.22929,-6.744390989512007,37.74525666976618,0.31999969482421875,0.7116662263870239,9.333365596830845e-05,0.00026377433096058667,-0.7025176286697388
uav_04,114.32925,-6.744390989512007,37.74525666976618,0.2700004577636719,0.7116454839706421,0.00029394280863925815,6.744920392520726e-05,-0.7025386691093445
uav_04,114.42921,-6.744390989512007,37.74525666976618,0.22999954223632812,0.7116358280181885,0.00027373427292332053,-6.81782330502756e-05,-0.7025484442710876
uav_04,114.52917,-6.744390989512007,37.74525666976618,0.18000030517578125,0.7116261124610901,0.0002230964310001582,-6.984224455663934e-05,-0.7025583386421204
uav_04,114.62913,-6.744390989512007,37.74525666976618,0.13000011444091797,0.7116171717643738,0.00017858082719612867,5.4393203754443675e-05,-0.7025673985481262
uav_04,114.72909,-6.744390989512007,37.74525666976618,0.07999992370605469,0.7116146683692932,0.0,0.0,-0.7025699615478516
uav_04,114.82905,-6.744390989512007,37.74525666976618,0.06999969482421875,0.7116146683692932,0.0,0.0,-0.7025699615478516
uav_04,114.92901,-6.744390989512007,37.74525666976618,0.07999992370605469,0.7116146683692932,0.0,0.0,-0.7025699615478516
uav_04,115.029803,-6.744390989512007,37.74525666976618,0.09000015258789062,0.7116146683692932,0.0,0.0,-0.7025699615478516
uav_04,115.129763,-6.744390989512007,37.74525666976618,0.10000038146972656,0.7116146683692932,0.0,0.0,-0.7025699615478516
uav_04,115.229723,-6.744390989512007,37.74525666976618,0.10000038146972656,0.7116146683692932,0.0,0.0,-0.7025699615478516
uav_04,115.329683,-6.744390989512007,37.74525666976618,0.10000038146972656,0.7116146683692932,0.0,0.0,-0.7025699615478516
uav_04,115.429643,-6.744390989512007,37.74525666976618,0.10000038146972656,0.7116146683692932,0.0,0.0,-0.7025699615478516
uav_04,115.529603,-6.744390989512007,37.74525666976618,0.09000015258789062,0.7116146683692932,0.0,0.0,-0.7025699615478516
uav_04,115.629563,-6.744390989512007,37.74525666976618,0.09000015258789062,0.7116146683692932,0.0,0.0,-0.7025699615478516
uav_04,115.729523,-6.744390989512007,37.74525666976618,0.09000015258789062,0.7116146683692932,0.0,0.0,-0.7025699615478516
uav_04,115.829483,-6.744390989512007,37.74525666976618,0.10000038146972656,0.7116146683692932,0.0,0.0,-0.7025699615478516
uav_04,115.929443,-6.744390989512007,37.74525666976618,0.10000038146972656,0.7116146683692932,0.0,0.0,-0.7025699615478516
uav_04,116.029403,-6.744390989512007,37.74525666976618,0.10000038146972656,0.7116146683692932,0.0,0.0,-0.7025699615478516
uav_04,116.129363,-6.744390989512007,37.74525666976618,0.10000038146972656,0.7116146683692932,0.0,0.0,-0.7025699615478516
uav_04,116.229323,-6.744390989512007,37.74525666976618,0.10000038146972656,0.7116146683692932,0.0,0.0,-0.7025699615478516
uav_04,116.329283,-6.744390989512007,37.74525666976618,0.10000038146972656,0.7116146683692932,0.0,0.0,-0.7025699615478516
uav_04,116.429243,-6.744390989512007,37.74525666976618,0.10000038146972656,0.7116146683692932,0.0,0.0,-0.7025699615478516
uav_04,116.529203,-6.744390989512007,37.74525666976618,0.10000038146972656,0.7116146683692932,0.0,0.0,-0.7025699615478516
uav_04,116.629163,-6.744390989512007,37.74525666976618,0.10000038146972656,0.7116146683692932,0.0,0.0,-0.7025699615478516
uav_04,116.729123,-6.744390989512007,37.74525666976618,0.10000038146972656,0.7116146683692932,0.0,0.0,-0.7025699615478516
uav_04,116.829083,-6.744390989512007,37.74525666976618,0.10000038146972656,0.7116146683692932,0.0,0.0,-0.7025699615478516
uav_04,116.929043,-6.744390989512007,37.74525666976618,0.10000038146972656,0.7116146683692932,0.0,0.0,-0.7025699615478516
uav_04,117.029003,-6.744390989512007,37.74525666976618,0.10000038146972656,0.7116146683692932,0.0,0.0,-0.7025699615478516
uav_04,117.129796,-6.744390989512007,37.74525666976618,0.10000038146972656,0.7116146683692932,0.0,0.0,-0.7025699615478516
uav_04,117.229756,-6.744390989512007,37.74525666976618,0.10000038146972656,0.7116146683692932,0.0,0.0,-0.7025699615478516
uav_04,117.329716,-6.744390989512007,37.74525666976618,0.10000038146972656,0.7116146683692932,0.0,0.0,-0.7025699615478516
uav_04,117.429676,-6.744390989512007,37.74525666976618,0.10000038146972656,0.7116146683692932,0.0,0.0,-0.7025699615478516
uav_04,117.529636,-6.744390989512007,37.74525666976618,0.10000038146972656,0.7116146683692932,0.0,0.0,-0.7025699615478516
uav_04,117.629596,-6.744390989512007,37.74525666976618,0.10000038146972656,0.7116146683692932,0.0,0.0,-0.7025699615478516
uav_04,117.729556,-6.744390989512007,37.74525666976618,0.10000038146972656,0.7116146683692932,0.0,0.0,-0.7025699615478516
uav_04,117.829516,-6.744390989512007,37.74525666976618,0.10000038146972656,0.7116146683692932,0.0,0.0,-0.7025699615478516
uav_04,117.929476,-6.744390989512007,37.74525666976618,0.10000038146972656,0.7116146683692932,0.0,0.0,-0.7025699615478516
uav_04,118.029436,-6.744390989512007,37.74525666976618,0.10000038146972656,0.7116146683692932,0.0,0.0,-0.7025699615478516
uav_04,118.129396,-6.744390989512007,37.74525666976618,0.10000038146972656,0.7116146683692932,0.0,0.0,-0.7025699615478516
uav_04,118.229356,-6.744390989512007,37.74525666976618,0.10000038146972656,0.7116146683692932,0.0,0.0,-0.7025699615478516
uav_04,118.329316,-6.744390989512007,37.74525666976618,0.10000038146972656,0.7116146683692932,0.0,0.0,-0.7025699615478516
uav_04,118.429276,-6.744390989512007,37.74525666976618,0.10000038146972656,0.7116146683692932,0.0,0.0,-0.7025699615478516
uav_04,118.529236,-6.744390989512007,37.74525666976618,0.10000038146972656,0.7116146683692932,0.0,0.0,-0.7025699615478516
uav_04,118.629196,-6.744390989512007,37.74525666976618,0.10000038146972656,0.7116146683692932,0.0,0.0,-0.7025699615478516
uav_04,118.729156,-6.744390989512007,37.74525666976618,0.10000038146972656,0.7116146683692932,0.0,0.0,-0.7025699615478516
uav_04,118.829116,-6.744390989512007,37.74525666976618,0.10000038146972656,0.7116146683692932,0.0,0.0,-0.7025699615478516
uav_04,118.929076,-6.744390989512007,37.74525666976618,0.10000038146972656,0.7116146683692932,0.0,0.0,-0.7025699615478516
uav_04,119.029036,-6.744390989512007,37.74525666976618,0.10000038146972656,0.7116146683692932,0.0,0.0,-0.7025699615478516
uav_05,2.629781,-18.235906967997387,46.303065230403156,0.10000038146972656,1.0,0.0,0.0,0.0
uav_05,2.729741,-18.235906967997387,46.303065230403156,0.10000038146972656,1.0,0.0,0.0,0.0
uav_05,2.829701,-18.235906967997387,46.303065230403156,0.10000038146972656,1.0,0.0,0.0,0.0
uav_05,2.929661,-18.235906967997387,46.303065230403156,0.10000038146972656,1.0,0.0,0.0,0.0
uav_05,3.029621,-18.235906967997387,46.303065230403156,0.10000038146972656,1.0,0.0,0.0,0.0
uav_05,3.129581,-18.235906967997387,46.303065230403156,0.10000038146972656,1.0,0.0,0.0,0.0
uav_05,3.229541,-18.235906967997387,46.303065230403156,0.10000038146972656,1.0,0.0,0.0,0.0
uav_05,3.329501,-18.235906967997387,46.303065230403156,0.10000038146972656,1.0,0.0,0.0,0.0
uav_05,3.429461,-18.235906967997387,46.303065230403156,0.10000038146972656,1.0,0.0,0.0,0.0
uav_05,3.529421,-18.235906967997387,46.303065230403156,0.10000038146972656,1.0,0.0,0.0,0.0
uav_05,3.629381,-18.235906967997387,46.303065230403156,0.10000038146972656,1.0,0.0,0.0,0.0
uav_05,3.729341,-18.235906967997387,46.303065230403156,0.10000038146972656,1.0,0.0,0.0,0.0
uav_05,3.829301,-18.235906967997387,46.303065230403156,0.10000038146972656,1.0,0.0,0.0,0.0
uav_05,3.929261,-18.235906967997387,46.303065230403156,0.10000038146972656,1.0,0.0,0.0,0.0
uav_05,4.029221,-18.235906967997387,46.303065230403156,0.10000038146972656,1.0,0.0,0.0,0.0
uav_05,4.129181,-18.235906967997387,46.303065230403156,0.10000038146972656,1.0,0.0,0.0,0.0
uav_05,4.229141,-18.235906967997387,46.303065230403156,0.10000038146972656,1.0,0.0,0.0,0.0
uav_05,4.329101,-18.235906967997387,46.303065230403156,0.10000038146972656,1.0,0.0,0.0,0.0
uav_05,4.429061,-18.235906967997387,46.303065230403156,0.10000038146972656,1.0,0.0,0.0,0.0
uav_05,4.529021,-18.235906967997387,46.303065230403156,0.10000038146972656,1.0,0.0,0.0,0.0
uav_05,4.629814,-18.235906967997387,46.303065230403156,0.10000038146972656,1.0,0.0,0.0,0.0
uav_05,4.729774,-18.235906967997387,46.303065230403156,0.10000038146972656,1.0,0.0,0.0,0.0
uav_05,4.829734,-18.235906967997387,46.303065230403156,0.10000038146972656,1.0,0.0,0.0,0.0
uav_05,4.929694,-18.235906967997387,46.303065230403156,0.10000038146972656,1.0,0.0,0.0,0.0
uav_05,5.029654,-18.235906967997387,46.303065230403156,0.10000038146972656,1.0,0.0,0.0,0.0
uav_05,5.129614,-18.235906967997387,46.303065230403156,0.10000038146972656,1.0,0.0,0.0,0.0
uav_05,5.229574,-18.235906967997387,46.303065230403156,0.10000038146972656,1.0,0.0,0.0,0.0
uav_05,5.329534,-18.235906967997387,46.303065230403156,0.10000038146972656,1.0,0.0,0.0,0.0
uav_05,5.429494,-18.235906967997387,46.303065230403156,0.10000038146972656,1.0,0.0,0.0,0.0
uav_05,5.529454,-18.235906967997387,46.303065230403156,0.10000038146972656,1.0,0.0,0.0,0.0
uav_05,5.629414,-18.235906967997387,46.303065230403156,0.10000038146972656,1.0,0.0,0.0,0.0
uav_05,5.729374,-18.235906967997387,46.303065230403156,0.10000038146972656,1.0,0.0,0.0,0.0
uav_05,5.829334,-18.235906967997387,46.303065230403156,0.10000038146972656,1.0,0.0,0.0,0.0
uav_05,5.929294,-18.235906967997387,46.303065230403156,0.10000038146972656,1.0,0.0,0.0,0.0
uav_05,6.029254,-18.235906967997387,46.303065230403156,0.10000038146972656,1.0,0.0,0.0,0.0
uav_05,6.129214,-18.235906967997387,46.303065230403156,0.10000038146972656,1.0,0.0,0.0,0.0
uav_05,6.229174,-18.235906967997387,46.303065230403156,0.10000038146972656,1.0,0.0,0.0,0.0
uav_05,6.329134,-18.235906967997387,46.303065230403156,0.10000038146972656,1.0,0.0,0.0,0.0
uav_05,6.429094,-18.235906967997387,46.303065230403156,0.10000038146972656,1.0,0.0,0.0,0.0
uav_05,6.529054,-18.235906967997387,46.303065230403156,0.10000038146972656,1.0,0.0,0.0,0.0
uav_05,6.629014,-18.235906967997387,46.303065230403156,0.10000038146972656,1.0,0.0,0.0,0.0
uav_05,6.729807,-18.235906967997387,46.303065230403156,0.10000038146972656,1.0,0.0,0.0,0.0
uav_05,6.829767,-18.235906967997387,46.303065230403156,0.10000038146972656,1.0,0.0,0.0,0.0
uav_05,6.929727,-18.235906967997387,46.303065230403156,0.10000038146972656,1.0,0.0,0.0,0.0
uav_05,7.029687,-18.235906967997387,46.303065230403156,0.10000038146972656,1.0,0.0,0.0,0.0
uav_05,7.129647,-18.235906967997387,46.303065230403156,0.10000038146972656,1.0,0.0,0.0,0.0
uav_05,7.229607,-18.235906967997387,46.303065230403156,0.10000038146972656,1.0,0.0,0.0,0.0
uav_05,7.329567,-18.235906967997387,46.303065230403156,0.10000038146972656,1.0,0.0,0.0,0.0
uav_05,7.429527,-18.235906967997387,46.303065230403156,0.10000038146972656,1.0,0.0,0.0,0.0
uav_05,7.529487,-18.235906967997387,46.303065230403156,0.10000038146972656,1.0,0.0,0.0,0.0
uav_05,7.629447,-18.235906967997387,46.303065230403156,0.10000038146972656,1.0,0.0,0.0,0.0
uav_05,7.729407,-18.235906967997387,46.303065230403156,0.10000038146972656,1.0,0.0,0.0,0.0
uav_05,7.829367,-18.235906967997387,46.303065230403156,0.10000038146972656,1.0,0.0,0.0,0.0
uav_05,7.929327,-18.235906967997387,46.303065230403156,0.10000038146972656,1.0,0.0,0.0,0.0
uav_05,8.029287,-18.235906967997387,46.303065230403156,0.10000038146972656,1.0,0.0,0.0,0.0
uav_05,8.129247,-18.235906967997387,46.303065230403156,0.10000038146972656,1.0,0.0,0.0,0.0
uav_05,8.229207,-18.235906967997387,46.303065230403156,0.10000038146972656,1.0,0.0,0.0,0.0
uav_05,8.329167,-18.235906967997387,46.303065230403156,0.10000038146972656,1.0,0.0,0.0,0.0
uav_05,8.429127,-18.235906967997387,46.303065230403156,0.10000038146972656,1.0,0.0,0.0,0.0
uav_05,8.529087,-18.235906967997387,46.303065230403156,0.10000038146972656,1.0,0.0,0.0,0.0
uav_05,8.629047,-18.235906967997387,46.303065230403156,0.10000038146972656,1.0,0.0,0.0,0.0
uav_05,8.729007,-18.235906967997387,46.303065230403156,0.10000038146972656,1.0,0.0,0.0,0.0
uav_05,8.8298,-18.235906967997387,46.303065230403156,0.10000038146972656,1.0,0.0,0.0,0.0
uav_05,8.92976,-18.235906967997387,46.303065230403156,0.10000038146972656,1.0,0.0,0.0,0.0
uav_05,9.02972,-18.235906967997387,46.303065230403156,0.10000038146972656,1.0,0.0,0.0,0.0
uav_05,9.12968,-18.235906967997387,46.303065230403156,0.10000038146972656,1.0,0.0,0.0,0.0
uav_05,9.22964,-18.235906967997387,46.303065230403156,0.10000038146972656,1.0,0.0,0.0,0.0
uav_05,9.3296,-18.235906967997387,46.303065230403156,0.10000038146972656,1.0,0.0,0.0,0.0
uav_05,9.42956,-18.235906967997387,46.303065230403156,0.10000038146972656,1.0,0.0,0.0,0.0
uav_05,9.52952,-18.235906967997387,46.303065230403156,0.10000038146972656,1.0,0.0,0.0,0.0
uav_05,9.62948,-18.235906967997387,46.303065230403156,0.10000038146972656,1.0,0.0,0.0,0.0
uav_05,9.72944,-18.235906967997387,46.303065230403156,0.10000038146972656,1.0,0.0,0.0,0.0
uav_05,9.8294,-18.235906967997387,46.303065230403156,0.10000038146972656,1.0,0.0,0.0,0.0
uav_05,9.92936,-18.235906967997387,46.303065230403156,0.10000038146972656,1.0,0.0,0.0,0.0
uav_05,10.02932,-18.235906967997387,46.303065230403156,0.10000038146972656,1.0,0.0,0.0,0.0
uav_05,10.12928,-18.235906967997387,46.303065230403156,0.10000038146972656,1.0,0.0,0.0,0.0
uav_05,10.22924,-18.235906967997387,46.303065230403156,0.10000038146972656,1.0,0.0,0.0,0.0
uav_05,10.3292,-18.235906967997387,46.303065230403156,0.10000038146972656,1.0,0.0,0.0,0.0
uav_05,10.42916,-18.235906967997387,46.303065230403156,0.10000038146972656,1.0,0.0,0.0,0.0
uav_05,10.52912,-18.235906967997387,46.303065230403156,0.10000038146972656,1.0,0.0,0.0,0.0
uav_05,10.62908,-18.235906967997387,46.303065230403156,0.10000038146972656,1.0,0.0,0.0,0.0
uav_05,10.72904,-18.235906967997387,46.303065230403156,0.10000038146972656,1.0,0.0,0.0,0.0
uav_05,10.829,-18.235906967997387,46.303065230403156,0.10000038146972656,1.0,0.0,0.0,0.0
uav_05,10.929793,-18.235906967997387,46.303065230403156,0.10000038146972656,1.0,0.0,0.0,0.0
uav_05,11.029753,-18.235906967997387,46.303065230403156,0.10000038146972656,1.0,0.0,0.0,0.0
uav_05,11.129713,-18.235906967997387,46.303065230403156,0.10000038146972656,1.0,0.0,0.0,0.0
uav_05,11.229673,-18.235906967997387,46.303065230403156,0.10000038146972656,1.0,0.0,0.0,0.0
uav_05,11.329633,-18.235906967997387,46.303065230403156,0.10000038146972656,1.0,0.0,0.0,0.0
uav_05,11.429593,-18.235906967997387,46.303065230403156,0.10000038146972656,1.0,0.0,0.0,0.0
uav_05,11.529553,-18.235906967997387,46.303065230403156,0.10000038146972656,1.0,0.0,0.0,0.0
uav_05,11.629513,-18.235906967997387,46.303065230403156,0.10000038146972656,1.0,0.0,0.0,0.0
uav_05,11.729473,-18.235906967997387,46.303065230403156,0.10000038146972656,1.0,0.0,0.0,0.0
uav_05,11.829433,-18.235906967997387,46.303065230403156,0.10000038146972656,1.0,0.0,0.0,0.0
uav_05,11.929393,-18.235906967997387,46.303065230403156,0.10000038146972656,1.0,0.0,0.0,0.0
uav_05,12.029353,-18.235906967997387,46.303065230403156,0.10000038146972656,1.0,0.0,0.0,0.0
uav_05,12.129313,-18.235906967997387,46.303065230403156,0.10000038146972656,1.0,0.0,0.0,0.0
uav_05,12.229273,-18.235906967997387,46.303065230403156,0.10000038146972656,1.0,0.0,0.0,0.0
uav_05,12.329233,-18.235906967997387,46.303065230403156,0.10000038146972656,1.0,0.0,0.0,0.0
uav_05,12.429193,-18.235906967997387,46.303065230403156,0.10000038146972656,1.0,0.0,0.0,0.0
uav_05,12.529153,-18.235906967997387,46.303065230403156,0.10000038146972656,1.0,0.0,0.0,0.0
uav_05,12.629113,-18.235906967997387,46.303065230403156,0.10000038146972656,1.0,0.0,0.0,0.0
uav_05,12.729073,-18.235906967997387,46.303065230403156,0.10000038146972656,1.0,0.0,0.0,0.0
uav_05,12.829033,-18.235906967997387,46.303065230403156,0.10000038146972656,1.0,0.0,0.0,0.0
uav_05,12.928993,-18.235906967997387,46.303065230403156,0.10000038146972656,1.0,0.0,0.0,0.0
uav_05,13.029786,-18.235906967997387,46.303065230403156,0.10000038146972656,1.0,0.0,0.0,0.0
uav_05,13.129746,-18.235906967997387,46.303065230403156,0.10000038146972656,1.0,0.0,0.0,0.0
uav_05,13.229706,-18.235906967997387,46.303065230403156,0.10000038146972656,1.0,0.0,0.0,0.0
uav_05,13.329666,-18.235906967997387,46.303065230403156,0.10000038146972656,1.0,0.0,0.0,0.0
uav_05,13.429626,-18.235906967997387,46.303065230403156,0.10000038146972656,1.0,0.0,0.0,0.0
uav_05,13.529586,-18.235906967997387,46.303065230403156,0.10000038146972656,1.0,0.0,0.0,0.0
uav_05,13.629546,-18.235906967997387,46.303065230403156,0.10000038146972656,1.0,0.0,0.0,0.0
uav_05,13.729506,-18.235906967997387,46.303065230403156,0.10000038146972656,1.0,0.0,0.0,0.0
uav_05,13.829466,-18.235906967997387,46.303065230403156,0.10000038146972656,1.0,0.0,0.0,0.0
uav_05,13.929426,-18.235906967997387,46.303065230403156,0.10000038146972656,1.0,0.0,0.0,0.0
uav_05,14.029386,-18.235906967997387,46.303065230403156,0.10000038146972656,1.0,0.0,0.0,0.0
uav_05,14.129346,-18.235906967997387,46.303065230403156,0.10000038146972656,1.0,0.0,0.0,0.0
uav_05,14.229306,-18.235906967997387,46.303065230403156,0.10000038146972656,1.0,0.0,0.0,0.0
uav_05,14.329266,-18.235906967997387,46.303065230403156,0.10000038146972656,1.0,0.0,0.0,0.0
uav_05,14.429226,-18.235906967997387,46.303065230403156,0.10000038146972656,1.0,0.0,0.0,0.0
uav_05,14.529186,-18.235906967997387,46.303065230403156,0.10000038146972656,1.0,0.0,0.0,0.0
uav_05,14.629146,-18.235906967997387,46.303065230403156,0.10000038146972656,1.0,0.0,0.0,0.0
uav_05,14.729106,-18.235906967997387,46.303065230403156,0.10000038146972656,1.0,0.0,0.0,0.0
uav_05,14.829066,-18.235906967997387,46.303065230403156,0.10000038146972656,1.0,0.0,0.0,0.0
uav_05,14.929026,-18.235906967997387,46.303065230403156,0.10000038146972656,1.0,0.0,0.0,0.0
uav_05,15.029819,-18.235906967997387,46.303065230403156,0.10000038146972656,1.0,0.0,0.0,0.0
uav_05,15.129779,-18.235906967997387,46.303065230403156,0.10000038146972656,1.0,0.0,0.0,0.0
uav_05,15.229739,-18.235906967997387,46.303065230403156,0.10000038146972656,1.0,0.0,0.0,0.0
uav_05,15.329699,-18.235906967997387,46.303065230403156,0.10000038146972656,1.0,0.0,0.0,0.0
uav_05,15.429659,-18.235906967997387,46.303065230403156,0.10000038146972656,1.0,0.0,0.0,0.0
uav_05,15.529619,-18.235906967997387,46.303065230403156,0.10000038146972656,1.0,0.0,0.0,0.0
uav_05,15.629579,-18.235906967997387,46.303065230403156,0.10000038146972656,1.0,0.0,0.0,0.0
uav_05,15.729539,-18.235906967997387,46.303065230403156,0.10000038146972656,1.0,0.0,0.0,0.0
uav_05,15.829499,-18.235906967997387,46.303065230403156,0.10000038146972656,1.0,0.0,0.0,0.0
uav_05,15.929459,-18.235906967997387,46.303065230403156,0.10000038146972656,1.0,0.0,0.0,0.0
uav_05,16.029419,-18.235906967997387,46.303065230403156,0.10000038146972656,1.0,0.0,0.0,0.0
uav_05,16.129379,-18.235906967997387,46.303065230403156,0.10000038146972656,1.0,0.0,0.0,0.0
uav_05,16.229339,-18.235906967997387,46.303065230403156,0.10000038146972656,1.0,0.0,0.0,0.0
uav_05,16.329299,-18.235906967997387,46.303065230403156,0.10000038146972656,1.0,0.0,0.0,0.0
uav_05,16.429259,-18.235906967997387,46.303065230403156,0.10000038146972656,1.0,0.0,0.0,0.0
uav_05,16.529219,-18.235906967997387,46.303065230403156,0.10000038146972656,1.0,0.0,0.0,0.0
uav_05,16.629179,-18.235906967997387,46.303065230403156,0.10000038146972656,1.0,0.0,0.0,0.0
uav_05,16.729139,-18.235906967997387,46.303065230403156,0.10000038146972656,1.0,0.0,0.0,0.0
uav_05,16.829099,-18.235906967997387,46.303065230403156,0.10000038146972656,1.0,0.0,0.0,0.0
uav_05,16.929059,-18.235906967997387,46.303065230403156,0.10000038146972656,1.0,0.0,0.0,0.0
uav_05,17.029019,-18.235906967997387,46.303065230403156,0.10000038146972656,1.0,0.0,0.0,0.0
uav_05,17.129812,-18.235906967997387,46.303065230403156,0.10000038146972656,1.0,0.0,0.0,0.0
uav_05,17.229772,-18.235906967997387,46.303065230403156,0.10000038146972656,1.0,0.0,0.0,0.0
uav_05,17.329732,-18.235906967997387,46.303065230403156,0.10000038146972656,1.0,0.0,0.0,0.0
uav_05,17.429692,-18.235906967997387,46.303065230403156,0.10000038146972656,1.0,0.0,0.0,0.0
uav_05,17.529652,-18.235906967997387,46.303065230403156,0.10000038146972656,1.0,0.0,0.0,0.0
uav_05,17.629612,-18.235906967997387,46.303065230403156,0.10000038146972656,1.0,0.0,0.0,0.0
uav_05,17.729572,-18.235906967997387,46.303065230403156,0.10000038146972656,1.0,0.0,0.0,0.0
uav_05,17.829532,-18.235906967997387,46.303065230403156,0.10000038146972656,1.0,0.0,0.0,0.0
uav_05,17.929492,-18.235906967997387,46.303065230403156,0.10000038146972656,1.0,0.0,0.0,0.0
uav_05,18.029452,-18.235906967997387,46.303065230403156,0.10000038146972656,1.0,0.0,0.0,0.0
uav_05,18.129412,-18.235906967997387,46.303065230403156,0.10000038146972656,1.0,0.0,0.0,0.0
uav_05,18.229372,-18.235906967997387,46.303065230403156,0.10000038146972656,1.0,0.0,0.0,0.0
uav_05,18.329332,-18.235906967997387,46.303065230403156,0.10000038146972656,1.0,0.0,0.0,0.0
uav_05,18.429292,-18.235906967997387,46.303065230403156,0.10000038146972656,1.0,0.0,0.0,0.0
uav_05,18.529252,-18.235906967997387,46.303065230403156,0.10000038146972656,1.0,0.0,0.0,0.0
uav_05,18.629212,-18.235906967997387,46.303065230403156,0.10000038146972656,1.0,0.0,0.0,0.0
uav_05,18.729172,-18.235906967997387,46.303065230403156,0.10000038146972656,1.0,0.0,0.0,0.0
uav_05,18.829132,-18.235906967997387,46.303065230403156,0.10000038146972656,1.0,0.0,0.0,0.0
uav_05,18.929092,-18.235906967997387,46.303065230403156,0.10000038146972656,1.0,0.0,0.0,0.0
uav_05,19.029052,-18.235906967997387,46.303065230403156,0.10000038146972656,1.0,0.0,0.0,0.0
uav_05,19.129012,-18.235906967997387,46.303065230403156,0.10000038146972656,1.0,0.0,0.0,0.0
uav_05,19.229805,-18.235906967997387,46.303065230403156,0.10000038146972656,1.0,0.0,0.0,0.0
uav_05,19.329765,-18.235906967997387,46.303065230403156,0.10000038146972656,1.0,0.0,0.0,0.0
uav_05,19.429725,-18.235906967997387,46.303065230403156,0.10000038146972656,1.0,0.0,0.0,0.0
uav_05,19.529685,-18.235906967997387,46.303065230403156,0.10000038146972656,1.0,0.0,0.0,0.0
uav_05,19.629645,-18.235906967997387,46.303065230403156,0.10000038146972656,1.0,0.0,0.0,0.0
uav_05,19.729605,-18.235906967997387,46.303065230403156,0.10000038146972656,1.0,0.0,0.0,0.0
uav_05,19.829565,-18.235906967997387,46.303065230403156,0.10000038146972656,1.0,0.0,0.0,0.0
uav_05,19.929525,-18.235906967997387,46.303065230403156,0.10000038146972656,1.0,0.0,0.0,0.0
uav_05,20.029485,-18.235906967997387,46.303065230403156,0.10000038146972656,1.0,0.0,0.0,0.0
uav_05,20.129445,-18.235906967997387,46.303065230403156,0.10000038146972656,1.0,0.0,0.0,0.0
uav_05,20.229405,-18.235906967997387,46.303065230403156,0.10000038146972656,1.0,0.0,0.0,0.0
uav_05,20.329365,-18.235906967997387,46.303065230403156,0.10000038146972656,1.0,0.0,0.0,0.0
uav_05,20.429325,-18.235906967997387,46.303065230403156,0.10000038146972656,1.0,0.0,0.0,0.0
uav_05,20.529285,-18.235906967997387,46.303065230403156,0.10000038146972656,1.0,0.0,0.0,0.0
uav_05,20.629245,-18.235906967997387,46.303065230403156,0.10000038146972656,1.0,0.0,0.0,0.0
uav_05,20.729205,-18.235906967997387,46.303065230403156,0.10000038146972656,1.0,0.0,0.0,0.0
uav_05,20.829165,-18.235906967997387,46.303065230403156,0.10000038146972656,1.0,0.0,0.0,0.0
uav_05,20.929125,-18.235906967997387,46.303065230403156,0.10000038146972656,1.0,0.0,0.0,0.0
uav_05,21.029085,-18.235906967997387,46.303065230403156,0.10000038146972656,1.0,0.0,0.0,0.0
uav_05,21.129045,-18.235906967997387,46.303065230403156,0.10000038146972656,1.0,0.0,0.0,0.0
uav_05,21.229005,-18.235906967997387,46.303065230403156,0.10000038146972656,1.0,0.0,0.0,0.0
uav_05,21.329798,-18.235906967997387,46.303065230403156,0.10000038146972656,1.0,0.0,0.0,0.0
uav_05,21.429758,-18.235906967997387,46.303065230403156,0.10000038146972656,1.0,0.0,0.0,0.0
uav_05,21.529718,-18.235906967997387,46.303065230403156,0.10000038146972656,1.0,0.0,0.0,0.0
uav_05,21.629678,-18.235906967997387,46.303065230403156,0.10000038146972656,1.0,0.0,0.0,0.0
uav_05,21.729638,-18.235906967997387,46.303065230403156,0.10000038146972656,1.0,0.0,0.0,0.0
uav_05,21.829598,-18.235906967997387,46.303065230403156,0.10000038146972656,1.0,0.0,0.0,0.0
uav_05,21.929558,-18.235906967997387,46.303065230403156,0.10000038146972656,1.0,0.0,0.0,0.0
uav_05,22.029518,-18.235906967997387,46.303065230403156,0.10000038146972656,1.0,0.0,0.0,0.0
uav_05,22.129478,-18.235906967997387,46.303065230403156,0.10000038146972656,1.0,0.0,0.0,0.0
uav_05,22.229438,-18.235906967997387,46.303065230403156,0.10000038146972656,1.0,0.0,0.0,0.0
uav_05,22.329398,-18.235906967997387,46.303065230403156,0.10000038146972656,1.0,0.0,0.0,0.0
uav_05,22.429358,-18.235906967997387,46.303065230403156,0.10000038146972656,1.0,0.0,0.0,0.0
uav_05,22.529318,-18.235906967997387,46.303065230403156,0.10000038146972656,1.0,0.0,0.0,0.0
uav_05,22.629278,-18.235906967997387,46.303065230403156,0.10000038146972656,1.0,0.0,0.0,0.0
uav_05,22.729238,-18.235906967997387,46.303065230403156,0.10000038146972656,1.0,0.0,0.0,0.0
uav_05,22.829198,-18.235906967997387,46.303065230403156,0.10000038146972656,1.0,0.0,0.0,0.0
uav_05,22.929158,-18.235906967997387,46.303065230403156,0.10000038146972656,1.0,0.0,0.0,0.0
uav_05,23.029118,-18.235906967997387,46.303065230403156,0.10000038146972656,1.0,0.0,0.0,0.0
uav_05,23.129078,-18.235906967997387,46.303065230403156,0.10000038146972656,1.0,0.0,0.0,0.0
uav_05,23.229038,-18.235906967997387,46.303065230403156,0.10000038146972656,1.0,0.0,0.0,0.0
uav_05,23.328998,-18.235906967997387,46.303065230403156,0.10000038146972656,1.0,0.0,0.0,0.0
uav_05,23.429791,-18.235906967997387,46.303065230403156,0.10000038146972656,1.0,0.0,0.0,0.0
uav_05,23.529751,-18.235906967997387,46.303065230403156,0.10000038146972656,1.0,0.0,0.0,0.0
uav_05,23.629711,-18.235906967997387,46.303065230403156,0.10000038146972656,1.0,0.0,0.0,0.0
uav_05,23.729671,-18.235906967997387,46.303065230403156,0.10000038146972656,1.0,0.0,0.0,0.0
uav_05,23.829631,-18.235906967997387,46.303065230403156,0.10000038146972656,1.0,0.0,0.0,0.0
uav_05,23.929591,-18.235906967997387,46.303065230403156,0.10000038146972656,1.0,0.0,0.0,0.0
uav_05,24.029551,-18.235906967997387,46.303065230403156,0.10000038146972656,1.0,0.0,0.0,0.0
uav_05,24.129511,-18.235906967997387,46.303065230403156,0.10000038146972656,1.0,0.0,0.0,0.0
uav_05,24.229471,-18.235906967997387,46.303065230403156,0.10000038146972656,1.0,0.0,0.0,0.0
uav_05,24.329431,-18.235906967997387,46.303065230403156,0.10000038146972656,1.0,0.0,0.0,0.0
uav_05,24.429391,-18.235906967997387,46.303065230403156,0.10000038146972656,1.0,0.0,0.0,0.0
uav_05,24.529351,-18.235906967997387,46.303065230403156,0.10000038146972656,1.0,0.0,0.0,0.0
uav_05,24.629311,-18.235906967997387,46.303065230403156,0.10000038146972656,1.0,0.0,0.0,0.0
uav_05,24.729271,-18.235906967997387,46.303065230403156,0.10000038146972656,1.0,0.0,0.0,0.0
uav_05,24.829231,-18.235906967997387,46.303065230403156,0.10000038146972656,1.0,0.0,0.0,0.0
uav_05,24.929191,-18.235906967997387,46.303065230403156,0.10000038146972656,1.0,0.0,0.0,0.0
uav_05,25.029151,-18.235906967997387,46.303065230403156,0.10000038146972656,1.0,0.0,0.0,0.0
uav_05,25.129111,-18.235906967997387,46.303065230403156,0.10000038146972656,1.0,0.0,0.0,0.0
uav_05,25.229071,-18.235906967997387,46.303065230403156,0.10000038146972656,1.0,0.0,0.0,0.0
uav_05,25.329031,-18.235906967997387,46.303065230403156,0.10000038146972656,1.0,0.0,0.0,0.0
uav_05,25.428991,-18.235906967997387,46.303065230403156,0.10000038146972656,1.0,0.0,0.0,0.0
uav_05,25.529784,-18.235906967997387,46.303065230403156,0.10000038146972656,1.0,0.0,0.0,0.0
uav_05,25.629744,-18.235906967997387,46.303065230403156,0.10000038146972656,1.0,0.0,0.0,0.0
uav_05,25.729704,-18.235906967997387,46.303065230403156,0.10000038146972656,1.0,0.0,0.0,0.0
uav_05,25.829664,-18.235906967997387,46.303065230403156,0.10000038146972656,1.0,0.0,0.0,0.0
uav_05,25.929624,-18.235906967997387,46.303065230403156,0.10000038146972656,1.0,0.0,0.0,0.0
uav_05,26.029584,-18.235906967997387,46.303065230403156,0.10000038146972656,1.0,0.0,0.0,0.0
uav_05,26.129544,-18.235906967997387,46.303065230403156,0.10000038146972656,1.0,0.0,0.0,0.0
uav_05,26.229504,-18.235906967997387,46.303065230403156,0.10000038146972656,1.0,0.0,0.0,0.0
uav_05,26.329464,-18.235906967997387,46.303065230403156,0.10000038146972656,1.0,0.0,0.0,0.0
uav_05,26.429424,-18.235906967997387,46.303065230403156,0.10000038146972656,1.0,0.0,0.0,0.0
uav_05,26.529384,-18.235906967997387,46.303065230403156,0.10000038146972656,1.0,0.0,0.0,0.0
uav_05,26.629344,-18.235906967997387,46.303065230403156,0.10000038146972656,1.0,0.0,0.0,0.0
uav_05,26.729304,-18.235906967997387,46.303065230403156,0.10000038146972656,1.0,0.0,0.0,0.0
uav_05,26.829264,-18.235906967997387,46.303065230403156,0.10000038146972656,1.0,0.0,0.0,0.0
uav_05,26.929224,-18.235906967997387,46.303065230403156,0.10000038146972656,1.0,0.0,0.0,0.0
uav_05,27.029184,-18.235906967997387,46.303065230403156,0.10000038146972656,1.0,0.0,0.0,0.0
uav_05,27.129144,-18.235906967997387,46.303065230403156,0.10000038146972656,1.0,0.0,0.0,0.0
uav_05,27.229104,-18.235906967997387,46.303065230403156,0.10000038146972656,1.0,0.0,0.0,0.0
uav_05,27.329064,-18.235906967997387,46.303065230403156,0.10000038146972656,1.0,0.0,0.0,0.0
uav_05,27.429024,-18.235906967997387,46.303065230403156,0.10000038146972656,1.0,0.0,0.0,0.0
uav_05,27.529817,-18.235906967997387,46.303065230403156,0.10000038146972656,1.0,0.0,0.0,0.0
uav_05,27.629777,-18.235906967997387,46.303065230403156,0.10000038146972656,1.0,0.0,0.0,0.0
uav_05,27.729737,-18.235906967997387,46.303065230403156,0.10000038146972656,1.0,0.0,0.0,0.0
uav_05,27.829697,-18.235906967997387,46.303065230403156,0.10000038146972656,1.0,0.0,0.0,0.0
uav_05,27.929657,-18.235906967997387,46.303065230403156,0.10000038146972656,1.0,0.0,0.0,0.0
uav_05,28.029617,-18.235906967997387,46.303065230403156,0.10000038146972656,1.0,0.0,0.0,0.0
uav_05,28.129577,-18.235906967997387,46.303065230403156,0.10000038146972656,1.0,0.0,0.0,0.0
uav_05,28.229537,-18.235906967997387,46.303065230403156,0.10000038146972656,1.0,0.0,0.0,0.0
uav_05,28.329497,-18.235906967997387,46.303065230403156,0.10000038146972656,1.0,0.0,0.0,0.0
uav_05,28.429457,-18.235906967997387,46.303065230403156,0.10000038146972656,1.0,0.0,0.0,0.0
uav_05,28.529417,-18.235906967997387,46.303065230403156,0.10000038146972656,1.0,0.0,0.0,0.0
uav_05,28.629377,-18.235906967997387,46.303065230403156,0.10000038146972656,1.0,0.0,0.0,0.0
uav_05,28.729337,-18.235906967997387,46.303065230403156,0.10000038146972656,1.0,0.0,0.0,0.0
uav_05,28.829297,-18.235906967997387,46.303065230403156,0.10000038146972656,1.0,0.0,0.0,0.0
uav_05,28.929257,-18.235906967997387,46.303065230403156,0.10000038146972656,1.0,0.0,0.0,0.0
uav_05,29.029217,-18.235906967997387,46.303065230403156,0.10000038146972656,1.0,0.0,0.0,0.0
uav_05,29.129177,-18.235906967997387,46.303065230403156,0.10000038146972656,1.0,0.0,0.0,0.0
uav_05,29.229137,-18.235906967997387,46.303065230403156,0.10000038146972656,1.0,0.0,0.0,0.0
uav_05,29.329097,-18.235906967997387,46.303065230403156,0.10000038146972656,1.0,0.0,0.0,0.0
uav_05,29.429057,-18.235906967997387,46.303065230403156,0.10000038146972656,1.0,0.0,0.0,0.0
uav_05,29.529017,-18.235906967997387,46.303065230403156,0.10000038146972656,1.0,0.0,0.0,0.0
uav_05,29.62981,-18.235906967997387,46.303065230403156,0.10000038146972656,1.0,0.0,0.0,0.0
uav_05,29.72977,-18.235906967997387,46.303065230403156,0.10000038146972656,1.0,0.0,0.0,0.0
uav_05,29.82973,-18.235906967997387,46.303065230403156,0.10000038146972656,1.0,0.0,0.0,0.0
uav_05,29.92969,-18.235906967997387,46.303065230403156,0.10000038146972656,1.0,0.0,0.0,0.0
uav_05,30.02965,-18.235906967997387,46.303065230403156,0.10000038146972656,1.0,0.0,0.0,0.0
uav_05,30.12961,-18.235906967997387,46.303065230403156,0.10000038146972656,1.0,0.0,0.0,0.0
uav_05,30.22957,-18.235906967997387,46.303065230403156,0.10000038146972656,1.0,0.0,0.0,0.0
uav_05,30.32953,-18.235906967997387,46.303065230403156,0.10000038146972656,1.0,0.0,0.0,0.0
uav_05,30.42949,-18.235906967997387,46.303065230403156,0.10000038146972656,1.0,0.0,0.0,0.0
uav_05,30.52945,-18.235906967997387,46.303065230403156,0.10000038146972656,1.0,0.0,0.0,0.0
uav_05,30.62941,-18.235906967997387,46.303065230403156,0.10000038146972656,1.0,0.0,0.0,0.0
uav_05,30.72937,-18.235906967997387,46.303065230403156,0.10000038146972656,1.0,0.0,0.0,0.0
uav_05,30.82933,-18.235906967997387,46.303065230403156,0.10000038146972656,1.0,0.0,0.0,0.0
uav_05,30.92929,-18.235906967997387,46.303065230403156,0.10000038146972656,1.0,0.0,0.0,0.0
uav_05,31.02925,-18.235906967997387,46.303065230403156,0.10000038146972656,1.0,0.0,0.0,0.0
uav_05,31.12921,-18.235906967997387,46.303065230403156,0.10000038146972656,1.0,0.0,0.0,0.0
uav_05,31.22917,-18.235906967997387,46.303065230403156,0.10000038146972656,1.0,0.0,0.0,0.0
uav_05,31.32913,-18.235906967997387,46.303065230403156,0.10000038146972656,1.0,0.0,0.0,0.0
uav_05,31.42909,-18.235906967997387,46.303065230403156,0.10000038146972656,1.0,0.0,0.0,0.0
uav_05,31.52905,-18.235906967997387,46.303065230403156,0.10000038146972656,1.0,0.0,0.0,0.0
uav_05,31.62901,-18.235906967997387,46.303065230403156,0.10000038146972656,1.0,0.0,0.0,0.0
uav_05,31.729803,-18.235906967997387,46.303065230403156,0.10000038146972656,1.0,0.0,0.0,0.0
uav_05,31.829763,-18.235906967997387,46.303065230403156,0.10000038146972656,1.0,0.0,0.0,0.0
uav_05,31.929723,-18.235906967997387,46.303065230403156,0.10000038146972656,1.0,0.0,0.0,0.0
uav_05,32.029683,-18.235906967997387,46.303065230403156,0.10000038146972656,1.0,0.0,0.0,0.0
uav_05,32.129643,-18.235906967997387,46.303065230403156,0.10000038146972656,1.0,0.0,0.0,0.0
uav_05,32.229603,-18.235906967997387,46.303065230403156,0.10000038146972656,1.0,0.0,0.0,0.0
uav_05,32.329563,-18.235906967997387,46.303065230403156,0.10000038146972656,1.0,0.0,0.0,0.0
uav_05,32.429523,-18.235906967997387,46.303065230403156,0.10000038146972656,1.0,0.0,0.0,0.0
uav_05,32.529483,-18.235906967997387,46.303065230403156,0.10000038146972656,1.0,0.0,0.0,0.0
uav_05,32.629443,-18.235906967997387,46.303065230403156,0.10000038146972656,1.0,0.0,0.0,0.0
uav_05,32.729403,-18.235906967997387,46.303065230403156,0.10000038146972656,1.0,0.0,0.0,0.0
uav_05,32.829363,-18.235906967997387,46.303065230403156,0.10000038146972656,1.0,0.0,0.0,0.0
uav_05,32.929323,-18.235906967997387,46.303065230403156,0.10000038146972656,1.0,0.0,0.0,0.0
uav_05,33.029283,-18.235906967997387,46.303065230403156,0.10000038146972656,1.0,0.0,0.0,0.0
uav_05,33.129243,-18.235906967997387,46.303065230403156,0.10000038146972656,1.0,0.0,0.0,0.0
uav_05,33.229203,-18.235906967997387,46.303065230403156,0.10000038146972656,1.0,0.0,0.0,0.0
uav_05,33.329163,-18.235906967997387,46.303065230403156,0.10000038146972656,1.0,0.0,0.0,0.0
uav_05,33.429123,-18.235906967997387,46.303065230403156,0.10000038146972656,1.0,0.0,0.0,0.0
uav_05,33.529083,-18.235906967997387,46.303065230403156,0.10000038146972656,1.0,0.0,0.0,0.0
uav_05,33.629043,-18.235906967997387,46.303065230403156,0.10000038146972656,1.0,0.0,0.0,0.0
uav_05,33.729003,-18.235906967997387,46.303065230403156,0.10000038146972656,1.0,0.0,0.0,0.0
uav_05,33.829796,-18.235906967997387,46.303065230403156,0.10000038146972656,1.0,0.0,0.0,0.0
uav_05,33.929756,-18.235906967997387,46.303065230403156,0.10000038146972656,1.0,0.0,0.0,0.0
uav_05,34.029716,-18.235906967997387,46.303065230403156,0.10000038146972656,1.0,0.0,0.0,0.0
uav_05,34.129676,-18.235906967997387,46.303065230403156,0.10000038146972656,1.0,0.0,0.0,0.0
uav_05,34.229636,-18.235906967997387,46.303065230403156,0.10000038146972656,1.0,0.0,0.0,0.0
uav_05,34.329596,-18.235906967997387,46.303065230403156,0.10000038146972656,1.0,0.0,0.0,0.0
uav_05,34.429556,-18.235906967997387,46.303065230403156,0.10000038146972656,1.0,0.0,0.0,0.0
uav_05,34.529516,-18.235906967997387,46.303065230403156,0.10000038146972656,1.0,0.0,0.0,0.0
uav_05,34.629476,-18.235906967997387,46.303065230403156,0.10000038146972656,1.0,0.0,0.0,0.0
uav_05,34.729436,-18.235906967997387,46.303065230403156,0.10000038146972656,1.0,0.0,0.0,0.0
uav_05,34.829396,-18.235906967997387,46.303065230403156,0.10000038146972656,1.0,0.0,0.0,0.0
uav_05,34.929356,-18.235906967997387,46.303065230403156,0.10000038146972656,1.0,0.0,0.0,0.0
uav_05,35.029316,-18.235906967997387,46.303065230403156,0.10000038146972656,1.0,0.0,0.0,0.0
uav_05,35.129276,-18.235906967997387,46.303065230403156,0.10000038146972656,1.0,0.0,0.0,0.0
uav_05,35.229236,-18.235906967997387,46.303065230403156,0.10000038146972656,1.0,0.0,0.0,0.0
uav_05,35.329196,-18.235906967997387,46.303065230403156,0.10000038146972656,1.0,0.0,0.0,0.0
uav_05,35.429156,-18.235906967997387,46.303065230403156,0.10000038146972656,1.0,0.0,0.0,0.0
uav_05,35.529116,-18.235906967997387,46.303065230403156,0.10000038146972656,1.0,0.0,0.0,0.0
uav_05,35.629076,-18.235906967997387,46.303065230403156,0.10000038146972656,1.0,0.0,0.0,0.0
uav_05,35.729036,-18.235906967997387,46.303065230403156,0.10000038146972656,1.0,0.0,0.0,0.0
uav_05,35.828996,-18.235906967997387,46.303065230403156,0.10000038146972656,1.0,0.0,0.0,0.0
uav_05,35.929789,-18.235906967997387,46.303065230403156,0.10000038146972656,1.0,0.0,0.0,0.0
uav_05,36.029749,-18.235906967997387,46.303065230403156,0.10000038146972656,1.0,0.0,0.0,0.0
uav_05,36.129709,-18.235906967997387,46.303065230403156,0.10000038146972656,1.0,0.0,0.0,0.0
uav_05,36.229669,-18.235906967997387,46.303065230403156,0.10000038146972656,1.0,0.0,0.0,0.0
uav_05,36.329629,-18.235906967997387,46.303065230403156,0.10000038146972656,1.0,0.0,0.0,0.0
uav_05,36.429589,-18.235906967997387,46.303065230403156,0.10000038146972656,1.0,0.0,0.0,0.0
uav_05,36.529549,-18.235906967997387,46.303065230403156,0.10000038146972656,1.0,0.0,0.0,0.0
uav_05,36.629509,-18.235906967997387,46.303065230403156,0.10000038146972656,1.0,0.0,0.0,0.0
uav_05,36.729469,-18.235906967997387,46.303065230403156,0.10000038146972656,1.0,0.0,0.0,0.0
uav_05,36.829429,-18.235906967997387,46.303065230403156,0.10000038146972656,1.0,0.0,0.0,0.0
uav_05,36.929389,-18.235906967997387,46.303065230403156,0.10000038146972656,1.0,0.0,0.0,0.0
uav_05,37.029349,-18.235906967997387,46.303065230403156,0.10000038146972656,1.0,0.0,0.0,0.0
uav_05,37.129309,-18.235906967997387,46.303065230403156,0.10000038146972656,1.0,0.0,0.0,0.0
uav_05,37.229269,-18.235906967997387,46.303065230403156,0.10000038146972656,1.0,0.0,0.0,0.0
uav_05,37.329229,-18.235906967997387,46.303065230403156,0.10000038146972656,1.0,0.0,0.0,0.0
uav_05,37.429189,-18.235906967997387,46.303065230403156,0.10000038146972656,1.0,0.0,0.0,0.0
uav_05,37.529149,-18.235906967997387,46.303065230403156,0.10000038146972656,1.0,0.0,0.0,0.0
uav_05,37.629109,-18.235906967997387,46.303065230403156,0.10000038146972656,1.0,0.0,0.0,0.0
uav_05,37.729069,-18.235906967997387,46.303065230403156,0.10000038146972656,1.0,0.0,0.0,0.0
uav_05,37.829029,-18.235906967997387,46.303065230403156,0.10000038146972656,1.0,0.0,0.0,0.0
uav_05,37.928989,-18.235906967997387,46.303065230403156,0.10000038146972656,1.0,0.0,0.0,0.0
uav_05,38.029782,-18.235906967997387,46.303065230403156,0.10000038146972656,1.0,0.0,0.0,0.0
uav_05,38.129742,-18.235906967997387,46.303065230403156,0.10000038146972656,1.0,0.0,0.0,0.0
uav_05,38.229702,-18.235906967997387,46.303065230403156,0.10000038146972656,1.0,0.0,0.0,0.0
uav_05,38.329662,-18.235906967997387,46.303065230403156,0.10000038146972656,1.0,0.0,0.0,0.0
uav_05,38.429622,-18.235906967997387,46.303065230403156,0.10000038146972656,1.0,0.0,0.0,0.0
uav_05,38.529582,-18.235906967997387,46.303065230403156,0.10000038146972656,1.0,0.0,0.0,0.0
uav_05,38.629542,-18.235906967997387,46.303065230403156,0.10000038146972656,1.0,0.0,0.0,0.0
uav_05,38.729502,-18.235906967997387,46.303065230403156,0.10000038146972656,1.0,0.0,0.0,0.0
uav_05,38.829462,-18.235906967997387,46.303065230403156,0.10000038146972656,1.0,0.0,0.0,0.0
uav_05,38.929422,-18.235906967997387,46.303065230403156,0.10000038146972656,1.0,0.0,0.0,0.0
uav_05,39.029382,-18.235906967997387,46.303065230403156,0.10000038146972656,1.0,0.0,0.0,0.0
uav_05,39.129342,-18.235906967997387,46.303065230403156,0.10000038146972656,1.0,0.0,0.0,0.0
uav_05,39.229302,-18.235906967997387,46.303065230403156,0.10000038146972656,1.0,0.0,0.0,0.0
uav_05,39.329262,-18.235906967997387,46.303065230403156,0.10000038146972656,1.0,0.0,0.0,0.0
uav_05,39.429222,-18.235906967997387,46.303065230403156,0.10000038146972656,1.0,0.0,0.0,0.0
uav_05,39.529182,-18.235906967997387,46.303065230403156,0.10000038146972656,1.0,0.0,0.0,0.0
uav_05,39.629142,-18.235906967997387,46.303065230403156,0.10000038146972656,1.0,0.0,0.0,0.0
uav_05,39.729102,-18.235906967997387,46.303065230403156,0.10000038146972656,1.0,0.0,0.0,0.0
uav_05,39.829062,-18.235906967997387,46.303065230403156,0.10000038146972656,1.0,0.0,0.0,0.0
uav_05,39.929022,-18.235906967997387,46.303065230403156,0.10000038146972656,1.0,0.0,0.0,0.0
uav_05,40.029815,-18.235906967997387,46.303065230403156,0.10000038146972656,1.0,0.0,0.0,0.0
uav_05,40.129775,-18.235906967997387,46.303065230403156,0.10000038146972656,1.0,0.0,0.0,0.0
uav_05,40.229735,-18.235906967997387,46.303065230403156,0.10000038146972656,1.0,0.0,0.0,0.0
uav_05,40.329695,-18.235906967997387,46.303065230403156,0.10000038146972656,1.0,0.0,0.0,0.0
uav_05,40.429655,-18.235906967997387,46.303065230403156,0.10000038146972656,1.0,0.0,0.0,0.0
uav_05,40.529615,-18.235906967997387,46.303065230403156,0.10000038146972656,1.0,0.0,0.0,0.0
uav_05,40.629575,-18.235906967997387,46.303065230403156,0.10000038146972656,1.0,0.0,0.0,0.0
uav_05,40.729535,-18.235906967997387,46.303065230403156,0.10000038146972656,1.0,0.0,0.0,0.0
uav_05,40.829495,-18.235906967997387,46.303065230403156,0.10000038146972656,1.0,0.0,0.0,0.0
uav_05,40.929455,-18.235906967997387,46.303065230403156,0.10000038146972656,1.0,0.0,0.0,0.0
uav_05,41.029415,-18.235906967997387,46.303065230403156,0.10000038146972656,1.0,0.0,0.0,0.0
uav_05,41.129375,-18.235906967997387,46.303065230403156,0.10000038146972656,1.0,0.0,0.0,0.0
uav_05,41.229335,-18.235906967997387,46.303065230403156,0.10000038146972656,1.0,0.0,0.0,0.0
uav_05,41.329295,-18.235906967997387,46.303065230403156,0.10000038146972656,1.0,0.0,0.0,0.0
uav_05,41.429255,-18.235906967997387,46.303065230403156,0.10000038146972656,1.0,0.0,0.0,0.0
uav_05,41.529215,-18.235906967997387,46.303065230403156,0.10000038146972656,1.0,0.0,0.0,0.0
uav_05,41.629175,-18.235906967997387,46.303065230403156,0.10000038146972656,1.0,0.0,0.0,0.0
uav_05,41.729135,-18.235906967997387,46.303065230403156,0.10000038146972656,1.0,0.0,0.0,0.0
uav_05,41.829095,-18.235906967997387,46.303065230403156,0.10000038146972656,1.0,0.0,0.0,0.0
uav_05,41.929055,-18.235906967997387,46.303065230403156,0.10000038146972656,1.0,0.0,0.0,0.0
uav_05,42.029015,-18.235906967997387,46.303065230403156,0.10000038146972656,1.0,0.0,0.0,0.0
uav_05,42.129808,-18.235906967997387,46.303065230403156,0.10000038146972656,1.0,0.0,0.0,0.0
uav_05,42.229768,-18.235906967997387,46.303065230403156,0.10000038146972656,1.0,0.0,0.0,6.72692457293067e-11
uav_05,42.329728,-18.235906967997387,46.303065230403156,0.10000038146972656,1.0,0.0,0.0,-3.9430728127065606e-10
uav_05,42.429688,-18.235906967997387,46.303065230403156,0.10000038146972656,1.0,0.0,0.0,-2.437488149098499e-07
uav_05,42.529648,-18.235906967997387,46.303065230403156,0.10000038146972656,1.0,0.0,0.0,-4.797899464392685e-07
uav_05,42.629608,-18.235906967997387,46.303065230403156,0.10000038146972656,1.0,0.0,0.0,-6.709546482852602e-07
uav_05,42.729568,-18.235906967997387,46.303065230403156,0.1400003433227539,1.0,0.0,0.0,-8.522072221239796e-07
uav_05,42.829528,-18.235906967997387,46.303065230403156,0.18999958038330078,1.0,0.0,0.0,-1.04853393168014e-06
uav_05,42.929488,-18.235906967997387,46.303065230403156,0.2700004577636719,0.9999990463256836,-0.0009900699369609356,-0.0009406382450833917,-9.171041710942518e-06
uav_05,43.029448,-18.235906967997387,46.303065230403156,0.39999961853027344,0.9999898076057434,-0.003149481024593115,-0.003225747961550951,-3.695474879350513e-05
uav_05,43.129408,-18.235906967997387,46.303065230403156,0.5900001525878906,0.9999731183052063,-0.005099132657051086,-0.005270823836326599,-8.325678936671466e-05
uav_05,43.229368,-18.235906967997387,46.303065230403156,0.7899999618530273,0.9999642968177795,-0.0058746845461428165,-0.006068193819373846,-0.00014604376337956637
uav_05,43.329328,-18.235906967997387,46.303065230403156,1.010000228881836,0.999970018863678,-0.0053714183159172535,-0.005567329935729504,-0.0002097803371725604
uav_05,43.429288,-18.245555595449655,46.303065230403156,1.2200002670288086,0.9999825358390808,-0.0041091362945735455,-0.004243492614477873,-0.00026911767781712115
uav_05,43.529248,-18.245555595449655,46.31415047478226,1.4300003051757812,0.9999938011169434,-0.002418645191937685,-0.002547368872910738,-0.0003222987288609147
uav_05,43.629208,-18.255204222901924,46.31415047478226,1.6499996185302734,0.9999990463256836,-0.0009125403012149036,-0.000946872984059155,-0.00036753370659425855
uav_05,43.729168,-18.255204222901924,46.32523571876754,1.869999885559082,0.9999998807907104,3.206368273822591e-05,0.0001425857626600191,-0.0004008640826214105
uav_05,43.829128,-18.264852851725344,46.32523571876754,2.1000003814697266,0.9999996423721313,0.0003340310649946332,0.0005924068973399699,-0.0004215673834551126
uav_05,43.929088,-18.264852851725344,46.33632096314664,2.3299999237060547,0.9999997019767761,0.000354650808731094,0.0005540892598219216,-0.00042989698704332113
uav_05,44.029048,-18.274501479177612,46.33632096314664,2.5500001907348633,0.9999997615814209,0.00039112078957259655,0.0002774320018943399,-0.000425409380113706
uav_05,44.129008,-18.274501479177612,46.33632096314664,2.7799997329711914,0.9999998211860657,0.0004006069793831557,0.00015443351003341377,-0.0004111031594220549
uav_05,44.229801,-18.274501479177612,46.347406207525744,3.010000228881836,0.9999998211860657,0.000342607032507658,0.0002259627217426896,-0.00039653858402743936
uav_05,44.329761,-18.284150108001032,46.347406207525744,3.239999771118164,0.9999996423721313,0.0005784044042229652,0.0005128415068611503,-0.00038483733078464866
uav_05,44.429721,-18.284150108001032,46.347406207525744,3.4700002670288086,0.9999992251396179,0.0008676896686665714,0.0008207996725104749,-0.0003710951132234186
uav_05,44.529681,-18.284150108001032,46.35849145151103,3.6999998092651367,0.9999987483024597,0.0011708172969520092,0.001023204647935927,-0.00035292661050334573
uav_05,44.629641,-18.284150108001032,46.35849145151103,3.9200000762939453,0.9999982714653015,0.0014265658101066947,0.001140877022407949,-0.0003383753355592489
uav_05,44.729601,-18.284150108001032,46.35849145151103,4.149999618530273,0.9999979734420776,0.0016078801127150655,0.0011734572472050786,-0.00033221582998521626
uav_05,44.829561,-18.2937987354533,46.35849145151103,4.379999160766602,0.9999983310699463,0.0014259277377277613,0.0010769265936687589,-0.0003356388187967241
uav_05,44.929521,-18.2937987354533,46.35849145151103,4.600000381469727,0.999998927116394,0.0009903210448101163,0.0009823199361562729,-0.00034982626675628126
uav_05,45.029481,-18.2937987354533,46.35849145151103,4.819999694824219,0.999999463558197,0.0004621862026397139,0.0008578664856031537,-0.00036886983434669673
uav_05,45.129441,-18.2937987354533,46.35849145151103,5.040000915527344,0.9999995231628418,6.384960579453036e-05,0.0008938561659306288,-0.00039442101842723787
uav_05,45.229401,-18.2937987354533,46.35849145151103,5.25,0.9999993443489075,-5.870490713277832e-05,0.0010616905055940151,-0.00042329583084210753
uav_05,45.329361,-18.2937987354533,46.35849145151103,5.459999084472656,0.9999992847442627,3.955282591050491e-05,0.0010693222284317017,-0.00045198702719062567
uav_05,45.429321,-18.2937987354533,46.35849145151103,5.659999847412109,0.9999995231628418,0.00025941553758457303,0.0008167644846253097,-0.0004799418384209275
uav_05,45.529281,-18.2937987354533,46.35849145151103,5.850000381469727,0.9999995827674866,0.0005589465727098286,0.000452164065791294,-0.0005065292352810502
uav_05,45.629241,-18.2937987354533,46.35849145151103,6.030000686645508,0.999999463558197,0.0008697084849700332,3.2244701287709177e-05,-0.0005313503206707537
uav_05,45.729201,-18.2937987354533,46.35849145151103,6.209999084472656,0.9999991059303284,0.0011812704615294933,-0.0002325769019080326,-0.0005517851677723229
uav_05,45.829161,-18.2937987354533,46.35849145151103,6.379999160766602,0.9999989867210388,0.0011745401425287127,-0.0005006763385608792,-0.0005712284473702312
uav_05,45.929121,-18.2937987354533,46.35849145151103,6.530000686645508,0.9999991655349731,0.0009531408431939781,-0.0006379490368999541,-0.0005907872691750526
uav_05,46.029081,-18.284150108001032,46.35849145151103,6.670000076293945,0.999999463558197,0.0005981922149658203,-0.0005462051485665143,-0.0006098088924773037
uav_05,46.129041,-18.284150108001032,46.35849145151103,6.809999465942383,0.9999997019767761,0.00024197279708459973,-0.0002529690391384065,-0.0006266961572691798
uav_05,46.229001,-18.284150108001032,46.35849145151103,6.920000076293945,0.9999997615814209,4.806045035365969e-05,7.161757093854249e-05,-0.0006418648990802467
uav_05,46.329794,-18.284150108001032,46.35849145151103,7.030000686645508,0.9999997019767761,2.0608636987162754e-05,0.0004015346639789641,-0.0006562536000274122
uav_05,46.429754,-18.284150108001032,46.35849145151103,7.120000839233398,0.9999996423721313,-0.00011912660556845367,0.00046174225280992687,-0.0006711345049552619
uav_05,46.529714,-18.284150108001032,46.35849145151103,7.209999084472656,0.9999996423721313,-0.00020835819304920733,0.0004009494441561401,-0.0006896559498272836
uav_05,46.629674,-18.284150108001032,46.35849145151103,7.280000686645508,0.9999996423721313,-0.00030852132476866245,0.00031228820444084704,-0.000709226937033236
uav_05,46.729634,-18.284150108001032,46.35849145151103,7.340000152587891,0.9999996423721313,-0.00042199422023259103,0.00016143755055963993,-0.0007278422126546502
uav_05,46.829594,-18.284150108001032,46.35849145151103,7.3899993896484375,0.9999995827674866,-0.0005473676137626171,-3.7911369872745126e-05,-0.0007452959544025362
uav_05,46.929554,-18.284150108001032,46.35849145151103,7.440000534057617,0.9999995827674866,-0.0004962225793860853,3.174923040205613e-05,-0.0007608685991726816
uav_05,47.029514,-18.284150108001032,46.35849145151103,7.479999542236328,0.9999996423721313,-0.00033952132798731327,0.00011782196816056967,-0.0007752508972771466
uav_05,47.129474,-18.284150108001032,46.35849145151103,7.510000228881836,0.9999996423721313,-0.0002921181730926037,0.0001888713741209358,-0.0007879023905843496
uav_05,47.229434,-18.284150108001032,46.35849145151103,7.540000915527344,0.9999995827674866,-0.00036335826735012233,0.00022866281506139785,-0.000799289729911834
uav_05,47.329394,-18.284150108001032,46.35849145151103,7.559999465942383,0.9999995231628418,-0.0004010732809547335,0.00033753630123101175,-0.0008100508712232113
uav_05,47.429354,-18.284150108001032,46.35849145151103,7.579999923706055,0.9999995231628418,-0.00034312333445996046,0.0003339805407449603,-0.0008217851864174008
uav_05,47.529314,-18.284150108001032,46.35849145151103,7.600000381469727,0.9999995827674866,-0.00031599990325048566,0.00023908088041935116,-0.0008347444818355143
uav_05,47.629274,-18.284150108001032,46.35849145151103,7.620000839233398,0.9999995827674866,-0.00034972550929524004,4.6204320824472234e-05,-0.000850755488499999
uav_05,47.729234,-18.284150108001032,46.35849145151103,7.629999160766602,0.9999995231628418,-0.00038627529283985496,-7.266847387654707e-05,-0.0008692461997270584
uav_05,47.829194,-18.284150108001032,46.35849145151103,7.6399993896484375,0.999999463558197,-0.0005107955075800419,-0.00011251781688770279,-0.0008921103435568511
uav_05,47.929154,-18.284150108001032,46.35849145151103,7.649999618530273,0.9999994039535522,-0.0005300142802298069,-0.00023655469703953713,-0.0009109312086366117
uav_05,48.029114,-18.284150108001032,46.35849145151103,7.659999847412109,0.9999994039535522,-0.00045173816033639014,-0.0003524540225043893,-0.0009308387525379658
uav_05,48.129074,-18.284150108001032,46.35849145151103,7.670000076293945,0.9999995231628418,-0.0001528540306026116,-0.0001583136327099055,-0.0009460545843467116
uav_05,48.229034,-18.284150108001032,46.35849145151103,7.680000305175781,0.9999995231628418,0.00010145764099434018,7.579172233818099e-05,-0.0009665109100751579
uav_05,48.328994,-18.284150108001032,46.35849145151103,7.680000305175781,0.999999463558197,3.366858800291084e-05,0.0001863895740825683,-0.0010042499052360654
uav_05,48.429787,-18.284150108001032,46.35849145151103,7.690000534057617,0.9999994039535522,-0.00021022831788286567,0.0002838023647200316,-0.0010364842601120472
uav_05,48.529747,-18.284150108001032,46.35849145151103,7.700000762939453,0.9999992251396179,-0.0004443323996383697,0.0004233512154314667,-0.0010620404500514269
uav_05,48.629707,-18.284150108001032,46.35849145151103,7.700000762939453,0.9999989867210388,-0.0006840735441073775,0.0005695658619515598,-0.0010810913518071175
uav_05,48.729667,-18.284150108001032,46.35849145151103,7.709999084472656,0.9999989867210388,-0.0006906486814841628,0.0005909113097004592,-0.0010931678116321564
uav_05,48.829627,-18.284150108001032,46.35849145151103,7.709999084472656,0.9999992251396179,-0.00038950942689552903,0.00042746434337459505,-0.0010982445674017072
uav_05,48.929587,-18.284150108001032,46.35849145151103,7.719999313354492,0.9999993443489075,3.1665074402553728e-06,0.0002671420807018876,-0.0010994888143613935
uav_05,49.029547,-18.284150108001032,46.35849145151103,7.719999313354492,0.9999993443489075,0.0002167240163544193,0.00018682898371480405,-0.0011059865355491638
uav_05,49.129507,-18.284150108001032,46.35849145151103,7.719999313354492,0.9999993443489075,0.00032192037906497717,6.554540595971048e-05,-0.0011128397891297936
uav_05,49.229467,-18.284150108001032,46.35849145151103,7.729999542236328,0.9999992847442627,0.0004185579891782254,-4.429943874129094e-05,-0.0011242054169997573
uav_05,49.329427,-18.284150108001032,46.35849145151103,7.729999542236328,0.9999992847442627,0.00031899206805974245,-0.00014360799104906619,-0.0011361278593540192
uav_05,49.429387,-18.284150108001032,46.35849145151103,7.729999542236328,0.9999992847442627,0.0001073570383596234,-0.00024906336329877377,-0.0011570034548640251
uav_05,49.529347,-18.284150108001032,46.35849145151103,7.729999542236328,0.9999992251396179,0.00019829212396871299,-0.0003384965821169317,-0.0011806004913523793
uav_05,49.629307,-18.284150108001032,46.347406207525744,7.739999771118164,0.9999984502792358,0.0012927234638482332,-7.918142364360392e-05,-0.001200679107569158
uav_05,49.729267,-18.284150108001032,46.347406207525744,7.739999771118164,0.9999895095825195,0.004269579891115427,0.0010851331753656268,-0.0012283721007406712
uav_05,49.829227,-18.284150108001032,46.347406207525744,7.739999771118164,0.9999478459358215,0.009540636092424393,0.0034196784254163504,-0.0012622050708159804
uav_05,49.929187,-18.284150108001032,46.347406207525744,7.739999771118164,0.999836802482605,0.01671198196709156,0.006733122747391462,-0.0013041599886491895
uav_05,50.029147,-18.274501479177612,46.347406207525744,7.739999771118164,0.999630868434906,0.02495221607387066,0.010660997591912746,-0.0013646462466567755
uav_05,50.129107,-18.264852851725344,46.347406207525744,7.75,0.9993379712104797,0.033225156366825104,0.014752230606973171,-0.0014559337869286537
uav_05,50.229067,-18.245555595449655,46.33632096314664,7.75,0.9990168809890747,0.04026433452963829,0.018479928374290466,-0.0015994926216080785
uav_05,50.329027,-18.235906967997387,46.32523571876754,7.75,0.9987251162528992,0.04570462927222252,0.02135271392762661,-0.0018149848328903317
uav_05,50.428987,-18.206961082898278,46.31415047478226,7.75,0.9984923601150513,0.04973765090107918,0.023125365376472473,-0.002088491804897785
uav_05,50.52978,-18.16836657171805,46.303065230403156,7.75,0.9983126521110535,0.05282260850071907,0.023996584117412567,-0.002390405163168907
uav_05,50.62974,-18.120123431714408,46.29197998602405,7.75,0.9981520175933838,0.0554862804710865,0.024630634114146233,-0.0026771139819175005
uav_05,50.7297,-18.06223166288734,46.269809497659665,7.75,0.9979649186134338,0.05806029215455055,0.02623455412685871,-0.0025993958115577698
uav_05,50.82966,-18.013988522883693,46.247639009295284,7.75,0.9977617859840393,0.059724222868680954,0.030060911551117897,0.0008985017775557935
uav_05,50.92962,-17.93679949915209,46.21438327655179,7.760000228881836,0.9974502325057983,0.06036780774593353,0.035527534782886505,0.013657206669449806
uav_05,51.02958,-17.869259102872753,46.170042299429205,7.760000228881836,0.9965552687644958,0.06089913845062256,0.039608635008335114,0.040000349283218384
uav_05,51.12954,-17.78242145031773,46.136786566685714,7.760000228881836,0.9940189123153687,0.062095895409584045,0.04046138375997543,0.0802086740732193
uav_05,51.2295,-17.695583797762705,46.08136034557784,7.760000228881836,0.9884013533592224,0.06439671665430069,0.037309058010578156,0.1323775053024292
uav_05,51.32946,-17.599097517755414,46.03701936845525,7.760000228881836,0.9781901240348816,0.06813464313745499,0.030647464096546173,0.1938103586435318
uav_05,51.42942,-17.502611237748123,45.97050790296828,7.760000228881836,0.9621607661247253,0.0732790157198906,0.021517423912882805,0.261560320854187
uav_05,51.52938,-17.39647632891741,45.903996437481304,7.760000228881836,0.9396411776542664,0.07929357886314392,0.011089089326560497,0.33266201615333557
uav_05,51.62934,-17.28069279263443,45.84857021637343,7.760000228881836,0.9106734395027161,0.08508507907390594,0.00010582432150840759,0.4042702615261078
uav_05,51.7293,-17.16490925635145,45.770973506507346,7.760000228881836,0.8760299682617188,0.08969642221927643,-0.01078916247934103,0.47371891140937805
uav_05,51.82926,-17.0394770926162,45.70446204102037,7.760000228881836,0.8372505307197571,0.09190692752599716,-0.021031126379966736,0.5386300086975098
uav_05,51.92922,-16.88509904378184,45.637950575533395,7.760000228881836,0.7963014841079712,0.09089600294828415,-0.030279725790023804,0.5972645878791809
uav_05,52.02918,-16.750018251223167,45.56035386566732,7.770000457763672,0.7550409436225891,0.08700177818536758,-0.03810194134712219,0.6487619876861572
uav_05,52.12914,-16.595640203759967,45.48275715580124,7.770000457763672,0.7148535847663879,0.08161187916994095,-0.04403156787157059,0.6930981874465942
uav_05,52.2291,-16.421964898649914,45.416245690314256,7.770000457763672,0.6765040755271912,0.07629845291376114,-0.04790947958827019,0.7309073209762573
uav_05,52.32906,-16.267586849815558,45.33864898084201,7.770000457763672,0.6401423811912537,0.07226593047380447,-0.04980717599391937,0.7632264494895935
uav_05,52.42902,-16.09391154607666,45.261052270975924,7.770000457763672,0.6054109334945679,0.06987807154655457,-0.05033200979232788,0.791240394115448
uav_05,52.529813,-15.910587613514345,45.19454080548895,7.770000457763672,0.5714800357818604,0.06878143548965454,-0.051074761897325516,0.8161317110061646
uav_05,52.629773,-15.727263680952028,45.12802934000197,7.770000457763672,0.5401318669319153,0.06723932176828384,-0.05423779413104057,0.8371347784996033
uav_05,52.729733,-15.543939748389715,45.03934738615062,7.780000686645508,0.514126181602478,0.06478392332792282,-0.05928764492273331,0.8532070517539978
uav_05,52.829693,-15.35096718837513,44.96175067628453,7.780000686645508,0.49593308568000793,0.06187790259718895,-0.06430503726005554,0.8637629151344299
uav_05,52.929653,-15.157994626989392,44.895239210797556,7.780000686645508,0.48641178011894226,0.05960933119058609,-0.06726675480604172,0.8690946102142334
uav_05,53.029613,-14.955373439522543,44.81764250093148,7.780000686645508,0.48502275347709656,0.05873299762606621,-0.06712432950735092,0.8699411749839783
uav_05,53.129573,-14.752752250684534,44.7511310354445,7.780000686645508,0.4903475344181061,0.059611521661281586,-0.06410865485668182,0.8671192526817322
uav_05,53.229533,-14.540482434394262,44.67353432557842,7.780000686645508,0.5005282163619995,0.062369637191295624,-0.058993421494960785,0.8614530563354492
uav_05,53.329493,-14.328212616732836,44.60702286009144,7.780000686645508,0.5135840177536011,0.06662120670080185,-0.05298396199941635,0.8538066744804382
uav_05,53.429453,-14.115942800442564,44.529426150619194,7.780000686645508,0.5275581479072571,0.07136344164609909,-0.04707683250308037,0.8452061414718628
uav_05,53.529413,-13.903672984152292,44.45182944075311,7.780000686645508,0.5406626462936401,0.07555005699396133,-0.04212819039821625,0.836780309677124
uav_05,53.629373,-13.691403167862017,44.38531797526613,7.780000686645508,0.5515106916427612,0.07838738709688187,-0.038611870259046555,0.8295784592628479
uav_05,53.729333,-13.469484722748325,44.29663602141478,7.780000686645508,0.5592033863067627,0.07970251888036728,-0.0366542711853981,0.8243758082389832
uav_05,53.829293,-13.257214906458051,44.21903931154869,7.780000686645508,0.5633392333984375,0.07971017062664032,-0.03605491667985916,0.8215809464454651
uav_05,53.929253,-13.035296461344359,44.130357357697335,7.780000686645508,0.5639848113059998,0.07873108983039856,-0.03667297959327698,0.8212050199508667
uav_05,54.029213,-12.823026645054085,44.03059015907304,7.780000686645508,0.5615693926811218,0.07722961902618408,-0.03835589438676834,0.8229242563247681
uav_05,54.129173,-12.601108201311543,43.94190820522169,7.780000686645508,0.5567816495895386,0.0755203440785408,-0.04054395109415054,0.8262245655059814
uav_05,54.229133,-12.379189756197851,43.85322625137033,7.780000686645508,0.5504763722419739,0.07376433163881302,-0.04289332777261734,0.8304786086082458
uav_05,54.329093,-12.157271311084155,43.75345905313986,7.780000686645508,0.5435342192649841,0.07227399945259094,-0.04505491629242897,0.8350551128387451
uav_05,54.429053,-11.935352867341615,43.6536918549094,7.780000686645508,0.5367892384529114,0.07120087742805481,-0.046882178634405136,0.8393985033035278
uav_05,54.529013,-11.713434422227921,43.55392465667894,7.780000686645508,0.5309370756149292,0.07042183727025986,-0.048184800893068314,0.8431042432785034
uav_05,54.629806,-11.49151597848538,43.47632794681285,7.780000686645508,0.5264390707015991,0.06990048289299011,-0.04902982711791992,0.8459148406982422
uav_05,54.729766,-11.269597533371686,43.36547550420329,7.780000686645508,0.5236225724220276,0.06973378360271454,-0.04945638030767441,0.8476500511169434
uav_05,54.829726,-11.038030460805725,43.26570830597282,7.780000686645508,0.522488534450531,0.0695960745215416,-0.0494706928730011,0.848360002040863
uav_05,54.929686,-10.81611201569203,43.165941107742356,7.780000686645508,0.5228772163391113,0.06940696388483047,-0.04887193813920021,0.8481707572937012
uav_05,55.029646,-10.584544943126069,43.066173909511896,7.780000686645508,0.5244619846343994,0.06905872374773026,-0.04761803150177002,0.8472915291786194
uav_05,55.129606,-10.362626499383527,42.97749195566054,7.780000686645508,0.5268757939338684,0.06807394325733185,-0.04564252868294716,0.8459814190864563
uav_05,55.229566,-10.131059426817567,42.87772475743007,7.780000686645508,0.5297072529792786,0.06622771918773651,-0.04298578202724457,0.8444977402687073
uav_05,55.329526,-9.909140981703873,42.777957559199606,7.780000686645508,0.5325393676757812,0.0637088492512703,-0.0398118682205677,0.8430646657943726
uav_05,55.429486,-9.67757390913791,42.67819036096915,7.780000686645508,0.5350468158721924,0.06058647856116295,-0.03664341941475868,0.8418499827384949
uav_05,55.529446,-9.465304092847635,42.57842316273868,7.780000686645508,0.5369755029678345,0.05706368759274483,-0.03371068462729454,0.8409902453422546
uav_05,55.629406,-9.243385647733941,42.47865596450822,7.780000686645508,0.5381840467453003,0.05322776362299919,-0.031011775135993958,0.8405730128288269
uav_05,55.729366,-9.021467203991401,42.38997401026303,7.780000686645508,0.5386193990707397,0.049123577773571014,-0.028397738933563232,0.8406363725662231
uav_05,55.829326,-8.799548758877707,42.29020681203257,7.790000915527344,0.5383403301239014,0.044435497373342514,-0.025798490270972252,0.8411597013473511
uav_05,55.929286,-8.606576198863124,42.190439613802106,7.790000915527344,0.5374288558959961,0.039538513869047165,-0.023198651149868965,0.8420621752738953
uav_05,56.029246,-8.403955010025118,42.10175765995074,7.790000915527344,0.5360301733016968,0.03411061689257622,-0.02026781439781189,0.8432658910751343
uav_05,56.129206,-8.201333821187113,42.01307570570556,7.790000915527344,0.5343040227890015,0.02766222134232521,-0.016515929251909256,0.8446781039237976
uav_05,56.229166,-8.018009888624798,41.924393751854204,7.790000915527344,0.5324493050575256,0.020744560286402702,-0.012355111539363861,0.8461174964904785
uav_05,56.329126,-7.834685956062481,41.85788228636722,7.790000915527344,0.5307372808456421,0.01396572683006525,-0.008067729882895947,0.8473829627037048
uav_05,56.429086,-7.6610106523235855,41.769200332515865,7.790000915527344,0.5293566584587097,0.007738253567367792,-0.003943870775401592,0.8483549356460571
uav_05,56.529046,-7.496983976036959,41.69160362264979,7.790000915527344,0.5284170508384705,0.002135172951966524,0.00010208351159235463,0.8489822149276733
uav_05,56.629006,-7.342605927202602,41.61400691278371,7.790000915527344,0.5279594659805298,-0.0035868766717612743,0.004265304189175367,0.8492513298988342
uav_05,56.729799,-7.197876507191663,41.54749544729673,7.790000915527344,0.5279423594474792,-0.010041856206953526,0.008740466088056564,0.8491758704185486
uav_05,56.829759,-7.07244434208526,41.49206922618886,7.790000915527344,0.5282756686210632,-0.01665743812918663,0.012964971363544464,0.8488104939460754
uav_05,56.929719,-6.947012178350012,41.43664300468716,7.790000915527344,0.5288822650909424,-0.022161081433296204,0.01642024889588356,0.8482468724250793
uav_05,57.029679,-6.840877269519298,41.38121678357929,7.790000915527344,0.5296682715415955,-0.025709088891744614,0.0185947697609663,0.8476112484931946
uav_05,57.129639,-6.744390989512007,41.336875806456696,7.790000915527344,0.5305215120315552,-0.027422960847616196,0.019524289295077324,0.8470027446746826
uav_05,57.229599,-6.667201965780403,41.30362007371321,7.790000915527344,0.5313374996185303,-0.027826054021716118,0.019321223720908165,0.8464826345443726
uav_05,57.329559,-6.599661569501069,41.27036434096972,7.790000915527344,0.5320234894752502,-0.02758183144032955,0.018681993708014488,0.8460739850997925
uav_05,57.429519,-6.541769800674002,41.23710860822624,7.790000915527344,0.5321463346481323,-0.040939368307590485,0.027585141360759735,0.8452119827270508
uav_05,57.529479,-6.493526660670356,41.214938119861856,7.790000915527344,0.5317368507385254,-0.059170160442590714,0.039645228534936905,0.8439094424247742
uav_05,57.629439,-6.4452835206667105,41.203852875482745,7.790000915527344,0.5313676595687866,-0.06911098212003708,0.04607844725251198,0.8430591821670532
uav_05,57.729399,-6.4452835206667105,41.19276763149747,7.790000915527344,0.5313664078712463,-0.06819336116313934,0.04518266022205353,0.8431832194328308
uav_05,57.829359,-6.4452835206667105,41.19276763149747,7.790000915527344,0.531544029712677,-0.06083042919635773,0.040188468992710114,0.8438871502876282
uav_05,57.929319,-6.4452835206667105,41.19276763149747,7.790000915527344,0.5312351584434509,-0.06143895909190178,0.040472544729709625,0.8440239429473877
uav_05,58.029279,-6.474229404394667,41.203852875482745,7.790000915527344,0.5310797095298767,-0.05770578980445862,0.03764115646481514,0.8445161581039429
uav_05,58.129239,-6.512823916946045,41.214938119861856,7.799999237060547,0.5311039090156555,-0.048385266214609146,0.03079913929104805,0.845363199710846
uav_05,58.229199,-6.551418429497423,41.23710860822624,7.799999237060547,0.5311681628227234,-0.036079041659832,0.02203894592821598,0.8462108969688416
uav_05,58.329159,-6.599661569501069,41.24819385260534,7.799999237060547,0.5311697721481323,-0.023987120017409325,0.013635609298944473,0.8468159437179565
uav_05,58.429119,-6.647904709504715,41.27036434096972,7.799999237060547,0.5311189293861389,-0.014227713458240032,0.007165508810430765,0.8471474647521973
uav_05,58.529079,-6.69614784950836,41.29253482972793,7.799999237060547,0.5310630202293396,-0.001543367630802095,-0.0012548333033919334,0.8473299741744995
uav_05,58.629039,-6.744390989512007,41.314705318092315,7.799999237060547,0.5308904647827148,0.016889743506908417,-0.013711904175579548,0.8471611738204956
uav_05,58.728999,-6.782985502063385,41.336875806456696,7.799999237060547,0.53066486120224,0.030799709260463715,-0.022966710850596428,0.8467105031013489
uav_05,58.829792,-6.8119313857913415,41.3479610508358,7.799999237060547,0.5306307673454285,0.036491505801677704,-0.026690354570746422,0.8463965058326721
uav_05,58.929752,-6.83122864206703,41.35904629521491,7.799999237060547,0.5306223034858704,0.0415784977376461,-0.029982615262269974,0.8460568785667419
uav_05,59.029712,-6.840877269519298,41.35904629521491,7.799999237060547,0.5304250121116638,0.051441192626953125,-0.03656712919473648,0.8453791737556458
uav_05,59.129672,-6.840877269519298,41.37013153920019,7.799999237060547,0.5304866433143616,0.05482961982488632,-0.039593569934368134,0.844991147518158
uav_05,59.229632,-6.82158001324361,41.35904629521491,7.809999465942383,0.5308715105056763,0.051340457051992416,-0.039301108568906784,0.8449822664260864
uav_05,59.329592,-6.792634129515653,41.3479610508358,7.809999465942383,0.5313811898231506,0.044257450848817825,-0.037589725106954575,0.8451403975486755
uav_05,59.429552,-6.763688245787695,41.336875806456696,7.809999465942383,0.5318230986595154,0.03713059052824974,-0.03662128746509552,0.8452481031417847
uav_05,59.529512,-6.725093733236318,41.32579056247142,7.809999465942383,0.5320838689804077,0.03250091150403023,-0.037739347666502,0.8452255129814148
uav_05,59.629472,-6.676850593232673,41.314705318092315,7.809999465942383,0.5321272015571594,0.031319599598646164,-0.041451286524534225,0.8450688719749451
uav_05,59.729432,-6.618958825776757,41.30362007371321,7.809999465942383,0.531973659992218,0.033333130180835724,-0.04731377959251404,0.844780683517456
uav_05,59.829392,-6.561067056949691,41.29253482972793,7.809999465942383,0.5317240357398987,0.03704338148236275,-0.05394308641552925,0.8443859219551086
uav_05,59.929352,-6.4838780332180885,41.281449585348824,7.809999465942383,0.5315160155296326,0.04057867079973221,-0.059802889823913574,0.8439595699310303
uav_05,60.029312,-6.406689008115331,41.27036434096972,7.809999465942383,0.5314267873764038,0.0429559126496315,-0.06426578760147095,0.8435699343681335
uav_05,60.129272,-6.31985135693146,41.25927909698444,7.809999465942383,0.5319242477416992,0.043124549090862274,-0.06774237751960754,0.8429756164550781
uav_05,60.229232,-6.213716448100747,41.24819385260534,7.809999465942383,0.5359692573547363,0.039946626871824265,-0.07134625315666199,0.8402683734893799
uav_05,60.329192,-6.097932911817767,41.23710860822624,7.809999465942383,0.5483596324920654,0.034625764936208725,-0.07506339997053146,0.8321467638015747
uav_05,60.429152,-5.982149375534786,41.22602336424096,7.799999237060547,0.5718389749526978,0.03068041056394577,-0.07746630162000656,0.8161236643791199
uav_05,60.529112,-5.866365839251804,41.22602336424096,7.799999237060547,0.6051164865493774,0.031493689864873886,-0.07701889425516129,0.7917765974998474
uav_05,60.629072,-5.731285046693134,41.22602336424096,7.799999237060547,0.6432608366012573,0.03870687633752823,-0.07306671142578125,0.7611691951751709
uav_05,60.729032,-5.596204254134466,41.23710860822624,7.799999237060547,0.6807277202606201,0.05126652121543884,-0.06671346724033356,0.7276886701583862
uav_05,60.828992,-5.441826206671259,41.23710860822624,7.799999237060547,0.7133868932723999,0.06634203344583511,-0.059670306742191315,0.6950664520263672
uav_05,60.929785,-5.2874481578368995,41.24819385260534,7.799999237060547,0.7388826012611389,0.08030231297016144,-0.05326758697628975,0.6669082641601562
uav_05,61.029745,-5.123421481550273,41.24819385260534,7.799999237060547,0.7558706998825073,0.08971665799617767,-0.04815322533249855,0.6467547416687012
uav_05,61.129705,-4.949746176440225,41.24819385260534,7.799999237060547,0.7649113535881042,0.09319902211427689,-0.04489066079258919,0.6357746720314026
uav_05,61.229665,-4.766422243877909,41.23710860822624,7.799999237060547,0.7670750617980957,0.09086930751800537,-0.04404924437403679,0.6335600018501282
uav_05,61.329625,-4.573449683863325,41.22602336424096,7.799999237060547,0.7635799646377563,0.08432810008525848,-0.04589393362402916,0.6385359168052673
uav_05,61.429585,-4.390125751301009,41.214938119861856,7.799999237060547,0.7556504011154175,0.07564526796340942,-0.05032462254166603,0.6486430168151855
uav_05,61.529545,-4.187504562463004,41.203852875482745,7.799999237060547,0.7445389628410339,0.06688233464956284,-0.0564262755215168,0.6618191599845886
uav_05,61.629505,-3.9848833749961523,41.181682387118364,7.799999237060547,0.7316606044769287,0.05972457304596901,-0.06289476156234741,0.6761286854743958
uav_05,61.729465,-3.7726135573347266,41.170597142739254,7.799999237060547,0.7186586856842041,0.05481714755296707,-0.06829604506492615,0.6898263692855835
uav_05,61.829425,-3.560343741044454,41.15951189875398,7.799999237060547,0.707119345664978,0.05213551223278046,-0.0718425065279007,0.701500415802002
uav_05,61.929385,-3.34807392475418,41.15951189875398,7.799999237060547,0.6982622146606445,0.0511825866997242,-0.07348655164241791,0.7102182507514954
uav_05,62.029345,-3.1261554796404867,41.14842665437488,7.809999465942383,0.6927759051322937,0.051369912922382355,-0.07352516800165176,0.7155534625053406
uav_05,62.129305,-2.9042370358979452,41.14842665437488,7.809999465942383,0.6907961368560791,0.052247293293476105,-0.07216287404298782,0.71753990650177
uav_05,62.229265,-2.6823185907842517,41.14842665437488,7.809999465942383,0.6919645071029663,0.05354666709899902,-0.07001028209924698,0.7165307998657227
uav_05,62.329225,-2.45075151821829,41.15951189875398,7.809999465942383,0.6955830454826355,0.05504627898335457,-0.06757048517465591,0.7131397724151611
uav_05,62.429185,-2.2191844456523278,41.15951189875398,7.809999465942383,0.7007665634155273,0.05669161304831505,-0.06518196314573288,0.7081409692764282
uav_05,62.529145,-1.9876173730863658,41.170597142739254,7.809999465942383,0.7066175937652588,0.05824622884392738,-0.06295102089643478,0.7023789286613464
uav_05,62.629105,-1.7560503005204038,41.170597142739254,7.809999465942383,0.7123516798019409,0.059283509850502014,-0.06056235730648041,0.6966869235038757
uav_05,62.729065,-1.5244832279544418,41.181682387118364,7.809999465942383,0.7173578143119812,0.05933216214179993,-0.05779483914375305,0.6917638182640076
uav_05,62.829025,-1.2929161553884796,41.181682387118364,7.809999465942383,0.721214234828949,0.05823090299963951,-0.05494377389550209,0.6880699992179871
uav_05,62.929818,-1.0613490828225178,41.19276763149747,7.809999465942383,0.7237118482589722,0.05594709515571594,-0.051940664649009705,0.6858667731285095
uav_05,63.029778,-0.8104847539808668,41.19276763149747,7.809999465942383,0.724760115146637,0.05285012722015381,-0.04902688413858414,0.6852196455001831
uav_05,63.129738,-0.5789176814149049,41.19276763149747,7.809999465942383,0.724501371383667,0.04923514276742935,-0.04605260118842125,0.6859685182571411
uav_05,63.229698,-0.347350608848943,41.203852875482745,7.809999465942383,0.7231971621513367,0.04516065493226051,-0.043022312223911285,0.6878193616867065
uav_05,63.329658,-0.11578353628298099,41.203852875482745,7.809999465942383,0.721183180809021,0.040569089353084564,-0.03988735005259514,0.6904042363166809
uav_05,63.429618,0.09648628000729206,41.203852875482745,7.809999465942383,0.7188065648078918,0.03563253954052925,-0.0364251509308815,0.6933401823043823
uav_05,63.529578,0.31840472512098583,41.214938119861856,7.809999465942383,0.716410756111145,0.03039543330669403,-0.03261427953839302,0.6962528228759766
uav_05,63.629538,0.5306745414112589,41.214938119861856,7.809999465942383,0.7142842411994934,0.02496655471622944,-0.02842685393989086,0.6988323330879211
uav_05,63.729498,0.7429443577015319,41.214938119861856,7.809999465942383,0.7126616835594177,0.018743915483355522,-0.023037314414978027,0.7008789777755737
uav_05,63.829458,0.9455655465395368,41.214938119861856,7.809999465942383,0.7116310000419617,0.012105581350624561,-0.01659095287322998,0.7022531628608704
uav_05,63.929418,1.138538106554121,41.22602336424096,7.809999465942383,0.7111815810203552,0.005697058048099279,-0.009585902094841003,0.7029199004173279
uav_05,64.029378,1.321862039116437,41.22602336424096,7.809999465942383,0.7112611532211304,-0.0002669784880708903,-0.002687298459932208,0.7029226422309875
uav_05,64.129338,1.4955373442264848,41.23710860822624,7.809999465942383,0.711776852607727,-0.0058632781729102135,0.004121502861380577,0.7023690938949585
uav_05,64.229298,1.649915391689691,41.23710860822624,7.809999465942383,0.7125896215438843,-0.0114641934633255,0.010877205990254879,0.7014030814170837
uav_05,64.329258,1.7946448130717816,41.23710860822624,7.809999465942383,0.7135578393936157,-0.01663978584110737,0.016967985779047012,0.7001931071281433
uav_05,64.429218,1.9393742330827195,41.24819385260534,7.809999465942383,0.7145845890045166,-0.020347021520137787,0.021256469190120697,0.6989299058914185
uav_05,64.529178,2.055157769365701,41.24819385260534,7.809999465942383,0.7155607342720032,-0.02259942889213562,0.0235139150172472,0.6977887749671936
uav_05,64.629138,2.1516440493729925,41.24819385260534,7.809999465942383,0.7164007425308228,-0.02381320483982563,0.024152901023626328,0.696864128112793
uav_05,64.729098,2.2384817019280163,41.24819385260534,7.809999465942383,0.7167180180549622,-0.031735047698020935,0.031325530260801315,0.6959359645843506
uav_05,64.829058,2.3156707256596194,41.25927909698444,7.809999465942383,0.7160025835037231,-0.050094835460186005,0.04921957105398178,0.6945561170578003
uav_05,64.929018,2.3832111219389547,41.25927909698444,7.809999465942383,0.7150469422340393,-0.0631382018327713,0.06200771778821945,0.6934525966644287
uav_05,65.029811,2.4218056344903327,41.25927909698444,7.809999465942383,0.7146636843681335,-0.0658281147480011,0.06482783704996109,0.6933396458625793
uav_05,65.129771,2.4314542619426005,41.25927909698444,7.809999465942383,0.7143083214759827,-0.06632024794816971,0.06526728719472885,0.6936176419258118
uav_05,65.229731,2.4314542619426005,41.25927909698444,7.809999465942383,0.7135428786277771,-0.07000390440225601,0.0681992769241333,0.69376140832901
uav_05,65.329691,2.4121570056669115,41.25927909698444,7.809999465942383,0.7133810520172119,-0.06694410741329193,0.062378786504268646,0.6947768330574036
uav_05,65.429651,2.3832111219389547,41.27036434096972,7.809999465942383,0.7136314511299133,-0.05832456052303314,0.04790983349084854,0.6964431405067444
uav_05,65.529611,2.3349679819353084,41.27036434096972,7.809999465942383,0.7137845754623413,-0.048411775380373,0.02866567112505436,0.698101818561554
uav_05,65.629571,2.2770762144793943,41.27036434096972,7.809999465942383,0.7136679291725159,-0.04058406129479408,0.00893529411405325,0.6992504000663757
uav_05,65.729531,2.2191844456523278,41.281449585348824,7.809999465942383,0.7134276032447815,-0.036668114364147186,-0.008004151284694672,0.6997231245040894
uav_05,65.829491,2.1709413056486815,41.30362007371321,7.809999465942383,0.7133216261863708,-0.036067262291908264,-0.020463868975639343,0.6996089220046997
uav_05,65.929451,2.1034009093693466,41.314705318092315,7.809999465942383,0.7134769558906555,-0.037192609161138535,-0.028349217027425766,0.6991163492202759
uav_05,66.029411,2.055157769365701,41.3479610508358,7.809999465942383,0.7138446569442749,-0.03872258961200714,-0.03312699496746063,0.6984475255012512
uav_05,66.129371,1.9876173730863658,41.38121678357929,7.809999465942383,0.7143157720565796,-0.03986721485853195,-0.036540765315294266,0.6977308988571167
uav_05,66.229331,1.9393742330827195,41.425557760701885,7.819999694824219,0.7147553563117981,-0.04036162048578262,-0.04007098823785782,0.6970581412315369
uav_05,66.329291,1.8911310930790737,41.48098398180976,7.819999694824219,0.71509850025177,-0.040261995047330856,-0.044425804167985916,0.6964477300643921
uav_05,66.429251,1.8525365805276959,41.54749544729673,7.819999694824219,0.7159164547920227,-0.040774960070848465,-0.048763006925582886,0.6952863931655884
uav_05,66.529211,1.8042934405240496,41.61400691278371,7.809999465942383,0.7201238870620728,-0.043100081384181976,-0.05160166695713997,0.6905803680419922
uav_05,66.629171,1.7753475567960926,41.69160362264979,7.809999465942383,0.7317725419998169,-0.04664374515414238,-0.05265219882130623,0.6779093146324158
uav_05,66.729131,1.7367530442447146,41.769200332515865,7.809999465942383,0.752485454082489,-0.04912041872739792,-0.05338378623127937,0.6546014547348022
uav_05,66.829091,1.7078071605167575,41.86896753074633,7.809999465942383,0.7809360027313232,-0.049053266644477844,-0.055067259818315506,0.6202421188354492
uav_05,66.929051,1.6692126479653797,41.9687347289768,7.809999465942383,0.8144784569740295,-0.04594438150525093,-0.058361563831567764,0.5754197835922241
uav_05,67.029011,1.6402667642374227,42.079587171192536,7.809999465942383,0.8501157164573669,-0.039913199841976166,-0.06343819946050644,0.5212348699569702
uav_05,67.129804,1.6113208805094654,42.20152485818121,7.809999465942383,0.8853543400764465,-0.031244270503520966,-0.069387286901474,0.4586467742919922
uav_05,67.229764,1.5920236242337766,42.323462544776056,7.809999465942383,0.9173324704170227,-0.0204466599971056,-0.07397530227899551,0.3906542658805847
uav_05,67.329724,1.5630777405058196,42.45648547575001,7.809999465942383,0.944646954536438,-0.008257064037024975,-0.07583863288164139,0.31909632682800293
uav_05,67.429684,1.5534291116823988,42.60059365110306,7.809999465942383,0.9662488698959351,0.004113055299967527,-0.07432731986045837,0.24662049114704132
uav_05,67.529644,1.5341318554067098,42.73361658207702,7.809999465942383,0.9816888570785522,0.01671796664595604,-0.0693330317735672,0.17663636803627014
uav_05,67.629604,1.5341318554067098,42.87772475743007,7.809999465942383,0.9910228848457336,0.029254361987113953,-0.06131908670067787,0.11514265090227127
uav_05,67.729564,1.5341318554067098,43.0218329323893,7.809999465942383,0.9955052733421326,0.039487820118665695,-0.05164141580462456,0.06887026131153107
uav_05,67.829524,1.5437804842301306,43.177026352121466,7.809999465942383,0.9972524046897888,0.045405447483062744,-0.04164353013038635,0.04113171994686127
uav_05,67.929484,1.5630777405058196,43.32113452747452,7.809999465942383,0.9979070425033569,0.04601431265473366,-0.032669372856616974,0.0315735898911953
uav_05,68.029444,1.5920236242337766,43.47632794681285,7.809999465942383,0.9981352686882019,0.041576892137527466,-0.02451060526072979,0.037371326237916946
uav_05,68.129404,1.6209695079617337,43.60935087778681,7.809999465942383,0.9977898597717285,0.03361886367201805,-0.017151372507214546,0.05468999594449997
uav_05,68.229364,1.6595640205131115,43.73128856438166,7.809999465942383,0.9964407682418823,0.023907922208309174,-0.011316847056150436,0.08003834635019302
uav_05,68.329324,1.7078071605167575,43.85322625137033,7.809999465942383,0.9937663078308105,0.014628385193645954,-0.006977421697229147,0.11029905080795288
uav_05,68.429284,1.7367530442447146,43.97516393796517,7.809999465942383,0.9897469282150269,0.007351881358772516,-0.003386998549103737,0.14260233938694
uav_05,68.529244,1.7753475567960926,44.08601638057475,7.819999694824219,0.9847099184989929,0.0030378098599612713,0.0003346010053064674,0.17417529225349426
uav_05,68.629204,1.8042934405240496,44.18578357880521,7.819999694824219,0.9793269038200378,0.0017361799255013466,0.0041912393644452095,0.20223312079906464
uav_05,68.729164,1.8428879530754274,44.285550777035674,7.819999694824219,0.9744387865066528,0.002626157132908702,0.007823268882930279,0.22450166940689087
uav_05,68.829124,1.8718338368033847,44.38531797526613,7.819999694824219,0.9707867503166199,0.0045934380032122135,0.010972326621413231,0.23964884877204895
uav_05,68.929084,1.9007797205313417,44.45182944075311,7.819999694824219,0.9688148498535156,0.006720988545566797,0.013812407851219177,0.24730929732322693
uav_05,69.029044,1.9393742330827195,44.518340906240084,7.819999694824219,0.9683187007904053,0.012383108027279377,0.02737230248749256,0.24790380895137787
uav_05,69.129004,1.9586714893584087,44.58485237172706,7.819999694824219,0.9691123366355896,0.017313607037067413,0.04161636531352997,0.24246568977832794
uav_05,69.229797,1.9876173730863658,44.64027859283493,7.819999694824219,0.9711363911628723,0.019066961482167244,0.04960121586918831,0.2325301319360733
uav_05,69.329757,2.016563256814323,44.67353432557842,7.819999694824219,0.9740342497825623,0.01732778176665306,0.04989684745669365,0.2201530486345291
uav_05,69.429717,2.055157769365701,44.69570481433663,7.819999694824219,0.976616382598877,0.01706036739051342,0.05596526712179184,0.20687496662139893
uav_05,69.529677,2.0648063968179686,44.70679005832191,7.819999694824219,0.9790492653846741,0.014224722981452942,0.05902436003088951,0.19436146318912506
uav_05,69.629637,2.093752281917078,44.70679005832191,7.819999694824219,0.9813647270202637,0.006923651788383722,0.05489587411284447,0.18401558697223663
uav_05,69.729597,2.1226981656450357,44.69570481433663,7.819999694824219,0.9831908345222473,-0.0040334491059184074,0.045876163989305496,0.17667748034000397
uav_05,69.829557,2.1323467930973035,44.67353432557842,7.819999694824219,0.9842191934585571,-0.016515471041202545,0.03534630686044693,0.17259907722473145
uav_05,69.929517,2.1419954219207242,44.65136383721404,7.819999694824219,0.9844185709953308,-0.028099214658141136,0.026231171563267708,0.1715880036354065
uav_05,70.029477,2.1516440493729925,44.629193348849654,7.819999694824219,0.984002411365509,-0.03694966435432434,0.01955500803887844,0.17318086326122284
uav_05,70.129437,2.1516440493729925,44.59593761610617,7.819999694824219,0.9832069277763367,-0.042594753205776215,0.015739087015390396,0.1767544448375702
uav_05,70.229397,2.1419954219207242,44.573767127347956,7.819999694824219,0.9821973443031311,-0.045874472707509995,0.01403831411153078,0.181622713804245
uav_05,70.329357,2.1226981656450357,44.551596638983575,7.819999694824219,0.9810662865638733,-0.048191819339990616,0.013733175583183765,0.18707729876041412
uav_05,70.429317,2.093752281917078,44.518340906240084,7.819999694824219,0.9798938035964966,-0.050668638199567795,0.01390360202640295,0.19247722625732422
uav_05,70.529277,2.055157769365701,44.4961704178757,7.819999694824219,0.9787648320198059,-0.053894899785518646,0.013978661969304085,0.19728000462055206
uav_05,70.629237,2.016563256814323,44.48508517349659,7.819999694824219,0.9777590036392212,-0.05799856781959534,0.013565419241786003,0.2010958343744278
uav_05,70.729197,1.9683201168106768,44.45182944075311,7.819999694824219,0.9770611524581909,-0.06254581362009048,0.013677742332220078,0.20310688018798828
uav_05,70.829157,1.9007797205313417,44.42965895238873,7.819999694824219,0.977492094039917,-0.06643814593553543,0.015813389793038368,0.1996123343706131
uav_05,70.929117,1.8332393242520069,44.418573708009625,7.809999465942383,0.980140209197998,-0.06915673613548279,0.01954275369644165,0.18482592701911926
uav_05,71.029077,1.7560503005204038,44.38531797526613,7.809999465942383,0.9850395917892456,-0.07103727012872696,0.022158658131957054,0.15543372929096222
uav_05,71.129037,1.6692126479653797,44.38531797526613,7.809999465942383,0.990839421749115,-0.0725327730178833,0.02173539623618126,0.11182058602571487
uav_05,71.228997,1.5727263679580878,44.35206224252265,7.809999465942383,0.9955413937568665,-0.07388107478618622,0.01735125109553337,0.05601634457707405
uav_05,71.32979,1.4762400879507955,44.31880650977916,7.809999465942383,0.9970784187316895,-0.07520809024572372,0.008926195092499256,-0.009936912916600704
uav_05,71.42975,1.3604565516678147,44.29663602141478,7.809999465942383,0.993671178817749,-0.07660399377346039,-0.0024421149864792824,-0.0821186825633049
uav_05,71.52971,1.2446730153848338,44.285550777035674,7.809999465942383,0.9841746091842651,-0.07840046286582947,-0.01533846091479063,-0.15817220509052277
uav_05,71.62967,1.0999435953738956,44.25229504429218,7.809999465942383,0.9682231545448303,-0.08002635091543198,-0.028281260281801224,-0.23524430394172668
uav_05,71.72963,0.9648628028152257,44.25229504429218,7.809999465942383,0.9462963342666626,-0.08064274489879608,-0.04004035145044327,-0.3105104863643646
uav_05,71.82959,0.8297820102565557,44.2301245559278,7.809999465942383,0.9196977019309998,-0.07918733358383179,-0.049822065979242325,-0.38131779432296753
uav_05,71.92955,0.6657553339699288,44.21903931154869,7.809999465942383,0.8901845812797546,-0.07516783475875854,-0.05717982351779938,-0.4457035958766937
uav_05,72.02951,0.5017286576833018,44.20795406716959,7.809999465942383,0.8594365119934082,-0.06942179054021835,-0.06222844868898392,-0.5026699304580688
uav_05,72.12947,0.3377019813966748,44.20795406716959,7.809999465942383,0.8287374973297119,-0.06345968693494797,-0.06549471616744995,-0.5521571040153503
uav_05,72.22943,0.164026676286627,44.20795406716959,7.809999465942383,0.7988750338554382,-0.05826396867632866,-0.0673128217458725,-0.594872236251831
uav_05,72.32939,-0.019297256275688915,44.20795406716959,7.809999465942383,0.7700483798980713,-0.05470417067408562,-0.06791839003562927,-0.6319968104362488
uav_05,72.42935,-0.21226981629027306,44.21903931154869,7.809999465942383,0.7425177693367004,-0.05213825777173042,-0.06901506334543228,-0.6642182469367981
uav_05,72.52931,-0.395593748852589,44.2301245559278,7.809999465942383,0.7182342410087585,-0.049388810992240906,-0.07184139639139175,-0.6903181672096252
uav_05,72.62927,-0.5789176814149049,44.25229504429218,7.809999465942383,0.6996781229972839,-0.046563420444726944,-0.07548917829990387,-0.7089314460754395
uav_05,72.72923,-0.791187497705178,44.26338028867129,7.819999694824219,0.6882408261299133,-0.04428032040596008,-0.07838940620422363,-0.7198742032051086
uav_05,72.82919,-0.9938086865431829,44.285550777035674,7.819999694824219,0.6839615702629089,-0.043228618800640106,-0.07918807119131088,-0.7239178419113159
uav_05,72.92915,-1.2060785028334557,44.31880650977916,7.819999694824219,0.6858522891998291,-0.04417449235916138,-0.07750099152326584,-0.722252607345581
uav_05,73.02911,-1.418348319123729,44.32989175415826,7.819999694824219,0.6923847198486328,-0.04734593629837036,-0.07391291856765747,-0.7161694169044495
uav_05,73.12907,-1.6306181367851544,44.35206224252265,7.819999694824219,0.7018434405326843,-0.05241567641496658,-0.06918659061193466,-0.707023024559021
uav_05,73.22903,-1.8428879530754274,44.38531797526613,7.819999694824219,0.7125381827354431,-0.05836565047502518,-0.06415437906980515,-0.6962521076202393
uav_05,73.32899,-2.0648063968179686,44.418573708009625,7.819999694824219,0.7228897213935852,-0.06396275758743286,-0.05963011458516121,-0.6854074597358704
uav_05,73.429783,-2.2867248419316626,44.45182944075311,7.819999694824219,0.7316960692405701,-0.06826120615005493,-0.055961210280656815,-0.6758916974067688
uav_05,73.529743,-2.5182919144976244,44.46291468513221,7.819999694824219,0.738005518913269,-0.07028884440660477,-0.052980538457632065,-0.6690294742584229
uav_05,73.629703,-2.7402103596113183,44.48508517349659,7.819999694824219,0.7415081858634949,-0.06979652494192123,-0.05045079439878464,-0.6653937101364136
uav_05,73.729663,-2.9717774321772805,44.4961704178757,7.819999694824219,0.7421776056289673,-0.06690740585327148,-0.04822072759270668,-0.665109395980835
uav_05,73.829623,-3.2033445047432423,44.518340906240084,7.819999694824219,0.740261435508728,-0.06234459951519966,-0.04632994160056114,-0.6678171157836914
uav_05,73.929583,-3.4349115773092045,44.518340906240084,7.819999694824219,0.7362377643585205,-0.05689733102917671,-0.04492432251572609,-0.6728286743164062
uav_05,74.029543,-3.6664786498751663,44.529426150619194,7.819999694824219,0.7307526469230652,-0.051250554621219635,-0.04376402869820595,-0.6793075203895569
uav_05,74.129503,-3.898045722441128,44.540511394604465,7.819999694824219,0.7245442271232605,-0.04576136916875839,-0.04245823621749878,-0.686395525932312
uav_05,74.229463,-4.12961279500709,44.551596638983575,7.819999694824219,0.7183414697647095,-0.04067736864089966,-0.040648482739925385,-0.6933099031448364
uav_05,74.329423,-4.351531238749631,44.551596638983575,7.819999694824219,0.7127892374992371,-0.03589663282036781,-0.03798776865005493,-0.6994282603263855
uav_05,74.429383,-4.573449683863325,44.56268188336268,7.819999694824219,0.7083595991134644,-0.03139909356832504,-0.03441653773188591,-0.7043126225471497
uav_05,74.529343,-4.785719500153598,44.573767127347956,7.819999694824219,0.7053366303443909,-0.026856767013669014,-0.029684491455554962,-0.7077413201332092
uav_05,74.629303,-4.997989316443872,44.58485237172706,7.819999694824219,0.7038208246231079,-0.021905135363340378,-0.02389129064977169,-0.7096376419067383
uav_05,74.729263,-5.190961877829608,44.58485237172706,7.819999694824219,0.7037659883499146,-0.016699040308594704,-0.017474742606282234,-0.7100206017494202
uav_05,74.829223,-5.383934437844192,44.59593761610617,7.819999694824219,0.7049502730369568,-0.011680536903440952,-0.01109591219574213,-0.7090737223625183
uav_05,74.929183,-5.567258370406508,44.60702286009144,7.819999694824219,0.7070468068122864,-0.006716515403240919,-0.005068834405392408,-0.7071166634559631
uav_05,75.029143,-5.750582302968824,44.60702286009144,7.819999694824219,0.709678053855896,-0.001645454321987927,0.0007806856301613152,-0.7045238018035889
uav_05,75.129103,-5.914608979255451,44.61810810447055,7.819999694824219,0.7124638557434082,0.0038106886204332113,0.0066334158182144165,-0.701667070388794
uav_05,75.229063,-6.05933839926639,44.61810810447055,7.819999694824219,0.7150611877441406,0.00965798832476139,0.01250455528497696,-0.6988832950592041
uav_05,75.329023,-6.20406782064848,44.61810810447055,7.819999694824219,0.7172247171401978,0.015083098784089088,0.017649976536631584,-0.6964550614356995
uav_05,75.429816,-6.3294999843837285,44.629193348849654,7.819999694824219,0.7188321948051453,0.0191886555403471,0.02118813805282116,-0.6945956349372864
uav_05,75.529776,-6.435634893214441,44.629193348849654,7.819999694824219,0.7198033928871155,0.021639732643961906,0.022939573973417282,-0.6934612989425659
uav_05,75.629736,-6.541769800674002,44.629193348849654,7.819999694824219,0.7201735973358154,0.02246050536632538,0.0234166719019413,-0.6930347681045532
uav_05,75.729696,-6.628607453229026,44.629193348849654,7.819999694824219,0.7197047472000122,0.03017820604145527,0.03121870756149292,-0.6929212212562561
uav_05,75.829656,-6.69614784950836,44.629193348849654,7.809999465942383,0.7181383371353149,0.04672180116176605,0.04812508821487427,-0.6926603317260742
uav_05,75.929616,-6.744390989512007,44.629193348849654,7.809999465942383,0.7163184881210327,0.05793575942516327,0.05980898067355156,-0.692787230014801
uav_05,76.029576,-6.792634129515653,44.629193348849654,7.809999465942383,0.7150363922119141,0.05986921489238739,0.062102146446704865,-0.6937448382377625
uav_05,76.129536,-6.792634129515653,44.629193348849654,7.809999465942383,0.7143363356590271,0.05490168556571007,0.05731961131095886,-0.6952868700027466
uav_05,76.229496,-6.8119313857913415,44.629193348849654,7.809999465942383,0.7131613492965698,0.05685048922896385,0.0595242865383625,-0.6961506605148315
uav_05,76.329456,-6.792634129515653,44.629193348849654,7.809999465942383,0.7124684453010559,0.05545039847493172,0.05690496787428856,-0.6971912980079651
uav_05,76.429416,-6.763688245787695,44.629193348849654,7.809999465942383,0.7123430967330933,0.04963015764951706,0.04637681692838669,-0.6985365748405457
uav_05,76.529376,-6.725093733236318,44.629193348849654,7.809999465942383,0.712443470954895,0.04225045070052147,0.03036932274699211,-0.6997977495193481
uav_05,76.629336,-6.676850593232673,44.629193348849654,7.809999465942383,0.7125343680381775,0.0361517071723938,0.012683713808655739,-0.7005904316902161
uav_05,76.729296,-6.628607453229026,44.64027859283493,7.809999465942383,0.7126176953315735,0.03314422816038132,-0.003597862320020795,-0.7007599472999573
uav_05,76.829256,-6.561067056949691,44.64027859283493,7.819999694824219,0.7128307223320007,0.033110976219177246,-0.01632697507739067,-0.7003637552261353
uav_05,76.929216,-6.522472544398313,44.662449081593145,7.819999694824219,0.7132552862167358,0.03470305725932121,-0.02504323422908783,-0.699596643447876
uav_05,77.029176,-6.474229404394667,44.684619569957526,7.819999694824219,0.7138453722000122,0.036532312631607056,-0.030717315152287483,-0.6986749172210693
uav_05,77.129136,-6.425986264391021,44.71787530270101,7.819999694824219,0.7144892811775208,0.03775539621710777,-0.034672629088163376,-0.6977660059928894
uav_05,77.229096,-6.387391753210796,44.7511310354445,7.819999694824219,0.7150654792785645,0.038229625672101974,-0.03817805275321007,-0.6969664692878723
uav_05,77.329056,-6.3294999843837285,44.795472012567096,7.819999694824219,0.7155014872550964,0.03826596215367317,-0.042089443653821945,-0.696291446685791
uav_05,77.429016,-6.300554100655772,44.85089823367496,7.819999694824219,0.7159842848777771,0.03871392086148262,-0.04637174308300018,-0.695497989654541
uav_05,77.529809,-6.271608216927815,44.917409699161944,7.819999694824219,0.7187151312828064,0.04088385030627251,-0.04946066066622734,-0.6923370957374573
uav_05,77.629769,-6.233013704376437,44.98392116464892,7.819999694824219,0.7277032136917114,0.04472490772604942,-0.05056688189506531,-0.6825618147850037
uav_05,77.729729,-6.20406782064848,45.061517874515,7.819999694824219,0.7455970644950867,0.04824632778763771,-0.051197439432144165,-0.6626734733581543
uav_05,77.829689,-6.17512193554937,45.161285072745464,7.819999694824219,0.7718088626861572,0.049591124057769775,-0.05265491083264351,-0.6317272186279297
uav_05,77.929649,-6.146176051821413,45.238881782611536,7.809999465942383,0.8039906620979309,0.047640834003686905,-0.055621448904275894,-0.5901148915290833
uav_05,78.029609,-6.126878795545725,45.34973422482728,7.809999465942383,0.8392138481140137,0.04227273911237717,-0.060142047703266144,-0.5388098955154419
uav_05,78.129569,-6.097932911817767,45.46058666743685,7.809999465942383,0.8745931386947632,0.03430319204926491,-0.0657489076256752,-0.479152649641037
uav_05,78.229529,-6.078635655542078,45.57143911004642,7.809999465942383,0.9076699018478394,0.024367868900299072,-0.07099216431379318,-0.41291844844818115
uav_05,78.329489,-6.049689771814121,45.70446204102037,7.809999465942383,0.9365699291229248,0.012991053983569145,-0.07419472187757492,-0.3422909677028656
uav_05,78.429449,-6.030392515538432,45.82639972761522,7.809999465942383,0.9600564241409302,0.0010615754872560501,-0.07416701316833496,-0.26979589462280273
uav_05,78.529409,-6.020743888086164,45.97050790296828,7.809999465942383,0.977537214756012,-0.01059842947870493,-0.07072414457798004,-0.19825929403305054
uav_05,78.629369,-6.020743888086164,46.10353083394222,7.809999465942383,0.9889028668403625,-0.02260759472846985,-0.06416049599647522,-0.13207335770130157
uav_05,78.729329,-6.020743888086164,46.247639009295284,7.809999465942383,0.9948492050170898,-0.03380395099520683,-0.05531751364469528,-0.07792522758245468
uav_05,78.829289,-6.020743888086164,46.380661940269235,7.809999465942383,0.9972710013389587,-0.04136887565255165,-0.04543381929397583,-0.040925607085227966
uav_05,78.929249,-6.030392515538432,46.52477011522846,7.809999465942383,0.9981584548950195,-0.04362168535590172,-0.035779327154159546,-0.02228670008480549
uav_05,79.029209,-6.05933839926639,46.66887829058152,7.809999465942383,0.9986065030097961,-0.04061746597290039,-0.026968201622366905,-0.020198587328195572
uav_05,79.129169,-6.088284284365498,46.81298646593458,7.809999465942383,0.9987491965293884,-0.034091997891664505,-0.018891697749495506,-0.031319648027420044
uav_05,79.229129,-6.126878795545725,46.94600939690853,7.809999465942383,0.998229444026947,-0.02572673186659813,-0.012283439747989178,-0.052203357219696045
uav_05,79.329089,-6.165473308097102,47.0568618395181,7.809999465942383,0.9966472387313843,-0.017197929322719574,-0.007572670001536608,-0.0796315148472786
uav_05,79.429049,-6.19441919182506,47.17879952611294,7.809999465942383,0.9938011765480042,-0.010071197524666786,-0.004332844167947769,-0.1106300801038742
uav_05,79.529009,-6.233013704376437,47.28965196872252,7.809999465942383,0.9897961616516113,-0.005189501214772463,-0.0014749417314305902,-0.14238829910755157
uav_05,79.629802,-6.271608216927815,47.400504410938254,7.819999694824219,0.985037624835968,-0.002545546740293503,0.0017627779161557555,-0.172311469912529
uav_05,79.729762,-6.300554100655772,47.48918636518344,7.819999694824219,0.9803286790847778,-0.0019302634755149484,0.005283313803374767,-0.19729183614253998
uav_05,79.829722,-6.3294999843837285,47.5889535634139,7.819999694824219,0.9763998985290527,-0.002838726155459881,0.008704284206032753,-0.2157762050628662
uav_05,79.929682,-6.3680944969351065,47.66655027327999,7.819999694824219,0.9738267660140991,-0.0045884884893894196,0.011798725463449955,-0.2269386649131775
uav_05,80.029642,-6.397040380663063,47.755232227131344,7.819999694824219,0.9728639125823975,-0.0061619700863957405,0.014271759428083897,-0.23085539042949677
uav_05,80.129602,-6.425986264391021,47.82174369261832,7.819999694824219,0.9733458161354065,-0.007854620926082134,0.019816385582089424,-0.22834959626197815
uav_05,80.229562,-6.4452835206667105,47.866084669740914,7.819999694824219,0.9746502637863159,-0.011322424747049809,0.03513077273964882,-0.22066834568977356
uav_05,80.329522,-6.474229404394667,47.91042564646968,7.819999694824219,0.9766027927398682,-0.013710186816751957,0.046875517815351486,-0.20943182706832886
uav_05,80.429482,-6.493526660670356,47.95476662359227,7.819999694824219,0.9790947437286377,-0.01352362148463726,0.05069272220134735,-0.19652202725410461
uav_05,80.529442,-6.522472544398313,47.97693711195665,7.819999694824219,0.9816743731498718,-0.011510812677443027,0.04952316731214523,-0.18365830183029175
uav_05,80.629402,-6.541769800674002,47.988022356335755,7.819999694824219,0.9835228323936462,-0.009896439500153065,0.05435609817504883,-0.17213454842567444
uav_05,80.729362,-6.561067056949691,47.988022356335755,7.819999694824219,0.9850890636444092,-0.0055051627568900585,0.054447241127491,-0.16310954093933105
uav_05,80.829322,-6.58036431322538,47.97693711195665,7.819999694824219,0.9863723516464233,0.0019456774462014437,0.04835845157504082,-0.15724915266036987
uav_05,80.929282,-6.599661569501069,47.96585186797138,7.819999694824219,0.9871443510055542,0.011425291188061237,0.038615722209215164,-0.1546747237443924
uav_05,81.029242,-6.609310196953337,47.94368137921317,7.819999694824219,0.9872639179229736,0.021449925377964973,0.028348853811621666,-0.15506842732429504
uav_05,81.129202,-6.618958825776757,47.91042564646968,7.819999694824219,0.986789882183075,0.030724873766303062,0.019840143620967865,-0.15782302618026733
uav_05,81.229162,-6.609310196953337,47.888255158105295,7.819999694824219,0.9859187006950378,0.03815906122326851,0.014201231300830841,-0.1621929109096527
uav_05,81.329122,-6.609310196953337,47.85499942536181,7.819999694824219,0.9848542213439941,0.04358058050274849,0.011468934826552868,-0.1674257516860962
uav_05,81.429082,-6.5900129406776475,47.83282893699742,7.819999694824219,0.9837520718574524,0.0473213866353035,0.01090611144900322,-0.1728397160768509
uav_05,81.529042,-6.561067056949691,47.82174369261832,7.819999694824219,0.9827004075050354,0.05032547563314438,0.011384353041648865,-0.17786969244480133
uav_05,81.629002,-6.532121173221734,47.788487959874836,7.819999694824219,0.9817714095115662,0.0531611293554306,0.011854425072669983,-0.18209412693977356
uav_05,81.729795,-6.493526660670356,47.755232227131344,7.819999694824219,0.9809995293617249,0.0564395897090435,0.011781109496951103,-0.185245081782341
uav_05,81.829755,-6.435634893214441,47.73306173876696,7.819999694824219,0.980451226234436,0.06022262945771217,0.011447562836110592,-0.18696938455104828
uav_05,81.929715,-6.377743124387374,47.72197649438785,7.819999694824219,0.980577290058136,0.06413210928440094,0.01270121056586504,-0.18491584062576294
uav_05,82.029675,-6.310202728108039,47.69980600602348,7.819999694824219,0.982358992099762,0.06736066192388535,0.016079377382993698,-0.17370891571044922
uav_05,82.129635,-6.233013704376437,47.68872076164437,7.819999694824219,0.9862251281738281,0.06977654248476028,0.0190335251390934,-0.14875784516334534
uav_05,82.229595,-6.146176051821413,47.65546502890088,7.809999465942383,0.9912471771240234,0.07130473107099533,0.019224395975470543,-0.10943074524402618
uav_05,82.329555,-6.05933839926639,47.65546502890088,7.809999465942383,0.9956063628196716,0.07235532253980637,0.015643896535038948,-0.057340603321790695
uav_05,82.429515,-5.953203491806829,47.62220929615739,7.809999465942383,0.9972612261772156,0.07330253720283508,0.008435048162937164,0.005063823889940977
uav_05,82.529475,-5.847068582976116,47.600038807793005,7.809999465942383,0.9943890571594238,0.07455737143754959,-0.0015663547674193978,0.07502797991037369
uav_05,82.629435,-5.731285046693134,47.5889535634139,7.809999465942383,0.985694408416748,0.07635142654180527,-0.013107816688716412,0.14968378841876984
uav_05,82.729395,-5.605852882957885,47.55569783067042,7.809999465942383,0.9706136584281921,0.07828646153211594,-0.02518409676849842,0.22615504264831543
uav_05,82.829355,-5.470772090399216,47.544612586291315,7.819999694824219,0.9493967890739441,0.0794801190495491,-0.036775778979063034,0.3016226887702942
uav_05,82.929315,-5.3260426703882775,47.53352734230603,7.819999694824219,0.9231255054473877,0.07881951332092285,-0.04712890088558197,0.3733706772327423
uav_05,83.029275,-5.181313249006187,47.522442097926934,7.819999694824219,0.8934613466262817,0.07562462985515594,-0.05563655495643616,0.43921780586242676
uav_05,83.129235,-5.0269352015429805,47.511356853547824,7.819999694824219,0.8621491193771362,0.07024024426937103,-0.062010329216718674,0.4979155361652374
uav_05,83.229195,-4.853259896432934,47.511356853547824,7.819999694824219,0.8306421041488647,0.06372015178203583,-0.06614609807729721,0.5491795539855957
uav_05,83.329155,-4.689233220146306,47.511356853547824,7.819999694824219,0.7998334765434265,0.05784545838832855,-0.06825415045022964,0.5935162901878357
uav_05,83.429115,-4.50590928758399,47.522442097926934,7.819999694824219,0.7700866460800171,0.053727276623249054,-0.06897210329771042,0.6319199204444885
uav_05,83.529075,-4.322585355021674,47.522442097926934,7.819999694824219,0.7421315908432007,0.0502653568983078,-0.07041574269533157,0.6646470427513123
uav_05,83.629035,-4.1392614224593585,47.53352734230603,7.819999694824219,0.7183268070220947,0.04657844081521034,-0.0731099545955658,0.690284013748169
uav_05,83.728995,-3.9462888624447743,47.55569783067042,7.819999694824219,0.7010042667388916,0.043253351002931595,-0.0761929452419281,0.7077547311782837
uav_05,83.829788,-3.7436676736067693,47.5889535634139,7.819999694824219,0.691133439540863,0.041247326880693436,-0.07812049239873886,0.7173077464103699
uav_05,83.929748,-3.550695113592185,47.600038807793005,7.819999694824219,0.688554048538208,0.04133026301860809,-0.07807614654302597,0.719784140586853
uav_05,84.029708,-3.34807392475418,47.62220929615739,7.819999694824219,0.6919696927070618,0.04354428872466087,-0.07600482553243637,0.7165927290916443
uav_05,84.129668,-3.1454527359161757,47.65546502890088,7.819999694824219,0.6997390985488892,0.047748103737831116,-0.07238643616437912,0.7091159820556641
uav_05,84.229628,-2.933182919625902,47.68872076164437,7.819999694824219,0.7101066708564758,0.05331313982605934,-0.06785859912633896,0.698785662651062
uav_05,84.329588,-2.7209131033356293,47.72197649438785,7.819999694824219,0.7213529348373413,0.05923154205083847,-0.06313473731279373,0.6871357560157776
uav_05,84.429548,-2.498994658221936,47.73306173876696,7.819999694824219,0.7318940758705139,0.06449145823717117,-0.058760907500982285,0.675809919834137
uav_05,84.529508,-2.2867248419316626,47.76631747151045,7.819999694824219,0.7405056357383728,0.06827578693628311,-0.05510568246245384,0.6662980914115906
uav_05,84.629468,-2.055157769365701,47.788487959874836,7.819999694824219,0.7464447617530823,0.0699744001030922,-0.05233532935380936,0.6596853733062744
uav_05,84.729428,-1.8332393242520069,47.82174369261832,7.819999694824219,0.7493913173675537,0.06946677714586258,-0.05014653876423836,0.656561017036438
uav_05,84.829388,-1.6113208805094654,47.82174369261832,7.819999694824219,0.7494114637374878,0.06680692732334137,-0.048505838960409164,0.6569371819496155
uav_05,84.929348,-1.3797538079435037,47.85499942536181,7.819999694824219,0.7468434572219849,0.06252401322126389,-0.04737972095608711,0.6603565812110901
uav_05,85.029308,-1.1481867353775415,47.85499942536181,7.819999694824219,0.7422366738319397,0.057276878505945206,-0.04663791507482529,0.6660547852516174
uav_05,85.129268,-0.9262682902638479,47.866084669740914,7.819999694824219,0.7362774610519409,0.051796361804008484,-0.045869603753089905,0.6731334328651428
uav_05,85.229228,-0.694701217697886,47.87716991372619,7.819999694824219,0.7297296524047852,0.046553514897823334,-0.04475953057408333,0.6806790232658386
uav_05,85.329188,-0.46313414513192397,47.888255158105295,7.819999694824219,0.7233486175537109,0.04162076860666275,-0.043031178414821625,0.6878827810287476
uav_05,85.429148,-0.2508643288416509,47.8993404024844,7.819999694824219,0.7177876830101013,0.03680463135242462,-0.040373239666223526,0.6941154599189758
uav_05,85.529108,-0.028945883727957113,47.91042564646968,7.819999694824219,0.7134984731674194,0.03217877075076103,-0.03690790757536888,0.6989436745643616
uav_05,85.629068,0.18332393256231597,47.921510890848786,7.819999694824219,0.7107270956039429,0.027777662500739098,-0.03251289948821068,0.7021668553352356
uav_05,85.729028,0.395593748852589,47.93259613522789,7.819999694824219,0.7095388174057007,0.022909015417099,-0.026955217123031616,0.7037777900695801
uav_05,85.828988,0.5982149376905939,47.94368137921317,7.819999694824219,0.709802508354187,0.017659103497862816,-0.02076316438615322,0.7038731575012207
uav_05,85.929781,0.791187497705178,47.95476662359227,7.819999694824219,0.7112787365913391,0.012736216187477112,-0.014459989964962006,0.7026458978652954
uav_05,86.029741,0.974511430267494,47.95476662359227,7.819999694824219,0.7135987281799316,0.008312927559018135,-0.008522025309503078,0.700453519821167
uav_05,86.129701,1.1481867353775415,47.96585186797138,7.819999694824219,0.716386616230011,0.00407034158706665,-0.0029425499960780144,0.6976854801177979
uav_05,86.229661,1.321862039116437,47.97693711195665,7.819999694824219,0.7192646861076355,-0.0003936171415261924,0.0024692569859325886,0.6947317123413086
uav_05,86.329621,1.4762400879507955,47.988022356335755,7.819999694824219,0.7218945622444153,-0.00555455731227994,0.00800576712936163,0.6919344663619995
uav_05,86.429581,1.6113208805094654,47.988022356335755,7.819999694824219,0.7240263223648071,-0.011000154539942741,0.01334475725889206,0.6895554661750793
uav_05,86.529541,1.7464016730681353,47.999107600714865,7.819999694824219,0.7255207896232605,-0.015774723142385483,0.017719753086566925,0.6877912282943726
uav_05,86.629501,1.8621852093511162,47.999107600714865,7.819999694824219,0.7263482213020325,-0.01938607171177864,0.0204799622297287,0.6867480874061584
uav_05,86.729461,1.9683201168106768,48.01019284470014,7.819999694824219,0.7265559434890747,-0.021500596776604652,0.021739469841122627,0.6864266395568848
uav_05,86.829421,2.0648063968179686,48.01019284470014,7.819999694824219,0.7262360453605652,-0.022143421694636345,0.02183537557721138,0.6867416501045227
uav_05,86.929381,2.1419954219207242,48.01019284470014,7.819999694824219,0.7254908680915833,-0.02188032679259777,0.021403132006525993,0.6875508427619934
uav_05,87.029341,2.2095358182000595,48.021278089079246,7.819999694824219,0.7244482040405273,-0.021504629403352737,0.021180402487516403,0.6886681318283081
uav_05,87.129301,2.2770762144793943,48.021278089079246,7.819999694824219,0.7227548956871033,-0.03365298733115196,0.033820923417806625,0.6894555687904358
uav_05,87.229261,2.3156707256596194,48.021278089079246,7.809999465942383,0.7207823395729065,-0.046977195888757706,0.04770125448703766,0.6899207234382629
uav_05,87.329221,2.3542652382109974,48.021278089079246,7.809999465942383,0.7192742228507996,-0.053370796144008636,0.05443442240357399,0.6905310153961182
uav_05,87.429181,2.3639138656632657,48.021278089079246,7.809999465942383,0.7186179757118225,-0.051519718021154404,0.05264242738485336,0.691493034362793
uav_05,87.529141,2.3639138656632657,48.021278089079246,7.809999465942383,0.71817547082901,-0.050476621836423874,0.051726024597883224,0.6920986175537109
uav_05,87.629101,2.3542652382109974,48.021278089079246,7.809999465942383,0.7178977131843567,-0.05113270506262779,0.05182039365172386,0.6923315525054932
uav_05,87.729061,2.3253193544830406,48.021278089079246,7.809999465942383,0.7182034850120544,-0.04738466441631317,0.04491154104471207,0.6927635669708252
uav_05,87.829021,2.2867248419316626,48.021278089079246,7.809999465942383,0.7188008427619934,-0.041089609265327454,0.031621478497982025,0.6932799220085144
uav_05,87.929814,2.2384817019280163,48.021278089079246,7.809999465942383,0.7193551063537598,-0.03529539704322815,0.014986923895776272,0.6935833096504211
uav_05,88.029774,2.1902385619243705,48.032363333458356,7.809999465942383,0.7197491526603699,-0.031989794224500656,-0.0015579366590827703,0.6934950351715088
uav_05,88.129734,2.1419954219207242,48.04344857744363,7.809999465942383,0.7200636267662048,-0.03156893700361252,-0.01582067273557186,0.6930090188980103
uav_05,88.229694,2.093752281917078,48.05453382182274,7.809999465942383,0.7204143404960632,-0.03314775228500366,-0.02623794414103031,0.6922542452812195
uav_05,88.329654,2.055157769365701,48.07670431018712,7.809999465942383,0.7208390235900879,-0.035196512937545776,-0.03271111100912094,0.691434919834137
uav_05,88.429614,2.0069146293620546,48.09887479894533,7.809999465942383,0.7212719917297363,-0.03674086555838585,-0.036693524569272995,0.6907027959823608
uav_05,88.529574,1.9586714893584087,48.14321577567409,7.809999465942383,0.7216055393218994,-0.03761474788188934,-0.039760664105415344,0.6901374459266663
uav_05,88.629534,1.9200769768070305,48.18755675279669,7.809999465942383,0.7217890024185181,-0.03798601031303406,-0.04285314679145813,0.6897400617599487
uav_05,88.729494,1.8911310930790737,48.23189772991928,7.809999465942383,0.721794068813324,-0.03814127296209335,-0.0465971939265728,0.6894832849502563
uav_05,88.829454,1.8428879530754274,48.29840919540626,7.809999465942383,0.7223215699195862,-0.03942933306097984,-0.05014438554644585,0.6886090636253357
uav_05,88.929414,1.8235906967997386,48.36492066089323,7.809999465942383,0.7264059782028198,-0.04268013685941696,-0.052190762013196945,0.6839509606361389
uav_05,89.029374,1.7849961842483608,48.44251737075931,7.799999237060547,0.7380327582359314,-0.04700205475091934,-0.053013529628515244,0.6710350513458252
uav_05,89.129334,1.7656989279726718,48.53119932461067,7.799999237060547,0.7586805820465088,-0.050081465393304825,-0.05385467782616615,0.6472984552383423
uav_05,89.229294,1.7367530442447146,48.630966522841135,7.799999237060547,0.7869626879692078,-0.05037951096892357,-0.05560311675071716,0.6124213337898254
uav_05,89.329254,1.7174557879690258,48.7307337210716,7.799999237060547,0.8202100396156311,-0.04723763465881348,-0.05883488431572914,0.5670649409294128
uav_05,89.429214,1.6885099042410687,48.84158616368117,7.799999237060547,0.8554338812828064,-0.04095400497317314,-0.06358607858419418,0.5123597383499146
uav_05,89.529174,1.6692126479653797,48.96352385027601,7.799999237060547,0.889850378036499,-0.03215566650032997,-0.06914961338043213,0.44983401894569397
uav_05,89.629134,1.649915391689691,49.08546153687085,7.799999237060547,0.9211927652359009,-0.021401911973953247,-0.07387303560972214,0.38142964243888855
uav_05,89.729094,1.6306181367851544,49.21848446823864,7.799999237060547,0.9478105902671814,-0.009482214227318764,-0.07612395286560059,0.3094679117202759
uav_05,89.829054,1.6209695079617337,49.351507399212586,7.799999237060547,0.9687027335166931,0.0026128264144062996,-0.07500162720680237,0.23660704493522644
uav_05,89.929014,1.6113208805094654,49.506700818550925,7.799999237060547,0.9835194945335388,0.014524239115417004,-0.07028476148843765,0.16594715416431427
uav_05,90.029807,1.6113208805094654,49.65080899390398,7.799999237060547,0.9924403429031372,0.026537518948316574,-0.06229492649435997,0.10235825926065445
uav_05,90.129767,1.6113208805094654,49.79491716886321,7.799999237060547,0.9965173006057739,0.03666728362441063,-0.05229375138878822,0.053610578179359436
uav_05,90.229727,1.6209695079617337,49.95011058859537,7.799999237060547,0.9979434609413147,0.04267601668834686,-0.041985884308815,0.022909147664904594
uav_05,90.329687,1.6402667642374227,50.094218763948426,7.790000915527344,0.9984685182571411,0.04333987087011337,-0.032813139259815216,0.010271978564560413
uav_05,90.429647,1.6692126479653797,50.249412183286765,7.790000915527344,0.9988482594490051,0.03906098008155823,-0.02458905056118965,0.013104133307933807
uav_05,90.529607,1.7078071605167575,50.382435114260716,7.790000915527344,0.9989759922027588,0.031257834285497665,-0.01699715107679367,0.02794599160552025
uav_05,90.629567,1.7367530442447146,50.51545804523467,7.790000915527344,0.9983827471733093,0.02173597924411297,-0.010727736167609692,0.05142296478152275
uav_05,90.729527,1.7656989279726718,50.637395731829514,7.790000915527344,0.9966631531715393,0.012695900164544582,-0.005692449398338795,0.08042967319488525
uav_05,90.829487,1.8042934405240496,50.759333418818194,7.790000915527344,0.9936846494674683,0.005455401260405779,-0.0012396113015711308,0.11206942796707153
uav_05,90.929447,1.8428879530754274,50.870185861427764,7.790000915527344,0.9896405935287476,0.0009623788064345717,0.0029145285952836275,0.14353422820568085
uav_05,91.029407,1.8911310930790737,50.992123548022604,7.799999237060547,0.9850738048553467,-0.0006646924884989858,0.006621349137276411,0.17200392484664917
uav_05,91.129367,1.9104283493547625,51.09189074625307,7.799999237060547,0.9807360172271729,1.3745216165261809e-05,0.00994324404746294,0.19508445262908936
uav_05,91.229327,1.9393742330827195,51.16948745611914,7.799999237060547,0.9773426055908203,0.0020420283544808626,0.012591526843607426,0.21127887070178986
uav_05,91.329287,1.9683201168106768,51.2470841655914,7.799999237060547,0.9753642678260803,0.004152912180870771,0.01454005017876625,0.22008147835731506
uav_05,91.429247,2.0069146293620546,51.313595631078385,7.799999237060547,0.9749388098716736,0.005654073320329189,0.015755990520119667,0.22184257209300995
uav_05,91.529207,2.016563256814323,51.380107096565354,7.799999237060547,0.9758806228637695,0.006130797788500786,0.016715019941329956,0.2175774723291397
uav_05,91.629167,2.055157769365701,51.44661856205232,7.799999237060547,0.9775797128677368,0.007957459427416325,0.026712678372859955,0.2087126523256302
uav_05,91.729127,2.0648063968179686,51.49095953917492,7.799999237060547,0.9795013070106506,0.009883139282464981,0.04160643368959427,0.1968461275100708
uav_05,91.829087,2.0841036530936576,51.52421527191841,7.799999237060547,0.9816136956214905,0.010146389715373516,0.0506884828209877,0.18374505639076233
uav_05,91.929047,2.1034009093693466,51.546385760282796,7.799999237060547,0.9838697910308838,0.008515706285834312,0.051490627229213715,0.17110374569892883
uav_05,92.029007,2.1226981656450357,51.568556249041,7.799999237060547,0.9858216047286987,0.006225694436579943,0.049466852098703384,0.16021856665611267
uav_05,92.1298,2.1419954219207242,51.568556249041,7.799999237060547,0.9869863390922546,0.003778251353651285,0.05267642065882683,0.15188440680503845
uav_05,92.22976,2.1516440493729925,51.55747100466189,7.799999237060547,0.9878605008125305,-0.0006175368325784802,0.050782449543476105,0.14680735766887665
uav_05,92.32972,2.1709413056486815,51.546385760282796,7.799999237060547,0.9884325861930847,-0.007311816792935133,0.043799445033073425,0.14501431584358215
uav_05,92.42968,2.1709413056486815,51.52421527191841,7.799999237060547,0.9885441064834595,-0.015509103424847126,0.03433677554130554,0.14615416526794434
uav_05,92.52964,2.1805899331009497,51.49095953917492,7.799999237060547,0.9881346225738525,-0.02413942478597164,0.025309039279818535,0.14955496788024902
uav_05,92.6296,2.1805899331009497,51.468789050810535,7.799999237060547,0.9872981309890747,-0.03247588872909546,0.018544146791100502,0.15441440045833588
uav_05,92.72956,2.1709413056486815,51.43553331806705,7.799999237060547,0.9862245917320251,-0.03962326794862747,0.014690019190311432,0.15992245078086853
uav_05,92.82952,2.1516440493729925,51.40227758532357,7.799999237060547,0.9851104021072388,-0.045120008289813995,0.012927213683724403,0.16539213061332703
uav_05,92.92948,2.1323467930973035,51.380107096565354,7.799999237060547,0.9840912222862244,-0.04917658865451813,0.012402644380927086,0.17027130722999573
uav_05,93.02944,2.1034009093693466,51.34685136382187,7.799999237060547,0.9832410216331482,-0.05244630202651024,0.012188609689474106,0.1741778403520584
uav_05,93.1294,2.0648063968179686,51.32468087545748,7.799999237060547,0.9825848937034607,-0.05573131889104843,0.011695507913827896,0.17687329649925232
uav_05,93.22936,2.016563256814323,51.30251038709309,7.799999237060547,0.9821186661720276,-0.059522490948438644,0.010774943977594376,0.17828039824962616
uav_05,93.32932,1.9586714893584087,51.26925465434961,7.799999237060547,0.9818830490112305,-0.06368149071931839,0.01012185588479042,0.17817941308021545
uav_05,93.42928,1.8911310930790737,51.2470841655914,7.799999237060547,0.9824060201644897,-0.06734313815832138,0.01135932095348835,0.17382246255874634
uav_05,93.52924,1.8235906967997386,51.224913677227015,7.799999237060547,0.9845751523971558,-0.069961316883564,0.01467635203152895,0.1596926748752594
uav_05,93.6292,1.7367530442447146,51.224913677227015,7.799999237060547,0.9885176420211792,-0.07190036028623581,0.0175765510648489,0.13173547387123108
uav_05,93.72916,1.6402667642374227,51.19165794448353,7.799999237060547,0.9930931329727173,-0.0733468309044838,0.017990203574299812,0.0897924080491066
uav_05,93.82912,1.5437804842301306,51.16948745611914,7.799999237060547,0.9964714646339417,-0.0745595321059227,0.01456913910806179,0.035682741552591324
uav_05,93.92908,1.4376455753994177,51.15840221174004,7.799999237060547,0.9966983199119568,-0.0758596733212471,0.007078235037624836,-0.028065815567970276
uav_05,94.02904,1.3122134116641688,51.125146478996555,7.799999237060547,0.9921004772186279,-0.07736402750015259,-0.0036974234972149134,-0.09868016839027405
uav_05,94.129,1.1964298753811877,51.102975990632174,7.799999237060547,0.98154217004776,-0.0791609063744545,-0.016091469675302505,-0.17334799468517303
uav_05,94.229793,1.0613490828225178,51.09189074625307,7.799999237060547,0.9644750952720642,-0.08078809827566147,-0.02870868518948555,-0.24987362325191498
uav_05,94.329753,0.9166196628115797,51.05863501350957,7.799999237060547,0.941632866859436,-0.08137138187885284,-0.04031836614012718,-0.32416149973869324
uav_05,94.429713,0.771890241429489,51.05863501350957,7.799999237060547,0.9141575694084167,-0.07989837229251862,-0.05016154795885086,-0.39422839879989624
uav_05,94.529673,0.6175121939662827,51.0364645251452,7.799999237060547,0.883773684501648,-0.07580910623073578,-0.05771857127547264,-0.4581109881401062
uav_05,94.629633,0.4534855176796557,51.0364645251452,7.799999237060547,0.8521542549133301,-0.06976690143346786,-0.06307577341794968,-0.5147689580917358
uav_05,94.729593,0.27981021256960803,51.02537928076609,7.799999237060547,0.8205770254135132,-0.06333133578300476,-0.06644521653652191,-0.5641165971755981
uav_05,94.829553,0.09648628000729206,51.0364645251452,7.799999237060547,0.7898018956184387,-0.05798889696598053,-0.06835154443979263,-0.6067769527435303
uav_05,94.929513,-0.08683765255502386,51.0364645251452,7.799999237060547,0.7600711584091187,-0.05451465770602226,-0.06936262547969818,-0.6438236236572266
uav_05,95.029473,-0.2701615851173398,51.05863501350957,7.799999237060547,0.7319884300231934,-0.05156945437192917,-0.07103374600410461,-0.675638735294342
uav_05,95.129433,-0.46313414513192397,51.05863501350957,7.799999237060547,0.7078551054000854,-0.04823363572359085,-0.0739034116268158,-0.7008230686187744
uav_05,95.229393,-0.6657553339699288,51.06972025788868,7.799999237060547,0.6900830864906311,-0.04504444822669029,-0.07705114781856537,-0.7182057499885559
uav_05,95.329353,-0.8683765228079336,51.09189074625307,7.799999237060547,0.6798019409179688,-0.042825642973184586,-0.07910992205142975,-0.727857768535614
uav_05,95.429313,-1.070997710274786,51.102975990632174,7.799999237060547,0.6767761707305908,-0.04238329082727432,-0.07941597700119019,-0.7306646108627319
uav_05,95.529273,-1.2832675279362116,51.125146478996555,7.799999237060547,0.6798455715179443,-0.04427752643823624,-0.07753472775220871,-0.7278996706008911
uav_05,95.629233,-1.4955373442264848,51.15840221174004,7.799999237060547,0.687413215637207,-0.04816676303744316,-0.07376286387443542,-0.7209036350250244
uav_05,95.729193,-1.7174557879690258,51.19165794448353,7.799999237060547,0.6977174282073975,-0.053492166101932526,-0.0687689334154129,-0.7110553979873657
uav_05,95.829153,-1.9297256056304515,51.224913677227015,7.799999237060547,0.7090161442756653,-0.059407155960798264,-0.06357583403587341,-0.6998035907745361
uav_05,95.929113,-2.1516440493729925,51.235998921606125,7.799999237060547,0.7197190523147583,-0.06475694477558136,-0.059079647064208984,-0.6887093782424927
uav_05,96.029073,-2.3832111219389547,51.25816940997051,7.799999237060547,0.7286072373390198,-0.06842527538537979,-0.05549561232328415,-0.679241955280304
uav_05,96.129033,-2.605129567052648,51.28033989833489,7.799999237060547,0.7349170446395874,-0.06963105499744415,-0.052551575005054474,-0.6725227236747742
uav_05,96.228993,-2.83669663961861,51.291425142714,7.799999237060547,0.73829185962677,-0.06836248934268951,-0.0501551553606987,-0.6691309213638306
uav_05,96.329786,-3.068263712184572,51.313595631078385,7.799999237060547,0.7387034893035889,-0.0652240514755249,-0.048184387385845184,-0.6691346764564514
uav_05,96.429746,-3.309479412202802,51.32468087545748,7.799999237060547,0.7364622354507446,-0.06075819581747055,-0.04659083113074303,-0.6721317768096924
uav_05,96.529706,-3.5410464847687644,51.33576611983659,7.799999237060547,0.7321155667304993,-0.055513620376586914,-0.04512137547135353,-0.6774135231971741
uav_05,96.629666,-3.7726135573347266,51.34685136382187,7.799999237060547,0.7263370156288147,-0.050138358026742935,-0.04359019920229912,-0.6841202974319458
uav_05,96.729626,-3.9945320024484205,51.357936608200966,7.799999237060547,0.7198850512504578,-0.04492662474513054,-0.04189331829547882,-0.6913697123527527
uav_05,96.829586,-4.226099075014382,51.357936608200966,7.799999237060547,0.7135185599327087,-0.03971581533551216,-0.039856746792793274,-0.6983733773231506
uav_05,96.929546,-4.448017520128076,51.369021852580076,7.809999465942383,0.7078684568405151,-0.034513942897319794,-0.03701213747262955,-0.7045289874076843
uav_05,97.029506,-4.669935963870617,51.369021852580076,7.809999465942383,0.7033772468566895,-0.029663145542144775,-0.03329744189977646,-0.7094165682792664
uav_05,97.129466,-4.8822057801608905,51.380107096565354,7.809999465942383,0.7003172636032104,-0.024566059932112694,-0.028229624032974243,-0.7128501534461975
uav_05,97.229426,-5.084826968998895,51.39119234094445,7.809999465942383,0.6987891793251038,-0.019272739067673683,-0.021906156092882156,-0.7147323489189148
uav_05,97.329386,-5.2874481578368995,51.39119234094445,7.809999465942383,0.6987406015396118,-0.01414862833917141,-0.015073224902153015,-0.7150763273239136
uav_05,97.429346,-5.480420717851484,51.40227758532357,7.809999465942383,0.6999574303627014,-0.009454810060560703,-0.008609792217612267,-0.7140700817108154
uav_05,97.529306,-5.6637446504138005,51.41336282930884,7.809999465942383,0.7021122574806213,-0.0049125379882752895,-0.0025975441094487906,-0.7120445966720581
uav_05,97.629266,-5.827771326700426,51.41336282930884,7.809999465942383,0.7048147916793823,-0.00013787130592390895,0.0031909304670989513,-0.7093842029571533
uav_05,97.729226,-5.982149375534786,51.41336282930884,7.809999465942383,0.7076658010482788,0.005445485468953848,0.009030106477439404,-0.7064685821533203
uav_05,97.829186,-6.136527424369144,51.42444807368795,7.809999465942383,0.7103201150894165,0.011345637030899525,0.01476828008890152,-0.7036324143409729
uav_05,97.929146,-6.271608216927815,51.42444807368795,7.809999465942383,0.7125293016433716,0.01644398458302021,0.01963385008275509,-0.701174795627594
uav_05,98.029106,-6.397040380663063,51.42444807368795,7.809999465942383,0.7141639590263367,0.019989823922514915,0.02276291325688362,-0.6993225812911987
uav_05,98.129066,-6.503175289493777,51.42444807368795,7.809999465942383,0.7151709198951721,0.02177518606185913,0.02435358799993992,-0.6981856822967529
uav_05,98.229026,-6.599661569501069,51.42444807368795,7.809999465942383,0.7155575156211853,0.022099515423178673,0.0246638972312212,-0.6977684497833252
uav_05,98.329819,-6.676850593232673,51.43553331806705,7.809999465942383,0.7153652906417847,0.021724849939346313,0.024446291849017143,-0.6979848146438599
uav_05,98.429779,-6.744390989512007,51.43553331806705,7.809999465942383,0.7147093415260315,0.020991126075387,0.023860754445195198,-0.6986991763114929
uav_05,98.529739,-6.8119313857913415,51.43553331806705,7.809999465942383,0.7137278318405151,0.02025037817656994,0.023304859176278114,-0.6997424364089966
uav_05,98.629699,-6.860174525794987,51.43553331806705,7.809999465942383,0.712578535079956,0.019620656967163086,0.02282140776515007,-0.7009465098381042
uav_05,98.729659,-6.908417665798633,51.42444807368795,7.799999237060547,0.7114160060882568,0.019102413207292557,0.022550851106643677,-0.7021493911743164
uav_05,98.829619,-6.937363549526591,51.42444807368795,7.799999237060547,0.7103796005249023,0.01843651384115219,0.022349482402205467,-0.7032221555709839
uav_05,98.929579,-6.9663094346257015,51.42444807368795,7.780000686645508,0.7095677256584167,0.01771356537938118,0.022251030430197716,-0.7040630578994751
uav_05,99.029539,-6.975958062077969,51.42444807368795,7.760000228881836,0.7090372443199158,0.01700788550078869,0.021970435976982117,-0.7046234607696533
uav_05,99.129499,-6.995255318353658,51.42444807368795,7.729999542236328,0.7088030576705933,0.016484320163726807,0.021358365193009377,-0.7048903107643127
uav_05,99.229459,-7.004903945805926,51.42444807368795,7.700000762939453,0.7088388204574585,0.01589323580265045,0.020452551543712616,-0.7048947811126709
uav_05,99.329419,-7.004903945805926,51.41336282930884,7.659999847412109,0.7090942859649658,0.015185625292360783,0.019404049962759018,-0.7046830058097839
uav_05,99.429379,-7.004903945805926,51.41336282930884,7.6100006103515625,0.7095119953155518,0.014285030774772167,0.01805763505399227,-0.7043170928955078
uav_05,99.529339,-7.004903945805926,51.41336282930884,7.559999465942383,0.7100183963775635,0.013195822015404701,0.016554296016693115,-0.7038648724555969
uav_05,99.629299,-6.995255318353658,51.41336282930884,7.510000228881836,0.7105414867401123,0.011968735605478287,0.015026932582259178,-0.7033930420875549
uav_05,99.729259,-6.975958062077969,51.40227758532357,7.450000762939453,0.7110246419906616,0.010562971234321594,0.01360478438436985,-0.7029561400413513
uav_05,99.829219,-6.9663094346257015,51.40227758532357,7.399999618530273,0.7114234566688538,0.009109447710216045,0.01219121366739273,-0.7025988101959229
uav_05,99.929179,-6.956660805802279,51.39119234094445,7.340000152587891,0.7117081880569458,0.007863327860832214,0.010687224566936493,-0.7023499011993408
uav_05,100.029139,-6.937363549526591,51.39119234094445,7.280000686645508,0.7118636965751648,0.006574139930307865,0.009236791171133518,-0.7022261023521423
uav_05,100.129099,-6.918066294622054,51.39119234094445,7.229999542236328,0.7119011878967285,0.0052758376114070415,0.007892799563705921,-0.7022154927253723
uav_05,100.229059,-6.898769038346366,51.380107096565354,7.170000076293945,0.7118406295776367,0.004160734359174967,0.00671752355992794,-0.7022965550422668
uav_05,100.329019,-6.879471782070676,51.380107096565354,7.120000839233398,0.7117093801498413,0.0033875061199069023,0.005721499212086201,-0.7024425268173218
uav_05,100.429812,-6.860174525794987,51.369021852580076,7.059999465942383,0.7115286588668823,0.002741319127380848,0.004873226396739483,-0.7026348114013672
uav_05,100.529772,-6.840877269519298,51.369021852580076,7.010000228881836,0.7113342881202698,0.002067714463919401,0.004092073999345303,-0.7028388977050781
uav_05,100.629732,-6.83122864206703,51.369021852580076,6.959999084472656,0.711146891117096,0.001325106481090188,0.003123300615698099,-0.7030352354049683
uav_05,100.729692,-6.8119313857913415,51.357936608200966,6.909999847412109,0.7109805941581726,0.0006205743411555886,0.0020544028375297785,-0.703208327293396
uav_05,100.829652,-6.792634129515653,51.357936608200966,6.850000381469727,0.7108596563339233,-9.187035175273195e-05,0.0011111790081486106,-0.7033330202102661
uav_05,100.929612,-6.773336873239964,51.34685136382187,6.799999237060547,0.7107990384101868,-0.0005301965866237879,0.00037833431269973516,-0.7033948302268982
uav_05,101.029572,-6.763688245787695,51.34685136382187,6.75,0.7107850313186646,-0.0008089470793493092,-0.00014067006122786552,-0.7034087777137756
uav_05,101.129532,-6.744390989512007,51.33576611983659,6.700000762939453,0.7108020186424255,-0.0010938155464828014,-0.0005093957297503948,-0.7033910751342773
uav_05,101.229492,-6.7347423620597375,51.33576611983659,6.659999847412109,0.7108460068702698,-0.0014614294050261378,-0.0008163665188476443,-0.7033456563949585
uav_05,101.329452,-6.725093733236318,51.33576611983659,6.6100006103515625,0.7109060883522034,-0.001800558646209538,-0.0010653323261067271,-0.7032838463783264
uav_05,101.429412,-6.7057964769606295,51.32468087545748,6.559999465942383,0.7109672427177429,-0.0021354462951421738,-0.0012918967986479402,-0.7032206654548645
uav_05,101.529372,-6.69614784950836,51.32468087545748,6.510000228881836,0.7110286355018616,-0.0024801769759505987,-0.0014461203245446086,-0.7031571865081787
uav_05,101.629332,-6.69614784950836,51.32468087545748,6.459999084472656,0.7110873460769653,-0.002791687613353133,-0.001591417589224875,-0.703096330165863
uav_05,101.729292,-6.676850593232673,51.313595631078385,6.409999847412109,0.7111457586288452,-0.0029271049425005913,-0.0017728997627273202,-0.7030363082885742
uav_05,101.829252,-6.676850593232673,51.313595631078385,6.3600006103515625,0.7111935615539551,-0.002973116235807538,-0.0019552279263734818,-0.7029872536659241
uav_05,101.929212,-6.667201965780403,51.313595631078385,6.309999465942383,0.7112298607826233,-0.0029239081777632236,-0.0020153808873146772,-0.7029505968093872
uav_05,102.029172,-6.667201965780403,51.313595631078385,6.260000228881836,0.7112407684326172,-0.0027699614875018597,-0.001993495272472501,-0.7029401659965515
uav_05,102.129132,-6.667201965780403,51.30251038709309,6.219999313354492,0.71123868227005,-0.002555674873292446,-0.001982605317607522,-0.7029431462287903
uav_05,102.229092,-6.657553336956982,51.30251038709309,6.170000076293945,0.7112259864807129,-0.0023726781364530325,-0.0019301807042211294,-0.7029567360877991
uav_05,102.329052,-6.657553336956982,51.30251038709309,6.120000839233398,0.7112002968788147,-0.002172874053940177,-0.0017603224841877818,-0.7029838562011719
uav_05,102.429012,-6.657553336956982,51.291425142714,6.069999694824219,0.7111614942550659,-0.0020507199224084616,-0.001699903979897499,-0.7030236124992371
uav_05,102.529805,-6.657553336956982,51.291425142714,6.020000457763672,0.7111178040504456,-0.001957423286512494,-0.0017385408282279968,-0.7030680179595947
uav_05,102.629765,-6.657553336956982,51.291425142714,5.969999313354492,0.7110734581947327,-0.002020071027800441,-0.0018150081159546971,-0.7031124830245972
uav_05,102.729725,-6.657553336956982,51.291425142714,5.920000076293945,0.7110344171524048,-0.002024189569056034,-0.0018961714813485742,-0.7031517028808594
uav_05,102.829685,-6.657553336956982,51.291425142714,5.870000839233398,0.7110149264335632,-0.0019797913264483213,-0.001852261833846569,-0.7031716704368591
uav_05,102.929645,-6.657553336956982,51.28033989833489,5.819999694824219,0.7110130190849304,-0.0018486945191398263,-0.0018151717958971858,-0.7031740546226501
uav_05,103.029605,-6.667201965780403,51.28033989833489,5.770000457763672,0.7110130786895752,-0.0016809606458991766,-0.001793835312128067,-0.7031744718551636
uav_05,103.129565,-6.667201965780403,51.28033989833489,5.719999313354492,0.7110146880149841,-0.0014986686874181032,-0.001817173557356,-0.7031732201576233
uav_05,103.229525,-6.667201965780403,51.28033989833489,5.680000305175781,0.7110192179679871,-0.0014755792217329144,-0.0016867155209183693,-0.7031689882278442
uav_05,103.329485,-6.667201965780403,51.28033989833489,5.629999160766602,0.7110301852226257,-0.0016235479852184653,-0.0014170397771522403,-0.7031581401824951
uav_05,103.429445,-6.676850593232673,51.28033989833489,5.579999923706055,0.7110427021980286,-0.001649821293540299,-0.0010825140634551644,-0.7031460404396057
uav_05,103.529405,-6.676850593232673,51.28033989833489,5.530000686645508,0.7110536694526672,-0.0014797645853832364,-0.0008128822664730251,-0.7031356692314148
uav_05,103.629365,-6.676850593232673,51.28033989833489,5.479999542236328,0.7110609412193298,-0.0012970354873687029,-0.0007862006314098835,-0.7031287550926208
uav_05,103.729325,-6.676850593232673,51.26925465434961,5.430000305175781,0.7110639214515686,-0.0008825573022477329,-0.0008750021224841475,-0.7031263113021851
uav_05,103.829285,-6.676850593232673,51.26925465434961,5.379999160766602,0.7110660076141357,-0.0004859674663748592,-0.0009577819728292525,-0.7031244039535522
uav_05,103.929245,-6.676850593232673,51.26925465434961,5.329999923706055,0.7110618948936462,-0.00023329809482675046,-0.0009646580438129604,-0.7031286954879761
uav_05,104.029205,-6.69614784950836,51.26925465434961,5.280000686645508,0.7110519409179688,-0.0003489605151116848,-0.0008392586605623364,-0.7031388282775879
uav_05,104.129165,-6.69614784950836,51.26925465434961,5.229999542236328,0.7110484838485718,-0.0005495268851518631,-0.0007707676850259304,-0.7031423449516296
uav_05,104.229125,-6.69614784950836,51.26925465434961,5.190000534057617,0.7110505104064941,-0.0008065309375524521,-0.0006017925916239619,-0.7031401991844177
uav_05,104.329085,-6.7057964769606295,51.26925465434961,5.1399993896484375,0.7110583186149597,-0.0009164256625808775,-0.00031925065559335053,-0.7031323313713074
uav_05,104.429045,-6.7057964769606295,51.26925465434961,5.090000152587891,0.7110706567764282,-0.0008818896603770554,-0.00015774120402056724,-0.7031199932098389
uav_05,104.529005,-6.7057964769606295,51.26925465434961,5.040000915527344,0.7110856175422668,-0.0007462667999789119,-3.316090806038119e-05,-0.7031050324440002
uav_05,104.629798,-6.71544510578405,51.26925465434961,4.989999771118164,0.711100161075592,-0.0005954270018264651,7.877864118199795e-05,-0.7030904293060303
uav_05,104.729758,-6.71544510578405,51.26925465434961,4.940000534057617,0.7111170887947083,-0.00036773752071894705,0.00013181325630284846,-0.7030735015869141
uav_05,104.829718,-6.71544510578405,51.26925465434961,4.8899993896484375,0.7111337780952454,-0.00013632483023684472,0.00018446435569785535,-0.7030566334724426
uav_05,104.929678,-6.725093733236318,51.25816940997051,4.840000152587891,0.7111379504203796,0.00014101884153205901,0.0002351138391532004,-0.7030524611473083
uav_05,105.029638,-6.725093733236318,51.25816940997051,4.790000915527344,0.7111260294914246,0.00028346359613351524,0.0001596045185578987,-0.7030644416809082
uav_05,105.129598,-6.725093733236318,51.25816940997051,4.739999771118164,0.7111051082611084,0.00017085441504605114,3.881808515870944e-05,-0.703085720539093
uav_05,105.229558,-6.725093733236318,51.25816940997051,4.690000534057617,0.7110788226127625,-0.00026005262043327093,-0.0003191790892742574,-0.7031121253967285
uav_05,105.329518,-6.7347423620597375,51.25816940997051,4.6399993896484375,0.711050271987915,-0.000579370534978807,-0.0005832433234900236,-0.7031406760215759
uav_05,105.429478,-6.7347423620597375,51.25816940997051,4.590000152587891,0.7110215425491333,-0.0006889541982673109,-0.0004757539718411863,-0.7031696438789368
uav_05,105.529438,-6.7347423620597375,51.25816940997051,4.549999237060547,0.711001455783844,-0.0006056313286535442,-0.00018478839774616063,-0.7031902074813843
uav_05,105.629398,-6.7347423620597375,51.25816940997051,4.5,0.7109953165054321,-0.0002371175796724856,0.0001725298207020387,-0.70319664478302
uav_05,105.729358,-6.7347423620597375,51.25816940997051,4.450000762939453,0.7109969258308411,9.242937812814489e-05,0.00046367078903131187,-0.7031949758529663
uav_05,105.829318,-6.744390989512007,51.25816940997051,4.399999618530273,0.7110060453414917,9.382588177686557e-05,0.0005907571176066995,-0.7031856775283813
uav_05,105.929278,-6.744390989512007,51.25816940997051,4.350000381469727,0.7110174298286438,6.661795487161726e-05,0.0006321499822661281,-0.7031741142272949
uav_05,106.029238,-6.744390989512007,51.25816940997051,4.299999237060547,0.7110368013381958,3.20080725941807e-05,0.000645713007543236,-0.703154444694519
uav_05,106.129198,-6.744390989512007,51.25816940997051,4.25,0.7110552787780762,8.745222294237465e-05,0.0006742558907717466,-0.7031357884407043
uav_05,106.229158,-6.744390989512007,51.25816940997051,4.209999084472656,0.7110713720321655,-1.8187189198215492e-05,0.0007108365534804761,-0.7031194567680359
uav_05,106.329118,-6.744390989512007,51.25816940997051,4.159999847412109,0.7110888957977295,-0.00026251524104736745,0.0006993000279180706,-0.7031016945838928
uav_05,106.429078,-6.744390989512007,51.25816940997051,4.1100006103515625,0.7110982537269592,-0.00042789947474375367,0.0005164023605175316,-0.7030923366546631
uav_05,106.529038,-6.744390989512007,51.25816940997051,4.059999465942383,0.711094856262207,-0.0004604700952768326,0.0002506113378331065,-0.7030958533287048
uav_05,106.628998,-6.744390989512007,51.25816940997051,4.010000228881836,0.7110971212387085,-0.0007751488592475653,0.0001298356946790591,-0.7030933499336243
uav_05,106.729791,-6.744390989512007,51.25816940997051,3.9600000381469727,0.711094856262207,-0.0009672176092863083,-9.388109560859448e-07,-0.7030954360961914
uav_05,106.829751,-6.744390989512007,51.25816940997051,3.9099998474121094,0.7110888957977295,-0.0009998104069381952,-8.991255890578032e-05,-0.703101396560669
uav_05,106.929711,-6.744390989512007,51.25816940997051,3.869999885559082,0.7110812664031982,-0.0008696746081113815,-9.881090227281675e-05,-0.7031092643737793
uav_05,107.029671,-6.744390989512007,51.25816940997051,3.8199996948242188,0.7110713720321655,-0.0007093051681295037,-0.00015558383893221617,-0.7031195163726807
uav_05,107.129631,-6.744390989512007,51.25816940997051,3.770000457763672,0.7110602259635925,-0.00045711948769167066,-0.00033371924655511975,-0.703130841255188
uav_05,107.229591,-6.744390989512007,51.25816940997051,3.7200002670288086,0.7110517024993896,-0.0003465853224042803,-0.0003385246964171529,-0.7031395435333252
uav_05,107.329551,-6.744390989512007,51.25816940997051,3.6700000762939453,0.7110408544540405,-0.00029641296714544296,-9.023668826557696e-05,-0.7031506299972534
uav_05,107.429511,-6.744390989512007,51.25816940997051,3.619999885559082,0.7110276222229004,-0.0003071545797865838,0.00014866473793517798,-0.7031639814376831
uav_05,107.529471,-6.744390989512007,51.25816940997051,3.5799999237060547,0.7110211253166199,-0.000240863228100352,0.000283754343399778,-0.7031704783439636
uav_05,107.629431,-6.744390989512007,51.25816940997051,3.5299997329711914,0.7110180854797363,-0.0001744577311910689,0.0003684842668008059,-0.7031735777854919
uav_05,107.729391,-6.744390989512007,51.25816940997051,3.479999542236328,0.7110156416893005,-0.0001513436291133985,0.00035210911300964653,-0.7031760215759277
uav_05,107.829351,-6.744390989512007,51.25816940997051,3.4300003051757812,0.7110101580619812,-0.00018630146223586053,0.0002078423713101074,-0.7031816840171814
uav_05,107.929311,-6.744390989512007,51.25816940997051,3.380000114440918,0.7110093235969543,-0.0001872597204055637,7.978562643984333e-05,-0.7031825184822083
uav_05,108.029271,-6.744390989512007,51.2470841655914,3.3299999237060547,0.7110127806663513,-0.0002468590100761503,-7.18800220056437e-05,-0.7031790614128113
uav_05,108.129231,-6.744390989512007,51.2470841655914,3.2899999618530273,0.7110186219215393,-0.00012913263344671577,-0.0002554006059654057,-0.7031731009483337
uav_05,108.229191,-6.744390989512007,51.2470841655914,3.239999771118164,0.7110255360603333,-9.007487824419513e-05,-0.00041828557732515037,-0.7031660676002502
uav_05,108.329151,-6.744390989512007,51.2470841655914,3.189999580383301,0.7110311985015869,-5.6647200835868716e-05,-0.0004111071757506579,-0.7031604051589966
uav_05,108.429111,-6.744390989512007,51.2470841655914,3.140000343322754,0.7110297083854675,-7.374932465609163e-05,-6.960545579204336e-05,-0.7031619548797607
uav_05,108.529071,-6.744390989512007,51.2470841655914,3.0900001525878906,0.7110313177108765,-0.0001722238230286166,0.0002793545718304813,-0.703160285949707
uav_05,108.629031,-6.744390989512007,51.2470841655914,3.0399999618530273,0.7110336422920227,-0.00022748505580238998,0.0004486004763748497,-0.7031578421592712
uav_05,108.728991,-6.744390989512007,51.2470841655914,3.0,0.7110427021980286,-0.00011650997475953773,0.00044353725388646126,-0.7031486630439758
uav_05,108.829784,-6.744390989512007,51.2470841655914,2.9499998092651367,0.7110493183135986,-6.658815982518718e-05,0.00042262402712367475,-0.703141987323761
uav_05,108.929744,-6.744390989512007,51.2470841655914,2.8999996185302734,0.7110459208488464,6.378480611601844e-05,0.0003773283679038286,-0.703145444393158
uav_05,109.029704,-6.744390989512007,51.2470841655914,2.8500003814697266,0.7110370397567749,5.2914238040102646e-05,0.00022917594469618052,-0.7031545042991638
uav_05,109.129664,-6.744390989512007,51.2470841655914,2.8000001907348633,0.7110286355018616,6.477595161413774e-05,4.887791146757081e-05,-0.7031630277633667
uav_05,109.229624,-6.744390989512007,51.2470841655914,2.75,0.7110164761543274,-4.131690366193652e-05,-0.00014106689195614308,-0.7031753063201904
uav_05,109.329584,-6.744390989512007,51.2470841655914,2.6999998092651367,0.7110012173652649,-0.00013807727373205125,-0.00023851018340792507,-0.7031906843185425
uav_05,109.429544,-6.744390989512007,51.2470841655914,2.6599998474121094,0.710985541343689,-0.00015989803068805486,-0.00025967787951231003,-0.703206479549408
uav_05,109.529504,-6.744390989512007,51.2470841655914,2.609999656677246,0.7109841704368591,-3.2137188100023195e-05,-9.046337800100446e-05,-0.7032079696655273
uav_05,109.629464,-6.763688245787695,51.2470841655914,2.560000419616699,0.7109856605529785,-1.2194884220662061e-05,9.609307016944513e-05,-0.7032065391540527
uav_05,109.729424,-6.763688245787695,51.2470841655914,2.510000228881836,0.7109872698783875,3.462719905655831e-05,0.00027382830739952624,-0.7032048106193542
uav_05,109.829384,-6.763688245787695,51.2470841655914,2.4600000381469727,0.7109898328781128,4.6700803068233654e-05,0.0003708736621774733,-0.7032022476196289
uav_05,109.929344,-6.763688245787695,51.2470841655914,2.4099998474121094,0.710993766784668,0.00015398423420265317,0.00016343890456482768,-0.703198254108429
uav_05,110.029304,-6.763688245787695,51.2470841655914,2.369999885559082,0.7109926342964172,0.0001623691205168143,-0.00010345448390580714,-0.7031993865966797
uav_05,110.129264,-6.763688245787695,51.2470841655914,2.3199996948242188,0.710988461971283,0.00010740110883489251,-0.00032005165121518075,-0.703203558921814
uav_05,110.229224,-6.763688245787695,51.2470841655914,2.270000457763672,0.7109755277633667,-5.0424059736542404e-05,-0.0003870092914439738,-0.7032166123390198
uav_05,110.329184,-6.763688245787695,51.2470841655914,2.2200002670288086,0.7109580636024475,-7.19102390576154e-05,-0.00035031407605856657,-0.7032343149185181
uav_05,110.429144,-6.763688245787695,51.2470841655914,2.1700000762939453,0.7109407782554626,2.533138649596367e-05,-0.0001947588025359437,-0.703251838684082
uav_05,110.529104,-6.763688245787695,51.2470841655914,2.119999885559082,0.7109289169311523,0.00017621336155571043,1.3705206583836116e-05,-0.7032638192176819
uav_05,110.629064,-6.763688245787695,51.2470841655914,2.0799999237060547,0.7109174728393555,0.0003218757046852261,0.00021625219960696995,-0.7032753229141235
uav_05,110.729024,-6.763688245787695,51.2470841655914,2.0299997329711914,0.7109061479568481,0.00046300794929265976,0.0004135476774536073,-0.7032866477966309
uav_05,110.829817,-6.763688245787695,51.2470841655914,1.9799995422363281,0.7108977437019348,0.0005274835857562721,0.0005826138658449054,-0.7032949924468994
uav_05,110.929777,-6.763688245787695,51.2470841655914,1.9300003051757812,0.7108970284461975,0.0005517911049537361,0.0005343706579878926,-0.7032956480979919
uav_05,111.029737,-6.763688245787695,51.2470841655914,1.880000114440918,0.710909903049469,0.000514980754815042,0.0004456021124497056,-0.7032827734947205
uav_05,111.129697,-6.763688245787695,51.2470841655914,1.8299999237060547,0.7109249830245972,0.0005306787206791341,0.0003604258527047932,-0.7032675743103027
uav_05,111.229657,-6.763688245787695,51.2470841655914,1.7799997329711914,0.7109416127204895,0.0006056358106434345,0.00019411394896451384,-0.7032507658004761
uav_05,111.329617,-6.763688245787695,51.2470841655914,1.739999771118164,0.7109578847885132,0.0008464867132715881,-7.7320852142293e-05,-0.703234076499939
uav_05,111.429577,-6.763688245787695,51.2470841655914,1.6899995803833008,0.7109702825546265,0.0010173950577154756,-0.0002850237360689789,-0.7032212615013123
uav_05,111.529537,-6.763688245787695,51.2470841655914,1.640000343322754,0.7109781503677368,0.0011070015607401729,-0.0002518908295314759,-0.7032131552696228
uav_05,111.629497,-6.763688245787695,51.2470841655914,1.5900001525878906,0.7109827995300293,0.0011466479627415538,-7.418839959427714e-05,-0.7032084465026855
uav_05,111.729457,-6.763688245787695,51.2470841655914,1.5399999618530273,0.7109851837158203,0.0011688366066664457,0.0001683410519035533,-0.7032060027122498
uav_05,111.829417,-6.763688245787695,51.2470841655914,1.489999771118164,0.7109861373901367,0.0010353069519624114,0.00046750481124036014,-0.7032050490379333
uav_05,111.929377,-6.763688245787695,51.2470841655914,1.4499998092651367,0.7109859585762024,0.0008520011906512082,0.0005673450650647283,-0.7032054662704468
uav_05,112.029337,-6.763688245787695,51.2470841655914,1.3999996185302734,0.7109912037849426,0.0005960532580502331,0.0004671640053857118,-0.7032004594802856
uav_05,112.129297,-6.763688245787695,51.2470841655914,1.3500003814697266,0.7109965682029724,0.0006639573257416487,0.0002474936190992594,-0.7031950950622559
uav_05,112.229257,-6.763688245787695,51.2470841655914,1.3000001907348633,0.710992693901062,0.0006228472338989377,6.188335828483105e-05,-0.7031990885734558
uav_05,112.329217,-6.763688245787695,51.2470841655914,1.25,0.7109782695770264,0.00045856693759560585,-7.973088941071182e-05,-0.7032138109207153
uav_05,112.429177,-6.744390989512007,51.2470841655914,1.2100000381469727,0.7109515070915222,0.00018927986093331128,-0.00017921846301760525,-0.7032409906387329
uav_05,112.529137,-6.744390989512007,51.2470841655914,1.1599998474121094,0.7109261155128479,6.301807843556162e-06,-0.00020824703096877784,-0.7032666802406311
uav_05,112.629097,-6.744390989512007,51.2470841655914,1.109999656677246,0.7109068632125854,-5.541985956369899e-05,-0.0001112506870413199,-0.7032861709594727
uav_05,112.729057,-6.744390989512007,51.2470841655914,1.0600004196166992,0.7108915448188782,-3.3745807741070166e-05,4.982589962310158e-05,-0.7033016681671143
uav_05,112.829017,-6.744390989512007,51.2470841655914,1.010000228881836,0.7108811736106873,3.031272535736207e-05,0.00019919143232982606,-0.70331209897995
uav_05,112.92981,-6.744390989512007,51.2470841655914,0.9700002670288086,0.7108777165412903,0.0001008695617201738,0.00023563136346638203,-0.7033155560493469
uav_05,113.02977,-6.744390989512007,51.2470841655914,0.9200000762939453,0.7108792662620544,-6.163424586702604e-06,0.00019057895406149328,-0.7033140063285828
uav_05,113.12973,-6.744390989512007,51.2470841655914,0.869999885559082,0.7108858227729797,-5.6869012041715905e-05,0.00012454668467398733,-0.7033073902130127
uav_05,113.22969,-6.744390989512007,51.2470841655914,0.8199996948242188,0.7109017372131348,-0.00011289016401860863,-0.00017052747716661543,-0.7032913565635681
uav_05,113.32965,-6.744390989512007,51.2470841655914,0.7700004577636719,0.7109213471412659,-3.1782383302925155e-05,-0.0004027560062240809,-0.7032714486122131
uav_05,113.42961,-6.744390989512007,51.2470841655914,0.7299995422363281,0.7109435200691223,0.00010454167204443365,-0.0005537960678339005,-0.703248918056488
uav_05,113.52957,-6.744390989512007,51.2470841655914,0.6800003051757812,0.7109586000442505,0.00029847148107364774,-0.00047341547906398773,-0.7032336592674255
uav_05,113.62953,-6.744390989512007,51.2470841655914,0.630000114440918,0.710959255695343,0.00023957056691870093,-0.00020170272910036147,-0.7032331228256226
uav_05,113.72949,-6.744390989512007,51.2470841655914,0.5799999237060547,0.7109531164169312,2.9385662855929695e-05,6.114153075031936e-05,-0.703239381313324
uav_05,113.82945,-6.744390989512007,51.2470841655914,0.5299997329711914,0.7109475135803223,-0.0002156904520234093,0.00023176246031653136,-0.7032449841499329
uav_05,113.92941,-6.744390989512007,51.2470841655914,0.4799995422363281,0.7109289169311523,-0.00027818448143079877,0.0002805586264003068,-0.7032638192176819
uav_05,114.02937,-6.744390989512007,51.2470841655914,0.4399995803833008,0.7109047174453735,-0.0003036655834876001,0.0003384899173397571,-0.703288197517395
uav_05,114.12933,-6.744390989512007,51.25816940997051,0.3900003433227539,0.7108733057975769,-0.00014557878603227437,0.0003194675373379141,-0.7033199667930603
uav_05,114.22929,-6.744390989512007,51.25816940997051,0.3400001525878906,0.7108449339866638,2.7376239813747816e-05,0.0002030906471190974,-0.703348696231842
uav_05,114.32925,-6.744390989512007,51.25816940997051,0.28999996185302734,0.710822343826294,0.0002434693742543459,-1.2650668395508546e-05,-0.703371524810791
uav_05,114.42921,-6.744390989512007,51.25816940997051,0.23999977111816406,0.7108087539672852,0.00022965692915022373,-0.0001329137885477394,-0.7033852934837341
uav_05,114.52917,-6.744390989512007,51.25816940997051,0.19999980926513672,0.7107987403869629,0.00016273153596557677,-0.00010556929191807285,-0.703395426273346
uav_05,114.62913,-6.744390989512007,51.25816940997051,0.14999961853027344,0.7107900381088257,9.648026752984151e-05,3.259464574512094e-05,-0.7034041881561279
uav_05,114.72909,-6.744390989512007,51.25816940997051,0.10000038146972656,0.7107879519462585,4.2385156120872125e-05,7.358779839705676e-05,-0.7034063339233398
uav_05,114.82905,-6.744390989512007,51.25816940997051,0.06999969482421875,0.7107880711555481,0.0,0.0,-0.7034062743186951
uav_05,114.92901,-6.744390989512007,51.25816940997051,0.06999969482421875,0.7107880711555481,0.0,0.0,-0.7034062743186951
uav_05,115.029803,-6.744390989512007,51.25816940997051,0.09000015258789062,0.7107880711555481,0.0,0.0,-0.7034062743186951
uav_05,115.129763,-6.744390989512007,51.25816940997051,0.10000038146972656,0.7107880711555481,0.0,0.0,-0.7034062743186951
uav_05,115.229723,-6.744390989512007,51.25816940997051,0.10000038146972656,0.7107880711555481,0.0,0.0,-0.7034062743186951
uav_05,115.329683,-6.744390989512007,51.25816940997051,0.10000038146972656,0.7107880711555481,0.0,0.0,-0.7034062743186951
uav_05,115.429643,-6.744390989512007,51.25816940997051,0.10000038146972656,0.7107880711555481,0.0,0.0,-0.7034062743186951
uav_05,115.529603,-6.744390989512007,51.25816940997051,0.09000015258789062,0.7107880711555481,0.0,0.0,-0.7034062743186951
uav_05,115.629563,-6.744390989512007,51.25816940997051,0.09000015258789062,0.7107880711555481,0.0,0.0,-0.7034062743186951
uav_05,115.729523,-6.744390989512007,51.25816940997051,0.09000015258789062,0.7107880711555481,0.0,0.0,-0.7034062743186951
uav_05,115.829483,-6.744390989512007,51.25816940997051,0.10000038146972656,0.7107880711555481,0.0,0.0,-0.7034062743186951
uav_05,115.929443,-6.744390989512007,51.25816940997051,0.10000038146972656,0.7107880711555481,0.0,0.0,-0.7034062743186951
uav_05,116.029403,-6.744390989512007,51.25816940997051,0.10000038146972656,0.7107880711555481,0.0,0.0,-0.7034062743186951
uav_05,116.129363,-6.744390989512007,51.25816940997051,0.10000038146972656,0.7107880711555481,0.0,0.0,-0.7034062743186951
uav_05,116.229323,-6.744390989512007,51.25816940997051,0.10000038146972656,0.7107880711555481,0.0,0.0,-0.7034062743186951
uav_05,116.329283,-6.744390989512007,51.25816940997051,0.09000015258789062,0.7107880711555481,0.0,0.0,-0.7034062743186951
uav_05,116.429243,-6.744390989512007,51.25816940997051,0.10000038146972656,0.7107880711555481,0.0,0.0,-0.7034062743186951
uav_05,116.529203,-6.744390989512007,51.25816940997051,0.10000038146972656,0.7107880711555481,0.0,0.0,-0.7034062743186951
uav_05,116.629163,-6.744390989512007,51.25816940997051,0.10000038146972656,0.7107880711555481,0.0,0.0,-0.7034062743186951
uav_05,116.729123,-6.744390989512007,51.25816940997051,0.10000038146972656,0.7107880711555481,0.0,0.0,-0.7034062743186951
uav_05,116.829083,-6.744390989512007,51.25816940997051,0.10000038146972656,0.7107880711555481,0.0,0.0,-0.7034062743186951
uav_05,116.929043,-6.744390989512007,51.25816940997051,0.10000038146972656,0.7107880711555481,0.0,0.0,-0.7034062743186951
uav_05,117.029003,-6.744390989512007,51.25816940997051,0.10000038146972656,0.7107880711555481,0.0,0.0,-0.7034062743186951
uav_05,117.129796,-6.744390989512007,51.25816940997051,0.10000038146972656,0.7107880711555481,0.0,0.0,-0.7034062743186951
uav_05,117.229756,-6.744390989512007,51.25816940997051,0.10000038146972656,0.7107880711555481,0.0,0.0,-0.7034062743186951
uav_05,117.329716,-6.744390989512007,51.25816940997051,0.10000038146972656,0.7107880711555481,0.0,0.0,-0.7034062743186951
uav_05,117.429676,-6.744390989512007,51.25816940997051,0.10000038146972656,0.7107880711555481,0.0,0.0,-0.7034062743186951
uav_05,117.529636,-6.744390989512007,51.25816940997051,0.10000038146972656,0.7107880711555481,0.0,0.0,-0.7034062743186951
uav_05,117.629596,-6.744390989512007,51.25816940997051,0.10000038146972656,0.7107880711555481,0.0,0.0,-0.7034062743186951
uav_05,117.729556,-6.744390989512007,51.25816940997051,0.10000038146972656,0.7107880711555481,0.0,0.0,-0.7034062743186951
uav_05,117.829516,-6.744390989512007,51.25816940997051,0.10000038146972656,0.7107880711555481,0.0,0.0,-0.7034062743186951
uav_05,117.929476,-6.744390989512007,51.25816940997051,0.10000038146972656,0.7107880711555481,0.0,0.0,-0.7034062743186951
uav_05,118.029436,-6.744390989512007,51.25816940997051,0.10000038146972656,0.7107880711555481,0.0,0.0,-0.7034062743186951
uav_05,118.129396,-6.744390989512007,51.25816940997051,0.10000038146972656,0.7107880711555481,0.0,0.0,-0.7034062743186951
uav_05,118.229356,-6.744390989512007,51.25816940997051,0.10000038146972656,0.7107880711555481,0.0,0.0,-0.7034062743186951
uav_05,118.329316,-6.744390989512007,51.25816940997051,0.10000038146972656,0.7107880711555481,0.0,0.0,-0.7034062743186951
uav_05,118.429276,-6.744390989512007,51.25816940997051,0.10000038146972656,0.7107880711555481,0.0,0.0,-0.7034062743186951
uav_05,118.529236,-6.744390989512007,51.25816940997051,0.10000038146972656,0.7107880711555481,0.0,0.0,-0.7034062743186951
uav_05,118.629196,-6.744390989512007,51.25816940997051,0.10000038146972656,0.7107880711555481,0.0,0.0,-0.7034062743186951
uav_05,118.729156,-6.744390989512007,51.25816940997051,0.10000038146972656,0.7107880711555481,0.0,0.0,-0.7034062743186951
uav_05,118.829116,-6.744390989512007,51.25816940997051,0.10000038146972656,0.7107880711555481,0.0,0.0,-0.7034062743186951
uav_05,118.929076,-6.744390989512007,51.25816940997051,0.10000038146972656,0.7107880711555481,0.0,0.0,-0.7034062743186951
uav_05,119.029036,-6.744390989512007,51.25816940997051,0.10000038146972656,0.7107880711555481,0.0,0.0,-0.7034062743186951
uav_06,2.629781,-18.235906967997387,59.793807482243096,0.10000038146972656,1.0,0.0,0.0,0.0
uav_06,2.729741,-18.235906967997387,59.793807482243096,0.10000038146972656,1.0,0.0,0.0,0.0
uav_06,2.829701,-18.235906967997387,59.793807482243096,0.10000038146972656,1.0,0.0,0.0,0.0
uav_06,2.929661,-18.235906967997387,59.793807482243096,0.10000038146972656,1.0,0.0,0.0,0.0
uav_06,3.029621,-18.235906967997387,59.793807482243096,0.10000038146972656,1.0,0.0,0.0,0.0
uav_06,3.129581,-18.235906967997387,59.793807482243096,0.10000038146972656,1.0,0.0,0.0,0.0
uav_06,3.229541,-18.235906967997387,59.793807482243096,0.10000038146972656,1.0,0.0,0.0,0.0
uav_06,3.329501,-18.235906967997387,59.793807482243096,0.10000038146972656,1.0,0.0,0.0,0.0
uav_06,3.429461,-18.235906967997387,59.793807482243096,0.10000038146972656,1.0,0.0,0.0,0.0
uav_06,3.529421,-18.235906967997387,59.793807482243096,0.10000038146972656,1.0,0.0,0.0,0.0
uav_06,3.629381,-18.235906967997387,59.793807482243096,0.10000038146972656,1.0,0.0,0.0,0.0
uav_06,3.729341,-18.235906967997387,59.793807482243096,0.10000038146972656,1.0,0.0,0.0,0.0
uav_06,3.829301,-18.235906967997387,59.793807482243096,0.10000038146972656,1.0,0.0,0.0,0.0
uav_06,3.929261,-18.235906967997387,59.793807482243096,0.10000038146972656,1.0,0.0,0.0,0.0
uav_06,4.029221,-18.235906967997387,59.793807482243096,0.10000038146972656,1.0,0.0,0.0,0.0
uav_06,4.129181,-18.235906967997387,59.793807482243096,0.10000038146972656,1.0,0.0,0.0,0.0
uav_06,4.229141,-18.235906967997387,59.793807482243096,0.10000038146972656,1.0,0.0,0.0,0.0
uav_06,4.329101,-18.235906967997387,59.793807482243096,0.10000038146972656,1.0,0.0,0.0,0.0
uav_06,4.429061,-18.235906967997387,59.793807482243096,0.10000038146972656,1.0,0.0,0.0,0.0
uav_06,4.529021,-18.235906967997387,59.793807482243096,0.10000038146972656,1.0,0.0,0.0,0.0
uav_06,4.629814,-18.235906967997387,59.793807482243096,0.10000038146972656,1.0,0.0,0.0,0.0
uav_06,4.729774,-18.235906967997387,59.793807482243096,0.10000038146972656,1.0,0.0,0.0,0.0
uav_06,4.829734,-18.235906967997387,59.793807482243096,0.10000038146972656,1.0,0.0,0.0,0.0
uav_06,4.929694,-18.235906967997387,59.793807482243096,0.10000038146972656,1.0,0.0,0.0,0.0
uav_06,5.029654,-18.235906967997387,59.793807482243096,0.10000038146972656,1.0,0.0,0.0,0.0
uav_06,5.129614,-18.235906967997387,59.793807482243096,0.10000038146972656,1.0,0.0,0.0,0.0
uav_06,5.229574,-18.235906967997387,59.793807482243096,0.10000038146972656,1.0,0.0,0.0,0.0
uav_06,5.329534,-18.235906967997387,59.793807482243096,0.10000038146972656,1.0,0.0,0.0,0.0
uav_06,5.429494,-18.235906967997387,59.793807482243096,0.10000038146972656,1.0,0.0,0.0,0.0
uav_06,5.529454,-18.235906967997387,59.793807482243096,0.10000038146972656,1.0,0.0,0.0,0.0
uav_06,5.629414,-18.235906967997387,59.793807482243096,0.10000038146972656,1.0,0.0,0.0,0.0
uav_06,5.729374,-18.235906967997387,59.793807482243096,0.10000038146972656,1.0,0.0,0.0,0.0
uav_06,5.829334,-18.235906967997387,59.793807482243096,0.10000038146972656,1.0,0.0,0.0,0.0
uav_06,5.929294,-18.235906967997387,59.793807482243096,0.10000038146972656,1.0,0.0,0.0,0.0
uav_06,6.029254,-18.235906967997387,59.793807482243096,0.10000038146972656,1.0,0.0,0.0,0.0
uav_06,6.129214,-18.235906967997387,59.793807482243096,0.10000038146972656,1.0,0.0,0.0,0.0
uav_06,6.229174,-18.235906967997387,59.793807482243096,0.10000038146972656,1.0,0.0,0.0,0.0
uav_06,6.329134,-18.235906967997387,59.793807482243096,0.10000038146972656,1.0,0.0,0.0,0.0
uav_06,6.429094,-18.235906967997387,59.793807482243096,0.10000038146972656,1.0,0.0,0.0,0.0
uav_06,6.529054,-18.235906967997387,59.793807482243096,0.10000038146972656,1.0,0.0,0.0,0.0
uav_06,6.629014,-18.235906967997387,59.793807482243096,0.10000038146972656,1.0,0.0,0.0,0.0
uav_06,6.729807,-18.235906967997387,59.793807482243096,0.10000038146972656,1.0,0.0,0.0,0.0
uav_06,6.829767,-18.235906967997387,59.793807482243096,0.10000038146972656,1.0,0.0,0.0,0.0
uav_06,6.929727,-18.235906967997387,59.793807482243096,0.10000038146972656,1.0,0.0,0.0,0.0
uav_06,7.029687,-18.235906967997387,59.793807482243096,0.10000038146972656,1.0,0.0,0.0,0.0
uav_06,7.129647,-18.235906967997387,59.793807482243096,0.10000038146972656,1.0,0.0,0.0,0.0
uav_06,7.229607,-18.235906967997387,59.793807482243096,0.10000038146972656,1.0,0.0,0.0,0.0
uav_06,7.329567,-18.235906967997387,59.793807482243096,0.10000038146972656,1.0,0.0,0.0,0.0
uav_06,7.429527,-18.235906967997387,59.793807482243096,0.10000038146972656,1.0,0.0,0.0,0.0
uav_06,7.529487,-18.235906967997387,59.793807482243096,0.10000038146972656,1.0,0.0,0.0,0.0
uav_06,7.629447,-18.235906967997387,59.793807482243096,0.10000038146972656,1.0,0.0,0.0,0.0
uav_06,7.729407,-18.235906967997387,59.793807482243096,0.10000038146972656,1.0,0.0,0.0,0.0
uav_06,7.829367,-18.235906967997387,59.793807482243096,0.10000038146972656,1.0,0.0,0.0,0.0
uav_06,7.929327,-18.235906967997387,59.793807482243096,0.10000038146972656,1.0,0.0,0.0,0.0
uav_06,8.029287,-18.235906967997387,59.793807482243096,0.10000038146972656,1.0,0.0,0.0,0.0
uav_06,8.129247,-18.235906967997387,59.793807482243096,0.10000038146972656,1.0,0.0,0.0,0.0
uav_06,8.229207,-18.235906967997387,59.793807482243096,0.10000038146972656,1.0,0.0,0.0,0.0
uav_06,8.329167,-18.235906967997387,59.793807482243096,0.10000038146972656,1.0,0.0,0.0,0.0
uav_06,8.429127,-18.235906967997387,59.793807482243096,0.10000038146972656,1.0,0.0,0.0,0.0
uav_06,8.529087,-18.235906967997387,59.793807482243096,0.10000038146972656,1.0,0.0,0.0,0.0
uav_06,8.629047,-18.235906967997387,59.793807482243096,0.10000038146972656,1.0,0.0,0.0,0.0
uav_06,8.729007,-18.235906967997387,59.793807482243096,0.10000038146972656,1.0,0.0,0.0,0.0
uav_06,8.8298,-18.235906967997387,59.793807482243096,0.10000038146972656,1.0,0.0,0.0,0.0
uav_06,8.92976,-18.235906967997387,59.793807482243096,0.10000038146972656,1.0,0.0,0.0,0.0
uav_06,9.02972,-18.235906967997387,59.793807482243096,0.10000038146972656,1.0,0.0,0.0,0.0
uav_06,9.12968,-18.235906967997387,59.793807482243096,0.10000038146972656,1.0,0.0,0.0,0.0
uav_06,9.22964,-18.235906967997387,59.793807482243096,0.10000038146972656,1.0,0.0,0.0,0.0
uav_06,9.3296,-18.235906967997387,59.793807482243096,0.10000038146972656,1.0,0.0,0.0,0.0
uav_06,9.42956,-18.235906967997387,59.793807482243096,0.10000038146972656,1.0,0.0,0.0,0.0
uav_06,9.52952,-18.235906967997387,59.793807482243096,0.10000038146972656,1.0,0.0,0.0,0.0
uav_06,9.62948,-18.235906967997387,59.793807482243096,0.10000038146972656,1.0,0.0,0.0,0.0
uav_06,9.72944,-18.235906967997387,59.793807482243096,0.10000038146972656,1.0,0.0,0.0,0.0
uav_06,9.8294,-18.235906967997387,59.793807482243096,0.10000038146972656,1.0,0.0,0.0,0.0
uav_06,9.92936,-18.235906967997387,59.793807482243096,0.10000038146972656,1.0,0.0,0.0,0.0
uav_06,10.02932,-18.235906967997387,59.793807482243096,0.10000038146972656,1.0,0.0,0.0,0.0
uav_06,10.12928,-18.235906967997387,59.793807482243096,0.10000038146972656,1.0,0.0,0.0,0.0
uav_06,10.22924,-18.235906967997387,59.793807482243096,0.10000038146972656,1.0,0.0,0.0,0.0
uav_06,10.3292,-18.235906967997387,59.793807482243096,0.10000038146972656,1.0,0.0,0.0,0.0
uav_06,10.42916,-18.235906967997387,59.793807482243096,0.10000038146972656,1.0,0.0,0.0,0.0
uav_06,10.52912,-18.235906967997387,59.793807482243096,0.10000038146972656,1.0,0.0,0.0,0.0
uav_06,10.62908,-18.235906967997387,59.793807482243096,0.10000038146972656,1.0,0.0,0.0,0.0
uav_06,10.72904,-18.235906967997387,59.793807482243096,0.10000038146972656,1.0,0.0,0.0,0.0
uav_06,10.829,-18.235906967997387,59.793807482243096,0.10000038146972656,1.0,0.0,0.0,0.0
uav_06,10.929793,-18.235906967997387,59.793807482243096,0.10000038146972656,1.0,0.0,0.0,0.0
uav_06,11.029753,-18.235906967997387,59.793807482243096,0.10000038146972656,1.0,0.0,0.0,0.0
uav_06,11.129713,-18.235906967997387,59.793807482243096,0.10000038146972656,1.0,0.0,0.0,0.0
uav_06,11.229673,-18.235906967997387,59.793807482243096,0.10000038146972656,1.0,0.0,0.0,0.0
uav_06,11.329633,-18.235906967997387,59.793807482243096,0.10000038146972656,1.0,0.0,0.0,0.0
uav_06,11.429593,-18.235906967997387,59.793807482243096,0.10000038146972656,1.0,0.0,0.0,0.0
uav_06,11.529553,-18.235906967997387,59.793807482243096,0.10000038146972656,1.0,0.0,0.0,0.0
uav_06,11.629513,-18.235906967997387,59.793807482243096,0.10000038146972656,1.0,0.0,0.0,0.0
uav_06,11.729473,-18.235906967997387,59.793807482243096,0.10000038146972656,1.0,0.0,0.0,0.0
uav_06,11.829433,-18.235906967997387,59.793807482243096,0.10000038146972656,1.0,0.0,0.0,0.0
uav_06,11.929393,-18.235906967997387,59.793807482243096,0.10000038146972656,1.0,0.0,0.0,0.0
uav_06,12.029353,-18.235906967997387,59.793807482243096,0.10000038146972656,1.0,0.0,0.0,0.0
uav_06,12.129313,-18.235906967997387,59.793807482243096,0.10000038146972656,1.0,0.0,0.0,0.0
uav_06,12.229273,-18.235906967997387,59.793807482243096,0.10000038146972656,1.0,0.0,0.0,0.0
uav_06,12.329233,-18.235906967997387,59.793807482243096,0.10000038146972656,1.0,0.0,0.0,0.0
uav_06,12.429193,-18.235906967997387,59.793807482243096,0.10000038146972656,1.0,0.0,0.0,0.0
uav_06,12.529153,-18.235906967997387,59.793807482243096,0.10000038146972656,1.0,0.0,0.0,0.0
uav_06,12.629113,-18.235906967997387,59.793807482243096,0.10000038146972656,1.0,0.0,0.0,0.0
uav_06,12.729073,-18.235906967997387,59.793807482243096,0.10000038146972656,1.0,0.0,0.0,0.0
uav_06,12.829033,-18.235906967997387,59.793807482243096,0.10000038146972656,1.0,0.0,0.0,0.0
uav_06,12.928993,-18.235906967997387,59.793807482243096,0.10000038146972656,1.0,0.0,0.0,0.0
uav_06,13.029786,-18.235906967997387,59.793807482243096,0.10000038146972656,1.0,0.0,0.0,0.0
uav_06,13.129746,-18.235906967997387,59.793807482243096,0.10000038146972656,1.0,0.0,0.0,0.0
uav_06,13.229706,-18.235906967997387,59.793807482243096,0.10000038146972656,1.0,0.0,0.0,0.0
uav_06,13.329666,-18.235906967997387,59.793807482243096,0.10000038146972656,1.0,0.0,0.0,0.0
uav_06,13.429626,-18.235906967997387,59.793807482243096,0.10000038146972656,1.0,0.0,0.0,0.0
uav_06,13.529586,-18.235906967997387,59.793807482243096,0.10000038146972656,1.0,0.0,0.0,0.0
uav_06,13.629546,-18.235906967997387,59.793807482243096,0.10000038146972656,1.0,0.0,0.0,0.0
uav_06,13.729506,-18.235906967997387,59.793807482243096,0.10000038146972656,1.0,0.0,0.0,0.0
uav_06,13.829466,-18.235906967997387,59.793807482243096,0.10000038146972656,1.0,0.0,0.0,0.0
uav_06,13.929426,-18.235906967997387,59.793807482243096,0.10000038146972656,1.0,0.0,0.0,0.0
uav_06,14.029386,-18.235906967997387,59.793807482243096,0.10000038146972656,1.0,0.0,0.0,0.0
uav_06,14.129346,-18.235906967997387,59.793807482243096,0.10000038146972656,1.0,0.0,0.0,0.0
uav_06,14.229306,-18.235906967997387,59.793807482243096,0.10000038146972656,1.0,0.0,0.0,0.0
uav_06,14.329266,-18.235906967997387,59.793807482243096,0.10000038146972656,1.0,0.0,0.0,0.0
uav_06,14.429226,-18.235906967997387,59.793807482243096,0.10000038146972656,1.0,0.0,0.0,0.0
uav_06,14.529186,-18.235906967997387,59.793807482243096,0.10000038146972656,1.0,0.0,0.0,0.0
uav_06,14.629146,-18.235906967997387,59.793807482243096,0.10000038146972656,1.0,0.0,0.0,0.0
uav_06,14.729106,-18.235906967997387,59.793807482243096,0.10000038146972656,1.0,0.0,0.0,0.0
uav_06,14.829066,-18.235906967997387,59.793807482243096,0.10000038146972656,1.0,0.0,0.0,0.0
uav_06,14.929026,-18.235906967997387,59.793807482243096,0.10000038146972656,1.0,0.0,0.0,0.0
uav_06,15.029819,-18.235906967997387,59.793807482243096,0.10000038146972656,1.0,0.0,0.0,0.0
uav_06,15.129779,-18.235906967997387,59.793807482243096,0.10000038146972656,1.0,0.0,0.0,0.0
uav_06,15.229739,-18.235906967997387,59.793807482243096,0.10000038146972656,1.0,0.0,0.0,0.0
uav_06,15.329699,-18.235906967997387,59.793807482243096,0.10000038146972656,1.0,0.0,0.0,0.0
uav_06,15.429659,-18.235906967997387,59.793807482243096,0.10000038146972656,1.0,0.0,0.0,0.0
uav_06,15.529619,-18.235906967997387,59.793807482243096,0.10000038146972656,1.0,0.0,0.0,0.0
uav_06,15.629579,-18.235906967997387,59.793807482243096,0.10000038146972656,1.0,0.0,0.0,0.0
uav_06,15.729539,-18.235906967997387,59.793807482243096,0.10000038146972656,1.0,0.0,0.0,0.0
uav_06,15.829499,-18.235906967997387,59.793807482243096,0.10000038146972656,1.0,0.0,0.0,0.0
uav_06,15.929459,-18.235906967997387,59.793807482243096,0.10000038146972656,1.0,0.0,0.0,0.0
uav_06,16.029419,-18.235906967997387,59.793807482243096,0.10000038146972656,1.0,0.0,0.0,0.0
uav_06,16.129379,-18.235906967997387,59.793807482243096,0.10000038146972656,1.0,0.0,0.0,0.0
uav_06,16.229339,-18.235906967997387,59.793807482243096,0.10000038146972656,1.0,0.0,0.0,0.0
uav_06,16.329299,-18.235906967997387,59.793807482243096,0.10000038146972656,1.0,0.0,0.0,0.0
uav_06,16.429259,-18.235906967997387,59.793807482243096,0.10000038146972656,1.0,0.0,0.0,0.0
uav_06,16.529219,-18.235906967997387,59.793807482243096,0.10000038146972656,1.0,0.0,0.0,0.0
uav_06,16.629179,-18.235906967997387,59.793807482243096,0.10000038146972656,1.0,0.0,0.0,0.0
uav_06,16.729139,-18.235906967997387,59.793807482243096,0.10000038146972656,1.0,0.0,0.0,0.0
uav_06,16.829099,-18.235906967997387,59.793807482243096,0.10000038146972656,1.0,0.0,0.0,0.0
uav_06,16.929059,-18.235906967997387,59.793807482243096,0.10000038146972656,1.0,0.0,0.0,0.0
uav_06,17.029019,-18.235906967997387,59.793807482243096,0.10000038146972656,1.0,0.0,0.0,0.0
uav_06,17.129812,-18.235906967997387,59.793807482243096,0.10000038146972656,1.0,0.0,0.0,0.0
uav_06,17.229772,-18.235906967997387,59.793807482243096,0.10000038146972656,1.0,0.0,0.0,0.0
uav_06,17.329732,-18.235906967997387,59.793807482243096,0.10000038146972656,1.0,0.0,0.0,0.0
uav_06,17.429692,-18.235906967997387,59.793807482243096,0.10000038146972656,1.0,0.0,0.0,0.0
uav_06,17.529652,-18.235906967997387,59.793807482243096,0.10000038146972656,1.0,0.0,0.0,0.0
uav_06,17.629612,-18.235906967997387,59.793807482243096,0.10000038146972656,1.0,0.0,0.0,0.0
uav_06,17.729572,-18.235906967997387,59.793807482243096,0.10000038146972656,1.0,0.0,0.0,0.0
uav_06,17.829532,-18.235906967997387,59.793807482243096,0.10000038146972656,1.0,0.0,0.0,0.0
uav_06,17.929492,-18.235906967997387,59.793807482243096,0.10000038146972656,1.0,0.0,0.0,0.0
uav_06,18.029452,-18.235906967997387,59.793807482243096,0.10000038146972656,1.0,0.0,0.0,0.0
uav_06,18.129412,-18.235906967997387,59.793807482243096,0.10000038146972656,1.0,0.0,0.0,0.0
uav_06,18.229372,-18.235906967997387,59.793807482243096,0.10000038146972656,1.0,0.0,0.0,0.0
uav_06,18.329332,-18.235906967997387,59.793807482243096,0.10000038146972656,1.0,0.0,0.0,0.0
uav_06,18.429292,-18.235906967997387,59.793807482243096,0.10000038146972656,1.0,0.0,0.0,0.0
uav_06,18.529252,-18.235906967997387,59.793807482243096,0.10000038146972656,1.0,0.0,0.0,0.0
uav_06,18.629212,-18.235906967997387,59.793807482243096,0.10000038146972656,1.0,0.0,0.0,0.0
uav_06,18.729172,-18.235906967997387,59.793807482243096,0.10000038146972656,1.0,0.0,0.0,0.0
uav_06,18.829132,-18.235906967997387,59.793807482243096,0.10000038146972656,1.0,0.0,0.0,0.0
uav_06,18.929092,-18.235906967997387,59.793807482243096,0.10000038146972656,1.0,0.0,0.0,0.0
uav_06,19.029052,-18.235906967997387,59.793807482243096,0.10000038146972656,1.0,0.0,0.0,0.0
uav_06,19.129012,-18.235906967997387,59.793807482243096,0.10000038146972656,1.0,0.0,0.0,0.0
uav_06,19.229805,-18.235906967997387,59.793807482243096,0.10000038146972656,1.0,0.0,0.0,0.0
uav_06,19.329765,-18.235906967997387,59.793807482243096,0.10000038146972656,1.0,0.0,0.0,0.0
uav_06,19.429725,-18.235906967997387,59.793807482243096,0.10000038146972656,1.0,0.0,0.0,0.0
uav_06,19.529685,-18.235906967997387,59.793807482243096,0.10000038146972656,1.0,0.0,0.0,0.0
uav_06,19.629645,-18.235906967997387,59.793807482243096,0.10000038146972656,1.0,0.0,0.0,0.0
uav_06,19.729605,-18.235906967997387,59.793807482243096,0.10000038146972656,1.0,0.0,0.0,0.0
uav_06,19.829565,-18.235906967997387,59.793807482243096,0.10000038146972656,1.0,0.0,0.0,0.0
uav_06,19.929525,-18.235906967997387,59.793807482243096,0.10000038146972656,1.0,0.0,0.0,0.0
uav_06,20.029485,-18.235906967997387,59.793807482243096,0.10000038146972656,1.0,0.0,0.0,0.0
uav_06,20.129445,-18.235906967997387,59.793807482243096,0.10000038146972656,1.0,0.0,0.0,0.0
uav_06,20.229405,-18.235906967997387,59.793807482243096,0.10000038146972656,1.0,0.0,0.0,0.0
uav_06,20.329365,-18.235906967997387,59.793807482243096,0.10000038146972656,1.0,0.0,0.0,0.0
uav_06,20.429325,-18.235906967997387,59.793807482243096,0.10000038146972656,1.0,0.0,0.0,0.0
uav_06,20.529285,-18.235906967997387,59.793807482243096,0.10000038146972656,1.0,0.0,0.0,0.0
uav_06,20.629245,-18.235906967997387,59.793807482243096,0.10000038146972656,1.0,0.0,0.0,0.0
uav_06,20.729205,-18.235906967997387,59.793807482243096,0.10000038146972656,1.0,0.0,0.0,0.0
uav_06,20.829165,-18.235906967997387,59.793807482243096,0.10000038146972656,1.0,0.0,0.0,0.0
uav_06,20.929125,-18.235906967997387,59.793807482243096,0.10000038146972656,1.0,0.0,0.0,0.0
uav_06,21.029085,-18.235906967997387,59.793807482243096,0.10000038146972656,1.0,0.0,0.0,0.0
uav_06,21.129045,-18.235906967997387,59.793807482243096,0.10000038146972656,1.0,0.0,0.0,0.0
uav_06,21.229005,-18.235906967997387,59.793807482243096,0.10000038146972656,1.0,0.0,0.0,0.0
uav_06,21.329798,-18.235906967997387,59.793807482243096,0.10000038146972656,1.0,0.0,0.0,0.0
uav_06,21.429758,-18.235906967997387,59.793807482243096,0.10000038146972656,1.0,0.0,0.0,0.0
uav_06,21.529718,-18.235906967997387,59.793807482243096,0.10000038146972656,1.0,0.0,0.0,0.0
uav_06,21.629678,-18.235906967997387,59.793807482243096,0.10000038146972656,1.0,0.0,0.0,0.0
uav_06,21.729638,-18.235906967997387,59.793807482243096,0.10000038146972656,1.0,0.0,0.0,0.0
uav_06,21.829598,-18.235906967997387,59.793807482243096,0.10000038146972656,1.0,0.0,0.0,0.0
uav_06,21.929558,-18.235906967997387,59.793807482243096,0.10000038146972656,1.0,0.0,0.0,0.0
uav_06,22.029518,-18.235906967997387,59.793807482243096,0.10000038146972656,1.0,0.0,0.0,0.0
uav_06,22.129478,-18.235906967997387,59.793807482243096,0.10000038146972656,1.0,0.0,0.0,0.0
uav_06,22.229438,-18.235906967997387,59.793807482243096,0.10000038146972656,1.0,0.0,0.0,0.0
uav_06,22.329398,-18.235906967997387,59.793807482243096,0.10000038146972656,1.0,0.0,0.0,0.0
uav_06,22.429358,-18.235906967997387,59.793807482243096,0.10000038146972656,1.0,0.0,0.0,0.0
uav_06,22.529318,-18.235906967997387,59.793807482243096,0.10000038146972656,1.0,0.0,0.0,0.0
uav_06,22.629278,-18.235906967997387,59.793807482243096,0.10000038146972656,1.0,0.0,0.0,0.0
uav_06,22.729238,-18.235906967997387,59.793807482243096,0.10000038146972656,1.0,0.0,0.0,0.0
uav_06,22.829198,-18.235906967997387,59.793807482243096,0.10000038146972656,1.0,0.0,0.0,0.0
uav_06,22.929158,-18.235906967997387,59.793807482243096,0.10000038146972656,1.0,0.0,0.0,0.0
uav_06,23.029118,-18.235906967997387,59.793807482243096,0.10000038146972656,1.0,0.0,0.0,0.0
uav_06,23.129078,-18.235906967997387,59.793807482243096,0.10000038146972656,1.0,0.0,0.0,0.0
uav_06,23.229038,-18.235906967997387,59.793807482243096,0.10000038146972656,1.0,0.0,0.0,0.0
uav_06,23.328998,-18.235906967997387,59.793807482243096,0.10000038146972656,1.0,0.0,0.0,0.0
uav_06,23.429791,-18.235906967997387,59.793807482243096,0.10000038146972656,1.0,0.0,0.0,0.0
uav_06,23.529751,-18.235906967997387,59.793807482243096,0.10000038146972656,1.0,0.0,0.0,0.0
uav_06,23.629711,-18.235906967997387,59.793807482243096,0.10000038146972656,1.0,0.0,0.0,0.0
uav_06,23.729671,-18.235906967997387,59.793807482243096,0.10000038146972656,1.0,0.0,0.0,0.0
uav_06,23.829631,-18.235906967997387,59.793807482243096,0.10000038146972656,1.0,0.0,0.0,0.0
uav_06,23.929591,-18.235906967997387,59.793807482243096,0.10000038146972656,1.0,0.0,0.0,0.0
uav_06,24.029551,-18.235906967997387,59.793807482243096,0.10000038146972656,1.0,0.0,0.0,0.0
uav_06,24.129511,-18.235906967997387,59.793807482243096,0.10000038146972656,1.0,0.0,0.0,0.0
uav_06,24.229471,-18.235906967997387,59.793807482243096,0.10000038146972656,1.0,0.0,0.0,0.0
uav_06,24.329431,-18.235906967997387,59.793807482243096,0.10000038146972656,1.0,0.0,0.0,0.0
uav_06,24.429391,-18.235906967997387,59.793807482243096,0.10000038146972656,1.0,0.0,0.0,0.0
uav_06,24.529351,-18.235906967997387,59.793807482243096,0.10000038146972656,1.0,0.0,0.0,0.0
uav_06,24.629311,-18.235906967997387,59.793807482243096,0.10000038146972656,1.0,0.0,0.0,0.0
uav_06,24.729271,-18.235906967997387,59.793807482243096,0.10000038146972656,1.0,0.0,0.0,0.0
uav_06,24.829231,-18.235906967997387,59.793807482243096,0.10000038146972656,1.0,0.0,0.0,0.0
uav_06,24.929191,-18.235906967997387,59.793807482243096,0.10000038146972656,1.0,0.0,0.0,0.0
uav_06,25.029151,-18.235906967997387,59.793807482243096,0.10000038146972656,1.0,0.0,0.0,0.0
uav_06,25.129111,-18.235906967997387,59.793807482243096,0.10000038146972656,1.0,0.0,0.0,0.0
uav_06,25.229071,-18.235906967997387,59.793807482243096,0.10000038146972656,1.0,0.0,0.0,0.0
uav_06,25.329031,-18.235906967997387,59.793807482243096,0.10000038146972656,1.0,0.0,0.0,0.0
uav_06,25.428991,-18.235906967997387,59.793807482243096,0.10000038146972656,1.0,0.0,0.0,0.0
uav_06,25.529784,-18.235906967997387,59.793807482243096,0.10000038146972656,1.0,0.0,0.0,0.0
uav_06,25.629744,-18.235906967997387,59.793807482243096,0.10000038146972656,1.0,0.0,0.0,0.0
uav_06,25.729704,-18.235906967997387,59.793807482243096,0.10000038146972656,1.0,0.0,0.0,0.0
uav_06,25.829664,-18.235906967997387,59.793807482243096,0.10000038146972656,1.0,0.0,0.0,0.0
uav_06,25.929624,-18.235906967997387,59.793807482243096,0.10000038146972656,1.0,0.0,0.0,0.0
uav_06,26.029584,-18.235906967997387,59.793807482243096,0.10000038146972656,1.0,0.0,0.0,0.0
uav_06,26.129544,-18.235906967997387,59.793807482243096,0.10000038146972656,1.0,0.0,0.0,0.0
uav_06,26.229504,-18.235906967997387,59.793807482243096,0.10000038146972656,1.0,0.0,0.0,0.0
uav_06,26.329464,-18.235906967997387,59.793807482243096,0.10000038146972656,1.0,0.0,0.0,0.0
uav_06,26.429424,-18.235906967997387,59.793807482243096,0.10000038146972656,1.0,0.0,0.0,0.0
uav_06,26.529384,-18.235906967997387,59.793807482243096,0.10000038146972656,1.0,0.0,0.0,0.0
uav_06,26.629344,-18.235906967997387,59.793807482243096,0.10000038146972656,1.0,0.0,0.0,0.0
uav_06,26.729304,-18.235906967997387,59.793807482243096,0.10000038146972656,1.0,0.0,0.0,0.0
uav_06,26.829264,-18.235906967997387,59.793807482243096,0.10000038146972656,1.0,0.0,0.0,0.0
uav_06,26.929224,-18.235906967997387,59.793807482243096,0.10000038146972656,1.0,0.0,0.0,0.0
uav_06,27.029184,-18.235906967997387,59.793807482243096,0.10000038146972656,1.0,0.0,0.0,0.0
uav_06,27.129144,-18.235906967997387,59.793807482243096,0.10000038146972656,1.0,0.0,0.0,0.0
uav_06,27.229104,-18.235906967997387,59.793807482243096,0.10000038146972656,1.0,0.0,0.0,0.0
uav_06,27.329064,-18.235906967997387,59.793807482243096,0.10000038146972656,1.0,0.0,0.0,0.0
uav_06,27.429024,-18.235906967997387,59.793807482243096,0.10000038146972656,1.0,0.0,0.0,0.0
uav_06,27.529817,-18.235906967997387,59.793807482243096,0.10000038146972656,1.0,0.0,0.0,0.0
uav_06,27.629777,-18.235906967997387,59.793807482243096,0.10000038146972656,1.0,0.0,0.0,0.0
uav_06,27.729737,-18.235906967997387,59.793807482243096,0.10000038146972656,1.0,0.0,0.0,0.0
uav_06,27.829697,-18.235906967997387,59.793807482243096,0.10000038146972656,1.0,0.0,0.0,0.0
uav_06,27.929657,-18.235906967997387,59.793807482243096,0.10000038146972656,1.0,0.0,0.0,0.0
uav_06,28.029617,-18.235906967997387,59.793807482243096,0.10000038146972656,1.0,0.0,0.0,0.0
uav_06,28.129577,-18.235906967997387,59.793807482243096,0.10000038146972656,1.0,0.0,0.0,0.0
uav_06,28.229537,-18.235906967997387,59.793807482243096,0.10000038146972656,1.0,0.0,0.0,0.0
uav_06,28.329497,-18.235906967997387,59.793807482243096,0.10000038146972656,1.0,0.0,0.0,0.0
uav_06,28.429457,-18.235906967997387,59.793807482243096,0.10000038146972656,1.0,0.0,0.0,0.0
uav_06,28.529417,-18.235906967997387,59.793807482243096,0.10000038146972656,1.0,0.0,0.0,0.0
uav_06,28.629377,-18.235906967997387,59.793807482243096,0.10000038146972656,1.0,0.0,0.0,0.0
uav_06,28.729337,-18.235906967997387,59.793807482243096,0.10000038146972656,1.0,0.0,0.0,0.0
uav_06,28.829297,-18.235906967997387,59.793807482243096,0.10000038146972656,1.0,0.0,0.0,0.0
uav_06,28.929257,-18.235906967997387,59.793807482243096,0.10000038146972656,1.0,0.0,0.0,0.0
uav_06,29.029217,-18.235906967997387,59.793807482243096,0.10000038146972656,1.0,0.0,0.0,0.0
uav_06,29.129177,-18.235906967997387,59.793807482243096,0.10000038146972656,1.0,0.0,0.0,0.0
uav_06,29.229137,-18.235906967997387,59.793807482243096,0.10000038146972656,1.0,0.0,0.0,0.0
uav_06,29.329097,-18.235906967997387,59.793807482243096,0.10000038146972656,1.0,0.0,0.0,0.0
uav_06,29.429057,-18.235906967997387,59.793807482243096,0.10000038146972656,1.0,0.0,0.0,0.0
uav_06,29.529017,-18.235906967997387,59.793807482243096,0.10000038146972656,1.0,0.0,0.0,0.0
uav_06,29.62981,-18.235906967997387,59.793807482243096,0.10000038146972656,1.0,0.0,0.0,0.0
uav_06,29.72977,-18.235906967997387,59.793807482243096,0.10000038146972656,1.0,0.0,0.0,0.0
uav_06,29.82973,-18.235906967997387,59.793807482243096,0.10000038146972656,1.0,0.0,0.0,0.0
uav_06,29.92969,-18.235906967997387,59.793807482243096,0.10000038146972656,1.0,0.0,0.0,0.0
uav_06,30.02965,-18.235906967997387,59.793807482243096,0.10000038146972656,1.0,0.0,0.0,0.0
uav_06,30.12961,-18.235906967997387,59.793807482243096,0.10000038146972656,1.0,0.0,0.0,0.0
uav_06,30.22957,-18.235906967997387,59.793807482243096,0.10000038146972656,1.0,0.0,0.0,0.0
uav_06,30.32953,-18.235906967997387,59.793807482243096,0.10000038146972656,1.0,0.0,0.0,0.0
uav_06,30.42949,-18.235906967997387,59.793807482243096,0.10000038146972656,1.0,0.0,0.0,0.0
uav_06,30.52945,-18.235906967997387,59.793807482243096,0.10000038146972656,1.0,0.0,0.0,0.0
uav_06,30.62941,-18.235906967997387,59.793807482243096,0.10000038146972656,1.0,0.0,0.0,0.0
uav_06,30.72937,-18.235906967997387,59.793807482243096,0.10000038146972656,1.0,0.0,0.0,0.0
uav_06,30.82933,-18.235906967997387,59.793807482243096,0.10000038146972656,1.0,0.0,0.0,0.0
uav_06,30.92929,-18.235906967997387,59.793807482243096,0.10000038146972656,1.0,0.0,0.0,0.0
uav_06,31.02925,-18.235906967997387,59.793807482243096,0.10000038146972656,1.0,0.0,0.0,0.0
uav_06,31.12921,-18.235906967997387,59.793807482243096,0.10000038146972656,1.0,0.0,0.0,0.0
uav_06,31.22917,-18.235906967997387,59.793807482243096,0.10000038146972656,1.0,0.0,0.0,0.0
uav_06,31.32913,-18.235906967997387,59.793807482243096,0.10000038146972656,1.0,0.0,0.0,0.0
uav_06,31.42909,-18.235906967997387,59.793807482243096,0.10000038146972656,1.0,0.0,0.0,0.0
uav_06,31.52905,-18.235906967997387,59.793807482243096,0.10000038146972656,1.0,0.0,0.0,0.0
uav_06,31.62901,-18.235906967997387,59.793807482243096,0.10000038146972656,1.0,0.0,0.0,0.0
uav_06,31.729803,-18.235906967997387,59.793807482243096,0.10000038146972656,1.0,0.0,0.0,0.0
uav_06,31.829763,-18.235906967997387,59.793807482243096,0.10000038146972656,1.0,0.0,0.0,0.0
uav_06,31.929723,-18.235906967997387,59.793807482243096,0.10000038146972656,1.0,0.0,0.0,0.0
uav_06,32.029683,-18.235906967997387,59.793807482243096,0.10000038146972656,1.0,0.0,0.0,0.0
uav_06,32.129643,-18.235906967997387,59.793807482243096,0.10000038146972656,1.0,0.0,0.0,0.0
uav_06,32.229603,-18.235906967997387,59.793807482243096,0.10000038146972656,1.0,0.0,0.0,0.0
uav_06,32.329563,-18.235906967997387,59.793807482243096,0.10000038146972656,1.0,0.0,0.0,0.0
uav_06,32.429523,-18.235906967997387,59.793807482243096,0.10000038146972656,1.0,0.0,0.0,0.0
uav_06,32.529483,-18.235906967997387,59.793807482243096,0.10000038146972656,1.0,0.0,0.0,0.0
uav_06,32.629443,-18.235906967997387,59.793807482243096,0.10000038146972656,1.0,0.0,0.0,0.0
uav_06,32.729403,-18.235906967997387,59.793807482243096,0.10000038146972656,1.0,0.0,0.0,0.0
uav_06,32.829363,-18.235906967997387,59.793807482243096,0.10000038146972656,1.0,0.0,0.0,0.0
uav_06,32.929323,-18.235906967997387,59.793807482243096,0.10000038146972656,1.0,0.0,0.0,0.0
uav_06,33.029283,-18.235906967997387,59.793807482243096,0.10000038146972656,1.0,0.0,0.0,0.0
uav_06,33.129243,-18.235906967997387,59.793807482243096,0.10000038146972656,1.0,0.0,0.0,0.0
uav_06,33.229203,-18.235906967997387,59.793807482243096,0.10000038146972656,1.0,0.0,0.0,0.0
uav_06,33.329163,-18.235906967997387,59.793807482243096,0.10000038146972656,1.0,0.0,0.0,0.0
uav_06,33.429123,-18.235906967997387,59.793807482243096,0.10000038146972656,1.0,0.0,0.0,0.0
uav_06,33.529083,-18.235906967997387,59.793807482243096,0.10000038146972656,1.0,0.0,0.0,0.0
uav_06,33.629043,-18.235906967997387,59.793807482243096,0.10000038146972656,1.0,0.0,0.0,0.0
uav_06,33.729003,-18.235906967997387,59.793807482243096,0.10000038146972656,1.0,0.0,0.0,0.0
uav_06,33.829796,-18.235906967997387,59.793807482243096,0.10000038146972656,1.0,0.0,0.0,0.0
uav_06,33.929756,-18.235906967997387,59.793807482243096,0.10000038146972656,1.0,0.0,0.0,0.0
uav_06,34.029716,-18.235906967997387,59.793807482243096,0.10000038146972656,1.0,0.0,0.0,0.0
uav_06,34.129676,-18.235906967997387,59.793807482243096,0.10000038146972656,1.0,0.0,0.0,0.0
uav_06,34.229636,-18.235906967997387,59.793807482243096,0.10000038146972656,1.0,0.0,0.0,0.0
uav_06,34.329596,-18.235906967997387,59.793807482243096,0.10000038146972656,1.0,0.0,0.0,0.0
uav_06,34.429556,-18.235906967997387,59.793807482243096,0.10000038146972656,1.0,0.0,0.0,0.0
uav_06,34.529516,-18.235906967997387,59.793807482243096,0.10000038146972656,1.0,0.0,0.0,0.0
uav_06,34.629476,-18.235906967997387,59.793807482243096,0.10000038146972656,1.0,0.0,0.0,0.0
uav_06,34.729436,-18.235906967997387,59.793807482243096,0.10000038146972656,1.0,0.0,0.0,0.0
uav_06,34.829396,-18.235906967997387,59.793807482243096,0.10000038146972656,1.0,0.0,0.0,0.0
uav_06,34.929356,-18.235906967997387,59.793807482243096,0.10000038146972656,1.0,0.0,0.0,0.0
uav_06,35.029316,-18.235906967997387,59.793807482243096,0.10000038146972656,1.0,0.0,0.0,0.0
uav_06,35.129276,-18.235906967997387,59.793807482243096,0.10000038146972656,1.0,0.0,0.0,0.0
uav_06,35.229236,-18.235906967997387,59.793807482243096,0.10000038146972656,1.0,0.0,0.0,0.0
uav_06,35.329196,-18.235906967997387,59.793807482243096,0.10000038146972656,1.0,0.0,0.0,0.0
uav_06,35.429156,-18.235906967997387,59.793807482243096,0.10000038146972656,1.0,0.0,0.0,0.0
uav_06,35.529116,-18.235906967997387,59.793807482243096,0.10000038146972656,1.0,0.0,0.0,0.0
uav_06,35.629076,-18.235906967997387,59.793807482243096,0.10000038146972656,1.0,0.0,0.0,0.0
uav_06,35.729036,-18.235906967997387,59.793807482243096,0.10000038146972656,1.0,0.0,0.0,0.0
uav_06,35.828996,-18.235906967997387,59.793807482243096,0.10000038146972656,1.0,0.0,0.0,0.0
uav_06,35.929789,-18.235906967997387,59.793807482243096,0.10000038146972656,1.0,0.0,0.0,0.0
uav_06,36.029749,-18.235906967997387,59.793807482243096,0.10000038146972656,1.0,0.0,0.0,0.0
uav_06,36.129709,-18.235906967997387,59.793807482243096,0.10000038146972656,1.0,0.0,0.0,0.0
uav_06,36.229669,-18.235906967997387,59.793807482243096,0.10000038146972656,1.0,0.0,0.0,0.0
uav_06,36.329629,-18.235906967997387,59.793807482243096,0.10000038146972656,1.0,0.0,0.0,0.0
uav_06,36.429589,-18.235906967997387,59.793807482243096,0.10000038146972656,1.0,0.0,0.0,0.0
uav_06,36.529549,-18.235906967997387,59.793807482243096,0.10000038146972656,1.0,0.0,0.0,0.0
uav_06,36.629509,-18.235906967997387,59.793807482243096,0.10000038146972656,1.0,0.0,0.0,0.0
uav_06,36.729469,-18.235906967997387,59.793807482243096,0.10000038146972656,1.0,0.0,0.0,0.0
uav_06,36.829429,-18.235906967997387,59.793807482243096,0.10000038146972656,1.0,0.0,0.0,0.0
uav_06,36.929389,-18.235906967997387,59.793807482243096,0.10000038146972656,1.0,0.0,0.0,0.0
uav_06,37.029349,-18.235906967997387,59.793807482243096,0.10000038146972656,1.0,0.0,0.0,0.0
uav_06,37.129309,-18.235906967997387,59.793807482243096,0.10000038146972656,1.0,0.0,0.0,0.0
uav_06,37.229269,-18.235906967997387,59.793807482243096,0.10000038146972656,1.0,0.0,0.0,0.0
uav_06,37.329229,-18.235906967997387,59.793807482243096,0.10000038146972656,1.0,0.0,0.0,0.0
uav_06,37.429189,-18.235906967997387,59.793807482243096,0.10000038146972656,1.0,0.0,0.0,0.0
uav_06,37.529149,-18.235906967997387,59.793807482243096,0.10000038146972656,1.0,0.0,0.0,0.0
uav_06,37.629109,-18.235906967997387,59.793807482243096,0.10000038146972656,1.0,0.0,0.0,0.0
uav_06,37.729069,-18.235906967997387,59.793807482243096,0.10000038146972656,1.0,0.0,0.0,0.0
uav_06,37.829029,-18.235906967997387,59.793807482243096,0.10000038146972656,1.0,0.0,0.0,0.0
uav_06,37.928989,-18.235906967997387,59.793807482243096,0.10000038146972656,1.0,0.0,0.0,0.0
uav_06,38.029782,-18.235906967997387,59.793807482243096,0.10000038146972656,1.0,0.0,0.0,0.0
uav_06,38.129742,-18.235906967997387,59.793807482243096,0.10000038146972656,1.0,0.0,0.0,0.0
uav_06,38.229702,-18.235906967997387,59.793807482243096,0.10000038146972656,1.0,0.0,0.0,0.0
uav_06,38.329662,-18.235906967997387,59.793807482243096,0.10000038146972656,1.0,0.0,0.0,0.0
uav_06,38.429622,-18.235906967997387,59.793807482243096,0.10000038146972656,1.0,0.0,0.0,0.0
uav_06,38.529582,-18.235906967997387,59.793807482243096,0.10000038146972656,1.0,0.0,0.0,0.0
uav_06,38.629542,-18.235906967997387,59.793807482243096,0.10000038146972656,1.0,0.0,0.0,0.0
uav_06,38.729502,-18.235906967997387,59.793807482243096,0.10000038146972656,1.0,0.0,0.0,0.0
uav_06,38.829462,-18.235906967997387,59.793807482243096,0.10000038146972656,1.0,0.0,0.0,0.0
uav_06,38.929422,-18.235906967997387,59.793807482243096,0.10000038146972656,1.0,0.0,0.0,0.0
uav_06,39.029382,-18.235906967997387,59.793807482243096,0.10000038146972656,1.0,0.0,0.0,0.0
uav_06,39.129342,-18.235906967997387,59.793807482243096,0.10000038146972656,1.0,0.0,0.0,0.0
uav_06,39.229302,-18.235906967997387,59.793807482243096,0.10000038146972656,1.0,0.0,0.0,0.0
uav_06,39.329262,-18.235906967997387,59.793807482243096,0.10000038146972656,1.0,0.0,0.0,0.0
uav_06,39.429222,-18.235906967997387,59.793807482243096,0.10000038146972656,1.0,0.0,0.0,0.0
uav_06,39.529182,-18.235906967997387,59.793807482243096,0.10000038146972656,1.0,0.0,0.0,0.0
uav_06,39.629142,-18.235906967997387,59.793807482243096,0.10000038146972656,1.0,0.0,0.0,0.0
uav_06,39.729102,-18.235906967997387,59.793807482243096,0.10000038146972656,1.0,0.0,0.0,0.0
uav_06,39.829062,-18.235906967997387,59.793807482243096,0.10000038146972656,1.0,0.0,0.0,0.0
uav_06,39.929022,-18.235906967997387,59.793807482243096,0.10000038146972656,1.0,0.0,0.0,0.0
uav_06,40.029815,-18.235906967997387,59.793807482243096,0.10000038146972656,1.0,0.0,0.0,0.0
uav_06,40.129775,-18.235906967997387,59.793807482243096,0.10000038146972656,1.0,0.0,0.0,0.0
uav_06,40.229735,-18.235906967997387,59.793807482243096,0.10000038146972656,1.0,0.0,0.0,0.0
uav_06,40.329695,-18.235906967997387,59.793807482243096,0.10000038146972656,1.0,0.0,0.0,0.0
uav_06,40.429655,-18.235906967997387,59.793807482243096,0.10000038146972656,1.0,0.0,0.0,0.0
uav_06,40.529615,-18.235906967997387,59.793807482243096,0.10000038146972656,1.0,0.0,0.0,0.0
uav_06,40.629575,-18.235906967997387,59.793807482243096,0.10000038146972656,1.0,0.0,0.0,0.0
uav_06,40.729535,-18.235906967997387,59.793807482243096,0.10000038146972656,1.0,0.0,0.0,0.0
uav_06,40.829495,-18.235906967997387,59.793807482243096,0.10000038146972656,1.0,0.0,0.0,0.0
uav_06,40.929455,-18.235906967997387,59.793807482243096,0.10000038146972656,1.0,0.0,0.0,0.0
uav_06,41.029415,-18.235906967997387,59.793807482243096,0.10000038146972656,1.0,0.0,0.0,0.0
uav_06,41.129375,-18.235906967997387,59.793807482243096,0.10000038146972656,1.0,0.0,0.0,0.0
uav_06,41.229335,-18.235906967997387,59.793807482243096,0.10000038146972656,1.0,0.0,0.0,0.0
uav_06,41.329295,-18.235906967997387,59.793807482243096,0.10000038146972656,1.0,0.0,0.0,0.0
uav_06,41.429255,-18.235906967997387,59.793807482243096,0.10000038146972656,1.0,0.0,0.0,0.0
uav_06,41.529215,-18.235906967997387,59.793807482243096,0.10000038146972656,1.0,0.0,0.0,0.0
uav_06,41.629175,-18.235906967997387,59.793807482243096,0.10000038146972656,1.0,0.0,0.0,0.0
uav_06,41.729135,-18.235906967997387,59.793807482243096,0.10000038146972656,1.0,0.0,0.0,0.0
uav_06,41.829095,-18.235906967997387,59.793807482243096,0.10000038146972656,1.0,0.0,0.0,0.0
uav_06,41.929055,-18.235906967997387,59.793807482243096,0.10000038146972656,1.0,0.0,0.0,0.0
uav_06,42.029015,-18.235906967997387,59.793807482243096,0.10000038146972656,1.0,0.0,0.0,0.0
uav_06,42.129808,-18.235906967997387,59.793807482243096,0.10000038146972656,1.0,0.0,0.0,0.0
uav_06,42.229768,-18.235906967997387,59.793807482243096,0.10000038146972656,1.0,0.0,0.0,1.3024475942202685e-10
uav_06,42.329728,-18.235906967997387,59.793807482243096,0.10000038146972656,1.0,0.0,0.0,-7.322208261939522e-08
uav_06,42.429688,-18.235906967997387,59.793807482243096,0.10000038146972656,1.0,0.0,0.0,-3.647451194410678e-07
uav_06,42.529648,-18.235906967997387,59.793807482243096,0.10000038146972656,1.0,0.0,0.0,-5.272298153613519e-07
uav_06,42.629608,-18.235906967997387,59.793807482243096,0.1099996566772461,1.0,0.0,0.0,-7.100905463630625e-07
uav_06,42.729568,-18.235906967997387,59.793807482243096,0.14999961853027344,1.0,0.0,0.0,-9.160686431641807e-07
uav_06,42.829528,-18.235906967997387,59.793807482243096,0.21000003814697266,1.0,-6.996115553192794e-05,-6.920067244209349e-05,-1.732245323182724e-06
uav_06,42.929488,-18.235906967997387,59.793807482243096,0.3000001907348633,0.9999975562095642,-0.0015876888064667583,-0.0015225791139528155,-1.6459040125482716e-05
uav_06,43.029448,-18.235906967997387,59.793807482243096,0.46000003814697266,0.9999848008155823,-0.003823560895398259,-0.003979521803557873,-4.828594683203846e-05
uav_06,43.129408,-18.235906967997387,59.793807482243096,0.6499996185302734,0.9999675154685974,-0.005460804328322411,-0.005929887760430574,-9.671322914073244e-05
uav_06,43.229368,-18.235906967997387,59.793807482243096,0.8599996566772461,0.9999622106552124,-0.005806165747344494,-0.006471508182585239,-0.00015597361198160797
uav_06,43.329328,-18.235906967997387,59.793807482243096,1.0699996948242188,0.9999719858169556,-0.0049536218866705894,-0.005606486462056637,-0.0002164181787520647
uav_06,43.429288,-18.245555595449655,59.804892726228374,1.2799997329711914,0.9999859929084778,-0.003491533687338233,-0.003965733107179403,-0.0002732177381403744
uav_06,43.529248,-18.245555595449655,59.804892726228374,1.5,0.9999959468841553,-0.0018203177023679018,-0.0021596585866063833,-0.00031889151432551444
uav_06,43.629208,-18.255204222901924,59.804892726228374,1.7100000381469727,0.9999996423721313,-0.0004612540651578456,-0.000580296094994992,-0.00035409312113188207
uav_06,43.729168,-18.255204222901924,59.815977970607484,1.9399995803833008,0.9999998211860657,0.00026355788577347994,0.0004125615523662418,-0.00037887078360654414
uav_06,43.829128,-18.264852851725344,59.815977970607484,2.1599998474121094,0.9999995827674866,0.00035812860005535185,0.0007264298037625849,-0.0003945297794416547
uav_06,43.929088,-18.264852851725344,59.82706321498659,2.390000343322754,0.9999997019767761,0.00023970573965925723,0.0005797981866635382,-0.0004055699391756207
uav_06,44.029048,-18.274501479177612,59.82706321498659,2.619999885559082,0.9999998211860657,0.00026503202388994396,0.00026669338694773614,-0.00040343147702515125
uav_06,44.129008,-18.274501479177612,59.82706321498659,2.8500003814697266,0.9999998807907104,0.0002586242335382849,0.00016540256910957396,-0.0003957798471674323
uav_06,44.229801,-18.274501479177612,59.83814845897187,3.0799999237060547,0.9999998807907104,0.0002662092156242579,0.00020845778635703027,-0.00038519554072991014
uav_06,44.329761,-18.284150108001032,59.83814845897187,3.3000001907348633,0.9999996423721313,0.000608343631029129,0.00048438090016134083,-0.00037107826210558414
uav_06,44.429721,-18.284150108001032,59.83814845897187,3.5299997329711914,0.9999991655349731,0.0009783281711861491,0.0007662071147933602,-0.00035773994750343263
uav_06,44.529681,-18.284150108001032,59.84923370335097,3.760000228881836,0.9999986290931702,0.0012824669247493148,0.0009522459586150944,-0.00035150081384927034
uav_06,44.629641,-18.284150108001032,59.84923370335097,3.989999771118164,0.999998152256012,0.0015116630820557475,0.0011235487181693316,-0.0003504319756757468
uav_06,44.729601,-18.2937987354533,59.84923370335097,4.209999084472656,0.9999977946281433,0.0016728118062019348,0.001220733392983675,-0.00035280987503938377
uav_06,44.829561,-18.2937987354533,59.84923370335097,4.440000534057617,0.9999982118606567,0.001462962245568633,0.001158030005171895,-0.0003603119112085551
uav_06,44.929521,-18.2937987354533,59.84923370335097,4.659999847412109,0.9999988675117493,0.0010138493962585926,0.0010664324508979917,-0.0003728663141373545
uav_06,45.029481,-18.2937987354533,59.84923370335097,4.879999160766602,0.9999994039535522,0.00046860211296007037,0.0009170420235022902,-0.00038867778494022787
uav_06,45.129441,-18.2937987354533,59.84923370335097,5.090000152587891,0.9999995231628418,4.435655500856228e-05,0.0009121695184148848,-0.00040744233410805464
uav_06,45.229401,-18.2937987354533,59.84923370335097,5.299999237060547,0.9999993443489075,-9.854686504695565e-05,0.0010529730934649706,-0.00043079894385300577
uav_06,45.329361,-18.2937987354533,59.84923370335097,5.510000228881836,0.9999993443489075,-5.472642897075275e-06,0.0010470367269590497,-0.00045394772314466536
uav_06,45.429321,-18.2937987354533,59.84923370335097,5.709999084472656,0.9999995231628418,0.0002112798683810979,0.0007911813445389271,-0.00048002999392338097
uav_06,45.529281,-18.2937987354533,59.84923370335097,5.899999618530273,0.9999996423721313,0.000521365029271692,0.0004349027294665575,-0.000505753792822361
uav_06,45.629241,-18.2937987354533,59.84923370335097,6.079999923706055,0.999999463558197,0.0008660558960400522,8.911594341043383e-05,-0.0005289452383294702
uav_06,45.729201,-18.2937987354533,59.84923370335097,6.260000228881836,0.9999991655349731,0.001141041866503656,-0.00014276649744715542,-0.0005508239846676588
uav_06,45.829161,-18.2937987354533,59.84923370335097,6.420000076293945,0.9999991655349731,0.001075764186680317,-0.0004076414043083787,-0.0005695474101230502
uav_06,45.929121,-18.284150108001032,59.84923370335097,6.569999694824219,0.9999993443489075,0.0008260803297162056,-0.0005728126270696521,-0.0005885925493203104
uav_06,46.029081,-18.284150108001032,59.84923370335097,6.709999084472656,0.9999995827674866,0.00047849849215708673,-0.0004952462040819228,-0.0006069311639294028
uav_06,46.129041,-18.284150108001032,59.84923370335097,6.840000152587891,0.9999997615814209,0.00015126742073334754,-0.00021194311557337642,-0.0006247995770536363
uav_06,46.229001,-18.284150108001032,59.84923370335097,6.959999084472656,0.9999997615814209,-2.537657110224245e-06,0.00010143119288841262,-0.0006420178688131273
uav_06,46.329794,-18.284150108001032,59.84923370335097,7.059999465942383,0.9999997019767761,6.6566849454829935e-06,0.0003969072422478348,-0.0006651751464232802
uav_06,46.429754,-18.284150108001032,59.84923370335097,7.149999618530273,0.9999996423721313,-6.675267650280148e-05,0.0005068776663392782,-0.0006907187053002417
uav_06,46.529714,-18.284150108001032,59.84923370335097,7.229999542236328,0.9999996423721313,-0.000129534731968306,0.0004248880431987345,-0.0007104132673703134
uav_06,46.629674,-18.284150108001032,59.84923370335097,7.299999237060547,0.9999996423721313,-0.0003074350534006953,0.0003153843281324953,-0.000720478652510792
uav_06,46.729634,-18.284150108001032,59.84923370335097,7.3600006103515625,0.9999995827674866,-0.00047775806160643697,0.00014382122026290745,-0.0007251956267282367
uav_06,46.829594,-18.284150108001032,59.84923370335097,7.409999847412109,0.9999995231628418,-0.0006146998493932188,-5.2432180382311344e-05,-0.0007284103776328266
uav_06,46.929554,-18.284150108001032,59.84923370335097,7.450000762939453,0.9999995231628418,-0.0005818567587994039,1.4009505321155302e-05,-0.0007314368267543614
uav_06,47.029514,-18.284150108001032,59.84923370335097,7.489999771118164,0.9999995827674866,-0.00045794242760166526,0.000134412752231583,-0.0007349344668909907
uav_06,47.129474,-18.284150108001032,59.84923370335097,7.520000457763672,0.9999996423721313,-0.00040364256710745394,0.0002128566411556676,-0.000747392070479691
uav_06,47.229434,-18.284150108001032,59.84923370335097,7.549999237060547,0.9999995827674866,-0.00045361038064584136,0.0002424248232273385,-0.0007626109872944653
uav_06,47.329394,-18.284150108001032,59.84923370335097,7.569999694824219,0.9999995231628418,-0.0004209437465760857,0.0003704113478306681,-0.0007789362571202219
uav_06,47.429354,-18.284150108001032,59.84923370335097,7.590000152587891,0.9999995231628418,-0.0002879030944313854,0.00043816023389808834,-0.0007961458177305758
uav_06,47.529314,-18.284150108001032,59.84923370335097,7.6100006103515625,0.9999995827674866,-0.0002339039056096226,0.0003379284462425858,-0.0008233445114456117
uav_06,47.629274,-18.284150108001032,59.84923370335097,7.620000839233398,0.9999995827674866,-0.00025692256167531013,8.357314072782174e-05,-0.0008615772239863873
uav_06,47.729234,-18.284150108001032,59.84923370335097,7.6399993896484375,0.9999995231628418,-0.00029514747438952327,-5.164729736861773e-05,-0.0009010272333398461
uav_06,47.829194,-18.284150108001032,59.84923370335097,7.649999618530273,0.999999463558197,-0.00037363829324021935,-0.000121472476166673,-0.0009333729976788163
uav_06,47.929154,-18.284150108001032,59.83814845897187,7.659999847412109,0.999999463558197,-0.00036147021455690265,-0.0002593426324892789,-0.0009494678815826774
uav_06,48.029114,-18.284150108001032,59.83814845897187,7.670000076293945,0.9999994039535522,-0.0003232820890843868,-0.00039200528408400714,-0.0009616923634894192
uav_06,48.129074,-18.284150108001032,59.83814845897187,7.680000305175781,0.9999995231628418,-9.189928096020594e-05,-0.00018716456543188542,-0.0009670394356362522
uav_06,48.229034,-18.284150108001032,59.83814845897187,7.680000305175781,0.9999995231628418,7.071867730701342e-05,-5.624732693831902e-06,-0.0009743741247802973
uav_06,48.328994,-18.284150108001032,59.83814845897187,7.690000534057617,0.9999995231628418,-3.660969014163129e-05,6.850435602245852e-05,-0.0009890143992379308
uav_06,48.429787,-18.284150108001032,59.84923370335097,7.700000762939453,0.999999463558197,-0.0002864711859729141,0.0001406895462423563,-0.000997164286673069
uav_06,48.529747,-18.284150108001032,59.84923370335097,7.700000762939453,0.9999993443489075,-0.0005106463213451207,0.00026398152112960815,-0.001005777157843113
uav_06,48.629707,-18.284150108001032,59.84923370335097,7.709999084472656,0.9999991655349731,-0.0007212834316305816,0.000376938987756148,-0.0010182218393310905
uav_06,48.729667,-18.284150108001032,59.84923370335097,7.709999084472656,0.9999991059303284,-0.0007433632854372263,0.00038923302781768143,-0.0010328935459256172
uav_06,48.829627,-18.284150108001032,59.84923370335097,7.719999313354492,0.9999993443489075,-0.0004401274782139808,0.00023969954054336995,-0.0010441342601552606
uav_06,48.929587,-18.284150108001032,59.84923370335097,7.719999313354492,0.9999994039535522,-4.676105618273141e-06,9.207209950545803e-05,-0.001063041272573173
uav_06,49.029547,-18.284150108001032,59.84923370335097,7.719999313354492,0.9999994039535522,0.00021790782921016216,6.28629932180047e-05,-0.0010905488161370158
uav_06,49.129507,-18.284150108001032,59.84923370335097,7.729999542236328,0.9999993443489075,0.0002941885031759739,5.808857167721726e-06,-0.0011141611030325294
uav_06,49.229467,-18.284150108001032,59.84923370335097,7.729999542236328,0.9999992847442627,0.000380400539143011,-4.761492891702801e-05,-0.0011382908560335636
uav_06,49.329427,-18.284150108001032,59.84923370335097,7.729999542236328,0.9999992847442627,0.00028886334621347487,-9.147252421826124e-05,-0.0011578781995922327
uav_06,49.429387,-18.284150108001032,59.84923370335097,7.739999771118164,0.9999992847442627,9.073548426385969e-05,-0.0001657472166698426,-0.0011834304314106703
uav_06,49.529347,-18.284150108001032,59.84923370335097,7.739999771118164,0.9999992251396179,0.00020004325779154897,-0.00024297743220813572,-0.001212460920214653
uav_06,49.629307,-18.284150108001032,59.84923370335097,7.739999771118164,0.9999983906745911,0.0013028910616412759,1.593981505720876e-05,-0.0012341056717559695
uav_06,49.729267,-18.284150108001032,59.84923370335097,7.739999771118164,0.9999893307685852,0.004283623304218054,0.0011735662119463086,-0.001261469442397356
uav_06,49.829227,-18.284150108001032,59.83814845897187,7.739999771118164,0.9999474883079529,0.009548661299049854,0.003488290822133422,-0.0012940678279846907
uav_06,49.929187,-18.284150108001032,59.83814845897187,7.75,0.9998367428779602,0.016702210530638695,0.006768458057194948,-0.0013328721979632974
uav_06,50.029147,-18.274501479177612,59.83814845897187,7.75,0.9996312260627747,0.02493501454591751,0.01066509447991848,-0.0013863720232620835
uav_06,50.129107,-18.264852851725344,59.83814845897187,7.75,0.9993380904197693,0.03321685269474983,0.014762211591005325,-0.0014696007128804922
uav_06,50.229067,-18.245555595449655,59.82706321498659,7.75,0.9990156292915344,0.04028156399726868,0.01850881800055504,-0.0016081953654065728
uav_06,50.329027,-18.235906967997387,59.815977970607484,7.75,0.9987223744392395,0.0457526259124279,0.021377040073275566,-0.0018231654539704323
uav_06,50.428987,-18.206961082898278,59.804892726228374,7.75,0.9984883069992065,0.04982421547174454,0.0231131911277771,-0.0020981477573513985
uav_06,50.52978,-18.16836657171805,59.793807482243096,7.75,0.9983079433441162,0.05294698476791382,0.023919863626360893,-0.0023996271193027496
uav_06,50.62974,-18.120123431714408,59.782722237864,7.75,0.9981468319892883,0.05563712120056152,0.02449898235499859,-0.0026839179918169975
uav_06,50.7297,-18.06223166288734,59.76055174949961,7.75,0.9979610443115234,0.058209408074617386,0.02605004981160164,-0.002600977197289467
uav_06,50.82966,-18.013988522883693,59.738381260741406,7.760000228881836,0.9977619647979736,0.05982586741447449,0.0298504289239645,0.000907804467715323
uav_06,50.92962,-17.93679949915209,59.705125527997915,7.760000228881836,0.9974510669708252,0.060450781136751175,0.03535456210374832,0.013678429648280144
uav_06,51.02958,-17.869259102872753,59.67186979525443,7.760000228881836,0.9965551495552063,0.06096746027469635,0.03947528824210167,0.04003108665347099
uav_06,51.12954,-17.78242145031773,59.62752881852566,7.760000228881836,0.9940167665481567,0.06215331703424454,0.04035534709692001,0.08024411648511887
uav_06,51.2295,-17.695583797762705,59.58318784140307,7.760000228881836,0.9883971214294434,0.06446114927530289,0.03719104081392288,0.13241133093833923
uav_06,51.32946,-17.599097517755414,59.5277616202952,7.760000228881836,0.9781830310821533,0.06821318715810776,0.030503207817673683,0.1938413828611374
uav_06,51.42942,-17.502611237748123,59.46125015480822,7.760000228881836,0.9621500968933105,0.07337470352649689,0.021338647231459618,0.2615874409675598
uav_06,51.52938,-17.39647632891741,59.416909177685625,7.760000228881836,0.9396271109580994,0.0793982595205307,0.0108609888702631,0.33268430829048157
uav_06,51.62934,-17.28069279263443,59.35039771219866,7.760000228881836,0.9106571674346924,0.08517203480005264,-0.00018220704805571586,0.4042885899543762
uav_06,51.7293,-17.16490925635145,59.27280100233257,7.760000228881836,0.8760141134262085,0.08972777426242828,-0.011144901625812054,0.4737340211868286
uav_06,51.82926,-17.02982846379278,59.19520429246649,7.760000228881836,0.8372355699539185,0.09187599271535873,-0.021441800519824028,0.538642406463623
uav_06,51.92922,-16.88509904378184,59.12869282697952,7.770000457763672,0.7962865233421326,0.09082362055778503,-0.0307022575289011,0.5972740054130554
uav_06,52.02918,-16.750018251223167,59.051096117507264,7.770000457763672,0.7550289630889893,0.08688674122095108,-0.03848898038268089,0.6487684845924377
uav_06,52.12914,-16.595640203759967,58.98458465202029,7.770000457763672,0.7148482799530029,0.0814528539776802,-0.044360898435115814,0.6931012868881226
uav_06,52.2291,-16.421964898649914,58.90698794215421,7.770000457763672,0.6765061616897583,0.07610101252794266,-0.048181165009737015,0.7309080958366394
uav_06,52.32906,-16.267586849815558,58.829391232288124,7.770000457763672,0.6401503682136536,0.07205088436603546,-0.05005982890725136,0.7632235884666443
uav_06,52.42902,-16.09391154607666,58.77396501118025,7.770000457763672,0.605424702167511,0.06966589391231537,-0.05059908330440521,0.7912315130233765
uav_06,52.529813,-15.910587613514345,58.685283057328895,7.770000457763672,0.5715306401252747,0.0685618668794632,-0.05149003490805626,0.8160886764526367
uav_06,52.629773,-15.727263680952028,58.61877159184191,7.780000686645508,0.5403463840484619,0.06698177009820938,-0.054777052253484726,0.8369818925857544
uav_06,52.729733,-15.543939748389715,58.54117488197584,7.780000686645508,0.5146425366401672,0.06449288129806519,-0.0598265565931797,0.8528801202774048
uav_06,52.829693,-15.35096718837513,58.46357817210976,7.780000686645508,0.4968360960483551,0.061585571616888046,-0.06473125517368317,0.8632328510284424
uav_06,52.929653,-15.148345999537124,58.39706670662278,7.780000686645508,0.48771828413009644,0.059372980147600174,-0.06753896921873093,0.8683571815490723
uav_06,53.029613,-14.945724810699119,58.319469996756695,7.780000686645508,0.48669788241386414,0.0585484616458416,-0.06724727898836136,0.8690080642700195
uav_06,53.129573,-14.743103621861117,58.25295853126973,7.780000686645508,0.4923136830329895,0.05950189754366875,-0.06409171223640442,0.8660132884979248
uav_06,53.229533,-14.540482434394262,58.175361821797466,7.780000686645508,0.5026868581771851,0.06236329302191734,-0.0588289350271225,0.8602069020271301
uav_06,53.329493,-14.328212616732836,58.1088503563105,7.780000686645508,0.5158383250236511,0.06669990718364716,-0.05274312198162079,0.8524553179740906
uav_06,53.429453,-14.115942800442564,58.03125364644441,7.780000686645508,0.5298143625259399,0.07148474454879761,-0.046838048845529556,0.8437967300415039
uav_06,53.529413,-13.894024356700024,57.964742180957444,7.780000686645508,0.5428348779678345,0.0756763368844986,-0.04195781052112579,0.8353699445724487
uav_06,53.629373,-13.681754539038597,57.89823071547046,7.780000686645508,0.5535354018211365,0.07848651707172394,-0.03852253407239914,0.828223705291748
uav_06,53.729333,-13.469484722748325,57.809548761619105,7.780000686645508,0.5610440969467163,0.07973916083574295,-0.036665793508291245,0.8231201171875
uav_06,53.829293,-13.247566279005783,57.73195205175302,7.780000686645508,0.5649884939193726,0.07966317236423492,-0.036147214472293854,0.820448100566864
uav_06,53.929253,-13.02564783389209,57.63218485352257,7.780000686645508,0.5654497742652893,0.0786551833152771,-0.036837879568338394,0.820196807384491
uav_06,54.029213,-12.813378017601817,57.543502899671196,7.780000686645508,0.5628724098205566,0.07715081423521042,-0.03857368603348732,0.8220307230949402
uav_06,54.129173,-12.591459572488121,57.454820945426015,7.780000686645508,0.557956874370575,0.07545825839042664,-0.0408063605427742,0.8254241347312927
uav_06,54.229133,-12.36954112874558,57.35505374719555,7.780000686645508,0.5515697598457336,0.07372096180915833,-0.0431705079972744,0.8297423124313354
uav_06,54.329093,-12.147622683631887,57.26637179334419,7.780000686645508,0.5445951819419861,0.07223059982061386,-0.04532255977392197,0.8343528509140015
uav_06,54.429053,-11.925704238518193,57.16660459511373,7.780000686645508,0.5378633141517639,0.0711374506354332,-0.04712911695241928,0.8387021422386169
uav_06,54.529013,-11.703785794775651,57.066837396883265,7.780000686645508,0.5320652723312378,0.07031877338886261,-0.0484020821750164,0.8423888683319092
uav_06,54.629806,-11.48186734966196,56.9670701986528,7.780000686645508,0.5276561379432678,0.06974568217992783,-0.04924199357628822,0.8451566696166992
uav_06,54.729766,-11.250300277095995,56.88947348878673,7.780000686645508,0.5249387621879578,0.06951672583818436,-0.049618348479270935,0.846843957901001
uav_06,54.829726,-11.018733204530035,56.77862104617715,7.780000686645508,0.5238997936248779,0.06936910003423691,-0.049571696668863297,0.8475019335746765
uav_06,54.929686,-10.806463388239763,56.67885384794669,7.780000686645508,0.5243687629699707,0.0692426860332489,-0.048958901315927505,0.8472578525543213
uav_06,55.029646,-10.574896315673799,56.590171894095334,7.780000686645508,0.5260230898857117,0.06894999742507935,-0.04769575968384743,0.8463277816772461
uav_06,55.129606,-10.352977870560107,56.49040469586487,7.780000686645508,0.5284912586212158,0.06797115504741669,-0.0457056425511837,0.8449780344963074
uav_06,55.229566,-10.121410797994145,56.3906374976344,7.780000686645508,0.5313563346862793,0.06609607487916946,-0.04301289841532707,0.8434699773788452
uav_06,55.329526,-9.899492354251603,56.29087029940394,7.780000686645508,0.53420490026474,0.06353703886270523,-0.039794888347387314,0.8420240879058838
uav_06,55.429486,-9.66792528168564,56.191103101173475,7.780000686645508,0.5367061495780945,0.06039178743958473,-0.036547333002090454,0.8408112525939941
uav_06,55.529446,-9.446006836571947,56.11350639130739,7.780000686645508,0.5386127233505249,0.05680433660745621,-0.033562324941158295,0.8399661779403687
uav_06,55.629406,-9.224088391458254,56.01373919307694,7.790000915527344,0.5397800803184509,0.05289119482040405,-0.0308385007083416,0.8395766615867615
uav_06,55.729366,-9.01181857516798,55.90288675046737,7.790000915527344,0.5401473641395569,0.04875032603740692,-0.028160400688648224,0.8396852016448975
uav_06,55.829326,-8.799548758877707,55.814204796615996,7.790000915527344,0.5397804379463196,0.04405026510357857,-0.025539329275488853,0.8402644991874695
uav_06,55.929286,-8.587278942587435,55.714437598385544,7.790000915527344,0.538784384727478,0.03912707418203354,-0.02294430322945118,0.8412217497825623
uav_06,56.029246,-8.38465775374943,55.62575564414035,7.790000915527344,0.5373104810714722,0.03359944745898247,-0.020011022686958313,0.8424773216247559
uav_06,56.129206,-8.191685193734845,55.53707369028899,7.790000915527344,0.5355150699615479,0.027127929031848907,-0.01626886986196041,0.8439330458641052
uav_06,56.229166,-7.998712632349109,55.448391736437635,7.790000915527344,0.5336340069770813,0.020198870450258255,-0.012075667269527912,0.8453880548477173
uav_06,56.329126,-7.815388699786792,55.37079502657155,7.790000915527344,0.5319305658340454,0.013468386605381966,-0.007797749247401953,0.846644937992096
uav_06,56.429086,-7.651362023500165,55.30428356108458,7.790000915527344,0.5305817723274231,0.00732960132881999,-0.0035741846077144146,0.8475944995880127
uav_06,56.529046,-7.487335347213539,55.215601607233225,7.790000915527344,0.5296929478645325,0.001705632545053959,0.0005482797278091311,0.8481875658035278
uav_06,56.629006,-7.323308670926911,55.14909014174624,7.790000915527344,0.5292978286743164,-0.004092196002602577,0.004703059326857328,0.8484131693840027
uav_06,56.729799,-7.188227878368242,55.082578676259274,7.790000915527344,0.5293400287628174,-0.010636665858328342,0.009093128144741058,0.8482943773269653
uav_06,56.829759,-7.062795714632992,55.02715245475758,7.790000915527344,0.5297247767448425,-0.017254870384931564,0.013180543668568134,0.8478915691375732
uav_06,56.929719,-6.937363549526591,54.971726233649704,7.790000915527344,0.5303747653961182,-0.02265947125852108,0.016471106559038162,0.8473002910614014
uav_06,57.029679,-6.840877269519298,54.91630001214801,7.790000915527344,0.5311971306800842,-0.026074448600411415,0.018494652584195137,0.8466449975967407
uav_06,57.129639,-6.744390989512007,54.87195903541924,7.790000915527344,0.5320806503295898,-0.02764667384326458,0.019336184486746788,0.8460212349891663
uav_06,57.229599,-6.657553336956982,54.83870330267575,7.790000915527344,0.5329166650772095,-0.02793002501130104,0.019140426069498062,0.845490038394928
uav_06,57.329559,-6.5900129406776475,54.80544756993226,7.799999237060547,0.5336118340492249,-0.02752193808555603,0.018523558974266052,0.8450785279273987
uav_06,57.429519,-6.532121173221734,54.77219183718878,7.799999237060547,0.5339288711547852,-0.03439202904701233,0.023102637380361557,0.8445137143135071
uav_06,57.529479,-6.4838780332180885,54.750021348430565,7.799999237060547,0.5335627198219299,-0.05299162119626999,0.03550019860267639,0.8433519005775452
uav_06,57.629439,-6.4452835206667105,54.73893610444528,7.799999237060547,0.5330511331558228,-0.06586471199989319,0.04398415610194206,0.8423678874969482
uav_06,57.729399,-6.425986264391021,54.727850860066184,7.799999237060547,0.5328408479690552,-0.06828351318836212,0.0453166738152504,0.8422377109527588
uav_06,57.829359,-6.425986264391021,54.71676561568707,7.799999237060547,0.5328611135482788,-0.06341756135225296,0.04186021164059639,0.84278404712677
uav_06,57.929319,-6.435634893214441,54.727850860066184,7.799999237060547,0.5324463844299316,-0.06552986800670624,0.043183956295251846,0.8428177833557129
uav_06,58.029279,-6.464580776942399,54.73893610444528,7.799999237060547,0.5322726964950562,-0.062174152582883835,0.04073562100529671,0.8433035016059875
uav_06,58.129239,-6.493526660670356,54.750021348430565,7.799999237060547,0.532372236251831,-0.05222366005182266,0.033670827746391296,0.8442267775535583
uav_06,58.229199,-6.541769800674002,54.76110659280967,7.799999237060547,0.5325289368629456,-0.03875574842095375,0.02424984984099865,0.8451762199401855
uav_06,58.329159,-6.5900129406776475,54.783277081174056,7.799999237060547,0.5326045155525208,-0.025417406111955643,0.015124180354177952,0.8458473086357117
uav_06,58.429119,-6.628607453229026,54.80544756993226,7.799999237060547,0.5325935482978821,-0.014739436097443104,0.007928204722702503,0.8462056517601013
uav_06,58.529079,-6.676850593232673,54.827618058296636,7.799999237060547,0.5325483083724976,0.0023525250144302845,-0.003718665102496743,0.8463882207870483
uav_06,58.629039,-6.7347423620597375,54.849788546661024,7.799999237060547,0.5323435664176941,0.020190291106700897,-0.015783336013555527,0.8461403846740723
uav_06,58.728999,-6.773336873239964,54.87195903541924,7.799999237060547,0.532160222530365,0.03165554627776146,-0.023409822955727577,0.8457276821136475
uav_06,58.829792,-6.792634129515653,54.88304427940451,7.799999237060547,0.532202959060669,0.03478364646434784,-0.02546955831348896,0.8455184102058411
uav_06,58.929752,-6.82158001324361,54.89412952378362,7.799999237060547,0.5320398807525635,0.0442466177046299,-0.03176412731409073,0.8449655771255493
uav_06,59.029712,-6.83122864206703,54.89412952378362,7.799999237060547,0.5318620204925537,0.053116895258426666,-0.03795904293656349,0.8443106412887573
uav_06,59.129672,-6.83122864206703,54.89412952378362,7.799999237060547,0.5320072770118713,0.0546780526638031,-0.04017078876495361,0.8440171480178833
uav_06,59.229632,-6.8119313857913415,54.89412952378362,7.799999237060547,0.5324472188949585,0.05000823363661766,-0.03945903852581978,0.844062864780426
uav_06,59.329592,-6.792634129515653,54.88304427940451,7.799999237060547,0.532961368560791,0.04271164536476135,-0.0378866009414196,0.8442111611366272
uav_06,59.429552,-6.744390989512007,54.87195903541924,7.799999237060547,0.5333673357963562,0.036182526499032974,-0.03747067600488663,0.8442783951759338
uav_06,59.529512,-6.71544510578405,54.860873791040135,7.799999237060547,0.5335779786109924,0.032540470361709595,-0.03927481546998024,0.8442115783691406
uav_06,59.629472,-6.667201965780403,54.849788546661024,7.799999237060547,0.5335832834243774,0.03227562829852104,-0.04362164065241814,0.8440049290657043
uav_06,59.729432,-6.609310196953337,54.83870330267575,7.799999237060547,0.5334197282791138,0.03490136191248894,-0.04973307251930237,0.8436657190322876
uav_06,59.829392,-6.541769800674002,54.827618058296636,7.809999465942383,0.533191978931427,0.03869352489709854,-0.05610303580760956,0.8432446718215942
uav_06,59.929352,-6.474229404394667,54.81653281391754,7.809999465942383,0.5330134630203247,0.04197655990719795,-0.06137759983539581,0.8428329229354858
uav_06,60.029312,-6.387391753210796,54.80544756993226,7.809999465942383,0.5329980850219727,0.043804675340652466,-0.06535850465297699,0.8424503207206726
uav_06,60.129272,-6.290905471832351,54.79436232555315,7.809999465942383,0.5343035459518433,0.04288429394364357,-0.0688643530011177,0.8413906693458557
uav_06,60.229232,-6.19441919182506,54.783277081174056,7.809999465942383,0.5408878326416016,0.038694828748703,-0.07271832227706909,0.8370514512062073
uav_06,60.329192,-6.078635655542078,54.77219183718878,7.799999237060547,0.557301938533783,0.03353934735059738,-0.07617763429880142,0.8261274695396423
uav_06,60.429152,-5.962852119259097,54.77219183718878,7.799999237060547,0.5847609639167786,0.030924029648303986,-0.07769044488668442,0.8068844079971313
uav_06,60.529112,-5.837419955523847,54.77219183718878,7.799999237060547,0.6203024983406067,0.03407970070838928,-0.07558052241802216,0.7799685597419739
uav_06,60.629072,-5.702339162965178,54.77219183718878,7.799999237060547,0.6583155989646912,0.04340378940105438,-0.07029082626104355,0.7481951117515564
uav_06,60.729032,-5.55760974295424,54.783277081174056,7.799999237060547,0.6938357353210449,0.057063326239585876,-0.06344787031412125,0.7150595188140869
uav_06,60.828992,-5.4032316941198815,54.783277081174056,7.799999237060547,0.7233991026878357,0.0718880221247673,-0.056709740310907364,0.6843316555023193
uav_06,60.929785,-5.2488536452855215,54.783277081174056,7.799999237060547,0.7453225255012512,0.0842837244272232,-0.05104949697852135,0.6593819260597229
uav_06,61.029745,-5.084826968998895,54.79436232555315,7.799999237060547,0.7588717341423035,0.091388039290905,-0.04687383398413658,0.643090009689331
uav_06,61.129705,-4.90150303643658,54.783277081174056,7.799999237060547,0.7649288177490234,0.09255819767713547,-0.04469584673643112,0.6358609795570374
uav_06,61.229665,-4.718179103874263,54.77219183718878,7.799999237060547,0.7646617293357849,0.08848129212856293,-0.044988490641117096,0.6367413401603699
uav_06,61.329625,-4.534855171311947,54.76110659280967,7.799999237060547,0.7592791318893433,0.0809929147362709,-0.04781455919146538,0.6439325213432312
uav_06,61.429585,-4.332233983845095,54.750021348430565,7.799999237060547,0.7500031590461731,0.07219525426626205,-0.05285358056426048,0.6553545594215393
uav_06,61.529545,-4.12961279500709,54.73893610444528,7.799999237060547,0.7381380200386047,0.06395642459392548,-0.05910687893629074,0.6690054535865784
uav_06,61.629505,-3.9269916061690857,54.71676561568707,7.799999237060547,0.7251899242401123,0.05763774365186691,-0.06522892415523529,0.6830246448516846
uav_06,61.729465,-3.7243704173310803,54.705680371701796,7.799999237060547,0.7128013968467712,0.053612370043992996,-0.06992552429437637,0.6958090662956238
uav_06,61.829425,-3.5121006010408076,54.6945951273227,7.799999237060547,0.7024142146110535,0.051672935485839844,-0.07261555641889572,0.7061665058135986
uav_06,61.929385,-3.2805335284748454,54.6945951273227,7.809999465942383,0.695030927658081,0.051231466233730316,-0.07345886528491974,0.7133800387382507
uav_06,62.029345,-3.068263712184572,54.6945951273227,7.809999465942383,0.6911041140556335,0.05171835049986839,-0.07294023036956787,0.71720290184021
uav_06,62.129305,-2.8463452670708786,54.6945951273227,7.809999465942383,0.6905509233474731,0.05280550196766853,-0.07125285267829895,0.7178259491920471
uav_06,62.229265,-2.6244268233283377,54.6945951273227,7.809999465942383,0.6928510069847107,0.0542617104947567,-0.06896944344043732,0.7157208919525146
uav_06,62.329225,-2.4025083782146432,54.6945951273227,7.809999465942383,0.6972200870513916,0.055863309651613235,-0.06653795391321182,0.7115729451179504
uav_06,62.429185,-2.1709413056486815,54.705680371701796,7.809999465942383,0.7027500867843628,0.05754834786057472,-0.06424775719642639,0.7061888575553894
uav_06,62.529145,-1.9393742330827195,54.705680371701796,7.809999465942383,0.7085822820663452,0.05904217064380646,-0.06209477782249451,0.7004066109657288
uav_06,62.629105,-1.7078071605167575,54.71676561568707,7.809999465942383,0.7140133380889893,0.05983444303274155,-0.059693269431591034,0.6950119137763977
uav_06,62.729065,-1.4569428316751065,54.71676561568707,7.809999465942383,0.7185198664665222,0.059493083506822586,-0.056868866086006165,0.6906198263168335
uav_06,62.829025,-1.225375759109145,54.71676561568707,7.809999465942383,0.7217705845832825,0.05795073136687279,-0.05398425832390785,0.6875860691070557
uav_06,62.929818,-0.9938086865431829,54.727850860066184,7.809999465942383,0.7236387133598328,0.05527697503566742,-0.0509968027472496,0.6860690712928772
uav_06,63.029778,-0.7622416139772209,54.727850860066184,7.809999465942383,0.7241237759590149,0.051787883043289185,-0.048127252608537674,0.6860368251800537
uav_06,63.129738,-0.5306745414112589,54.727850860066184,7.809999465942383,0.723405659198761,0.04791081324219704,-0.04517972841858864,0.6872754693031311
uav_06,63.229698,-0.29910746884529693,54.73893610444528,7.809999465942383,0.7217686772346497,0.04375506937503815,-0.042258694767951965,0.689456045627594
uav_06,63.329658,-0.06754039627933495,54.73893610444528,7.809999465942383,0.719572126865387,0.039186641573905945,-0.03919058293104172,0.692202627658844
uav_06,63.429618,0.15437804883435882,54.73893610444528,7.809999465942383,0.7171684503555298,0.03427596390247345,-0.0356721431016922,0.6951417922973633
uav_06,63.529578,0.37629649257690007,54.750021348430565,7.809999465942383,0.7148815989494324,0.029085949063301086,-0.031773969531059265,0.6979174613952637
uav_06,63.629538,0.5982149376905939,54.750021348430565,7.809999465942383,0.7129781246185303,0.02349892258644104,-0.02726930007338524,0.700261652469635
uav_06,63.729498,0.8008361265285986,54.750021348430565,7.809999465942383,0.7116268873214722,0.017058487981557846,-0.02151743695139885,0.7020207643508911
uav_06,63.829458,0.9938086865431829,54.750021348430565,7.809999465942383,0.7108619213104248,0.01042722724378109,-0.014900539070367813,0.7030964493751526
uav_06,63.929418,1.186781246557767,54.76110659280967,7.809999465942383,0.7106568217277527,0.004083396401256323,-0.00786504428833723,0.703482985496521
uav_06,64.029378,1.370105179120083,54.76110659280967,7.809999465942383,0.7109461426734924,-0.0017435774207115173,-0.0010888855904340744,0.7032434940338135
uav_06,64.129338,1.5341318554067098,54.76110659280967,7.809999465942383,0.7116230726242065,-0.007429599296301603,0.005640802904963493,0.7024994492530823
uav_06,64.229298,1.6885099042410687,54.77219183718878,7.809999465942383,0.7125367522239685,-0.013000912964344025,0.01228316780179739,0.7014067769050598
uav_06,64.329258,1.8332393242520069,54.77219183718878,7.809999465942383,0.7135472297668457,-0.01796785183250904,0.01807434670627117,0.7001434564590454
uav_06,64.429218,1.9586714893584087,54.783277081174056,7.809999465942383,0.7145556211471558,-0.021355435252189636,0.021988503634929657,0.6989067792892456
uav_06,64.529178,2.0744550256413894,54.783277081174056,7.809999465942383,0.7154744267463684,-0.023238608613610268,0.024004075676202774,0.697839617729187
uav_06,64.629138,2.1805899331009497,54.783277081174056,7.809999465942383,0.716222882270813,-0.024143807590007782,0.02438787743449211,0.697027325630188
uav_06,64.729098,2.2674275856559736,54.783277081174056,7.809999465942383,0.7166433930397034,-0.026821285486221313,0.02630322240293026,0.6964272856712341
uav_06,64.829058,2.3349679819353084,54.79436232555315,7.809999465942383,0.716013491153717,-0.04405975341796875,0.04303629323840141,0.6953641772270203
uav_06,64.929018,2.4025083782146432,54.79436232555315,7.809999465942383,0.7148962616920471,-0.059248294681310654,0.05794025585055351,0.6943024396896362
uav_06,65.029811,2.4411028907660213,54.79436232555315,7.809999465942383,0.7141661047935486,-0.06501109153032303,0.0638115257024765,0.6940233707427979
uav_06,65.129771,2.4700487744939785,54.79436232555315,7.809999465942383,0.7136255502700806,-0.06677902489900589,0.065663181245327,0.6942387819290161
uav_06,65.229731,2.4700487744939785,54.79436232555315,7.809999465942383,0.7127077579498291,-0.07156804203987122,0.0698629841208458,0.6942944526672363
uav_06,65.329691,2.4411028907660213,54.79436232555315,7.809999465942383,0.7124868035316467,-0.06906244903802872,0.06477215141057968,0.695267915725708
uav_06,65.429651,2.4025083782146432,54.80544756993226,7.809999465942383,0.7127835750579834,-0.060300108045339584,0.05034174397587776,0.6969714164733887
uav_06,65.529611,2.3542652382109974,54.80544756993226,7.809999465942383,0.7130362391471863,-0.04968974366784096,0.030684079974889755,0.6986907124519348
uav_06,65.629571,2.296373469383931,54.80544756993226,7.809999465942383,0.7130070328712463,-0.04103420674800873,0.010337729938328266,0.6998787522315979
uav_06,65.729531,2.2384817019280163,54.81653281391754,7.809999465942383,0.712831437587738,-0.036537591367959976,-0.007177248597145081,0.7003462314605713
uav_06,65.829491,2.1709413056486815,54.827618058296636,7.809999465942383,0.7127689719200134,-0.03574126958847046,-0.020030895248055458,0.7002012133598328
uav_06,65.929451,2.1226981656450357,54.849788546661024,7.809999465942383,0.7129648923873901,-0.03695742040872574,-0.02801883965730667,0.699664294719696
uav_06,66.029411,2.055157769365701,54.88304427940451,7.809999465942383,0.7133777141571045,-0.03871355205774307,-0.03273795172572136,0.6989432573318481
uav_06,66.129371,2.0069146293620546,54.91630001214801,7.809999465942383,0.7138823866844177,-0.040019482374191284,-0.03604569658637047,0.6981912851333618
uav_06,66.229331,1.949022860534988,54.960640989270594,7.819999694824219,0.714335560798645,-0.04060015827417374,-0.03953313082456589,0.6975051760673523
uav_06,66.329291,1.9007797205313417,55.016067210378466,7.819999694824219,0.7146734595298767,-0.040487565100193024,-0.04393552988767624,0.6969019174575806
uav_06,66.429251,1.8621852093511162,55.071493431880164,7.819999694824219,0.7153313755989075,-0.04078780859708786,-0.04847584664821625,0.6959075927734375
uav_06,66.529211,1.8235906967997386,55.13800489736714,7.809999465942383,0.7189851999282837,-0.04286864027380943,-0.05162297189235687,0.6917786002159119
uav_06,66.629171,1.7753475567960926,55.215601607233225,7.809999465942383,0.7297345995903015,-0.046331994235515594,-0.05286763980984688,0.6801071166992188
uav_06,66.729131,1.7464016730681353,55.30428356108458,7.809999465942383,0.7495590448379517,-0.04891897365450859,-0.05362410470843315,0.6579457521438599
uav_06,66.829091,1.7078071605167575,55.40405075931504,7.809999465942383,0.7773500084877014,-0.04913408309221268,-0.05520155280828476,0.6247124075889587
uav_06,66.929051,1.6788612767888005,55.50381795754551,7.809999465942383,0.8105355501174927,-0.04636558145284653,-0.0583064965903759,0.5809326171875
uav_06,67.029011,1.649915391689691,55.603585155775974,7.809999465942383,0.8461290001869202,-0.04064870625734329,-0.06315906345844269,0.5276592373847961
uav_06,67.129804,1.6209695079617337,55.725522842370815,7.809999465942383,0.8815955519676208,-0.032203637063503265,-0.06900400668382645,0.4658225476741791
uav_06,67.229764,1.5920236242337766,55.847460529359495,7.809999465942383,0.9140121936798096,-0.021546268835663795,-0.0736473798751831,0.3983635902404785
uav_06,67.329724,1.5727263679580878,55.98048346033344,7.809999465942383,0.9419116377830505,-0.009412957355380058,-0.07570397853851318,0.3270822763442993
uav_06,67.429684,1.5534291116823988,56.1245916356865,7.809999465942383,0.96417236328125,0.0029996836092323065,-0.07446862012147903,0.25459206104278564
uav_06,67.529644,1.5437804842301306,56.25761456666046,7.809999465942383,0.9802993535995483,0.015558428131043911,-0.0697970911860466,0.1841181069612503
uav_06,67.629604,1.5341318554067098,56.41280798599878,7.809999465942383,0.9902760982513428,0.028125781565904617,-0.062034521251916885,0.1213008388876915
uav_06,67.729564,1.5341318554067098,56.556916161351836,7.809999465942383,0.9951986074447632,0.038690630346536636,-0.052445072680711746,0.07302279770374298
uav_06,67.829524,1.5437804842301306,56.701024336704904,7.809999465942383,0.997148871421814,0.04515381529927254,-0.04237689822912216,0.04312106594443321
uav_06,67.929484,1.5630777405058196,56.85621775604323,7.809999465942383,0.9978727102279663,0.04635079577565193,-0.03322477638721466,0.03158695623278618
uav_06,68.029444,1.5920236242337766,56.98924068701719,7.809999465942383,0.9981505870819092,0.042368270456790924,-0.02496446669101715,0.035736333578825
uav_06,68.129404,1.6113208805094654,57.12226361799114,7.809999465942383,0.9979032874107361,0.03466826677322388,-0.01747186668217182,0.051786500960588455
uav_06,68.229364,1.649915391689691,57.25528654896509,7.809999465942383,0.9967087507247925,0.0250259879976511,-0.011485249735414982,0.07624571025371552
uav_06,68.329324,1.6885099042410687,57.388309479939046,7.809999465942383,0.9942214488983154,0.01561191026121378,-0.007004010956734419,0.10597619414329529
uav_06,68.429284,1.7271044167924468,57.49916192254861,7.809999465942383,0.99038165807724,0.00807479489594698,-0.0033624537754803896,0.13808563351631165
uav_06,68.529244,1.7656989279726718,57.61001436515818,7.819999694824219,0.9854713678359985,0.0034809079952538013,0.0003470007504802197,0.16980573534965515
uav_06,68.629204,1.8042934405240496,57.73195205175302,7.819999694824219,0.9801227450370789,0.0019246692536398768,0.004142429679632187,0.19833947718143463
uav_06,68.729164,1.8428879530754274,57.809548761619105,7.819999694824219,0.9751663208007812,0.0025839100126177073,0.007692430634051561,0.2213250696659088
uav_06,68.829124,1.8718338368033847,57.89823071547046,7.819999694824219,0.9713627696037292,0.0044035897590219975,0.010808264836668968,0.23731441795825958
uav_06,68.929084,1.9007797205313417,57.98691266932182,7.819999694824219,0.9691950678825378,0.006498795468360186,0.01361030898988247,0.24583220481872559
uav_06,69.029044,1.9393742330827195,58.0534241348088,7.819999694824219,0.9685070514678955,0.012128163129091263,0.027121946215629578,0.24720722436904907
uav_06,69.129004,1.9586714893584087,58.119935600295776,7.819999694824219,0.9691393375396729,0.017083030194044113,0.04139712452888489,0.24241165816783905
uav_06,69.229797,1.9876173730863658,58.175361821797466,7.819999694824219,0.9710507392883301,0.0189311895519495,0.04944874346256256,0.23293094336986542
uav_06,69.329757,2.016563256814323,58.208617554540965,7.819999694824219,0.9737303256988525,0.018467457965016365,0.052682582288980484,0.22075508534908295
uav_06,69.429717,2.055157769365701,58.23078804290534,7.819999694824219,0.976194441318512,0.0186813622713089,0.06045808270573616,0.20746152102947235
uav_06,69.529677,2.0648063968179686,58.24187328728445,7.819999694824219,0.9787804484367371,0.014804533682763577,0.06170334666967392,0.19483941793441772
uav_06,69.629637,2.093752281917078,58.24187328728445,7.819999694824219,0.9812898635864258,0.005995216779410839,0.05532113090157509,0.18431982398033142
uav_06,69.729597,2.1226981656450357,58.23078804290534,7.819999694824219,0.9832221865653992,-0.006329535972326994,0.04468639940023422,0.17674046754837036
uav_06,69.829557,2.1323467930973035,58.208617554540965,7.819999694824219,0.9842705130577087,-0.019569363445043564,0.03355458751320839,0.1723446249961853
uav_06,69.929517,2.1419954219207242,58.18644706578275,7.819999694824219,0.9844810366630554,-0.031015807762742043,0.024623995646834373,0.17096422612667084
uav_06,70.029477,2.1516440493729925,58.15319133303926,7.819999694824219,0.9841076135635376,-0.039132919162511826,0.018546797335147858,0.17221172153949738
uav_06,70.129437,2.1419954219207242,58.131020844674886,7.819999694824219,0.9833753108978271,-0.04395291209220886,0.015415709465742111,0.17550916969776154
uav_06,70.229397,2.1323467930973035,58.1088503563105,7.819999694824219,0.9824207425117493,-0.046616893261671066,0.014246493577957153,0.18020369112491608
uav_06,70.329357,2.1226981656450357,58.075594623567014,7.819999694824219,0.9813179969787598,-0.04866839200258255,0.0141689358279109,0.18559521436691284
uav_06,70.429317,2.0841036530936576,58.0534241348088,7.819999694824219,0.9801431894302368,-0.0512068048119545,0.01432616077363491,0.19102859497070312
uav_06,70.529277,2.055157769365701,58.03125364644441,7.819999694824219,0.9789862632751465,-0.05468675121665001,0.014231831766664982,0.19594049453735352
uav_06,70.629237,2.0069146293620546,58.00908315808003,7.819999694824219,0.9779416918754578,-0.05906480923295021,0.013700013048946857,0.19988417625427246
uav_06,70.729197,1.949022860534988,57.98691266932182,7.819999694824219,0.9773349761962891,-0.06361658126115799,0.014251952059566975,0.2014104425907135
uav_06,70.829157,1.8911310930790737,57.964742180957444,7.819999694824219,0.978173553943634,-0.06718293577432632,0.017029592767357826,0.19589000940322876
uav_06,70.929117,1.8235906967997386,57.942571692593056,7.809999465942383,0.9814059734344482,-0.06960824131965637,0.02074294351041317,0.1776704490184784
uav_06,71.029077,1.7367530442447146,57.931486448213946,7.809999465942383,0.9866565465927124,-0.0713333860039711,0.02269270084798336,0.14458733797073364
uav_06,71.129037,1.6402667642374227,57.89823071547046,7.809999465942383,0.9923310279846191,-0.07277984917163849,0.0211788397282362,0.09764061123132706
uav_06,71.228997,1.5437804842301306,57.87606022710607,7.809999465942383,0.9963586926460266,-0.07415302842855453,0.015588182955980301,0.039085742086172104
uav_06,71.32979,1.4376455753994177,57.86497498272698,7.809999465942383,0.9967023134231567,-0.07554766535758972,0.006150710862129927,-0.0289688128978014
uav_06,71.42975,1.321862039116437,57.83171924998349,7.809999465942383,0.991725504398346,-0.07703852653503418,-0.005815856158733368,-0.10252700001001358
uav_06,71.52971,1.1964298753811877,57.809548761619105,7.809999465942383,0.9804619550704956,-0.07882498949766159,-0.018874451518058777,-0.17923372983932495
uav_06,71.62967,1.070997710274786,57.79846351724,7.809999465942383,0.96275794506073,-0.0802716389298439,-0.03162351995706558,-0.2562294006347656
uav_06,71.72963,0.9455655465395368,57.76520778449651,7.809999465942383,0.9393237233161926,-0.08042675256729126,-0.042978473007678986,-0.3306891620159149
uav_06,71.82959,0.7815388702529098,57.76520778449651,7.809999465942383,0.9116393327713013,-0.07826076447963715,-0.05221439525485039,-0.40007826685905457
uav_06,71.92955,0.627160821418551,57.74303729613213,7.809999465942383,0.8815048933029175,-0.07356561720371246,-0.059025805443525314,-0.4626588225364685
uav_06,72.02951,0.46313414513192397,57.74303729613213,7.809999465942383,0.8505241274833679,-0.06752467900514603,-0.06357856094837189,-0.5176938772201538
uav_06,72.12947,0.29910746884529693,57.74303729613213,7.809999465942383,0.8198608756065369,-0.061654191464185715,-0.06646866351366043,-0.5653395652770996
uav_06,72.22943,0.11578353628298099,57.74303729613213,7.809999465942383,0.7901644110679626,-0.05686383694410324,-0.06793618947267532,-0.6064580678939819
uav_06,72.32939,-0.06754039627933495,57.74303729613213,7.809999465942383,0.7615423798561096,-0.05367664247751236,-0.0684298425912857,-0.6422533392906189
uav_06,72.42935,-0.2508643288416509,57.76520778449651,7.809999465942383,0.7346874475479126,-0.0510438047349453,-0.06994082778692245,-0.6728574633598328
uav_06,72.52931,-0.44383688885623496,57.76520778449651,7.809999465942383,0.7119565010070801,-0.048226725310087204,-0.0729728490114212,-0.6967546939849854
uav_06,72.62927,-0.6368094502419717,57.77629302887562,7.809999465942383,0.6955747008323669,-0.04558306187391281,-0.07640226930379868,-0.712924063205719
uav_06,72.72923,-0.839430637708824,57.79846351724,7.809999465942383,0.6864639520645142,-0.0438326932489872,-0.07872406393289566,-0.7215597629547119
uav_06,72.82919,-1.0420518265468288,57.83171924998349,7.809999465942383,0.684302806854248,-0.04348475858569145,-0.07877306640148163,-0.7236253023147583
uav_06,72.92915,-1.254321642837102,57.84280449436259,7.809999465942383,0.6878700256347656,-0.04513578116893768,-0.07640530169010162,-0.720388650894165
uav_06,73.02911,-1.4569428316751065,57.86497498272698,7.819999694824219,0.6955421566963196,-0.04887315258383751,-0.0723995640873909,-0.7131555080413818
uav_06,73.12907,-1.6788612767888005,57.89823071547046,7.819999694824219,0.7055941820144653,-0.05424593389034271,-0.0675506740808487,-0.7033001780509949
uav_06,73.22903,-1.8911310930790737,57.931486448213946,7.819999694824219,0.7163534164428711,-0.0601775236427784,-0.06262212991714478,-0.6923112869262695
uav_06,73.32899,-2.1034009093693466,57.953656936578334,7.819999694824219,0.7263157367706299,-0.06546127051115036,-0.05836641788482666,-0.6817430853843689
uav_06,73.429783,-2.3349679819353084,57.97582742533655,7.819999694824219,0.7344130873680115,-0.06917525827884674,-0.05501873791217804,-0.6729228496551514
uav_06,73.529743,-2.56653505450127,57.99799791370093,7.819999694824219,0.7398445010185242,-0.07050061970949173,-0.052299048751592636,-0.667026698589325
uav_06,73.629703,-2.798102127067233,58.00908315808003,7.819999694824219,0.7424126267433167,-0.06938418000936508,-0.04996531456708908,-0.6644642949104309
uav_06,73.729663,-3.029669199633195,58.03125364644441,7.819999694824219,0.7421991229057312,-0.06601262092590332,-0.04790154844522476,-0.6651979088783264
uav_06,73.829623,-3.2612362721991563,58.042338890823515,7.819999694824219,0.7395358085632324,-0.061115849763154984,-0.04613306000828743,-0.6687475442886353
uav_06,73.929583,-3.492803344765119,58.0534241348088,7.819999694824219,0.7349608540534973,-0.05551537126302719,-0.044793762266635895,-0.6743471622467041
uav_06,74.029543,-3.7243704173310803,58.0645093791879,7.819999694824219,0.729158878326416,-0.04984761402010918,-0.04364868998527527,-0.6811294555664062
uav_06,74.129503,-3.955937489897043,58.075594623567014,7.819999694824219,0.7228798270225525,-0.044404346495866776,-0.04228376969695091,-0.6882478594779968
uav_06,74.229463,-4.1778559350107365,58.075594623567014,7.819999694824219,0.7168381810188293,-0.03937452286481857,-0.04034380614757538,-0.6949568390846252
uav_06,74.329423,-4.390125751301009,58.086679867552284,7.819999694824219,0.7116377353668213,-0.03465034067630768,-0.037507180124521255,-0.7006884813308716
uav_06,74.429383,-4.621692823866971,58.09776511193139,7.819999694824219,0.7076952457427979,-0.030191728845238686,-0.03375100716948509,-0.7050650715827942
uav_06,74.529343,-4.833962640157244,58.1088503563105,7.819999694824219,0.705235481262207,-0.0254684966057539,-0.028759334236383438,-0.7079315781593323
uav_06,74.629303,-5.036583828995249,58.1088503563105,7.819999694824219,0.7042866945266724,-0.0205378457903862,-0.02275768481194973,-0.7092534899711609
uav_06,74.729263,-5.239205017833253,58.119935600295776,7.819999694824219,0.7047305107116699,-0.015424360521137714,-0.016168730333447456,-0.7091230750083923
uav_06,74.829223,-5.432177577847838,58.131020844674886,7.819999694824219,0.7063007354736328,-0.010516040027141571,-0.009738664142787457,-0.7077667713165283
uav_06,74.929183,-5.615501510410154,58.131020844674886,7.819999694824219,0.7086483240127563,-0.005636892281472683,-0.003699503606185317,-0.7055296301841736
uav_06,75.029143,-5.789176815520202,58.14210608905398,7.819999694824219,0.7113898992538452,-0.0005750189302489161,0.0021600935142487288,-0.7027939558029175
uav_06,75.129103,-5.943554862983408,58.14210608905398,7.819999694824219,0.7141525745391846,0.00499705458059907,0.00802949070930481,-0.6999261379241943
uav_06,75.229063,-6.097932911817767,58.15319133303926,7.819999694824219,0.7166236042976379,0.010859970934689045,0.013736882247030735,-0.6972402334213257
uav_06,75.329023,-6.233013704376437,58.15319133303926,7.819999694824219,0.718588650226593,0.016072219237685204,0.018623145297169685,-0.695000171661377
uav_06,75.429816,-6.358445868111685,58.15319133303926,7.819999694824219,0.7199538350105286,0.019923163577914238,0.02173604816198349,-0.6933953166007996
uav_06,75.529776,-6.464580776942399,58.16427657741837,7.819999694824219,0.72067791223526,0.022101687267422676,0.023081207647919655,-0.6925330758094788
uav_06,75.629736,-6.561067056949691,58.16427657741837,7.819999694824219,0.7208173871040344,0.02271953411400318,0.023396562784910202,-0.6923573613166809
uav_06,75.729696,-6.647904709504715,58.16427657741837,7.819999694824219,0.7204461097717285,0.0224431362003088,0.02352762408554554,-0.6927482485771179
uav_06,75.829656,-6.71544510578405,58.16427657741837,7.819999694824219,0.7191489934921265,0.03478134050965309,0.03627792373299599,-0.6930360198020935
uav_06,75.929616,-6.773336873239964,58.16427657741837,7.819999694824219,0.7171748876571655,0.049812063574790955,0.05185740068554878,-0.6931737065315247
uav_06,76.029576,-6.8119313857913415,58.16427657741837,7.819999694824219,0.7154074311256409,0.05774340033531189,0.06012946367263794,-0.6937163472175598
uav_06,76.129536,-6.840877269519298,58.16427657741837,7.809999465942383,0.7144255638122559,0.05651385709643364,0.05895498767495155,-0.6949292421340942
uav_06,76.229496,-6.840877269519298,58.16427657741837,7.809999465942383,0.7137988209724426,0.05283645540475845,0.05547149106860161,-0.6961482763290405
uav_06,76.329456,-6.83122864206703,58.16427657741837,7.809999465942383,0.7130075693130493,0.05394667014479637,0.056581899523735046,-0.6967843174934387
uav_06,76.429416,-6.8119313857913415,58.16427657741837,7.809999465942383,0.7128003835678101,0.05092127248644829,0.051179587841033936,-0.6976412534713745
uav_06,76.529376,-6.773336873239964,58.16427657741837,7.809999465942383,0.7130237817764282,0.04462964087724686,0.03886640444397926,-0.6986377239227295
uav_06,76.629336,-6.725093733236318,58.16427657741837,7.809999465942383,0.7133514285087585,0.03786852955818176,0.02260974422097206,-0.699417233467102
uav_06,76.729296,-6.676850593232673,58.16427657741837,7.819999694824219,0.7136173248291016,0.03319742530584335,0.0057650222443044186,-0.6997249722480774
uav_06,76.829256,-6.628607453229026,58.175361821797466,7.819999694824219,0.7138617038726807,0.03173115476965904,-0.009108771570026875,-0.6995081305503845
uav_06,76.929216,-6.561067056949691,58.18644706578275,7.819999694824219,0.7142029404640198,0.03261723741889,-0.02047158218920231,-0.6988785266876221
uav_06,77.029176,-6.522472544398313,58.197532310161854,7.819999694824219,0.7146815061569214,0.03448532894253731,-0.028186922892928123,-0.6980305314064026
uav_06,77.129136,-6.474229404394667,58.21970279852624,7.819999694824219,0.7152385115623474,0.0361376516520977,-0.03304562717676163,-0.6971627473831177
uav_06,77.229096,-6.425986264391021,58.25295853126973,7.819999694824219,0.7157706618309021,0.03718803822994232,-0.03664405643939972,-0.6963810920715332
uav_06,77.329056,-6.387391753210796,58.29729950839232,7.819999694824219,0.7161838412284851,0.037619851529598236,-0.040101032704114914,-0.6957423090934753
uav_06,77.429016,-6.348797240659417,58.34164048551491,7.819999694824219,0.7164172530174255,0.037703987210989,-0.04417496919631958,-0.6952505111694336
uav_06,77.529809,-6.310202728108039,58.39706670662278,7.819999694824219,0.717043936252594,0.03867660090327263,-0.04811306670308113,-0.6942890286445618
uav_06,77.629769,-6.271608216927815,58.46357817210976,7.819999694824219,0.7209365367889404,0.04156094789505005,-0.05032460018992424,-0.6899207234382629
uav_06,77.729729,-6.242662331828705,58.54117488197584,7.819999694824219,0.7321512699127197,0.04576714336872101,-0.0508967861533165,-0.6776941418647766
uav_06,77.829689,-6.213716448100747,58.61877159184191,7.819999694824219,0.75242018699646,0.04902830719947815,-0.051486674696207047,-0.6548352837562561
uav_06,77.929649,-6.18477056437279,58.707453545693284,7.809999465942383,0.7804957032203674,0.04953814297914505,-0.05324479192495346,-0.6209166049957275
uav_06,78.029609,-6.165473308097102,58.807220743923736,7.809999465942383,0.8137803077697754,0.04649339243769646,-0.056609656661748886,-0.5765373110771179
uav_06,78.129569,-6.136527424369144,58.918073186533306,7.809999465942383,0.8492982387542725,0.040298059582710266,-0.0615629144012928,-0.5227605104446411
uav_06,78.229529,-6.097932911817767,59.02892562874905,7.809999465942383,0.8842436075210571,0.0317084975540638,-0.0673367977142334,-0.46105703711509705
uav_06,78.329489,-6.088284284365498,59.15086331573773,7.809999465942383,0.9163133502006531,0.021269530057907104,-0.07222149521112442,-0.39332115650177
uav_06,78.429449,-6.0689870280898095,59.27280100233257,7.809999465942383,0.943814754486084,0.009673778899013996,-0.0744621753692627,-0.32183152437210083
uav_06,78.529409,-6.05933839926639,59.416909177685625,7.809999465942383,0.965667188167572,-0.0020867108833044767,-0.07335608452558517,-0.24920155107975006
uav_06,78.629369,-6.030392515538432,59.549932108659576,7.809999465942383,0.9814490079879761,-0.013618342578411102,-0.06892292946577072,-0.17838729918003082
uav_06,78.729329,-6.030392515538432,59.68295503963353,7.809999465942383,0.9912130832672119,-0.02537180483341217,-0.0615035705268383,-0.11432476341724396
uav_06,78.829289,-6.030392515538432,59.815977970607484,7.809999465942383,0.9959689974784851,-0.0355520099401474,-0.05219532176852226,-0.0636984258890152
uav_06,78.929249,-6.049689771814121,59.96008614596054,7.809999465942383,0.9977575540542603,-0.0416998565196991,-0.04235954210162163,-0.030766915529966354
uav_06,79.029209,-6.0689870280898095,60.1041943213136,7.809999465942383,0.9984214305877686,-0.04255104809999466,-0.03299910947680473,-0.01597069948911667
uav_06,79.129169,-6.088284284365498,60.25938774065193,7.809999465942383,0.9988091588020325,-0.038644492626190186,-0.024419330060482025,-0.017046792432665825
uav_06,79.229129,-6.126878795545725,60.39241067162588,7.809999465942383,0.9988914728164673,-0.031684957444667816,-0.016684897243976593,-0.030552906915545464
uav_06,79.329089,-6.146176051821413,60.51434835822073,7.809999465942383,0.9982638955116272,-0.023221220821142197,-0.010577480308711529,-0.053085699677467346
uav_06,79.429049,-6.19441919182506,60.6362860452094,7.809999465942383,0.9965412020683289,-0.015018141828477383,-0.0063340612687170506,-0.08148618042469025
uav_06,79.529009,-6.233013704376437,60.74713848742515,7.809999465942383,0.9935718178749084,-0.008408855646848679,-0.003266391111537814,-0.11284352838993073
uav_06,79.629802,-6.261959588104394,60.85799093003472,7.819999694824219,0.9894801378250122,-0.0038658943958580494,-0.00023933434567879885,-0.14461711049079895
uav_06,79.729762,-6.300554100655772,60.957758128265176,7.819999694824219,0.984837532043457,-0.0016282681608572602,0.0031918680761009455,-0.17344221472740173
uav_06,79.829722,-6.3294999843837285,61.06861057087475,7.819999694824219,0.9803570508956909,-0.0014755506999790668,0.00674030464142561,-0.19711017608642578
uav_06,79.929682,-6.3680944969351065,61.146207280740825,7.819999694824219,0.976771891117096,-0.0028457678854465485,0.010155722498893738,-0.21402192115783691
uav_06,80.029642,-6.397040380663063,61.23488923459219,7.819999694824219,0.9745911955833435,-0.004587819799780846,0.013037133030593395,-0.2235642820596695
uav_06,80.129602,-6.416337636938754,61.301400700079164,7.819999694824219,0.9739915728569031,-0.005827510263770819,0.015190660953521729,-0.22599929571151733
uav_06,80.229562,-6.4452835206667105,61.356826921187036,7.819999694824219,0.9746297001838684,-0.008225563913583755,0.025225328281521797,-0.2222452312707901
uav_06,80.329522,-6.474229404394667,61.412253142688726,7.819999694824219,0.9760239124298096,-0.011265263892710209,0.04017198085784912,-0.21362720429897308
uav_06,80.429482,-6.493526660670356,61.4565941194175,7.819999694824219,0.9780880808830261,-0.012654813937842846,0.04927675426006317,-0.20187969505786896
uav_06,80.529442,-6.522472544398313,61.48984985216099,7.819999694824219,0.9806355834007263,-0.011586266569793224,0.05044608190655708,-0.1888779103755951
uav_06,80.629402,-6.541769800674002,61.5120203409192,7.819999694824219,0.9831124544143677,-0.009452516213059425,0.048378292471170425,-0.17623881995677948
uav_06,80.729362,-6.561067056949691,61.52310558490447,7.819999694824219,0.9848578572273254,-0.007439658511430025,0.052012164145708084,-0.16521009802818298
uav_06,80.829322,-6.58036431322538,61.52310558490447,7.819999694824219,0.986301064491272,-0.0030102257151156664,0.05102117732167244,-0.1568376123905182
uav_06,80.929282,-6.599661569501069,61.5120203409192,7.819999694824219,0.987409770488739,0.0042153624817729,0.04469186067581177,-0.15167991816997528
uav_06,81.029242,-6.609310196953337,61.48984985216099,7.819999694824219,0.9879999756813049,0.013209668919444084,0.03539726510643959,-0.1497616022825241
uav_06,81.129202,-6.618958825776757,61.4676793637966,7.819999694824219,0.9879778027534485,0.02282685413956642,0.025829216465353966,-0.15070399641990662
uav_06,81.229162,-6.618958825776757,61.44550887543222,7.819999694824219,0.9874106645584106,0.03191368281841278,0.018120361492037773,-0.15386135876178741
uav_06,81.329122,-6.618958825776757,61.412253142688726,7.819999694824219,0.9864875078201294,0.039390213787555695,0.013269152492284775,-0.1584763377904892
uav_06,81.429082,-6.609310196953337,61.39008265393052,7.819999694824219,0.9854171872138977,0.04470779001712799,0.01113599631935358,-0.1637992560863495
uav_06,81.529042,-6.5900129406776475,61.36791216556613,7.819999694824219,0.9843383431434631,0.0484037809073925,0.010835795663297176,-0.16916759312152863
uav_06,81.629002,-6.561067056949691,61.33465643282265,7.819999694824219,0.9833421111106873,0.051168929785490036,0.011225505731999874,-0.1740519255399704
uav_06,81.729795,-6.522472544398313,61.31248594445826,7.819999694824219,0.9824700951576233,0.053917404264211655,0.011487864889204502,-0.17808283865451813
uav_06,81.829755,-6.4838780332180885,61.301400700079164,7.819999694824219,0.9817714691162109,0.057111579924821854,0.011229421012103558,-0.18093343079090118
uav_06,81.929715,-6.425986264391021,61.26814496733568,7.819999694824219,0.9812979102134705,0.06101219728589058,0.011029528453946114,-0.1822369247674942
uav_06,82.029675,-6.3680944969351065,61.26814496733568,7.819999694824219,0.9816147089004517,0.06476752460002899,0.012675905600190163,-0.17910057306289673
uav_06,82.129635,-6.300554100655772,61.23488923459219,7.819999694824219,0.983660876750946,0.06789597868919373,0.016185102984309196,-0.16595007479190826
uav_06,82.229595,-6.213716448100747,61.21271874622781,7.819999694824219,0.9876649975776672,0.07010027766227722,0.01887611113488674,-0.13873520493507385
uav_06,82.329555,-6.126878795545725,61.2016335018487,7.819999694824219,0.9924997091293335,0.07162201404571533,0.018611084669828415,-0.0973045751452446
uav_06,82.429515,-6.030392515538432,61.179463013484316,7.809999465942383,0.9962973594665527,0.07273449003696442,0.0145640904083848,-0.043464936316013336
uav_06,82.529475,-5.933906235531139,61.168377769105206,7.809999465942383,0.9970452785491943,0.07377202063798904,0.006927349604666233,0.020259691402316093
uav_06,82.629435,-5.818122699248159,61.13512203636172,7.809999465942383,0.9929943084716797,0.07520551234483719,-0.003333143889904022,0.0910787582397461
uav_06,82.729395,-5.702339162965178,61.11295154799734,7.819999694824219,0.9829732179641724,0.07707555592060089,-0.015179507434368134,0.16611003875732422
uav_06,82.829355,-5.567258370406508,61.10186630361824,7.819999694824219,0.9665576815605164,0.07881554961204529,-0.027347847819328308,0.24250048398971558
uav_06,82.929315,-5.441826206671259,61.07969581525385,7.819999694824219,0.944126546382904,0.07968068867921829,-0.038886960595846176,0.31743326783180237
uav_06,83.029275,-5.297096785289169,61.06861057087475,7.819999694824219,0.9168875217437744,0.07862629741430283,-0.04900364950299263,0.3882445693016052
uav_06,83.129235,-5.142718737825962,61.06861057087475,7.819999694824219,0.8865611553192139,0.07500304281711578,-0.05720456689596176,0.45289239287376404
uav_06,83.229195,-4.978692061539335,61.06861057087475,7.819999694824219,0.8549032807350159,0.0690239891409874,-0.06312722712755203,0.5102851986885071
uav_06,83.329155,-4.8050167564292865,61.06861057087475,7.819999694824219,0.8232523798942566,0.06237578019499779,-0.06673809140920639,0.5602774620056152
uav_06,83.429115,-4.64099008014266,61.06861057087475,7.819999694824219,0.7924053072929382,0.056786779314279556,-0.06847571581602097,0.6034733653068542
uav_06,83.529075,-4.457666147580344,61.06861057087475,7.819999694824219,0.7627132534980774,0.05277087911963463,-0.06929197162389755,0.6408450603485107
uav_06,83.629035,-4.274342215018028,61.06861057087475,7.819999694824219,0.7352697253227234,0.04905543848872185,-0.07098841667175293,0.6722593903541565
uav_06,83.728995,-4.091018282455712,61.07969581525385,7.819999694824219,0.7126179933547974,0.045332882553339005,-0.07388131320476532,0.6961767673492432
uav_06,83.829788,-3.898045722441128,61.10186630361824,7.819999694824219,0.6967585682868958,0.04232792183756828,-0.07668663561344147,0.7119374871253967
uav_06,83.929748,-3.695424533603123,61.11295154799734,7.819999694824219,0.6886385083198547,0.040954623371362686,-0.07815375924110413,0.7197164297103882
uav_06,84.029708,-3.5024519735885393,61.146207280740825,7.819999694824219,0.6875457167625427,0.04155009984970093,-0.07771796733140945,0.720773458480835
uav_06,84.129668,-3.2998307847505344,61.168377769105206,7.819999694824219,0.6921301484107971,0.044349946081638336,-0.0753796398639679,0.7164543867111206
uav_06,84.229628,-3.087560968460261,61.2016335018487,7.819999694824219,0.7007006406784058,0.049015115946531296,-0.07147175818681717,0.7081722617149353
uav_06,84.329588,-2.865642523346567,61.23488923459219,7.819999694824219,0.7115010619163513,0.05472738668322563,-0.06675373017787933,0.6973629593849182
uav_06,84.429548,-2.6630213345085627,61.26814496733568,7.819999694824219,0.722819983959198,0.060491207987070084,-0.06195230782032013,0.6855902671813965
uav_06,84.529508,-2.45075151821829,61.279230211714776,7.819999694824219,0.7331233024597168,0.06540168821811676,-0.057690538465976715,0.6744809746742249
uav_06,84.629468,-2.2191844456523278,61.31248594445826,7.819999694824219,0.741276741027832,0.06877169013023376,-0.05440153926610947,0.6654469966888428
uav_06,84.729428,-2.0069146293620546,61.33465643282265,7.819999694824219,0.7466302514076233,0.07010523229837418,-0.05177847668528557,0.6595054864883423
uav_06,84.829388,-1.7753475567960926,61.34574167720176,7.819999694824219,0.7489784955978394,0.06909161061048508,-0.04976315051317215,0.6571005582809448
uav_06,84.929348,-1.5534291116823988,61.36791216556613,7.819999694824219,0.7484523057937622,0.06595970690250397,-0.0483027882874012,0.6581301093101501
uav_06,85.029308,-1.321862039116437,61.37899740994524,7.819999694824219,0.7454367876052856,0.061315130442380905,-0.04732251539826393,0.6620611548423767
uav_06,85.129268,-1.0902949665504749,61.39008265393052,7.819999694824219,0.7405126094818115,0.05596420168876648,-0.04650463908910751,0.6680916547775269
uav_06,85.229228,-0.8683765228079336,61.412253142688726,7.819999694824219,0.7343950867652893,0.050551045686006546,-0.04562004655599594,0.6752979159355164
uav_06,85.329188,-0.6368094502419717,61.423338386674004,7.819999694824219,0.7278644442558289,0.045342884957790375,-0.04438773915171623,0.6827789545059204
uav_06,85.429148,-0.41489100512827787,61.423338386674004,7.819999694824219,0.7216637134552002,0.04028608277440071,-0.042428962886333466,0.6897668242454529
uav_06,85.529108,-0.19297256001458413,61.434423631053114,7.819999694824219,0.7163969874382019,0.03542420268058777,-0.03964296728372574,0.6956644058227539
uav_06,85.629068,0.019297256275688915,61.44550887543222,7.819999694824219,0.712458610534668,0.031109314411878586,-0.0361054465174675,0.7000938057899475
uav_06,85.729028,0.24121570001823017,61.4565941194175,7.819999694824219,0.7100716829299927,0.026672249659895897,-0.03152795508503914,0.7029173374176025
uav_06,85.828988,0.44383688885623496,61.4676793637966,7.819999694824219,0.7092539668083191,0.021558845415711403,-0.02571217529475689,0.7041540145874023
uav_06,85.929781,0.6464580776942398,61.4787646081757,7.819999694824219,0.7098401784896851,0.016424773260951042,-0.019292231649160385,0.7039068937301636
uav_06,86.029741,0.839430637708824,61.48984985216099,7.819999694824219,0.711543083190918,0.011702352203428745,-0.013019685633480549,0.7024243474006653
uav_06,86.129701,1.02275457027114,61.50093509654009,7.819999694824219,0.7140031456947327,0.007294887211173773,-0.007157438900321722,0.7000678777694702
uav_06,86.229661,1.1964298753811877,61.5120203409192,7.819999694824219,0.7168390154838562,0.002940843114629388,-0.0016590144950896502,0.6972305178642273
uav_06,86.329621,1.3604565516678147,61.5120203409192,7.819999694824219,0.7196762561798096,-0.00179957109503448,0.003733069868758321,0.6942973732948303
uav_06,86.429581,1.5148346005021736,61.52310558490447,7.819999694824219,0.7221993207931519,-0.007109312806278467,0.009217767976224422,0.6915870308876038
uav_06,86.529541,1.649915391689691,61.534190829283574,7.819999694824219,0.7241867184638977,-0.012476230040192604,0.014368794858455658,0.6893413066864014
uav_06,86.629501,1.7753475567960926,61.534190829283574,7.819999694824219,0.7255296111106873,-0.01712939329445362,0.018402285873889923,0.6877315640449524
uav_06,86.729461,1.8911310930790737,61.545276073662684,7.819999694824219,0.7262144684791565,-0.020346781238913536,0.02093968540430069,0.6868479251861572
uav_06,86.829421,2.0069146293620546,61.545276073662684,7.819999694824219,0.7263044714927673,-0.021863557398319244,0.02195909433066845,0.6866742968559265
uav_06,86.929381,2.0841036530936576,61.545276073662684,7.819999694824219,0.7258853316307068,-0.022079002112150192,0.021881645545363426,0.6871129274368286
uav_06,87.029341,2.1709413056486815,61.556361317647955,7.819999694824219,0.7250773310661316,-0.02157409116625786,0.021372150629758835,0.687997579574585
uav_06,87.129301,2.2384817019280163,61.556361317647955,7.819999694824219,0.7236984968185425,-0.02910674549639225,0.02922617830336094,0.6888825297355652
uav_06,87.229261,2.2867248419316626,61.556361317647955,7.809999465942383,0.7216910719871521,-0.04381091520190239,0.04460929334163666,0.6893856525421143
uav_06,87.329221,2.3253193544830406,61.556361317647955,7.809999465942383,0.7198458909988403,-0.053188543766736984,0.05442054197192192,0.6899502277374268
uav_06,87.429181,2.3542652382109974,61.556361317647955,7.809999465942383,0.7187724709510803,-0.05408412590622902,0.05544503778219223,0.6909173727035522
uav_06,87.529141,2.3542652382109974,61.556361317647955,7.809999465942383,0.7179927825927734,-0.054319895803928375,0.05582591891288757,0.6916785836219788
uav_06,87.629101,2.3542652382109974,61.56744656202707,7.809999465942383,0.7173739671707153,-0.056175846606492996,0.05724456161260605,0.6920562982559204
uav_06,87.729061,2.3253193544830406,61.556361317647955,7.809999465942383,0.717477023601532,-0.05266399309039116,0.05078629031777382,0.6927293539047241
uav_06,87.829021,2.2867248419316626,61.556361317647955,7.809999465942383,0.7180089950561523,-0.045608039945364,0.03702760487794876,0.6935502290725708
uav_06,87.929814,2.2384817019280163,61.56744656202707,7.809999465942383,0.7185598015785217,-0.03851737827062607,0.019336579367518425,0.6941284537315369
uav_06,88.029774,2.1902385619243705,61.56744656202707,7.809999465942383,0.7189607620239258,-0.03390141576528549,0.0016192710027098656,0.6942214965820312
uav_06,88.129734,2.1419954219207242,61.57853180640617,7.809999465942383,0.7192886471748352,-0.032495684921741486,-0.013592109084129333,0.6938177943229675
uav_06,88.229694,2.0841036530936576,61.589617050391446,7.809999465942383,0.7196928858757019,-0.03354310616850853,-0.024655595421791077,0.6930433511734009
uav_06,88.329654,2.035860513090012,61.61178753914965,7.809999465942383,0.7202051877975464,-0.03556189313530922,-0.03146425262093544,0.6921342611312866
uav_06,88.429614,1.9876173730863658,61.63395802751404,7.809999465942383,0.7207517027854919,-0.037327732890844345,-0.035580284893512726,0.6912725567817688
uav_06,88.529574,1.949022860534988,61.667213760257525,7.809999465942383,0.7212157249450684,-0.03838301822543144,-0.03867674991488457,0.6905640959739685
uav_06,88.629534,1.9104283493547625,61.71155473738012,7.809999465942383,0.7215259075164795,-0.03882710263133049,-0.04179684817790985,0.6900331974029541
uav_06,88.729494,1.8718338368033847,61.76698095848799,7.809999465942383,0.7216420769691467,-0.03890437260270119,-0.0456501841545105,0.6896631121635437
uav_06,88.829454,1.8332393242520069,61.83349242397497,7.809999465942383,0.7221593260765076,-0.03980381414294243,-0.049507733434438705,0.6888036727905273
uav_06,88.929414,1.8042934405240496,61.911089133841045,7.809999465942383,0.7260076403617859,-0.04258495569229126,-0.05189092084765434,0.6844025254249573
uav_06,89.029374,1.7753475567960926,61.97760059932803,7.799999237060547,0.7372157573699951,-0.04655835032463074,-0.05296323820948601,0.6719673275947571
uav_06,89.129334,1.7464016730681353,62.0551973091941,7.799999237060547,0.7574401497840881,-0.049515776336193085,-0.05394699051976204,0.6487852931022644
uav_06,89.229294,1.7174557879690258,62.154964507424566,7.799999237060547,0.7853987812995911,-0.04989958927035332,-0.0557292141020298,0.6144534349441528
uav_06,89.329254,1.6885099042410687,62.25473170565503,7.799999237060547,0.8184623122215271,-0.04696676507592201,-0.05889193341135979,0.5696009993553162
uav_06,89.429214,1.6692126479653797,62.36558414787078,7.799999237060547,0.8536458611488342,-0.04092054441571236,-0.06353694200515747,0.5153418779373169
uav_06,89.529174,1.6402667642374227,62.48752183485945,7.799999237060547,0.8881487846374512,-0.032309144735336304,-0.0690481886267662,0.4531889259815216
uav_06,89.629134,1.6209695079617337,62.6094595214543,7.799999237060547,0.9196730852127075,-0.02164665423333645,-0.07384699583053589,0.38507068157196045
uav_06,89.729094,1.6016722516860449,62.75356769680735,7.799999237060547,0.9465413689613342,-0.00970214232802391,-0.07625822722911835,0.3132890462875366
uav_06,89.829054,1.5920236242337766,62.88659062778131,7.799999237060547,0.9677245616912842,0.0025356102269142866,-0.07530614733695984,0.24048227071762085
uav_06,89.929014,1.5920236242337766,63.01961355875525,7.799999237060547,0.9828193187713623,0.014800259843468666,-0.07072807848453522,0.16983729600906372
uav_06,90.029807,1.5920236242337766,63.17480697809359,7.799999237060547,0.9919582009315491,0.027241379022598267,-0.06278825551271439,0.10646335035562515
uav_06,90.129767,1.5920236242337766,63.31891515344664,7.799999237060547,0.9961995482444763,0.03764902800321579,-0.05276220664381981,0.05818210169672966
uav_06,90.229727,1.5920236242337766,63.4741085731788,7.799999237060547,0.9977458715438843,0.04376659914851189,-0.04240390658378601,0.028099428862333298
uav_06,90.329687,1.6113208805094654,63.62930199251714,7.790000915527344,0.9983289241790771,0.04441762715578079,-0.03324456885457039,0.01616406999528408
uav_06,90.429647,1.6402667642374227,63.7623249234911,7.790000915527344,0.9986883997917175,0.039949141442775726,-0.025176700204610825,0.019790783524513245
uav_06,90.529607,1.6692126479653797,63.895347854465044,7.790000915527344,0.9987064003944397,0.03193169832229614,-0.017760328948497772,0.03536204993724823
uav_06,90.629567,1.7078071605167575,64.028370785439,7.790000915527344,0.997915506362915,0.022260669618844986,-0.011653035879135132,0.05944153666496277
uav_06,90.729527,1.7464016730681353,64.16139371641295,7.790000915527344,0.9959301948547363,0.013156652450561523,-0.006803552154451609,0.08890236169099808
uav_06,90.829487,1.7849961842483608,64.28333140340163,7.790000915527344,0.99265056848526,0.005924910306930542,-0.0024979847948998213,0.12084493041038513
uav_06,90.929447,1.8235906967997386,64.40526908999647,7.790000915527344,0.9883071184158325,0.0014490114990621805,0.0016464676009491086,0.152460515499115
uav_06,91.029407,1.8525365805276959,64.50503628822693,7.790000915527344,0.9834807515144348,-0.0002137710398528725,0.005499751307070255,0.18092909455299377
uav_06,91.129367,1.8911310930790737,64.6048034864574,7.799999237060547,0.9789544939994812,0.00039381804526783526,0.009035766124725342,0.20387820899486542
uav_06,91.229327,1.9200769768070305,64.69348544030875,7.799999237060547,0.9754586219787598,0.002357693389058113,0.01190048735588789,0.21984823048114777
uav_06,91.329287,1.949022860534988,64.77108215017483,7.799999237060547,0.9734625220298767,0.004477103240787983,0.014069043099880219,0.22836977243423462
uav_06,91.429247,1.9683201168106768,64.84867886004092,7.799999237060547,0.9730884432792664,0.00596481841057539,0.015446166507899761,0.22983622550964355
uav_06,91.529207,2.0069146293620546,64.91519032552789,7.799999237060547,0.9741279482841492,0.006452430039644241,0.016487235203385353,0.22530263662338257
uav_06,91.629167,2.0262118856377436,64.97061654663575,7.799999237060547,0.975959300994873,0.008413410745561123,0.026123160496354103,0.21621812880039215
uav_06,91.729127,2.055157769365701,65.01495752375835,7.799999237060547,0.9780129194259644,0.010736296884715557,0.04101620614528656,0.2041889876127243
uav_06,91.829087,2.0648063968179686,65.05929850048713,7.799999237060547,0.9802396297454834,0.011275471188127995,0.050282031297683716,0.19098392128944397
uav_06,91.929047,2.093752281917078,65.08146898924534,7.799999237060547,0.9825888276100159,0.009685794822871685,0.051315177232027054,0.1783035397529602
uav_06,92.029007,2.1226981656450357,65.09255423323062,7.799999237060547,0.9846079349517822,0.007330667693167925,0.04956946149468422,0.16744063794612885
uav_06,92.1298,2.1226981656450357,65.10363947760972,7.799999237060547,0.9858168959617615,0.00495010893791914,0.05296760052442551,0.15916955471038818
uav_06,92.22976,2.1419954219207242,65.09255423323062,7.799999237060547,0.9867159128189087,0.0005169365904293954,0.05115965008735657,0.15418852865695953
uav_06,92.32972,2.1709413056486815,65.08146898924534,7.799999237060547,0.9872931838035583,-0.00635498994961381,0.04420265927910805,0.15250559151172638
uav_06,92.42968,2.1709413056486815,65.05929850048713,7.799999237060547,0.9873871207237244,-0.014835130423307419,0.034697528928518295,0.15376166999340057
uav_06,92.52964,2.1709413056486815,65.02604276774363,7.799999237060547,0.9869378209114075,-0.023728100582957268,0.025634173303842545,0.15726898610591888
uav_06,92.6296,2.1709413056486815,65.00387227937925,7.799999237060547,0.9860496520996094,-0.032211318612098694,0.01882597990334034,0.16221632063388824
uav_06,92.72956,2.1709413056486815,64.97061654663575,7.799999237060547,0.984924852848053,-0.039348453283309937,0.01492937933653593,0.16778498888015747
uav_06,92.82952,2.1516440493729925,64.93736081389227,7.799999237060547,0.983765721321106,-0.044752996414899826,0.013154540210962296,0.17328916490077972
uav_06,92.92948,2.1323467930973035,64.91519032552789,7.799999237060547,0.9827080965042114,-0.048743005841970444,0.012642585672438145,0.17818281054496765
uav_06,93.02944,2.1034009093693466,64.8819345927844,7.799999237060547,0.9818286895751953,-0.051987163722515106,0.012503533624112606,0.18208064138889313
uav_06,93.1294,2.0648063968179686,64.8597641040262,7.799999237060547,0.9811578989028931,-0.05522709712386131,0.012104741297662258,0.1847502589225769
uav_06,93.22936,2.016563256814323,64.83759361566182,7.799999237060547,0.9806917309761047,-0.058934587985277176,0.011264071799814701,0.18612797558307648
uav_06,93.32932,1.9586714893584087,64.80433788291832,7.799999237060547,0.9804571866989136,-0.0630592554807663,0.0106018902733922,0.1860506683588028
uav_06,93.42928,1.8911310930790737,64.78216739455395,7.799999237060547,0.9809653162956238,-0.06679333001375198,0.011751903221011162,0.18195492029190063
uav_06,93.52924,1.8235906967997386,64.77108215017483,7.799999237060547,0.983148455619812,-0.06952663511037827,0.015047093853354454,0.1684005856513977
uav_06,93.6292,1.7367530442447146,64.74891166181045,7.799999237060547,0.9872323870658875,-0.07156568765640259,0.01805739849805832,0.14115436375141144
uav_06,93.72916,1.649915391689691,64.72674117305225,7.799999237060547,0.9921340942382812,-0.07310124486684799,0.018646493554115295,0.09989184886217117
uav_06,93.82912,1.5534291116823988,64.70457068468787,7.799999237060547,0.9960322380065918,-0.07438098639249802,0.01543040294200182,0.046359315514564514
uav_06,93.92908,1.4472942042228383,64.68240019632347,7.799999237060547,0.9969521164894104,-0.07571756839752197,0.008120409213006496,-0.01695307157933712
uav_06,94.02904,1.3315106679398576,64.67131495194438,7.799999237060547,0.9931821227073669,-0.07721317559480667,-0.0025172808673232794,-0.08729836344718933
uav_06,94.129,1.2060785028334557,64.63805921920088,7.799999237060547,0.9835308790206909,-0.07900439947843552,-0.014881547540426254,-0.16187606751918793
uav_06,94.229793,1.070997710274786,64.6158887308365,7.799999237060547,0.9673912525177002,-0.08069384843111038,-0.027521252632141113,-0.23850621283054352
uav_06,94.329753,0.9455655465395368,64.6048034864574,7.799999237060547,0.9454129338264465,-0.08143875002861023,-0.03917824849486351,-0.3130929470062256
uav_06,94.429713,0.7815388702529098,64.582632998093,7.799999237060547,0.9186859726905823,-0.08021768182516098,-0.04910251125693321,-0.38362768292427063
uav_06,94.529673,0.627160821418551,64.582632998093,7.799999237060547,0.8889071345329285,-0.07639917731285095,-0.05675671622157097,-0.4480914771556854
uav_06,94.629633,0.46313414513192397,64.57154775371392,7.799999237060547,0.8577483296394348,-0.07061508297920227,-0.062208391726017,-0.5053824782371521
uav_06,94.729593,0.29910746884529693,64.57154775371392,7.799999237060547,0.8265148997306824,-0.0643501728773117,-0.06566791981458664,-0.5553556680679321
uav_06,94.829553,0.11578353628298099,64.57154775371392,7.799999237060547,0.7960036993026733,-0.05903318151831627,-0.06765657663345337,-0.5985948443412781
uav_06,94.929513,-0.06754039627933495,64.57154775371392,7.799999237060547,0.766480028629303,-0.05553118512034416,-0.06865692138671875,-0.636168897151947
uav_06,95.029473,-0.2508643288416509,64.582632998093,7.799999237060547,0.7382521629333496,-0.052805837243795395,-0.07000169903039932,-0.6688011884689331
uav_06,95.129433,-0.44383688885623496,64.6048034864574,7.799999237060547,0.7132562398910522,-0.049643468111753464,-0.07266674190759659,-0.6953564882278442
uav_06,95.229393,-0.6464580776942398,64.6048034864574,7.799999237060547,0.6940397024154663,-0.04637198522686958,-0.07595483213663101,-0.714415431022644
uav_06,95.329353,-0.8490792665322447,64.6158887308365,7.799999237060547,0.6820717453956604,-0.043767429888248444,-0.07848869264125824,-0.7257423996925354
uav_06,95.429313,-1.0517004553702496,64.63805921920088,7.799999237060547,0.6774218082427979,-0.04269308224320412,-0.0793636217713356,-0.7300536632537842
uav_06,95.529273,-1.2639702716605226,64.67131495194438,7.799999237060547,0.6791258454322815,-0.04387110844254494,-0.0780278742313385,-0.7285431027412415
uav_06,95.629233,-1.4762400879507955,64.68240019632347,7.799999237060547,0.6856838464736938,-0.04712333157658577,-0.07464513182640076,-0.7225269079208374
uav_06,95.729193,-1.6885099042410687,64.71565592906697,7.799999237060547,0.6953662633895874,-0.05204572528600693,-0.06983456760644913,-0.7133583426475525
uav_06,95.829153,-1.9104283493547625,64.73782641743135,7.799999237060547,0.7064302563667297,-0.05785288289189339,-0.0646389052271843,-0.7024465203285217
uav_06,95.929113,-2.1323467930973035,64.77108215017483,7.799999237060547,0.7172468900680542,-0.06340215355157852,-0.0600152425467968,-0.6913285851478577
uav_06,96.029073,-2.3542652382109974,64.79325263853922,7.799999237060547,0.726514995098114,-0.06747086346149445,-0.0562407486140728,-0.6815134882926941
uav_06,96.129033,-2.585832310776959,64.81542312729744,7.799999237060547,0.7333792448043823,-0.06917158514261246,-0.05311987176537514,-0.674202024936676
uav_06,96.228993,-2.8173993833429214,64.8265083712827,7.799999237060547,0.7373949289321899,-0.06840101629495621,-0.05060822144150734,-0.6700811982154846
uav_06,96.329786,-3.0489664559088836,64.84867886004092,7.799999237060547,0.7384631633758545,-0.06564474105834961,-0.0485382080078125,-0.6693332195281982
uav_06,96.429746,-3.2805335284748454,64.8597641040262,7.799999237060547,0.7368159294128418,-0.06140493229031563,-0.046778932213783264,-0.6716721653938293
uav_06,96.529706,-3.5121006010408076,64.8708493484053,7.799999237060547,0.7329517006874084,-0.05624709278345108,-0.04515691101551056,-0.6764457821846008
uav_06,96.629666,-3.7436676736067693,64.8819345927844,7.799999237060547,0.7275098562240601,-0.05086575075984001,-0.04353570565581322,-0.682822585105896
uav_06,96.729626,-3.9752347461727315,64.89301983676968,7.799999237060547,0.7212274074554443,-0.04560156911611557,-0.04183904826641083,-0.6899282336235046
uav_06,96.829586,-4.197153191286425,64.89301983676968,7.799999237060547,0.714863657951355,-0.04034432768821716,-0.039905596524477005,-0.6969575881958008
uav_06,96.929546,-4.428720263852387,64.90410508114878,7.809999465942383,0.7090705633163452,-0.035115160048007965,-0.03720960393548012,-0.7032790184020996
uav_06,97.029506,-4.64099008014266,64.91519032552789,7.809999465942383,0.7043291330337524,-0.030230293050408363,-0.033662065863609314,-0.708430290222168
uav_06,97.129466,-4.853259896432934,64.91519032552789,7.809999465942383,0.7009528279304504,-0.025279879570007324,-0.028776783496141434,-0.7121783494949341
uav_06,97.229426,-5.065529712723206,64.92627556951318,7.809999465942383,0.6990721821784973,-0.020021194592118263,-0.022549254819750786,-0.7144149541854858
uav_06,97.329386,-5.268150901561211,64.93736081389227,7.809999465942383,0.6986846327781677,-0.014762714505195618,-0.015841305255889893,-0.7151020169258118
uav_06,97.429346,-5.451474834123527,64.93736081389227,7.809999465942383,0.6996146440505981,-0.009969640523195267,-0.009482039138674736,-0.714387834072113
uav_06,97.529306,-5.634798766685843,64.94844605827139,7.809999465942383,0.7015546560287476,-0.005442538298666477,-0.00345407472923398,-0.7125864624977112
uav_06,97.629266,-5.798825442972469,64.94844605827139,7.809999465942383,0.704131543636322,-0.0007501279469579458,0.0024135771673172712,-0.7100650668144226
uav_06,97.729226,-5.972500748082518,64.95953130225666,7.809999465942383,0.7069447636604309,0.004705650266259909,0.008332845754921436,-0.7072040438652039
uav_06,97.829186,-6.117230168093456,64.95953130225666,7.809999465942383,0.7096331715583801,0.010637057013809681,0.014230545610189438,-0.7043473124504089
uav_06,97.929146,-6.252310960652125,64.95953130225666,7.809999465942383,0.7119378447532654,0.015856830403208733,0.01928052119910717,-0.7017986178398132
uav_06,98.029106,-6.377743124387374,64.95953130225666,7.809999465942383,0.7136991620063782,0.019597642123699188,0.022594550624489784,-0.6998134851455688
uav_06,98.129066,-6.493526660670356,64.97061654663575,7.809999465942383,0.7148481607437134,0.021578473970294,0.02432984858751297,-0.6985231041908264
uav_06,98.229026,-6.5900129406776475,64.97061654663575,7.809999465942383,0.7153757810592651,0.022024616599082947,0.024726174771785736,-0.6979548931121826
uav_06,98.329819,-6.667201965780403,64.97061654663575,7.809999465942383,0.715305507183075,0.021681340411305428,0.024488437920808792,-0.6980460286140442
uav_06,98.429779,-6.744390989512007,64.97061654663575,7.809999465942383,0.7147460579872131,0.020936252549290657,0.02387315407395363,-0.6986628770828247
uav_06,98.529739,-6.792634129515653,64.97061654663575,7.809999465942383,0.713827908039093,0.020191891118884087,0.02331589162349701,-0.6996416449546814
uav_06,98.629699,-6.860174525794987,64.97061654663575,7.809999465942383,0.7127068042755127,0.019574984908103943,0.022849980741739273,-0.7008164525032043
uav_06,98.729659,-6.898769038346366,64.97061654663575,7.799999237060547,0.7115424275398254,0.019053896889090538,0.022607330232858658,-0.7020207643508911
uav_06,98.829619,-6.937363549526591,64.97061654663575,7.790000915527344,0.7104790210723877,0.018397921696305275,0.02244582213461399,-0.7031196355819702
uav_06,98.929579,-6.956660805802279,64.97061654663575,7.770000457763672,0.7096187472343445,0.017744077369570732,0.022422155365347862,-0.7040054798126221
uav_06,99.029539,-6.975958062077969,64.95953130225666,7.75,0.7090281844139099,0.01712578907608986,0.022223705425858498,-0.7046217918395996
uav_06,99.129499,-6.995255318353658,64.95953130225666,7.719999313354492,0.7087211012840271,0.016600722447037697,0.021664615720510483,-0.7049606442451477
uav_06,99.229459,-7.004903945805926,64.95953130225666,7.680000305175781,0.7086961269378662,0.016062993556261063,0.020781248807907104,-0.7050247192382812
uav_06,99.329419,-7.014552574629346,64.95953130225666,7.6399993896484375,0.7089136242866516,0.015396647155284882,0.019747372716665268,-0.7048506140708923
uav_06,99.429379,-7.004903945805926,64.94844605827139,7.600000381469727,0.7093061208724976,0.014515108428895473,0.0184082742780447,-0.7045106291770935
uav_06,99.529339,-7.004903945805926,64.94844605827139,7.540000915527344,0.7098008394241333,0.013439453206956387,0.01689004898071289,-0.7040717005729675
uav_06,99.629299,-6.995255318353658,64.94844605827139,7.489999771118164,0.7103272080421448,0.012199906632304192,0.015347783453762531,-0.7035985589027405
uav_06,99.729259,-6.975958062077969,64.93736081389227,7.430000305175781,0.7108244895935059,0.010766658931970596,0.013887615874409676,-0.7031498551368713
uav_06,99.829219,-6.975958062077969,64.93736081389227,7.379999160766602,0.7112443447113037,0.009281503036618233,0.012404032982885838,-0.702774167060852
uav_06,99.929179,-6.956660805802279,64.93736081389227,7.319999694824219,0.711555540561676,0.00802215002477169,0.010810011066496372,-0.7025008797645569
uav_06,100.029139,-6.937363549526591,64.92627556951318,7.260000228881836,0.7117487788200378,0.006785262376070023,0.00925560761243105,-0.7023403644561768
uav_06,100.129099,-6.918066294622054,64.92627556951318,7.209999084472656,0.7118239998817444,0.005509787704795599,0.007846471853554249,-0.7022924423217773
uav_06,100.229059,-6.898769038346366,64.91519032552789,7.149999618530273,0.7117876410484314,0.00433640880510211,0.006639828905463219,-0.7023499608039856
uav_06,100.329019,-6.879471782070676,64.91519032552789,7.100000381469727,0.7116654515266418,0.0035062574315816164,0.005698768887668848,-0.7024866938591003
uav_06,100.429812,-6.860174525794987,64.91519032552789,7.040000915527344,0.7114906907081604,0.0027736311312764883,0.00488340575248003,-0.702673077583313
uav_06,100.529772,-6.8505258983427195,64.90410508114878,6.989999771118164,0.7112929821014404,0.002056386321783066,0.0041743190959095955,-0.7028802633285522
uav_06,100.629732,-6.83122864206703,64.90410508114878,6.940000534057617,0.711097240447998,0.0013351914240047336,0.003245497588068247,-0.7030848264694214
uav_06,100.729692,-6.8119313857913415,64.89301983676968,6.8899993896484375,0.7109168171882629,0.000681316654663533,0.002190000843256712,-0.7032723426818848
uav_06,100.829652,-6.792634129515653,64.89301983676968,6.840000152587891,0.7107808589935303,1.0479871889401693e-05,0.0012750215828418732,-0.7034122943878174
uav_06,100.929612,-6.773336873239964,64.8819345927844,6.790000915527344,0.710701048374176,-0.00038647197652608156,0.0005682655610144138,-0.7034937739372253
uav_06,101.029572,-6.763688245787695,64.8819345927844,6.739999771118164,0.7106665372848511,-0.0006995602743700147,4.631643969332799e-05,-0.703528642654419
uav_06,101.129532,-6.744390989512007,64.8819345927844,6.690000534057617,0.7106665968894958,-0.0010744896717369556,-0.00036190584069117904,-0.7035280466079712
uav_06,101.229492,-6.7347423620597375,64.8708493484053,6.6399993896484375,0.7107031345367432,-0.001533351605758071,-0.000727064732927829,-0.7034899592399597
uav_06,101.329452,-6.725093733236318,64.8708493484053,6.590000152587891,0.710764467716217,-0.0019204564159736037,-0.000998287578113377,-0.703426718711853
uav_06,101.429412,-6.7057964769606295,64.8597641040262,6.540000915527344,0.7108296155929565,-0.002310857642441988,-0.0012758702505379915,-0.7033592462539673
uav_06,101.529372,-6.69614784950836,64.8597641040262,6.489999771118164,0.7108956575393677,-0.002662316197529435,-0.0015076438430696726,-0.7032907605171204
uav_06,101.629332,-6.69614784950836,64.8597641040262,6.440000534057617,0.71095871925354,-0.002910723676905036,-0.0016741621075198054,-0.7032257318496704
uav_06,101.729292,-6.676850593232673,64.84867886004092,6.3899993896484375,0.7110211253166199,-0.0029852786101400852,-0.0018767465371638536,-0.7031617760658264
uav_06,101.829252,-6.676850593232673,64.84867886004092,6.350000381469727,0.7110722064971924,-0.002931480063125491,-0.0020641882438212633,-0.703109860420227
uav_06,101.929212,-6.667201965780403,64.84867886004092,6.299999237060547,0.7111065983772278,-0.0028474631253629923,-0.002054487355053425,-0.7030754089355469
uav_06,102.029172,-6.667201965780403,64.84867886004092,6.25,0.7111176252365112,-0.0027001327835023403,-0.001971595920622349,-0.7030650973320007
uav_06,102.129132,-6.667201965780403,64.83759361566182,6.200000762939453,0.7111164331436157,-0.002515788422897458,-0.0019251495832577348,-0.7030671238899231
uav_06,102.229092,-6.657553336956982,64.83759361566182,6.149999618530273,0.7111049294471741,-0.0023495277855545282,-0.0018648040713742375,-0.7030794620513916
uav_06,102.329052,-6.657553336956982,64.83759361566182,6.100000381469727,0.7110827565193176,-0.0021849307231605053,-0.001727860770188272,-0.7031027674674988
uav_06,102.429012,-6.657553336956982,64.83759361566182,6.049999237060547,0.7110490798950195,-0.002071433700621128,-0.0016841323813423514,-0.7031373381614685
uav_06,102.529805,-6.657553336956982,64.8265083712827,6.0,0.7110102772712708,-0.0019742429722100496,-0.0017462647520005703,-0.7031766176223755
uav_06,102.629765,-6.657553336956982,64.8265083712827,5.950000762939453,0.7109696269035339,-0.002034555422142148,-0.001857982948422432,-0.7032173275947571
uav_06,102.729725,-6.657553336956982,64.8265083712827,5.899999618530273,0.7109325528144836,-0.0020326669327914715,-0.001969671342521906,-0.7032545208930969
uav_06,102.829685,-6.657553336956982,64.8265083712827,5.8600006103515625,0.7109110951423645,-0.001977516571059823,-0.0019214967032894492,-0.7032764554023743
uav_06,102.929645,-6.657553336956982,64.8265083712827,5.809999465942383,0.7109067440032959,-0.0018534202827140689,-0.0019092713482677937,-0.7032812237739563
uav_06,103.029605,-6.667201965780403,64.81542312729744,5.760000228881836,0.7109048962593079,-0.0016875521978363395,-0.0018923254683613777,-0.7032836079597473
uav_06,103.129565,-6.667201965780403,64.81542312729744,5.709999084472656,0.7109059691429138,-0.001485662069171667,-0.0018818031530827284,-0.7032829523086548
uav_06,103.229525,-6.667201965780403,64.81542312729744,5.659999847412109,0.7109107375144958,-0.0014622947201132774,-0.0016990771982818842,-0.7032787203788757
uav_06,103.329485,-6.667201965780403,64.81542312729744,5.6100006103515625,0.7109236121177673,-0.001609044149518013,-0.0013746166368946433,-0.7032660245895386
uav_06,103.429445,-6.676850593232673,64.81542312729744,5.559999465942383,0.7109365463256836,-0.0016134469769895077,-0.0010306539479643106,-0.7032535672187805
uav_06,103.529405,-6.676850593232673,64.81542312729744,5.510000228881836,0.710946261882782,-0.0014399862848222256,-0.0007663321448490024,-0.7032444477081299
uav_06,103.629365,-6.676850593232673,64.81542312729744,5.459999084472656,0.710949718952179,-0.0012743150582537055,-0.0007337889983318746,-0.7032412886619568
uav_06,103.729325,-6.676850593232673,64.80433788291832,5.409999847412109,0.7109482884407043,-0.0008925411966629326,-0.0008259817259386182,-0.7032431960105896
uav_06,103.829285,-6.676850593232673,64.80433788291832,5.3600006103515625,0.710946798324585,-0.0005176210543140769,-0.000919255951885134,-0.7032450437545776
uav_06,103.929245,-6.676850593232673,64.80433788291832,5.319999694824219,0.7109407186508179,-0.00025488960091024637,-0.0009553430718369782,-0.7032512426376343
uav_06,104.029205,-6.69614784950836,64.80433788291832,5.270000457763672,0.7109285593032837,-0.0003482229949440807,-0.000838903826661408,-0.7032636404037476
uav_06,104.129165,-6.69614784950836,64.80433788291832,5.219999313354492,0.710923433303833,-0.0005439012311398983,-0.000772031198721379,-0.7032687664031982
uav_06,104.229125,-6.69614784950836,64.80433788291832,5.170000076293945,0.7109253406524658,-0.0007782957400195301,-0.0006032680976204574,-0.7032667994499207
uav_06,104.329085,-6.7057964769606295,64.80433788291832,5.120000839233398,0.7109341621398926,-0.0008554361993446946,-0.00029655732214450836,-0.7032580375671387
uav_06,104.429045,-6.7057964769606295,64.80433788291832,5.069999694824219,0.710949182510376,-0.0008204432670027018,-0.00015397061360999942,-0.703242838382721
uav_06,104.529005,-6.7057964769606295,64.80433788291832,5.020000457763672,0.7109675407409668,-0.0006930743111297488,-5.659967064275406e-05,-0.7032244801521301
uav_06,104.629798,-6.71544510578405,64.80433788291832,4.969999313354492,0.7109853625297546,-0.0005508317262865603,2.9151831768103875e-05,-0.7032065391540527
uav_06,104.729758,-6.71544510578405,64.80433788291832,4.920000076293945,0.7110030055046082,-0.0003584840160328895,8.740321209188551e-05,-0.7031888961791992
uav_06,104.829718,-6.71544510578405,64.80433788291832,4.870000839233398,0.7110198736190796,-0.0001532839669380337,0.00015166978118941188,-0.7031718492507935
uav_06,104.929678,-6.725093733236318,64.79325263853922,4.819999694824219,0.7110246419906616,0.00011917574738617986,0.00022180458472575992,-0.7031670212745667
uav_06,105.029638,-6.725093733236318,64.79325263853922,4.770000457763672,0.7110138535499573,0.00026397479814477265,0.00016168251750059426,-0.7031778693199158
uav_06,105.129598,-6.725093733236318,64.79325263853922,4.719999313354492,0.7109965085983276,0.0001718926359899342,3.7857531424378976e-05,-0.7031955122947693
uav_06,105.229558,-6.725093733236318,64.79325263853922,4.680000305175781,0.71097332239151,-0.00024802290135994554,-0.00032336459844373167,-0.7032188773155212
uav_06,105.329518,-6.7347423620597375,64.79325263853922,4.629999160766602,0.7109470963478088,-0.0005687299417331815,-0.0006049989024177194,-0.7032449841499329
uav_06,105.429478,-6.7347423620597375,64.79325263853922,4.579999923706055,0.7109196186065674,-0.0006934746052138507,-0.0005153795937076211,-0.7032727599143982
uav_06,105.529438,-6.7347423620597375,64.79325263853922,4.530000686645508,0.7109004855155945,-0.0006233787280507386,-0.0002403139806119725,-0.7032923102378845
uav_06,105.629398,-6.7347423620597375,64.79325263853922,4.479999542236328,0.7108970880508423,-0.00026104459539055824,0.0001419192412868142,-0.7032959461212158
uav_06,105.729358,-6.7347423620597375,64.79325263853922,4.430000305175781,0.7109007835388184,5.197294012759812e-05,0.00045798104838468134,-0.703292191028595
uav_06,105.829318,-6.7347423620597375,64.79325263853922,4.379999160766602,0.7109151482582092,5.509261609404348e-05,0.0006239218637347221,-0.7032775282859802
uav_06,105.929278,-6.744390989512007,64.79325263853922,4.329999923706055,0.7109296917915344,4.1931692976504564e-05,0.0006649359129369259,-0.7032627463340759
uav_06,106.029238,-6.744390989512007,64.79325263853922,4.290000915527344,0.7109478712081909,-8.829137186694425e-06,0.0006634097080677748,-0.7032443881034851
uav_06,106.129198,-6.744390989512007,64.79325263853922,4.239999771118164,0.7109615206718445,3.40171973221004e-05,0.0006574543658643961,-0.703230619430542
uav_06,106.229158,-6.744390989512007,64.79325263853922,4.190000534057617,0.7109742164611816,-7.544721302110702e-05,0.0006746473372913897,-0.7032177448272705
uav_06,106.329118,-6.744390989512007,64.79325263853922,4.1399993896484375,0.7109847664833069,-0.0003286662686150521,0.000650129746645689,-0.7032070159912109
uav_06,106.429078,-6.744390989512007,64.79325263853922,4.090000152587891,0.7109879851341248,-0.0005328969564288855,0.0004468162951525301,-0.7032037973403931
uav_06,106.529038,-6.744390989512007,64.79325263853922,4.040000915527344,0.7109832167625427,-0.0005469259340316057,0.00018300394003745168,-0.7032087445259094
uav_06,106.628998,-6.744390989512007,64.79325263853922,3.989999771118164,0.7109832763671875,-0.0008134443778544664,8.87523201527074e-05,-0.7032084465026855
uav_06,106.729791,-6.744390989512007,64.79325263853922,3.9499998092651367,0.7109812498092651,-0.0009634071029722691,-1.2061502275173552e-05,-0.7032102942466736
uav_06,106.829751,-6.744390989512007,64.79325263853922,3.8999996185302734,0.7109770178794861,-0.0009842050494626164,-9.726716234581545e-05,-0.7032145261764526
uav_06,106.929711,-6.744390989512007,64.79325263853922,3.8500003814697266,0.710972011089325,-0.0008561957511119545,-0.00010515181929804385,-0.7032197713851929
uav_06,107.029671,-6.744390989512007,64.79325263853922,3.8000001907348633,0.7109640836715698,-0.0006986941443756223,-0.0001593139604665339,-0.7032279968261719
uav_06,107.129631,-6.744390989512007,64.79325263853922,3.75,0.7109538912773132,-0.00047451548743993044,-0.000338761048624292,-0.703238308429718
uav_06,107.229591,-6.744390989512007,64.79325263853922,3.6999998092651367,0.7109460234642029,-0.00039024127181619406,-0.00034749062615446746,-0.7032463550567627
uav_06,107.329551,-6.744390989512007,64.79325263853922,3.6599998474121094,0.7109366655349731,-0.00033132158569060266,-9.132623381447047e-05,-0.7032559514045715
uav_06,107.429511,-6.744390989512007,64.79325263853922,3.609999656677246,0.7109228372573853,-0.00032025505788624287,0.00014381013170350343,-0.703269898891449
uav_06,107.529471,-6.744390989512007,64.79325263853922,3.560000419616699,0.7109132409095764,-0.00024782904074527323,0.0002834881015587598,-0.7032796144485474
uav_06,107.629431,-6.744390989512007,64.79325263853922,3.510000228881836,0.7109078168869019,-0.00018799614917952567,0.0003749124880414456,-0.7032850384712219
uav_06,107.729391,-6.744390989512007,64.79325263853922,3.4600000381469727,0.7109025120735168,-0.00015560208703391254,0.0003581645723897964,-0.7032904624938965
uav_06,107.829351,-6.744390989512007,64.79325263853922,3.4099998474121094,0.7108945846557617,-0.00016531694564037025,0.00022245677246246487,-0.7032985091209412
uav_06,107.929311,-6.744390989512007,64.79325263853922,3.369999885559082,0.7108924984931946,-0.00018037155678030103,9.25194108276628e-05,-0.7033006548881531
uav_06,108.029271,-6.744390989512007,64.79325263853922,3.3199996948242188,0.7108970880508423,-0.00024803716223686934,-6.146654777694494e-05,-0.7032960057258606
uav_06,108.129231,-6.744390989512007,64.78216739455395,3.270000457763672,0.7109041810035706,-0.00013163458788767457,-0.00024609739193692803,-0.7032888531684875
uav_06,108.229191,-6.744390989512007,64.78216739455395,3.2200002670288086,0.7109122276306152,-9.082072938326746e-05,-0.00041094637708738446,-0.7032806277275085
uav_06,108.329151,-6.744390989512007,64.78216739455395,3.1700000762939453,0.7109185457229614,-4.4130640162620693e-05,-0.00041045143734663725,-0.7032742500305176
uav_06,108.429111,-6.744390989512007,64.78216739455395,3.119999885559082,0.7109196186065674,-4.725925828097388e-05,-4.7191519115585834e-05,-0.7032732367515564
uav_06,108.529071,-6.744390989512007,64.78216739455395,3.0799999237060547,0.7109255194664001,-0.000135242982651107,0.00034744522417895496,-0.7032672166824341
uav_06,108.629031,-6.744390989512007,64.78216739455395,3.0299997329711914,0.710932195186615,-0.0001920825889101252,0.000532741192728281,-0.7032603621482849
uav_06,108.728991,-6.744390989512007,64.78216739455395,2.979999542236328,0.7109440565109253,-0.00010566507990006357,0.0004950265865772963,-0.7032483816146851
uav_06,108.829784,-6.744390989512007,64.78216739455395,2.9300003051757812,0.7109527587890625,-6.126057269284502e-05,0.00042897448292933404,-0.7032396197319031
uav_06,108.929744,-6.744390989512007,64.78216739455395,2.880000114440918,0.7109513282775879,5.518575198948383e-05,0.00034002866595983505,-0.7032411098480225
uav_06,109.029704,-6.744390989512007,64.78216739455395,2.8299999237060547,0.710942268371582,3.812623617704958e-05,0.00015967195213306695,-0.7032502889633179
uav_06,109.129664,-6.744390989512007,64.78216739455395,2.7799997329711914,0.710934042930603,4.426244777278043e-05,-4.3459491280373186e-05,-0.7032586932182312
uav_06,109.229624,-6.744390989512007,64.78216739455395,2.739999771118164,0.7109227180480957,-6.381419370882213e-05,-0.00021986442152410746,-0.7032700777053833
uav_06,109.329584,-6.744390989512007,64.78216739455395,2.689999580383301,0.710907518863678,-0.00015099091979209334,-0.0002925136068370193,-0.7032854557037354
uav_06,109.429544,-6.744390989512007,64.78216739455395,2.640000343322754,0.7108921408653259,-0.0001672229409450665,-0.0002933585783466697,-0.7033008933067322
uav_06,109.529504,-6.763688245787695,64.78216739455395,2.5900001525878906,0.7108885049819946,-4.865903974859975e-05,-0.00012389662151690573,-0.7033047080039978
uav_06,109.629464,-6.763688245787695,64.78216739455395,2.5399999618530273,0.7108846306800842,-3.4844837500713766e-05,3.8846945244586095e-05,-0.7033085823059082
uav_06,109.729424,-6.763688245787695,64.78216739455395,2.489999771118164,0.7108798027038574,1.5700916264904663e-05,0.00021677686891052872,-0.7033134698867798
uav_06,109.829384,-6.763688245787695,64.78216739455395,2.4499998092651367,0.7108793258666992,3.129545075353235e-05,0.00034844514448195696,-0.703313946723938
uav_06,109.929344,-6.763688245787695,64.78216739455395,2.3999996185302734,0.7108811736106873,0.00013184628915041685,0.00015737074136268348,-0.70331209897995
uav_06,110.029304,-6.763688245787695,64.78216739455395,2.3500003814697266,0.7108768820762634,0.0001354983978671953,-0.00010412293340777978,-0.7033163905143738
uav_06,110.129264,-6.763688245787695,64.78216739455395,2.3000001907348633,0.710873007774353,0.00012314424384385347,-0.0002794763713609427,-0.703320324420929
uav_06,110.229224,-6.763688245787695,64.78216739455395,2.25,0.710860013961792,2.6872199669014663e-05,-0.00029729350353591144,-0.7033334374427795
uav_06,110.329184,-6.763688245787695,64.78216739455395,2.1999998092651367,0.7108446359634399,3.6328496207715943e-05,-0.0002330753777641803,-0.7033490538597107
uav_06,110.429144,-6.763688245787695,64.78216739455395,2.1599998474121094,0.7108290791511536,0.0001535651826998219,-6.0997110267635435e-05,-0.7033647894859314
uav_06,110.529104,-6.763688245787695,64.78216739455395,2.109999656677246,0.7108175754547119,0.0003110830148216337,0.00015056955453474075,-0.703376293182373
uav_06,110.629064,-6.763688245787695,64.78216739455395,2.060000419616699,0.7108064889907837,0.00046319953980855644,0.000356134376488626,-0.7033873796463013
uav_06,110.729024,-6.763688245787695,64.78216739455395,2.010000228881836,0.710795521736145,0.0006106090149842203,0.0005563650047406554,-0.7033982276916504
uav_06,110.829817,-6.763688245787695,64.78216739455395,1.9600000381469727,0.7107819318771362,0.0006582473870366812,0.0006936506251804531,-0.7034117579460144
uav_06,110.929777,-6.763688245787695,64.78216739455395,1.9099998474121094,0.7107740640640259,0.0006312403711490333,0.0005732837598770857,-0.7034198641777039
uav_06,111.029737,-6.763688245787695,64.78216739455395,1.869999885559082,0.7107800245285034,0.0005600453587248921,0.0003922641626559198,-0.7034140229225159
uav_06,111.129697,-6.763688245787695,64.78216739455395,1.8199996948242188,0.7107897400856018,0.0005282341735437512,0.00024898830452002585,-0.7034042477607727
uav_06,111.229657,-6.763688245787695,64.78216739455395,1.7700004577636719,0.7108027935028076,0.0005538545665331185,9.309043525718153e-05,-0.7033910751342773
uav_06,111.329617,-6.763688245787695,64.78216739455395,1.7200002670288086,0.7108200192451477,0.0007519483333453536,-0.00012877894914709032,-0.7033735513687134
uav_06,111.429577,-6.763688245787695,64.78216739455395,1.6700000762939453,0.7108341455459595,0.000923461455386132,-0.0003141188353765756,-0.7033590078353882
uav_06,111.529537,-6.763688245787695,64.78216739455395,1.619999885559082,0.7108461856842041,0.0010649545583873987,-0.00024858672986738384,-0.7033466696739197
uav_06,111.629497,-6.763688245787695,64.78216739455395,1.5699996948242188,0.7108567357063293,0.0011578346602618694,-5.844588304171339e-05,-0.7033358812332153
uav_06,111.729457,-6.763688245787695,64.78216739455395,1.5299997329711914,0.7108685374259949,0.0011881100945174694,0.0001643472642172128,-0.7033239006996155
uav_06,111.829417,-6.763688245787695,64.78216739455395,1.4799995422363281,0.7108800411224365,0.001072224578820169,0.00044992516632191837,-0.703312337398529
uav_06,111.929377,-6.763688245787695,64.78216739455395,1.4300003051757812,0.710891604423523,0.0008805218385532498,0.0005570249049924314,-0.7033007740974426
uav_06,112.029337,-6.763688245787695,64.78216739455395,1.380000114440918,0.7109035849571228,0.0006153659196570516,0.0004920242936350405,-0.7032890319824219
uav_06,112.129297,-6.763688245787695,64.78216739455395,1.3299999237060547,0.7109137177467346,0.0006695201154798269,0.00031471732654608786,-0.7032788395881653
uav_06,112.229257,-6.763688245787695,64.78216739455395,1.2899999618530273,0.7109119892120361,0.0006314274505712092,0.00012853684893343598,-0.7032806873321533
uav_06,112.329217,-6.744390989512007,64.78216739455395,1.239999771118164,0.7108990550041199,0.0004661204875446856,-2.4964458134490997e-05,-0.7032938599586487
uav_06,112.429177,-6.744390989512007,64.78216739455395,1.1899995803833008,0.7108712196350098,0.0001913112646434456,-0.00017208429926540703,-0.7033221125602722
uav_06,112.529137,-6.744390989512007,64.78216739455395,1.140000343322754,0.7108398675918579,-1.0670051779015921e-05,-0.0002476891968399286,-0.703353762626648
uav_06,112.629097,-6.744390989512007,64.78216739455395,1.0900001525878906,0.7108110785484314,-7.086925324983895e-05,-0.0001774754491634667,-0.7033829689025879
uav_06,112.729057,-6.744390989512007,64.78216739455395,1.0500001907348633,0.7107852697372437,-2.3042333850753494e-05,-2.1291130906320177e-05,-0.7034090757369995
uav_06,112.829017,-6.744390989512007,64.78216739455395,1.0,0.710768461227417,4.7556794015690684e-05,0.00014573766384273767,-0.7034260034561157
uav_06,112.92981,-6.744390989512007,64.78216739455395,0.9499998092651367,0.7107617855072021,0.0001038796326611191,0.00018496481061447412,-0.7034327387809753
uav_06,113.02977,-6.744390989512007,64.78216739455395,0.8999996185302734,0.7107617259025574,-2.1846150048077106e-05,0.00014755348092876375,-0.7034328579902649
uav_06,113.12973,-6.744390989512007,64.78216739455395,0.8500003814697266,0.7107678651809692,-4.823011840926483e-05,8.44629539642483e-05,-0.7034266591072083
uav_06,113.22969,-6.744390989512007,64.78216739455395,0.8100004196166992,0.7107844352722168,-0.00010428729001432657,-0.0001805431820685044,-0.7034098505973816
uav_06,113.32965,-6.744390989512007,64.78216739455395,0.7600002288818359,0.7108049392700195,-2.5646404537837952e-05,-0.0003867373161483556,-0.703389048576355
uav_06,113.42961,-6.744390989512007,64.78216739455395,0.7100000381469727,0.7108279466629028,0.00010015068255597726,-0.0005181542946957052,-0.7033657431602478
uav_06,113.52957,-6.744390989512007,64.78216739455395,0.6599998474121094,0.7108435034751892,0.0002849149168469012,-0.00042722863145172596,-0.7033500075340271
uav_06,113.62953,-6.744390989512007,64.78216739455395,0.6099996566772461,0.7108454704284668,0.00022791136871092021,-0.00016924111696425825,-0.7033481001853943
uav_06,113.72949,-6.744390989512007,64.78216739455395,0.5600004196166992,0.710838258266449,1.4055855899641756e-05,6.667128764092922e-05,-0.7033554911613464
uav_06,113.82945,-6.744390989512007,64.78216739455395,0.5200004577636719,0.7108298540115356,-0.00022635025379713625,0.00022198450460564345,-0.7033638954162598
uav_06,113.92941,-6.744390989512007,64.79325263853922,0.4700002670288086,0.7108110785484314,-0.0002772414300125092,0.0002598688588477671,-0.7033828496932983
uav_06,114.02937,-6.744390989512007,64.79325263853922,0.4200000762939453,0.7107864618301392,-0.00031137518817558885,0.00032900352380238473,-0.7034076452255249
uav_06,114.12933,-6.744390989512007,64.79325263853922,0.36999988555908203,0.7107551693916321,-0.00015984024503268301,0.0003272192843724042,-0.7034393548965454
uav_06,114.22929,-6.744390989512007,64.79325263853922,0.31999969482421875,0.7107268571853638,2.5269897378166206e-05,0.00021961875609122217,-0.7034679651260376
uav_06,114.32925,-6.744390989512007,64.79325263853922,0.2799997329711914,0.7107058763504028,0.00023773012799210846,2.2812268070993014e-05,-0.7034892439842224
uav_06,114.42921,-6.744390989512007,64.79325263853922,0.22999954223632812,0.7106945514678955,0.00020296714501455426,-7.989358709892258e-05,-0.7035006880760193
uav_06,114.52917,-6.744390989512007,64.79325263853922,0.18000030517578125,0.7106857299804688,0.00010538959759287536,-3.7821442674612626e-05,-0.7035095691680908
uav_06,114.62913,-6.744390989512007,64.79325263853922,0.13000011444091797,0.7106766700744629,1.4808375453867484e-05,0.00011735269072232768,-0.7035187482833862
uav_06,114.72909,-6.744390989512007,64.79325263853922,0.09000015258789062,0.7106735110282898,0.0,0.0,-0.7035219669342041
uav_06,114.82905,-6.744390989512007,64.79325263853922,0.06999969482421875,0.7106735110282898,0.0,0.0,-0.7035219669342041
uav_06,114.92901,-6.744390989512007,64.79325263853922,0.07999992370605469,0.7106735110282898,0.0,0.0,-0.7035219669342041
uav_06,115.029803,-6.744390989512007,64.79325263853922,0.09000015258789062,0.7106735110282898,0.0,0.0,-0.7035219669342041
uav_06,115.129763,-6.744390989512007,64.79325263853922,0.10000038146972656,0.7106735110282898,0.0,0.0,-0.7035219669342041
uav_06,115.229723,-6.744390989512007,64.79325263853922,0.10000038146972656,0.7106735110282898,0.0,0.0,-0.7035219669342041
uav_06,115.329683,-6.744390989512007,64.79325263853922,0.10000038146972656,0.7106735110282898,0.0,0.0,-0.7035219669342041
uav_06,115.429643,-6.744390989512007,64.79325263853922,0.10000038146972656,0.7106735110282898,0.0,0.0,-0.7035219669342041
uav_06,115.529603,-6.744390989512007,64.79325263853922,0.09000015258789062,0.7106735110282898,0.0,0.0,-0.7035219669342041
uav_06,115.629563,-6.744390989512007,64.79325263853922,0.09000015258789062,0.7106735110282898,0.0,0.0,-0.7035219669342041
uav_06,115.729523,-6.744390989512007,64.79325263853922,0.09000015258789062,0.7106735110282898,0.0,0.0,-0.7035219669342041
uav_06,115.829483,-6.744390989512007,64.79325263853922,0.10000038146972656,0.7106735110282898,0.0,0.0,-0.7035219669342041
uav_06,115.929443,-6.744390989512007,64.79325263853922,0.10000038146972656,0.7106735110282898,0.0,0.0,-0.7035219669342041
uav_06,116.029403,-6.744390989512007,64.79325263853922,0.10000038146972656,0.7106735110282898,0.0,0.0,-0.7035219669342041
uav_06,116.129363,-6.744390989512007,64.79325263853922,0.10000038146972656,0.7106735110282898,0.0,0.0,-0.7035219669342041
uav_06,116.229323,-6.744390989512007,64.79325263853922,0.09000015258789062,0.7106735110282898,0.0,0.0,-0.7035219669342041
uav_06,116.329283,-6.744390989512007,64.79325263853922,0.09000015258789062,0.7106735110282898,0.0,0.0,-0.7035219669342041
uav_06,116.429243,-6.744390989512007,64.79325263853922,0.10000038146972656,0.7106735110282898,0.0,0.0,-0.7035219669342041
uav_06,116.529203,-6.744390989512007,64.79325263853922,0.10000038146972656,0.7106735110282898,0.0,0.0,-0.7035219669342041
uav_06,116.629163,-6.744390989512007,64.79325263853922,0.10000038146972656,0.7106735110282898,0.0,0.0,-0.7035219669342041
uav_06,116.729123,-6.744390989512007,64.79325263853922,0.10000038146972656,0.7106735110282898,0.0,0.0,-0.7035219669342041
uav_06,116.829083,-6.744390989512007,64.79325263853922,0.10000038146972656,0.7106735110282898,0.0,0.0,-0.7035219669342041
uav_06,116.929043,-6.744390989512007,64.79325263853922,0.10000038146972656,0.7106735110282898,0.0,0.0,-0.7035219669342041
uav_06,117.029003,-6.744390989512007,64.79325263853922,0.10000038146972656,0.7106735110282898,0.0,0.0,-0.7035219669342041
uav_06,117.129796,-6.744390989512007,64.79325263853922,0.10000038146972656,0.7106735110282898,0.0,0.0,-0.7035219669342041
uav_06,117.229756,-6.744390989512007,64.79325263853922,0.10000038146972656,0.7106735110282898,0.0,0.0,-0.7035219669342041
uav_06,117.329716,-6.744390989512007,64.79325263853922,0.10000038146972656,0.7106735110282898,0.0,0.0,-0.7035219669342041
uav_06,117.429676,-6.744390989512007,64.79325263853922,0.10000038146972656,0.7106735110282898,0.0,0.0,-0.7035219669342041
uav_06,117.529636,-6.744390989512007,64.79325263853922,0.10000038146972656,0.7106735110282898,0.0,0.0,-0.7035219669342041
uav_06,117.629596,-6.744390989512007,64.79325263853922,0.10000038146972656,0.7106735110282898,0.0,0.0,-0.7035219669342041
uav_06,117.729556,-6.744390989512007,64.79325263853922,0.10000038146972656,0.7106735110282898,0.0,0.0,-0.7035219669342041
uav_06,117.829516,-6.744390989512007,64.79325263853922,0.10000038146972656,0.7106735110282898,0.0,0.0,-0.7035219669342041
uav_06,117.929476,-6.744390989512007,64.79325263853922,0.10000038146972656,0.7106735110282898,0.0,0.0,-0.7035219669342041
uav_06,118.029436,-6.744390989512007,64.79325263853922,0.10000038146972656,0.7106735110282898,0.0,0.0,-0.7035219669342041
uav_06,118.129396,-6.744390989512007,64.79325263853922,0.10000038146972656,0.7106735110282898,0.0,0.0,-0.7035219669342041
uav_06,118.229356,-6.744390989512007,64.79325263853922,0.10000038146972656,0.7106735110282898,0.0,0.0,-0.7035219669342041
uav_06,118.329316,-6.744390989512007,64.79325263853922,0.10000038146972656,0.7106735110282898,0.0,0.0,-0.7035219669342041
uav_06,118.429276,-6.744390989512007,64.79325263853922,0.10000038146972656,0.7106735110282898,0.0,0.0,-0.7035219669342041
uav_06,118.529236,-6.744390989512007,64.79325263853922,0.10000038146972656,0.7106735110282898,0.0,0.0,-0.7035219669342041
uav_06,118.629196,-6.744390989512007,64.79325263853922,0.10000038146972656,0.7106735110282898,0.0,0.0,-0.7035219669342041
uav_06,118.729156,-6.744390989512007,64.79325263853922,0.10000038146972656,0.7106735110282898,0.0,0.0,-0.7035219669342041
uav_06,118.829116,-6.744390989512007,64.79325263853922,0.10000038146972656,0.7106735110282898,0.0,0.0,-0.7035219669342041
uav_06,118.929076,-6.744390989512007,64.79325263853922,0.10000038146972656,0.7106735110282898,0.0,0.0,-0.7035219669342041
uav_06,119.029036,-6.744390989512007,64.79325263853922,0.10000038146972656,0.7106735110282898,0.0,0.0,-0.7035219669342041
