t_s,agent_id,valid,east_m,north_m,up_m
0.0,uav_01,1,40.032157675668074,9.355946146480687,7.732126951298028
0.1,uav_01,1,40.032157675668074,9.355946146480687,7.739999771118164
0.2,uav_01,1,40.030659449478854,9.355946146480687,7.739999771118164
0.3,uav_01,1,40.02250904821581,9.355946146480687,7.739999771118164
0.4,uav_01,1,40.02250904821581,9.355946146480687,7.739999771118164
0.5,uav_01,1,40.02250904821581,9.355946146480687,7.740536860473395
0.6,uav_01,1,40.02250904821581,9.355946146480687,7.75
0.7,uav_01,1,40.02250904821581,9.355946146480687,7.75
0.8,uav_01,1,40.00413542178845,9.366500814780048,7.75
0.9,uav_01,1,39.985491512586044,9.367031390859792,7.75
1.0,uav_01,1,39.95831413784957,9.376835433073435,7.75
1.1,uav_01,1,39.930830704064086,9.387360610789415,7.75
1.2,uav_01,1,39.888286544351175,9.40654383761957,7.75
1.3,uav_01,1,39.8495765870311,9.419472939070614,7.75
1.4,uav_01,1,39.799859461404516,9.437517939076352,7.756793116731197
1.5,uav_01,1,39.74494660094998,9.458547611943949,7.760000228881836
1.6,uav_01,1,39.678911127859976,9.479577284685243,7.760000228881836
1.7,uav_01,1,39.60569398002029,9.506425897515854,7.760000228881836
1.8,uav_01,1,39.53247683224897,9.532721874733404,7.760000228881836
1.9,uav_01,1,39.44704412649441,9.558429672128023,7.760000228881836
2.0,uav_01,1,39.346370548574576,9.58586646480246,7.760000228881836
2.1,uav_01,1,39.24126996540165,9.607154278976077,7.760000228881836
2.2,uav_01,1,39.12665502544176,9.632655498735257,7.760000228881836
2.3,uav_01,1,39.00723773545382,9.666054377363004,7.760000228881836
2.4,uav_01,1,38.878088754105626,9.699453256128624,7.760000228881836
2.5,uav_01,1,38.73920808232866,9.732852134628397,7.760000228881836
2.6,uav_01,1,38.593855689958545,9.773741728638342,7.760000228881836
2.7,uav_01,1,38.44520179579538,9.825613453066598,7.760000228881836
2.8,uav_01,1,38.29350227639487,9.873986079388615,7.760000228881836
2.9,uav_01,1,38.13461162586133,9.933539380335986,7.760000228881836
3.0,uav_01,1,37.95735078703913,10.000337137335528,7.760000228881836
3.1,uav_01,1,37.78568252563682,10.075102904936216,7.760000228881836
3.2,uav_01,1,37.60424226158876,10.164593666687106,7.760000228881836
3.3,uav_01,1,37.42751114503575,10.254835977201337,7.760000228881836
3.4,uav_01,1,37.23909450025278,10.349553429452785,7.764037347289634
3.5,uav_01,1,37.036973141350025,10.446405842111519,7.770000457763672
3.6,uav_01,1,36.840605234119124,10.541513383644556,7.770000457763672
3.7,uav_01,1,36.63983284876116,10.637975707415528,7.770000457763672
3.8,uav_01,1,36.43364654670867,10.733473337884455,7.770000457763672
3.9,uav_01,1,36.21322820543187,10.83499593708347,7.770000457763672
4.0,uav_01,1,35.982500496841524,10.925227717858778,7.770000457763672
4.1,uav_01,1,35.759221209886746,11.001633859707212,7.770000457763672
4.2,uav_01,1,35.54191837273367,11.07924320264127,7.774323863589093
4.3,uav_01,1,35.3252838297326,11.16090167690413,7.780000686645508
4.4,uav_01,1,35.10581514065737,11.239523529706656,7.780000686645508
4.5,uav_01,1,34.890708911486634,11.313133380997444,7.780000686645508
4.6,uav_01,1,34.66748236796541,11.39479185508224,7.780000686645508
4.7,uav_01,1,34.43683673612785,11.476450329469865,7.780000686645508
4.8,uav_01,1,34.214724963412245,11.558108803509157,7.780000686645508
4.9,uav_01,1,33.984142263643506,11.649499468331193,7.780000686645508
5.0,uav_01,1,33.75314601926174,11.723656740486888,7.780000686645508
5.1,uav_01,1,33.515207163128,11.8110605468272,7.780000686645508
5.2,uav_01,1,33.27863185609839,11.896843582724683,7.780000686645508
5.3,uav_01,1,33.03747590330325,11.986624467692092,7.780000686645508
5.4,uav_01,1,32.796760581630664,12.080783716729432,7.780000686645508
5.5,uav_01,1,32.54985173764509,12.169947256196755,7.780000686645508
5.6,uav_01,1,32.2980891326709,12.258698063202836,7.780000686645508
5.7,uav_01,1,32.05133046387981,12.35319785843218,7.780000686645508
5.8,uav_01,1,31.804571794645856,12.44769765366152,7.780000686645508
5.9,uav_01,1,31.555206105050893,12.539202260967482,7.780000686645508
6.0,uav_01,1,31.301405828385043,12.6256119997411,7.780000686645508
6.1,uav_01,1,31.05305897469763,12.720111794970437,7.780000686645508
6.2,uav_01,1,30.795056879881045,12.814062923355658,7.780000686645508
6.3,uav_01,1,30.51983397643122,12.905939683872873,7.780000686645508
6.4,uav_01,1,30.23467676761556,13.0112445732173,7.780000686645508
6.5,uav_01,1,29.94951955963949,13.116549462802887,7.780000686645508
6.6,uav_01,1,29.66436235055805,13.221854352070977,7.780000686645508
6.7,uav_01,1,29.382682051572996,13.327159241339071,7.780000686645508
6.8,uav_01,1,29.099684093650204,13.432464130607162,7.780000686645508
6.9,uav_01,1,28.80889072468489,13.532543823365007,7.7847144447971575
7.0,uav_01,1,28.518649932102853,13.631988664764242,7.790000915527344
7.1,uav_01,1,28.22892767906974,13.743749348565517,7.790000915527344
7.2,uav_01,1,27.94932205779078,13.85163355802807,7.790000915527344
7.3,uav_01,1,27.676546165396374,13.952366186501255,7.790000915527344
7.4,uav_01,1,27.401065282488833,14.051872923113406,7.790000915527344
7.5,uav_01,1,27.12140542695853,14.151586511075655,7.790000915527344
7.6,uav_01,1,26.84691420415312,14.251612370022151,7.790000915527344
7.7,uav_01,1,26.569982733361496,14.351638228968646,7.790000915527344
7.8,uav_01,1,26.295541541446593,14.451664087915143,7.790000915527344
7.9,uav_01,1,26.018560039764466,14.55168994686164,7.790000915527344
8.0,uav_01,1,25.738024379239828,14.651715805808132,7.790000915527344
8.1,uav_01,1,25.46365823366069,14.75174166475463,7.790000915527344
8.2,uav_01,1,25.197596670432933,14.854528494439938,7.796027075145239
8.3,uav_01,1,24.949746598642506,14.950914250785578,7.799999237060547
8.4,uav_01,1,24.70070723823747,15.041492269628604,7.799999237060547
8.5,uav_01,1,24.441194413518048,15.132070288471631,7.799999237060547
8.6,uav_01,1,24.191949178429446,15.22264830731466,7.799999237060547
8.7,uav_01,1,23.950908106101718,15.313226326157686,7.799999237060547
8.8,uav_01,1,23.689348146378187,15.403804345000712,7.799999237060547
8.9,uav_01,1,23.444070124570885,15.494382363843743,7.799999237060547
9.0,uav_01,1,23.190301910226935,15.59471470745322,7.799999237060547
9.1,uav_01,1,22.943865451052638,15.686623645908902,7.799999237060547
9.2,uav_01,1,22.69187463385247,15.777201664751926,7.799999237060547
9.3,uav_01,1,22.42880285202481,15.871000723640504,7.799999237060547
9.4,uav_01,1,22.155826569302725,15.975109681410576,7.799999237060547
9.5,uav_01,1,21.885339173524763,16.077919686484726,7.799999237060547
9.6,uav_01,1,21.608691703457108,16.175939578583364,7.799999237060547
9.7,uav_01,1,21.334815819564245,16.280359352781627,7.799999237060547
9.8,uav_01,1,21.06807709765933,16.383683074655256,7.799999237060547
9.9,uav_01,1,20.790921727384454,16.482186253926926,7.805397354825592
10.0,uav_01,1,20.510216317950494,16.580689433022346,7.809999465942383
10.1,uav_01,1,20.23891504713323,16.690598442631792,7.809999465942383
10.2,uav_01,1,19.972176325297795,16.79430381079148,7.809999465942383
10.3,uav_01,1,19.690381870721126,16.889220229947075,7.809999465942383
10.4,uav_01,1,19.394769541991735,16.992930928988127,7.809999465942383
10.5,uav_01,1,19.100551299071256,17.104481460011982,7.809999465942383
10.6,uav_01,1,18.80633305615077,17.213825025552456,7.809999465942383
10.7,uav_01,1,18.51211481323029,17.326517162781418,7.809999465942383
10.8,uav_01,1,18.22517184428551,17.434719122116785,7.809999465942383
10.9,uav_01,1,17.933326954841583,17.5396235482094,7.809999465942383
11.0,uav_01,1,17.63910871192111,17.644527974302004,7.809999465942383
11.1,uav_01,1,17.34489046900062,17.759503323941193,7.809999465942383
11.2,uav_01,1,17.050672226080145,17.865422070866337,7.809999465942383
11.3,uav_01,1,16.775023385261193,17.963705519105883,7.809999465942383
11.4,uav_01,1,16.518305175934163,18.068216231664575,7.809999465942383
11.5,uav_01,1,16.246460539187844,18.163803119660987,7.809999465942383
11.6,uav_01,1,15.980141691522903,18.25820829368836,7.809999465942383
11.7,uav_01,1,15.717063089764293,18.368108010050143,7.809999465942383
11.8,uav_01,1,15.452930020590374,18.46092970531159,7.809999465942383
11.9,uav_01,1,15.188158309238405,18.551677666437183,7.809999465942383
12.0,uav_01,1,14.923386597886433,18.65231931099375,7.809999465942383
12.1,uav_01,1,14.658614886534464,18.75157325887104,7.809999465942383
12.2,uav_01,1,14.3938431751825,18.851023342479476,7.809999465942383
12.3,uav_01,1,14.134869164555232,18.95075791211341,7.809999465942383
12.4,uav_01,1,13.881595103561498,19.043147562329835,7.809999465942383
12.5,uav_01,1,13.626572916904543,19.13490206402856,7.809999465942383
12.6,uav_01,1,13.378109072472252,19.226656565727282,7.809999465942383
12.7,uav_01,1,13.130410755587405,19.318411067426005,7.809999465942383
12.8,uav_01,1,12.890820620605439,19.41016556912473,7.809999465942383
12.9,uav_01,1,12.651230485623456,19.501920070823456,7.809999465942383
13.0,uav_01,1,12.419729747743443,19.58438071759842,7.809999465942383
13.1,uav_01,1,12.189013320950748,19.6743438298418,7.809999465942383
13.2,uav_01,1,11.964836453663374,19.758585076134047,7.809999465942383
13.3,uav_01,1,11.748758375633988,19.846767589253968,7.809999465942383
13.4,uav_01,1,11.52748457964937,19.929839661589526,7.809999465942383
13.5,uav_01,1,11.299906178436439,20.014104896464612,7.809999465942383
13.6,uav_01,1,11.08373017862172,20.092048290758367,7.809999465942383
13.7,uav_01,1,10.881937703895517,20.166965844820233,7.809999465942383
13.8,uav_01,1,10.691234686685878,20.239120965451992,7.809999465942383
13.9,uav_01,1,10.497637509153828,20.314292409903224,7.809999465942383
14.0,uav_01,1,10.325920615155807,20.378850652516487,7.809999465942383
14.1,uav_01,1,10.160942156284582,20.435657241330553,7.809999465942383
14.2,uav_01,1,10.013818410404518,20.492463830016728,7.809999465942383
14.3,uav_01,1,9.875373485441134,20.549270418998265,7.809999465942383
14.4,uav_01,1,9.752267527293922,20.597339467577054,7.809999465942383
14.5,uav_01,1,9.649590953122114,20.63374175586355,7.809999465942383
14.6,uav_01,1,9.559174419587343,20.667592179795598,7.809999465942383
14.7,uav_01,1,9.486719284960454,20.701442603727642,7.809999465942383
14.8,uav_01,1,9.417971106586851,20.725940771115145,7.809999465942383
14.9,uav_01,1,9.365848470041243,20.758058207212642,7.809999465942383
15.0,uav_01,1,9.316742628545198,20.772411196807795,7.809999465942383
15.1,uav_01,1,9.284952490080872,20.7936416189722,7.809999465942383
15.2,uav_01,1,9.255488985462376,20.79591821220966,7.809999465942383
15.3,uav_01,1,9.235028412321913,20.806261620746884,7.809999465942383
15.4,uav_01,1,9.224988683503092,20.807003456588767,7.809999465942383
15.5,uav_01,1,9.215848043350015,20.807003456588767,7.809999465942383
15.6,uav_01,1,9.214439764005984,20.807003456588767,7.809999465942383
15.7,uav_01,1,9.214439764005984,20.807003456588767,7.809999465942383
15.8,uav_01,1,9.22108488121377,20.807003456588767,7.809999465942383
15.9,uav_01,1,9.230151242145588,20.807003456588767,7.809999465942383
16.0,uav_01,1,9.23923824499372,20.800683135836504,7.809999465942383
16.1,uav_01,1,9.253324610597272,20.79591821220966,7.809999465942383
16.2,uav_01,1,9.271558379530427,20.79591821220966,7.805400014840369
16.3,uav_01,1,9.285886154096913,20.79591821220966,7.799999237060547
16.4,uav_01,1,9.298387152207143,20.788153572579347,7.799999237060547
16.5,uav_01,1,9.316652564537717,20.770458143267167,7.799999237060547
16.6,uav_01,1,9.334928918849073,20.762662479466172,7.799999237060547
16.7,uav_01,1,9.353205273160423,20.762662479466172,7.799999237060547
16.8,uav_01,1,9.372813534692852,20.759602040694606,7.799999237060547
16.9,uav_01,1,9.39858515284348,20.73954822541054,7.799999237060547
17.0,uav_01,1,9.408034334723327,20.729406746722685,7.799999237060547
17.1,uav_01,1,9.426310689034677,20.729406746722685,7.799999237060547
17.2,uav_01,1,9.44458704334603,20.729406746722685,7.799999237060547
17.3,uav_01,1,9.454435116515802,20.710040356699714,7.808734648282057
17.4,uav_01,1,9.463573294147361,20.7072362583583,7.809999465942383
17.5,uav_01,1,9.480864064796817,20.69829788447113,7.809999465942383
17.6,uav_01,1,9.492563397696442,20.6961510139792,7.809999465942383
17.7,uav_01,1,9.510650787584236,20.686729622904274,7.809999465942383
17.8,uav_01,1,9.513547232851282,20.685065769600094,7.809999465942383
17.9,uav_01,1,9.522224350469987,20.675096686808978,7.809999465942383
18.0,uav_01,1,9.52319586030355,20.673980525614816,7.809999465942383
18.1,uav_01,1,9.532274040419189,20.66355066589681,7.809999465942383
18.2,uav_01,1,9.53284448912697,20.66289528123571,7.809999465942383
18.3,uav_01,1,9.542394626911024,20.66289528123571,7.809999465942383
18.4,uav_01,1,9.542493116579239,20.651810036856606,7.809999465942383
18.5,uav_01,1,9.542493116579239,20.651810036856606,7.809999465942383
18.6,uav_01,1,9.542493116579239,20.651810036856606,7.809999465942383
18.7,uav_01,1,9.542493116579239,20.651810036856606,7.809999465942383
18.8,uav_01,1,9.542493116579239,20.649821629602364,7.809999465942383
18.9,uav_01,1,9.542493116579239,20.640724792871328,7.809999465942383
19.0,uav_01,1,9.542493116579239,20.640724792871328,7.809999465942383
19.1,uav_01,1,9.542493116579239,20.640724792871328,7.809999465942383
19.2,uav_01,1,9.53911039879175,20.640724792871328,7.809999465942383
19.3,uav_01,1,9.53284448912697,20.640724792871328,7.809999465942383
19.4,uav_01,1,9.53284448912697,20.640724792871328,7.809999465942383
19.5,uav_01,1,9.529444853476493,20.640724792871328,7.809999465942383
19.6,uav_01,1,9.52319586030355,20.640724792871328,7.809999465942383
19.7,uav_01,1,9.52319586030355,20.642945526269532,7.809999465942383
19.8,uav_01,1,9.52199627902079,20.651810036856606,7.809999465942383
19.9,uav_01,1,9.513547232851282,20.651810036856606,7.809999465942383
20.0,uav_01,1,9.513547232851282,20.651810036856606,7.809999465942383
20.1,uav_01,1,9.513547232851282,20.651810036856606,7.809999465942383
20.2,uav_01,1,9.513547232851282,20.651810036856606,7.809999465942383
20.3,uav_01,1,9.513547232851282,20.651810036856606,7.809999465942383
20.4,uav_01,1,9.513547232851282,20.651810036856606,7.809999465942383
20.5,uav_01,1,9.502295730168164,20.651810036856606,7.809999465942383
20.6,uav_01,1,9.494249976575592,20.65741017958803,7.809999465942383
20.7,uav_01,1,9.494249976575592,20.66289528123571,7.809999465942383
20.8,uav_01,1,9.490885632096177,20.66289528123571,7.809999465942383
20.9,uav_01,1,9.484601349123325,20.66289528123571,7.809999465942383
21.0,uav_01,1,9.484601349123325,20.66289528123571,7.809999465942383
21.1,uav_01,1,9.484601349123325,20.66289528123571,7.809999465942383
21.2,uav_01,1,9.484257075166779,20.66289528123571,7.81035628538549
21.3,uav_01,1,9.4753634640936,20.66289528123571,7.819573983355372
21.4,uav_01,1,9.474952720299903,20.67264119006374,7.819999694824219
21.5,uav_01,1,9.474952720299903,20.673980525614816,7.819999694824219
21.6,uav_01,1,9.474952720299903,20.673980525614816,7.819999694824219
21.7,uav_01,1,9.474952720299903,20.673980525614816,7.819999694824219
21.8,uav_01,1,9.466365144091052,20.673980525614816,7.819999694824219
21.9,uav_01,1,9.465304092847635,20.673980525614816,7.819999694824219
22.0,uav_01,1,9.465304092847635,20.685065769600094,7.819999694824219
22.1,uav_01,1,9.465304092847635,20.685065769600094,7.819999694824219
22.2,uav_01,1,9.465304092847635,20.685065769600094,7.819999694824219
22.3,uav_01,1,9.465304092847635,20.685065769600094,7.819999694824219
22.4,uav_01,1,9.465304092847635,20.685065769600094,7.819999694824219
22.5,uav_01,1,9.465304092847635,20.685065769600094,7.819999694824219
22.6,uav_01,1,9.465304092847635,20.685065769600094,7.819999694824219
22.7,uav_01,1,9.465304092847635,20.685065769600094,7.819999694824219
22.8,uav_01,1,9.465304092847635,20.685065769600094,7.819999694824219
22.9,uav_01,1,9.468681410308287,20.681185592004653,7.819999694824219
23.0,uav_01,1,9.478480598690986,20.673980525614816,7.819999694824219
23.1,uav_01,1,9.495636664602557,20.673980525614816,7.819999694824219
23.2,uav_01,1,9.521205230891258,20.673980525614816,7.819999694824219
23.3,uav_01,1,9.544783167223535,20.673980525614816,7.819999694824219
23.4,uav_01,1,9.582440972059283,20.673980525614816,7.819999694824219
23.5,uav_01,1,9.62984656343453,20.673980525614816,7.819999694824219
23.6,uav_01,1,9.68099483434437,20.673980525614816,7.819999694824219
23.7,uav_01,1,9.741873690464395,20.673980525614816,7.819999694824219
23.8,uav_01,1,9.804094703811765,20.673980525614816,7.819999694824219
23.9,uav_01,1,9.874061047594438,20.673980525614816,7.819999694824219
24.0,uav_01,1,9.952333862782458,20.673980525614816,7.819999694824219
24.1,uav_01,1,10.030606677970487,20.66463331381952,7.819999694824219
24.2,uav_01,1,10.130432065783529,20.65464141216085,7.819999694824219
24.3,uav_01,1,10.222330734072969,20.644649510756572,7.819999694824219
24.4,uav_01,1,10.3304241035269,20.634657609237333,7.819999694824219
24.5,uav_01,1,10.443093978670062,20.61977407908685,7.819999694824219
24.6,uav_01,1,10.552309397503567,20.60349623309775,7.819999694824219
24.7,uav_01,1,10.678052782525569,20.589449907635814,7.819999694824219
24.8,uav_01,1,10.81894322146731,20.571040411769264,7.819999694824219
24.9,uav_01,1,10.964845224197155,20.560249206393735,7.819999694824219
25.0,uav_01,1,11.124521054196803,20.55204283862614,7.819999694824219
25.1,uav_01,1,11.288184720375915,20.54975203945958,7.819999694824219
25.2,uav_01,1,11.46664594237575,20.540957594247036,7.819999694824219
25.3,uav_01,1,11.645107164375615,20.540957594247036,7.819999694824219
25.4,uav_01,1,11.826020629728514,20.540957594247036,7.819999694824219
25.5,uav_01,1,12.024237433198413,20.540957594247036,7.819999694824219
25.6,uav_01,1,12.230257019676005,20.541824660584982,7.819999694824219
25.7,uav_01,1,12.432640488507621,20.55204283862614,7.819999694824219
25.8,uav_01,1,12.666950302393413,20.55204283862614,7.819999694824219
25.9,uav_01,1,12.897254462564291,20.554672395101587,7.819999694824219
26.0,uav_01,1,13.140601231582757,20.563128083005246,7.819999694824219
26.1,uav_01,1,13.38010026476331,20.563128083005246,7.819999694824219
26.2,uav_01,1,13.630471270511979,20.563128083005246,7.819999694824219
26.3,uav_01,1,13.886978786020778,20.563128083005246,7.819999694824219
26.4,uav_01,1,14.148833437593726,20.563128083005246,7.819999694824219
26.5,uav_01,1,14.414320848056537,20.56991753981183,7.819999694824219
26.6,uav_01,1,14.669160000222226,20.574213326990524,7.819999694824219
26.7,uav_01,1,14.912492376266734,20.580845600872102,7.819999694824219
26.8,uav_01,1,15.157670705580031,20.59758794280403,7.819999694824219
26.9,uav_01,1,15.406724913464327,20.618783255032504,7.819999694824219
27.0,uav_01,1,15.65577912132033,20.639978567085453,7.819999694824219
27.1,uav_01,1,15.912983643521295,20.66117387930474,7.819999694824219
27.2,uav_01,1,16.173184791965145,20.68236919158518,7.819999694824219
27.3,uav_01,1,16.425465360645685,20.707271248533445,7.819999694824219
27.4,uav_01,1,16.68374379850278,20.729406746722685,7.819999694824219
27.5,uav_01,1,16.942022236022005,20.73760145232531,7.819999694824219
27.6,uav_01,1,17.198649743248023,20.762662479466172,7.819999694824219
27.7,uav_01,1,17.449730935910708,20.764007768216413,7.819999694824219
27.8,uav_01,1,17.704714942094558,20.77374772384528,7.819999694824219
27.9,uav_01,1,17.959698948278366,20.77374772384528,7.819999694824219
28.0,uav_01,1,18.214682954462216,20.77374772384528,7.819999694824219
28.1,uav_01,1,18.47706222808089,20.77374772384528,7.819999694824219
28.2,uav_01,1,18.7342995956533,20.78877338882488,7.819999694824219
28.3,uav_01,1,18.98928360183714,20.78285962739755,7.825889905037349
28.4,uav_01,1,19.244267608020984,20.77374772384528,7.829999923706055
28.5,uav_01,1,19.499251614204834,20.77374772384528,7.829999923706055
28.6,uav_01,1,19.74800584794016,20.77374772384528,7.829999923706055
28.7,uav_01,1,19.990741474597005,20.77092550557272,7.829999923706055
28.8,uav_01,1,20.25074106784426,20.762662479466172,7.829999923706055
28.9,uav_01,1,20.51319021881934,20.751992101316535,7.829999923706055
29.0,uav_01,1,20.76486145948666,20.720995736899724,7.829999923706055
29.1,uav_01,1,21.005754790857686,20.692673606889645,7.829999923706055
29.2,uav_01,1,21.235870212251722,20.651968808045428,7.829999923706055
29.3,uav_01,1,21.455207723578717,20.60503298203581,7.829999923706055
29.4,uav_01,1,21.657848277876305,20.54449644847527,7.829999923706055
29.5,uav_01,1,21.84541669986362,20.47409270966927,7.823279966649075
29.6,uav_01,1,22.01515888328861,20.403688970863282,7.819999694824219
29.7,uav_01,1,22.163760961353304,20.320202319779796,7.819999694824219
29.8,uav_01,1,22.289981439575843,20.23451995742804,7.819999694824219
29.9,uav_01,1,22.403632315362266,20.149648110773995,7.819999694824219
30.0,uav_01,1,22.502485930418846,20.05790850805383,7.819999694824219
30.1,uav_01,1,22.59482680016934,19.943253202499452,7.819999694824219
30.2,uav_01,1,22.676870405139667,19.821860661844994,7.819999694824219
30.3,uav_01,1,22.746009009655474,19.705161872614816,7.819999694824219
30.4,uav_01,1,22.806328068723243,19.578537678377135,7.819999694824219
30.5,uav_01,1,22.861732590805943,19.440620927582383,7.819999694824219
30.6,uav_01,1,22.913646644115556,19.30270417686268,7.819999694824219
30.7,uav_01,1,22.956641394148978,19.158149393184452,7.819999694824219
30.8,uav_01,1,22.993145496237453,18.99506725952323,7.819999694824219
30.9,uav_01,1,23.029371647443455,18.820406928633226,7.819999694824219
31.0,uav_01,1,23.06443159937846,18.651223759911918,7.819999694824219
31.1,uav_01,1,23.09177921958776,18.473179942791987,7.819999694824219
31.2,uav_01,1,23.118788808485686,18.29435940481701,7.819999694824219
31.3,uav_01,1,23.137020554942573,18.095369256384664,7.819999694824219
31.4,uav_01,1,23.146331152282823,17.896379107952352,7.819999694824219
31.5,uav_01,1,23.163835419032928,17.697388959862398,7.819999694824219
31.6,uav_01,1,23.166355888161924,17.498398811481493,7.819999694824219
31.7,uav_01,1,23.166355888161924,17.28258223894467,7.819999694824219
31.8,uav_01,1,23.166355888161924,17.06949763519802,7.819999694824219
31.9,uav_01,1,23.166355888161924,16.858246807912398,7.819999694824219
32.0,uav_01,1,23.160424471377763,16.639953918274777,7.819999694824219
32.1,uav_01,1,23.1512209044943,16.405295202809096,7.819999694824219
32.2,uav_01,1,23.142017337799,16.1678870394524,7.819999694824219
32.3,uav_01,1,23.128217538303268,15.935260882918262,7.819999694824219
32.4,uav_01,1,23.118112748158275,15.697865472961466,7.819999694824219
32.5,uav_01,1,23.11070052754794,15.4546654001295,7.819999694824219
32.6,uav_01,1,23.095554443189222,15.211465327206223,7.819999694824219
32.7,uav_01,1,23.08353488934034,14.968265254410557,7.819999694824219
32.8,uav_01,1,23.067401563951172,14.7196633667243,7.819999694824219
32.9,uav_01,1,23.057762015429542,14.453867870273436,7.819999694824219
33.0,uav_01,1,23.0479676941228,14.183804727392413,7.819999694824219
33.1,uav_01,1,23.03821036669663,13.911644285395875,7.819999694824219
33.2,uav_01,1,23.02839433892303,13.633014761662176,7.819999694824219
33.3,uav_01,1,23.018578311701813,13.362353123968289,7.819999694824219
33.4,uav_01,1,23.00876228397578,13.08799715595999,7.819999694824219
33.5,uav_01,1,23.002329211875296,12.806057949895282,7.819999694824219
33.6,uav_01,1,22.995228503324086,12.524118743975508,7.819999694824219
33.7,uav_01,1,22.979314202240495,12.237908235870252,7.819999694824219
33.8,uav_01,1,22.96953604916521,11.950242924870624,7.819999694824219
33.9,uav_01,1,22.959838501864347,11.66723043458264,7.819999694824219
34.0,uav_01,1,22.950174690046964,11.383054285198886,7.819999694824219
34.1,uav_01,1,22.94051087797011,11.100975859886512,7.819999694824219
34.2,uav_01,1,22.930847066708566,10.816834599658003,7.819999694824219
34.3,uav_01,1,22.92514018814369,10.534721285028905,7.819999694824219
34.4,uav_01,1,22.92116807107328,10.246051375455878,7.819999694824219
34.5,uav_01,1,22.915491559320273,9.957381466115182,7.819999694824219
34.6,uav_01,1,22.911489075195785,9.668711556611129,7.819999694824219
34.7,uav_01,1,22.905842931868005,9.380041647039958,7.819999694824219
34.8,uav_01,1,22.905842931868005,9.0977603166963,7.819999694824219
34.9,uav_01,1,22.90262117244418,8.827383724248676,7.819999694824219
35.0,uav_01,1,22.89619430304458,8.559431249179438,7.819999694824219
35.1,uav_01,1,22.89619430304458,8.286435139481963,7.819999694824219
35.2,uav_01,1,22.89619430304458,8.022338149435358,7.819999694824219
35.3,uav_01,1,22.89619430304458,7.747060548438789,7.819999694824219
35.4,uav_01,1,22.89619430304458,7.481921926044485,7.819999694824219
35.5,uav_01,1,22.888039764616433,7.2074146082868245,7.819999694824219
35.6,uav_01,1,22.886545675592313,6.940559436575507,7.819999694824219
35.7,uav_01,1,22.886545675592313,6.667827328587019,7.819999694824219
35.8,uav_01,1,22.886545675592313,6.392491066744467,7.819999694824219
35.9,uav_01,1,22.886545675592313,6.113104346952819,7.819999694824219
36.0,uav_01,1,22.886545675592313,5.824349179353374,7.819999694824219
36.1,uav_01,1,22.886545675592313,5.517548893409539,7.819999694824219
36.2,uav_01,1,22.89234048950666,5.207672874252174,7.819999694824219
36.3,uav_01,1,22.89619430304458,4.909321156874358,7.819999694824219
36.4,uav_01,1,22.89619430304458,4.608300379326115,7.819999694824219
36.5,uav_01,1,22.89619430304458,4.303071509657861,7.819999694824219
36.6,uav_01,1,22.89619430304458,4.00537837838062,7.819999694824219
36.7,uav_01,1,22.89619430304458,3.6959437480344275,7.813003507651231
36.8,uav_01,1,22.89619430304458,3.387384901078255,7.809999465942383
36.9,uav_01,1,22.90320125854367,3.09409645096964,7.809999465942383
37.0,uav_01,1,22.905842931868005,2.799484157393427,7.809999465942383
37.1,uav_01,1,22.905842931868005,2.510566548397742,7.809999465942383
37.2,uav_01,1,22.905842931868005,2.2091357272428063,7.809999465942383
37.3,uav_01,1,22.905842931868005,1.9107617572336462,7.809999465942383
37.4,uav_01,1,22.905842931868005,1.6147204716798702,7.809999465942383
37.5,uav_01,1,22.912315261698204,1.317906005290023,7.809999465942383
37.6,uav_01,1,22.915491559320273,1.021091538900176,7.809999465942383
37.7,uav_01,1,22.915491559320273,0.7242770725103567,7.809999465942383
37.8,uav_01,1,22.915491559320273,0.427462605866169,7.809999465942383
37.9,uav_01,1,22.915491559320273,0.1344170901939544,7.809999465942383
38.0,uav_01,1,22.915491559320273,-0.14790645627129825,7.809999465942383
38.1,uav_01,1,22.92080652279075,-0.4370229760609653,7.809999465942383
38.2,uav_01,1,22.92514018814369,-0.7295559124333416,7.809999465942383
38.3,uav_01,1,22.92514018814369,-1.0171099300003419,7.809999465942383
38.4,uav_01,1,22.92514018814369,-1.3046639475673691,7.809999465942383
38.5,uav_01,1,22.92514018814369,-1.5922179651344206,7.809999465942383
38.6,uav_01,1,22.92514018814369,-1.8797719827014607,7.809999465942383
38.7,uav_01,1,22.92818290111847,-2.1673260003926886,7.809999465942383
38.8,uav_01,1,22.934788815595958,-2.4518193608349796,7.809999465942383
38.9,uav_01,1,22.934788815595958,-2.733216976694961,7.809999465942383
39.0,uav_01,1,22.934788815595958,-3.025964151322949,7.809999465942383
39.1,uav_01,1,22.934788815595958,-3.3088562507135655,7.809999465942383
39.2,uav_01,1,22.934788815595958,-3.591748350104215,7.809999465942383
39.3,uav_01,1,22.934788815595958,-3.8748081229600295,7.809999465942383
39.4,uav_01,1,22.934788815595958,-4.165753165615253,7.809999465942383
39.5,uav_01,1,22.934788815595958,-4.449015712699455,7.809999465942383
39.6,uav_01,1,22.934788815595958,-4.731907812090101,7.809999465942383
39.7,uav_01,1,22.94243094043256,-5.01479991148075,7.809999465942383
39.8,uav_01,1,22.944437443048226,-5.297692010871366,7.809999465942383
39.9,uav_01,1,22.944437443048226,-5.580584110530753,7.809999465942383
40.0,uav_01,1,22.944437443048226,-5.865434271504117,7.809999465942383
40.1,uav_01,1,22.944437443048226,-6.171815590180549,7.809999465942383
40.2,uav_01,1,22.944437443048226,-6.481315174013129,7.809999465942383
40.3,uav_01,1,22.944437443048226,-6.7871564486917535,7.809999465942383
40.4,uav_01,1,22.944437443048226,-7.092997723370407,7.809999465942383
40.5,uav_01,1,22.944437443048226,-7.39883899804901,7.8024254616235265
40.6,uav_01,1,22.944437443048226,-7.704680272727646,7.799999237060547
40.7,uav_01,1,22.944437443048226,-8.01052154772177,7.799999237060547
40.8,uav_01,1,22.944437443048226,-8.3163628224787,7.799999237060547
40.9,uav_01,1,22.952588433866744,-8.612839478950068,7.799999237060547
41.0,uav_01,1,22.95408607187165,-8.925439126392435,7.799999237060547
41.1,uav_01,1,22.95408607187165,-9.230874871570325,7.799999237060547
41.2,uav_01,1,22.95408607187165,-9.534692053617347,7.799999237060547
41.3,uav_01,1,22.95408607187165,-9.838509235664398,7.799999237060547
41.4,uav_01,1,22.95408607187165,-10.142326417711457,7.799999237060547
41.5,uav_01,1,22.95408607187165,-10.443821495435737,7.799999237060547
41.6,uav_01,1,22.95408607187165,-10.74746660222217,7.799999237060547
41.7,uav_01,1,22.95408607187165,-11.04063520572717,7.799999237060547
41.8,uav_01,1,22.95408607187165,-11.354831544500243,7.799999237060547
41.9,uav_01,1,22.95408607187165,-11.658918148384778,7.799999237060547
42.0,uav_01,1,22.95408607187165,-11.94974985347961,7.799999237060547
42.1,uav_01,1,22.95408607187165,-12.233450724685213,7.799999237060547
42.2,uav_01,1,22.95408607187165,-12.516869884682453,7.799999237060547
42.3,uav_01,1,22.95408607187165,-12.800289044679719,7.799999237060547
42.4,uav_01,1,22.95408607187165,-13.083708204972824,7.799999237060547
42.5,uav_01,1,22.95408607187165,-13.359388756062994,7.799999237060547
42.6,uav_01,1,22.95408607187165,-13.64661165136238,7.799999237060547
42.7,uav_01,1,22.95408607187165,-13.933965685062645,7.799999237060547
42.8,uav_01,1,22.95408607187165,-14.217384845059911,7.799999237060547
42.9,uav_01,1,22.95408607187165,-14.500804005057184,7.799999237060547
43.0,uav_01,1,22.95408607187165,-14.782718830496847,7.799999237060547
43.1,uav_01,1,22.95408607187165,-15.062116272765829,7.799999237060547
43.2,uav_01,1,22.95408607187165,-15.340364838287275,7.799999237060547
43.3,uav_01,1,22.95408607187165,-15.61861340397337,7.799999237060547
43.4,uav_01,1,22.95408607187165,-15.895196684458368,7.799999237060547
43.5,uav_01,1,22.95408607187165,-16.164910833495377,7.799999237060547
43.6,uav_01,1,22.95408607187165,-16.453335491650346,7.799999237060547
43.7,uav_01,1,22.95408607187165,-16.72928448213648,7.799999237060547
43.8,uav_01,1,22.95408607187165,-17.007362051052013,7.799999237060547
43.9,uav_01,1,22.95408607187165,-17.285610616458907,7.799999237060547
44.0,uav_01,1,22.95408607187165,-17.563859181865777,7.799999237060547
44.1,uav_01,1,22.95408607187165,-17.852319267030055,7.799999237060547
44.2,uav_01,1,22.95408607187165,-18.151586234553516,7.799999237060547
44.3,uav_01,1,22.95408607187165,-18.44622347843791,7.799999237060547
44.4,uav_01,1,22.95408607187165,-18.752954203523174,7.799999237060547
44.5,uav_01,1,22.95408607187165,-19.058564671259436,7.799999237060547
44.6,uav_01,1,22.95408607187165,-19.360890816786547,7.799999237060547
44.7,uav_01,1,22.95408607187165,-19.66321696231363,7.799999237060547
44.8,uav_01,1,22.946906115082278,-19.96554310784071,7.799999237060547
44.9,uav_01,1,22.944437443048226,-20.267869253367824,7.799999237060547
45.0,uav_01,1,22.944437443048226,-20.570195399195928,7.799999237060547
45.1,uav_01,1,22.944437443048226,-20.877384794366357,7.799999237060547
45.2,uav_01,1,22.944437443048226,-21.179863584699714,7.799999237060547
45.3,uav_01,1,22.944437443048226,-21.50019111954518,7.799999237060547
45.4,uav_01,1,22.944437443048226,-21.814039750826353,7.799999237060547
45.5,uav_01,1,22.944437443048226,-22.126515580041872,7.799999237060547
45.6,uav_01,1,22.944437443048226,-22.438991409257415,7.799999237060547
45.7,uav_01,1,22.944437443048226,-22.751338054317838,7.799999237060547
45.8,uav_01,1,22.943589240779435,-23.060474393780527,7.799999237060547
45.9,uav_01,1,22.933515913682573,-23.358452187201305,7.799999237060547
46.0,uav_01,1,22.92356033972351,-23.63477669158446,7.799999237060547
46.1,uav_01,1,22.914237496058846,-23.89966892401204,7.799999237060547
46.2,uav_01,1,22.904625947617635,-24.13687152256272,7.799999237060547
46.3,uav_01,1,22.886619833792647,-24.364429662078564,7.799999237060547
46.4,uav_01,1,22.850681764343005,-24.581686849611668,7.799999237060547
46.5,uav_01,1,22.814669537875425,-24.80846069673117,7.799999237060547
46.6,uav_01,1,22.7786573104142,-25.009566135408097,7.799999237060547
46.7,uav_01,1,22.721557290854854,-25.189941870382665,7.799999237060547
46.8,uav_01,1,22.671303278928956,-25.37311643281922,7.799999237060547
46.9,uav_01,1,22.603335508263882,-25.546115385978936,7.799999237060547
47.0,uav_01,1,22.527400547513206,-25.705761417564442,7.805277362558494
47.1,uav_01,1,22.450690018723705,-25.851093266681847,7.809999465942383
47.2,uav_01,1,22.365161768051937,-25.977613801281446,7.809999465942383
47.3,uav_01,1,22.270943611502457,-26.092470428264274,7.809999465942383
47.4,uav_01,1,22.168197440138574,-26.200951531244566,7.809999465942383
47.5,uav_01,1,22.05913758498655,-26.292381105973575,7.809999465942383
47.6,uav_01,1,21.946769682637644,-26.374012901937192,7.809999465942383
47.7,uav_01,1,21.820626901653615,-26.445846918708174,7.809999465942383
47.8,uav_01,1,21.70087849554915,-26.508495988388162,7.809999465942383
47.9,uav_01,1,21.55546535491593,-26.57114505771897,7.809999465942383
48.0,uav_01,1,21.40226388296619,-26.62295332631522,7.809999465942383
48.1,uav_01,1,21.24785621787177,-26.665454689136237,7.809999465942383
48.2,uav_01,1,21.085029009344336,-26.709471416389366,7.809999465942383
48.3,uav_01,1,20.889408838894788,-26.745346541438927,7.809999465942383
48.4,uav_01,1,20.68889500555088,-26.779901891742423,7.809999465942383
48.5,uav_01,1,20.488381173409245,-26.814457242045922,7.809999465942383
48.6,uav_01,1,20.27789897292298,-26.8377436750162,7.809999465942383
48.7,uav_01,1,20.057333757375098,-26.86016369589763,7.8105559654696455
48.8,uav_01,1,19.83585454474449,-26.871682146097896,7.819999694824219
48.9,uav_01,1,19.606554697455966,-26.88320059597895,7.819999694824219
49.0,uav_01,1,19.38265323344254,-26.89280254943471,7.819999694824219
49.1,uav_01,1,19.144933202718537,-26.890591507128438,7.819999694824219
49.2,uav_01,1,18.91656482895474,-26.881717305055606,7.819999694824219
49.3,uav_01,1,18.68051047013201,-26.880422306064094,7.819999694824219
49.4,uav_01,1,18.45245130758601,-26.869941680364025,7.819999694824219
49.5,uav_01,1,18.224317496019953,-26.85946105431614,7.819999694824219
49.6,uav_01,1,17.987135966283102,-26.848980428268256,7.819999694824219
49.7,uav_01,1,17.74995443654627,-26.828538032482545,7.819999694824219
49.8,uav_01,1,17.504628415965207,-26.81693393218721,7.819999694824219
49.9,uav_01,1,17.25832452024852,-26.806453306450276,7.819999694824219
50.0,uav_01,1,17.01360312985719,-26.796040018626574,7.819999694824219
50.1,uav_01,1,16.767887669195925,-26.778133512008225,7.819999694824219
50.2,uav_01,1,16.509398868592886,-26.763763102352733,7.819999694824219
50.3,uav_01,1,16.240641432529063,-26.752735472863378,7.819999694824219
50.4,uav_01,1,15.969686241888,-26.741617665589573,7.819999694824219
50.5,uav_01,1,15.704918982096414,-26.730499858206763,7.819999694824219
50.6,uav_01,1,15.424991942500258,-26.71224021589955,7.819999694824219
50.7,uav_01,1,15.147172043399967,-26.697178999171044,7.819999694824219
50.8,uav_01,1,14.869943894114453,-26.686061191645823,7.819999694824219
50.9,uav_01,1,14.595613035149343,-26.674943384377805,7.819999694824219
51.0,uav_01,1,14.3119985531416,-26.663825576989215,7.819999694824219
51.1,uav_01,1,14.021689421018957,-26.65270776946399,7.819999694824219
51.2,uav_01,1,13.741126242348445,-26.641723060363557,7.819999694824219
51.3,uav_01,1,13.461368171143848,-26.630879950162004,7.819999694824219
51.4,uav_01,1,13.185097751332284,-26.620077123276324,7.819999694824219
51.5,uav_01,1,12.912416231299003,-26.60927429661792,7.819999694824219
51.6,uav_01,1,12.629090155958771,-26.598471469898794,7.819999694824219
51.7,uav_01,1,12.347755934956806,-26.593500954743316,7.819999694824219
51.8,uav_01,1,12.065413127564657,-26.58795106050654,7.819999694824219
51.9,uav_01,1,11.778510811596398,-26.577148233808,7.819999694824219
52.0,uav_01,1,11.492087470347125,-26.57133046637893,7.819999694824219
52.1,uav_01,1,11.205708362176845,-26.56666668943034,7.819999694824219
52.2,uav_01,1,10.920519722726738,-26.560245221999825,7.819999694824219
52.3,uav_01,1,10.630398324376088,-26.560245221999825,7.819999694824219
52.4,uav_01,1,10.345477446843356,-26.55626290098012,7.819999694824219
52.5,uav_01,1,10.05724161187242,-26.54915997762072,7.819999694824219
52.6,uav_01,1,9.762823371831086,-26.54915997762072,7.819999694824219
52.7,uav_01,1,9.468405131789781,-26.54915997762072,7.819999694824219
52.8,uav_01,1,9.173986891748472,-26.54915997762072,7.819999694824219
52.9,uav_01,1,8.884988444250359,-26.54604659601699,7.819999694824219
53.0,uav_01,1,8.601889037298712,-26.538074733635444,7.819999694824219
53.1,uav_01,1,8.300380800447913,-26.538074733635444,7.819999694824219
53.2,uav_01,1,8.005828362826488,-26.538074733635444,7.819999694824219
53.3,uav_01,1,7.710772059547915,-26.538074733635444,7.819999694824219
53.4,uav_01,1,7.415461748154194,-26.538074733635444,7.819999694824219
53.5,uav_01,1,7.120151436760436,-26.538074733635444,7.819999694824219
53.6,uav_01,1,6.824841125366673,-26.538074733635444,7.819999694824219
53.7,uav_01,1,6.529530813972954,-26.538074733635444,7.819999694824219
53.8,uav_01,1,6.234220502579221,-26.538074733635444,7.819999694824219
53.9,uav_01,1,5.938910191185465,-26.538074733635444,7.819999694824219
54.0,uav_01,1,5.643599879791698,-26.538074733635444,7.819999694824219
54.1,uav_01,1,5.347139733968239,-26.538074733635444,7.819999694824219
54.2,uav_01,1,5.04441781079244,-26.538074733635444,7.819999694824219
54.3,uav_01,1,4.7593013929456305,-26.538074733635444,7.819999694824219
54.4,uav_01,1,4.475979901752252,-26.538074733635444,7.819999694824219
54.5,uav_01,1,4.192658410558817,-26.538074733635444,7.819999694824219
54.6,uav_01,1,3.9093369193653813,-26.538074733635444,7.819999694824219
54.7,uav_01,1,3.6260154281719634,-26.538074733635444,7.819999694824219
54.8,uav_01,1,3.335050483874681,-26.538074733635444,7.819999694824219
54.9,uav_01,1,3.049723818332888,-26.538074733635444,7.819999694824219
55.0,uav_01,1,2.7597773232044904,-26.538074733635444,7.819999694824219
55.1,uav_01,1,2.4734322071226424,-26.538074733635444,7.819999694824219
55.2,uav_01,1,2.1901107159292215,-26.538074733635444,7.819999694824219
55.3,uav_01,1,1.9018036382125523,-26.538074733635444,7.819999694824219
55.4,uav_01,1,1.6015193659968299,-26.543969258549193,7.819999694824219
55.5,uav_01,1,1.299326060435432,-26.54915997762072,7.819999694824219
55.6,uav_01,1,1.0016507713107348,-26.54915997762072,7.819999694824219
55.7,uav_01,1,0.7039754821860384,-26.54915997762072,7.819999694824219
55.8,uav_01,1,0.40135437941813,-26.54915997762072,7.819999694824219
55.9,uav_01,1,0.09897627648443999,-26.54915997762072,7.819999694824219
56.0,uav_01,1,-0.1986990126402569,-26.54915997762072,7.819999694824219
56.1,uav_01,1,-0.5011815173789677,-26.54915997762072,7.819999694824219
56.2,uav_01,1,-0.8036982183418763,-26.54915997762072,7.819999694824219
56.3,uav_01,1,-1.10135230348375,-26.54915997762072,7.819999694824219
56.4,uav_01,1,-1.4024042215678376,-26.54915997762072,7.819999694824219
56.5,uav_01,1,-1.7037349455840665,-26.54915997762072,7.819999694824219
56.6,uav_01,1,-2.001341725657705,-26.54915997762072,7.815347196446839
56.7,uav_01,1,-2.294507994799315,-26.554261650589048,7.809999465942383
56.8,uav_01,1,-2.595690859583102,-26.560245221999825,7.809999465942383
56.9,uav_01,1,-2.9038106933309122,-26.560245221999825,7.809999465942383
57.0,uav_01,1,-3.201417473404573,-26.560245221999825,7.809999465942383
57.1,uav_01,1,-3.499024253478234,-26.560245221999825,7.809999465942383
57.2,uav_01,1,-3.800829497291245,-26.560245221999825,7.809999465942383
57.3,uav_01,1,-4.097399211254924,-26.560245221999825,7.809999465942383
57.4,uav_01,1,-4.377018537195472,-26.560245221999825,7.809999465942383
57.5,uav_01,1,-4.6541685627478255,-26.560245221999825,7.809999465942383
57.6,uav_01,1,-4.935922286113408,-26.560245221999825,7.809999465942383
57.7,uav_01,1,-5.210549846846253,-26.560245221999825,7.809999465942383
57.8,uav_01,1,-5.485177407579094,-26.560245221999825,7.809999465942383
57.9,uav_01,1,-5.759804968311903,-26.560245221999825,7.809999465942383
58.0,uav_01,1,-6.042655250444158,-26.560245221999825,7.809999465942383
58.1,uav_01,1,-6.3187087186010285,-26.560245221999825,7.809999465942383
58.2,uav_01,1,-6.586692906975288,-26.560245221999825,7.809999465942383
58.3,uav_01,1,-6.858315211243271,-26.560245221999825,7.809999465942383
58.4,uav_01,1,-7.15600576748307,-26.560245221999825,7.809999465942383
58.5,uav_01,1,-7.468154389935855,-26.560245221999825,7.809999465942383
58.6,uav_01,1,-7.7765641008737205,-26.560245221999825,7.809999465942383
58.7,uav_01,1,-8.091757170982776,-26.560245221999825,7.809999465942383
58.8,uav_01,1,-8.405116934082077,-26.560245221999825,7.809999465942383
58.9,uav_01,1,-8.715052427060204,-26.560245221999825,7.809999465942383
59.0,uav_01,1,-9.024987920038297,-26.560245221999825,7.809999465942383
59.1,uav_01,1,-9.342544934668473,-26.560245221999825,7.809999465942383
59.2,uav_01,1,-9.646536720714542,-26.560245221999825,7.809999465942383
59.3,uav_01,1,-9.954794398972627,-26.560245221999825,7.809999465942383
59.4,uav_01,1,-10.249492701149274,-26.560245221999825,7.809999465942383
59.5,uav_01,1,-10.521336741680855,-26.550565825771656,7.809999465942383
59.6,uav_01,1,-10.790304389191245,-26.53952957126864,7.809999465942383
59.7,uav_01,1,-11.050932343446371,-26.5189118993149,7.809999465942383
59.8,uav_01,1,-11.285402847254737,-26.496839389963256,7.809999465942383
59.9,uav_01,1,-11.532455367539256,-26.465283442572655,7.809999465942383
60.0,uav_01,1,-11.749363956932553,-26.432174678429284,7.809999465942383
60.1,uav_01,1,-11.96886481011759,-26.380294996236966,7.809999465942383
60.2,uav_01,1,-12.165423051640758,-26.325113722734976,7.809999465942383
60.3,uav_01,1,-12.357542799082399,-26.260644969336816,7.809999465942383
60.4,uav_01,1,-12.511412417972362,-26.18824766916378,7.809999465942383
60.5,uav_01,1,-12.661724299819047,-26.108189721720272,7.809999465942383
60.6,uav_01,1,-12.794431146016711,-26.033494842585174,7.809999465942383
60.7,uav_01,1,-12.918470704618283,-25.949742939426166,7.809999465942383
60.8,uav_01,1,-13.024011129019373,-25.85266998929651,7.809999465942383
60.9,uav_01,1,-13.116981377914602,-25.750357662566515,7.809999465942383
61.0,uav_01,1,-13.205417685345825,-25.640752217553338,7.809999465942383
61.1,uav_01,1,-13.27909067785972,-25.520769972807106,7.809999465942383
61.2,uav_01,1,-13.355863709211157,-25.40241080535533,7.809999465942383
61.3,uav_01,1,-13.417256793701384,-25.261342596649527,7.809999465942383
61.4,uav_01,1,-13.47056005591036,-25.13762762875835,7.809999465942383
61.5,uav_01,1,-13.518313595954856,-24.973036459407105,7.809878050419013
61.6,uav_01,1,-13.567747166007155,-24.800614142317418,7.799999237060547
61.7,uav_01,1,-13.607649255241107,-24.61724116984291,7.799999237060547
61.8,uav_01,1,-13.646453515242875,-24.431345620257915,7.799999237060547
61.9,uav_01,1,-13.676380081459534,-24.225051026376796,7.799999237060547
62.0,uav_01,1,-13.704555030305198,-24.018756432495667,7.799999237060547
62.1,uav_01,1,-13.726584586440579,-23.810073850453524,7.799999237060547
62.2,uav_01,1,-13.751700341325586,-23.589554891074847,7.802492297066328
62.3,uav_01,1,-13.761675863954595,-23.363477796892216,7.809999465942383
62.4,uav_01,1,-13.768592191593621,-23.14051593294822,7.809999465942383
62.5,uav_01,1,-13.768592191593621,-22.906834373453165,7.809999465942383
62.6,uav_01,1,-13.765629432358171,-22.67884331043073,7.809999465942383
62.7,uav_01,1,-13.756062638931446,-22.45239905545625,7.809999465942383
62.8,uav_01,1,-13.746528234767807,-22.211410774557244,7.809999465942383
62.9,uav_01,1,-13.734228559837016,-21.96899700937674,7.809999465942383
63.0,uav_01,1,-13.720349051589974,-21.72658324430445,7.809999465942383
63.1,uav_01,1,-13.715162610490873,-21.481190145652484,7.809999465942383
63.2,uav_01,1,-13.698516401677274,-21.224844675931994,7.8073716811303875
63.3,uav_01,1,-13.6889256006012,-20.966086216305122,7.799999237060547
63.4,uav_01,1,-13.677146991592922,-20.72130999849038,7.799999237060547
63.5,uav_01,1,-13.660720779002396,-20.470905690503837,7.799999237060547
63.6,uav_01,1,-13.65184419026537,-20.226147623696374,7.799999237060547
63.7,uav_01,1,-13.642775177419734,-19.981389556888914,7.799999237060547
63.8,uav_01,1,-13.625022000933004,-19.736631490081503,7.799999237060547
63.9,uav_01,1,-13.607268824446274,-19.482341085795955,7.799999237060547
64.0,uav_01,1,-13.604565515306994,-19.23603011208748,7.799999237060547
64.1,uav_01,1,-13.597812622007568,-18.983513690751316,7.799999237060547
64.2,uav_01,1,-13.58295518008519,-18.735428734093468,7.799999237060547
64.3,uav_01,1,-13.570410817218642,-18.484686295706723,7.799999237060547
64.4,uav_01,1,-13.561534228975058,-18.224632596071284,7.799999237060547
64.5,uav_01,1,-13.548394217587651,-17.955090535516806,7.799999237060547
64.6,uav_01,1,-13.532912076445454,-17.673680835162198,7.799999237060547
64.7,uav_01,1,-13.52283013073641,-17.378880552398343,7.799999237060547
64.8,uav_01,1,-13.512748184948368,-17.077720472746236,7.799999237060547
64.9,uav_01,1,-13.497342714706802,-16.777896697404902,7.799999237060547
65.0,uav_01,1,-13.488781979024013,-16.48442652974214,7.799999237060547
65.1,uav_01,1,-13.482582753617082,-16.180605031971304,7.799999237060547
65.2,uav_01,1,-13.472500807611572,-15.883102041899516,7.799999237060547
65.3,uav_01,1,-13.462418862119993,-15.585407121822152,7.799999237060547
65.4,uav_01,1,-13.452336915991328,-15.267015529635655,7.799999237060547
65.5,uav_01,1,-13.450187466472636,-14.98741728158788,7.799999237060547
65.6,uav_01,1,-13.443501301731768,-14.721014808529521,7.799999237060547
65.7,uav_01,1,-13.428650957779473,-14.454969616503194,7.799999237060547
65.8,uav_01,1,-13.421241582744678,-14.182948207793906,7.799999237060547
65.9,uav_01,1,-13.421241582744678,-13.911793988405469,7.799999237060547
66.0,uav_01,1,-13.421241582744678,-13.637207310580898,7.799999237060547
66.1,uav_01,1,-13.418266540717628,-13.360951122101936,7.799999237060547
66.2,uav_01,1,-13.41159295529241,-13.100007899014964,7.799999237060547
66.3,uav_01,1,-13.41159295529241,-12.82373019972916,7.799999237060547
66.4,uav_01,1,-13.4108445867873,-12.54831229595585,7.799999237060547
66.5,uav_01,1,-13.40194432646899,-12.282249024817624,7.799999237060547
66.6,uav_01,1,-13.40194432646899,-11.98999520837618,7.799999237060547
66.7,uav_01,1,-13.40194432646899,-11.687794487394832,7.799999237060547
66.8,uav_01,1,-13.40194432646899,-11.385355166471095,7.799999237060547
66.9,uav_01,1,-13.401869265383308,-11.083002082733094,7.799999237060547
67.0,uav_01,1,-13.39229569901672,-10.791606943625512,7.80018036137672
67.1,uav_01,1,-13.39229569901672,-10.491616627640902,7.809999465942383
67.2,uav_01,1,-13.39229569901672,-10.18917730671712,7.809999465942383
67.3,uav_01,1,-13.39229569901672,-9.886737985793424,7.809999465942383
67.4,uav_01,1,-13.39229569901672,-9.58429866486964,7.809999465942383
67.5,uav_01,1,-13.39229569901672,-9.282447024194056,7.809999465942383
67.6,uav_01,1,-13.39229569901672,-8.989323199923223,7.809999465942383
67.7,uav_01,1,-13.39229569901672,-8.691163231660834,7.809999465942383
67.8,uav_01,1,-13.39229569901672,-8.41427670851366,7.809999465942383
67.9,uav_01,1,-13.39229569901672,-8.127213832489394,7.809999465942383
68.0,uav_01,1,-13.39229569901672,-7.839702434296827,7.809999465942383
68.1,uav_01,1,-13.39229569901672,-7.552191036404163,7.809999465942383
68.2,uav_01,1,-13.39229569901672,-7.264679638558389,7.809999465942383
68.3,uav_01,1,-13.399653520691636,-6.968714887967143,7.809999465942383
68.4,uav_01,1,-13.40194432646899,-6.6785715984878316,7.809999465942383
68.5,uav_01,1,-13.40194432646899,-6.391060200642102,7.809999465942383
68.6,uav_01,1,-13.40194432646899,-6.096434437930579,7.809999465942383
68.7,uav_01,1,-13.40194432646899,-5.793959448440639,7.809999465942383
68.8,uav_01,1,-13.40194432646899,-5.489307165948427,7.809999465942383
68.9,uav_01,1,-13.40194432646899,-5.176734177208443,7.809999465942383
69.0,uav_01,1,-13.409011023031633,-4.868917356584824,7.809999465942383
69.1,uav_01,1,-13.41159295529241,-4.555948020595718,7.809999465942383
69.2,uav_01,1,-13.41159295529241,-4.258872492544758,7.809999465942383
69.3,uav_01,1,-13.41159295529241,-3.957454689063938,7.809999465942383
69.4,uav_01,1,-13.41159295529241,-3.6351640119032633,7.809999465942383
69.5,uav_01,1,-13.41159295529241,-3.3349970062800933,7.809999465942383
69.6,uav_01,1,-13.41159295529241,-3.0438674798076515,7.809999465942383
69.7,uav_01,1,-13.41159295529241,-2.7593465429015636,7.81743642112816
69.8,uav_01,1,-13.41159295529241,-2.4764793385267985,7.819999694824219
69.9,uav_01,1,-13.417708836561436,-2.193612134252929,7.819999694824219
70.0,uav_01,1,-13.421241582744678,-1.9043271155003068,7.819999694824219
70.1,uav_01,1,-13.421241582744678,-1.616792481326187,7.819999694824219
70.2,uav_01,1,-13.421241582744678,-1.3339252770523369,7.819999694824219
70.3,uav_01,1,-13.421241582744678,-1.051058072778508,7.819999694824219
70.4,uav_01,1,-13.421241582744678,-0.768190868504653,7.819999694824219
70.5,uav_01,1,-13.421241582744678,-0.4819492554209794,7.819999694824219
70.6,uav_01,1,-13.421241582744678,-0.18973505301283686,7.819999694824219
70.7,uav_01,1,-13.421241582744678,0.10018152079474273,7.819999694824219
70.8,uav_01,1,-13.421241582744678,0.3952096829591836,7.819999694824219
70.9,uav_01,1,-13.421241582744678,0.6948514858171998,7.819999694824219
71.0,uav_01,1,-13.421241582744678,0.9785532548337889,7.819999694824219
71.1,uav_01,1,-13.421241582744678,1.2713438329005997,7.819999694824219
71.2,uav_01,1,-13.421241582744678,1.5641344112536326,7.819999694824219
71.3,uav_01,1,-13.421241582744678,1.8577180566134088,7.819999694824219
71.4,uav_01,1,-13.421241582744678,2.1583066317030646,7.819999694824219
71.5,uav_01,1,-13.421241582744678,2.4510972097160155,7.819999694824219
71.6,uav_01,1,-13.421241582744678,2.7441817457385516,7.819999694824219
71.7,uav_01,1,-13.421241582744678,3.0521734313665423,7.819999694824219
71.8,uav_01,1,-13.421241582744678,3.3692294571026657,7.819999694824219
71.9,uav_01,1,-13.421241582744678,3.6881493854173786,7.82168116000097
72.0,uav_01,1,-13.421241582744678,4.014426752954021,7.829999923706055
72.1,uav_01,1,-13.421241582744678,4.331482778690102,7.829999923706055
72.2,uav_01,1,-13.421241582744678,4.65237542158871,7.829999923706055
72.3,uav_01,1,-13.421241582744678,4.972185885851047,7.829999923706055
72.4,uav_01,1,-13.421241582744678,5.282650855898544,7.829999923706055
72.5,uav_01,1,-13.421241582744678,5.599706881841015,7.829999923706055
72.6,uav_01,1,-13.421241582744678,5.9001459051604135,7.824721201419675
72.7,uav_01,1,-13.421241582744678,6.179414409464974,7.819999694824219
72.8,uav_01,1,-13.421241582744678,6.451291795914543,7.819999694824219
72.9,uav_01,1,-13.421241582744678,6.723169182364139,7.819999694824219
73.0,uav_01,1,-13.421241582744678,6.995046568813723,7.819999694824219
73.1,uav_01,1,-13.421241582744678,7.267970601956458,7.819999694824219
73.2,uav_01,1,-13.421241582744678,7.5498556508272285,7.819999694824219
73.3,uav_01,1,-13.421241582744678,7.811663504326098,7.819999694824219
73.4,uav_01,1,-13.421241582744678,8.082556114934848,7.819999694824219
73.5,uav_01,1,-13.421241582744678,8.352632970694327,7.819999694824219
73.6,uav_01,1,-13.421241582744678,8.630777664595838,7.819999694824219
73.7,uav_01,1,-13.421241582744678,8.9180439318325,7.819999694824219
73.8,uav_01,1,-13.421241582744678,9.209795314028478,7.819999694824219
73.9,uav_01,1,-13.421241582744678,9.50864355326723,7.819999694824219
74.0,uav_01,1,-13.421241582744678,9.818896675361355,7.819999694824219
74.1,uav_01,1,-13.421241582744678,10.120165998524067,7.819999694824219
74.2,uav_01,1,-13.421241582744678,10.419493695724386,7.819999694824219
74.3,uav_01,1,-13.421241582744678,10.723110409941043,7.819999694824219
74.4,uav_01,1,-13.421241582744678,11.026727124011085,7.819999694824219
74.5,uav_01,1,-13.421241582744678,11.330343838081085,7.819999694824219
74.6,uav_01,1,-13.421241582744678,11.633960552151041,7.819999694824219
74.7,uav_01,1,-13.421241582744678,11.929499987744283,7.819999694824219
74.8,uav_01,1,-13.421241582744678,12.22419243009319,7.819999694824219
74.9,uav_01,1,-13.421241582744678,12.507263894153175,7.819999694824219
75.0,uav_01,1,-13.421241582744678,12.7882197287434,7.819999694824219
75.1,uav_01,1,-13.421241582744678,13.073745921506656,7.819999694824219
75.2,uav_01,1,-13.421241582744678,13.359272114273377,7.819999694824219
75.3,uav_01,1,-13.421241582744678,13.644798306841432,7.819999694824219
75.4,uav_01,1,-13.421241582744678,13.930324499409528,7.819999694824219
75.5,uav_01,1,-13.421241582744678,14.21508003480394,7.819999694824219
75.6,uav_01,1,-13.421241582744678,14.498882704589885,7.819999694824219
75.7,uav_01,1,-13.421241582744678,14.787919884507213,7.819999694824219
75.8,uav_01,1,-13.421241582744678,15.085758155171698,7.819999694824219
75.9,uav_01,1,-13.421241582744678,15.370490869285046,7.819999694824219
76.0,uav_01,1,-13.421241582744678,15.664225483675654,7.819999694824219
76.1,uav_01,1,-13.421241582744678,15.957960097739104,7.819999694824219
76.2,uav_01,1,-13.421241582744678,16.25169471180266,7.819999694824219
76.3,uav_01,1,-13.421241582744678,16.54542932586613,7.819999694824219
76.4,uav_01,1,-13.421241582744678,16.839163939929616,7.819999694824219
76.5,uav_01,1,-13.421241582744678,17.13225850094458,7.819999694824219
76.6,uav_01,1,-13.421241582744678,17.415114055470184,7.819999694824219
76.7,uav_01,1,-13.421241582744678,17.697850710505328,7.819999694824219
76.8,uav_01,1,-13.420830092271883,17.975090411726146,7.819999694824219
76.9,uav_01,1,-13.401629231744296,18.254638270568833,7.819999694824219
77.0,uav_01,1,-13.391022366273571,18.51200075815362,7.819999694824219
77.1,uav_01,1,-13.361748433945477,18.75864001198913,7.819999694824219
77.2,uav_01,1,-13.331831357164491,19.003801459795078,7.819999694824219
77.3,uav_01,1,-13.292046955113774,19.228018963028504,7.819999694824219
77.4,uav_01,1,-13.242395225202728,19.450256136579554,7.819999694824219
77.5,uav_01,1,-13.183847359449562,19.650936093868037,7.819999694824219
77.6,uav_01,1,-13.123209852896315,19.840115389696894,7.819999694824219
77.7,uav_01,1,-13.046514555564407,20.0140242932008,7.819999694824219
77.8,uav_01,1,-12.975094152605362,20.156424980783946,7.819999694824219
77.9,uav_01,1,-12.890758942252054,20.2823847885526,7.819999694824219
78.0,uav_01,1,-12.80642373189876,20.391227307631983,7.819999694824219
78.1,uav_01,1,-12.715854159781072,20.49064606742519,7.819999694824219
78.2,uav_01,1,-12.618066173691231,20.5875382272737,7.819999694824219
78.3,uav_01,1,-12.516863921027584,20.675689268178868,7.819999694824219
78.4,uav_01,1,-12.410483587617062,20.74725393359545,7.819999694824219
78.5,uav_01,1,-12.292414292643073,20.8069677323254,7.819999694824219
78.6,uav_01,1,-12.174186171272275,20.874427295056343,7.819999694824219
78.7,uav_01,1,-12.047683355742318,20.92287337480849,7.819999694824219
78.8,uav_01,1,-11.90642605905118,20.97979511695647,7.819999694824219
78.9,uav_01,1,-11.75034136948923,21.019269390473628,7.819999694824219
79.0,uav_01,1,-11.573736394108396,21.061911205207178,7.819999694824219
79.1,uav_01,1,-11.37518494613457,21.108647902707816,7.819999694824219
79.2,uav_01,1,-11.180053762976094,21.14588602406723,7.819999694824219
79.3,uav_01,1,-10.969247133856959,21.17084104112618,7.819999694824219
79.4,uav_01,1,-10.755678424087074,21.20490582659964,7.819999694824219
79.5,uav_01,1,-10.532278195625734,21.217577738570455,7.819999694824219
79.6,uav_01,1,-10.307835346086724,21.23932798225411,7.819999694824219
79.7,uav_01,1,-10.072701246772592,21.24073596509912,7.819999694824219
79.8,uav_01,1,-9.829436381387003,21.250413226239388,7.819999694824219
79.9,uav_01,1,-9.590006637629829,21.24806887315131,7.819999694824219
80.0,uav_01,1,-9.34785033144438,21.23932798225411,7.819999694824219
80.1,uav_01,1,-9.095361501289007,21.23619790533354,7.819999694824219
80.2,uav_01,1,-8.838672898350248,21.224719799079832,7.819999694824219
80.3,uav_01,1,-8.588908495730589,21.209325892295478,7.819999694824219
80.4,uav_01,1,-8.331643548518256,21.190678342587145,7.819999694824219
80.5,uav_01,1,-8.065990213821985,21.17920023650047,7.819999694824219
80.6,uav_01,1,-7.801801066790281,21.16772213047356,7.819999694824219
80.7,uav_01,1,-7.527279395497063,21.15075677624662,7.819999694824219
80.8,uav_01,1,-7.26034375460141,21.134007573528564,7.819999694824219
80.9,uav_01,1,-7.004992581929974,21.123332455924828,7.819999694824219
81.0,uav_01,1,-6.752984130494443,21.11282917208105,7.819999694824219
81.1,uav_01,1,-6.499220803444252,21.098346725333872,7.819999694824219
81.2,uav_01,1,-6.237057184069298,21.080737360042782,7.819999694824219
81.3,uav_01,1,-5.981078717658661,21.070234076310093,7.819999694824219
81.4,uav_01,1,-5.723156396528952,21.059730792304272,7.819999694824219
81.5,uav_01,1,-5.458035842589059,21.04922750835712,7.819999694824219
81.6,uav_01,1,-5.192915288649112,21.037654863579732,7.819999694824219
81.7,uav_01,1,-4.927794734709192,21.017135696318846,7.819999694824219
81.8,uav_01,1,-4.662674180769309,21.006632412686177,7.819999694824219
81.9,uav_01,1,-4.386886985510946,20.996067591756045,7.810554254939603
82.0,uav_01,1,-4.120872572593469,20.99545260867059,7.809999465942383
82.1,uav_01,1,-3.8453151320964567,20.97663349492122,7.809999465942383
82.2,uav_01,1,-3.568470867705514,20.964355656701205,7.809999465942383
82.3,uav_01,1,-3.2842774702954802,20.962196875927102,7.809999465942383
82.4,uav_01,1,-3.012062358986128,20.94627632274723,7.809999465942383
82.5,uav_01,1,-2.731429914204809,20.932549204268213,7.809999465942383
82.6,uav_01,1,-2.457532859306965,20.92894114318361,7.809999465942383
82.7,uav_01,1,-2.184249547456984,20.92894114318361,7.809999465942383
82.8,uav_01,1,-1.907405283604434,20.91688533742975,7.809999465942383
82.9,uav_01,1,-1.619985932494571,20.90101278598645,7.809999465942383
83.0,uav_01,1,-1.3194521782655062,20.895685410440127,7.809999465942383
83.1,uav_01,1,-1.0156660083687155,20.895685410440127,7.809999465942383
83.2,uav_01,1,-0.7118798384719188,20.88337036288876,7.809999465942383
83.3,uav_01,1,-0.4080936685750963,20.873514922075742,7.809999465942383
83.4,uav_01,1,-0.11563025454295628,20.867010602808183,7.809999465942383
83.5,uav_01,1,0.1801814149427983,20.86242967769664,7.809999465942383
83.6,uav_01,1,0.48396758483959823,20.86242967769664,7.809999465942383
83.7,uav_01,1,0.787753754736431,20.86242967769664,7.809999465942383
83.8,uav_01,1,1.0915399246332043,20.86242967769664,7.809999465942383
83.9,uav_01,1,1.384642701514109,20.86242967769664,7.809999465942383
84.0,uav_01,1,1.6667249121999237,20.84974088728116,7.809999465942383
84.1,uav_01,1,1.9490017138751825,20.840259189332254,7.809999465942383
84.2,uav_01,1,2.2312794958179762,20.840259189332254,7.809999465942383
84.3,uav_01,1,2.509978755020978,20.840259189332254,7.809999465942383
84.4,uav_01,1,2.788678014224043,20.840259189332254,7.809999465942383
84.5,uav_01,1,3.0673772734271005,20.83778892200387,7.809999465942383
84.6,uav_01,1,3.3475683308598954,20.82917394495315,7.809999465942383
84.7,uav_01,1,3.634424419285418,20.82917394495315,7.809999465942383
84.8,uav_01,1,3.9131236784884917,20.82917394495315,7.809999465942383
84.9,uav_01,1,4.1918229376915335,20.82917394495315,7.809999465942383
85.0,uav_01,1,4.471888498901893,20.82917394495315,7.809999465942383
85.1,uav_01,1,4.768693350074813,20.82917394495315,7.809999465942383
85.2,uav_01,1,5.045666089713549,20.82917394495315,7.809999465942383
85.3,uav_01,1,5.3243760576343515,20.82917394495315,7.809999465942383
85.4,uav_01,1,5.611565152650094,20.82917394495315,7.809999465942383
85.5,uav_01,1,5.895985073554193,20.82917394495315,7.809999465942383
85.6,uav_01,1,6.176965267102385,20.82917394495315,7.809999465942383
85.7,uav_01,1,6.462400108892213,20.82917394495315,7.809999465942383
85.8,uav_01,1,6.748574281651017,20.82917394495315,7.809999465942383
85.9,uav_01,1,7.029554475199225,20.82917394495315,7.809999465942383
86.0,uav_01,1,7.319863925043783,20.82917394495315,7.809999465942383
86.1,uav_01,1,7.633535464677845,20.82917394495315,7.809999465942383
86.2,uav_01,1,7.954013150957262,20.83345813926209,7.809999465942383
86.3,uav_01,1,8.279842889062067,20.840259189332254,7.809999465942383
86.4,uav_01,1,8.600586292135736,20.840259189332254,7.809999465942383
86.5,uav_01,1,8.917335003276587,20.840259189332254,7.809999465942383
86.6,uav_01,1,9.240008572990066,20.840259189332254,7.809999465942383
86.7,uav_01,1,9.56048105301053,20.840259189332254,7.809999465942383
86.8,uav_01,1,9.877229764151389,20.85648846446511,7.809999465942383
86.9,uav_01,1,10.209242627311385,20.86242967769664,7.809999465942383
87.0,uav_01,1,10.520545918772342,20.86242967769664,7.809999465942383
87.1,uav_01,1,10.84197353832735,20.86242967769664,7.809999465942383
87.2,uav_01,1,11.157101185311056,20.86242967769664,7.809999465942383
87.3,uav_01,1,11.480844552049993,20.86242967769664,7.809999465942383
87.4,uav_01,1,11.79545574511401,20.86242967769664,7.809999465942383
87.5,uav_01,1,12.118778545346101,20.86242967769664,7.809999465942383
87.6,uav_01,1,12.432905247056288,20.86242967769664,7.809999465942383
87.7,uav_01,1,12.748937952029236,20.86242967769664,7.809999465942383
87.8,uav_01,1,13.070807279300032,20.86242967769664,7.809999465942383
87.9,uav_01,1,13.380010711562871,20.86242967769664,7.809999465942383
88.0,uav_01,1,13.671227329178272,20.86242967769664,7.809999465942383
88.1,uav_01,1,13.945163402492518,20.86242967769664,7.809999465942383
88.2,uav_01,1,14.219486677330003,20.863029479875763,7.809999465942383
88.3,uav_01,1,14.499922433013182,20.87309794142734,7.809999465942383
88.4,uav_01,1,14.782598370228481,20.873514922075742,7.809999465942383
88.5,uav_01,1,15.057712389784916,20.873514922075742,7.809999465942383
88.6,uav_01,1,15.331648463099167,20.873514922075742,7.809999465942383
88.7,uav_01,1,15.611619276433126,20.873514922075742,7.809999465942383
88.8,uav_01,1,15.889169237179962,20.873514922075742,7.809999465942383
88.9,uav_01,1,16.16751608960872,20.873514922075742,7.809999465942383
89.0,uav_01,1,16.447862365003115,20.873514922075742,7.809999465942383
89.1,uav_01,1,16.725249523129378,20.873514922075742,7.809999465942383
89.2,uav_01,1,17.00836300302552,20.873514922075742,7.809999465942383
89.3,uav_01,1,17.30168030646424,20.873514922075742,7.809999465942383
89.4,uav_01,1,17.579298918553015,20.873514922075742,7.809999465942383
89.5,uav_01,1,17.84945075268899,20.873514922075742,7.809999465942383
89.6,uav_01,1,18.13700354159,20.873514922075742,7.809999465942383
89.7,uav_01,1,18.415947360582724,20.873514922075742,7.809999465942383
89.8,uav_01,1,18.69451412411228,20.873514922075742,7.809999465942383
89.9,uav_01,1,18.98036464961131,20.873514922075742,7.809999465942383
90.0,uav_01,1,19.261296278623764,20.873514922075742,7.809999465942383
90.1,uav_01,1,19.54712588424834,20.873514922075742,7.809999465942383
90.2,uav_01,1,19.822862102312556,20.873514922075742,7.809999465942383
90.3,uav_01,1,20.09643399460807,20.86670011777912,7.816147242249379
90.4,uav_01,1,20.361949686888117,20.86242967769664,7.819999694824219
90.5,uav_01,1,20.61874797342035,20.842769823882005,7.819999694824219
90.6,uav_01,1,20.86477996112203,20.80993775348858,7.819999694824219
90.7,uav_01,1,21.098253454337048,20.77699238410408,7.819999694824219
90.8,uav_01,1,21.322258412841975,20.74404701471959,7.819999694824219
90.9,uav_01,1,21.536794838146342,20.69889824448229,7.819999694824219
91.0,uav_01,1,21.736641839181374,20.637991049557627,7.819999694824219
91.1,uav_01,1,21.926389469570967,20.570755432623404,7.819999694824219
91.2,uav_01,1,22.10592313045159,20.494878981777383,7.819999694824219
91.3,uav_01,1,22.266052879372108,20.406065925425377,7.819999694824219
91.4,uav_01,1,22.41160664385474,20.305009202893636,7.819999694824219
91.5,uav_01,1,22.53926148106354,20.200029106104502,7.819999694824219
91.6,uav_01,1,22.653348627625924,20.08614950677578,7.819999694824219
91.7,uav_01,1,22.756778851915392,19.969504954727334,7.819999694824219
91.8,uav_01,1,22.84955215483397,19.83274455341578,7.819999694824219
91.9,uav_01,1,22.922409942895726,19.69277109103024,7.819999694824219
92.0,uav_01,1,23.002759662084962,19.541554717173256,7.819888160817586
92.1,uav_01,1,23.041118302041856,19.38753332029349,7.809999465942383
92.2,uav_01,1,23.096720745938153,19.227830127995187,7.809999465942383
92.3,uav_01,1,23.134487291362042,19.057881162696216,7.809999465942383
92.4,uav_01,1,23.18009198349854,18.88753109078527,7.809999465942383
92.5,uav_01,1,23.210117669853936,18.707811975739432,7.809999465942383
92.6,uav_01,1,23.237726165656323,18.519212876593034,7.809999465942383
92.7,uav_01,1,23.2654788990915,18.327903301772093,7.809999465942383
92.8,uav_01,1,23.293280121371804,18.128297898882295,7.809999465942383
92.9,uav_01,1,23.30798490127686,17.92600718851168,7.816786307351212
93.0,uav_01,1,23.317251975696934,17.716631635793902,7.819999694824219
93.1,uav_01,1,23.32614583305635,17.518487461088426,7.819999694824219
93.2,uav_01,1,23.33038256444855,17.318123579389923,7.819999694824219
93.3,uav_01,1,23.33038256444855,17.11053650793366,7.819999694824219
93.4,uav_01,1,23.328716056859037,16.909131027121276,7.819999694824219
93.5,uav_01,1,23.320368252465688,16.707305413825665,7.819999694824219
93.6,uav_01,1,23.31202044693801,16.496309195718208,7.819999694824219
93.7,uav_01,1,23.30367264246374,16.28531297761072,7.819999694824219
93.8,uav_01,1,23.289212994655575,16.07431675975267,7.819999694824219
93.9,uav_01,1,23.27732840495755,15.86332054178951,7.819999694824219
94.0,uav_01,1,23.265470403740878,15.644258640940533,7.819999694824219
94.1,uav_01,1,23.250984167137396,15.416619282851787,7.817709810749983
94.2,uav_01,1,23.242513490152895,15.192785501387235,7.809999465942383
94.3,uav_01,1,23.23203040794492,14.939355420808747,7.809999465942383
94.4,uav_01,1,23.21302882671489,14.6557380175744,7.809999465942383
94.5,uav_01,1,23.200535470960652,14.372120614340101,7.809999465942383
94.6,uav_01,1,23.18565314443761,14.085234921901153,7.809999465942383
94.7,uav_01,1,23.17868916142865,13.793800563492349,7.809999465942383
94.8,uav_01,1,23.15818546538132,13.506428382597361,7.809999465942383
94.9,uav_01,1,23.14238251932034,13.212325206639239,7.809999465942383
95.0,uav_01,1,23.132096627844202,12.916890411463559,7.809999465942383
95.1,uav_01,1,23.12181073650706,12.621455616530808,7.809999465942383
95.2,uav_01,1,23.10512692056809,12.32128946319374,7.809999465942383
95.3,uav_01,1,23.091893111282943,12.028197475229776,7.809999465942383
95.4,uav_01,1,23.081841902769277,11.731087732245333,7.809999465942383
95.5,uav_01,1,23.071790694966335,11.430845822362004,7.809999465942383
95.6,uav_01,1,23.053609365677215,11.139944554098765,7.809999465942383
95.7,uav_01,1,23.042039651197456,10.85125040971195,7.809999465942383
95.8,uav_01,1,23.040923724426676,10.542024895675372,7.809999465942383
95.9,uav_01,1,23.031585862377277,10.240963426039036,7.809999465942383
96.0,uav_01,1,23.021534654847336,9.940616032459586,7.809999465942383
96.1,uav_01,1,23.011522485280164,9.630560512607161,7.809999465942383
96.2,uav_01,1,23.002329211875296,9.35418164612594,7.809999465942383
96.3,uav_01,1,23.002329211875296,9.09994473158343,7.809999465942383
96.4,uav_01,1,23.002329211875296,8.827059238590603,7.809999465942383
96.5,uav_01,1,22.98769161015401,8.56089189195424,7.809999465942383
96.6,uav_01,1,22.983031955599607,8.288992746975142,7.80324009739433
96.7,uav_01,1,22.977307328694028,8.014416879009103,7.799999237060547
96.8,uav_01,1,22.973383328147342,7.74550222923216,7.799999237060547
96.9,uav_01,1,22.973383328147342,7.482115521399023,7.799999237060547
97.0,uav_01,1,22.970130366160802,7.211616637412208,7.799999237060547
97.1,uav_01,1,22.96373469932392,6.929692831086105,7.799999237060547
97.2,uav_01,1,22.96373469932392,6.654735137488345,7.799999237060547
97.3,uav_01,1,22.962349708757444,6.3753938451399765,7.799999237060547
97.4,uav_01,1,22.95408607187165,6.081471370409825,7.799999237060547
97.5,uav_01,1,22.95408607187165,5.794443276815355,7.799999237060547
97.6,uav_01,1,22.95408607187165,5.489289869050136,7.799999237060547
97.7,uav_01,1,22.95408607187165,5.193921877132601,7.799999237060547
97.8,uav_01,1,22.95408607187165,4.898553885215038,7.799999237060547
97.9,uav_01,1,22.95408607187165,4.603185893297512,7.799999237060547
98.0,uav_01,1,22.95408607187165,4.307817901380061,7.799999237060547
98.1,uav_01,1,22.95408607187165,4.012449909447371,7.799999237060547
98.2,uav_01,1,22.95408607187165,3.7169120538713405,7.799999237060547
98.3,uav_01,1,22.95408607187165,3.414378404387645,7.799999237060547
98.4,uav_01,1,22.95352962445375,3.097692570283483,7.799999237060547
98.5,uav_01,1,22.945209573013422,2.791700477375745,7.799999237060547
98.6,uav_01,1,22.95408607187165,2.4868432759518364,7.799999237060547
98.7,uav_01,1,22.95408607187165,2.189418849349317,7.799999237060547
98.8,uav_01,1,22.95408607187165,1.8737241997657421,7.799999237060547
98.9,uav_01,1,22.95408607187165,1.5662884707058924,7.799999237060547
99.0,uav_01,1,22.95408607187165,1.253148950269057,7.799999237060547
99.1,uav_01,1,22.95408607187165,0.947156857732415,7.799999237060547
99.2,uav_01,1,22.95408607187165,0.6429465175342006,7.799999237060547
99.3,uav_01,1,22.95408607187165,0.34869364312728024,7.801682365506361
99.4,uav_01,1,22.95408607187165,0.07136141693392226,7.809999465942383
99.5,uav_01,1,22.95408607187165,-0.20597080925945935,7.809999465942383
99.6,uav_01,1,22.95408607187165,-0.4833030354527339,7.809999465942383
99.7,uav_01,1,22.95408607187165,-0.7703315310384562,7.8012522602058585
99.8,uav_01,1,22.95408607187165,-1.0490527322185614,7.808012404899291
99.9,uav_01,1,22.95408607187165,-1.3263849584119278,7.809999465942383
100.0,uav_01,1,22.95408607187165,-1.6037171846052132,7.809999465942383
100.1,uav_01,1,22.95408607187165,-1.8874909588934163,7.809999465942383
100.2,uav_01,1,22.95408607187165,-2.169466881371045,7.809999465942383
100.3,uav_01,1,22.95408607187165,-2.4492453774218608,7.809999465942383
100.4,uav_01,1,22.95408607187165,-2.7330718232342233,7.809999465942383
100.5,uav_01,1,22.95408607187165,-3.0187372954150287,7.809999465942383
100.6,uav_01,1,22.95408607187165,-3.307724320794262,7.807003023910728
100.7,uav_01,1,22.95408607187165,-3.6011534838479258,7.799999237060547
100.8,uav_01,1,22.95408607187165,-3.886818956186551,7.799999237060547
100.9,uav_01,1,22.95408607187165,-4.170677999793276,7.799999237060547
101.0,uav_01,1,22.95408607187165,-4.449667429602399,7.799999237060547
101.1,uav_01,1,22.95408607187165,-4.754722919824484,7.799999237060547
101.2,uav_01,1,22.95408607187165,-5.037872982144107,7.799999237060547
101.3,uav_01,1,22.95408607187165,-5.3129582513953695,7.799999237060547
101.4,uav_01,1,22.95408607187165,-5.633518038312944,7.799999237060547
101.5,uav_01,1,22.95408607187165,-5.931554015038706,7.799999237060547
101.6,uav_01,1,22.95408607187165,-6.251329229945711,7.799999237060547
101.7,uav_01,1,22.95408607187165,-6.560053069814392,7.799999237060547
101.8,uav_01,1,22.955026790554452,-6.86985769516703,7.799999237060547
101.9,uav_01,1,22.96373469932392,-7.188585993930906,7.799999237060547
102.0,uav_01,1,22.96373469932392,-7.497309833799546,7.799999237060547
102.1,uav_01,1,22.96373469932392,-7.8060336736681935,7.799999237060547
102.2,uav_01,1,22.96373469932392,-8.114757513536912,7.799999237060547
102.3,uav_01,1,22.96373469932392,-8.424769375587081,7.799999237060547
102.4,uav_01,1,22.96373469932392,-8.734938235522582,7.799999237060547
102.5,uav_01,1,22.96373469932392,-9.034297244759367,7.799999237060547
102.6,uav_01,1,22.96373469932392,-9.333656253996098,7.799999237060547
102.7,uav_01,1,22.96373469932392,-9.633015263334917,7.799999237060547
102.8,uav_01,1,22.96373469932392,-9.935248055567104,7.799999237060547
102.9,uav_01,1,22.96373469932392,-10.24281852608551,7.799999237060547
103.0,uav_01,1,22.96373469932392,-10.542177535424543,7.799999237060547
103.1,uav_01,1,22.96373469932392,-10.838656382753078,7.799999237060547
103.2,uav_01,1,22.96373469932392,-11.132025622593275,7.799999237060547
103.3,uav_01,1,22.96373469932392,-11.433023411023141,7.799999237060547
103.4,uav_01,1,22.96373469932392,-11.711708447046586,7.799999237060547
103.5,uav_01,1,22.96373469932392,-11.98296969020735,7.799999237060547
103.6,uav_01,1,22.96373469932392,-12.263463159336768,7.799999237060547
103.7,uav_01,1,22.96373469932392,-12.534221226778163,7.799999237060547
103.8,uav_01,1,22.96373469932392,-12.804697071895603,7.799999237060547
103.9,uav_01,1,22.96373469932392,-13.075172917013132,7.806855499897384
104.0,uav_01,1,22.969420641576086,-13.345648762130597,7.809999465942383
104.1,uav_01,1,22.973383328147342,-13.616124607248056,7.809999465942383
104.2,uav_01,1,22.973383328147342,-13.886600452521806,7.809999465942383
104.3,uav_01,1,22.973383328147342,-14.153746618392333,7.809999465942383
104.4,uav_01,1,22.973383328147342,-14.423715801382091,7.809999465942383
104.5,uav_01,1,22.973383328147342,-14.726912413343216,7.809999465942383
104.6,uav_01,1,22.973383328147342,-15.032583809039979,7.809999465942383
104.7,uav_01,1,22.973383328147342,-15.338255204736805,7.809999465942383
104.8,uav_01,1,22.973383328147342,-15.643926600433634,7.809999465942383
104.9,uav_01,1,22.973383328147342,-15.94959799613044,7.809999465942383
105.0,uav_01,1,22.973383328147342,-16.255269391949575,7.809999465942383
105.1,uav_01,1,22.973383328147342,-16.5646205314283,7.809999465942383
105.2,uav_01,1,22.973383328147342,-16.87769742759996,7.809999465942383
105.3,uav_01,1,22.973383328147342,-17.183368823444248,7.809999465942383
105.4,uav_01,1,22.973383328147342,-17.481891986548238,7.809999465942383
105.5,uav_01,1,22.973383328147342,-17.77748915275372,7.809999465942383
105.6,uav_01,1,22.973383328147342,-18.082317931122205,7.809999465942383
105.7,uav_01,1,22.973383328147342,-18.38030057456023,7.809999465942383
105.8,uav_01,1,22.973383328147342,-18.678283217998164,7.809999465942383
105.9,uav_01,1,22.973383328147342,-18.97626586143617,7.809999465942383
106.0,uav_01,1,22.973383328147342,-19.27424850487414,7.809999465942383
106.1,uav_01,1,22.973383328147342,-19.572231148452268,7.809999465942383
106.2,uav_01,1,22.973383328147342,-19.870213792143932,7.809999465942383
106.3,uav_01,1,22.973383328147342,-20.164348126509292,7.809999465942383
106.4,uav_01,1,22.973383328147342,-20.45667050103381,7.809999465942383
106.5,uav_01,1,22.973383328147342,-20.75468620684923,7.809999465942383
106.6,uav_01,1,22.973383328147342,-21.042968986529548,7.812698213986563
106.7,uav_01,1,22.973383328147342,-21.331251766209927,7.819999694824219
106.8,uav_01,1,22.973383328147342,-21.61953454589031,7.819999694824219
106.9,uav_01,1,22.973383328147342,-21.906050078739586,7.819999694824219
107.0,uav_01,1,22.973383328147342,-22.185014861265724,7.819999694824219
107.1,uav_01,1,22.973383328147342,-22.47329764094615,7.819999694824219
107.2,uav_01,1,22.973383328147342,-22.76158042062651,7.819999694824219
107.3,uav_01,1,22.973383328147342,-23.049728370475755,7.819999694824219
107.4,uav_01,1,22.973383328147342,-23.327334010420916,7.819999694824219
107.5,uav_01,1,22.964770054052398,-23.58183245072522,7.819999694824219
107.6,uav_01,1,22.956210653011368,-23.82767842732135,7.819999694824219
107.7,uav_01,1,22.947635099216303,-24.066576847820382,7.819999694824219
107.8,uav_01,1,22.93364623903324,-24.29112459168931,7.819999694824219
107.9,uav_01,1,22.912119490080986,-24.50333834040432,7.819999694824219
108.0,uav_01,1,22.883054852396715,-24.714439773155927,7.819999694824219
108.1,uav_01,1,22.846452327159955,-24.92651708692886,7.819999694824219
108.2,uav_01,1,22.80466015919487,-25.121273941257407,7.819999694824219
108.3,uav_01,1,22.76981211244335,-25.298710336401285,7.819999694824219
108.4,uav_01,1,22.7010660470106,-25.456674127649773,7.819999694824219
108.5,uav_01,1,22.639976622919814,-25.62343458358642,7.819999694824219
108.6,uav_01,1,22.568175501399256,-25.78697500697055,7.819999694824219
108.7,uav_01,1,22.48959859099082,-25.93922684462744,7.819999694824219
108.8,uav_01,1,22.38673607820666,-26.07915898847458,7.819999694824219
108.9,uav_01,1,22.277144596087712,-26.198053514765654,7.828326567707799
109.0,uav_01,1,22.16755311305653,-26.30292481902574,7.829999923706055
109.1,uav_01,1,22.040636482633726,-26.405941209724034,7.829999923706055
109.2,uav_01,1,21.91111927515528,-26.488330810816592,7.829999923706055
109.3,uav_01,1,21.781602068857072,-26.568454670384153,7.829999923706055
109.4,uav_01,1,21.613663757374518,-26.62650765442119,7.829999923706055
109.5,uav_01,1,21.453911830343273,-26.68374976163805,7.829999923706055
109.6,uav_01,1,21.283324483720133,-26.74063614434377,7.829999923706055
109.7,uav_01,1,21.110091990683873,-26.786885119879507,7.829999923706055
109.8,uav_01,1,20.917214171898223,-26.83120789936516,7.829999923706055
109.9,uav_01,1,20.707536905120726,-26.865925475020962,7.829999923706055
110.0,uav_01,1,20.5015321339602,-26.898029550231797,7.829999923706055
110.1,uav_01,1,20.282630370180946,-26.9180738192206,7.829999923706055
110.2,uav_01,1,20.06485631644893,-26.936822469244877,7.829999923706055
110.3,uav_01,1,19.836730055003468,-26.95931401492168,7.829999923706055
110.4,uav_01,1,19.607186720131434,-26.968439263461857,7.829999923706055
110.5,uav_01,1,19.369055102966115,-26.981484503286065,7.829999923706055
110.6,uav_01,1,19.137597546054284,-26.971741243115236,7.829999923706055
110.7,uav_01,1,18.90864618966483,-26.95931401492168,7.829999923706055
110.8,uav_01,1,18.67165022454799,-26.95931401492168,7.829999923706055
110.9,uav_01,1,18.42753290469986,-26.954818032108243,7.829999923706055
111.0,uav_01,1,18.1852375807423,-26.939487236643327,7.829999923706055
111.1,uav_01,1,17.93720694442777,-26.926058282178197,7.829999923706055
111.2,uav_01,1,17.68558995670563,-26.921937946723276,7.829999923706055
111.3,uav_01,1,17.43149704434646,-26.90698279860353,7.829999923706055
111.4,uav_01,1,17.17672965740822,-26.89280254943471,7.829999923706055
111.5,uav_01,1,16.916200637323215,-26.885595844428806,7.829999923706055
111.6,uav_01,1,16.667298110461328,-26.867633797709395,7.829999923706055
111.7,uav_01,1,16.416272420447893,-26.85733373555206,7.829999923706055
111.8,uav_01,1,16.166599150176864,-26.84708916579433,7.829999923706055
111.9,uav_01,1,15.915123997879821,-26.836770661639243,7.829453539224584
112.0,uav_01,1,15.66364884438135,-26.826452157139084,7.820145002291078
112.1,uav_01,1,15.403332634500337,-26.816133652638925,7.819999694824219
112.2,uav_01,1,15.142876226066807,-26.80581514847239,7.819999694824219
112.3,uav_01,1,14.882419817633256,-26.795496644032433,7.819999694824219
112.4,uav_01,1,14.6288023480308,-26.785178139532274,7.819999694824219
112.5,uav_01,1,14.364984061027528,-26.767769163491003,7.819999694824219
112.6,uav_01,1,14.085078345736466,-26.753054997396962,7.819999694824219
112.7,uav_01,1,13.797721841176136,-26.74182115803865,7.819999694824219
112.8,uav_01,1,13.503550931514674,-26.73041505740179,7.819999694824219
112.9,uav_01,1,13.205713861328542,-26.719008956615284,7.819999694824219
113.0,uav_01,1,12.907876790654553,-26.70760285610716,7.819999694824219
113.1,uav_01,1,12.61003972054779,-26.6961967554361,7.819999694824219
113.2,uav_01,1,12.312202649794392,-26.684790654649593,7.819999694824219
113.3,uav_01,1,12.014365579767079,-26.682182908594672,7.819999694824219
113.4,uav_01,1,11.716528508934228,-26.67306369777967,7.819999694824219
113.5,uav_01,1,11.410474776844438,-26.661657597063016,7.819999694824219
113.6,uav_01,1,11.122930767263508,-26.660012420230295,7.819999694824219
113.7,uav_01,1,10.837299641863899,-26.651142766135884,7.819999694824219
113.8,uav_01,1,10.55867222139564,-26.640546179966954,7.819999694824219
113.9,uav_01,1,10.276863701748386,-26.637841931865907,7.819999694824219
114.0,uav_01,1,9.991674043187697,-26.63053062854526,7.819999694824219
114.1,uav_01,1,9.7057517803981,-26.626756687486804,7.819999694824219
114.2,uav_01,1,9.41982951760848,-26.626756687486804,7.819999694824219
114.3,uav_01,1,9.133907254818865,-26.620911357903424,7.819999694824219
114.4,uav_01,1,8.847984992029211,-26.615671443107697,7.819999694824219
114.5,uav_01,1,8.5620627292396,-26.615671443107697,7.819999694824219
114.6,uav_01,1,8.280835864524413,-26.611325925926714,7.816079513502317
114.7,uav_01,1,8.003458119031036,-26.604586199122423,7.809999465942383
114.8,uav_01,1,7.718319483042831,-26.604586199122423,7.809999465942383
114.9,uav_01,1,7.428996006117553,-26.604586199122423,7.809999465942383
115.0,uav_01,1,7.146589263387,-26.604586199122423,7.809999465942383
115.1,uav_01,1,6.864182520656464,-26.604586199122423,7.809999465942383
115.2,uav_01,1,6.581198816859628,-26.603923332456837,7.809999465942383
115.3,uav_01,1,6.289720406371812,-26.593500954743316,7.809999465942383
115.4,uav_01,1,6.00731366364121,-26.593500954743316,7.809999465942383
115.5,uav_01,1,5.733516311365416,-26.593500954743316,7.809999465942383
115.6,uav_01,1,5.436007493530633,-26.593500954743316,7.809999465942383
115.7,uav_01,1,5.145764952376465,-26.593500954743316,7.809999465942383
115.8,uav_01,1,4.855010514245154,-26.593500954743316,7.809999465942383
115.9,uav_01,1,4.556367818755196,-26.593500954743316,7.809999465942383
116.0,uav_01,1,4.2624109750728785,-26.60145249842885,7.809999465942383
116.1,uav_01,1,3.9726456052938186,-26.604586199122423,7.809999465942383
116.2,uav_01,1,3.6819526255931794,-26.604586199122423,7.809999465942383
116.3,uav_01,1,3.378273051684452,-26.604586199122423,7.809999465942383
116.4,uav_01,1,3.079704457597419,-26.604586199122423,7.809999465942383
116.5,uav_01,1,2.782619331051863,-26.604586199122423,7.809999465942383
116.6,uav_01,1,2.4871049184251577,-26.604586199122423,7.809999465942383
116.7,uav_01,1,2.1916749797683015,-26.604586199122423,7.809999465942383
116.8,uav_01,1,1.885167478939416,-26.604586199122423,7.809999465942383
116.9,uav_01,1,1.572124515280586,-26.604586199122423,7.809999465942383
117.0,uav_01,1,1.2646616772139352,-26.604586199122423,7.809999465942383
117.1,uav_01,1,0.9556872163660621,-26.604586199122423,7.815921780594806
117.2,uav_01,1,0.6484923080428123,-26.611304990160356,7.819999694824219
117.3,uav_01,1,0.3392499180486418,-26.615671443107697,7.819999694824219
117.4,uav_01,1,0.026206954294683005,-26.615671443107697,7.819999694824219
117.5,uav_01,1,-0.2805860608111914,-26.615671443107697,7.819999694824219
117.6,uav_01,1,-0.5902303445247138,-26.615671443107697,7.819999694824219
117.7,uav_01,1,-0.887397161735866,-26.615671443107697,7.819999694824219
117.8,uav_01,1,-1.1775507361052708,-26.615671443107697,7.819999694824219
117.9,uav_01,1,-1.4630731633835443,-26.615671443107697,7.819999694824219
118.0,uav_01,1,-1.749302342637864,-26.615671443107697,7.815218138409588
118.1,uav_01,1,-2.0359532692935587,-26.615671443107697,7.809999465942383
118.2,uav_01,1,-2.3201323117838317,-26.615671443107697,7.809999465942383
118.3,uav_01,1,-2.609181098425813,-26.615671443107697,7.809999465942383
118.4,uav_01,1,-2.897605177587653,-26.615671443107697,7.809999465942383
118.5,uav_01,1,-3.1809327045460347,-26.615671443107697,7.809999465942383
118.6,uav_01,1,-3.470485283497557,-26.615671443107697,7.809999465942383
118.7,uav_01,1,-3.7538182289417614,-26.615671443107697,7.809999465942383
118.8,uav_01,1,-4.062279360506782,-26.615671443107697,7.809999465942383
118.9,uav_01,1,-4.373223153418813,-26.615671443107697,7.809999465942383
119.0,uav_01,1,-4.691856790013626,-26.615671443107697,7.809999465942383
119.1,uav_01,1,-5.003501030360088,-26.615671443107697,7.809999465942383
119.2,uav_01,1,-5.3234642835699795,-26.615671443107697,7.809999465942383
119.3,uav_01,1,-5.641047249371082,-26.615671443107697,7.809999465942383
119.4,uav_01,1,-5.953742160272615,-26.615671443107697,7.809999465942383
119.5,uav_01,1,-6.270624678877873,-26.615671443107697,7.809999465942383
119.6,uav_01,1,-6.585735516485363,-26.615671443107697,7.809999465942383
119.7,uav_01,1,-6.8951208846840855,-26.615671443107697,7.809999465942383
119.8,uav_01,1,-7.178970277994677,-26.615671443107697,7.809999465942383
119.9,uav_01,1,-7.454553941684051,-26.615671443107697,7.809999465942383
120.0,uav_01,1,-7.729245266154581,-26.615671443107697,7.809999465942383
120.1,uav_01,1,-8.010330026318035,-26.615671443107697,7.809999465942383
120.2,uav_01,1,-8.288276542548033,-26.615671443107697,7.809999465942383
120.3,uav_01,1,-8.566511833403045,-26.615671443107697,7.809999465942383
120.4,uav_01,1,-8.844815258072236,-26.615671443107697,7.809999465942383
120.5,uav_01,1,-9.119506582542828,-26.615671443107697,7.809999465942383
120.6,uav_01,1,-9.396572849909795,-26.615671443107697,7.809999465942383
120.7,uav_01,1,-9.678639842929678,-26.615671443107697,7.809999465942383
120.8,uav_01,1,-9.955107196949898,-26.614650116839005,7.809999465942383
120.9,uav_01,1,-10.241712049479242,-26.604586199122423,7.810880994548639
121.0,uav_01,1,-10.512421785794817,-26.603653178153355,7.819999694824219
121.1,uav_01,1,-10.799180361888455,-26.592612086442205,7.819999694824219
121.2,uav_01,1,-11.066795402984726,-26.580726279127912,7.819999694824219
121.3,uav_01,1,-11.315963723820316,-26.55784353313266,7.819999694824219
121.4,uav_01,1,-11.555560278319307,-26.524720258391476,7.819999694824219
121.5,uav_01,1,-11.785585065215095,-26.49017246839171,7.819999694824219
121.6,uav_01,1,-12.00545656417904,-26.43563511521328,7.819999694824219
121.7,uav_01,1,-12.20728500612844,-26.38959341746779,7.819999694824219
121.8,uav_01,1,-12.408160557110248,-26.31266522480898,7.819999694824219
121.9,uav_01,1,-12.58629996342875,-26.242752224265477,7.819999694824219
122.0,uav_01,1,-12.746216953076217,-26.160958522876076,7.819999694824219
122.1,uav_01,1,-12.902982001590381,-26.067284120948315,7.819999694824219
122.2,uav_01,1,-13.03906505861332,-25.963937368433626,7.819999694824219
122.3,uav_01,1,-13.15673446215823,-25.857984537351214,7.819999694824219
122.4,uav_01,1,-13.263846793400806,-25.74042407882369,7.819999694824219
122.5,uav_01,1,-13.35744633457173,-25.611545297437477,7.819999694824219
122.6,uav_01,1,-13.434178345524744,-25.47004274111114,7.819999694824219
122.7,uav_01,1,-13.504119080811025,-25.324913909029526,7.819999694824219
122.8,uav_01,1,-13.569358062858512,-25.17594651073138,7.819999694824219
122.9,uav_01,1,-13.623547800397382,-25.009396630967423,7.819999694824219
123.0,uav_01,1,-13.668057434857063,-24.842846751203478,7.819999694824219
123.1,uav_01,1,-13.71054283109593,-24.667501098848252,7.819999694824219
123.2,uav_01,1,-13.755020989928697,-24.478744568343025,7.819999694824219
123.3,uav_01,1,-13.789819045133822,-24.285553989639755,7.819999694824219
123.4,uav_01,1,-13.818812142304388,-24.08569413392304,7.819999694824219
123.5,uav_01,1,-13.843914355791933,-23.881364067630756,7.819999694824219
123.6,uav_01,1,-13.863243087696775,-23.661424303333266,7.819999694824219
123.7,uav_01,1,-13.878635324613965,-23.442065905082085,7.819999694824219
123.8,uav_01,1,-13.884375727876604,-23.238518863892924,7.819999694824219
123.9,uav_01,1,-13.886949524067978,-23.03142343190051,7.819999694824219
124.0,uav_01,1,-13.89239298636721,-22.82949921004015,7.819999694824219
124.1,uav_01,1,-13.884375727876604,-22.619446761121104,7.820713744722451
124.2,uav_01,1,-13.884375727876604,-22.409394312202103,7.829737205354391
124.3,uav_01,1,-13.875923007497246,-22.189630588644615,7.829999923706055
124.4,uav_01,1,-13.859706510047605,-21.96094711440065,7.829999923706055
124.5,uav_01,1,-13.842294105355109,-21.74598123270154,7.829999923706055
124.6,uav_01,1,-13.836132587872957,-21.524231225352107,7.829999923706055
124.7,uav_01,1,-13.831529975620894,-21.29506994237716,7.829999923706055
124.8,uav_01,1,-13.81914739619187,-21.06479858310363,7.829999923706055
124.9,uav_01,1,-13.804205708775502,-20.82457436589002,7.829999923706055
125.0,uav_01,1,-13.791922896089567,-20.566535506672494,7.829999923706055
125.1,uav_01,1,-13.775606635756562,-20.313130649321483,7.829999923706055
125.2,uav_01,1,-13.766131412637346,-20.0490389963479,7.829999923706055
125.3,uav_01,1,-13.754368816563481,-19.77951644438857,7.829999923706055
125.4,uav_01,1,-13.735418370972162,-19.51825196411161,7.829999923706055
125.5,uav_01,1,-13.720349051589974,-19.254757983854034,7.829999923706055
125.6,uav_01,1,-13.718581893953163,-18.982607483436674,7.829999923706055
125.7,uav_01,1,-13.707512919297328,-18.710456983084306,7.829999923706055
125.8,uav_01,1,-13.689982284906607,-18.438291094246406,7.829999923706055
125.9,uav_01,1,-13.680489589430941,-18.16563875191274,7.829999923706055
126.0,uav_01,1,-13.669705073748101,-17.888981966841325,7.829999923706055
126.1,uav_01,1,-13.651672767250655,-17.603998244232503,7.829999923706055
126.2,uav_01,1,-13.642088670419971,-17.327489737071986,7.829999923706055
126.3,uav_01,1,-13.632504572522635,-17.04120099986653,7.829999923706055
126.4,uav_01,1,-13.62197817997181,-16.75491226301112,7.829999923706055
126.5,uav_01,1,-13.604565515306994,-16.468623526119853,7.829999923706055
126.6,uav_01,1,-13.603752281116181,-16.182334788906456,7.829999923706055
126.7,uav_01,1,-13.594174371963774,-15.896230884173281,7.829999923706055
126.8,uav_01,1,-13.584664280818856,-15.611458914342986,7.829999923706055
126.9,uav_01,1,-13.575070057748515,-15.314476354260934,7.829999923706055
127.0,uav_01,1,-13.565362854955263,-15.02451032518436,7.829999923706055
127.1,uav_01,1,-13.556322375303347,-14.733778303433807,7.829308906137348
127.2,uav_01,1,-13.555597079407123,-14.433493022332678,7.819999694824219
127.3,uav_01,1,-13.54667374785108,-14.142626410277277,7.819999694824219
127.4,uav_01,1,-13.54583130373927,-13.842475719815605,7.819999694824219
127.5,uav_01,1,-13.536124100987635,-13.551474516726802,7.819999694824219
127.6,uav_01,1,-13.52737649157539,-13.250355947958948,7.819999694824219
127.7,uav_01,1,-13.526358325294806,-12.948067614839562,7.819999694824219
127.8,uav_01,1,-13.517727862751972,-12.639529950931344,7.819999694824219
127.9,uav_01,1,-13.516623240099785,-12.359037542164296,7.819999694824219
128.0,uav_01,1,-13.508079235299704,-12.06425431761918,7.819999694824219
128.1,uav_01,1,-13.508079235299704,-11.769471093074062,7.819999694824219
128.2,uav_01,1,-13.506743945890113,-11.473920815989898,7.819999694824219
128.3,uav_01,1,-13.488781979024013,-11.16941910509914,7.819999694824219
128.4,uav_01,1,-13.488781979024013,-10.885121419438592,7.819999694824219
128.5,uav_01,1,-13.488781979024013,-10.590338194884021,7.819999694824219
128.6,uav_01,1,-13.488781979024013,-10.29555496995445,7.819999694824219
128.7,uav_01,1,-13.488781979024013,-10.000771745409377,7.819999694824219
128.8,uav_01,1,-13.488781979024013,-9.705988520864137,7.819999694824219
128.9,uav_01,1,-13.488781979024013,-9.413956486522185,7.819999694824219
129.0,uav_01,1,-13.488781979024013,-9.131822466251329,7.819999694824219
129.1,uav_01,1,-13.488781979024013,-8.840882204159215,7.819999694824219
129.2,uav_01,1,-13.488781979024013,-8.557435506811068,7.819999694824219
129.3,uav_01,1,-13.481834474104545,-8.275784649280356,7.819999694824219
129.4,uav_01,1,-13.479133351571747,-7.994133791749761,7.819999694824219
129.5,uav_01,1,-13.479133351571747,-7.70580845371244,7.819999694824219
129.6,uav_01,1,-13.479133351571747,-7.425767581802515,7.8254311378228225
129.7,uav_01,1,-13.479133351571747,-7.138447182199252,7.829999923706055
129.8,uav_01,1,-13.479133351571747,-6.850073160334722,7.829999923706055
129.9,uav_01,1,-13.479133351571747,-6.574562340411126,7.829999923706055
130.0,uav_01,1,-13.479133351571747,-6.286352573938883,7.829999923706055
130.1,uav_01,1,-13.479133351571747,-5.982269302614976,7.829999923706055
130.2,uav_01,1,-13.479133351571747,-5.674495772417288,7.829999923706055
130.3,uav_01,1,-13.479133351571747,-5.374109993646775,7.829999923706055
130.4,uav_01,1,-13.479133351571747,-5.06990625744724,7.829999923706055
130.5,uav_01,1,-13.479133351571747,-4.762253191992363,7.829999923706055
130.6,uav_01,1,-13.479133351571747,-4.461867413099364,7.829999923706055
130.7,uav_01,1,-13.479133351571747,-4.1575432122795615,7.829999923706055
130.8,uav_01,1,-13.482596316275057,-3.8500106117001986,7.82641076661463
130.9,uav_01,1,-13.488781979024013,-3.5464152552559414,7.819999694824219
131.0,uav_01,1,-13.488781979024013,-3.2359982283616016,7.819999694824219
131.1,uav_01,1,-13.488781979024013,-2.923522805367208,7.819999694824219
131.2,uav_01,1,-13.488781979024013,-2.6059328197838276,7.819999694824219
131.3,uav_01,1,-13.488781979024013,-2.2874867154923195,7.819999694824219
131.4,uav_01,1,-13.488781979024013,-1.9750112924459349,7.819999694824219
131.5,uav_01,1,-13.488781979024013,-1.655957548267195,7.819999694824219
131.6,uav_01,1,-13.488781979024013,-1.338975202372115,7.819999694824219
131.7,uav_01,1,-13.488781979024013,-1.026499779399301,7.819999694824219
131.8,uav_01,1,-13.488781979024013,-0.7059822767505202,7.819999694824219
131.9,uav_01,1,-13.488781979024013,-0.39179675623579757,7.819999694824219
132.0,uav_01,1,-13.488781979024013,-0.11491038201140744,7.819999694824219
132.1,uav_01,1,-13.488781979024013,0.1585459246329568,7.819999694824219
132.2,uav_01,1,-13.488781979024013,0.43017916053016064,7.819999694824219
132.3,uav_01,1,-13.488781979024013,0.6971813099220444,7.819999694824219
132.4,uav_01,1,-13.488781979024013,0.9670487893728931,7.819999694824219
132.5,uav_01,1,-13.488781979024013,1.2422708523361037,7.819999694824219
132.6,uav_01,1,-13.488781979024013,1.5097457806591847,7.819999694824219
132.7,uav_01,1,-13.488781979024013,1.7866368980979879,7.819999694824219
132.8,uav_01,1,-13.488781979024013,2.054362544535896,7.819999694824219
132.9,uav_01,1,-13.488781979024013,2.321364693788825,7.819999694824219
133.0,uav_01,1,-13.488781979024013,2.5887899554140006,7.819999694824219
133.1,uav_01,1,-13.488781979024013,2.87324923802642,7.819999694824219
133.2,uav_01,1,-13.488781979024013,3.166292262718345,7.819999694824219
133.3,uav_01,1,-13.488781979024013,3.45540666847762,7.819999694824219
133.4,uav_01,1,-13.488781979024013,3.7493629798048533,7.819999694824219
133.5,uav_01,1,-13.488781979024013,4.044720724375192,7.819999694824219
133.6,uav_01,1,-13.488781979024013,4.333835130134373,7.819999694824219
133.7,uav_01,1,-13.488781979024013,4.622949535893604,7.816652830775548
133.8,uav_01,1,-13.488781979024013,4.912063941652917,7.809999465942383
133.9,uav_01,1,-13.488781979024013,5.2041337364888784,7.809999465942383
134.0,uav_01,1,-13.488781979024013,5.501546236306273,7.809999465942383
134.1,uav_01,1,-13.488781979024013,5.795731138536326,7.809999465942383
134.2,uav_01,1,-13.488781979024013,6.106559788910629,7.809999465942383
134.3,uav_01,1,-13.488781979024013,6.420637104984826,7.809999465942383
134.4,uav_01,1,-13.488781979024013,6.7356267403452605,7.809999465942383
134.5,uav_01,1,-13.488781979024013,7.0390457401793185,7.809999465942383
134.6,uav_01,1,-13.488781979024013,7.358933290000258,7.809999465942383
134.7,uav_01,1,-13.488781979024013,7.677917151867358,7.809999465942383
134.8,uav_01,1,-13.488781979024013,7.982616935726952,7.809999465942383
134.9,uav_01,1,-13.488781979024013,8.29344558630385,7.809999465942383
135.0,uav_01,1,-13.488781979024013,8.604242923761715,7.809999465942383
135.1,uav_01,1,-13.488781979024013,8.913957514119287,7.809999465942383
135.2,uav_01,1,-13.488781979024013,9.214424671886258,7.809999465942383
135.3,uav_01,1,-13.488781979024013,9.518269289748902,7.809999465942383
135.4,uav_01,1,-13.488781979024013,9.827214890001196,7.809999465942383
135.5,uav_01,1,-13.488781979024013,10.13616049010718,7.809999465942383
135.6,uav_01,1,-13.488781979024013,10.445106090089386,7.809999465942383
135.7,uav_01,1,-13.488781979024013,10.754051690071615,7.809999465942383
135.8,uav_01,1,-13.488781979024013,11.06299729005386,7.809999465942383
135.9,uav_01,1,-13.488781979024013,11.371942890036145,7.809999465942383
136.0,uav_01,1,-13.488781979024013,11.689246961937211,7.809999465942383
136.1,uav_01,1,-13.488781979024013,11.964740361117808,7.809999465942383
136.2,uav_01,1,-13.488781979024013,12.241868747012331,7.809999465942383
136.3,uav_01,1,-13.488781979024013,12.508218026436792,7.809999465942383
136.4,uav_01,1,-13.488781979024013,12.77315636822343,7.809999465942383
136.5,uav_01,1,-13.488781979024013,13.042628370746215,7.809999465942383
136.6,uav_01,1,-13.488781979024013,13.312100373354305,7.809999465942383
136.7,uav_01,1,-13.488781979024013,13.581572375722745,7.809999465942383
136.8,uav_01,1,-13.488781979024013,13.851044378091325,7.809999465942383
136.9,uav_01,1,-13.488781979024013,14.12051638045989,7.809999465942383
137.0,uav_01,1,-13.488781979024013,14.389988382828383,7.809999465942383
137.1,uav_01,1,-13.488781979024013,14.660198207440255,7.809999465942383
137.2,uav_01,1,-13.488781979024013,14.96173369783792,7.809999465942383
137.3,uav_01,1,-13.488781979024013,15.255172339944165,7.809999465942383
137.4,uav_01,1,-13.488781979024013,15.550308534805222,7.809999465942383
137.5,uav_01,1,-13.488781979024013,15.849278202280468,7.809999465942383
137.6,uav_01,1,-13.488781979024013,16.14882120810614,7.809999465942383
137.7,uav_01,1,-13.488781979024013,16.44836421393185,7.809999465942383
137.8,uav_01,1,-13.488781979024013,16.74790721975767,7.809999465942383
137.9,uav_01,1,-13.488781979024013,17.04745022558334,7.809999465942383
138.0,uav_01,1,-13.488781979024013,17.355562717071102,7.809999465942383
138.1,uav_01,1,-13.488781979024013,17.640447178373066,7.817737613026865
138.2,uav_01,1,-13.481332379317873,17.91710496192708,7.819999694824219
138.3,uav_01,1,-13.471707086322953,18.20209780366369,7.819999694824219
138.4,uav_01,1,-13.45467886433477,18.455596390704397,7.819999694824219
138.5,uav_01,1,-13.428048685919697,18.707360309501418,7.819999694824219
138.6,uav_01,1,-13.406529066388508,18.953252741145615,7.819999694824219
138.7,uav_01,1,-13.3726126368561,19.188113548536215,7.819999694824219
138.8,uav_01,1,-13.319492292392384,19.40354479605813,7.819999694824219
138.9,uav_01,1,-13.269026788804167,19.613655046293637,7.819999694824219
139.0,uav_01,1,-13.20637449412919,19.807076665450612,7.819999694824219
139.1,uav_01,1,-13.139110404752017,19.98645590864607,7.819999694824219
139.2,uav_01,1,-13.061712024958553,20.139020745034088,7.826957905935972
139.3,uav_01,1,-12.980877375129799,20.276538937111628,7.829999923706055
139.4,uav_01,1,-12.889283594822762,20.404504509102576,7.829999923706055
139.5,uav_01,1,-12.786240485564637,20.52242525777876,7.829999923706055
139.6,uav_01,1,-12.678958452743741,20.626298477136203,7.829999923706055
139.7,uav_01,1,-12.571178918918513,20.71537963375296,7.829999923706055
139.8,uav_01,1,-12.460768226300084,20.797931091254345,7.829999923706055
139.9,uav_01,1,-12.340078747373964,20.875969330816574,7.829999923706055
140.0,uav_01,1,-12.205354329319519,20.937882923839826,7.829999923706055
140.1,uav_01,1,-12.069338577465059,20.99908301351219,7.829999923706055
140.2,uav_01,1,-11.916208803065182,21.050827064700883,7.829999923706055
140.3,uav_01,1,-11.74310677189066,21.097377830760784,7.829999923706055
140.4,uav_01,1,-11.550668159629353,21.14392339618377,7.829999923706055
140.5,uav_01,1,-11.35680051996484,21.190468961290417,7.829999923706055
140.6,uav_01,1,-11.152324812665896,21.23262863227462,7.829999923706055
140.7,uav_01,1,-10.937241036835669,21.258645509127224,7.83247542811708
140.8,uav_01,1,-10.711549193234662,21.29025944181912,7.840000152587891
140.9,uav_01,1,-10.485293003389765,21.309685836112237,7.840000152587891
141.0,uav_01,1,-10.264942440512668,21.321322227323844,7.840000152587891
141.1,uav_01,1,-10.02802546922223,21.33294222888196,7.840000152587891
141.2,uav_01,1,-9.79626132039568,21.339095180484573,7.840000152587891
141.3,uav_01,1,-9.576375158901332,21.334712625258756,7.840000152587891
141.4,uav_01,1,-9.353161113309797,21.328009936105467,7.840000152587891
141.5,uav_01,1,-9.124113028064139,21.32474572428111,7.840000152587891
141.6,uav_01,1,-8.893216389111197,21.314242007401546,7.840000152587891
141.7,uav_01,1,-8.6565909965274,21.303785956354684,7.840000152587891
141.8,uav_01,1,-8.41708032802593,21.293259883676306,7.840000152587891
141.9,uav_01,1,-8.17052235207006,21.282733811031157,7.840000152587891
142.0,uav_01,1,-7.93198509276698,21.27183176242917,7.839660976583492
142.1,uav_01,1,-7.684613161411341,21.250779617072418,7.830165188091087
142.2,uav_01,1,-7.4369260333829,21.240056937275686,7.829999923706055
142.3,uav_01,1,-7.168399338580417,21.229012741426253,7.829999923706055
142.4,uav_01,1,-6.89832464555679,21.21793106239134,7.829999923706055
142.5,uav_01,1,-6.628249952437986,21.19654127358317,7.829999923706055
142.6,uav_01,1,-6.349206154949858,21.184682460336234,7.829999923706055
142.7,uav_01,1,-6.08741794110597,21.173600781667286,7.829999923706055
142.8,uav_01,1,-5.809062976654273,21.16251910266023,7.829999923706055
142.9,uav_01,1,-5.529342759368604,21.14114357522831,7.829999923706055
143.0,uav_01,1,-5.240665849582812,21.129270500605124,7.829999923706055
143.1,uav_01,1,-4.969207283915886,21.118188821570207,7.829999923706055
143.2,uav_01,1,-4.690429966608646,21.10711696239126,7.829999923706055
143.3,uav_01,1,-4.4096079008480515,21.096335412083352,7.829999923706055
143.4,uav_01,1,-4.1370708164511525,21.075933746337295,7.829999923706055
143.5,uav_01,1,-3.8573957174517153,21.063732896827126,7.829999923706055
143.6,uav_01,1,-3.568640553134272,21.052974261191654,7.821890026964989
143.7,uav_01,1,-3.295233977557971,21.042287222590527,7.819999694824219
143.8,uav_01,1,-3.0098408667005834,21.031549367351023,7.819999694824219
143.9,uav_01,1,-2.7333291340869477,21.020790731715547,7.819999694824219
144.0,uav_01,1,-2.455155846311314,21.010032096349764,7.819999694824219
144.1,uav_01,1,-2.1679024930041217,20.99927346083843,7.819999694824219
144.2,uav_01,1,-1.8835118405614626,20.99545260867059,7.819999694824219
144.3,uav_01,1,-1.5915239461106843,20.99545260867059,7.819999694824219
144.4,uav_01,1,-1.2986710592364827,20.98185208409846,7.819999694824219
144.5,uav_01,1,-0.9977207243170283,20.9664942961414,7.819999694824219
144.6,uav_01,1,-0.6952083837102098,20.962196875927102,7.819999694824219
144.7,uav_01,1,-0.39643652957669007,20.962196875927102,7.819999694824219
144.8,uav_01,1,-0.1035403384159159,20.948695857289632,7.819999694824219
144.9,uav_01,1,0.18559371400951286,20.940026387562718,7.819999694824219
145.0,uav_01,1,0.48058177654818046,20.933300754608176,7.819999694824219
145.1,uav_01,1,0.7793536306816489,20.92894114318361,7.819999694824219
145.2,uav_01,1,1.0834738866264062,20.92894114318361,7.819999694824219
145.3,uav_01,1,1.3723298972627624,20.92894114318361,7.819999694824219
145.4,uav_01,1,1.648757521890448,20.92894114318361,7.819999694824219
145.5,uav_01,1,1.9251851465181684,20.919980390142438,7.819999694824219
145.6,uav_01,1,2.201612771145863,20.90677065481923,7.819999694824219
145.7,uav_01,1,2.480476912323777,20.90677065481923,7.819999694824219
145.8,uav_01,1,2.7636798530326,20.90482808453717,7.819999694824219
145.9,uav_01,1,3.0389446060205603,20.895685410440127,7.819999694824219
146.0,uav_01,1,3.3241279636920362,20.895685410440127,7.819999694824219
146.1,uav_01,1,3.6005555883198292,20.895685410440127,7.819999694824219
146.2,uav_01,1,3.876983212947487,20.895685410440127,7.819999694824219
146.3,uav_01,1,4.161476910340196,20.895685410440127,7.819999694824219
146.4,uav_01,1,4.456076648214535,20.895685410440127,7.819999694824219
146.5,uav_01,1,4.753225343521509,20.895685410440127,7.819999694824219
146.6,uav_01,1,5.050374038828526,20.895685410440127,7.819999694824219
146.7,uav_01,1,5.340293660875018,20.895685410440127,7.819999694824219
146.8,uav_01,1,5.627856914625372,20.895685410440127,7.819999694824219
146.9,uav_01,1,5.915420167710111,20.895685410440127,7.819999694824219
147.0,uav_01,1,6.202983421442524,20.895685410440127,7.819999694824219
147.1,uav_01,1,6.476594019994037,20.879655298027217,7.819999694824219
147.2,uav_01,1,6.744986389317817,20.873514922075742,7.819999694824219
147.3,uav_01,1,7.013621162043931,20.873514922075742,7.819999694824219
147.4,uav_01,1,7.275658811180926,20.873514922075742,7.819999694824219
147.5,uav_01,1,7.534953008784702,20.873514922075742,7.819999694824219
147.6,uav_01,1,7.7865250153575705,20.873514922075742,7.819999694824219
147.7,uav_01,1,8.01975352711833,20.86427044827479,7.819999694824219
147.8,uav_01,1,8.249129162652276,20.86242967769664,7.819999694824219
147.9,uav_01,1,8.469809932154071,20.86242967769664,7.819999694824219
148.0,uav_01,1,8.66968376845981,20.86242967769664,7.819999694824219
148.1,uav_01,1,8.859760584219014,20.86242967769664,7.819999694824219
148.2,uav_01,1,9.030070526292773,20.86242967769664,7.819999694824219
148.3,uav_01,1,9.189102562617428,20.840259189332254,7.819999694824219
148.4,uav_01,1,9.332057313314015,20.840259189332254,7.819999694824219
148.5,uav_01,1,9.456112811335734,20.840211421761996,7.819999694824219
148.6,uav_01,1,9.5611532102875,20.82924049330041,7.819999694824219
148.7,uav_01,1,9.656702405195903,20.82917394495315,7.819999694824219
148.8,uav_01,1,9.742801974427147,20.82917394495315,7.819999694824219
148.9,uav_01,1,9.800867513525855,20.82917394495315,7.819999694824219
149.0,uav_01,1,9.867354976929525,20.82917394495315,7.819999694824219
149.1,uav_01,1,9.90691926824874,20.808279712435773,7.819999694824219
149.2,uav_01,1,9.945115777205201,20.807003456588767,7.819999694824219
149.3,uav_01,1,9.956599576459354,20.807003456588767,7.819999694824219
149.4,uav_01,1,9.957384121707516,20.807003456588767,7.819999694824219
149.5,uav_01,1,9.93654952093332,20.807003456588767,7.819999694824219
149.6,uav_01,1,9.90463954860947,20.800167917800223,7.819999694824219
149.7,uav_01,1,9.865071337801092,20.79591821220966,7.819999694824219
149.8,uav_01,1,9.817844888892388,20.79591821220966,7.819999694824219
149.9,uav_01,1,9.765924289353999,20.79591821220966,7.823071795751607
150.0,uav_01,1,9.715972582502756,20.79591821220966,7.829999923706055
150.1,uav_01,1,9.67274565164102,20.79591821220966,7.829999923706055
150.2,uav_01,1,9.629836065187247,20.79591821220966,7.829999923706055
150.3,uav_01,1,9.586573109646796,20.79591821220966,7.829999923706055
150.4,uav_01,1,9.550786536691097,20.778511851228572,7.829999923706055
150.5,uav_01,1,9.520734047826876,20.77374772384528,7.829999923706055
150.6,uav_01,1,9.49927661650012,20.76555001597256,7.829999923706055
150.7,uav_01,1,9.480214790051756,20.762662479466172,7.829999923706055
150.8,uav_01,1,9.468052842441908,20.762662479466172,7.829999923706055
150.9,uav_01,1,9.465304092847635,20.747078515262768,7.829999923706055
151.0,uav_01,1,9.478632989889512,20.73283525073921,7.829999923706055
151.1,uav_01,1,9.504241549479985,20.729406746722685,7.829999923706055
151.2,uav_01,1,9.526405270238513,20.70724797716257,7.829999923706055
151.3,uav_01,1,9.558089703349914,20.68889999924922,7.829999923706055
151.4,uav_01,1,9.608690587746688,20.670799736576484,7.823565081445155
151.5,uav_01,1,9.662225363456596,20.64021985344626,7.819999694824219
151.6,uav_01,1,9.728049776094615,20.61307058113797,7.819999694824219
151.7,uav_01,1,9.807856363996923,20.58944807686933,7.819999694824219
151.8,uav_01,1,9.898575418969846,20.556089073412885,7.819999694824219
151.9,uav_01,1,10.000206940065675,20.53111782451948,7.819999694824219
152.0,uav_01,1,10.112750928398913,20.496410076188194,7.819999694824219
152.1,uav_01,1,10.227280560260434,20.47195829337953,7.819999694824219
152.2,uav_01,1,10.360782233815142,20.43656309806322,7.819999694824219
152.3,uav_01,1,10.499141163336517,20.40139033219502,7.819999694824219
152.4,uav_01,1,10.652084439545417,20.367004769300824,7.819999694824219
152.5,uav_01,1,10.776074211445833,20.33352381181427,7.819999694824219
152.6,uav_01,1,10.923541543207241,20.29151566397534,7.819999694824219
152.7,uav_01,1,11.078938590525718,20.24869908380378,7.819270391514724
152.8,uav_01,1,11.234531674156191,20.19641412366484,7.809999465942383
152.9,uav_01,1,11.399069725022231,20.154405975502247,7.809999465942383
153.0,uav_01,1,11.572437189217206,20.09210971833751,7.809999465942383
153.1,uav_01,1,11.746116242331803,20.038658343716246,7.809999465942383
153.2,uav_01,1,11.935423621289312,19.97717051860193,7.809999465942383
153.3,uav_01,1,12.120078142221676,19.914158296544556,7.809999465942383
153.4,uav_01,1,12.316534800424051,19.851133924466573,7.809999465942383
153.5,uav_01,1,12.518733225323867,19.780490875548544,7.809999465942383
153.6,uav_01,1,12.727310611185933,19.713189161485516,7.809999465942383
153.7,uav_01,1,12.93919373960111,19.64340066120857,7.809999465942383
153.8,uav_01,1,13.15107686819994,19.569312931849016,7.804782096255088
153.9,uav_01,1,13.367557609757775,19.495225202677137,7.799999237060547
154.0,uav_01,1,13.596975637554754,19.421137473523768,7.799999237060547
154.1,uav_01,1,13.82904574320996,19.351329344787782,7.799999237060547
154.2,uav_01,1,14.053429839993788,19.27649062394013,7.799999237060547
154.3,uav_01,1,14.286589928522137,19.184512006821922,7.799999237060547
154.4,uav_01,1,14.525764299808777,19.102722995254403,7.799999237060547
154.5,uav_01,1,14.769848257181815,19.02230184442371,7.799999237060547
154.6,uav_01,1,15.036180049742157,18.919527674568574,7.799999237060547
154.7,uav_01,1,15.305843590043981,18.825377884852276,7.799999237060547
154.8,uav_01,1,15.582418912471676,18.731228095418064,7.799999237060547
154.9,uav_01,1,15.858994235541788,18.63188352408621,7.799999237060547
155.0,uav_01,1,16.140686013684356,18.52596501081594,7.799999237060547
155.1,uav_01,1,16.42179350938957,18.433169978935776,7.799999237060547
155.2,uav_01,1,16.704675092192875,18.336298472639832,7.799999237060547
155.3,uav_01,1,16.991493945468513,18.23037995936955,7.799999237060547
155.4,uav_01,1,17.26977283107891,18.116293464148757,7.799999237060547
155.5,uav_01,1,17.531122660925675,18.01902831080611,7.799999237060547
155.6,uav_01,1,17.782487604034202,17.927190931117234,7.799999237060547
155.7,uav_01,1,18.031175875428314,17.829105699429384,7.799999237060547
155.8,uav_01,1,18.28453539051584,17.732430927360372,7.799999237060547
155.9,uav_01,1,18.538201045668856,17.645079217751483,7.799999237060547
156.0,uav_01,1,18.790026752726682,17.55263225424883,7.799999237060547
156.1,uav_01,1,19.045226215572487,17.445833544308485,7.799999237060547
156.2,uav_01,1,19.297121741428278,17.352153767418123,7.799999237060547
156.3,uav_01,1,19.561900013602198,17.25107354055162,7.799999237060547
156.4,uav_01,1,19.810644199402137,17.159161454404288,7.799999237060547
156.5,uav_01,1,20.066445319595278,17.05782069655536,7.799999237060547
156.6,uav_01,1,20.33635785981056,16.96071103998276,7.799999237060547
156.7,uav_01,1,20.607598126327662,16.854517374125507,7.799999237060547
156.8,uav_01,1,20.878838392844838,16.74706008830848,7.799999237060547
156.9,uav_01,1,21.150078659361938,16.64840587937907,7.799999237060547
157.0,uav_01,1,21.421318925879035,16.543230760472998,7.799999237060547
157.1,uav_01,1,21.69963038543433,16.435773474331175,7.799999237060547
157.2,uav_01,1,21.966672411067222,16.328316188189362,7.799999237060547
157.3,uav_01,1,22.23503972680165,16.22085890231203,7.799999237060547
157.4,uav_01,1,22.5062799933188,16.120507115190943,7.799999237060547
157.5,uav_01,1,22.777663180926645,16.016972953472635,7.799999237060547
157.6,uav_01,1,23.05307259282932,15.914461275323399,7.799999237060547
157.7,uav_01,1,23.331122055530166,15.802266791886447,7.799999237060547
157.8,uav_01,1,23.61479239516482,15.687554204658062,7.799999237060547
157.9,uav_01,1,23.896869609755335,15.57739931851716,7.799999237060547
158.0,uav_01,1,24.174919072456213,15.467244432376248,7.799999237060547
158.1,uav_01,1,24.45296853515704,15.357089546457342,7.799999237060547
158.2,uav_01,1,24.731017997857883,15.246934660488277,7.799999237060547
158.3,uav_01,1,25.009067460558793,15.142888783591417,7.805510301011207
158.4,uav_01,1,25.292373507086698,15.043749386182027,7.809999465942383
158.5,uav_01,1,25.5748073660513,14.932674326306135,7.809999465942383
158.6,uav_01,1,25.851371362585414,14.817991888191044,7.809999465942383
158.7,uav_01,1,26.127850134462726,14.70845926280601,7.809999465942383
158.8,uav_01,1,26.405432105581156,14.598489582856594,7.809999465942383
158.9,uav_01,1,26.687829193654267,14.488519903103752,7.809999465942383
159.0,uav_01,1,26.97024467664124,14.378550223351676,7.809999465942383
159.1,uav_01,1,27.24782664775959,14.273936046161861,7.809999465942383
159.2,uav_01,1,27.525408618877908,14.164428881526561,7.809999465942383
159.3,uav_01,1,27.802990589996295,14.053820134123006,7.809999465942383
159.4,uav_01,1,28.080572561114646,13.949756748327085,7.809999465942383
159.5,uav_01,1,28.36235092780111,13.83984746411976,7.809999465942383
159.6,uav_01,1,28.640856312643372,13.731611571358899,7.809999465942383
159.7,uav_01,1,28.90903482302668,13.629641151332272,7.809999465942383
159.8,uav_01,1,29.17721333340999,13.53020819611668,7.809999465942383
159.9,uav_01,1,29.445391843793224,13.423963886496672,7.809999465942383
160.0,uav_01,1,29.716087080648954,13.320611026635952,7.809999465942383
160.1,uav_01,1,29.9892818604237,13.220129874465712,7.809999465942383
160.2,uav_01,1,30.249927376314155,13.107200780716985,7.809999465942383
160.3,uav_01,1,30.519419333346562,13.010071891756041,7.809999465942383
160.4,uav_01,1,30.79593302453308,12.903827581877666,7.809999465942383
160.5,uav_01,1,31.064636467672457,12.79757803597738,7.809999465942383
160.6,uav_01,1,31.342169233877875,12.691339706395027,7.809999465942383
160.7,uav_01,1,31.608895916331637,12.592840973534242,7.809999465942383
160.8,uav_01,1,31.882865213706044,12.484302782561791,7.809999465942383
160.9,uav_01,1,32.168391628073394,12.374879060573523,7.809999465942383
161.0,uav_01,1,32.444970357381784,12.265436023931938,7.809999465942383
161.1,uav_01,1,32.73030017627704,12.166421702666174,7.809999465942383
161.2,uav_01,1,32.99816974814273,12.057635195027842,7.809999465942383
161.3,uav_01,1,33.273728263208206,11.94819215874671,7.809999465942383
161.4,uav_01,1,33.54998089802665,11.848755015719366,7.809999465942383
161.5,uav_01,1,33.834820015281345,11.740391329875951,7.809999465942383
161.6,uav_01,1,34.120492150012595,11.640708996786257,7.809999465942383
161.7,uav_01,1,34.38680191754152,11.543241923751498,7.809999465942383
161.8,uav_01,1,34.65835422370811,11.42752986701816,7.809999465942383
161.9,uav_01,1,34.931317346807994,11.31749789718022,7.809999465942383
162.0,uav_01,1,35.20428046990793,11.218008649211086,7.809999465942383
162.1,uav_01,1,35.47724359300776,11.112303480712912,7.809999465942383
162.2,uav_01,1,35.743149438186485,11.012271710300752,7.809999465942383
162.3,uav_01,1,36.01352121175536,10.91494586303508,7.809999465942383
162.4,uav_01,1,36.28648433485527,10.817620015769446,7.809999465942383
162.5,uav_01,1,36.540400581965415,10.720294168503838,7.809999465942383
162.6,uav_01,1,36.791251195594555,10.615940113616706,7.816335541982144
162.7,uav_01,1,37.04577813074637,10.514403638611888,7.819999694824219
162.8,uav_01,1,37.29484950728729,10.416843633409053,7.819999694824219
162.9,uav_01,1,37.533570112194056,10.325977056768952,7.819999694824219
163.0,uav_01,1,37.76856822807644,10.239580972003838,7.819999694824219
163.1,uav_01,1,37.994532706459744,10.152860967324711,7.819999694824219
163.2,uav_01,1,38.211541552820485,10.066140962828355,7.819999694824219
163.3,uav_01,1,38.4285503991584,9.984625938642948,7.819999694824219
163.4,uav_01,1,38.62829137021962,9.91370567129118,7.819999694824219
163.5,uav_01,1,38.81166305576904,9.839236681688922,7.819999694824219
163.6,uav_01,1,38.99260334844033,9.756978311999951,7.819999694824219
163.7,uav_01,1,39.159394158185506,9.685065779327559,7.819999694824219
163.8,uav_01,1,39.3213603209879,9.623518611998097,7.819999694824219
163.9,uav_01,1,39.469436513436044,9.568788658339065,7.819999694824219
164.0,uav_01,1,39.59329299087152,9.514058704927164,7.819999694824219
164.1,uav_01,1,39.71068931025683,9.463039767826979,7.819999694824219
164.2,uav_01,1,39.81238207239985,9.419255804864134,7.819999694824219
164.3,uav_01,1,39.901680954822524,9.37890435126249,7.823096232715242
164.4,uav_01,1,39.97503386615529,9.346066379137566,7.829999923706055
164.5,uav_01,1,40.038980562982566,9.316382409291519,7.829999923706055
164.6,uav_01,1,40.09090095122785,9.297504041482627,7.829999923706055
164.7,uav_01,1,40.1291439078641,9.28360486343749,7.829999923706055
164.8,uav_01,1,40.16518744377276,9.264354580792189,7.829999923706055
164.9,uav_01,1,40.19411949594852,9.250370318664624,7.829999923706055
165.0,uav_01,1,40.21798406793652,9.23400845988584,7.829999923706055
165.1,uav_01,1,40.22756853448629,9.23400845988584,7.829999923706055
165.2,uav_01,1,40.239646238682525,9.23400845988584,7.829999923706055
165.3,uav_01,1,40.25407612078177,9.228426960311198,7.829999923706055
165.4,uav_01,1,40.249227188675356,9.211837971521458,7.829999923706055
165.5,uav_01,1,40.23235900914232,9.217398283125474,7.829999923706055
165.6,uav_01,1,40.22271847338184,9.23400845988584,7.829999923706055
165.7,uav_01,1,40.213213500760816,9.23400845988584,7.829999923706055
165.8,uav_01,1,40.20234091230487,9.23400845988584,7.829999923706055
165.9,uav_01,1,40.18408780281739,9.23400845988584,7.829999923706055
166.0,uav_01,1,40.16583469332991,9.234814853684124,7.829999923706055
166.1,uav_01,1,40.14776139790952,9.245300291422781,7.829999923706055
166.2,uav_01,1,40.138634843814266,9.255785728796253,7.829999923706055
166.3,uav_01,1,40.12072399369091,9.256178948250223,7.8208955242670815
166.4,uav_01,1,40.10247088420343,9.26567135989517,7.819999694824219
166.5,uav_01,1,40.08421777471596,9.276156797641164,7.819999694824219
166.6,uav_01,1,40.07318274096297,9.28664223509254,7.819999694824219
166.7,uav_01,1,40.07075218821945,9.289434680993711,7.819999694824219
166.8,uav_01,1,40.05116283411311,9.29693670717258,7.819999694824219
166.9,uav_01,1,40.02878810471662,9.300519925372816,7.819999694824219
167.0,uav_01,1,40.02250904821581,9.307974421905659,7.819999694824219
167.1,uav_01,1,40.00968049294551,9.311605169751921,7.819999694824219
167.2,uav_01,1,39.99684515264753,9.318919759342377,7.819999694824219
167.3,uav_01,1,39.98087125493658,9.329981238764512,7.819999694824219
167.4,uav_01,1,39.97426590821216,9.341042718320603,7.819999694824219
167.5,uav_01,1,39.96796132292722,9.344860902495409,7.819999694824219
167.6,uav_01,1,39.958333379967605,9.352080432797193,7.819999694824219
167.7,uav_01,1,39.954968651936476,9.355946146480687,7.819999694824219
167.8,uav_01,1,39.954968651936476,9.362721047672876,7.819999694824219
167.9,uav_01,1,39.94424152601065,9.367031390859792,7.819999694824219
168.0,uav_01,1,39.93567139566078,9.372580812946971,7.819999694824219
168.1,uav_01,1,39.93567139566078,9.378116635238898,7.815546211114221
168.2,uav_01,1,39.93567139566078,9.382440578067447,7.809999465942383
168.3,uav_01,1,39.93567139566078,9.389201879224176,7.809999465942383
168.4,uav_01,1,39.93567139566078,9.389201879224176,7.809999465942383
168.5,uav_01,1,39.93567139566078,9.391687603548826,7.809999465942383
168.6,uav_01,1,39.93567139566078,9.400287123603281,7.809999465942383
168.7,uav_01,1,39.93567139566078,9.400287123603281,7.809999465942383
168.8,uav_01,1,39.93567139566078,9.400287123603281,7.809999465942383
168.9,uav_01,1,39.93567139566078,9.400287123603281,7.809999465942383
169.0,uav_01,1,39.937870533740885,9.400287123603281,7.809999465942383
169.1,uav_01,1,39.954968651936476,9.401816352924655,7.809999465942383
169.2,uav_01,1,39.954968651936476,9.411372367982384,7.809999465942383
169.3,uav_01,1,39.954968651936476,9.411372367982384,7.809999465942383
169.4,uav_01,1,39.954968651936476,9.411372367982384,7.809999465942383
169.5,uav_01,1,39.954968651936476,9.411372367982384,7.809999465942383
169.6,uav_01,1,39.95737667455376,9.411372367982384,7.809999465942383
169.7,uav_01,1,39.96461727938874,9.411372367982384,7.809999465942383
169.8,uav_01,1,39.96732293705053,9.411372367982384,7.809999465942383
169.9,uav_01,1,39.97426590821216,9.411372367982384,7.809999465942383
170.0,uav_01,1,39.97426590821216,9.411372367982384,7.809999465942383
170.1,uav_01,1,39.97609696426267,9.411372367982384,7.808101685176034
170.2,uav_01,1,39.98391453566443,9.411372367982384,7.799999237060547
170.3,uav_01,1,39.98391453566443,9.411372367982384,7.799999237060547
170.4,uav_01,1,39.98487099062408,9.411372367982384,7.799999237060547
170.5,uav_01,1,39.993563164487846,9.411372367982384,7.799999237060547
170.6,uav_01,1,39.993563164487846,9.411372367982384,7.799999237060547
170.7,uav_01,1,39.993645042985136,9.411372367982384,7.799999237060547
170.8,uav_01,1,40.00300498317914,9.411372367982384,7.799999237060547
170.9,uav_01,1,40.00321179194012,9.411372367982384,7.799999237060547
171.0,uav_01,1,40.00321179194012,9.411372367982384,7.799999237060547
0.0,uav_02,1,38.58486347281639,-8.546723316257873,7.729999542236328
0.1,uav_02,1,38.58486347281639,-8.546723316257873,7.7344312222223675
0.2,uav_02,1,38.58486347281639,-8.546723316257873,7.739999771118164
0.3,uav_02,1,38.58486347281639,-8.546723316257873,7.739999771118164
0.4,uav_02,1,38.58486347281639,-8.546723316257873,7.739999771118164
0.5,uav_02,1,38.583990050991694,-8.546723316257873,7.739999771118164
0.6,uav_02,1,38.57521484399297,-8.5467723269266,7.739999771118164
0.7,uav_02,1,38.57521484399297,-8.556903113549026,7.739999771118164
0.8,uav_02,1,38.567185082875866,-8.557808560636976,7.748322141261968
0.9,uav_02,1,38.55836721707914,-8.557808560636976,7.75
1.0,uav_02,1,38.54954935195734,-8.572441408419298,7.75
1.1,uav_02,1,38.529656540234015,-8.58634101526581,7.75
1.2,uav_02,1,38.49696633169999,-8.608605089236553,7.75
1.3,uav_02,1,38.46280910590084,-8.636513198858085,7.75
1.4,uav_02,1,38.42064465827511,-8.673271697596041,7.75
1.5,uav_02,1,38.36979592668161,-8.71271350694406,7.75
1.6,uav_02,1,38.32581703573007,-8.755658082307818,7.757120181511947
1.7,uav_02,1,38.25557421310566,-8.810885320471064,7.760000228881836
1.8,uav_02,1,38.19004039728241,-8.878395221622053,7.760000228881836
1.9,uav_02,1,38.12058872299608,-8.948498943232664,7.760000228881836
2.0,uav_02,1,38.0404461846808,-9.028890216845848,7.760000228881836
2.1,uav_02,1,37.96856364650394,-9.110677892196593,7.760000228881836
2.2,uav_02,1,37.8672106917799,-9.20495113604673,7.760000228881836
2.3,uav_02,1,37.782184580315956,-9.301316827611856,7.760000228881836
2.4,uav_02,1,37.67693330044453,-9.408242962436045,7.760000228881836
2.5,uav_02,1,37.563182532037835,-9.518080210606444,7.760000228881836
2.6,uav_02,1,37.446205570464556,-9.636887027218458,7.760000228881836
2.7,uav_02,1,37.322113822569456,-9.755693843830477,7.764061565783412
2.8,uav_02,1,37.188800286198116,-9.879798085826664,7.770000457763672
2.9,uav_02,1,37.03872333523839,-10.010485583804423,7.770000457763672
3.0,uav_02,1,36.883608650736896,-10.134284781637081,7.770000457763672
3.1,uav_02,1,36.72459614733994,-10.266054903379828,7.770000457763672
3.2,uav_02,1,36.55676031603366,-10.396756787156802,7.770000457763672
3.3,uav_02,1,36.38589879395391,-10.53219011553937,7.770000457763672
3.4,uav_02,1,36.215037271874145,-10.670755993894224,7.770000457763672
3.5,uav_02,1,36.03604755236155,-10.818660302863101,7.770000457763672
3.6,uav_02,1,35.85513535288444,-10.958972994399442,7.770000457763672
3.7,uav_02,1,35.665290856618284,-11.107801128258696,7.770000457763672
3.8,uav_02,1,35.47432797874768,-11.25791416317707,7.770000457763672
3.9,uav_02,1,35.28318956538154,-11.419112442080731,7.770000457763672
4.0,uav_02,1,35.07374005929613,-11.568385415942258,7.770000457763672
4.1,uav_02,1,34.89580879164474,-11.701261045086426,7.770000457763672
4.2,uav_02,1,34.72048108751594,-11.826184075120613,7.770000457763672
4.3,uav_02,1,34.53850873167806,-11.950811835758095,7.770000457763672
4.4,uav_02,1,34.360370385667466,-12.081686159266738,7.770000457763672
4.5,uav_02,1,34.181006615541186,-12.21115260114919,7.774283789812072
4.6,uav_02,1,34.000259683819,-12.33902993797774,7.780000686645508
4.7,uav_02,1,33.82198035197112,-12.473244449546542,7.780000686645508
4.8,uav_02,1,33.63028049878632,-12.60771155006058,7.780000686645508
4.9,uav_02,1,33.44670512699174,-12.751512812279103,7.780000686645508
5.0,uav_02,1,33.27038965129864,-12.903654921198331,7.780000686645508
5.1,uav_02,1,33.089203010854874,-13.05020058109523,7.780000686645508
5.2,uav_02,1,32.8976259221089,-13.206031607942373,7.780000686645508
5.3,uav_02,1,32.69591448422669,-13.374573370103912,7.780000686645508
5.4,uav_02,1,32.48941064084331,-13.547119468721363,7.780000686645508
5.5,uav_02,1,32.28196931652371,-13.720448887490752,7.780000686645508
5.6,uav_02,1,32.074527991985036,-13.893778306260138,7.780000686645508
5.7,uav_02,1,31.86708666824148,-14.067107724881994,7.780000686645508
5.8,uav_02,1,31.65964534449793,-14.240437143405085,7.780000686645508
5.9,uav_02,1,31.449028396059113,-14.4174150157731,7.780000686645508
6.0,uav_02,1,31.235114068187393,-14.60157752307164,7.780000686645508
6.1,uav_02,1,31.024936073653322,-14.782595888077632,7.780000686645508
6.2,uav_02,1,30.804594064919517,-14.961765257521783,7.780000686645508
6.3,uav_02,1,30.572241807149236,-15.159074616487473,7.780000686645508
6.4,uav_02,1,30.337975970624374,-15.356862580538458,7.780000686645508
6.5,uav_02,1,30.105708926627354,-15.552354145643092,7.780000686645508
6.6,uav_02,1,29.8676181726981,-15.754536532330135,7.780000686645508
6.7,uav_02,1,29.629527418653208,-15.956718918808175,7.780000686645508
6.8,uav_02,1,29.391436664923813,-16.151275533663735,7.786880053642441
6.9,uav_02,1,29.153345910679064,-16.35843205699991,7.790000915527344
7.0,uav_02,1,28.91525515600642,-16.56326607896443,7.790000915527344
7.1,uav_02,1,28.67716440257678,-16.765448465507976,7.790000915527344
7.2,uav_02,1,28.456448306855044,-16.962865828486233,7.790000915527344
7.3,uav_02,1,28.254390590251013,-17.142497965881105,7.790000915527344
7.4,uav_02,1,28.040466204322655,-17.318968291313883,7.790000915527344
7.5,uav_02,1,27.82952526322845,-17.5043831009431,7.790000915527344
7.6,uav_02,1,27.620261490092826,-17.685121900139855,7.790000915527344
7.7,uav_02,1,27.410997716493423,-17.856039704514757,7.790000915527344
7.8,uav_02,1,27.207089622194715,-18.035595826449132,7.790000915527344
7.9,uav_02,1,26.99731332127297,-18.223751979198973,7.790000915527344
8.0,uav_02,1,26.783206395705317,-18.40213042228112,7.790000915527344
8.1,uav_02,1,26.573942622178752,-18.577893796334255,7.790000915527344
8.2,uav_02,1,26.36771043714541,-18.759850973328593,7.790000915527344
8.3,uav_02,1,26.170407992471873,-18.929130318069625,7.792116468914017
8.4,uav_02,1,25.98239701833608,-19.095245640636026,7.799999237060547
8.5,uav_02,1,25.78677897698463,-19.26136096289192,7.799999237060547
8.6,uav_02,1,25.599420638341538,-19.417986768922887,7.799999237060547
8.7,uav_02,1,25.41942393569542,-19.56615484000899,7.799999237060547
8.8,uav_02,1,25.24678886986014,-19.726451197553747,7.799999237060547
8.9,uav_02,1,25.067027796762595,-19.88701826753396,7.799999237060547
9.0,uav_02,1,24.883600606881178,-20.0391276025597,7.799999237060547
9.1,uav_02,1,24.710077276132232,-20.185699945828773,7.799999237060547
9.2,uav_02,1,24.54847976402675,-20.329058312576183,7.799999237060547
9.3,uav_02,1,24.386373270482718,-20.457135800875587,7.799999237060547
9.4,uav_02,1,24.207842579318417,-20.619050812557795,7.799999237060547
9.5,uav_02,1,24.037634702182395,-20.7681336469632,7.799999237060547
9.6,uav_02,1,23.86828782285408,-20.90608278515788,7.800780877685862
9.7,uav_02,1,23.7103217407072,-21.043096688506413,7.809999465942383
9.8,uav_02,1,23.561545558098214,-21.176282171714814,7.809999465942383
9.9,uav_02,1,23.423145203250524,-21.283878017447456,7.809999465942383
10.0,uav_02,1,23.29512067708364,-21.405506334642315,7.809999465942383
10.1,uav_02,1,23.177471978426414,-21.506163192558652,7.809999465942383
10.2,uav_02,1,23.070199107685486,-21.594899330561084,7.809999465942383
10.3,uav_02,1,22.976047631039833,-21.675902410615485,7.809999465942383
10.4,uav_02,1,22.89411522145678,-21.74935646440981,7.809999465942383
10.5,uav_02,1,22.82069490288583,-21.808600396709362,7.809999465942383
10.6,uav_02,1,22.764022898799897,-21.85587906596129,7.809999465942383
10.7,uav_02,1,22.712456812355573,-21.90491777247301,7.809999465942383
10.8,uav_02,1,22.673963681034728,-21.949142272970875,7.809999465942383
10.9,uav_02,1,22.64302402901899,-21.968142116350293,7.809999465942383
11.0,uav_02,1,22.612084377445512,-21.998064503251694,7.809999465942383
11.1,uav_02,1,22.598205216497668,-22.00420983535433,7.809999465942383
11.2,uav_02,1,22.587891999636113,-22.025337604428614,7.8004695664186166
11.3,uav_02,1,22.58743820674702,-22.026380323718715,7.799999237060547
11.4,uav_02,1,22.58743820674702,-22.036051772496677,7.799999237060547
11.5,uav_02,1,22.58743820674702,-22.03746556809782,7.799999237060547
11.6,uav_02,1,22.58743820674702,-22.029270549663803,7.799999237060547
11.7,uav_02,1,22.58743820674702,-22.026380323718715,7.799999237060547
11.8,uav_02,1,22.59320567922571,-22.013127901846964,7.799999237060547
11.9,uav_02,1,22.60733669081875,-22.00420983535433,7.799999237060547
12.0,uav_02,1,22.620866474524437,-21.999060054644698,7.799999237060547
12.1,uav_02,1,22.637552236482172,-21.984301460056635,7.799999237060547
12.2,uav_02,1,22.654978603026354,-21.970954102610843,7.799999237060547
12.3,uav_02,1,22.65999641699496,-21.96807163614534,7.799999237060547
12.4,uav_02,1,22.67596250921194,-21.955993296408348,7.799999237060547
12.5,uav_02,1,22.685501619532225,-21.937698369867356,7.799999237060547
12.6,uav_02,1,22.703002708526352,-21.937698369867356,7.799999237060547
12.7,uav_02,1,22.720503797520475,-21.92777075141927,7.799999237060547
12.8,uav_02,1,22.730261942359974,-21.908821493492884,7.799999237060547
12.9,uav_02,1,22.745857346685305,-21.904442637123868,7.807093527080117
13.0,uav_02,1,22.76335843567943,-21.89761042555292,7.809999465942383
13.1,uav_02,1,22.775810831632715,-21.881756574393698,7.809999465942383
13.2,uav_02,1,22.78456137609785,-21.871186904380377,7.809999465942383
13.3,uav_02,1,22.793311920754462,-21.86745009968657,7.809999465942383
13.4,uav_02,1,22.802219669817184,-21.857216046110484,7.809999465942383
13.5,uav_02,1,22.81164350697942,-21.849016416016,7.809999465942383
13.6,uav_02,1,22.82135642608528,-21.84631519901171,7.809999465942383
13.7,uav_02,1,22.8310693455344,-21.837931171636892,7.809999465942383
13.8,uav_02,1,22.84076177203114,-21.83510577112416,7.809999465942383
13.9,uav_02,1,22.850414779895356,-21.826845927257786,7.809999465942383
14.0,uav_02,1,22.857599791864356,-21.826845927257786,7.809999465942383
14.1,uav_02,1,22.860191991675865,-21.826845927257786,7.809999465942383
14.2,uav_02,1,22.867248419316624,-21.82379390186027,7.809999465942383
14.3,uav_02,1,22.867248419316624,-21.815760683272508,7.809999465942383
14.4,uav_02,1,22.872972739462934,-21.815760683272508,7.809999465942383
14.5,uav_02,1,22.886545675592313,-21.815760683272508,7.809999465942383
14.6,uav_02,1,22.886545675592313,-21.815760683272508,7.809999465942383
14.7,uav_02,1,22.886545675592313,-21.815760683272508,7.809999465942383
14.8,uav_02,1,22.886545675592313,-21.815760683272508,7.809999465942383
14.9,uav_02,1,22.886545675592313,-21.82179553311095,7.809999465942383
15.0,uav_02,1,22.886545675592313,-21.826845927257786,7.809999465942383
15.1,uav_02,1,22.886545675592313,-21.826845927257786,7.809999465942383
15.2,uav_02,1,22.873034554226745,-21.826845927257786,7.809999465942383
15.3,uav_02,1,22.867248419316624,-21.826845927257786,7.809999465942383
15.4,uav_02,1,22.867248419316624,-21.826845927257786,7.809999465942383
15.5,uav_02,1,22.867248419316624,-21.83510030956812,7.809999465942383
15.6,uav_02,1,22.867248419316624,-21.837931171636892,7.809999465942383
15.7,uav_02,1,22.860580082471863,-21.837931171636892,7.809999465942383
15.8,uav_02,1,22.857599791864356,-21.837931171636892,7.809999465942383
15.9,uav_02,1,22.857599791864356,-21.844940792174473,7.809999465942383
16.0,uav_02,1,22.857599791864356,-21.849016416016,7.809999465942383
16.1,uav_02,1,22.85204446028192,-21.849016416016,7.809999465942383
16.2,uav_02,1,22.847951163040936,-21.849016416016,7.809999465942383
16.3,uav_02,1,22.847951163040936,-21.849016416016,7.809999465942383
16.4,uav_02,1,22.843249329280997,-21.854418321589097,7.809999465942383
16.5,uav_02,1,22.838302535588667,-21.860101660001277,7.809999465942383
16.6,uav_02,1,22.838302535588667,-21.860101660001277,7.809999465942383
16.7,uav_02,1,22.838302535588667,-21.860101660001277,7.809999465942383
16.8,uav_02,1,22.838302535588667,-21.860101660001277,7.809999465942383
16.9,uav_02,1,22.838302535588667,-21.860101660001277,7.809999465942383
17.0,uav_02,1,22.836574031048634,-21.862087527173422,7.809999465942383
17.1,uav_02,1,22.828653906765247,-21.871186904380377,7.809999465942383
17.2,uav_02,1,22.828653906765247,-21.871186904380377,7.809999465942383
17.3,uav_02,1,22.828653906765247,-21.871186904380377,7.809999465942383
17.4,uav_02,1,22.828653906765247,-21.871186904380377,7.809999465942383
17.5,uav_02,1,22.828653906765247,-21.871186904380377,7.809999465942383
17.6,uav_02,1,22.828653906765247,-21.871186904380377,7.809999465942383
17.7,uav_02,1,22.828653906765247,-21.871186904380377,7.809999465942383
17.8,uav_02,1,22.828653906765247,-21.871186904380377,7.809999465942383
17.9,uav_02,1,22.82113332409692,-21.871186904380377,7.809999465942383
18.0,uav_02,1,22.81900527931298,-21.871186904380377,7.809999465942383
18.1,uav_02,1,22.81900527931298,-21.871186904380377,7.809999465942383
18.2,uav_02,1,22.81900527931298,-21.871186904380377,7.816603678379264
18.3,uav_02,1,22.81900527931298,-21.871186904380377,7.819999694824219
18.4,uav_02,1,22.81900527931298,-21.871186904380377,7.819999694824219
18.5,uav_02,1,22.81900527931298,-21.871186904380377,7.819999694824219
18.6,uav_02,1,22.81900527931298,-21.871186904380377,7.819999694824219
18.7,uav_02,1,22.81900527931298,-21.871186904380377,7.819999694824219
18.8,uav_02,1,22.81900527931298,-21.871186904380377,7.819999694824219
18.9,uav_02,1,22.81900527931298,-21.88459950441297,7.819999694824219
19.0,uav_02,1,22.81900527931298,-21.89335739274476,7.819999694824219
19.1,uav_02,1,22.81900527931298,-21.89335739274476,7.819999694824219
19.2,uav_02,1,22.81900527931298,-21.89335739274476,7.819999694824219
19.3,uav_02,1,22.81900527931298,-21.89335739274476,7.819999694824219
19.4,uav_02,1,22.81900527931298,-21.89335739274476,7.819999694824219
19.5,uav_02,1,22.81900527931298,-21.89335739274476,7.819999694824219
19.6,uav_02,1,22.81280496241665,-21.89335739274476,7.819999694824219
19.7,uav_02,1,22.80935665186071,-21.89335739274476,7.819999694824219
19.8,uav_02,1,22.80935665186071,-21.89335739274476,7.819999694824219
19.9,uav_02,1,22.80935665186071,-21.89335739274476,7.819999694824219
20.0,uav_02,1,22.80935665186071,-21.89335739274476,7.819999694824219
20.1,uav_02,1,22.80935665186071,-21.89335739274476,7.819999694824219
20.2,uav_02,1,22.80935665186071,-21.89335739274476,7.819999694824219
20.3,uav_02,1,22.80935665186071,-21.89335739274476,7.819999694824219
20.4,uav_02,1,22.80935665186071,-21.89335739274476,7.819999694824219
20.5,uav_02,1,22.80935665186071,-21.89335739274476,7.819999694824219
20.6,uav_02,1,22.80935665186071,-21.89335739274476,7.819999694824219
20.7,uav_02,1,22.80935665186071,-21.89335739274476,7.819999694824219
20.8,uav_02,1,22.80935665186071,-21.89335739274476,7.819999694824219
20.9,uav_02,1,22.80935665186071,-21.89335739274476,7.819999694824219
21.0,uav_02,1,22.80935665186071,-21.89335739274476,7.819999694824219
21.1,uav_02,1,22.80935665186071,-21.89335739274476,7.819999694824219
21.2,uav_02,1,22.80935665186071,-21.89335739274476,7.819999694824219
21.3,uav_02,1,22.80935665186071,-21.89335739274476,7.819999694824219
21.4,uav_02,1,22.80935665186071,-21.89335739274476,7.819999694824219
21.5,uav_02,1,22.80935665186071,-21.872622170505114,7.819999694824219
21.6,uav_02,1,22.80935665186071,-21.871186904380377,7.819999694824219
21.7,uav_02,1,22.80935665186071,-21.871186904380377,7.819999694824219
21.8,uav_02,1,22.799954677084415,-21.871186904380377,7.819999694824219
21.9,uav_02,1,22.799708023037287,-21.871186904380377,7.819999694824219
22.0,uav_02,1,22.799708023037287,-21.871186904380377,7.819999694824219
22.1,uav_02,1,22.799708023037287,-21.871186904380377,7.819999694824219
22.2,uav_02,1,22.799708023037287,-21.871186904380377,7.819999694824219
22.3,uav_02,1,22.799708023037287,-21.871186904380377,7.819999694824219
22.4,uav_02,1,22.799708023037287,-21.871186904380377,7.819999694824219
22.5,uav_02,1,22.80092592136102,-21.871186904380377,7.819999694824219
22.6,uav_02,1,22.80935665186071,-21.871186904380377,7.819999694824219
22.7,uav_02,1,22.80935665186071,-21.871186904380377,7.819999694824219
22.8,uav_02,1,22.80935665186071,-21.871186904380377,7.819999694824219
22.9,uav_02,1,22.80935665186071,-21.871186904380377,7.819999694824219
23.0,uav_02,1,22.80935665186071,-21.886717792854213,7.819999694824219
23.1,uav_02,1,22.80935665186071,-21.900096641393873,7.819999694824219
23.2,uav_02,1,22.80935665186071,-21.904442637123868,7.819999694824219
23.3,uav_02,1,22.80935665186071,-21.91850320855018,7.819999694824219
23.4,uav_02,1,22.80935665186071,-21.94868035415287,7.819999694824219
23.5,uav_02,1,22.80935665186071,-21.978857499755563,7.819999694824219
23.6,uav_02,1,22.8108083949381,-22.009213529406427,7.819999694824219
23.7,uav_02,1,22.81900527931298,-22.04368700145686,7.819999694824219
23.8,uav_02,1,22.81900527931298,-22.107039394767867,7.819999694824219
23.9,uav_02,1,22.81900527931298,-22.160531488190415,7.819999694824219
24.0,uav_02,1,22.81900527931298,-22.22449635374675,7.819999694824219
24.1,uav_02,1,22.81900527931298,-22.2988856359471,7.819999694824219
24.2,uav_02,1,22.81900527931298,-22.383511295872967,7.819999694824219
24.3,uav_02,1,22.827339864582232,-22.46879778319372,7.811361392564127
24.4,uav_02,1,22.836619065221615,-22.563235387139542,7.809999465942383
24.5,uav_02,1,22.845898264968312,-22.659182685474036,7.809999465942383
24.6,uav_02,1,22.86228432393013,-22.770979733542468,7.809999465942383
24.7,uav_02,1,22.88140519665119,-22.88367055463197,7.809999465942383
24.8,uav_02,1,22.893861402917118,-23.022464743333096,7.809999465942383
24.9,uav_02,1,22.9038171408027,-23.162401958667903,7.809999465942383
25.0,uav_02,1,22.913772877892896,-23.30876958308225,7.809999465942383
25.1,uav_02,1,22.92372861586576,-23.466928123348907,7.809999465942383
25.2,uav_02,1,22.92514018814369,-23.63687757973391,7.809999465942383
25.3,uav_02,1,22.91628891281084,-23.808448781959303,7.809999465942383
25.4,uav_02,1,22.897174791168677,-23.990541990437556,7.809999465942383
25.5,uav_02,1,22.886728810269485,-24.173551272946742,7.809999465942383
25.6,uav_02,1,22.8668832353931,-24.367744352319733,7.809999465942383
25.7,uav_02,1,22.837810853162264,-24.558617583121706,7.809999465942383
25.8,uav_02,1,22.818462909316498,-24.74756172977019,7.809999465942383
25.9,uav_02,1,22.79881843670853,-24.93616519610976,7.809999465942383
26.0,uav_02,1,22.76979652162726,-25.113625183842533,7.810333067705031
26.1,uav_02,1,22.740774606496647,-25.280340607133393,7.819999694824219
26.2,uav_02,1,22.71138012998166,-25.446627998571312,7.819999694824219
26.3,uav_02,1,22.672286339713185,-25.60177191103592,7.819999694824219
26.4,uav_02,1,22.62349323304762,-25.745772344889556,7.819999694824219
26.5,uav_02,1,22.56547164577984,-25.87858244670248,7.819999694824219
26.6,uav_02,1,22.5076508856708,-25.99916228884751,7.819999694824219
26.7,uav_02,1,22.443778111688744,-26.103995150024716,7.819999694824219
26.8,uav_02,1,22.373268854498345,-26.195501664800275,7.819999694824219
26.9,uav_02,1,22.30264660212918,-26.268722639926178,7.819999694824219
27.0,uav_02,1,22.21794775264659,-26.35589040305243,7.819999694824219
27.1,uav_02,1,22.129669937043555,-26.4257404488749,7.813555675642629
27.2,uav_02,1,22.03599551533573,-26.480393400390017,7.809999465942383
27.3,uav_02,1,21.94346567701409,-26.531104296725836,7.809999465942383
27.4,uav_02,1,21.840168210142387,-26.577501198802405,7.809999465942383
27.5,uav_02,1,21.719513334369896,-26.61469898671198,7.809999465942383
27.6,uav_02,1,21.602638954273722,-26.647553388629063,7.809999465942383
27.7,uav_02,1,21.478192432588305,-26.685293259511923,7.809999465942383
27.8,uav_02,1,21.345437168422986,-26.707724104209067,7.809999465942383
27.9,uav_02,1,21.18383012906586,-26.739529220377577,7.809999465942383
28.0,uav_02,1,21.02222308970875,-26.761372661132352,7.809999465942383
28.1,uav_02,1,20.859514124640583,-26.783216101909613,7.809999465942383
28.2,uav_02,1,20.678894492179516,-26.804590069301195,7.809999465942383
28.3,uav_02,1,20.498008560015773,-26.815511789495446,7.809999465942383
28.4,uav_02,1,20.307758662255797,-26.826433510066845,7.8101279514986
28.5,uav_02,1,20.108126438041708,-26.837355230638238,7.819980662161732
28.6,uav_02,1,19.908494212479294,-26.848276950822367,7.819999694824219
28.7,uav_02,1,19.69951638610024,-26.848461572312114,7.819999694824219
28.8,uav_02,1,19.49362921289933,-26.848461572312114,7.819999694824219
28.9,uav_02,1,19.251857760143338,-26.837376328326837,7.819999694824219
29.0,uav_02,1,19.018533565604617,-26.836504628129198,7.819999694824219
29.1,uav_02,1,18.77585656003554,-26.824887545086636,7.819999694824219
29.2,uav_02,1,18.531494996501365,-26.811335084588265,7.819999694824219
29.3,uav_02,1,18.278706449327128,-26.790568135016223,7.819999694824219
29.4,uav_02,1,18.023307515360617,-26.778951052080206,7.819999694824219
29.5,uav_02,1,17.763480725699633,-26.76733396932492,7.819999694824219
29.6,uav_02,1,17.50361975161609,-26.755716886282354,7.819999694824219
29.7,uav_02,1,17.240220017432886,-26.74434782160409,7.819999694824219
29.8,uav_02,1,16.99082610498102,-26.733486129463095,7.819999694824219
29.9,uav_02,1,16.74034583774517,-26.722827792124004,7.819999694824219
30.0,uav_02,1,16.487020061009552,-26.712169454901055,7.817050493825857
30.1,uav_02,1,16.229736675469997,-26.701511117839644,7.809999465942383
30.2,uav_02,1,15.97715406077205,-26.69085278050055,7.809999465942383
30.3,uav_02,1,15.717396747366779,-26.682182908594672,7.809999465942383
30.4,uav_02,1,15.456280248132758,-26.680621350256946,7.809999465942383
30.5,uav_02,1,15.188233490959227,-26.669963013256204,7.809999465942383
30.6,uav_02,1,14.927860153868455,-26.659304675917113,7.809999465942383
30.7,uav_02,1,14.659219122436136,-26.648652447741245,7.809999465942383
30.8,uav_02,1,14.405112401558048,-26.638225965389914,7.809999465942383
30.9,uav_02,1,14.138966746119427,-26.62800793086774,7.809999465942383
31.0,uav_02,1,13.878274027156458,-26.617723210771587,7.809999465942383
31.1,uav_02,1,13.62558225851929,-26.615671443107697,7.809999465942383
31.2,uav_02,1,13.36170163821873,-26.60821816116684,7.809999465942383
31.3,uav_02,1,13.09287388417669,-26.597923014171545,7.809999465942383
31.4,uav_02,1,12.829158082403493,-26.58762786704722,7.809999465942383
31.5,uav_02,1,12.564867003814692,-26.582415710364213,7.809999465942383
31.6,uav_02,1,12.296039249479472,-26.578122817330186,7.809999465942383
31.7,uav_02,1,12.027211495453418,-26.57133046637893,7.809999465942383
31.8,uav_02,1,11.755838114183945,-26.568520279249032,7.809999465942383
31.9,uav_02,1,11.476030983183458,-26.560245221999825,7.809999465942383
32.0,uav_02,1,11.193614259841437,-26.560245221999825,7.809999465942383
32.1,uav_02,1,10.915151675272472,-26.55819432179732,7.809999465942383
32.2,uav_02,1,10.621301214976054,-26.54915997762072,7.809999465942383
32.3,uav_02,1,10.330342649690591,-26.54915997762072,7.809999465942383
32.4,uav_02,1,10.052897550658871,-26.547693568636905,7.8113223439495805
32.5,uav_02,1,9.75904709036245,-26.538074733635444,7.819999694824219
32.6,uav_02,1,9.467071039539706,-26.538074733635444,7.819999694824219
32.7,uav_02,1,9.189875802285787,-26.538074733635444,7.819999694824219
32.8,uav_02,1,8.887362826918546,-26.538074733635444,7.819999694824219
32.9,uav_02,1,8.596084272769403,-26.538074733635444,7.819999694824219
33.0,uav_02,1,8.292458696209225,-26.537160857137497,7.819999694824219
33.1,uav_02,1,7.9909147042017565,-26.52698948925634,7.819999694824219
33.2,uav_02,1,7.687083638797779,-26.52698948925634,7.819999694824219
33.3,uav_02,1,7.384431359863321,-26.52698948925634,7.819999694824219
33.4,uav_02,1,7.089070136813185,-26.52698948925634,7.819999694824219
33.5,uav_02,1,6.785239071409176,-26.52698948925634,7.819999694824219
33.6,uav_02,1,6.481408006005214,-26.52698948925634,7.819999694824219
33.7,uav_02,1,6.177576940601196,-26.524934943188306,7.819999694824219
33.8,uav_02,1,5.877677663868476,-26.515904244877234,7.819999694824219
33.9,uav_02,1,5.593066404899392,-26.515904244877234,7.819999694824219
34.0,uav_02,1,5.306811116298739,-26.515904244877234,7.819999694824219
34.1,uav_02,1,5.027635869036231,-26.515904244877234,7.819999694824219
34.2,uav_02,1,4.739558308346582,-26.515904244877234,7.819999694824219
34.3,uav_02,1,4.442908076897453,-26.515904244877234,7.819999694824219
34.4,uav_02,1,4.1553684945541605,-26.515904244877234,7.819999694824219
34.5,uav_02,1,3.8678289122108866,-26.515904244877234,7.819999694824219
34.6,uav_02,1,3.580289329867632,-26.515904244877234,7.819999694824219
34.7,uav_02,1,3.2927497475243435,-26.515904244877234,7.819999694824219
34.8,uav_02,1,3.0052101651810705,-26.515904244877234,7.819999694824219
34.9,uav_02,1,2.7230789288606996,-26.515904244877234,7.819999694824219
35.0,uav_02,1,2.4449692409771195,-26.523627901393933,7.819999694824219
35.1,uav_02,1,2.1677859608020213,-26.52698948925634,7.819999694824219
35.2,uav_02,1,1.8866982813411388,-26.52698948925634,7.819999694824219
35.3,uav_02,1,1.6062633352399622,-26.52698948925634,7.819999694824219
35.4,uav_02,1,1.3290800550648803,-26.52698948925634,7.819999694824219
35.5,uav_02,1,1.0518967748897816,-26.52698948925634,7.819999694824219
35.6,uav_02,1,0.7747134947146808,-26.52698948925634,7.819999694824219
35.7,uav_02,1,0.49753021453960306,-26.52698948925634,7.819999694824219
35.8,uav_02,1,0.22034693436452824,-26.52698948925634,7.819999694824219
35.9,uav_02,1,-0.05748798955236441,-26.52698948925634,7.819999694824219
36.0,uav_02,1,-0.3563695705901868,-26.52698948925634,7.819707581784928
36.1,uav_02,1,-0.6781329876939542,-26.52698948925634,7.809999465942383
36.2,uav_02,1,-0.9905296198835772,-26.52698948925634,7.809999465942383
36.3,uav_02,1,-1.3029262520731877,-26.52698948925634,7.809999465942383
36.4,uav_02,1,-1.6153228842627754,-26.52698948925634,7.809999465942383
36.5,uav_02,1,-1.9277195164524135,-26.52698948925634,7.809999465942383
36.6,uav_02,1,-2.2401161486420205,-26.52698948925634,7.809999465942383
36.7,uav_02,1,-2.5525127808316173,-26.52698948925634,7.809999465942383
36.8,uav_02,1,-2.86490941302123,-26.52698948925634,7.809999465942383
36.9,uav_02,1,-3.174552220456324,-26.52698948925634,7.809999465942383
37.0,uav_02,1,-3.4729164184558403,-26.52698948925634,7.809999465942383
37.1,uav_02,1,-3.760323509338149,-26.52698948925634,7.809999465942383
37.2,uav_02,1,-4.047730600220484,-26.52698948925634,7.809999465942383
37.3,uav_02,1,-4.337038052066035,-26.52698948925634,7.809999465942383
37.4,uav_02,1,-4.629700848568143,-26.52698948925634,7.809999465942383
37.5,uav_02,1,-4.9153595711064,-26.52698948925634,7.809999465942383
37.6,uav_02,1,-5.1948664015093895,-26.52698948925634,7.809999465942383
37.7,uav_02,1,-5.483266997437937,-26.52698948925634,7.809999465942383
37.8,uav_02,1,-5.77994528433533,-26.52698948925634,7.809999465942383
37.9,uav_02,1,-6.0763754811852415,-26.52698948925634,7.809999465942383
38.0,uav_02,1,-6.363415470637838,-26.52698948925634,7.809999465942383
38.1,uav_02,1,-6.650239840190624,-26.52698948925634,7.809999465942383
38.2,uav_02,1,-6.937060636688697,-26.52698948925634,7.809999465942383
38.3,uav_02,1,-7.223881433186748,-26.52698948925634,7.809999465942383
38.4,uav_02,1,-7.502789799154033,-26.52698948925634,7.809999465942383
38.5,uav_02,1,-7.802906568748906,-26.535624669875816,7.809999465942383
38.6,uav_02,1,-8.093992450133197,-26.538074733635444,7.809999465942383
38.7,uav_02,1,-8.38081324663127,-26.538074733635444,7.809999465942383
38.8,uav_02,1,-8.667634043129297,-26.538074733635444,7.809999465942383
38.9,uav_02,1,-8.954454839627354,-26.538074733635444,7.809999465942383
39.0,uav_02,1,-9.24833993568105,-26.538074733635444,7.809999465942383
39.1,uav_02,1,-9.55135350660315,-26.53130976457238,7.809999465942383
39.2,uav_02,1,-9.857330969306885,-26.52698948925634,7.809999465942383
39.3,uav_02,1,-10.150645484673271,-26.52698948925634,7.809999465942383
39.4,uav_02,1,-10.435311891284506,-26.519522913581344,7.809999465942383
39.5,uav_02,1,-10.707399107228373,-26.508213215689388,7.809999465942383
39.6,uav_02,1,-10.973895606550137,-26.49687336207224,7.809999465942383
39.7,uav_02,1,-11.23325458711427,-26.46913301226914,7.809999465942383
39.8,uav_02,1,-11.47516258234692,-26.44356830869541,7.809999465942383
39.9,uav_02,1,-11.712048359833531,-26.403469668047578,7.809999465942383
40.0,uav_02,1,-11.918625088907854,-26.359620660256073,7.809999465942383
40.1,uav_02,1,-12.113415978061356,-26.300677071117704,7.809999465942383
40.2,uav_02,1,-12.30041103131034,-26.23710400875408,7.809999465942383
40.3,uav_02,1,-12.466113410314556,-26.17353094639046,7.80352348630292
40.4,uav_02,1,-12.617071546340291,-26.10326900050228,7.799999237060547
40.5,uav_02,1,-12.759233585566445,-26.022901278174626,7.799999237060547
40.6,uav_02,1,-12.88763003686426,-25.93242777934344,7.799999237060547
40.7,uav_02,1,-12.998434294805257,-25.837068185797996,7.799999237060547
40.8,uav_02,1,-13.099880279800393,-25.73697864416679,7.799999237060547
40.9,uav_02,1,-13.190254181804487,-25.626783326026498,7.799999237060547
41.0,uav_02,1,-13.261768653426794,-25.500598087242704,7.799999237060547
41.1,uav_02,1,-13.32976982546098,-25.35949700793006,7.799999237060547
41.2,uav_02,1,-13.398913418707796,-25.21906316691136,7.799999237060547
41.3,uav_02,1,-13.460194676750726,-25.067017823874217,7.799999237060547
41.4,uav_02,1,-13.509582957440783,-24.90336097890084,7.799999237060547
41.5,uav_02,1,-13.558789865245684,-24.72875944165626,7.799999237060547
41.6,uav_02,1,-13.594343952609432,-24.5479966938677,7.799999237060547
41.7,uav_02,1,-13.628399889616286,-24.360946092867636,7.799999237060547
41.8,uav_02,1,-13.667796364166064,-24.162283989897283,7.799999237060547
41.9,uav_02,1,-13.69220440145994,-23.958013273294103,7.799999237060547
42.0,uav_02,1,-13.711410430648245,-23.753471685090016,7.799999237060547
42.1,uav_02,1,-13.720349051589974,-23.551837189495092,7.799999237060547
42.2,uav_02,1,-13.728800506073098,-23.348193393223422,7.799999237060547
42.3,uav_02,1,-13.739646307865664,-23.13894193368553,7.799999237060547
42.4,uav_02,1,-13.739646307865664,-22.929690474054496,7.799999237060547
42.5,uav_02,1,-13.734446702466135,-22.717452118721457,7.799999237060547
42.6,uav_02,1,-13.720349051589974,-22.49537386156858,7.799999237060547
42.7,uav_02,1,-13.71883319869245,-22.26693880936828,7.80157032849313
42.8,uav_02,1,-13.709726545910542,-22.04610589477467,7.809999465942383
42.9,uav_02,1,-13.700619892034274,-21.815929289205783,7.809999465942383
43.0,uav_02,1,-13.69151323939076,-21.585752683991007,7.809999465942383
43.1,uav_02,1,-13.673186877076684,-21.342291947261852,7.809999465942383
43.2,uav_02,1,-13.663363776825044,-21.086959197092423,7.809999465942383
43.3,uav_02,1,-13.654077232643914,-20.85015281836049,7.809999465942383
43.4,uav_02,1,-13.636772722496707,-20.606217578839345,7.809999465942383
43.5,uav_02,1,-13.625855517659708,-20.343233296319244,7.809999465942383
43.6,uav_02,1,-13.609275176719715,-20.09326169131067,7.809999465942383
43.7,uav_02,1,-13.597691089735541,-19.84148478966586,7.809999465942383
43.8,uav_02,1,-13.588427664172121,-19.571149444412537,7.809999465942383
43.9,uav_02,1,-13.579141120732888,-19.314867287451683,7.809999465942383
44.0,uav_02,1,-13.564089523086967,-19.05622772348363,7.809999465942383
44.1,uav_02,1,-13.55079748435232,-18.785994655914145,7.809999465942383
44.2,uav_02,1,-13.541228171697055,-18.51114167795429,7.809999465942383
44.3,uav_02,1,-13.53160266298028,-18.234674613061046,7.809999465942383
44.4,uav_02,1,-13.516577817378906,-17.952004285814297,7.809999465942383
44.5,uav_02,1,-13.497326799772067,-17.67683193928111,7.809999465942383
44.6,uav_02,1,-13.488781979024013,-17.399123279101165,7.809999465942383
44.7,uav_02,1,-13.483452000307764,-17.11159753143161,7.809999465942383
44.8,uav_02,1,-13.47382649143413,-16.830168799296207,7.809999465942383
44.9,uav_02,1,-13.46420098269764,-16.5476312803366,7.809999465942383
45.0,uav_02,1,-13.454575473830575,-16.26010553266987,7.809999465942383
45.1,uav_02,1,-13.444829459786222,-15.968980143711084,7.809999465942383
45.2,uav_02,1,-13.42927566162381,-15.672591574704349,7.809999465942383
45.3,uav_02,1,-13.421241582744678,-15.374467575389813,7.809999465942383
45.4,uav_02,1,-13.421241582744678,-15.076343576168252,7.809999465942383
45.5,uav_02,1,-13.414614958477577,-14.778219576826627,7.809999465942383
45.6,uav_02,1,-13.41159295529241,-14.472101229342517,7.809999465942383
45.7,uav_02,1,-13.404302972676694,-14.17088633418188,7.809999465942383
45.8,uav_02,1,-13.40194432646899,-13.865959783854308,7.802165352385661
45.9,uav_02,1,-13.394071392805362,-13.565954894185916,7.799999237060547
46.0,uav_02,1,-13.39229569901672,-13.258404670187733,7.799999237060547
46.1,uav_02,1,-13.39229569901672,-12.977899037110506,7.799999237060547
46.2,uav_02,1,-13.39229569901672,-12.703704612248996,7.799999237060547
46.3,uav_02,1,-13.37964226062137,-12.429837616629749,7.799999237060547
46.4,uav_02,1,-13.372998442741034,-12.155970621010495,7.799999237060547
46.5,uav_02,1,-13.372998442741034,-11.887488306393575,7.799999237060547
46.6,uav_02,1,-13.372998442741034,-11.619321874151067,7.799999237060547
46.7,uav_02,1,-13.372998442741034,-11.348955515011749,7.799999237060547
46.8,uav_02,1,-13.372998442741034,-11.082673126897857,7.799999237060547
46.9,uav_02,1,-13.372998442741034,-10.808806131278589,7.799999237060547
47.0,uav_02,1,-13.372998442741034,-10.534264565652029,7.799999237060547
47.1,uav_02,1,-13.372998442741034,-10.250254347852673,7.799999237060547
47.2,uav_02,1,-13.372998442741034,-9.972677431716107,7.799999237060547
47.3,uav_02,1,-13.372998442741034,-9.676954144825515,7.799999237060547
47.4,uav_02,1,-13.372998442741034,-9.379949909435894,7.799999237060547
47.5,uav_02,1,-13.372998442741034,-9.082945674074871,7.799999237060547
47.6,uav_02,1,-13.372998442741034,-8.795967480057564,7.799999237060547
47.7,uav_02,1,-13.372998442741034,-8.509963401338823,7.799999237060547
47.8,uav_02,1,-13.372998442741034,-8.214103456356133,7.799999237060547
47.9,uav_02,1,-13.372998442741034,-7.917099220995078,7.799999237060547
48.0,uav_02,1,-13.372998442741034,-7.612650610912018,7.799999237060547
48.1,uav_02,1,-13.372998442741034,-7.31449968584961,7.799999237060547
48.2,uav_02,1,-13.372998442741034,-7.01957857859259,7.808430445886407
48.3,uav_02,1,-13.372998442741034,-6.726204726139615,7.809999465942383
48.4,uav_02,1,-13.372998442741034,-6.433058195208927,7.809999465942383
48.5,uav_02,1,-13.372998442741034,-6.13124115383212,7.809999465942383
48.6,uav_02,1,-13.387695273158878,-5.8441224340874705,7.809999465942383
48.7,uav_02,1,-13.39229569901672,-5.553618602416904,7.809999465942383
48.8,uav_02,1,-13.39229569901672,-5.26047207120248,7.809999465942383
48.9,uav_02,1,-13.39229569901672,-4.967325540161729,7.809999465942383
49.0,uav_02,1,-13.39229569901672,-4.674179009231054,7.809999465942383
49.1,uav_02,1,-13.39229569901672,-4.381032478300365,7.809999465942383
49.2,uav_02,1,-13.39229569901672,-4.086559496257729,7.809999465942383
49.3,uav_02,1,-13.39229569901672,-3.790617488329615,7.809999465942383
49.4,uav_02,1,-13.398293656813662,-3.487352697946132,7.809999465942383
49.5,uav_02,1,-13.40194432646899,-3.193567267805054,7.809999465942383
49.6,uav_02,1,-13.40194432646899,-2.8881478821756925,7.809999465942383
49.7,uav_02,1,-13.40194432646899,-2.589517595445815,7.809999465942383
49.8,uav_02,1,-13.40194432646899,-2.297663362603305,7.809999465942383
49.9,uav_02,1,-13.40194432646899,-2.001289586108324,7.809999465942383
50.0,uav_02,1,-13.40194432646899,-1.7063082928800724,7.809999465942383
50.1,uav_02,1,-13.40194432646899,-1.4110362133569303,7.809999465942383
50.2,uav_02,1,-13.40194432646899,-1.1142703965140717,7.815363164942545
50.3,uav_02,1,-13.40194432646899,-0.8169407769435624,7.819999694824219
50.4,uav_02,1,-13.40194432646899,-0.5194093192300572,7.819999694824219
50.5,uav_02,1,-13.40194432646899,-0.21613636355816584,7.819999694824219
50.6,uav_02,1,-13.40194432646899,0.08106290324720661,7.819999694824219
50.7,uav_02,1,-13.40194432646899,0.38440580730883733,7.819999694824219
50.8,uav_02,1,-13.40194432646899,0.6873421843124556,7.819999694824219
50.9,uav_02,1,-13.40194432646899,0.9793332137164579,7.819999694824219
51.0,uav_02,1,-13.40194432646899,1.2768646716222642,7.819999694824219
51.1,uav_02,1,-13.40194432646899,1.5743961295372633,7.819999694824219
51.2,uav_02,1,-13.40194432646899,1.8690288673486912,7.819999694824219
51.3,uav_02,1,-13.40194432646899,2.1589814172664097,7.819999694824219
51.4,uav_02,1,-13.40194432646899,2.4470807086030084,7.819999694824219
51.5,uav_02,1,-13.40194432646899,2.735179999939642,7.819999694824219
51.6,uav_02,1,-13.40194432646899,3.0268635435207636,7.819999694824219
51.7,uav_02,1,-13.40194432646899,3.3192944748766355,7.819999694824219
51.8,uav_02,1,-13.40194432646899,3.599477874047338,7.819999694824219
51.9,uav_02,1,-13.40194432646899,3.8875771656799323,7.819999694824219
52.0,uav_02,1,-13.40194432646899,4.175676457016529,7.819999694824219
52.1,uav_02,1,-13.40194432646899,4.46493613594951,7.819999694824219
52.2,uav_02,1,-13.40194432646899,4.760747650507812,7.819999694824219
52.3,uav_02,1,-13.40194432646899,5.051962420689279,7.819999694824219
52.4,uav_02,1,-13.40194432646899,5.344863466539765,7.819999694824219
52.5,uav_02,1,-13.40194432646899,5.63776451239029,7.819999694824219
52.6,uav_02,1,-13.40194432646899,5.930665558240834,7.819999694824219
52.7,uav_02,1,-13.40194432646899,6.223566604091318,7.819999694824219
52.8,uav_02,1,-13.40194432646899,6.527080997539464,7.819999694824219
52.9,uav_02,1,-13.40194432646899,6.810077649941091,7.819999694824219
53.0,uav_02,1,-13.40194432646899,7.10226974164287,7.819999694824219
53.1,uav_02,1,-13.40194432646899,7.395170787845172,7.819999694824219
53.2,uav_02,1,-13.40194432646899,7.688071833737725,7.819999694824219
53.3,uav_02,1,-13.40194432646899,7.982729773185577,7.819999694824219
53.4,uav_02,1,-13.40194432646899,8.27866026449246,7.819999694824219
53.5,uav_02,1,-13.40194432646899,8.574762733593746,7.819999694824219
53.6,uav_02,1,-13.40194432646899,8.870865202695036,7.819999694824219
53.7,uav_02,1,-13.40194432646899,9.175980488606024,7.819999694824219
53.8,uav_02,1,-13.40194432646899,9.465261054601283,7.819999694824219
53.9,uav_02,1,-13.40194432646899,9.759172610310605,7.819999694824219
54.0,uav_02,1,-13.40194432646899,10.055275079493944,7.819999694824219
54.1,uav_02,1,-13.40194432646899,10.351377548595202,7.819999694824219
54.2,uav_02,1,-13.40194432646899,10.647480017696482,7.819999694824219
54.3,uav_02,1,-13.40194432646899,10.948708911939372,7.819999694824219
54.4,uav_02,1,-13.40194432646899,11.244767196887643,7.819999694824219
54.5,uav_02,1,-13.40194432646899,11.538332519078047,7.819999694824219
54.6,uav_02,1,-13.40194432646899,11.831897841268457,7.819999694824219
54.7,uav_02,1,-13.40194432646899,12.12546316345888,7.819999694824219
54.8,uav_02,1,-13.395754664084313,12.426139747898489,7.819999694824219
54.9,uav_02,1,-13.39229569901672,12.716780244509101,7.819999694824219
55.0,uav_02,1,-13.39229569901672,13.006159130267601,7.819999694824219
55.1,uav_02,1,-13.39229569901672,13.29972445261428,7.819999694824219
55.2,uav_02,1,-13.39229569901672,13.59328977480468,7.814351116236484
55.3,uav_02,1,-13.39229569901672,13.882526056012178,7.809999465942383
55.4,uav_02,1,-13.39229569901672,14.160813567297245,7.809999465942383
55.5,uav_02,1,-13.39229569901672,14.436517794235407,7.809999465942383
55.6,uav_02,1,-13.39229569901672,14.718000358261326,7.809999465942383
55.7,uav_02,1,-13.39229569901672,14.99948292239778,7.809999465942383
55.8,uav_02,1,-13.39229569901672,15.280965486282025,7.809999465942383
55.9,uav_02,1,-13.39229569901672,15.562448050166267,7.809999465942383
56.0,uav_02,1,-13.389950620073025,15.84393061405054,7.809999465942383
56.1,uav_02,1,-13.372998442741034,16.125413177934814,7.809999465942383
56.2,uav_02,1,-13.372998442741034,16.406922936357795,7.809999465942383
56.3,uav_02,1,-13.372998442741034,16.69883078050937,7.809999465942383
56.4,uav_02,1,-13.372998442741034,16.987151860716214,7.809999465942383
56.5,uav_02,1,-13.372998442741034,17.29398207788472,7.809999465942383
56.6,uav_02,1,-13.372998442741034,17.593345443360793,7.809999465942383
56.7,uav_02,1,-13.372596641589126,17.88049277083477,7.809999465942383
56.8,uav_02,1,-13.361816617042274,18.156597366702076,7.809999465942383
56.9,uav_02,1,-13.341789764881014,18.4314021080421,7.809999465942383
57.0,uav_02,1,-13.320266717817237,18.692564408782058,7.809999465942383
57.1,uav_02,1,-13.288365447202995,18.93415593024193,7.809999465942383
57.2,uav_02,1,-13.246085952144218,19.17063305937955,7.809999465942383
57.3,uav_02,1,-13.196654832003038,19.386439177203822,7.809999465942383
57.4,uav_02,1,-13.144822689651702,19.587665871283086,7.809999465942383
57.5,uav_02,1,-13.080002781373308,19.768524400862294,7.809999465942383
57.6,uav_02,1,-13.013687878786374,19.945947752560475,7.809999465942383
57.7,uav_02,1,-12.938501630828586,20.10171556253536,7.809999465942383
57.8,uav_02,1,-12.854444036498482,20.22938040697887,7.809999465942383
57.9,uav_02,1,-12.76151509690799,20.356289116550656,7.809999465942383
58.0,uav_02,1,-12.65965524066596,20.46267648704624,7.809999465942383
58.1,uav_02,1,-12.548594968259732,20.558493560152463,7.809999465942383
58.2,uav_02,1,-12.437475125684754,20.654242193485103,7.809999465942383
58.3,uav_02,1,-12.326355283109802,20.730636261247437,7.809999465942383
58.4,uav_02,1,-12.19707500423249,20.796906438778308,7.809999465942383
58.5,uav_02,1,-12.055741459948017,20.862530439173963,7.809999465942383
58.6,uav_02,1,-11.905808985812458,20.918763425035348,7.809999465942383
58.7,uav_02,1,-11.745719499724713,20.964554565038398,7.809999465942383
58.8,uav_02,1,-11.575970383240332,21.008378012598147,7.809999465942383
58.9,uav_02,1,-11.396797867684176,21.043556869472592,7.809999465942383
59.0,uav_02,1,-11.2156136150227,21.084939663879865,7.809999465942383
59.1,uav_02,1,-11.019831268407628,21.11199145917723,7.809999465942383
59.2,uav_02,1,-10.826761421690756,21.142159626891466,7.809999465942383
59.3,uav_02,1,-10.614819703266223,21.158773089668113,7.809999465942383
59.4,uav_02,1,-10.414266902443012,21.177195612318396,7.809999465942383
59.5,uav_02,1,-10.210771051847749,21.19100525927744,7.809999465942383
59.6,uav_02,1,-10.00269528823021,21.194987005131516,7.809999465942383
59.7,uav_02,1,-9.78964033061982,21.194987005131516,7.809999465942383
59.8,uav_02,1,-9.576895132557844,21.194987005131516,7.809999465942383
59.9,uav_02,1,-9.361268404081589,21.190649378577316,7.809999465942383
60.0,uav_02,1,-9.131925469408767,21.180255602320457,7.809999465942383
60.1,uav_02,1,-8.90185293072933,21.169861826198346,7.809999465942383
60.2,uav_02,1,-8.680790564131238,21.159468049811945,7.809999465942383
60.3,uav_02,1,-8.44557448335464,21.149074273481386,7.809999465942383
60.4,uav_02,1,-8.208210183197222,21.13862169045589,7.809999465942383
60.5,uav_02,1,-7.947582615252933,21.126514985615255,7.809999465942383
60.6,uav_02,1,-7.68520178119192,21.10487103502319,7.809999465942383
60.7,uav_02,1,-7.414392199393555,21.093347652704153,7.809999465942383
60.8,uav_02,1,-7.143062632626506,21.081885444931565,7.809999465942383
60.9,uav_02,1,-6.861842842201363,21.070346461641474,7.809999465942383
61.0,uav_02,1,-6.580623052166675,21.0556508820295,7.809999465942383
61.1,uav_02,1,-6.299403262722262,21.036183250448172,7.809999465942383
61.2,uav_02,1,-6.014646090519817,21.024644266844152,7.809999465942383
61.3,uav_02,1,-5.727315054419729,21.013105283400645,7.809999465942383
61.4,uav_02,1,-5.446972096139153,21.001772470351685,7.809999465942383
61.5,uav_02,1,-5.170689040847869,20.99545260867059,7.809999465942383
61.6,uav_02,1,-4.89827421922057,20.98678728086308,7.809999465942383
61.7,uav_02,1,-4.62585939759328,20.969242439612703,7.809999465942383
61.8,uav_02,1,-4.350183439688768,20.962196875927102,7.806619492499082
61.9,uav_02,1,-4.065368880392008,20.95528944781165,7.799999237060547
62.0,uav_02,1,-3.782420156494599,20.936865656730856,7.799999237060547
62.1,uav_02,1,-3.5144067580208147,20.92894114318361,7.799999237060547
62.2,uav_02,1,-3.232598322088547,20.923791614760216,7.799999237060547
62.3,uav_02,1,-2.950789885422085,20.904488873849008,7.799999237060547
62.4,uav_02,1,-2.6698223670716232,20.895685410440127,7.799999237060547
62.5,uav_02,1,-2.392941422503742,20.895685410440127,7.799999237060547
62.6,uav_02,1,-2.117503647853004,20.895685410440127,7.799999237060547
62.7,uav_02,1,-1.834070834907843,20.895010081903603,7.799999237060547
62.8,uav_02,1,-1.5616929321060464,20.87414787194062,7.799999237060547
62.9,uav_02,1,-1.2782369113955303,20.873514922075742,7.799999237060547
63.0,uav_02,1,-1.0028177336982376,20.863883216597706,7.799999237060547
63.1,uav_02,1,-0.7202802561188233,20.86242967769664,7.799999237060547
63.2,uav_02,1,-0.44387366910872295,20.86242967769664,7.799999237060547
63.3,uav_02,1,-0.1623235994710317,20.86242967769664,7.799999237060547
63.4,uav_02,1,0.12147904257902693,20.86242967769664,7.799999237060547
63.5,uav_02,1,0.41834412000059995,20.86242967769664,7.799999237060547
63.6,uav_02,1,0.7206673027991135,20.86242967769664,7.799999237060547
63.7,uav_02,1,1.0095951365327553,20.848182360605314,7.799999237060547
63.8,uav_02,1,1.3040275248153608,20.840259189332254,7.799999237060547
63.9,uav_02,1,1.605356263961335,20.840259189332254,7.799999237060547
64.0,uav_02,1,1.9066850031073168,20.840259189332254,7.799999237060547
64.1,uav_02,1,2.208013742253292,20.840259189332254,7.799999237060547
64.2,uav_02,1,2.5093424813992873,20.840259189332254,7.799999237060547
64.3,uav_02,1,2.8106712205452555,20.840259189332254,7.799999237060547
64.4,uav_02,1,3.111999959691251,20.840259189332254,7.799999237060547
64.5,uav_02,1,3.4013026657030725,20.840259189332254,7.799999237060547
64.6,uav_02,1,3.685171497925366,20.833699025486435,7.799999237060547
64.7,uav_02,1,3.96399961341434,20.82917394495315,7.799999237060547
64.8,uav_02,1,4.2388890862568855,20.82917394495315,7.799999237060547
64.9,uav_02,1,4.512916116524884,20.82917394495315,7.799999237060547
65.0,uav_02,1,4.786175469701587,20.82917394495315,7.799999237060547
65.1,uav_02,1,5.062788393966485,20.82917394495315,7.799999237060547
65.2,uav_02,1,5.345603042838981,20.82917394495315,7.799999237060547
65.3,uav_02,1,5.620492515681493,20.82935891697456,7.799999237060547
65.4,uav_02,1,5.895381988524078,20.83954661638396,7.799999237060547
65.5,uav_02,1,6.170271461366623,20.840259189332254,7.799999237060547
65.6,uav_02,1,6.468025842645387,20.840259189332254,7.799999237060547
65.7,uav_02,1,6.795030753818285,20.840259189332254,7.799999237060547
65.8,uav_02,1,7.116856959173004,20.840259189332254,7.799999237060547
65.9,uav_02,1,7.437853500218621,20.840259189332254,7.799999237060547
66.0,uav_02,1,7.761427307195925,20.840259189332254,7.799999237060547
66.1,uav_02,1,8.099143838585416,20.840259189332254,7.799999237060547
66.2,uav_02,1,8.420140379631036,20.840259189332254,7.799999237060547
66.3,uav_02,1,8.737729990134666,20.840259189332254,7.799999237060547
66.4,uav_02,1,9.056597862602256,20.840259189332254,7.799999237060547
66.5,uav_02,1,9.37559894286986,20.840259189332254,7.799999237060547
66.6,uav_02,1,9.676204756684863,20.840259189332254,7.799999237060547
66.7,uav_02,1,9.972325635004754,20.840259189332254,7.799999237060547
66.8,uav_02,1,10.272878354560742,20.840259189332254,7.799999237060547
66.9,uav_02,1,10.574216019096786,20.840259189332254,7.799999237060547
67.0,uav_02,1,10.869250832082304,20.849919368912964,7.799999237060547
67.1,uav_02,1,11.16802762463119,20.86242967769664,7.799999237060547
67.2,uav_02,1,11.469734719268336,20.86242967769664,7.799999237060547
67.3,uav_02,1,11.765855597588182,20.86242967769664,7.799999237060547
67.4,uav_02,1,12.069523248969695,20.86242967769664,7.799999237060547
67.5,uav_02,1,12.367114349395909,20.86242967769664,7.799999237060547
67.6,uav_02,1,12.632749131198825,20.86242967769664,7.799999237060547
67.7,uav_02,1,12.888405115354503,20.86242967769664,7.799999237060547
67.8,uav_02,1,13.144061099510196,20.86242967769664,7.799999237060547
67.9,uav_02,1,13.399717083665927,20.86242967769664,7.799999237060547
68.0,uav_02,1,13.655373067821598,20.86242967769664,7.799999237060547
68.1,uav_02,1,13.91102905197728,20.86242967769664,7.799999237060547
68.2,uav_02,1,14.170189358606317,20.86242967769664,7.803631259022445
68.3,uav_02,1,14.431989647740975,20.86242967769664,7.809999465942383
68.4,uav_02,1,14.687645631896704,20.86242967769664,7.809999465942383
68.5,uav_02,1,14.943301616052368,20.86242967769664,7.809999465942383
68.6,uav_02,1,15.206503907281997,20.86242967769664,7.809999465942383
68.7,uav_02,1,15.48629653418641,20.86242967769664,7.809999465942383
68.8,uav_02,1,15.785852649539358,20.86242967769664,7.809999465942383
68.9,uav_02,1,16.098739888245643,20.86242967769664,7.809999465942383
69.0,uav_02,1,16.41440585038301,20.86242967769664,7.809999465942383
69.1,uav_02,1,16.722554108926847,20.86242967769664,7.809999465942383
69.2,uav_02,1,17.02835550996411,20.86242967769664,7.809999465942383
69.3,uav_02,1,17.332120244237842,20.86242967769664,7.809999465942383
69.4,uav_02,1,17.645550847649744,20.86242967769664,7.809999465942383
69.5,uav_02,1,17.952915778287732,20.86242967769664,7.809999465942383
69.6,uav_02,1,18.258717179324982,20.86242967769664,7.809999465942383
69.7,uav_02,1,18.564029692217098,20.86242967769664,7.809999465942383
69.8,uav_02,1,18.877887429153724,20.86242967769664,7.809999465942383
69.9,uav_02,1,19.183551427338045,20.86242967769664,7.809999465942383
70.0,uav_02,1,19.479191729405326,20.86242967769664,7.809999465942383
70.1,uav_02,1,19.774276599769788,20.86242967769664,7.819812760649718
70.2,uav_02,1,20.069339953532953,20.84025094873384,7.819999694824219
70.3,uav_02,1,20.33511104409318,20.82872654985162,7.819999694824219
70.4,uav_02,1,20.609376866814266,20.806564302077703,7.819999694824219
70.5,uav_02,1,20.854711149770925,20.793954377830758,7.819999694824219
70.6,uav_02,1,21.09091162891995,20.758280403458585,7.819999694824219
70.7,uav_02,1,21.326752970322897,20.702519050408792,7.819999694824219
70.8,uav_02,1,21.544326486684746,20.655267179364163,7.819999694824219
70.9,uav_02,1,21.750019159437084,20.59623742742958,7.819999694824219
71.0,uav_02,1,21.937139608520333,20.5254297941376,7.819999694824219
71.1,uav_02,1,22.114008556845608,20.44540885582418,7.819999694824219
71.2,uav_02,1,22.27555870287145,20.3624770233106,7.819999694824219
71.3,uav_02,1,22.411719923400653,20.2680095819172,7.8229138093905
71.4,uav_02,1,22.53727397189138,20.162203485717818,7.829999923706055
71.5,uav_02,1,22.649959636932547,20.051745331310258,7.829999923706055
71.6,uav_02,1,22.742235576916933,19.94171206295805,7.829999923706055
71.7,uav_02,1,22.82073496221829,19.821462171290104,7.829999923706055
71.8,uav_02,1,22.892685554412047,19.705365710743013,7.829999923706055
71.9,uav_02,1,22.942699241455035,19.580868195825495,7.829999923706055
72.0,uav_02,1,22.992712929641417,19.45637068090798,7.829999923706055
72.1,uav_02,1,23.042726616912166,19.324137781308238,7.829999923706055
72.2,uav_02,1,23.09274030472537,19.18383666211017,7.829999923706055
72.3,uav_02,1,23.130433370263784,19.035467323248383,7.829999923706055
72.4,uav_02,1,23.158234074682987,18.879029764836872,7.829999923706055
72.5,uav_02,1,23.190095686130196,18.716225322453706,7.829999923706055
72.6,uav_02,1,23.215102529651695,18.5534208797976,7.829999923706055
72.7,uav_02,1,23.240109373173187,18.390616437474876,7.829999923706055
72.8,uav_02,1,23.266401952446817,18.19318105371627,7.829999923706055
72.9,uav_02,1,23.293629990482476,17.992729206752003,7.829999923706055
73.0,uav_02,1,23.301436680720595,17.793022935148677,7.829999923706055
73.1,uav_02,1,23.30748318064221,17.586369879951548,7.829999923706055
73.2,uav_02,1,23.31108530817286,17.376152751977106,7.829999923706055
73.3,uav_02,1,23.31108530817286,17.160137615943082,7.829999923706055
73.4,uav_02,1,23.31108530817286,16.93940963167695,7.829999923706055
73.5,uav_02,1,23.307038603400336,16.718681647410826,7.829999923706055
73.6,uav_02,1,23.301436680720595,16.494619699425417,7.829999923706055
73.7,uav_02,1,23.292537474391416,16.26467227260477,7.829999923706055
73.8,uav_02,1,23.26983089479535,16.025487947374586,7.829999923706055
73.9,uav_02,1,23.259824005835608,15.764528004366776,7.829999923706055
74.0,uav_02,1,23.245757434513386,15.494419147673407,7.829999923706055
74.1,uav_02,1,23.233896284441258,15.214150641988065,7.829999923706055
74.2,uav_02,1,23.21854278217723,14.946575579631524,7.829999923706055
74.3,uav_02,1,23.19913267553698,14.66495818045167,7.829999923706055
74.4,uav_02,1,23.188784157036316,14.375212629545846,7.829999923706055
74.5,uav_02,1,23.171218132696836,14.089868377922876,7.829999923706055
74.6,uav_02,1,23.15843849230038,13.795427882465699,7.829999923706055
74.7,uav_02,1,23.14808997311953,13.508094630297814,7.829999923706055
74.8,uav_02,1,23.128903953986406,13.229363553238962,7.829999923706055
74.9,uav_02,1,23.118390228016732,12.933683458929767,7.829999923706055
75.0,uav_02,1,23.09880755349234,12.648035679772484,7.829999923706055
75.1,uav_02,1,23.08887350774967,12.362369659493112,7.829999923706055
75.2,uav_02,1,23.07893946071923,12.066292465869667,7.829999923706055
75.3,uav_02,1,23.068141221759063,11.780963481466205,7.829104238884077
75.4,uav_02,1,23.049422740493853,11.492992934878407,7.819999694824219
75.5,uav_02,1,23.039500554339675,11.186840592750224,7.819999694824219
75.6,uav_02,1,23.029635052949516,10.894030220354749,7.819999694824219
75.7,uav_02,1,23.01979444741604,10.609280266915583,7.819999694824219
75.8,uav_02,1,23.010388261270453,10.328305969008955,7.819999694824219
75.9,uav_02,1,23.002329211875296,10.052570640091814,7.819999694824219
76.0,uav_02,1,23.002329211875296,9.76834277992049,7.819999694824219
76.1,uav_02,1,23.0019174099191,9.493903807212863,7.819999694824219
76.2,uav_02,1,22.983542605104713,9.219464834871761,7.819999694824219
76.3,uav_02,1,22.974099878579636,8.945025862166153,7.819999694824219
76.4,uav_02,1,22.973383328147342,8.660854784636944,7.819999694824219
76.5,uav_02,1,22.96537370138489,8.385062673075675,7.819999694824219
76.6,uav_02,1,22.96373469932392,8.10195139389426,7.819999694824219
76.7,uav_02,1,22.96373469932392,7.8250994837251655,7.819999694824219
76.8,uav_02,1,22.95725485424055,7.547580149423532,7.819999694824219
76.9,uav_02,1,22.95408607187165,7.27114151877201,7.819999694824219
77.0,uav_02,1,22.95408607187165,7.001645746905798,7.819999694824219
77.1,uav_02,1,22.949897129135703,6.73663734465025,7.819999694824219
77.2,uav_02,1,22.944437443048226,6.463788873456528,7.819999694824219
77.3,uav_02,1,22.944437443048226,6.1814226306036515,7.819999694824219
77.4,uav_02,1,22.944437443048226,5.908356405319606,7.819999694824219
77.5,uav_02,1,22.94335623364143,5.642105808861846,7.819999694824219
77.6,uav_02,1,22.934788815595958,5.366904775473741,7.819999694824219
77.7,uav_02,1,22.934788815595958,5.091703742435255,7.819999694824219
77.8,uav_02,1,22.934788815595958,4.828225775333413,7.819999694824219
77.9,uav_02,1,22.934788815595958,4.535267295443637,7.811830404378377
78.0,uav_02,1,22.934788815595958,4.239219468093897,7.809999465942383
78.1,uav_02,1,22.934788815595958,3.943695559361808,7.809999465942383
78.2,uav_02,1,22.934788815595958,3.6481716506297337,7.809999465942383
78.3,uav_02,1,22.934788815595958,3.352647741897687,7.809999465942383
78.4,uav_02,1,22.934788815595958,3.0571238331655888,7.809999465942383
78.5,uav_02,1,22.934788815595958,2.761599924143617,7.809999465942383
78.6,uav_02,1,22.934788815595958,2.4580555305743266,7.809999465942383
78.7,uav_02,1,22.934788815595958,2.1594668623103423,7.809999465942383
78.8,uav_02,1,22.94152630441718,1.8639429534644332,7.809999465942383
78.9,uav_02,1,22.944437443048226,1.5694725480470784,7.809999465942383
79.0,uav_02,1,22.944437443048226,1.2549050733829947,7.809999465942383
79.1,uav_02,1,22.944437443048226,0.9407828171662275,7.809999465942383
79.2,uav_02,1,22.944437443048226,0.6295130318027802,7.809999465942383
79.3,uav_02,1,22.944437443048226,0.3182432464393389,7.809999465942383
79.4,uav_02,1,22.944437443048226,0.006973461075845511,7.809999465942383
79.5,uav_02,1,22.944437443048226,-0.3042963242876036,7.809999465942383
79.6,uav_02,1,22.944437443048226,-0.6155661100379841,7.809999465942383
79.7,uav_02,1,22.944655386216613,-0.9379211393936058,7.809999465942383
79.8,uav_02,1,22.95408607187165,-1.247905719451256,7.809999465942383
79.9,uav_02,1,22.95408607187165,-1.5373155194691845,7.809999465942383
80.0,uav_02,1,22.95408607187165,-1.8092197546123152,7.809999465942383
80.1,uav_02,1,22.95408607187165,-2.101365830992715,7.809999465942383
80.2,uav_02,1,22.95408607187165,-2.394185776788727,7.809999465942383
80.3,uav_02,1,22.95408607187165,-2.6692734375580645,7.809999465942383
80.4,uav_02,1,22.95408607187165,-2.9576551796223622,7.809999465942383
80.5,uav_02,1,22.95408607187165,-3.2428637610104256,7.809999465942383
80.6,uav_02,1,22.95408607187165,-3.52522585147994,7.809999465942383
80.7,uav_02,1,22.95408607187165,-3.8075879419495258,7.809999465942383
80.8,uav_02,1,22.95408607187165,-4.095679229668922,7.809999465942383
80.9,uav_02,1,22.95408607187165,-4.384923229218713,7.809999465942383
81.0,uav_02,1,22.95408607187165,-4.6712196183578,7.809999465942383
81.1,uav_02,1,22.95408607187165,-4.958544737731809,7.809999465942383
81.2,uav_02,1,22.95408607187165,-5.245869857105811,7.809999465942383
81.3,uav_02,1,22.95408607187165,-5.5331949765986685,7.809999465942383
81.4,uav_02,1,22.95408607187165,-5.81761774159028,7.809999465942383
81.5,uav_02,1,22.95408607187165,-6.101677534227034,7.809999465942383
81.6,uav_02,1,22.95408607187165,-6.406255579374727,7.809999465942383
81.7,uav_02,1,22.95408607187165,-6.692009063586862,7.809999465942383
81.8,uav_02,1,22.9550679401623,-6.970948635740431,7.809999465942383
81.9,uav_02,1,22.96373469932392,-7.2695042226992985,7.809999465942383
82.0,uav_02,1,22.96373469932392,-7.577548879901831,7.809999465942383
82.1,uav_02,1,22.96373469932392,-7.895348775699007,7.809999465942383
82.2,uav_02,1,22.96373469932392,-8.215405371902404,7.809999465942383
82.3,uav_02,1,22.96373469932392,-8.53546196810582,7.809999465942383
82.4,uav_02,1,22.96373469932392,-8.855518564453028,7.809999465942383
82.5,uav_02,1,22.96373469932392,-9.170759758882692,7.809999465942383
82.6,uav_02,1,22.958874278154646,-9.490130618523315,7.809999465942383
82.7,uav_02,1,22.95408607187165,-9.815688353313282,7.809999465942383
82.8,uav_02,1,22.95408607187165,-10.135744949516653,7.809999465942383
82.9,uav_02,1,22.95408607187165,-10.440616087935595,7.809999465942383
83.0,uav_02,1,22.95408607187165,-10.730139329555769,7.809999465942383
83.1,uav_02,1,22.95408607187165,-11.015662727202299,7.809999465942383
83.2,uav_02,1,22.95408607187165,-11.30118612506003,7.809999465942383
83.3,uav_02,1,22.95408607187165,-11.586709522889171,7.809999465942383
83.4,uav_02,1,22.95408607187165,-11.877157337460432,7.809999465942383
83.5,uav_02,1,22.95408607187165,-12.168841562324339,7.809999465942383
83.6,uav_02,1,22.95408607187165,-12.45046115030882,7.809999465942383
83.7,uav_02,1,22.95408607187165,-12.732196619774065,7.809999465942383
83.8,uav_02,1,22.95408607187165,-13.025411755500908,7.809999465942383
83.9,uav_02,1,22.95408607187165,-13.309134292779252,7.809999465942383
84.0,uav_02,1,22.95408607187165,-13.585976578429367,7.809999465942383
84.1,uav_02,1,22.95408607187165,-13.859363582957004,7.809999465942383
84.2,uav_02,1,22.95408607187165,-14.140137454599978,7.809999465942383
84.3,uav_02,1,22.95408607187165,-14.413574998450285,7.809999465942383
84.4,uav_02,1,22.95408607187165,-14.68657745031615,7.809999465942383
84.5,uav_02,1,22.947473594997508,-14.959579902182037,7.809999465942383
84.6,uav_02,1,22.944437443048226,-15.232582354047896,7.809999465942383
84.7,uav_02,1,22.944437443048226,-15.505584806114458,7.809999465942383
84.8,uav_02,1,22.944437443048226,-15.77858725817346,7.809999465942383
84.9,uav_02,1,22.944437443048226,-16.04788884944785,7.809999465942383
85.0,uav_02,1,22.944437443048226,-16.32093976001222,7.809999465942383
85.1,uav_02,1,22.944437443048226,-16.621483418600484,7.809999465942383
85.2,uav_02,1,22.944437443048226,-16.921962015780775,7.809999465942383
85.3,uav_02,1,22.944437443048226,-17.22244061296096,7.809999465942383
85.4,uav_02,1,22.944437443048226,-17.525687534671484,7.809999465942383
85.5,uav_02,1,22.944437443048226,-17.834483051700555,7.809999465942383
85.6,uav_02,1,22.944437443048226,-18.134961648880758,7.809999465942383
85.7,uav_02,1,22.944437443048226,-18.43544024606105,7.809999465942383
85.8,uav_02,1,22.944437443048226,-18.73591884334578,7.809999465942383
85.9,uav_02,1,22.944437443048226,-19.036397440815307,7.809999465942383
86.0,uav_02,1,22.944437443048226,-19.33541270195071,7.809999465942383
86.1,uav_02,1,22.944437443048226,-19.63833214815908,7.809999465942383
86.2,uav_02,1,22.944437443048226,-19.956083625939034,7.809999465942383
86.3,uav_02,1,22.944437443048226,-20.265209086522386,7.809999465942383
86.4,uav_02,1,22.944437443048226,-20.573710951163623,7.809999465942383
86.5,uav_02,1,22.944437443048226,-20.883771703753816,7.809999465942383
86.6,uav_02,1,22.944437443048226,-21.193832456343994,7.809999465942383
86.7,uav_02,1,22.944437443048226,-21.503893209136425,7.809999465942383
86.8,uav_02,1,22.944437443048226,-21.82004551519477,7.809999465942383
86.9,uav_02,1,22.944437443048226,-22.13509995849368,7.809999465942383
87.0,uav_02,1,22.949955993888665,-22.4303565457172,7.809999465942383
87.1,uav_02,1,22.95408607187165,-22.703017110849103,7.809999465942383
87.2,uav_02,1,22.95408607187165,-22.969877592409702,7.809999465942383
87.3,uav_02,1,22.950982476231705,-23.238698192879887,7.809999465942383
87.4,uav_02,1,22.944437443048226,-23.49842727463987,7.809999465942383
87.5,uav_02,1,22.94306919207876,-23.74906483739355,7.809999465942383
87.6,uav_02,1,22.93378765781532,-23.991185993622523,7.809999465942383
87.7,uav_02,1,22.916225745892365,-24.233307149513642,7.809999465942383
87.8,uav_02,1,22.89866383396941,-24.456095044220376,7.809999465942383
87.9,uav_02,1,22.87355573208358,-24.67803943718958,7.809999465942383
88.0,uav_02,1,22.84053434602584,-24.884638020354227,7.809999465942383
88.1,uav_02,1,22.79815040530894,-25.086056828081787,7.809999465942383
88.2,uav_02,1,22.745363322491084,-25.291012733809836,7.809999465942383
88.3,uav_02,1,22.68270114358028,-25.48522265285625,7.809999465942383
88.4,uav_02,1,22.616551800465874,-25.65717673214138,7.809999465942383
88.5,uav_02,1,22.5450229391051,-25.82022181177213,7.815494578641028
88.6,uav_02,1,22.463908787635074,-25.966117460886537,7.819999694824219
88.7,uav_02,1,22.36845600192385,-26.091291537125954,7.819999694824219
88.8,uav_02,1,22.26400382634658,-26.211295943535983,7.819999694824219
88.9,uav_02,1,22.159551650763973,-26.32052371751601,7.819999694824219
89.0,uav_02,1,22.046025414931687,-26.413496577668923,7.819999694824219
89.1,uav_02,1,21.91958459386261,-26.497589958539077,7.819999694824219
89.2,uav_02,1,21.777308445352407,-26.573384375658215,7.819999694824219
89.3,uav_02,1,21.62251020434276,-26.63786690112121,7.819999694824219
89.4,uav_02,1,21.46124718457232,-26.697149122611936,7.819999694824219
89.5,uav_02,1,21.28899302741162,-26.748232803724513,7.819999694824219
89.6,uav_02,1,21.09794044506678,-26.795658581169814,7.819999694824219
89.7,uav_02,1,20.901862672534556,-26.833343417770667,7.819999694824219
89.8,uav_02,1,20.696635103379972,-26.879424891307867,7.819999694824219
89.9,uav_02,1,20.49023744732926,-26.893396839348913,7.819999694824219
90.0,uav_02,1,20.28294002849266,-26.927833905407425,7.819999694824219
90.1,uav_02,1,20.06615622657826,-26.948860097076516,7.819999694824219
90.2,uav_02,1,19.858915299693336,-26.95921217183483,7.819999694824219
90.3,uav_02,1,19.669518032959687,-26.95931401492168,7.819999694824219
90.4,uav_02,1,19.455447022446535,-26.978348138684918,7.819999694824219
90.5,uav_02,1,19.240712087426342,-26.981484503286065,7.819999694824219
90.6,uav_02,1,19.02487394255868,-26.9655678120236,7.819999694824219
90.7,uav_02,1,18.796044912195853,-26.95931401492168,7.819999694824219
90.8,uav_02,1,18.56742322030034,-26.95931401492168,7.819999694824219
90.9,uav_02,1,18.342161342260802,-26.94203750439558,7.819999694824219
91.0,uav_02,1,18.11252510890586,-26.926058282178197,7.819999694824219
91.1,uav_02,1,17.871175890759837,-26.921623633934104,7.819999694824219
91.2,uav_02,1,17.621508584138237,-26.906721114271207,7.819999694824219
91.3,uav_02,1,17.371151467799738,-26.89280254943471,7.819999694824219
91.4,uav_02,1,17.1147369726353,-26.885248210288626,7.819999694824219
91.5,uav_02,1,16.855186612942447,-26.867029287528734,7.819999694824219
91.6,uav_02,1,16.592259353483115,-26.85611843924818,7.819999694824219
91.7,uav_02,1,16.33301258352912,-26.845207591083227,7.819999694824219
91.8,uav_02,1,16.067101254410726,-26.834296743080895,7.819999694824219
91.9,uav_02,1,15.79866124060097,-26.820480705756157,7.817378863435628
92.0,uav_02,1,15.525629968721713,-26.8013898025345,7.809999465942383
92.1,uav_02,1,15.257903173639152,-26.790495182531952,7.809999465942383
92.2,uav_02,1,14.98445689273177,-26.7796620581873,7.809999465942383
92.3,uav_02,1,14.711805249275274,-26.768860415234844,7.809999465942383
92.4,uav_02,1,14.439153605818719,-26.758058771969843,7.809999465942383
92.5,uav_02,1,14.165250979822313,-26.74725712875591,7.809999465942383
92.6,uav_02,1,13.883446514062612,-26.73646502008378,7.809999465942383
92.7,uav_02,1,13.604233170944923,-26.725746219605174,7.809999465942383
92.8,uav_02,1,13.331151491882796,-26.714944576357727,7.809999465942383
92.9,uav_02,1,13.049098066860203,-26.704142933469004,7.809999465942383
93.0,uav_02,1,12.767044643147731,-26.693341290204007,7.809999465942383
93.1,uav_02,1,12.48499121810827,-26.68253964693901,7.809999465942383
93.2,uav_02,1,12.203790457074572,-26.67177065799451,7.809999465942383
93.3,uav_02,1,11.923109742313098,-26.661021584673204,7.809999465942383
93.4,uav_02,1,11.633985203119156,-26.6502737647103,7.809999465942383
93.5,uav_02,1,11.35216514318493,-26.64892717585119,7.809999465942383
93.6,uav_02,1,11.071517156973878,-26.63986336948561,7.809999465942383
93.7,uav_02,1,10.783273703223076,-26.629115549594527,7.809999465942383
93.8,uav_02,1,10.493270784499115,-26.626756687486804,7.809999465942383
93.9,uav_02,1,10.210275943807131,-26.618705154047824,7.809999465942383
94.0,uav_02,1,9.9229135758747,-26.615671443107697,7.809999465942383
94.1,uav_02,1,9.632910657150765,-26.6082947587632,7.809999465942383
94.2,uav_02,1,9.339327737320323,-26.604586199122423,7.809999465942383
94.3,uav_02,1,9.041753915084147,-26.597471098834255,7.809999465942383
94.4,uav_02,1,8.74300961092844,-26.593500954743316,7.809999465942383
94.5,uav_02,1,8.444265306772817,-26.593500954743316,7.809999465942383
94.6,uav_02,1,8.145521002617116,-26.593500954743316,7.809999465942383
94.7,uav_02,1,7.846776698461406,-26.586439691550556,7.809999465942383
94.8,uav_02,1,7.549604024733456,-26.582415710364213,7.809999465942383
94.9,uav_02,1,7.251780652390429,-26.582415710364213,7.809999465942383
95.0,uav_02,1,6.9530363482347495,-26.582415710364213,7.809999465942383
95.1,uav_02,1,6.648273166197796,-26.582415710364213,7.809999465942383
95.2,uav_02,1,6.354359876489103,-26.582415710364213,7.809999465942383
95.3,uav_02,1,6.073507747688014,-26.582415710364213,7.809999465942383
95.4,uav_02,1,5.7958548052604435,-26.577299376114937,7.809999465942383
95.5,uav_02,1,5.5144406726101725,-26.57133046637893,7.809999465942383
95.6,uav_02,1,5.230900292953074,-26.57133046637893,7.809999465942383
95.7,uav_02,1,4.953247350525504,-26.574061417265693,7.809999465942383
95.8,uav_02,1,4.673909462004097,-26.582415710364213,7.809999465942383
95.9,uav_02,1,4.388292836846907,-26.582415710364213,7.809999465942383
96.0,uav_02,1,4.110639894419409,-26.582415710364213,7.809999465942383
96.1,uav_02,1,3.832986951991805,-26.582415710364213,7.809999465942383
96.2,uav_02,1,3.5467687620819537,-26.582415710364213,7.80112209600805
96.3,uav_02,1,3.2564326277250384,-26.582415710364213,7.799999237060547
96.4,uav_02,1,2.958559860094763,-26.582415710364213,7.799999237060547
96.5,uav_02,1,2.6512463898772207,-26.582415710364213,7.799999237060547
96.6,uav_02,1,2.350699245851794,-26.582415710364213,7.799999237060547
96.7,uav_02,1,2.0515932524563136,-26.582415710364213,7.799999237060547
96.8,uav_02,1,1.7524872590609353,-26.582415710364213,7.799999237060547
96.9,uav_02,1,1.4533812656655634,-26.582415710364213,7.799999237060547
97.0,uav_02,1,1.1400991314131008,-26.582415710364213,7.799999237060547
97.1,uav_02,1,0.8302377988169242,-26.582415710364213,7.799999237060547
97.2,uav_02,1,0.5296099639917848,-26.582415710364213,7.799999237060547
97.3,uav_02,1,0.2276570730349966,-26.582415710364213,7.799999237060547
97.4,uav_02,1,-0.07657691024649452,-26.59204791502962,7.799999237060547
97.5,uav_02,1,-0.3896700253970205,-26.593500954743316,7.799999237060547
97.6,uav_02,1,-0.7040278715854636,-26.593500954743316,7.799999237060547
97.7,uav_02,1,-1.0094766551016177,-26.593500954743316,7.799999237060547
97.8,uav_02,1,-1.3230949341577767,-26.593500954743316,7.799999237060547
97.9,uav_02,1,-1.6281936082735624,-26.593500954743316,7.799999237060547
98.0,uav_02,1,-1.9421619966000354,-26.593500954743316,7.799999237060547
98.1,uav_02,1,-2.246910561445464,-26.593500954743316,7.799999237060547
98.2,uav_02,1,-2.551380889778819,-26.593500954743316,7.799999237060547
98.3,uav_02,1,-2.8512941504161726,-26.593500954743316,7.799999237060547
98.4,uav_02,1,-3.1345577992247473,-26.593500954743316,7.799999237060547
98.5,uav_02,1,-3.4260226798489817,-26.593500954743316,7.799999237060547
98.6,uav_02,1,-3.710203606708689,-26.593500954743316,7.799999237060547
98.7,uav_02,1,-4.000629204889835,-26.593500954743316,7.799999237060547
98.8,uav_02,1,-4.28584941419272,-26.601436783021988,7.799999237060547
98.9,uav_02,1,-4.575235730838352,-26.604586199122423,7.799999237060547
99.0,uav_02,1,-4.859991829408613,-26.604586199122423,7.799999237060547
99.1,uav_02,1,-5.147269288873434,-26.604586199122423,7.799999237060547
99.2,uav_02,1,-5.434648468291542,-26.604586199122423,7.799999237060547
99.3,uav_02,1,-5.724937926618746,-26.604586199122423,7.799999237060547
99.4,uav_02,1,-6.021359718130674,-26.604586199122423,7.799999237060547
99.5,uav_02,1,-6.314707242062221,-26.604586199122423,7.799999237060547
99.6,uav_02,1,-6.608054765993783,-26.604586199122423,7.799999237060547
99.7,uav_02,1,-6.901402289925338,-26.604586199122423,7.799999237060547
99.8,uav_02,1,-7.201395505255345,-26.604586199122423,7.799999237060547
99.9,uav_02,1,-7.507394594064135,-26.604586199122423,7.799999237060547
100.0,uav_02,1,-7.800742117995648,-26.604586199122423,7.799999237060547
100.1,uav_02,1,-8.09685507339963,-26.604586199122423,7.799999237060547
100.2,uav_02,1,-8.397085793311067,-26.604586199122423,7.799999237060547
100.3,uav_02,1,-8.692437458559855,-26.604586199122423,7.799999237060547
100.4,uav_02,1,-8.997521243602074,-26.604586199122423,7.799999237060547
100.5,uav_02,1,-9.310658842382084,-26.601377805135456,7.799999237060547
100.6,uav_02,1,-9.616716218200295,-26.593500954743316,7.803125955987658
100.7,uav_02,1,-9.919532617925585,-26.593500954743316,7.809999465942383
100.8,uav_02,1,-10.215717175264999,-26.593500954743316,7.809999465942383
100.9,uav_02,1,-10.504523017371264,-26.58926227665807,7.809999465942383
101.0,uav_02,1,-10.780961937827247,-26.57791946141413,7.809999465942383
101.1,uav_02,1,-11.052339822451794,-26.561901401649564,7.809999465942383
101.2,uav_02,1,-11.313376755694717,-26.53440293542807,7.809999465942383
101.3,uav_02,1,-11.555432195631798,-26.501182508352287,7.809999465942383
101.4,uav_02,1,-11.777188923012341,-26.464898036716964,7.809999465942383
101.5,uav_02,1,-11.985201910359834,-26.419392839586482,7.809999465942383
101.6,uav_02,1,-12.173133715875462,-26.364111757822904,7.809999465942383
101.7,uav_02,1,-12.35255656318443,-26.301528370818918,7.809999465942383
101.8,uav_02,1,-12.52188727747,-26.238944983814935,7.809999465942383
101.9,uav_02,1,-12.676226756924672,-26.17286893649521,7.809999465942383
102.0,uav_02,1,-12.829235720277888,-26.079503396353353,7.809999465942383
102.1,uav_02,1,-12.956338821308787,-25.996058880471555,7.809999465942383
102.2,uav_02,1,-13.065536995768408,-25.90232893935637,7.809999465942383
102.3,uav_02,1,-13.174482510753442,-25.798823113371927,7.809999465942383
102.4,uav_02,1,-13.26758273802999,-25.694769881938825,7.809999465942383
102.5,uav_02,1,-13.343630979167825,-25.574385009071612,7.809999465942383
102.6,uav_02,1,-13.415939475668177,-25.44977288642517,7.809999465942383
102.7,uav_02,1,-13.482284330536338,-25.3183091756822,7.809999465942383
102.8,uav_02,1,-13.54020068902179,-25.17716202218318,7.809999465942383
102.9,uav_02,1,-13.58494504191009,-25.03178121255196,7.809999465942383
103.0,uav_02,1,-13.629366178287539,-24.876902630941302,7.809999465942383
103.1,uav_02,1,-13.676550795119613,-24.710753133956388,7.813651237432532
103.2,uav_02,1,-13.712705042966434,-24.53790946791997,7.819999694824219
103.3,uav_02,1,-13.746498940295288,-24.354009245729504,7.819999694824219
103.4,uav_02,1,-13.77375662854955,-24.174573118168922,7.819999694824219
103.5,uav_02,1,-13.802914735221618,-23.969457655329393,7.819999694824219
103.6,uav_02,1,-13.828676742797226,-23.743587242534936,7.819999694824219
103.7,uav_02,1,-13.841319278153877,-23.532789702615275,7.819999694824219
103.8,uav_02,1,-13.858423751684487,-23.30998651103236,7.819999694824219
103.9,uav_02,1,-13.865078471600913,-23.071277783646586,7.819999694824219
104.0,uav_02,1,-13.865078471600913,-22.83035819257694,7.819999694824219
104.1,uav_02,1,-13.860882876326118,-22.596533806681332,7.819999694824219
104.2,uav_02,1,-13.846237527786592,-22.34781444719114,7.819999694824219
104.3,uav_02,1,-13.836132587872957,-22.093878642094985,7.819999694824219
104.4,uav_02,1,-13.83102584560782,-21.847744952128487,7.819999694824219
104.5,uav_02,1,-13.821667360913834,-21.610887527465426,7.819999694824219
104.6,uav_02,1,-13.808056320446385,-21.36721266388888,7.819999694824219
104.7,uav_02,1,-13.793575663616853,-21.12353780027677,7.819999694824219
104.8,uav_02,1,-13.784354129723411,-20.879862936735062,7.819999694824219
104.9,uav_02,1,-13.772024370801189,-20.632617054380734,7.819999694824219
105.0,uav_02,1,-13.756262432732091,-20.378347631574265,7.819999694824219
105.1,uav_02,1,-13.747040897848505,-20.124078208767763,7.819999694824219
105.2,uav_02,1,-13.735992419784838,-19.86980878596128,7.8218932136019585
105.3,uav_02,1,-13.718949201238198,-19.613931084327557,7.829999923706055
105.4,uav_02,1,-13.709707005848298,-19.349614991303657,7.829999923706055
105.5,uav_02,1,-13.699487728368537,-19.08849926077954,7.829999923706055
105.6,uav_02,1,-13.680958553994586,-18.810967431161856,7.829999923706055
105.7,uav_02,1,-13.671295974915614,-18.533435601577164,7.829999923706055
105.8,uav_02,1,-13.660809507422142,-18.255903772320256,7.829999923706055
105.9,uav_02,1,-13.642322187815186,-17.977409353945177,7.829999923706055
106.0,uav_02,1,-13.632659607484126,-17.689754868740483,7.829999923706055
106.1,uav_02,1,-13.622131285104595,-17.411228392860888,7.829999923706055
106.2,uav_02,1,-13.603685820502761,-17.12158461441534,7.829999923706055
106.3,uav_02,1,-13.594023241296796,-16.824930351987543,7.829999923706055
106.4,uav_02,1,-13.584361240915966,-16.556431652436636,7.829999923706055
106.5,uav_02,1,-13.574705172956975,-16.26799304857678,7.829999923706055
106.6,uav_02,1,-13.565052324182206,-15.979650639253865,7.829999923706055
106.7,uav_02,1,-13.555399476648633,-15.691308229893199,7.829999923706055
106.8,uav_02,1,-13.545746628983311,-15.401900659619136,7.829999923706055
106.9,uav_02,1,-13.53609378021034,-15.103538166511997,7.829999923706055
107.0,uav_02,1,-13.52737649157539,-14.815195757150889,7.829999923706055
107.1,uav_02,1,-13.526436712461916,-14.525773641606705,7.829999923706055
107.2,uav_02,1,-13.516783863690746,-14.227425693770204,7.829999923706055
107.3,uav_02,1,-13.508079235299704,-13.937993881695931,7.829999923706055
107.4,uav_02,1,-13.506310954433115,-13.641695800970751,7.829999923706055
107.5,uav_02,1,-13.488781979024013,-13.374098831436935,7.829999923706055
107.6,uav_02,1,-13.488781979024013,-13.109565858518716,7.829999923706055
107.7,uav_02,1,-13.488781979024013,-12.83427295071758,7.822063991168837
107.8,uav_02,1,-13.488781979024013,-12.572838158828668,7.819999694824219
107.9,uav_02,1,-13.488781979024013,-12.315979907854333,7.819999694824219
108.0,uav_02,1,-13.48427439675775,-12.053942925433496,7.819999694824219
108.1,uav_02,1,-13.479133351571747,-11.787205511074308,7.819999694824219
108.2,uav_02,1,-13.479133351571747,-11.520468096715076,7.819999694824219
108.3,uav_02,1,-13.477775097247225,-11.252170193151407,7.819999694824219
108.4,uav_02,1,-13.469484722748325,-10.97626243205456,7.819999694824219
108.5,uav_02,1,-13.469484722748325,-10.719404181307167,7.819999694824219
108.6,uav_02,1,-13.469484722748325,-10.429385875385517,7.819999694824219
108.7,uav_02,1,-13.469484722748325,-10.120413518264312,7.819999694824219
108.8,uav_02,1,-13.460164428404346,-9.809540849396342,7.819999694824219
108.9,uav_02,1,-13.459836095296057,-9.498668180528243,7.819999694824219
109.0,uav_02,1,-13.459836095296057,-9.187795511660275,7.819999694824219
109.1,uav_02,1,-13.459836095296057,-8.876014387608999,7.819999694824219
109.2,uav_02,1,-13.459836095296057,-8.556301943036315,7.819999694824219
109.3,uav_02,1,-13.459836095296057,-8.255177505056182,7.819999694824219
109.4,uav_02,1,-13.459836095296057,-7.944304836110145,7.819999694824219
109.5,uav_02,1,-13.459836095296057,-7.634656949900274,7.819999694824219
109.6,uav_02,1,-13.459836095296057,-7.329921441643552,7.819999694824219
109.7,uav_02,1,-13.459836095296057,-7.0252658113087465,7.819999694824219
109.8,uav_02,1,-13.459836095296057,-6.716468488635755,7.819999694824219
109.9,uav_02,1,-13.459836095296057,-6.4140375443435405,7.819999694824219
110.0,uav_02,1,-13.459836095296057,-6.10845678759162,7.819999694824219
110.1,uav_02,1,-13.459836095296057,-5.798090411380027,7.819999694824219
110.2,uav_02,1,-13.459836095296057,-5.495659467087809,7.819999694824219
110.3,uav_02,1,-13.459836095296057,-5.19322852279557,7.819999694824219
110.4,uav_02,1,-13.459836095296057,-4.887184158689923,7.819999694824219
110.5,uav_02,1,-13.459836095296057,-4.5816141398479235,7.819999694824219
110.6,uav_02,1,-13.459836095296057,-4.294284995248133,7.819999694824219
110.7,uav_02,1,-13.459836095296057,-4.009356121904439,7.819999694824219
110.8,uav_02,1,-13.459836095296057,-3.718342987235419,7.819999694824219
110.9,uav_02,1,-13.459836095296057,-3.435914605418505,7.819999694824219
111.0,uav_02,1,-13.459836095296057,-3.153486223601727,7.819999694824219
111.1,uav_02,1,-13.459836095296057,-2.871057085528274,7.819999694824219
111.2,uav_02,1,-13.459836095296057,-2.5781683931498867,7.819999694824219
111.3,uav_02,1,-13.459836095296057,-2.2951158337721433,7.819999694824219
111.4,uav_02,1,-13.459836095296057,-2.003476252772263,7.819999694824219
111.5,uav_02,1,-13.459836095296057,-1.7277600911247675,7.819999694824219
111.6,uav_02,1,-13.459836095296057,-1.4310343126702674,7.819999694824219
111.7,uav_02,1,-13.459836095296057,-1.1211754950192079,7.819999694824219
111.8,uav_02,1,-13.459836095296057,-0.8196091240100261,7.819999694824219
111.9,uav_02,1,-13.46702671606159,-0.5196574358126016,7.819999694824219
112.0,uav_02,1,-13.469484722748325,-0.2107558648157425,7.819999694824219
112.1,uav_02,1,-13.469484722748325,0.08425593472971063,7.812460780443171
112.2,uav_02,1,-13.469484722748325,0.39052476372861494,7.809999465942383
112.3,uav_02,1,-13.469484722748325,0.7022503223799612,7.809999465942383
112.4,uav_02,1,-13.469484722748325,0.9969752534405761,7.809999465942383
112.5,uav_02,1,-13.469484722748325,1.2949828260185432,7.809999465942383
112.6,uav_02,1,-13.469484722748325,1.6014795787719056,7.809999465942383
112.7,uav_02,1,-13.469484722748325,1.899781378159595,7.809999465942383
112.8,uav_02,1,-13.469484722748325,2.195032868541546,7.809999465942383
112.9,uav_02,1,-13.469484722748325,2.4902843587334416,7.809999465942383
113.0,uav_02,1,-13.469484722748325,2.785535848823392,7.809999465942383
113.1,uav_02,1,-13.469484722748325,3.088554341901708,7.809999465942383
113.2,uav_02,1,-13.469484722748325,3.3871240733825467,7.809999465942383
113.3,uav_02,1,-13.469484722748325,3.6823755634724806,7.809999465942383
113.4,uav_02,1,-13.463115993174544,3.977627053562527,7.809999465942383
113.5,uav_02,1,-13.459836095296057,4.272878543652516,7.809999465942383
113.6,uav_02,1,-13.459836095296057,4.568503079959548,7.809999465942383
113.7,uav_02,1,-13.459836095296057,4.854801447346809,7.809999465942383
113.8,uav_02,1,-13.459836095296057,5.134542039866178,7.809999465942383
113.9,uav_02,1,-13.459836095296057,5.417887090555312,7.809999465942383
114.0,uav_02,1,-13.459836095296057,5.70261428932827,7.809999465942383
114.1,uav_02,1,-13.459836095296057,5.982354881847654,7.809999465942383
114.2,uav_02,1,-13.459836095296057,6.2645193239850485,7.809999465942383
114.3,uav_02,1,-13.459836095296057,6.551221943217967,7.809999465942383
114.4,uav_02,1,-13.459836095296057,6.821576659405815,7.809999465942383
114.5,uav_02,1,-13.459836095296057,7.101317251934047,7.809999465942383
114.6,uav_02,1,-13.459836095296057,7.381057844821579,7.809999465942383
114.7,uav_02,1,-13.459836095296057,7.664915689947111,7.809999465942383
114.8,uav_02,1,-13.459836095296057,7.951354880001178,7.809999465942383
114.9,uav_02,1,-13.459836095296057,8.247153430092675,7.809999465942383
115.0,uav_02,1,-13.459836095296057,8.535844915348658,7.809999465942383
115.1,uav_02,1,-13.459836095296057,8.822547310832757,7.809999465942383
115.2,uav_02,1,-13.459836095296057,9.109249706316973,7.809999465942383
115.3,uav_02,1,-13.466128764892222,9.395952101801127,7.809999465942383
115.4,uav_02,1,-13.469484722748325,9.689417466826528,7.809999465942383
115.5,uav_02,1,-13.469484722748325,9.97414580462048,7.809999465942383
115.6,uav_02,1,-13.469484722748325,10.256059288253596,7.809999465942383
115.7,uav_02,1,-13.469484722748325,10.54707776010973,7.809999465942383
115.8,uav_02,1,-13.469484722748325,10.844893101249017,7.809999465942383
115.9,uav_02,1,-13.469484722748325,11.145366330911154,7.809999465942383
116.0,uav_02,1,-13.469484722748325,11.445839560573226,7.809999465942383
116.1,uav_02,1,-13.469484722748325,11.750615422495958,7.809999465942383
116.2,uav_02,1,-13.469484722748325,12.05537708432085,7.809999465942383
116.3,uav_02,1,-13.469484722748325,12.355850313982968,7.809999465942383
116.4,uav_02,1,-13.474390185557425,12.656323543645124,7.809999465942383
116.5,uav_02,1,-13.479133351571747,12.956796773307174,7.809999465942383
116.6,uav_02,1,-13.479133351571747,13.26299264378022,7.809999465942383
116.7,uav_02,1,-13.479133351571747,13.565546675901137,7.809999465942383
116.8,uav_02,1,-13.479133351571747,13.867420209263962,7.809999465942383
116.9,uav_02,1,-13.479133351571747,14.175928452918782,7.809999465942383
117.0,uav_02,1,-13.479133351571747,14.484436696398218,7.809999465942383
117.1,uav_02,1,-13.479133351571747,14.79294493987762,7.809999465942383
117.2,uav_02,1,-13.479133351571747,15.101453183357094,7.809999465942383
117.3,uav_02,1,-13.479133351571747,15.40996142683651,7.809999465942383
117.4,uav_02,1,-13.479133351571747,15.726665900394039,7.809999465942383
117.5,uav_02,1,-13.479133351571747,16.029525941100253,7.809999465942383
117.6,uav_02,1,-13.479133351571747,16.344364361345306,7.809999465942383
117.7,uav_02,1,-13.479133351571747,16.647489696028764,7.809999465942383
117.8,uav_02,1,-13.479133351571747,16.92235179957857,7.809999465942383
117.9,uav_02,1,-13.479133351571747,17.18993731827363,7.809999465942383
118.0,uav_02,1,-13.473624979737023,17.463851367991442,7.809999465942383
118.1,uav_02,1,-13.469484722748325,17.730658562282493,7.809999465942383
118.2,uav_02,1,-13.465391777534698,17.986972672404146,7.809999465942383
118.3,uav_02,1,-13.4531241170574,18.239080998871184,7.813477748952026
118.4,uav_02,1,-13.435208178841386,18.48302083608157,7.819999694824219
118.5,uav_02,1,-13.415317569706037,18.717462416079826,7.819999694824219
118.6,uav_02,1,-13.388443663018526,18.9424057390705,7.819999694824219
118.7,uav_02,1,-13.359715654797114,19.158134361178302,7.819999694824219
118.8,uav_02,1,-13.304944976234536,19.368161663080723,7.819999694824219
118.9,uav_02,1,-13.258648842517818,19.57028107435786,7.819999694824219
119.0,uav_02,1,-13.19440782948329,19.751783734091116,7.819999694824219
119.1,uav_02,1,-13.129593242016727,19.93262741765428,7.819999694824219
119.2,uav_02,1,-13.05658501799929,20.09464387164747,7.819999694824219
119.3,uav_02,1,-12.97470696789103,20.236279359277816,7.819999694824219
119.4,uav_02,1,-12.88395909259424,20.36605273416441,7.819999694824219
119.5,uav_02,1,-12.784341391317312,20.48563562568855,7.819999694824219
119.6,uav_02,1,-12.675853864741166,20.58740394121601,7.819999694824219
119.7,uav_02,1,-12.560367605698813,20.687625448695716,7.819999694824219
119.8,uav_02,1,-12.436048204735766,20.77742372535126,7.819999694824219
119.9,uav_02,1,-12.298355800931782,20.84522110342372,7.819999694824219
120.0,uav_02,1,-12.155634479004286,20.91301848149615,7.819999694824219
120.1,uav_02,1,-11.995570729067966,20.97460953172484,7.819999694824219
120.2,uav_02,1,-11.828372810562456,21.023125266532883,7.819999694824219
120.3,uav_02,1,-11.65550942030913,21.075974526306435,7.819999694824219
120.4,uav_02,1,-11.466505921041687,21.11726628087291,7.819999694824219
120.5,uav_02,1,-11.266435715456812,21.155033031779354,7.819999694824219
120.6,uav_02,1,-11.063450425804309,21.19206652230125,7.819999694824219
120.7,uav_02,1,-10.85935492879202,21.218948615293005,7.823871707086985
120.8,uav_02,1,-10.64644936307302,21.24365330442711,7.829999923706055
120.9,uav_02,1,-10.434866219909113,21.258619154612344,7.829999923706055
121.0,uav_02,1,-10.217399222198413,21.272583714997598,7.829999923706055
121.1,uav_02,1,-9.999932224076604,21.276241962773728,7.829999923706055
121.2,uav_02,1,-9.776484010032679,21.283668958982876,7.829999923706055
121.3,uav_02,1,-9.54290390473118,21.280455427471324,7.829999923706055
121.4,uav_02,1,-9.313378294148732,21.272583714997598,7.829999923706055
121.5,uav_02,1,-9.077001122611259,21.26981489965226,7.829999923706055
121.6,uav_02,1,-8.838407506658648,21.258952013413346,7.829999923706055
121.7,uav_02,1,-8.590669977417004,21.245775039042357,7.829999923706055
121.8,uav_02,1,-8.342257343576133,21.226294195933043,7.829999923706055
121.9,uav_02,1,-8.118758149625553,21.21610715380465,7.829052390451025
122.0,uav_02,1,-7.879353731150158,21.20592011199546,7.819999694824219
122.1,uav_02,1,-7.639949313915962,21.195733069829757,7.819999694824219
122.2,uav_02,1,-7.400544896681705,21.176105050531994,7.819999694824219
122.3,uav_02,1,-7.153704823116487,21.164273741513068,7.819999694824219
122.4,uav_02,1,-6.905433574867578,21.15408669934736,7.819999694824219
122.5,uav_02,1,-6.65852115130272,21.143955412550156,7.819999694824219
122.6,uav_02,1,-6.41114242628374,21.1280492008689,7.819999694824219
122.7,uav_02,1,-6.158643118780041,21.112532706074038,7.819999694824219
122.8,uav_02,1,-5.904628089950535,21.10233240210992,7.819999694824219
122.9,uav_02,1,-5.641982740572817,21.091681916422107,7.819999694824219
123.0,uav_02,1,-5.348351291830712,21.080049116117245,7.819999694824219
123.1,uav_02,1,-5.054719843088596,21.063783313295165,7.819999694824219
123.2,uav_02,1,-4.756579221052301,21.045698271270854,7.819999694824219
123.3,uav_02,1,-4.457808316780974,21.034065471030623,7.819999694824219
123.4,uav_02,1,-4.15871450673993,21.02243267058061,7.819999694824219
123.5,uav_02,1,-3.8549578353788716,21.01079987037301,7.819999694824219
123.6,uav_02,1,-3.551201164334547,20.99916707007442,7.8133503586192345
123.7,uav_02,1,-3.247444492837965,20.99545260867059,7.809999465942383
123.8,uav_02,1,-2.9370586166218953,20.978575634610955,7.809999465942383
123.9,uav_02,1,-2.65941844514594,20.965112138650728,7.809999465942383
124.0,uav_02,1,-2.378843164652076,20.962196875927102,7.809999465942383
124.1,uav_02,1,-2.0931929782774734,20.962196875927102,7.809999465942383
124.2,uav_02,1,-1.819160506951052,20.94884936099455,7.809999465942383
124.3,uav_02,1,-1.5411898618039783,20.93385137133478,7.809999465942383
124.4,uav_02,1,-1.2555396754293384,20.92894114318361,7.809999465942383
124.5,uav_02,1,-0.9698894890547419,20.92894114318361,7.809999465942383
124.6,uav_02,1,-0.6893214312849573,20.92894114318361,7.809999465942383
124.7,uav_02,1,-0.4107303073693638,20.92076579580102,7.809999465942383
124.8,uav_02,1,-0.12812596806458712,20.90677065481923,7.809999465942383
124.9,uav_02,1,0.1538075079333135,20.903573502911737,7.809999465942383
125.0,uav_02,1,0.4484662188187302,20.895685410440127,7.809999465942383
125.1,uav_02,1,0.7431249297041659,20.895685410440127,7.809999465942383
125.2,uav_02,1,1.0377836405896028,20.895685410440127,7.809999465942383
125.3,uav_02,1,1.332442351474986,20.895685410440127,7.809999465942383
125.4,uav_02,1,1.629166330684312,20.895685410440127,7.809999465942383
125.5,uav_02,1,1.9314084006981302,20.895685410440127,7.809999465942383
125.6,uav_02,1,2.2260671115835176,20.891599367240424,7.809999465942383
125.7,uav_02,1,2.520725822469026,20.873514922075742,7.809999465942383
125.8,uav_02,1,2.8168881988414785,20.873514922075742,7.809999465942383
125.9,uav_02,1,3.120100759146089,20.873514922075742,7.809999465942383
126.0,uav_02,1,3.417089525500703,20.873514922075742,7.811339139414807
126.1,uav_02,1,3.7165267444335433,20.873514922075742,7.819999694824219
126.2,uav_02,1,4.030364314485718,20.873514922075742,7.819999694824219
126.3,uav_02,1,4.326265544958738,20.873514922075742,7.819999694824219
126.4,uav_02,1,4.6157124090058375,20.873514922075742,7.819999694824219
126.5,uav_02,1,4.9213306135496255,20.873514922075742,7.819999694824219
126.6,uav_02,1,5.219201879918574,20.873514922075742,7.819999694824219
126.7,uav_02,1,5.526363041155147,20.873514922075742,7.819999694824219
126.8,uav_02,1,5.838057767051477,20.873514922075742,7.819999694824219
126.9,uav_02,1,6.124833335245159,20.873514922075742,7.819999694824219
127.0,uav_02,1,6.407898889189194,20.873514922075742,7.819999694824219
127.1,uav_02,1,6.700056562363185,20.873514922075742,7.819999694824219
127.2,uav_02,1,6.983565199540988,20.873514922075742,7.819999694824219
127.3,uav_02,1,7.2747232787322424,20.892196695932956,7.819999694824219
127.4,uav_02,1,7.566880950608854,20.895685410440127,7.819999694824219
127.5,uav_02,1,7.851945689917935,20.895685410440127,7.819999694824219
127.6,uav_02,1,8.141547667843893,20.895685410440127,7.819999694824219
127.7,uav_02,1,8.42764980905635,20.895685410440127,7.819999694824219
127.8,uav_02,1,8.716214384581546,20.895685410440127,7.819999694824219
127.9,uav_02,1,9.003789294739489,20.895685410440127,7.819999694824219
128.0,uav_02,1,9.304896238872299,20.895685410440127,7.819999694824219
128.1,uav_02,1,9.618337367524461,20.895685410440127,7.819999694824219
128.2,uav_02,1,9.927067270662686,20.895685410440127,7.819999694824219
128.3,uav_02,1,10.2416657798364,20.895685410440127,7.819999694824219
128.4,uav_02,1,10.554175705762583,20.895685410440127,7.819999694824219
128.5,uav_02,1,10.8693950162777,20.895685410440127,7.819999694824219
128.6,uav_02,1,11.181284139491288,20.895685410440127,7.819999694824219
128.7,uav_02,1,11.497124252181795,20.895685410440127,7.819999694824219
128.8,uav_02,1,11.808392573220061,20.895685410440127,7.819999694824219
128.9,uav_02,1,12.122700625578736,20.895685410440127,7.819999694824219
129.0,uav_02,1,12.428993760029357,20.895685410440127,7.819999694824219
129.1,uav_02,1,12.74085056384027,20.895685410440127,7.819999694824219
129.2,uav_02,1,13.046385627349775,20.895685410440127,7.819999694824219
129.3,uav_02,1,13.358549795728909,20.895685410440127,7.819999694824219
129.4,uav_02,1,13.66377749467029,20.895685410440127,7.819999694824219
129.5,uav_02,1,13.976249028839423,20.895685410440127,7.819999694824219
129.6,uav_02,1,14.289922958658861,20.895685410440127,7.819999694824219
129.7,uav_02,1,14.594689610748237,20.895685410440127,7.819999694824219
129.8,uav_02,1,14.898561230682361,20.895685410440127,7.819999694824219
129.9,uav_02,1,15.201225991703097,20.895685410440127,7.819999694824219
130.0,uav_02,1,15.481121229322842,20.895685410440127,7.819999694824219
130.1,uav_02,1,15.752510450807028,20.895685410440127,7.819999694824219
130.2,uav_02,1,16.035364773180177,20.895685410440127,7.819999694824219
130.3,uav_02,1,16.306391510019,20.895685410440127,7.819999694824219
130.4,uav_02,1,16.5722466245608,20.895685410440127,7.819999694824219
130.5,uav_02,1,16.84587434927159,20.895685410440127,7.819999694824219
130.6,uav_02,1,17.121953617585234,20.895685410440127,7.819999694824219
130.7,uav_02,1,17.393705323396702,20.895685410440127,7.819999694824219
130.8,uav_02,1,17.671660609238554,20.895685410440127,7.819999694824219
130.9,uav_02,1,17.941689791339034,20.895685410440127,7.819999694824219
131.0,uav_02,1,18.218689760212293,20.895685410440127,7.819999694824219
131.1,uav_02,1,18.51254094204251,20.895685410440127,7.819999694824219
131.2,uav_02,1,18.817143955580804,20.895685410440127,7.819999694824219
131.3,uav_02,1,19.114968580139937,20.895685410440127,7.819999694824219
131.4,uav_02,1,19.411358084777007,20.895685410440127,7.819999694824219
131.5,uav_02,1,19.699797109328717,20.895685410440127,7.819999694824219
131.6,uav_02,1,19.978762858718397,20.895685410440127,7.819999694824219
131.7,uav_02,1,20.25603045961128,20.895685410440127,7.819999694824219
131.8,uav_02,1,20.517923160150648,20.869189228488523,7.819999694824219
131.9,uav_02,1,20.776068857578124,20.84496701784811,7.819999694824219
132.0,uav_02,1,21.01931306900196,20.814350473653462,7.819999694824219
132.1,uav_02,1,21.2544138761314,20.780893381100178,7.819999694824219
132.2,uav_02,1,21.47299739161583,20.738481563575096,7.819999694824219
132.3,uav_02,1,21.687434506018075,20.684758138894953,7.819999694824219
132.4,uav_02,1,21.886129682901945,20.61972310682315,7.819999694824219
132.5,uav_02,1,22.06513355048646,20.543376467279053,7.819999694824219
132.6,uav_02,1,22.232514103015365,20.46498748659488,7.819999694824219
132.7,uav_02,1,22.38188249097296,20.377216058365253,7.819999694824219
132.8,uav_02,1,22.51982459186102,20.278133022727815,7.819999694824219
132.9,uav_02,1,22.63955750132425,20.16773837961814,7.819999694824219
133.0,uav_02,1,22.73940360355171,20.065678258547983,7.8287498438458085
133.1,uav_02,1,22.830107813900494,19.94478404203973,7.829999923706055
133.2,uav_02,1,22.905978392662288,19.820183273270406,7.829999923706055
133.3,uav_02,1,22.978399256515434,19.687728879858373,7.829999923706055
133.4,uav_02,1,23.038697392774615,19.55252262910174,7.829999923706055
133.5,uav_02,1,23.093013040864236,19.41103728184765,7.829999923706055
133.6,uav_02,1,23.14245936556675,19.259836217236856,7.829999923706055
133.7,uav_02,1,23.187722405423024,19.098919435122898,7.829999923706055
133.8,uav_02,1,23.229308162065596,18.92828693565581,7.829999923706055
133.9,uav_02,1,23.268599857683316,18.74793871890507,7.829999923706055
134.0,uav_02,1,23.30640780840598,18.56072343738321,7.829999923706055
134.1,uav_02,1,23.326426602925515,18.373349103170682,7.829999923706055
134.2,uav_02,1,23.352350774635525,18.18390421210998,7.829999923706055
134.3,uav_02,1,23.370523874113132,17.984665612901836,7.829999923706055
134.4,uav_02,1,23.388485653418158,17.776118874188413,7.829999923706055
134.5,uav_02,1,23.397572202511316,17.577768827783828,7.829999923706055
134.6,uav_02,1,23.397922960727886,17.359345796451375,7.829999923706055
134.7,uav_02,1,23.414270386924407,17.140116797186764,7.829999923706055
134.8,uav_02,1,23.40199694760515,16.920887798195523,7.829999923706055
134.9,uav_02,1,23.397922960727886,16.70975798738069,7.829999923706055
135.0,uav_02,1,23.391435483287726,16.478608204976773,7.829999923706055
135.1,uav_02,1,23.376380112283048,16.244759145983995,7.829999923706055
135.2,uav_02,1,23.362844829298922,15.996204319730264,7.829999923706055
135.3,uav_02,1,23.352579591124236,15.721236284868917,7.829999923706055
135.4,uav_02,1,23.334884733678823,15.445802907157374,7.829999923706055
135.5,uav_02,1,23.322312170753325,15.173062514043776,7.829999923706055
135.6,uav_02,1,23.30324744696706,14.890277065261916,7.829999923706055
135.7,uav_02,1,23.301436680720595,14.605678394136257,7.829999923706055
135.8,uav_02,1,23.281258787707557,14.321079723010444,7.829999923706055
135.9,uav_02,1,23.261728999133684,14.036481051839269,7.829999923706055
136.0,uav_02,1,23.24963236710347,13.749986484136523,7.828154451442332
136.1,uav_02,1,23.233896284441258,13.45983759093572,7.819999694824219
136.2,uav_02,1,23.22766950065884,13.187250958607931,7.819999694824219
136.3,uav_02,1,23.203033026857717,12.914664326280022,7.819999694824219
136.4,uav_02,1,23.193542619219485,12.64207769402407,7.819999694824219
136.5,uav_02,1,23.182451280694757,12.367651762091427,7.819999694824219
136.6,uav_02,1,23.164913177316965,12.085819185311433,7.819999694824219
136.7,uav_02,1,23.154138280662632,11.811756811033213,7.819999694824219
136.8,uav_02,1,23.136283735254384,11.52826671362969,7.819999694824219
136.9,uav_02,1,23.126793327503734,11.244776615924364,7.819999694824219
137.0,uav_02,1,23.116495901466873,10.961328454958231,7.819999694824219
137.1,uav_02,1,23.09821448164817,10.679307787238539,7.819999694824219
137.2,uav_02,1,23.08922995463764,10.410928932255844,7.819999694824219
137.3,uav_02,1,23.08024542635931,10.142550077637289,7.819999694824219
137.4,uav_02,1,23.07132914169471,9.885618104377917,7.819999694824219
137.5,uav_02,1,23.062356776396047,9.602016532148623,7.819999694824219
137.6,uav_02,1,23.053372249082006,9.328730071935846,7.819999694824219
137.7,uav_02,1,23.044387722071484,9.053245736965394,7.819999694824219
137.8,uav_02,1,23.035403194276444,8.78088711809945,7.819999694824219
137.9,uav_02,1,23.026418666679284,8.506928744186727,7.819999694824219
138.0,uav_02,1,23.01743413907299,8.233044164320008,7.819999694824219
138.1,uav_02,1,23.011977839327564,7.960439637549678,7.819999694824219
138.2,uav_02,1,23.008907001499956,7.679026521943183,7.819999694824219
138.3,uav_02,1,23.002329211875296,7.385888533301627,7.819999694824219
138.4,uav_02,1,23.002329211875296,7.0843873896545,7.819999694824219
138.5,uav_02,1,22.99658565038868,6.794853698187499,7.819999694824219
138.6,uav_02,1,22.983031955599607,6.497610363796881,7.819999694824219
138.7,uav_02,1,22.983031955599607,6.20036702924142,7.819999694824219
138.8,uav_02,1,22.980359232348707,5.906194369062736,7.819999694824219
138.9,uav_02,1,22.973383328147342,5.613971162838903,7.819999694824219
139.0,uav_02,1,22.970843309394386,5.308637026413001,7.819999694824219
139.1,uav_02,1,22.96373469932392,5.0113990971545554,7.819999694824219
139.2,uav_02,1,22.96373469932392,4.714339765478324,7.819999694824219
139.3,uav_02,1,22.96373469932392,4.417766630192811,7.819999694824219
139.4,uav_02,1,22.96373469932392,4.121193494907426,7.819999694824219
139.5,uav_02,1,22.96373469932392,3.822733021175554,7.819999694824219
139.6,uav_02,1,22.96373469932392,3.5194561599132768,7.819999694824219
139.7,uav_02,1,22.961853685620692,3.2228830246278948,7.819999694824219
139.8,uav_02,1,22.95408607187165,2.92630988926919,7.819999694824219
139.9,uav_02,1,22.95408607187165,2.6316957297817187,7.819999694824219
140.0,uav_02,1,22.95408607187165,2.3405330186263833,7.819999694824219
140.1,uav_02,1,22.95408607187165,2.025531150198996,7.819999694824219
140.2,uav_02,1,22.955491892548878,1.7316454898367455,7.819999694824219
140.3,uav_02,1,22.96373469932392,1.4481983365095714,7.819999694824219
140.4,uav_02,1,22.96373469932392,1.1382449872257236,7.819999694824219
140.5,uav_02,1,22.96373469932392,0.8485154502821093,7.819999694824219
140.6,uav_02,1,22.96373469932392,0.5680521418646494,7.819999694824219
140.7,uav_02,1,22.96373469932392,0.25619466968452653,7.819999694824219
140.8,uav_02,1,22.96373469932392,-0.023529344893342297,7.819999694824219
140.9,uav_02,1,22.96373469932392,-0.3238849273276713,7.819999694824219
141.0,uav_02,1,22.96373469932392,-0.6249886934520593,7.819999694824219
141.1,uav_02,1,22.96373469932392,-0.906659384447899,7.819999694824219
141.2,uav_02,1,22.96373469932392,-1.205100033826568,7.819999694824219
141.3,uav_02,1,22.96373469932392,-1.508513100178118,7.819999694824219
141.4,uav_02,1,22.96373469932392,-1.794534129956725,7.819999694824219
141.5,uav_02,1,22.96373469932392,-2.094002316125768,7.819999694824219
141.6,uav_02,1,22.971077466112945,-2.3978321684786397,7.819999694824219
141.7,uav_02,1,22.973383328147342,-2.68349588008643,7.819999694824219
141.8,uav_02,1,22.973383328147342,-2.9886101492857593,7.819999694824219
141.9,uav_02,1,22.973383328147342,-3.280367636661979,7.819999694824219
142.0,uav_02,1,22.973383328147342,-3.577309287760643,7.819999694824219
142.1,uav_02,1,22.973383328147342,-3.881139140113552,7.819999694824219
142.2,uav_02,1,22.973383328147342,-4.171232991052538,7.819999694824219
142.3,uav_02,1,22.973383328147342,-4.472740730016672,7.819999694824219
142.4,uav_02,1,22.973383328147342,-4.786058207388478,7.819999694824219
142.5,uav_02,1,22.979591094462148,-5.085111561290195,7.819999694824219
142.6,uav_02,1,22.983031955599607,-5.39052267337388,7.819999694824219
142.7,uav_02,1,22.983031955599607,-5.703840150745686,7.819999694824219
142.8,uav_02,1,22.983031955599607,-6.00226551071855,7.819999694824219
142.9,uav_02,1,22.983031955599607,-6.3083046167311485,7.819999694824219
143.0,uav_02,1,22.983031955599607,-6.6139667040938095,7.819999694824219
143.1,uav_02,1,22.983031955599607,-6.91609427143167,7.819999694824219
143.2,uav_02,1,22.983031955599607,-7.225542490104728,7.819999694824219
143.3,uav_02,1,22.983031955599607,-7.515213628288568,7.819999694824219
143.4,uav_02,1,22.983031955599607,-7.795530802057039,7.819999694824219
143.5,uav_02,1,22.983031955599607,-8.08181033077367,7.819999694824219
143.6,uav_02,1,22.983031955599607,-8.367250393973086,7.819999694824219
143.7,uav_02,1,22.990897695149176,-8.642032469200835,7.815923509344954
143.8,uav_02,1,23.002329211875296,-8.918065914959364,7.809999465942383
143.9,uav_02,1,23.002329211875296,-9.205707735322827,7.809999465942383
144.0,uav_02,1,23.002329211875296,-9.486024909174882,7.809999465942383
144.1,uav_02,1,23.002329211875296,-9.76634208325355,7.809999465942383
144.2,uav_02,1,23.002329211875296,-10.045713662003866,7.809999465942383
144.3,uav_02,1,23.002329211875296,-10.316194345204678,7.809999465942383
144.4,uav_02,1,23.002329211875296,-10.608023035890366,7.809999465942383
144.5,uav_02,1,23.002329211875296,-10.889845021624172,7.809999465942383
144.6,uav_02,1,23.002329211875296,-11.180595172882327,7.809999465942383
144.7,uav_02,1,23.002329211875296,-11.463742740658827,7.809999465942383
144.8,uav_02,1,23.002329211875296,-11.745148977986725,7.809999465942383
144.9,uav_02,1,22.989524644624247,-12.033910756180957,7.809999465942383
145.0,uav_02,1,22.983031955599607,-12.319046697021385,7.809999465942383
145.1,uav_02,1,22.983031955599607,-12.600452934349205,7.809999465942383
145.2,uav_02,1,22.983031955599607,-12.881859171676984,7.809999465942383
145.3,uav_02,1,22.983031955599607,-13.163676305269092,7.809999465942383
145.4,uav_02,1,22.983031955599607,-13.457903496445615,7.809999465942383
145.5,uav_02,1,22.983031955599607,-13.770665943565366,7.809999465942383
145.6,uav_02,1,22.983031955599607,-14.088957144992,7.809999465942383
145.7,uav_02,1,22.983031955599607,-14.407276081647884,7.809999465942383
145.8,uav_02,1,22.983031955599607,-14.720038528820819,7.809999465942383
145.9,uav_02,1,22.983031955599607,-15.024267194983976,7.809999465942383
146.0,uav_02,1,22.983031955599607,-15.339414576317349,7.809999465942383
146.1,uav_02,1,22.983031955599607,-15.663760817726718,7.809999465942383
146.2,uav_02,1,22.983031955599607,-15.971251703204674,7.809999465942383
146.3,uav_02,1,22.983031955599607,-16.29003360242073,7.809999465942383
146.4,uav_02,1,22.983031955599607,-16.5956768058729,7.809999465942383
146.5,uav_02,1,22.983031955599607,-16.897083075724982,7.809999465942383
146.6,uav_02,1,22.983031955599607,-17.198489345577066,7.809999465942383
146.7,uav_02,1,22.983031955599607,-17.49058985405025,7.818394386598378
146.8,uav_02,1,22.983031955599607,-17.780832928653734,7.819999694824219
146.9,uav_02,1,22.983031955599607,-18.07107600352999,7.819999694824219
147.0,uav_02,1,22.974728648674,-18.361319078127906,7.819999694824219
147.1,uav_02,1,22.973383328147342,-18.63232702212835,7.819999694824219
147.2,uav_02,1,22.973383328147342,-18.919634739188275,7.819999694824219
147.3,uav_02,1,22.973383328147342,-19.189555294459346,7.819999694824219
147.4,uav_02,1,22.973383328147342,-19.42663809751689,7.819999694824219
147.5,uav_02,1,22.973383328147342,-19.667555192524084,7.819999694824219
147.6,uav_02,1,22.973383328147342,-19.89666610690833,7.819999694824219
147.7,uav_02,1,22.96812888101169,-20.113468154573663,7.819999694824219
147.8,uav_02,1,22.96373469932392,-20.321097369440853,7.819999694824219
147.9,uav_02,1,22.96373469932392,-20.52367813884151,7.819999694824219
148.0,uav_02,1,22.960999895483045,-20.719451245959917,7.819999694824219
148.1,uav_02,1,22.95408607187165,-20.898462852897612,7.819999694824219
148.2,uav_02,1,22.953073451427684,-21.069493114009614,7.819999694824219
148.3,uav_02,1,22.944437443048226,-21.231357218721907,7.819999694824219
148.4,uav_02,1,22.944437443048226,-21.383619178565656,7.819999694824219
148.5,uav_02,1,22.93554137559556,-21.52738963127213,7.819999694824219
148.6,uav_02,1,22.934788815595958,-21.66036090762465,7.819999694824219
148.7,uav_02,1,22.92602566819909,-21.78239965057262,7.819999694824219
148.8,uav_02,1,22.92514018814369,-21.883514293768915,7.819999694824219
148.9,uav_02,1,22.91650995957619,-21.962763870544485,7.819999694824219
149.0,uav_02,1,22.915491559320273,-22.049664947383086,7.819999694824219
149.1,uav_02,1,22.906994252035,-22.09868605707669,7.819999694824219
149.2,uav_02,1,22.905842931868005,-22.1524077566618,7.819999694824219
149.3,uav_02,1,22.905842931868005,-22.178622833224207,7.819999694824219
149.4,uav_02,1,22.897536846464504,-22.181573743450876,7.819999694824219
149.5,uav_02,1,22.89619430304458,-22.171813764514923,7.819999694824219
149.6,uav_02,1,22.89619430304458,-22.130395845334533,7.819999694824219
149.7,uav_02,1,22.89619430304458,-22.074715782126503,7.819999694824219
149.8,uav_02,1,22.89619430304458,-22.00742410540233,7.819999694824219
149.9,uav_02,1,22.89619430304458,-21.939333532409766,7.819999694824219
150.0,uav_02,1,22.905834800123497,-21.871242959417213,7.819999694824219
150.1,uav_02,1,22.915929797073275,-21.802913229422465,7.829999923706055
150.2,uav_02,1,22.935528048083413,-21.724106181648462,7.829999923706055
150.3,uav_02,1,22.957075136049117,-21.643987434156983,7.829999923706055
150.4,uav_02,1,23.004644387465422,-21.55459365581371,7.829999923706055
150.5,uav_02,1,23.03373909713513,-21.478673955987343,7.829999923706055
150.6,uav_02,1,23.08101536347407,-21.392309921338725,7.829999923706055
150.7,uav_02,1,23.14660328546194,-21.295426817671025,7.829999923706055
150.8,uav_02,1,23.21219120744985,-21.19854371400327,7.829999923706055
150.9,uav_02,1,23.29583058712729,-21.10166061033557,7.829999923706055
151.0,uav_02,1,23.362664307701287,-21.014826651257227,7.8209343819350785
151.1,uav_02,1,23.445187987772297,-20.909250957745105,7.819999694824219
151.2,uav_02,1,23.53770426979073,-20.801603064653506,7.819999694824219
151.3,uav_02,1,23.639311329497897,-20.684867392160992,7.819999694824219
151.4,uav_02,1,23.742278539325557,-20.566569053160347,7.819999694824219
151.5,uav_02,1,23.849614569259444,-20.451393588315643,7.819999694824219
151.6,uav_02,1,23.964648578743486,-20.32962446533952,7.819999694824219
151.7,uav_02,1,24.088125600428164,-20.21166933854618,7.819999694824219
151.8,uav_02,1,24.214767079860945,-20.097349835635516,7.819999694824219
151.9,uav_02,1,24.350760052003718,-19.977658399025934,7.819999694824219
152.0,uav_02,1,24.499566109518153,-19.852946214133276,7.819999694824219
152.1,uav_02,1,24.653345048462047,-19.72823402924065,7.819999694824219
152.2,uav_02,1,24.812858631596697,-19.603521844348023,7.819999694824219
152.3,uav_02,1,24.979882027768845,-19.479067677800316,7.819999694824219
152.4,uav_02,1,25.135846745682272,-19.3587960068852,7.819999694824219
152.5,uav_02,1,25.310990718166074,-19.251032773341016,7.819999694824219
152.6,uav_02,1,25.50912242788755,-19.114453454921712,7.819999694824219
152.7,uav_02,1,25.70725413859508,-18.97787413650244,7.819999694824219
152.8,uav_02,1,25.905385848124045,-18.841294818083117,7.81806081971988
152.9,uav_02,1,26.105646220955318,-18.704715499663816,7.809999465942383
153.0,uav_02,1,26.316071137266245,-18.568136181244537,7.809999465942383
153.1,uav_02,1,26.531371440107705,-18.428518524710384,7.809999465942383
153.2,uav_02,1,26.74521480713619,-18.283892300026857,7.809999465942383
153.3,uav_02,1,26.969905780927583,-18.147312981607534,7.809999465942383
153.4,uav_02,1,27.19449166965414,-18.01084619334374,7.809999465942383
153.5,uav_02,1,27.419222921581532,-17.8778328152948,7.809999465942383
153.6,uav_02,1,27.628641622581505,-17.746910620897445,7.809999465942383
153.7,uav_02,1,27.847934652618147,-17.611811859061948,7.809999465942383
153.8,uav_02,1,28.060585720675004,-17.481815510606566,7.809999465942383
153.9,uav_02,1,28.273236787986207,-17.341659763838397,7.809999465942383
154.0,uav_02,1,28.485887856355852,-17.19454991177163,7.808553685052888
154.1,uav_02,1,28.69953094351689,-17.055320010592105,7.799999237060547
154.2,uav_02,1,28.920838620463595,-16.90660751213656,7.799999237060547
154.3,uav_02,1,29.133489687545804,-16.757681135692994,7.799999237060547
154.4,uav_02,1,29.346140755915407,-16.598346315784415,7.799999237060547
154.5,uav_02,1,29.55709150352329,-16.440285508283413,7.799999237060547
154.6,uav_02,1,29.770163394569487,-16.280635374673388,7.799999237060547
154.7,uav_02,1,29.983412200339966,-16.120852683088398,7.799999237060547
154.8,uav_02,1,30.19666100499972,-15.96106999154737,7.799999237060547
154.9,uav_02,1,30.409909810509795,-15.80128730000642,7.799999237060547
155.0,uav_02,1,30.63022122197078,-15.633390427703613,7.799999237060547
155.1,uav_02,1,30.85274171437584,-15.470636672666311,7.799999237060547
155.2,uav_02,1,31.062644757774088,-15.296357878429195,7.799999237060547
155.3,uav_02,1,31.272553659672795,-15.135715787698503,7.799999237060547
155.4,uav_02,1,31.491357307862938,-14.973821432154606,7.799999237060547
155.5,uav_02,1,31.709072526052264,-14.80308874542652,7.799999237060547
155.6,uav_02,1,31.933932319651287,-14.62337402248698,7.799999237060547
155.7,uav_02,1,32.174738669812605,-14.4288557822925,7.799999237060547
155.8,uav_02,1,32.41341917924897,-14.244193118766631,7.799999237060547
155.9,uav_02,1,32.64833829432431,-14.06011071470618,7.799999237060547
156.0,uav_02,1,32.88325741002309,-13.87235627864799,7.799999237060547
156.1,uav_02,1,33.126324746298444,-13.675240406526543,7.808444383005862
156.2,uav_02,1,33.3714577363519,-13.485762162546303,7.809999465942383
156.3,uav_02,1,33.59803329856744,-13.287347474461313,7.809999465942383
156.4,uav_02,1,33.83253239705594,-13.088122846535594,7.809999465942383
156.5,uav_02,1,34.06357876818363,-12.902785753412658,7.809999465942383
156.6,uav_02,1,34.27643197141393,-12.722194047851024,7.809999465942383
156.7,uav_02,1,34.498343781782985,-12.54160234265909,7.809999465942383
156.8,uav_02,1,34.702192110743276,-12.3610106374671,7.809999465942383
156.9,uav_02,1,34.91424070875053,-12.180418931922938,7.809999465942383
157.0,uav_02,1,35.12690619306584,-11.990375125687564,7.809999465942383
157.1,uav_02,1,35.339571678348335,-11.817140175036883,7.809999465942383
157.2,uav_02,1,35.55965969362465,-11.638643815911752,7.809999465942383
157.3,uav_02,1,35.767531048547916,-11.458052110719802,7.809999465942383
157.4,uav_02,1,35.970950207833916,-11.285063695203508,7.809999465942383
157.5,uav_02,1,36.18010317852171,-11.108363089787655,7.809999465942383
157.6,uav_02,1,36.369998934958666,-10.944216948472535,7.809999465942383
157.7,uav_02,1,36.55069770651978,-10.789565341384868,7.809999465942383
157.8,uav_02,1,36.73299670606035,-10.634913734118012,7.809999465942383
157.9,uav_02,1,36.908118184159584,-10.482046465725169,7.809999465942383
158.0,uav_02,1,37.076379680452305,-10.337060584019833,7.809999465942383
158.1,uav_02,1,37.24464117674499,-10.192074702314528,7.809999465942383
158.2,uav_02,1,37.41290267410278,-10.047088820609227,7.809999465942383
158.3,uav_02,1,37.57490466220807,-9.909294446886417,7.809999465942383
158.4,uav_02,1,37.72972912807275,-9.77397429053751,7.809999465942383
158.5,uav_02,1,37.87737607223522,-9.643006604397646,7.809999465942383
158.6,uav_02,1,38.017974753530794,-9.52017374695805,7.809999465942383
158.7,uav_02,1,38.155263240828575,-9.401876378211504,7.809999465942383
158.8,uav_02,1,38.30334680591668,-9.274614047466464,7.809999465942383
158.9,uav_02,1,38.44245289755276,-9.155862928636592,7.809999465942383
159.0,uav_02,1,38.56327031397302,-9.03864771852606,7.809999465942383
159.1,uav_02,1,38.666631625168236,-8.941487712106111,7.809999465942383
159.2,uav_02,1,38.769828797170256,-8.844516284088042,7.809999465942383
159.3,uav_02,1,38.86379362480122,-8.75815183368126,7.809999465942383
159.4,uav_02,1,38.95775845243214,-8.693176276920326,7.819647148242948
159.5,uav_02,1,39.01549795368034,-8.617998180466511,7.819999694824219
159.6,uav_02,1,39.080681036704796,-8.562659428172791,7.819999694824219
159.7,uav_02,1,39.12948645039978,-8.5282399611573,7.819999694824219
159.8,uav_02,1,39.18980086579864,-8.482453090509456,7.819999694824219
159.9,uav_02,1,39.22246250765438,-8.446275755505214,7.819999694824219
160.0,uav_02,1,39.26114992251957,-8.41167261540037,7.819999694824219
160.1,uav_02,1,39.27305122208204,-8.387927932164537,7.819999694824219
160.2,uav_02,1,39.29371866206152,-8.366771328695961,7.819999694824219
160.3,uav_02,1,39.308510574242234,-8.354898986867148,7.819999694824219
160.4,uav_02,1,39.308510574242234,-8.343026645186216,7.819999694824219
160.5,uav_02,1,39.308510574242234,-8.336103675811668,7.819999694824219
160.6,uav_02,1,39.308510574242234,-8.336103675811668,7.819999694824219
160.7,uav_02,1,39.308510574242234,-8.336103675811668,7.819999694824219
160.8,uav_02,1,39.29692907079932,-8.342756631524482,7.826001464379965
160.9,uav_02,1,39.27699036360516,-8.347188919796945,7.829999923706055
161.0,uav_02,1,39.26345171054011,-8.354615770156004,7.829999923706055
161.1,uav_02,1,39.246632982159724,-8.366106429608505,7.829999923706055
161.2,uav_02,1,39.22662997702529,-8.369359408555155,7.829999923706055
161.3,uav_02,1,39.21414994732357,-8.37800250382735,7.829999923706055
161.4,uav_02,1,39.19627259557985,-8.389493163193094,7.829999923706055
161.5,uav_02,1,39.17626959044542,-8.391529896919538,7.829999923706055
161.6,uav_02,1,39.15632390698706,-8.401356309473734,7.829999923706055
161.7,uav_02,1,39.14601222521643,-8.411944500246442,7.829999923706055
161.8,uav_02,1,39.12929433148402,-8.41370038528392,7.829999923706055
161.9,uav_02,1,39.11104811027359,-8.42182221740148,7.829999923706055
162.0,uav_02,1,39.09934563769866,-8.424785629663026,7.829999923706055
162.1,uav_02,1,39.08420429667617,-8.424785629663026,7.829999923706055
162.2,uav_02,1,39.07694350167627,-8.424785629663026,7.829999923706055
162.3,uav_02,1,39.062041915311305,-8.436199185048663,7.829999923706055
162.4,uav_02,1,39.04355593959271,-8.44695611802741,7.829999923706055
162.5,uav_02,1,39.03443282889578,-8.44695611802741,7.829999923706055
162.6,uav_02,1,39.02531237393976,-8.450848554212852,7.829999923706055
162.7,uav_02,1,39.016265079120494,-8.458041362406513,7.829999923706055
162.8,uav_02,1,39.007368354538706,-8.458041362406513,7.829999923706055
162.9,uav_02,1,38.99848223182561,-8.458041362406513,7.82868131640781
163.0,uav_02,1,38.98965530923274,-8.458041362406513,7.819999694824219
163.1,uav_02,1,38.98075858465096,-8.458041362406513,7.819999694824219
163.2,uav_02,1,38.98045722166898,-8.458041362406513,7.819999694824219
163.3,uav_02,1,38.97261376182502,-8.449030064455359,7.819999694824219
163.4,uav_02,1,38.96371703698671,-8.44695611802741,7.819999694824219
163.5,uav_02,1,38.96115996539329,-8.44695611802741,7.819999694824219
163.6,uav_02,1,38.96115996539329,-8.44695611802741,7.819999694824219
163.7,uav_02,1,38.96115996539329,-8.44695611802741,7.819999694824219
163.8,uav_02,1,38.96115996539329,-8.436840014468867,7.819999694824219
163.9,uav_02,1,38.96115996539329,-8.424785629663026,7.819999694824219
164.0,uav_02,1,38.96115996539329,-8.424785629663026,7.819999694824219
164.1,uav_02,1,38.96115996539329,-8.424785629663026,7.819999694824219
164.2,uav_02,1,38.96115996539329,-8.424785629663026,7.819999694824219
164.3,uav_02,1,38.96115996539329,-8.424785629663026,7.819999694824219
164.4,uav_02,1,38.96115996539329,-8.420394485696422,7.819999694824219
164.5,uav_02,1,38.96115996539329,-8.41370038528392,7.819999694824219
164.6,uav_02,1,38.96115996539329,-8.41370038528392,7.819999694824219
164.7,uav_02,1,38.96115996539329,-8.409639890839706,7.819999694824219
164.8,uav_02,1,38.96115996539329,-8.402615141298643,7.819999694824219
164.9,uav_02,1,38.96115996539329,-8.402615141298643,7.819999694824219
165.0,uav_02,1,38.96115996539329,-8.402615141298643,7.819999694824219
165.1,uav_02,1,38.96500766673092,-8.398194542634597,7.819999694824219
165.2,uav_02,1,38.97080859284556,-8.391529896919538,7.819999694824219
165.3,uav_02,1,38.97080859284556,-8.391529896919538,7.819999694824219
165.4,uav_02,1,38.97080859284556,-8.386751312542307,7.819999694824219
165.5,uav_02,1,38.97080859284556,-8.380444652540433,7.819999694824219
165.6,uav_02,1,38.97520784177169,-8.380444652540433,7.819999694824219
165.7,uav_02,1,38.98045722166898,-8.380444652540433,7.819999694824219
165.8,uav_02,1,38.98045722166898,-8.380444652540433,7.819999694824219
165.9,uav_02,1,38.98045722166898,-8.376088567378591,7.819999694824219
166.0,uav_02,1,38.98372368427968,-8.369359408555155,7.819999694824219
166.1,uav_02,1,38.99010584912124,-8.369359408555155,7.819999694824219
166.2,uav_02,1,38.99010584912124,-8.369359408555155,7.819999694824219
166.3,uav_02,1,38.99010584912124,-8.369359408555155,7.819999694824219
166.4,uav_02,1,38.99010584912124,-8.369359408555155,7.819999694824219
166.5,uav_02,1,38.99074688117117,-8.369359408555155,7.819999694824219
166.6,uav_02,1,38.99975447794467,-8.369226199158323,7.819999694824219
166.7,uav_02,1,38.99975447794467,-8.358744222767752,7.819999694824219
166.8,uav_02,1,38.99975447794467,-8.35827416417605,7.819999694824219
166.9,uav_02,1,38.99975447794467,-8.35827416417605,7.810420041402753
167.0,uav_02,1,38.999955359249824,-8.35827416417605,7.809999465942383
167.1,uav_02,1,39.009403105396935,-8.35827416417605,7.809999465942383
167.2,uav_02,1,39.009403105396935,-8.35827416417605,7.809999465942383
167.3,uav_02,1,39.009403105396935,-8.35827416417605,7.809999465942383
167.4,uav_02,1,39.009403105396935,-8.35827416417605,7.809999465942383
167.5,uav_02,1,39.009403105396935,-8.35827416417605,7.809999465942383
167.6,uav_02,1,39.009403105396935,-8.35827416417605,7.809999465942383
167.7,uav_02,1,39.009403105396935,-8.35827416417605,7.809999465942383
167.8,uav_02,1,39.009403105396935,-8.35827416417605,7.809999465942383
167.9,uav_02,1,39.009403105396935,-8.35827416417605,7.809999465942383
168.0,uav_02,1,39.009403105396935,-8.35827416417605,7.809999465942383
168.1,uav_02,1,39.009403105396935,-8.35827416417605,7.809999465942383
168.2,uav_02,1,39.009403105396935,-8.35827416417605,7.809999465942383
168.3,uav_02,1,39.009403105396935,-8.35827416417605,7.809999465942383
168.4,uav_02,1,39.009403105396935,-8.35827416417605,7.809999465942383
168.5,uav_02,1,39.01683998509376,-8.35827416417605,7.809999465942383
168.6,uav_02,1,39.0190517328492,-8.35827416417605,7.809999465942383
168.7,uav_02,1,39.0190517328492,-8.35827416417605,7.809999465942383
168.8,uav_02,1,39.0190517328492,-8.35827416417605,7.809999465942383
168.9,uav_02,1,39.0190517328492,-8.35827416417605,7.809999465942383
169.0,uav_02,1,39.0190517328492,-8.35827416417605,7.809999465942383
169.1,uav_02,1,39.0190517328492,-8.35827416417605,7.809999465942383
169.2,uav_02,1,39.0190517328492,-8.35827416417605,7.809999465942383
169.3,uav_02,1,39.0190517328492,-8.362783499808828,7.809999465942383
169.4,uav_02,1,39.0190517328492,-8.369359408555155,7.809999465942383
169.5,uav_02,1,39.0190517328492,-8.369359408555155,7.809999465942383
169.6,uav_02,1,39.0190517328492,-8.369359408555155,7.809999465942383
169.7,uav_02,1,39.0190517328492,-8.369359408555155,7.809999465942383
169.8,uav_02,1,39.0190517328492,-8.369359408555155,7.809999465942383
169.9,uav_02,1,39.0190517328492,-8.369359408555155,7.809999465942383
170.0,uav_02,1,39.0190517328492,-8.369359408555155,7.809999465942383
170.1,uav_02,1,39.0190517328492,-8.369359408555155,7.809999465942383
170.2,uav_02,1,39.0190517328492,-8.369359408555155,7.809999465942383
170.3,uav_02,1,39.0190517328492,-8.369359408555155,7.809999465942383
170.4,uav_02,1,39.0190517328492,-8.369359408555155,7.809999465942383
170.5,uav_02,1,39.0190517328492,-8.369359408555155,7.809999465942383
170.6,uav_02,1,39.0190517328492,-8.369359408555155,7.809999465942383
170.7,uav_02,1,39.0190517328492,-8.369359408555155,7.809999465942383
170.8,uav_02,1,39.0190517328492,-8.369359408555155,7.809999465942383
170.9,uav_02,1,39.0190517328492,-8.369359408555155,7.809999465942383
171.0,uav_02,1,39.0190517328492,-8.369359408555155,7.809999465942383
0.0,uav_03,1,39.308510574242234,0.4101540373009598,7.729999542236328
0.1,uav_03,1,39.308510574242234,0.4101540373009598,7.7351204595595435
0.2,uav_03,1,39.308510574242234,0.4101540373009598,7.739999771118164
0.3,uav_03,1,39.308510574242234,0.4101540373009598,7.739999771118164
0.4,uav_03,1,39.308510574242234,0.4101540373009598,7.739999771118164
0.5,uav_03,1,39.308510574242234,0.4101540373009598,7.739999771118164
0.6,uav_03,1,39.300404143619296,0.4054973253200605,7.739999771118164
0.7,uav_03,1,39.285337633790185,0.3990687929218549,7.744016687413151
0.8,uav_03,1,39.27216838333025,0.3990687929218549,7.75
0.9,uav_03,1,39.24970556629189,0.39502397299549347,7.75
1.0,uav_03,1,39.22150404409251,0.3879835485427499,7.75
1.1,uav_03,1,39.190790113741286,0.38465590782283515,7.75
1.2,uav_03,1,39.15116436453626,0.3739992354454966,7.75
1.3,uav_03,1,39.102636046651995,0.363342562792553,7.75
1.4,uav_03,1,39.04520516034107,0.3526858902121528,7.751842063490699
1.5,uav_03,1,38.98027597435436,0.3420292178804927,7.760000228881836
1.6,uav_03,1,38.91431555064843,0.3301877630623111,7.760000228881836
1.7,uav_03,1,38.83945255943487,0.308118207653855,7.760000228881836
1.8,uav_03,1,38.7556869995826,0.27647582881699323,7.760000228881836
1.9,uav_03,1,38.6629310199782,0.25516248351110493,7.760000228881836
2.0,uav_03,1,38.57017504037381,0.22329339889844327,7.760000228881836
2.1,uav_03,1,38.4567927792389,0.180048526702697,7.760000228881836
2.2,uav_03,1,38.34964890641661,0.1355300814696282,7.760000228881836
2.3,uav_03,1,38.22467958979778,0.09096700797263661,7.760000228881836
2.4,uav_03,1,38.09861915648941,0.04640393485114605,7.760000228881836
2.5,uav_03,1,37.97255872442461,0.0018408613724770345,7.760000228881836
2.6,uav_03,1,37.81860914059194,-0.03204165899852584,7.760000228881836
2.7,uav_03,1,37.654113127112964,-0.08693611808106716,7.7696854668271795
2.8,uav_03,1,37.489264869244884,-0.13184835872467393,7.770000457763672
2.9,uav_03,1,37.32441661137678,-0.16556430681339754,7.770000457763672
3.0,uav_03,1,37.14058895942986,-0.22079191045457958,7.770000457763672
3.1,uav_03,1,36.94768226483383,-0.26533686695246284,7.770000457763672
3.2,uav_03,1,36.75263475325132,-0.2991274329103812,7.770000457763672
3.3,uav_03,1,36.55744513824329,-0.34383158287577403,7.770000457763672
3.4,uav_03,1,36.343017413829436,-0.3776345497657749,7.770000457763672
3.5,uav_03,1,36.13738674918425,-0.42215463842745754,7.770000457763672
3.6,uav_03,1,35.903661768479736,-0.4557735440137478,7.770000457763672
3.7,uav_03,1,35.6788435247512,-0.48939244960003603,7.770000457763672
3.8,uav_03,1,35.44474759880854,-0.5230113551863239,7.770000457763672
3.9,uav_03,1,35.209964620974354,-0.5566302607726142,7.770000457763672
4.0,uav_03,1,34.96773014328685,-0.5900264495247797,7.770000457763672
4.1,uav_03,1,34.743807310912196,-0.620939524460266,7.770037861115476
4.2,uav_03,1,34.52989529059781,-0.6602614587872869,7.778906144413612
4.3,uav_03,1,34.32348369175825,-0.699583393420454,7.780000686645508
4.4,uav_03,1,34.09890332781311,-0.7389053280967248,7.780000686645508
4.5,uav_03,1,33.87319447285308,-0.7843349260247665,7.780000686645508
4.6,uav_03,1,33.65072597099655,-0.8334873441081687,7.780000686645508
4.7,uav_03,1,33.42512563616947,-0.8790416200960935,7.780000686645508
4.8,uav_03,1,33.19410065369689,-0.9230503178902799,7.780000686645508
4.9,uav_03,1,32.963075670432865,-0.9820332197300644,7.780000686645508
5.0,uav_03,1,32.73205068825014,-1.0410161215698446,7.780000686645508
5.1,uav_03,1,32.501025706067416,-1.0999990234096242,7.780000686645508
5.2,uav_03,1,32.26380234149371,-1.153559046172393,7.780000686645508
5.3,uav_03,1,31.9960355177902,-1.2164194449441086,7.780000686645508
5.4,uav_03,1,31.726723209872034,-1.2822203021987428,7.780000686645508
5.5,uav_03,1,31.458972701089422,-1.3396107473436867,7.780000686645508
5.6,uav_03,1,31.191222193349333,-1.4029708162460677,7.780000686645508
5.7,uav_03,1,30.923471684895336,-1.468888695415604,7.780000686645508
5.8,uav_03,1,30.655721176112728,-1.5265759336354245,7.780000686645508
5.9,uav_03,1,30.380892804483814,-1.5896392093755716,7.780000686645508
6.0,uav_03,1,30.11756328507125,-1.6555570885451072,7.780000686645508
6.1,uav_03,1,29.8386583639175,-1.7214749677146448,7.780000686645508
6.2,uav_03,1,29.552582285901632,-1.7726770019264837,7.780000686645508
6.3,uav_03,1,29.263088029524575,-1.8354667235644777,7.780000686645508
6.4,uav_03,1,28.972238183077383,-1.9046023328269608,7.780000686645508
6.5,uav_03,1,28.681388336630203,-1.983069723358688,7.788419080086035
6.6,uav_03,1,28.390538490183015,-2.0637279339543033,7.790000915527344
6.7,uav_03,1,28.099688643735828,-2.1341796493413945,7.790000915527344
6.8,uav_03,1,27.808838797288654,-2.2033152586350924,7.790000915527344
6.9,uav_03,1,27.50834383314104,-2.2724508678975766,7.790000915527344
7.0,uav_03,1,27.21749047557086,-2.3415864771600554,7.790000915527344
7.1,uav_03,1,26.926619775153224,-2.4113951986761544,7.790000915527344
7.2,uav_03,1,26.63670889524204,-2.4884312034161087,7.790000915527344
7.3,uav_03,1,26.360041066848787,-2.554042733021331,7.790000915527344
7.4,uav_03,1,26.077475855726224,-2.619173943010124,7.790000915527344
7.5,uav_03,1,25.809864986326154,-2.6848224439133257,7.790000915527344
7.6,uav_03,1,25.51502432564975,-2.7506926733345423,7.790000915527344
7.7,uav_03,1,25.238776754047088,-2.8272046900988372,7.790071178308728
7.8,uav_03,1,24.95307354676545,-2.892853191002043,7.799939774879218
7.9,uav_03,1,24.667370340829034,-2.9585016919052447,7.799999237060547
8.0,uav_03,1,24.391008004286068,-3.0241501928084458,7.799999237060547
8.1,uav_03,1,24.10561255511514,-3.089798693711651,7.799999237060547
8.2,uav_03,1,23.831591031448507,-3.162759634664926,7.799999237060547
8.3,uav_03,1,23.5801914712249,-3.225274109392806,7.799999237060547
8.4,uav_03,1,23.30974603673434,-3.2865363463614985,7.799999237060547
8.5,uav_03,1,23.04068514626613,-3.3477985833301926,7.799999237060547
8.6,uav_03,1,22.77974990301887,-3.4090608202988855,7.799999237060547
8.7,uav_03,1,22.51710552696635,-3.470323057267577,7.799999237060547
8.8,uav_03,1,22.250491403227684,-3.5315852942362715,7.799999237060547
8.9,uav_03,1,21.983877279299044,-3.5928475312049657,7.799999237060547
9.0,uav_03,1,21.717263155776816,-3.657134710602905,7.799999237060547
9.1,uav_03,1,21.450649031631745,-3.7264572495214585,7.799999237060547
9.2,uav_03,1,21.18427422240652,-3.7882070835158688,7.801222932940998
9.3,uav_03,1,20.91543719450709,-3.8548124920186657,7.809999465942383
9.4,uav_03,1,20.613425456302217,-3.932410111643436,7.809999465942383
9.5,uav_03,1,20.326283004090183,-4.0000208181709285,7.809999465942383
9.6,uav_03,1,20.025480727264892,-4.0672328106221105,7.809999465942383
9.7,uav_03,1,19.730899499652303,-4.134921291217641,7.809999465942383
9.8,uav_03,1,19.436318272948647,-4.200545197564384,7.809999465942383
9.9,uav_03,1,19.14173704538457,-4.2592130080296045,7.809999465942383
10.0,uav_03,1,18.847155818632388,-4.3318153137837605,7.809999465942383
10.1,uav_03,1,18.552574591116837,-4.416760457585053,7.809999465942383
10.2,uav_03,1,18.260754322908543,-4.483814528807403,7.809999465942383
10.3,uav_03,1,17.978536530223018,-4.548662155875792,7.809999465942383
10.4,uav_03,1,17.701055718220044,-4.612421326103822,7.809999465942383
10.5,uav_03,1,17.423574905342527,-4.676180496583039,7.809999465942383
10.6,uav_03,1,17.14609409345301,-4.739939666739753,7.809999465942383
10.7,uav_03,1,16.869162805874776,-4.803698836896462,7.809999465942383
10.8,uav_03,1,16.600630838311695,-4.8674580070531785,7.809999465942383
10.9,uav_03,1,16.313900665376554,-4.931217177209889,7.809999465942383
11.0,uav_03,1,16.045171193933225,-5.005316789815627,7.809999465942383
11.1,uav_03,1,15.759737575781946,-5.0698207615085895,7.809999465942383
11.2,uav_03,1,15.481209217780778,-5.133579931665301,7.809999465942383
11.3,uav_03,1,15.198966704077414,-5.198433239285979,7.809999465942383
11.4,uav_03,1,14.91304658625038,-5.264131581659333,7.809999465942383
11.5,uav_03,1,14.626518021028575,-5.329969732459215,7.809999465942383
11.6,uav_03,1,14.332341493342598,-5.395807883259095,7.809999465942383
11.7,uav_03,1,14.045684233003987,-5.461215895187234,7.809999465942383
11.8,uav_03,1,13.759695852938444,-5.526929923040291,7.809999465942383
11.9,uav_03,1,13.473167286939432,-5.601125731788107,7.809999465942383
12.0,uav_03,1,13.179461867530458,-5.669691468625329,7.809999465942383
12.1,uav_03,1,12.890461527848137,-5.735529619425209,7.809999465942383
12.2,uav_03,1,12.603932961890768,-5.801367770225087,7.809999465942383
12.3,uav_03,1,12.323425737822102,-5.865822345272341,7.809999465942383
12.4,uav_03,1,12.048495069761026,-5.928995546616211,7.809999465942383
12.5,uav_03,1,11.775089531715329,-5.991818305712783,7.809999465942383
12.6,uav_03,1,11.496555371702181,-6.0546410648093545,7.809999465942383
12.7,uav_03,1,11.218629827128238,-6.117463823905925,7.809999465942383
12.8,uav_03,1,10.945224288854408,-6.180286583002498,7.809999465942383
12.9,uav_03,1,10.671818750798264,-6.2431093420990695,7.809999465942383
13.0,uav_03,1,10.395425030426019,-6.305932101317609,7.809999465942383
13.1,uav_03,1,10.115359045993475,-6.368754860686041,7.81254192872103
13.2,uav_03,1,9.84195350816547,-6.431577619782613,7.819999694824219
13.3,uav_03,1,9.567912143691611,-6.496548945318851,7.819999694824219
13.4,uav_03,1,9.28627424390776,-6.572237391204539,7.819999694824219
13.5,uav_03,1,8.980561765028774,-6.640217589313248,7.819999694824219
13.6,uav_03,1,8.67853696854356,-6.708197787421958,7.819999694824219
13.7,uav_03,1,8.386921132797095,-6.776060803766734,7.819999694824219
13.8,uav_03,1,8.077755084946888,-6.843603921426989,7.819999694824219
13.9,uav_03,1,7.784306929007118,-6.9115841195356955,7.819999694824219
14.0,uav_03,1,7.4930864454255675,-6.979564317644403,7.819999694824219
14.1,uav_03,1,7.18737396654657,-7.047544515753114,7.819999694824219
14.2,uav_03,1,6.887745137699263,-7.11552471398598,7.819999694824219
14.3,uav_03,1,6.596208388604842,-7.183290968369883,7.819999694824219
14.4,uav_03,1,6.293997894851504,-7.250492442484437,7.819999694824219
14.5,uav_03,1,5.9996907668361175,-7.317443077169653,7.819999694824219
14.6,uav_03,1,5.711130254243304,-7.384393711854866,7.819999694824219
14.7,uav_03,1,5.410047805801359,-7.45134434654008,7.819999694824219
14.8,uav_03,1,5.116122931905823,-7.522406625857903,7.819999694824219
14.9,uav_03,1,4.827180165193146,-7.59633085989579,7.819999694824219
15.0,uav_03,1,4.526097716751213,-7.663281494581001,7.819999694824219
15.1,uav_03,1,4.228785182374529,-7.730232129266218,7.819999694824219
15.2,uav_03,1,3.9374150709450957,-7.797182763951432,7.819999694824219
15.3,uav_03,1,3.652196336563071,-7.861898902937676,7.816296305903878
15.4,uav_03,1,3.3829047956966685,-7.922380344937833,7.809999465942383
15.5,uav_03,1,3.1281067937886164,-7.980927489192664,7.809999465942383
15.6,uav_03,1,2.8729210932767284,-8.039474633715354,7.809999465942383
15.7,uav_03,1,2.609629824934871,-8.098021777907192,7.809999465942383
15.8,uav_03,1,2.3540641611062574,-8.156568922099037,7.809999465942383
15.9,uav_03,1,2.100895145941301,-8.214741760057855,7.809999465942383
16.0,uav_03,1,1.841545838425286,-8.273108948270336,7.809999465942383
16.1,uav_03,1,1.5782545700834063,-8.331656092462179,7.809999465942383
16.2,uav_03,1,1.3179870560751876,-8.386729265263073,7.809999465942383
16.3,uav_03,1,1.063189054213374,-8.437665136466764,7.809999465942383
16.4,uav_03,1,0.8064574718475911,-8.49821255482332,7.809999465942383
16.5,uav_03,1,0.5286262084482177,-8.580449712210408,7.809999465942383
16.6,uav_03,1,0.2506007001044513,-8.644334041718924,7.809999465942383
16.7,uav_03,1,-0.02742480696676819,-8.708218371227435,7.809999465942383
16.8,uav_03,1,-0.3140238871908616,-8.772102700735942,7.809999465942383
16.9,uav_03,1,-0.593124451007896,-8.835987030578844,7.809999465942383
17.0,uav_03,1,-0.8711499582416014,-8.899871360146795,7.809999465942383
17.1,uav_03,1,-1.156605705068701,-8.963755689655304,7.809999465942383
17.2,uav_03,1,-1.4368496021202604,-9.027640019163815,7.809999465942383
17.3,uav_03,1,-1.7148751095164443,-9.09152434867233,7.809999465942383
17.4,uav_03,1,-1.9991875229465665,-9.155408678180843,7.809999465942383
17.5,uav_03,1,-2.291572616998176,-9.221820082118144,7.809999465942383
17.6,uav_03,1,-2.5941192731625757,-9.283631324286414,7.809999465942383
17.7,uav_03,1,-2.907729331964045,-9.350643711282448,7.809999465942383
17.8,uav_03,1,-3.2164453910389934,-9.421033818543757,7.809999465942383
17.9,uav_03,1,-3.522784135266736,-9.491423925805071,7.809999465942383
18.0,uav_03,1,-3.838082184606942,-9.572107318393726,7.809999465942383
18.1,uav_03,1,-4.142749434841807,-9.64274691897948,7.809999465942383
18.2,uav_03,1,-4.458685469194142,-9.72421047413483,7.809999465942383
18.3,uav_03,1,-4.7659424750094574,-9.794600581396148,7.809999465942383
18.4,uav_03,1,-5.080154897382658,-9.864793839854054,7.81150475993998
18.5,uav_03,1,-5.381764677997867,-9.933684308434342,7.819999694824219
18.6,uav_03,1,-5.686635823535704,-10.001933167382907,7.819999694824219
18.7,uav_03,1,-5.983655824841929,-10.067537777659535,7.819999694824219
18.8,uav_03,1,-6.283229427290106,-10.127345640900916,7.819999694824219
18.9,uav_03,1,-6.587344456667734,-10.195594499849477,7.819999694824219
19.0,uav_03,1,-6.8874221355119944,-10.263843358798042,7.819999694824219
19.1,uav_03,1,-7.191033087919822,-10.3320922177466,7.819999694824219
19.2,uav_03,1,-7.488053089799762,-10.404433153268883,7.819999694824219
19.3,uav_03,1,-7.788886884804222,-10.479675180022822,7.819999694824219
19.4,uav_03,1,-8.087060206403258,-10.546848326771247,7.819999694824219
19.5,uav_03,1,-8.370207416776756,-10.611909514243788,7.819999694824219
19.6,uav_03,1,-8.649602073498095,-10.676108445029827,7.819999694824219
19.7,uav_03,1,-8.925968282166464,-10.740307375815863,7.819999694824219
19.8,uav_03,1,-9.196049783731038,-10.801412364605694,7.819999694824219
19.9,uav_03,1,-9.46613128529558,-10.857619993008827,7.819999694824219
20.0,uav_03,1,-9.734190756712778,-10.921818923794866,7.819999694824219
20.1,uav_03,1,-9.994568825597767,-10.982078450026487,7.819999694824219
20.2,uav_03,1,-10.253476102570653,-11.027492034790157,7.819999694824219
20.3,uav_03,1,-10.51237403612769,-11.091690965576195,7.819999694824219
20.4,uav_03,1,-10.753656568784022,-11.155010966538711,7.819999694824219
20.5,uav_03,1,-10.982451534723316,-11.205561160059942,7.819999694824219
20.6,uav_03,1,-11.195968516000397,-11.245082767870567,7.819999694824219
20.7,uav_03,1,-11.401860361973611,-11.292418091759192,7.819999694824219
20.8,uav_03,1,-11.60035996425312,-11.334480588579442,7.819999694824219
20.9,uav_03,1,-11.79146732214786,-11.379223568355217,7.819999694824219
21.0,uav_03,1,-11.975182435829092,-11.423878409529706,7.819999694824219
21.1,uav_03,1,-12.151505305446246,-11.460040350639549,7.819999694824219
21.2,uav_03,1,-12.318957834465747,-11.491105741632799,7.819999694824219
21.3,uav_03,1,-12.471975780232286,-11.529860027387457,7.819999694824219
21.4,uav_03,1,-12.616823193448935,-11.559227243571861,7.819999694824219
21.5,uav_03,1,-12.75392845878768,-11.588594459756266,7.819999694824219
21.6,uav_03,1,-12.89329392780611,-11.611841563334728,7.819999694824219
21.7,uav_03,1,-13.017651631988127,-11.63428025018109,7.819999694824219
21.8,uav_03,1,-13.136550992326377,-11.657047363540093,7.819999694824219
21.9,uav_03,1,-13.231769921391594,-11.679814476806259,7.819999694824219
22.0,uav_03,1,-13.320944440838657,-11.693214514661937,7.819999694824219
22.1,uav_03,1,-13.38488061794962,-11.714263459353308,7.819999694824219
22.2,uav_03,1,-13.435657864905549,-11.717103171662155,7.811011233798099
22.3,uav_03,1,-13.458403009637744,-11.717103171662155,7.809999465942383
22.4,uav_03,1,-13.459836095296057,-11.717103171662155,7.809999465942383
22.5,uav_03,1,-13.441094127116921,-11.717103171662155,7.809999465942383
22.6,uav_03,1,-13.410590267661041,-11.705729932397372,7.809999465942383
22.7,uav_03,1,-13.368241387720579,-11.693839613538577,7.809999465942383
22.8,uav_03,1,-13.316494552217867,-11.681949294747218,7.809999465942383
22.9,uav_03,1,-13.262394827310823,-11.667355757496237,7.8124380956179165
23.0,uav_03,1,-13.200298624259084,-11.643575119903286,7.819999694824219
23.1,uav_03,1,-13.141956789434053,-11.615481114930164,7.819999694824219
23.2,uav_03,1,-13.085754847048324,-11.579810158776207,7.819999694824219
23.3,uav_03,1,-13.028814489605216,-11.532292169558016,7.819999694824219
23.4,uav_03,1,-12.977067654102509,-11.472840575869853,7.819999694824219
23.5,uav_03,1,-12.93362626826662,-11.41589949541742,7.819999694824219
23.6,uav_03,1,-12.895898934064533,-11.348153663653239,7.819999694824219
23.7,uav_03,1,-12.858695895895261,-11.273354600019184,7.819999694824219
23.8,uav_03,1,-12.826700618597805,-11.192572374752794,7.819999694824219
23.9,uav_03,1,-12.798798340232548,-11.10150423277735,7.819999694824219
24.0,uav_03,1,-12.770896061226091,-11.005334008267688,7.819999694824219
24.1,uav_03,1,-12.742993782130876,-10.909163783758018,7.815683795302493
24.2,uav_03,1,-12.715091503765619,-10.80422454572625,7.809999465942383
24.3,uav_03,1,-12.690657643875555,-10.68668316019941,7.809999465942383
24.4,uav_03,1,-12.669012943500233,-10.56591215019719,7.813207001124419
24.5,uav_03,1,-12.644344032244085,-10.43816220067365,7.819999694824219
24.6,uav_03,1,-12.627165773974054,-10.308219111766114,7.819999694824219
24.7,uav_03,1,-12.610657251893286,-10.174652576175049,7.819999694824219
24.8,uav_03,1,-12.6023532030006,-10.041086040583961,7.819999694824219
24.9,uav_03,1,-12.601108201311543,-9.899409412264879,7.819999694824219
25.0,uav_03,1,-12.595393731855424,-9.756302409724803,7.819999694824219
25.1,uav_03,1,-12.595829463193581,-9.60315433144921,7.819999694824219
25.2,uav_03,1,-12.601108201311543,-9.444442155448828,7.819999694824219
25.3,uav_03,1,-12.602788934276838,-9.287932720013313,7.819999694824219
25.4,uav_03,1,-12.611429137623002,-9.116204316965236,7.819999694824219
25.5,uav_03,1,-12.628037236588446,-8.94447591391717,7.819999694824219
25.6,uav_03,1,-12.644645335553893,-8.772747510869083,7.819999694824219
25.7,uav_03,1,-12.668651749438666,-8.583651193268368,7.819999694824219
25.8,uav_03,1,-12.702478651576259,-8.381503658458971,7.819999694824219
25.9,uav_03,1,-12.734337695630328,-8.175905492454303,7.819999694824219
26.0,uav_03,1,-12.76817875065339,-7.9638904327607865,7.819999694824219
26.1,uav_03,1,-12.805853113842645,-7.741318705195644,7.819999694824219
26.2,uav_03,1,-12.833277061118439,-7.519966944211892,7.819999694824219
26.3,uav_03,1,-12.861904584857381,-7.292299763993129,7.819999694824219
26.4,uav_03,1,-12.894913814744555,-7.059598470485797,7.819999694824219
26.5,uav_03,1,-12.923169587038032,-6.827262939429684,7.819999694824219
26.6,uav_03,1,-12.947150795084656,-6.585289061001731,7.819999694824219
26.7,uav_03,1,-12.970366964054865,-6.337237729163731,7.819999694824219
26.8,uav_03,1,-12.991503741137738,-6.073938164198478,7.819999694824219
26.9,uav_03,1,-13.006665026935323,-5.804694039495854,7.819999694824219
27.0,uav_03,1,-13.02151186333851,-5.5347273789397065,7.819999694824219
27.1,uav_03,1,-13.037735386282447,-5.254036742128111,7.819999694824219
27.2,uav_03,1,-13.051519984800574,-4.980899958352327,7.819999694824219
27.3,uav_03,1,-13.06880574562957,-4.703740712884065,7.819999694824219
27.4,uav_03,1,-13.089165239714843,-4.4055015741613985,7.819999694824219
27.5,uav_03,1,-13.10135648140538,-4.129573400418087,7.819999694824219
27.6,uav_03,1,-13.120235599061965,-3.8405889091949144,7.819999694824219
27.7,uav_03,1,-13.131277939732556,-3.550692033926263,7.819999694824219
27.8,uav_03,1,-13.15083819903411,-3.2734806632839675,7.819999694824219
27.9,uav_03,1,-13.170637537087055,-2.974155726087485,7.819999694824219
28.0,uav_03,1,-13.180667348317142,-2.676026938854054,7.819999694824219
28.1,uav_03,1,-13.191719806392747,-2.397120738091942,7.819999694824219
28.2,uav_03,1,-13.21037559693241,-2.097518000046324,7.819999694824219
28.3,uav_03,1,-13.220405407082,-1.7999660512095144,7.819999694824219
28.4,uav_03,1,-13.23043521809541,-1.5118864952722195,7.819999694824219
28.5,uav_03,1,-13.240465028353338,-1.220880274005131,7.819999694824219
28.6,uav_03,1,-13.247566279005783,-0.9286984684026502,7.819999694824219
28.7,uav_03,1,-13.249699712904265,-0.6568125859244204,7.819999694824219
28.8,uav_03,1,-13.257214906458051,-0.39063804268417346,7.819999694824219
28.9,uav_03,1,-13.257214906458051,-0.11646614303641446,7.819999694824219
29.0,uav_03,1,-13.257214906458051,0.1481644560646908,7.819999694824219
29.1,uav_03,1,-13.274462383147743,0.40288730017181296,7.819999694824219
29.2,uav_03,1,-13.284346319561168,0.6663404106013799,7.819999694824219
29.3,uav_03,1,-13.286160790186008,0.9309710097765187,7.819999694824219
29.4,uav_03,1,-13.292415786092995,1.2027879313580525,7.819999694824219
29.5,uav_03,1,-13.29580941900943,1.4713174525808959,7.819999694824219
29.6,uav_03,1,-13.300485252218198,1.7359480518527288,7.819999694824219
29.7,uav_03,1,-13.305458046461696,2.0098771539904097,7.819999694824219
29.8,uav_03,1,-13.305458046461696,2.2941093014596037,7.819999694824219
29.9,uav_03,1,-13.305458046461696,2.5798567885471435,7.819999694824219
30.0,uav_03,1,-13.311978687243878,2.872446589556055,7.819999694824219
30.1,uav_03,1,-13.324755302737387,3.161539215212797,7.819999694824219
30.2,uav_03,1,-13.324755302737387,3.4465409471948254,7.819999694824219
30.3,uav_03,1,-13.327366515796216,3.736130742866429,7.819999694824219
30.4,uav_03,1,-13.334403930189653,4.020635305227381,7.819999694824219
30.5,uav_03,1,-13.334403930189653,4.313225106236321,7.819999694824219
30.6,uav_03,1,-13.334403930189653,4.603560656743877,7.819999694824219
30.7,uav_03,1,-13.336177981594684,4.888197775065271,7.819999694824219
30.8,uav_03,1,-13.344052559013077,5.185599920479782,7.819999694824219
30.9,uav_03,1,-13.344052559013077,5.483739107451412,7.819999694824219
31.0,uav_03,1,-13.344052559013077,5.7839297091053385,7.819999694824219
31.1,uav_03,1,-13.344052559013077,6.082129664916721,7.819999694824219
31.2,uav_03,1,-13.344052559013077,6.3732256684279,7.819999694824219
31.3,uav_03,1,-13.344052559013077,6.673416270081832,7.819999694824219
31.4,uav_03,1,-13.345871199863092,6.973606871735719,7.819999694824219
31.5,uav_03,1,-13.353701186465345,7.27379747338966,7.819999694824219
31.6,uav_03,1,-13.353701186465345,7.573988075043594,7.819999694824219
31.7,uav_03,1,-13.353701186465345,7.8719504815884855,7.819999694824219
31.8,uav_03,1,-13.353701186465345,8.156988585670515,7.819999694824219
31.9,uav_03,1,-13.353701186465345,8.41457056355279,7.819999694824219
32.0,uav_03,1,-13.353701186465345,8.682026072310858,7.819999694824219
32.1,uav_03,1,-13.353701186465345,8.949481581380054,7.819999694824219
32.2,uav_03,1,-13.353701186465345,9.21693709022078,7.819999694824219
32.3,uav_03,1,-13.353701186465345,9.484392598978827,7.819999694824219
32.4,uav_03,1,-13.358244732946332,9.751848107736869,7.819999694824219
32.5,uav_03,1,-13.363349815288764,10.015263051359652,7.819999694824219
32.6,uav_03,1,-13.363349815288764,10.275673880873883,7.819999694824219
32.7,uav_03,1,-13.363349815288764,10.543129389691686,7.819999694824219
32.8,uav_03,1,-13.363349815288764,10.811753964519323,7.819999694824219
32.9,uav_03,1,-13.363349815288764,11.102589170619085,7.819999694824219
33.0,uav_03,1,-13.363349815288764,11.40892751694719,7.819999694824219
33.1,uav_03,1,-13.363349815288764,11.723120875404543,7.819999694824219
33.2,uav_03,1,-13.363349815288764,12.029091195585567,7.819999694824219
33.3,uav_03,1,-13.363349815288764,12.335061515766627,7.819999694824219
33.4,uav_03,1,-13.363349815288764,12.64103183594769,7.819999694824219
33.5,uav_03,1,-13.363349815288764,12.948623557988178,7.819999694824219
33.6,uav_03,1,-13.363349815288764,13.262189328993566,7.819999694824219
33.7,uav_03,1,-13.363349815288764,13.55894279649083,7.819999694824219
33.8,uav_03,1,-13.363349815288764,13.865506270786005,7.819999694824219
33.9,uav_03,1,-13.363349815288764,14.174736536276153,7.819999694824219
34.0,uav_03,1,-13.363349815288764,14.485284951825493,7.819999694824219
34.1,uav_03,1,-13.363349815288764,14.795833367374808,7.819999694824219
34.2,uav_03,1,-13.363349815288764,15.106381782924123,7.819999694824219
34.3,uav_03,1,-13.363349815288764,15.416930198473437,7.819999694824219
34.4,uav_03,1,-13.363349815288764,15.732313427226838,7.819999694824219
34.5,uav_03,1,-13.363349815288764,16.043860911821533,7.819999694824219
34.6,uav_03,1,-13.363349815288764,16.34857544532277,7.819999694824219
34.7,uav_03,1,-13.363349815288764,16.659123861064568,7.819999694824219
34.8,uav_03,1,-13.363349815288764,16.959782514169525,7.819999694824219
34.9,uav_03,1,-13.363349815288764,17.247749614106137,7.819999694824219
35.0,uav_03,1,-13.35887836377869,17.521178735868304,7.819999694824219
35.1,uav_03,1,-13.349765370015366,17.782925170854377,7.819999694824219
35.2,uav_03,1,-13.340667184794608,18.040356843768368,7.819999694824219
35.3,uav_03,1,-13.325756316430638,18.28922605971371,7.819999694824219
35.4,uav_03,1,-13.303078344632818,18.52816544093765,7.819999694824219
35.5,uav_03,1,-13.288301954977472,18.75933130668699,7.819999694824219
35.6,uav_03,1,-13.251718786386007,18.98733994462811,7.819999694824219
35.7,uav_03,1,-13.214264423828405,19.19648982247497,7.819999694824219
35.8,uav_03,1,-13.168212637964185,19.39555293104594,7.819999694824219
35.9,uav_03,1,-13.114468385331365,19.580792171158965,7.819999694824219
36.0,uav_03,1,-13.061355255570373,19.754065598438718,7.819999694824219
36.1,uav_03,1,-12.992823832781909,19.918009757771515,7.819999694824219
36.2,uav_03,1,-12.922038564170148,20.0568055365722,7.819999694824219
36.3,uav_03,1,-12.83901270082161,20.188958210476994,7.819999694824219
36.4,uav_03,1,-12.750531114241163,20.308887056120042,7.819999694824219
36.5,uav_03,1,-12.65753017035811,20.415516289245986,7.819999694824219
36.6,uav_03,1,-12.560200425645638,20.512899585864712,7.819999694824219
36.7,uav_03,1,-12.457033841985544,20.601036946329597,7.819999694824219
36.8,uav_03,1,-12.342007780033288,20.6799283705542,7.8178045657775925
36.9,uav_03,1,-12.222954254630316,20.750213792640302,7.809999465942383
37.0,uav_03,1,-12.080086008188417,20.81439219456035,7.809999465942383
37.1,uav_03,1,-11.930399164497544,20.869395118908322,7.809999465942383
37.2,uav_03,1,-11.77060479371027,20.91679551978406,7.809999465942383
37.3,uav_03,1,-11.599038371982154,20.968946387093705,7.809999465942383
37.4,uav_03,1,-11.412572544713067,21.005211894148335,7.809999465942383
37.5,uav_03,1,-11.222536000026725,21.045200453885496,7.809999465942383
37.6,uav_03,1,-11.024974454826735,21.070865214443902,7.809999465942383
37.7,uav_03,1,-10.821788958611492,21.101681125786918,7.809999465942383
37.8,uav_03,1,-10.607512683231604,21.124378839672215,7.809999465942383
37.9,uav_03,1,-10.397636847599742,21.143275080791486,7.809999465942383
38.0,uav_03,1,-10.176697975694184,21.15064602800892,7.809999465942383
38.1,uav_03,1,-9.943988928749922,21.154520459618375,7.809999465942383
38.2,uav_03,1,-9.718119678854586,21.157802173830817,7.809999465942383
38.3,uav_03,1,-9.497868091137097,21.15064602800892,7.809999465942383
38.4,uav_03,1,-9.26164398088596,21.146607595699674,7.809999465942383
38.5,uav_03,1,-9.019238723354832,21.135467684623162,7.809999465942383
38.6,uav_03,1,-8.773223238849052,21.1243277732963,7.809999465942383
38.7,uav_03,1,-8.524779581212453,21.11318786211874,7.809999465942383
38.8,uav_03,1,-8.274963539781584,21.097790850792656,7.809999465942383
38.9,uav_03,1,-8.018869123915186,21.080065478445064,7.809999465942383
39.0,uav_03,1,-7.777364673577109,21.06966368284244,7.809999465942383
39.1,uav_03,1,-7.5448547790496,21.059484843007176,7.809999465942383
39.2,uav_03,1,-7.304274130932965,21.04773317662125,7.809999465942383
39.3,uav_03,1,-7.056912273567409,21.028047426971728,7.809999465942383
39.4,uav_03,1,-6.819677574114619,21.01795270977973,7.809999465942383
39.5,uav_03,1,-6.571960065407064,21.00777661706716,7.809999465942383
39.6,uav_03,1,-6.316107251694454,20.997597777275914,7.809999465942383
39.7,uav_03,1,-6.059176214307029,20.99545260867059,7.809999465942383
39.8,uav_03,1,-5.814652363183039,20.981198075551614,7.809999465942383
39.9,uav_03,1,-5.564611395807943,20.96706125816396,7.809999465942383
40.0,uav_03,1,-5.296796125676585,20.962196875927102,7.809999465942383
40.1,uav_03,1,-5.024461853169492,20.951700462579826,7.809999465942383
40.2,uav_03,1,-4.753588240149657,20.934930945014816,7.809999465942383
40.3,uav_03,1,-4.473331932477296,20.92894114318361,7.809999465942383
40.4,uav_03,1,-4.192031239204494,20.919361315133848,7.809999465942383
40.5,uav_03,1,-3.912040863758316,20.90213350492823,7.809999465942383
40.6,uav_03,1,-3.6304742368881993,20.895685410440127,7.809999465942383
40.7,uav_03,1,-3.3469795389531325,20.887022167687878,7.809999465942383
40.8,uav_03,1,-3.05926860711964,20.86933606484164,7.809999465942383
40.9,uav_03,1,-2.779810097348549,20.86242967769664,7.809999465942383
41.0,uav_03,1,-2.4891931950169064,20.86242967769664,7.809999465942383
41.1,uav_03,1,-2.1856281292968314,20.86242967769664,7.809999465942383
41.2,uav_03,1,-1.8717995828155873,20.851699483086772,7.809999465942383
41.3,uav_03,1,-1.557662000953337,20.840259189332254,7.809999465942383
41.4,uav_03,1,-1.2485032507434406,20.833385218965912,7.809999465942383
41.5,uav_03,1,-0.9344058158628292,20.82917394495315,7.809999465942383
41.6,uav_03,1,-0.6157332337971418,20.82917394495315,7.809999465942383
41.7,uav_03,1,-0.30414190149698056,20.82917394495315,7.809999465942383
41.8,uav_03,1,0.013546221146668702,20.82917394495315,7.809999465942383
41.9,uav_03,1,0.3330102630303321,20.82917394495315,7.800478685938852
42.0,uav_03,1,0.6355569116870626,20.82917394495315,7.799999237060547
42.1,uav_03,1,0.9279953322069647,20.82917394495315,7.799999237060547
42.2,uav_03,1,1.2200846933781282,20.82917394495315,7.799999237060547
42.3,uav_03,1,1.5035449880577654,20.82917394495315,7.799999237060547
42.4,uav_03,1,1.7946147868970501,20.809866390300567,7.799999237060547
42.5,uav_03,1,2.0867041480682147,20.807003456588767,7.799999237060547
42.6,uav_03,1,2.378793509239394,20.807003456588767,7.799999237060547
42.7,uav_03,1,2.6708828704105936,20.807003456588767,7.799999237060547
42.8,uav_03,1,2.9629722315817597,20.807003456588767,7.799999237060547
42.9,uav_03,1,3.247790870827516,20.807003456588767,7.799999237060547
43.0,uav_03,1,3.5267862781643253,20.807003456588767,7.799999237060547
43.1,uav_03,1,3.7993736756544556,20.807003456588767,7.799999237060547
43.2,uav_03,1,4.074329903899264,20.818276033356817,7.799999237060547
43.3,uav_03,1,4.349123077338864,20.82917394495315,7.799999237060547
43.4,uav_03,1,4.619173464454972,20.82917394495315,7.799999237060547
43.5,uav_03,1,4.8892238515710815,20.82917394495315,7.799999237060547
43.6,uav_03,1,5.158977934909194,20.82917394495315,7.799999237060547
43.7,uav_03,1,5.426832063562879,20.82917394495315,7.799999237060547
43.8,uav_03,1,5.696882450678951,20.82917394495315,7.799999237060547
43.9,uav_03,1,5.966932837795058,20.82917394495315,7.799999237060547
44.0,uav_03,1,6.243958686973668,20.82917394495315,7.799999237060547
44.1,uav_03,1,6.530715518377223,20.82917394495315,7.799999237060547
44.2,uav_03,1,6.830007807515391,20.82917394495315,7.799999237060547
44.3,uav_03,1,7.133877048960529,20.82917394495315,7.799999237060547
44.4,uav_03,1,7.437746290405704,20.82917394495315,7.799999237060547
44.5,uav_03,1,7.748573133761616,20.82917394495315,7.799999237060547
44.6,uav_03,1,8.055133400748351,20.82917394495315,7.799999237060547
44.7,uav_03,1,8.35900264219351,20.82917394495315,7.799999237060547
44.8,uav_03,1,8.662871883638665,20.82917394495315,7.807687987006901
44.9,uav_03,1,8.966741125083871,20.82917394495315,7.809999465942383
45.0,uav_03,1,9.278335996232675,20.82917394495315,7.809999465942383
45.1,uav_03,1,9.585244380460304,20.82917394495315,7.809999465942383
45.2,uav_03,1,9.891171311831718,20.82917394495315,7.809999465942383
45.3,uav_03,1,10.19724119739056,20.82917394495315,7.809999465942383
45.4,uav_03,1,10.511895494905236,20.82917394495315,7.809999465942383
45.5,uav_03,1,10.827838602141751,20.839294552421865,7.809999465942383
45.6,uav_03,1,11.134748110342837,20.840259189332254,7.809999465942383
45.7,uav_03,1,11.44081799590166,20.840259189332254,7.809999465942383
45.8,uav_03,1,11.744458406952031,20.840259189332254,7.809999465942383
45.9,uav_03,1,12.050465204779021,20.840259189332254,7.809999465942383
46.0,uav_03,1,12.356235457346344,20.840259189332254,7.809999465942383
46.1,uav_03,1,12.647728096123593,20.840259189332254,7.809999465942383
46.2,uav_03,1,12.918515206312135,20.840259189332254,7.809999465942383
46.3,uav_03,1,13.18846943718021,20.840259189332254,7.809999465942383
46.4,uav_03,1,13.45842366804828,20.840259189332254,7.809999465942383
46.5,uav_03,1,13.733928076766674,20.840259189332254,7.809999465942383
46.6,uav_03,1,14.00798075723673,20.840259189332254,7.809999465942383
46.7,uav_03,1,14.277934988104814,20.840259189332254,7.806196429809356
46.8,uav_03,1,14.54788921897286,20.840259189332254,7.799999237060547
46.9,uav_03,1,14.82142038999188,20.840259189332254,7.799999237060547
47.0,uav_03,1,15.107094936984732,20.840259189332254,7.799999237060547
47.1,uav_03,1,15.377049167852826,20.840259189332254,7.799999237060547
47.2,uav_03,1,15.65369979501554,20.840259189332254,7.799999237060547
47.3,uav_03,1,15.948719201696337,20.840259189332254,7.799999237060547
47.4,uav_03,1,16.253751829406525,20.840259189332254,7.799999237060547
47.5,uav_03,1,16.550603556487626,20.840259189332254,7.799999237060547
47.6,uav_03,1,16.846721419471564,20.840259189332254,7.799999237060547
47.7,uav_03,1,17.151464729235887,20.840259189332254,7.799999237060547
47.8,uav_03,1,17.448605772891682,20.840259189332254,7.799999237060547
47.9,uav_03,1,17.744723635875637,20.840259189332254,7.799999237060547
48.0,uav_03,1,18.046973032443216,20.840259189332254,7.799999237060547
48.1,uav_03,1,18.34411542705544,20.859007488586897,7.808455852025906
48.2,uav_03,1,18.64778862043012,20.86242967769664,7.809999465942383
48.3,uav_03,1,18.95767533358363,20.842543976375847,7.809999465942383
48.4,uav_03,1,19.26832284743406,20.840259189332254,7.809999465942383
48.5,uav_03,1,19.56957155735139,20.840259189332254,7.809999465942383
48.6,uav_03,1,19.869953310917108,20.840118523449032,7.809999465942383
48.7,uav_03,1,20.151032857973345,20.82917394495315,7.809999465942383
48.8,uav_03,1,20.438170776408093,20.82618582848825,7.809999465942383
48.9,uav_03,1,20.68869296448416,20.79307076164318,7.809999465942383
49.0,uav_03,1,20.939215153579205,20.768193488560147,7.809999465942383
49.1,uav_03,1,21.183197608870927,20.73188955621591,7.809999465942383
49.2,uav_03,1,21.39621104941421,20.686809799649968,7.809999465942383
49.3,uav_03,1,21.589643198465758,20.63420754875432,7.811175334170147
49.4,uav_03,1,21.787883215176763,20.58086664278452,7.819999694824219
49.5,uav_03,1,21.94385537731718,20.517570080902622,7.819999694824219
49.6,uav_03,1,22.11783894131595,20.443926929414534,7.819999694824219
49.7,uav_03,1,22.24773870447302,20.360154261313475,7.819999694824219
49.8,uav_03,1,22.375937120188027,20.27599065987978,7.819999694824219
49.9,uav_03,1,22.49630197175472,20.182827129592713,7.819999694824219
50.0,uav_03,1,22.599991976212888,20.080405061616556,7.819999694824219
50.1,uav_03,1,22.69373233488921,19.96764924790754,7.819999694824219
50.2,uav_03,1,22.773868508948166,19.850150886141122,7.819999694824219
50.3,uav_03,1,22.855635419476954,19.723658658271155,7.819999694824219
50.4,uav_03,1,22.91681080439635,19.58590289169951,7.819999694824219
50.5,uav_03,1,22.976032090569717,19.444201282375396,7.819999694824219
50.6,uav_03,1,23.02525228036502,19.2893315931095,7.819999694824219
50.7,uav_03,1,23.068771912832094,19.12582973606852,7.819999694824219
50.8,uav_03,1,23.110800897253867,18.95611407987785,7.819999694824219
50.9,uav_03,1,23.1487508917539,18.775683420202654,7.819999694824219
51.0,uav_03,1,23.181614636821443,18.58453775725054,7.819999694824219
51.1,uav_03,1,23.21500225313565,18.393993966609184,7.819999694824219
51.2,uav_03,1,23.238731481117004,18.196190872006603,7.819999694824219
51.3,uav_03,1,23.253260622706602,17.98507662184884,7.819999694824219
51.4,uav_03,1,23.267764641711086,17.76739104477826,7.819999694824219
51.5,uav_03,1,23.277477887615962,17.54420138113226,7.819999694824219
51.6,uav_03,1,23.282139424444903,17.32101171728009,7.819999694824219
51.7,uav_03,1,23.27702309825962,17.09194394007049,7.819999694824219
51.8,uav_03,1,23.272490796992635,16.85759479310344,7.819999694824219
51.9,uav_03,1,23.267245234499953,16.623245646136404,7.819999694824219
52.0,uav_03,1,23.25753198864099,16.376694838765648,7.819999694824219
52.1,uav_03,1,23.24786316246272,16.12732453434949,7.819999694824219
52.2,uav_03,1,23.238428159576852,15.888848677179208,7.819999694824219
52.3,uav_03,1,23.22465911306936,15.652258537291209,7.819999694824219
52.4,uav_03,1,23.2105968130798,15.413585225248386,7.819999694824219
52.5,uav_03,1,23.198178710604616,15.17102193865786,7.819999694824219
52.6,uav_03,1,23.18565314443761,14.92515335719421,7.819999694824219
52.7,uav_03,1,23.181346935592142,14.684006357988226,7.819999694824219
52.8,uav_03,1,23.163282419948064,14.436721488746258,7.819999694824219
52.9,uav_03,1,23.146138268160502,14.194875977521699,7.819999694824219
53.0,uav_03,1,23.137106010937043,13.925769876243285,7.819999694824219
53.1,uav_03,1,23.128073752473224,13.676719463394218,7.819999694824219
53.2,uav_03,1,23.11904149524857,13.417650838278233,7.819999694824219
53.3,uav_03,1,23.101336967644837,13.15005528000175,7.819999694824219
53.4,uav_03,1,23.090559727856352,12.886204123145419,7.819999694824219
53.5,uav_03,1,23.08101715248316,12.613719364979904,7.819999694824219
53.6,uav_03,1,23.0714745780551,12.330393050491748,7.819999694824219
53.7,uav_03,1,23.053994398397464,12.054464101474842,7.8282265499196155
53.8,uav_03,1,23.042740800801578,11.780379091714963,7.829999923706055
53.9,uav_03,1,23.03319822548867,11.497418308806019,7.829999923706055
54.0,uav_03,1,23.023655651000325,11.212369898609568,7.829999923706055
54.1,uav_03,1,23.014113075717557,10.927321488641331,7.829999923706055
54.2,uav_03,1,23.00457050119907,10.642273078453536,7.829999923706055
54.3,uav_03,1,23.002329211875296,10.360662898952343,7.829999923706055
54.4,uav_03,1,22.988415325271273,10.087287024423587,7.822789465976298
54.5,uav_03,1,22.97629457076901,9.800981062156001,7.819999694824219
54.6,uav_03,1,22.973383328147342,9.515978470538153,7.819999694824219
54.7,uav_03,1,22.967085058375886,9.2343205864864,7.819999694824219
54.8,uav_03,1,22.957655988424595,8.945678911742245,7.819999694824219
54.9,uav_03,1,22.95408607187165,8.659919574020268,7.819999694824219
55.0,uav_03,1,22.94844647612507,8.378261689941635,7.819999694824219
55.1,uav_03,1,22.944437443048226,8.090376761328498,7.819999694824219
55.2,uav_03,1,22.939236964057265,7.803860677502368,7.819999694824219
55.3,uav_03,1,22.934788815595958,7.52022060137201,7.819999694824219
55.4,uav_03,1,22.934788815595958,7.222195274805978,7.819999694824219
55.5,uav_03,1,22.929817120937543,6.923875206581165,7.819999694824219
55.6,uav_03,1,22.92514018814369,6.630566825730136,7.819999694824219
55.7,uav_03,1,22.92514018814369,6.331885147468338,7.819999694824219
55.8,uav_03,1,22.92514018814369,6.038846536758524,7.819999694824219
55.9,uav_03,1,22.92514018814369,5.745607035533999,7.819999694824219
56.0,uav_03,1,22.920268414489485,5.4469253574735115,7.819999694824219
56.1,uav_03,1,22.915491559320273,5.148243679413032,7.819999694824219
56.2,uav_03,1,22.915491559320273,4.849562001352554,7.819999694824219
56.3,uav_03,1,22.915491559320273,4.559531424629652,7.819999694824219
56.4,uav_03,1,22.915491559320273,4.2758975908301595,7.819999694824219
56.5,uav_03,1,22.915491559320273,3.988742434445575,7.819999694824219
56.6,uav_03,1,22.915491559320273,3.700226678275757,7.819999694824219
56.7,uav_03,1,22.915491559320273,3.4117109221059154,7.816581275121432
56.8,uav_03,1,22.915491559320273,3.123195165815676,7.809999465942383
56.9,uav_03,1,22.915491559320273,2.834679409372462,7.809999465942383
57.0,uav_03,1,22.915491559320273,2.5487545417350526,7.809999465942383
57.1,uav_03,1,22.915491559320273,2.2665417283849503,7.809999465942383
57.2,uav_03,1,22.915491559320273,1.9691321408629292,7.809999465942383
57.3,uav_03,1,22.915491559320273,1.6799831441046933,7.809999465942383
57.4,uav_03,1,22.915491559320273,1.3862915874608828,7.809999465942383
57.5,uav_03,1,22.915491559320273,1.09004369094153,7.809999465942383
57.6,uav_03,1,22.915491559320273,0.7937957944222129,7.809999465942383
57.7,uav_03,1,22.915491559320273,0.49841673425295097,7.809999465942383
57.8,uav_03,1,22.916149354513504,0.21238524536882036,7.809999465942383
57.9,uav_03,1,22.92514018814369,-0.08386265115049726,7.809999465942383
58.0,uav_03,1,22.92514018814369,-0.38011054766985414,7.809999465942383
58.1,uav_03,1,22.92514018814369,-0.676358444189211,7.809999465942383
58.2,uav_03,1,22.92514018814369,-0.9729096774213225,7.809999465942383
58.3,uav_03,1,22.92514018814369,-1.2798382032396598,7.809999465942383
58.4,uav_03,1,22.92514018814369,-1.570244743106267,7.809999465942383
58.5,uav_03,1,22.92514018814369,-1.8573797627424073,7.809999465942383
58.6,uav_03,1,22.92514018814369,-2.1422305116125937,7.809999465942383
58.7,uav_03,1,22.92514018814369,-2.429067484100858,7.809999465942383
58.8,uav_03,1,22.92514018814369,-2.707115880129147,7.809999465942383
58.9,uav_03,1,22.93261721635127,-3.0007544489860742,7.809999465942383
59.0,uav_03,1,22.934788815595958,-3.290340335481451,7.809999465942383
59.1,uav_03,1,22.934788815595958,-3.577431285941661,7.809999465942383
59.2,uav_03,1,22.934788815595958,-3.864522236401874,7.809999465942383
59.3,uav_03,1,22.934788815595958,-4.158394510853974,7.809999465942383
59.4,uav_03,1,22.934788815595958,-4.452199706010202,7.809999465942383
59.5,uav_03,1,22.934788815595958,-4.744690048392926,7.809999465942383
59.6,uav_03,1,22.934788815595958,-5.0382105057071795,7.809999465942383
59.7,uav_03,1,22.939783054552848,-5.331730963225285,7.809999465942383
59.8,uav_03,1,22.944437443048226,-5.6252514207295174,7.809999465942383
59.9,uav_03,1,22.944437443048226,-5.913462262281849,7.809999465942383
60.0,uav_03,1,22.944437443048226,-6.206302590539169,7.809999465942383
60.1,uav_03,1,22.944437443048226,-6.510694176030837,7.809999465942383
60.2,uav_03,1,22.944437443048226,-6.805751227208793,7.809999465942383
60.3,uav_03,1,22.944437443048226,-7.0973068582559735,7.805982186099541
60.4,uav_03,1,22.944437443048226,-7.4006403253216675,7.799999237060547
60.5,uav_03,1,22.944437443048226,-7.704301360278369,7.799999237060547
60.6,uav_03,1,22.944437443048226,-8.01096419411335,7.799999237060547
60.7,uav_03,1,22.944437443048226,-8.321518873671634,7.799999237060547
60.8,uav_03,1,22.944437443048226,-8.632880926206596,7.799999237060547
60.9,uav_03,1,22.944437443048226,-8.939543760041579,7.799999237060547
61.0,uav_03,1,22.944437443048226,-9.24620659387654,7.799999237060547
61.1,uav_03,1,22.944437443048226,-9.552869427926856,7.799999237060547
61.2,uav_03,1,22.944437443048226,-9.859532261940307,7.799999237060547
61.3,uav_03,1,22.944437443048226,-10.159588057668314,7.799999237060547
61.4,uav_03,1,22.944437443048226,-10.47472273168457,7.799999237060547
61.5,uav_03,1,22.944437443048226,-10.788145101808526,7.799999237060547
61.6,uav_03,1,22.944437443048226,-11.085563033497582,7.799999237060547
61.7,uav_03,1,22.944437443048226,-11.393875771675773,7.799999237060547
61.8,uav_03,1,22.951103489027737,-11.702179812840821,7.799999237060547
61.9,uav_03,1,22.95408607187165,-12.006858049851598,7.799999237060547
62.0,uav_03,1,22.95408607187165,-12.31153628686236,7.799999237060547
62.1,uav_03,1,22.95408607187165,-12.616214523873133,7.799999237060547
62.2,uav_03,1,22.95408607187165,-12.920892760883909,7.799999237060547
62.3,uav_03,1,22.95408607187165,-13.234225247537939,7.799999237060547
62.4,uav_03,1,22.95408607187165,-13.518108922130262,7.799999237060547
62.5,uav_03,1,22.95408607187165,-13.782895909166331,7.799999237060547
62.6,uav_03,1,22.95408607187165,-14.043199720731245,7.799999237060547
62.7,uav_03,1,22.95408607187165,-14.29885525223632,7.799999237060547
62.8,uav_03,1,22.95408607187165,-14.552517314986078,7.799999237060547
62.9,uav_03,1,22.95408607187165,-14.821616975004343,7.799999237060547
63.0,uav_03,1,22.95408607187165,-15.081920786413988,7.799999237060547
63.1,uav_03,1,22.95408607187165,-15.342224597823632,7.799999237060547
63.2,uav_03,1,22.95408607187165,-15.602528409233253,7.799999237060547
63.3,uav_03,1,22.95408607187165,-15.862832220642867,7.799999237060547
63.4,uav_03,1,22.95408607187165,-16.12313603205251,7.799999237060547
63.5,uav_03,1,22.95408607187165,-16.394576954585432,7.796801574220786
63.6,uav_03,1,22.95408607187165,-16.689145770712766,7.790000915527344
63.7,uav_03,1,22.95408607187165,-16.987239289944835,7.790000915527344
63.8,uav_03,1,22.95408607187165,-17.285332809283485,7.790000915527344
63.9,uav_03,1,22.95408607187165,-17.58046982289393,7.790000915527344
64.0,uav_03,1,22.95408607187165,-17.873346366028432,7.790000915527344
64.1,uav_03,1,22.95408607187165,-18.179613367266853,7.790000915527344
64.2,uav_03,1,22.95408607187165,-18.47770688649893,7.790000915527344
64.3,uav_03,1,22.95408607187165,-18.775800405730916,7.790000915527344
64.4,uav_03,1,22.95408607187165,-19.073893924963013,7.790000915527344
64.5,uav_03,1,22.95408607187165,-19.37343012108037,7.790000915527344
64.6,uav_03,1,22.95408607187165,-19.678372615698994,7.790000915527344
64.7,uav_03,1,22.95408607187165,-19.982700297128215,7.790000915527344
64.8,uav_03,1,22.95408607187165,-20.28602108373689,7.790000915527344
64.9,uav_03,1,22.95408607187165,-20.60026349733712,7.790000915527344
65.0,uav_03,1,22.95408607187165,-20.906217909829007,7.790000915527344
65.1,uav_03,1,22.95408607187165,-21.213802778278186,7.790000915527344
65.2,uav_03,1,22.95408607187165,-21.52138764672739,7.790000915527344
65.3,uav_03,1,22.95408607187165,-21.82897251517654,7.790000915527344
65.4,uav_03,1,22.95408607187165,-22.136557383814495,7.790000915527344
65.5,uav_03,1,22.94943138941344,-22.436814980366794,7.790000915527344
65.6,uav_03,1,22.944437443048226,-22.72071773033321,7.790000915527344
65.7,uav_03,1,22.944437443048226,-22.999112127721425,7.793981782880476
65.8,uav_03,1,22.944437443048226,-23.27589840336166,7.799999237060547
65.9,uav_03,1,22.94154893768798,-23.536022864858605,7.799999237060547
66.0,uav_03,1,22.932376875259827,-23.79169925145303,7.799999237060547
66.1,uav_03,1,22.92126943724463,-24.050695217851253,7.799999237060547
66.2,uav_03,1,22.902925311084893,-24.291386802699034,7.799999237060547
66.3,uav_03,1,22.882616694258004,-24.523216683400967,7.799999237060547
66.4,uav_03,1,22.84592844201039,-24.753884618725337,7.799999237060547
66.5,uav_03,1,22.80917721284107,-24.964622878164022,7.799999237060547
66.6,uav_03,1,22.752649179003466,-25.17028103001349,7.799999237060547
66.7,uav_03,1,22.70460336761883,-25.368409665885295,7.799999237060547
66.8,uav_03,1,22.63814599575774,-25.555696450873278,7.799999237060547
66.9,uav_03,1,22.561915207086614,-25.72147841217455,7.799999237060547
67.0,uav_03,1,22.48533232442209,-25.87594471001223,7.799999237060547
67.1,uav_03,1,22.39136050222807,-26.00804693522412,7.799999237060547
67.2,uav_03,1,22.29568642921775,-26.139950099167084,7.799999237060547
67.3,uav_03,1,22.191120535344936,-26.241469126747845,7.809158563486954
67.4,uav_03,1,22.077057549498875,-26.340452882945694,7.809999465942383
67.5,uav_03,1,21.953497471784154,-26.42945763258271,7.809999465942383
67.6,uav_03,1,21.839623165199125,-26.506235732486797,7.809999465942383
67.7,uav_03,1,21.69564482511163,-26.571719679703843,7.809999465942383
67.8,uav_03,1,21.55480733183176,-26.626843879414103,7.809999465942383
67.9,uav_03,1,21.408150304442568,-26.680185407089,7.809999465942383
68.0,uav_03,1,21.245562187393574,-26.725475178514976,7.809999465942383
68.1,uav_03,1,21.078419166014342,-26.768148400548533,7.809999465942383
68.2,uav_03,1,20.904993682324367,-26.803603743690246,7.809999465942383
68.3,uav_03,1,20.722645380398035,-26.835608660324095,7.809999465942383
68.4,uav_03,1,20.531374259445663,-26.867613576957947,7.809999465942383
68.5,uav_03,1,20.341567816688407,-26.887684367971666,7.809999465942383
68.6,uav_03,1,20.137537731290692,-26.910025832907696,7.809999465942383
68.7,uav_03,1,19.91934579522301,-26.926058282178197,7.815238483515467
68.8,uav_03,1,19.703715809261375,-26.926058282178197,7.819999694824219
68.9,uav_03,1,19.472004960372292,-26.938375078959517,7.819999694824219
69.0,uav_03,1,19.232483907233846,-26.948228770542574,7.819999694824219
69.1,uav_03,1,18.997251195022457,-26.93521006895064,7.819999694824219
69.2,uav_03,1,18.75740215859782,-26.926058282178197,7.819999694824219
69.3,uav_03,1,18.519066868752056,-26.926058282178197,7.819999694824219
69.4,uav_03,1,18.27174704210822,-26.91911487968577,7.819999694824219
69.5,uav_03,1,18.016911603647067,-26.900735280655613,7.819999694824219
69.6,uav_03,1,17.77212543910983,-26.885952253906556,7.819999694824219
69.7,uav_03,1,17.53250102818314,-26.87559900092518,7.819999694824219
69.8,uav_03,1,17.292674481929023,-26.865393996668676,7.819999694824219
69.9,uav_03,1,17.056640998167264,-26.85518899223571,7.819999694824219
70.0,uav_03,1,16.81964311724087,-26.841506403416933,7.819999694824219
70.1,uav_03,1,16.57319484179541,-26.82369373938451,7.819999694824219
70.2,uav_03,1,16.330379150086753,-26.813488735012548,7.819999694824219
70.3,uav_03,1,16.07351608357732,-26.803283730912405,7.819999694824219
70.4,uav_03,1,15.82480707189906,-26.793078726479443,7.819999694824219
70.5,uav_03,1,15.567253350018882,-26.782873722046478,7.829166711257479
70.6,uav_03,1,15.31774042109037,-26.772668717943258,7.829999923706055
70.7,uav_03,1,15.04722877303671,-26.761889653065932,7.829999923706055
70.8,uav_03,1,14.762864902106996,-26.74146839456791,7.829999923706055
70.9,uav_03,1,14.47630014384209,-26.728185923073557,7.829999923706055
71.0,uav_03,1,14.18973538557719,-26.71683308378069,7.829999923706055
71.1,uav_03,1,13.903170627312283,-26.705480244841613,7.829999923706055
71.2,uav_03,1,13.607705136189491,-26.69412740558878,7.829999923706055
71.3,uav_03,1,13.32039248195909,-26.68277456629591,7.829999923706055
71.4,uav_03,1,13.036072602394723,-26.671510662767258,7.829999923706055
71.5,uav_03,1,12.730556570988764,-26.660161265140506,7.829999923706055
71.6,uav_03,1,12.443588415901965,-26.659895984094998,7.829999923706055
71.7,uav_03,1,12.143279785932169,-26.648766223398912,7.829999923706055
71.8,uav_03,1,11.846502256687472,-26.637841931865907,7.829999923706055
71.9,uav_03,1,11.56874179676692,-26.637841931865907,7.829999923706055
72.0,uav_03,1,11.27182798037923,-26.626839350250957,7.829999923706055
72.1,uav_03,1,10.974911626436382,-26.615835310945897,7.829999923706055
72.2,uav_03,1,10.696865904453814,-26.615671443107697,7.829999923706055
72.3,uav_03,1,10.400376174826334,-26.60491247709713,7.829999923706055
72.4,uav_03,1,10.103459820883401,-26.604586199122423,7.829999923706055
72.5,uav_03,1,9.80654346694051,-26.604586199122423,7.829999923706055
72.6,uav_03,1,9.527932295944465,-26.59407084795176,7.829999923706055
72.7,uav_03,1,9.243877338798024,-26.593500954743316,7.829999923706055
72.8,uav_03,1,8.957535019802956,-26.593500954743316,7.829999923706055
72.9,uav_03,1,8.678303153123275,-26.58507398840592,7.829999923706055
73.0,uav_03,1,8.400691641103,-26.582415710364213,7.829999923706055
73.1,uav_03,1,8.129028148113267,-26.582415710364213,7.829999923706055
73.2,uav_03,1,7.855117244514702,-26.582415710364213,7.829999923706055
73.3,uav_03,1,7.577505732494444,-26.582415710364213,7.829999923706055
73.4,uav_03,1,7.299894220474132,-26.57797206054064,7.829999923706055
73.5,uav_03,1,7.0199478579740235,-26.57133046637893,7.829999923706055
73.6,uav_03,1,6.737515131221687,-26.57133046637893,7.827511923051646
73.7,uav_03,1,6.456042382529194,-26.57133046637893,7.819999694824219
73.8,uav_03,1,6.155658304873327,-26.57133046637893,7.819999694824219
73.9,uav_03,1,5.844291972345291,-26.57133046637893,7.819999694824219
74.0,uav_03,1,5.53026190221498,-26.57133046637893,7.819999694824219
74.1,uav_03,1,5.211910679837037,-26.57133046637893,7.819999694824219
74.2,uav_03,1,4.900544347308984,-26.57133046637893,7.819999694824219
74.3,uav_03,1,4.58917801478098,-26.57133046637893,7.819999694824219
74.4,uav_03,1,4.27781168225297,-26.57133046637893,7.819999694824219
74.5,uav_03,1,3.961804376162613,-26.57133046637893,7.819999694824219
74.6,uav_03,1,3.645430389744696,-26.57133046637893,7.819999694824219
74.7,uav_03,1,3.3419784121241016,-26.57133046637893,7.819999694824219
74.8,uav_03,1,3.0494356138954193,-26.57133046637893,7.819999694824219
74.9,uav_03,1,2.7559316252214052,-26.57133046637893,7.819999694824219
75.0,uav_03,1,2.4620480966322495,-26.57133046637893,7.819999694824219
75.1,uav_03,1,2.1771526790942244,-26.57133046637893,7.819999694824219
75.2,uav_03,1,1.8866703019423074,-26.57133046637893,7.819999694824219
75.3,uav_03,1,1.5857911365203667,-26.57133046637893,7.819999694824219
75.4,uav_03,1,1.2969216923004814,-26.57133046637893,7.819999694824219
75.5,uav_03,1,1.006100874751996,-26.57133046637893,7.819999694824219
75.6,uav_03,1,0.7120267386488572,-26.57133046637893,7.819999694824219
75.7,uav_03,1,0.4247573647169849,-26.57133046637893,7.819999694824219
75.8,uav_03,1,0.14431068493744326,-26.57133046637893,7.819999694824219
75.9,uav_03,1,-0.13286351436887447,-26.57133046637893,7.819999694824219
76.0,uav_03,1,-0.41842784934351607,-26.57133046637893,7.819999694824219
76.1,uav_03,1,-0.7039921855591764,-26.57133046637893,7.819999694824219
76.2,uav_03,1,-0.9815483714258879,-26.57133046637893,7.819999694824219
76.3,uav_03,1,-1.2581888214477985,-26.57133046637893,7.819999694824219
76.4,uav_03,1,-1.541387935708861,-26.57886567215489,7.819999694824219
76.5,uav_03,1,-1.8211183489438878,-26.582415710364213,7.819999694824219
76.6,uav_03,1,-2.0977587989657773,-26.582415710364213,7.819999694824219
76.7,uav_03,1,-2.3787836857283486,-26.582415710364213,7.819999694824219
76.8,uav_03,1,-2.6696229848011117,-26.582415710364213,7.819999694824219
76.9,uav_03,1,-2.973856963512518,-26.582415710364213,7.819999694824219
77.0,uav_03,1,-3.291073771828331,-26.582415710364213,7.819999694824219
77.1,uav_03,1,-3.6038498588932573,-26.582415710364213,7.819999694824219
77.2,uav_03,1,-3.9118554152518814,-26.582415710364213,7.814376579099081
77.3,uav_03,1,-4.236247141667947,-26.582415710364213,7.809999465942383
77.4,uav_03,1,-4.556484972687159,-26.582415710364213,7.809999465942383
77.5,uav_03,1,-4.869151123266908,-26.582415710364213,7.809999465942383
77.6,uav_03,1,-5.188992191760499,-26.582415710364213,7.809999465942383
77.7,uav_03,1,-5.502181794438164,-26.582415710364213,7.809999465942383
77.8,uav_03,1,-5.805777875502073,-26.582415710364213,7.809999465942383
77.9,uav_03,1,-6.110442371672685,-26.582415710364213,7.809999465942383
78.0,uav_03,1,-6.415807751407347,-26.5910570331025,7.809999465942383
78.1,uav_03,1,-6.713757659017349,-26.593500954743316,7.809999465942383
78.2,uav_03,1,-7.0095803701507595,-26.593500954743316,7.809999465942383
78.3,uav_03,1,-7.312606632802466,-26.593500954743316,7.809999465942383
78.4,uav_03,1,-7.610874419869877,-26.593500954743316,7.809999465942383
78.5,uav_03,1,-7.906697131003257,-26.593500954743316,7.809999465942383
78.6,uav_03,1,-8.209405513895307,-26.593500954743316,7.809999465942383
78.7,uav_03,1,-8.507991180722332,-26.593500954743316,7.809999465942383
78.8,uav_03,1,-8.798588166616664,-26.593500954743316,7.809999465942383
78.9,uav_03,1,-9.084194258213175,-26.593500954743316,7.809999465942383
79.0,uav_03,1,-9.368399440392778,-26.593500954743316,7.809999465942383
79.1,uav_03,1,-9.65260462257236,-26.593500954743316,7.809999465942383
79.2,uav_03,1,-9.936809804751986,-26.588184456074515,7.809999465942383
79.3,uav_03,1,-10.212721433761354,-26.582415710364213,7.809999465942383
79.4,uav_03,1,-10.478590797525724,-26.578203801376926,7.809999465942383
79.5,uav_03,1,-10.734904145342277,-26.567670852007947,7.809999465942383
79.6,uav_03,1,-10.975974401737416,-26.554030582900136,7.809999465942383
79.7,uav_03,1,-11.221284046380248,-26.532964683957236,7.809999465942383
79.8,uav_03,1,-11.456983974912708,-26.50773618377068,7.809999465942383
79.9,uav_03,1,-11.680703756437582,-26.464608021762952,7.809999465942383
80.0,uav_03,1,-11.899639067849382,-26.420574042939126,7.809999465942383
80.1,uav_03,1,-12.107679496180324,-26.373369439249462,7.809999465942383
80.2,uav_03,1,-12.298002937933923,-26.307318471209275,7.809999465942383
80.3,uav_03,1,-12.47631884959183,-26.239835689858758,7.809999465942383
80.4,uav_03,1,-12.630807500900607,-26.16142116332801,7.811221897044091
80.5,uav_03,1,-12.789247932467603,-26.07207489191186,7.819999694824219
80.6,uav_03,1,-12.913811657805926,-25.97299843985158,7.819999694824219
80.7,uav_03,1,-13.036417297724567,-25.872797172782423,7.819999694824219
80.8,uav_03,1,-13.140789761826944,-25.7628447760928,7.819999694824219
80.9,uav_03,1,-13.233929473236829,-25.6525855572073,7.819999694824219
81.0,uav_03,1,-13.308615580993052,-25.52309864316425,7.819999694824219
81.1,uav_03,1,-13.374360617572629,-25.393164588472544,7.819999694824219
81.2,uav_03,1,-13.440105654152212,-25.242096522642562,7.819999694824219
81.3,uav_03,1,-13.487190161481978,-25.101747935098675,7.819999694824219
81.4,uav_03,1,-13.543224687015229,-24.9406208244124,7.819999694824219
81.5,uav_03,1,-13.590760270752025,-24.778762182314814,7.819999694824219
81.6,uav_03,1,-13.629160185621283,-24.607068065884686,7.819999694824219
81.7,uav_03,1,-13.666728778179234,-24.424878041637374,7.819999694824219
81.8,uav_03,1,-13.696249505493569,-24.23219210927835,7.819999694824219
81.9,uav_03,1,-13.716596331486032,-24.038357075306433,7.819999694824219
82.0,uav_03,1,-13.742609470781872,-23.837579768429084,7.819999694824219
82.1,uav_03,1,-13.763512092505263,-23.63376119099885,7.819999694824219
82.2,uav_03,1,-13.775407780094117,-23.421706850253937,7.819999694824219
82.3,uav_03,1,-13.784763417392353,-23.206734263668338,7.819999694824219
82.4,uav_03,1,-13.78788944786931,-22.991761676828425,7.819999694824219
82.5,uav_03,1,-13.78788944786931,-22.769968551333264,7.819999694824219
82.6,uav_03,1,-13.782245822563889,-22.544247335284773,7.819999694824219
82.7,uav_03,1,-13.772890184907878,-22.31237881029851,7.819999694824219
82.8,uav_03,1,-13.763534547401457,-22.075908964787043,7.819999694824219
82.9,uav_03,1,-13.749493509283294,-21.84044070625783,7.819999694824219
83.0,uav_03,1,-13.730979356664124,-21.60148335973577,7.819999694824219
83.1,uav_03,1,-13.720349051589974,-21.361991294589576,7.819999694824219
83.2,uav_03,1,-13.713342172521571,-21.120555616281532,7.819999694824219
83.3,uav_03,1,-13.697963374032815,-20.869501495688567,7.819999694824219
83.4,uav_03,1,-13.686056360926749,-20.619364630458197,7.819999694824219
83.5,uav_03,1,-13.669847526312449,-20.35934309797273,7.819999694824219
83.6,uav_03,1,-13.658770549331933,-20.113231311007365,7.819999694824219
83.7,uav_03,1,-13.641731678389101,-19.858628923535683,7.819999694824219
83.8,uav_03,1,-13.632498067772456,-19.601698116633415,7.819999694824219
83.9,uav_03,1,-13.622611649586892,-19.32722105014897,7.819999694824219
84.0,uav_03,1,-13.603917169139763,-19.070168582346547,7.819999694824219
84.1,uav_03,1,-13.594006028511346,-18.785497488449405,7.819999694824219
84.2,uav_03,1,-13.583051962836272,-18.50269978705261,7.819999694824219
84.3,uav_03,1,-13.564592751196683,-18.21622721240213,7.819999694824219
84.4,uav_03,1,-13.554674020204255,-17.92183632188737,7.819999694824219
84.5,uav_03,1,-13.544755288939202,-17.63474310691081,7.819999694824219
84.6,uav_03,1,-13.532647994357836,-17.34097285672214,7.819999694824219
84.7,uav_03,1,-13.515269197032408,-17.053259001319155,7.819999694824219
84.8,uav_03,1,-13.502621696392477,-16.756974326287388,7.819999694824219
84.9,uav_03,1,-13.488781979024013,-16.465868309187886,7.819999694824219
85.0,uav_03,1,-13.486340916875303,-16.18913578997324,7.819999694824219
85.1,uav_03,1,-13.477296241207524,-15.918960228902233,7.819999694824219
85.2,uav_03,1,-13.46825156469073,-15.648784667780943,7.819999694824219
85.3,uav_03,1,-13.459206889194606,-15.378609106366524,7.819999694824219
85.4,uav_03,1,-13.450187466472636,-15.108404531180136,7.819999694824219
85.5,uav_03,1,-13.450187466472636,-14.827837602247929,7.819999694824219
85.6,uav_03,1,-13.441721489145007,-14.55699717842893,7.819999694824219
85.7,uav_03,1,-13.440538839020368,-14.277788988368673,7.819999694824219
85.8,uav_03,1,-13.426022691515907,-14.005560811859668,7.819999694824219
85.9,uav_03,1,-13.421241582744678,-13.727740374611667,7.819999694824219
86.0,uav_03,1,-13.421241582744678,-13.44703274558237,7.819999694824219
86.1,uav_03,1,-13.421241582744678,-13.154917033091152,7.819999694824219
86.2,uav_03,1,-13.421241582744678,-12.849422118641312,7.819999694824219
86.3,uav_03,1,-13.415168194157406,-12.562503743431975,7.819999694824219
86.4,uav_03,1,-13.41159295529241,-12.273216395691467,7.819999694824219
86.5,uav_03,1,-13.41159295529241,-11.974789708577894,7.819999694824219
86.6,uav_03,1,-13.41159295529241,-11.676363021464342,7.819999694824219
86.7,uav_03,1,-13.41159295529241,-11.377936334350778,7.819999694824219
86.8,uav_03,1,-13.405690382114521,-11.072728220845963,7.819999694824219
86.9,uav_03,1,-13.40194432646899,-10.776746738150974,7.819999694824219
87.0,uav_03,1,-13.40194432646899,-10.485603004040215,7.819999694824219
87.1,uav_03,1,-13.40194432646899,-10.193690934115162,7.819999694824219
87.2,uav_03,1,-13.40194432646899,-9.90294494798297,7.81457170674419
87.3,uav_03,1,-13.40194432646899,-9.612198961850792,7.809999465942383
87.4,uav_03,1,-13.40194432646899,-9.321452975718575,7.809999465942383
87.5,uav_03,1,-13.40194432646899,-9.030706989586461,7.809999465942383
87.6,uav_03,1,-13.406078237259267,-8.735211581314614,7.809999465942383
87.7,uav_03,1,-13.41159295529241,-8.44256232068786,7.809999465942383
87.8,uav_03,1,-13.41159295529241,-8.158469031043772,7.809999465942383
87.9,uav_03,1,-13.41159295529241,-7.860125446888544,7.809999465942383
88.0,uav_03,1,-13.41159295529241,-7.557682154274447,7.809999465942383
88.1,uav_03,1,-13.41159295529241,-7.272223066269143,7.809999465942383
88.2,uav_03,1,-13.41159295529241,-6.978380110189478,7.809999465942383
88.3,uav_03,1,-13.41159295529241,-6.68233208836758,7.809999465942383
88.4,uav_03,1,-13.41159295529241,-6.382103134464311,7.809999465942383
88.5,uav_03,1,-13.41159295529241,-6.088260178359864,7.809999465942383
88.6,uav_03,1,-13.41159295529241,-5.794417222557734,7.809999465942383
88.7,uav_03,1,-13.41330581455394,-5.500574266755636,7.809999465942383
88.8,uav_03,1,-13.421241582744678,-5.206731310953591,7.809999465942383
88.9,uav_03,1,-13.421241582744678,-4.911324806080457,7.809999465942383
89.0,uav_03,1,-13.421241582744678,-4.6079251784673145,7.809999465942383
89.1,uav_03,1,-13.421241582744678,-4.313784600169783,7.809999465942383
89.2,uav_03,1,-13.421241582744678,-4.019494431993125,7.809999465942383
89.3,uav_03,1,-13.421241582744678,-3.7244039566734637,7.809999465942383
89.4,uav_03,1,-13.421241582744678,-3.419828851260701,7.809999465942383
89.5,uav_03,1,-13.421241582744678,-3.1255386830840832,7.809999465942383
89.6,uav_03,1,-13.421241582744678,-2.8310050329393244,7.809999465942383
89.7,uav_03,1,-13.421241582744678,-2.525930975928169,7.809999465942383
89.8,uav_03,1,-13.421241582744678,-2.242540443739023,7.809999465942383
89.9,uav_03,1,-13.421241582744678,-1.926834208032793,7.809999465942383
90.0,uav_03,1,-13.421241582744678,-1.6425036462232971,7.809999465942383
90.1,uav_03,1,-13.421241582744678,-1.3475079434217285,7.809999465942383
90.2,uav_03,1,-13.421241582744678,-1.0512575204477814,7.809999465942383
90.3,uav_03,1,-13.421241582744678,-0.7549637583611044,7.809999465942383
90.4,uav_03,1,-13.421241582744678,-0.44856051046451667,7.809999465942383
90.5,uav_03,1,-13.421241582744678,-0.15352196751888192,7.809999465942383
90.6,uav_03,1,-13.421241582744678,0.14250859224195123,7.809999465942383
90.7,uav_03,1,-13.421241582744678,0.4291194487721769,7.809999465942383
90.8,uav_03,1,-13.421241582744678,0.733582376302462,7.809999465942383
90.9,uav_03,1,-13.437709783883319,1.0219297753117866,7.809999465942383
91.0,uav_03,1,-13.440538839020368,1.3352957999024264,7.809999465942383
91.1,uav_03,1,-13.440538839020368,1.625338762832766,7.809999465942383
91.2,uav_03,1,-13.440538839020368,1.9188689132070367,7.809999465942383
91.3,uav_03,1,-13.440538839020368,2.214204767878942,7.809999465942383
91.4,uav_03,1,-13.440538839020368,2.5095406223105083,7.809999465942383
91.5,uav_03,1,-13.440538839020368,2.8048764766652856,7.809999465942383
91.6,uav_03,1,-13.440538839020368,3.1002123310200376,7.809999465942383
91.7,uav_03,1,-13.440538839020368,3.3955481853749254,7.809999465942383
91.8,uav_03,1,-13.440538839020368,3.6908840397297076,7.809999465942383
91.9,uav_03,1,-13.440538839020368,3.9942657034130216,7.809999465942383
92.0,uav_03,1,-13.440538839020368,4.292640992818447,7.809999465942383
92.1,uav_03,1,-13.440538839020368,4.580616079581896,7.809999465942383
92.2,uav_03,1,-13.440538839020368,4.868608387043246,7.809999465942383
92.3,uav_03,1,-13.440538839020368,5.146049809050303,7.809999465942383
92.4,uav_03,1,-13.440538839020368,5.4202591388364345,7.809999465942383
92.5,uav_03,1,-13.440538839020368,5.699488716914306,7.809999465942383
92.6,uav_03,1,-13.440538839020368,5.977862601875139,7.809999465942383
92.7,uav_03,1,-13.440538839020368,6.255453692704801,7.809999465942383
92.8,uav_03,1,-13.440538839020368,6.53468327057789,7.807964661458199
92.9,uav_03,1,-13.440538839020368,6.815425019282942,7.799999237060547
93.0,uav_03,1,-13.440538839020368,7.104227670703243,7.799999237060547
93.1,uav_03,1,-13.440538839020368,7.383491384606552,7.799999237060547
93.2,uav_03,1,-13.440538839020368,7.676644554198809,7.799999237060547
93.3,uav_03,1,-13.440538839020368,7.9786231827605025,7.799999237060547
93.4,uav_03,1,-13.440538839020368,8.29185023659003,7.799999237060547
93.5,uav_03,1,-13.440538839020368,8.582913535350022,7.799999237060547
93.6,uav_03,1,-13.440538839020368,8.885058712032754,7.799999237060547
93.7,uav_03,1,-13.440538839020368,9.187203888325563,7.799999237060547
93.8,uav_03,1,-13.439799626441259,9.48934906461841,7.799999237060547
93.9,uav_03,1,-13.421241582744678,9.79149424091122,7.799999237060547
94.0,uav_03,1,-13.421241582744678,10.093639417204031,7.799999237060547
94.1,uav_03,1,-13.421241582744678,10.395858911390569,7.799999237060547
94.2,uav_03,1,-13.421241582744678,10.69798129636817,7.799999237060547
94.3,uav_03,1,-13.421241582744678,10.974422086043695,7.799999237060547
94.4,uav_03,1,-13.421241582744678,11.261494049332969,7.799999237060547
94.5,uav_03,1,-13.421241582744678,11.548566012983848,7.799999237060547
94.6,uav_03,1,-13.421241582744678,11.835637976305295,7.799999237060547
94.7,uav_03,1,-13.421241582744678,12.122709939594543,7.799999237060547
94.8,uav_03,1,-13.421241582744678,12.416562155715328,7.799999237060547
94.9,uav_03,1,-13.421241582744678,12.705444930596416,7.799999237060547
95.0,uav_03,1,-13.421241582744678,12.992516893885659,7.799999237060547
95.1,uav_03,1,-13.421241582744678,13.279588857174865,7.799999237060547
95.2,uav_03,1,-13.421241582744678,13.56961129743462,7.799999237060547
95.3,uav_03,1,-13.421241582744678,13.869754107069314,7.799999237060547
95.4,uav_03,1,-13.421241582744678,14.161788569659164,7.799999237060547
95.5,uav_03,1,-13.421241582744678,14.451705302763282,7.799999237060547
95.6,uav_03,1,-13.421241582744678,14.746083806284819,7.799999237060547
95.7,uav_03,1,-13.421241582744678,15.040462309755476,7.799999237060547
95.8,uav_03,1,-13.421241582744678,15.334840813054669,7.799999237060547
95.9,uav_03,1,-13.421241582744678,15.629219316353895,7.799999237060547
96.0,uav_03,1,-13.421241582744678,15.923597819653082,7.799999237060547
96.1,uav_03,1,-13.421241582744678,16.21797632295227,7.799999237060547
96.2,uav_03,1,-13.43047735502061,16.521458593384292,7.799999237060547
96.3,uav_03,1,-13.440538839020368,16.826480438940767,7.799999237060547
96.4,uav_03,1,-13.440538839020368,17.122358429685953,7.799999237060547
96.5,uav_03,1,-13.429925874922652,17.42433300217169,7.799999237060547
96.6,uav_03,1,-13.421241582744678,17.718808395324917,7.799999237060547
96.7,uav_03,1,-13.421241582744678,18.00330646341528,7.799999237060547
96.8,uav_03,1,-13.41516563419001,18.280823914324873,7.806296596609509
96.9,uav_03,1,-13.399032747757401,18.545283856486297,7.809999465942383
97.0,uav_03,1,-13.372770134348396,18.798802717652652,7.809999465942383
97.1,uav_03,1,-13.34305478273977,19.041388742022427,7.809999465942383
97.2,uav_03,1,-13.301551745240827,19.261935709400447,7.809999465942383
97.3,uav_03,1,-13.256347529104623,19.462824545787942,7.809999465942383
97.4,uav_03,1,-13.20646856449329,19.64565860541452,7.809999465942383
97.5,uav_03,1,-13.148383247475548,19.82002307921956,7.809999465942383
97.6,uav_03,1,-13.08209157752759,19.985657713500935,7.809999465942383
97.7,uav_03,1,-13.007593555524236,20.132435901182227,7.809999465942383
97.8,uav_03,1,-12.92253221926146,20.265773439951364,7.809999465942383
97.9,uav_03,1,-12.827601477086176,20.393472813603566,7.809999465942383
98.0,uav_03,1,-12.745424691601087,20.496040151220317,7.809999465942383
98.1,uav_03,1,-12.646835202532916,20.598385121525872,7.809999465942383
98.2,uav_03,1,-12.530777830014921,20.690695725271635,7.809999465942383
98.3,uav_03,1,-12.40804585691755,20.767834289388844,7.809999465942383
98.4,uav_03,1,-12.271660420637218,20.85701070854733,7.809999465942383
98.5,uav_03,1,-12.124929539409386,20.90485499330864,7.809999465942383
98.6,uav_03,1,-11.968204556486237,20.971599362659436,7.809999465942383
98.7,uav_03,1,-11.811062724227092,21.017295081679496,7.809999465942383
98.8,uav_03,1,-11.634319556799321,21.062429881875275,7.809999465942383
98.9,uav_03,1,-11.447213008791941,21.107554271891015,7.809999465942383
99.0,uav_03,1,-11.243338149218607,21.151908987300597,7.810379246537886
99.1,uav_03,1,-11.055653895341687,21.185140645165074,7.819999694824219
99.2,uav_03,1,-10.849643639030244,21.207608791609513,7.819999694824219
99.3,uav_03,1,-10.646871919067086,21.22878725276162,7.819999694824219
99.4,uav_03,1,-10.45097627739021,21.249247542973073,7.819999694824219
99.5,uav_03,1,-10.246683594671717,21.26006052988333,7.819999694824219
99.6,uav_03,1,-10.041883605985706,21.261498470618495,7.819999694824219
99.7,uav_03,1,-9.830175137889455,21.269435576079122,7.819999694824219
99.8,uav_03,1,-9.616470801284583,21.265501708628623,7.819999694824219
99.9,uav_03,1,-9.402766464679708,21.261498470618495,7.819999694824219
100.0,uav_03,1,-9.184386490667045,21.25612666243283,7.819999694824219
100.1,uav_03,1,-8.953915093720669,21.245896517305844,7.819999694824219
100.2,uav_03,1,-8.72305894231377,21.235666372251753,7.819999694824219
100.3,uav_03,1,-8.502270799710685,21.22533909175001,7.819999694824219
100.4,uav_03,1,-8.259498654479438,21.212253957017722,7.819999694824219
100.5,uav_03,1,-8.005671961941642,21.192819748102266,7.819999694824219
100.6,uav_03,1,-7.751845269171028,21.182019015043444,7.819999694824219
100.7,uav_03,1,-7.498018575495,21.17121828224467,7.819999694824219
100.8,uav_03,1,-7.243048414417716,21.159103825896555,7.819999694824219
100.9,uav_03,1,-6.979820732603051,21.138531572007963,7.819999694824219
101.0,uav_03,1,-6.716593051904935,21.12773083888225,7.819999694824219
101.1,uav_03,1,-6.453458059276887,21.116933908991832,7.819587979285924
101.2,uav_03,1,-6.192316528951627,21.106138448842135,7.809999465942383
101.3,uav_03,1,-5.919687858941394,21.08453698259071,7.809999465942383
101.4,uav_03,1,-5.638277539005862,21.07318713709441,7.809999465942383
101.5,uav_03,1,-5.360692926643229,21.061813023218036,7.809999465942383
101.6,uav_03,1,-5.064004899855126,21.050436171427403,7.809999465942383
101.7,uav_03,1,-4.776194918288203,21.039059319999144,7.809999465942383
101.8,uav_03,1,-4.480014522046746,21.026656595007935,7.809999465942383
101.9,uav_03,1,-4.192843647554175,21.00522037240114,7.809999465942383
102.0,uav_03,1,-3.9042722181387273,20.99545260867059,7.809999465942383
102.1,uav_03,1,-3.607198899108382,20.99165121773199,7.809999465942383
102.2,uav_03,1,-3.310125580978927,20.971089817375884,7.809999465942383
102.3,uav_03,1,-3.014038175458458,20.962196875927102,7.809999465942383
102.4,uav_03,1,-2.7220642268814,20.962196875927102,7.809999465942383
102.5,uav_03,1,-2.4298249729607044,20.957069870211825,7.809999465942383
102.6,uav_03,1,-2.1323996519809625,20.937441854837726,7.809999465942383
102.7,uav_03,1,-1.8401237902812195,20.92894114318361,7.809999465942383
102.8,uav_03,1,-1.5427350778122855,20.92894114318361,7.809999465942383
102.9,uav_03,1,-1.2504226062306372,20.923645898896776,7.809999465942383
103.0,uav_03,1,-0.9530705029221708,20.90677065481923,7.809999465942383
103.1,uav_03,1,-0.660721423551183,20.904080972985145,7.809999465942383
103.2,uav_03,1,-0.36165099501959985,20.895685410440127,7.809999465942383
103.3,uav_03,1,-0.0682906836210499,20.895685410440127,7.809999465942383
103.4,uav_03,1,0.21102649987675334,20.895685410440127,7.809999465942383
103.5,uav_03,1,0.4820901958424847,20.895685410440127,7.809999465942383
103.6,uav_03,1,0.753153891808281,20.895685410440127,7.809999465942383
103.7,uav_03,1,1.0242175877740145,20.895685410440127,7.809999465942383
103.8,uav_03,1,1.295281283739736,20.878345852994396,7.809999465942383
103.9,uav_03,1,1.566344979705554,20.873514922075742,7.809999465942383
104.0,uav_03,1,1.8374086756713046,20.873514922075742,7.809999465942383
104.1,uav_03,1,2.108472371637031,20.873514922075742,7.809999465942383
104.2,uav_03,1,2.379536067602827,20.873514922075742,7.809999465942383
104.3,uav_03,1,2.650599763568599,20.870041805068965,7.809999465942383
104.4,uav_03,1,2.9287356895325165,20.86242967769664,7.809999465942383
104.5,uav_03,1,3.236433705983378,20.86242967769664,7.809999465942383
104.6,uav_03,1,3.5637106205013414,20.86242967769664,7.809999465942383
104.7,uav_03,1,3.883880543084272,20.86242967769664,7.809999465942383
104.8,uav_03,1,4.208630403037455,20.86242967769664,7.809999465942383
104.9,uav_03,1,4.533869015702328,20.86242967769664,7.809999465942383
105.0,uav_03,1,4.854038938285243,20.86242967769664,7.809999465942383
105.1,uav_03,1,5.187445340255447,20.86242967769664,7.809999465942383
105.2,uav_03,1,5.5136760397266915,20.86242967769664,7.809999465942383
105.3,uav_03,1,5.825868854050485,20.86242967769664,7.809999465942383
105.4,uav_03,1,6.130908096771322,20.86242967769664,7.809999465942383
105.5,uav_03,1,6.419400404943418,20.871125311849127,7.809999465942383
105.6,uav_03,1,6.711648662212193,20.873514922075742,7.809999465942383
105.7,uav_03,1,6.9993098834429635,20.873514922075742,7.809999465942383
105.8,uav_03,1,7.290656396034995,20.873514922075742,7.809999465942383
105.9,uav_03,1,7.579219361942484,20.873514922075742,7.809999465942383
106.0,uav_03,1,7.869664130613048,20.873514922075742,7.809999465942383
106.1,uav_03,1,8.159128841813102,20.873514922075742,7.8150401635892415
106.2,uav_03,1,8.444259267336765,20.873514922075742,7.819999694824219
106.3,uav_03,1,8.733351418237065,20.873514922075742,7.819999694824219
106.4,uav_03,1,9.023787245710166,20.873514922075742,7.819999694824219
106.5,uav_03,1,9.310738970823323,20.873514922075742,7.819999694824219
106.6,uav_03,1,9.600935979367836,20.873514922075742,7.819999694824219
106.7,uav_03,1,9.884493710499465,20.873514922075742,7.819999694824219
106.8,uav_03,1,10.169555978646736,20.876972026811547,7.819999694824219
106.9,uav_03,1,10.462260733975485,20.895685410440127,7.819999694824219
107.0,uav_03,1,10.754464160169965,20.895685410440127,7.819999694824219
107.1,uav_03,1,11.038021891301586,20.895685410440127,7.819999694824219
107.2,uav_03,1,11.321579622433205,20.895685410440127,7.819999694824219
107.3,uav_03,1,11.613782495756444,20.895685410440127,7.819999694824219
107.4,uav_03,1,11.898343712148698,20.895685410440127,7.819999694824219
107.5,uav_03,1,12.19165477776985,20.895685410440127,7.819999694824219
107.6,uav_03,1,12.506758706441934,20.895685410440127,7.819999694824219
107.7,uav_03,1,12.812241670019743,20.895685410440127,7.819999694824219
107.8,uav_03,1,13.114782009493936,20.895685410440127,7.819999694824219
107.9,uav_03,1,13.417322348968261,20.895685410440127,7.819999694824219
108.0,uav_03,1,13.728250642560244,20.895685410440127,7.819999694824219
108.1,uav_03,1,14.032051655368972,20.895685410440127,7.819999694824219
108.2,uav_03,1,14.351810855324755,20.895685410440127,7.819999694824219
108.3,uav_03,1,14.647709421969338,20.895685410440127,7.819999694824219
108.4,uav_03,1,14.949321301244018,20.895685410440127,7.819999694824219
108.5,uav_03,1,15.243779260673954,20.895685410440127,7.819999694824219
108.6,uav_03,1,15.521404074740342,20.895685410440127,7.819999694824219
108.7,uav_03,1,15.803420120827996,20.895685410440127,7.819999694824219
108.8,uav_03,1,16.081279428922045,20.895685410440127,7.819999694824219
108.9,uav_03,1,16.35639279228681,20.895685410440127,7.819999694824219
109.0,uav_03,1,16.636086828305015,20.895685410440127,7.819999694824219
109.1,uav_03,1,16.916268146468443,20.895685410440127,7.819999694824219
109.2,uav_03,1,17.191381509833224,20.895685410440127,7.819999694824219
109.3,uav_03,1,17.468753536103005,20.895685410440127,7.819999694824219
109.4,uav_03,1,17.752741524613782,20.895685410440127,7.819999694824219
109.5,uav_03,1,18.03780245329989,20.895685410440127,7.819999694824219
109.6,uav_03,1,18.336289465372232,20.895685410440127,7.819999694824219
109.7,uav_03,1,18.64818574339621,20.895685410440127,7.819999694824219
109.8,uav_03,1,18.95818916389341,20.895685410440127,7.819999694824219
109.9,uav_03,1,19.270385294274174,20.895685410440127,7.819999694824219
110.0,uav_03,1,19.580224793571983,20.895685410440127,7.819999694824219
110.1,uav_03,1,19.879571234595005,20.88930021580039,7.819999694824219
110.2,uav_03,1,20.1748267398431,20.869837244830457,7.819999694824219
110.3,uav_03,1,20.462458925529383,20.854104163616544,7.819999694824219
110.4,uav_03,1,20.724300841471102,20.83561135234956,7.819999694824219
110.5,uav_03,1,20.97585598208825,20.81457745340728,7.819999694824219
110.6,uav_03,1,21.203480168937098,20.782089225642395,7.819999694824219
110.7,uav_03,1,21.416654843532864,20.737625112998206,7.819999694824219
110.8,uav_03,1,21.623325647282773,20.677470380855613,7.819999694824219
110.9,uav_03,1,21.81221985127862,20.620928639619265,7.819999694824219
111.0,uav_03,1,21.988320669505747,20.554175189511994,7.819999694824219
111.1,uav_03,1,22.158087157372186,20.479635854387535,7.819999694824219
111.2,uav_03,1,22.304651303884327,20.403107463495537,7.819999694824219
111.3,uav_03,1,22.440976033886077,20.316367364097943,7.819999694824219
111.4,uav_03,1,22.56049511510137,20.21941555588709,7.819999694824219
111.5,uav_03,1,22.67112167917669,20.113613507691767,7.819999694824219
111.6,uav_03,1,22.77259947133238,20.01713658343329,7.819999694824219
111.7,uav_03,1,22.855929872921322,19.88948626202952,7.819999694824219
111.8,uav_03,1,22.929586993486403,19.762869760816947,7.819999694824219
111.9,uav_03,1,22.99501182568525,19.625409884435122,7.819999694824219
112.0,uav_03,1,23.051610766836543,19.487122036121736,7.819999694824219
112.1,uav_03,1,23.107164368130483,19.339845363855005,7.819999694824219
112.2,uav_03,1,23.155283765521787,19.1823788822067,7.819999694824219
112.3,uav_03,1,23.201578432778803,19.006629202072034,7.819999694824219
112.4,uav_03,1,23.24121828604005,18.8257912466044,7.819999694824219
112.5,uav_03,1,23.271988900013042,18.64495329128622,7.819999694824219
112.6,uav_03,1,23.30052620370589,18.45212267407207,7.819999694824219
112.7,uav_03,1,23.3362921406107,18.241775151226346,7.819999694824219
112.8,uav_03,1,23.3562477620129,18.025343903381312,7.819999694824219
112.9,uav_03,1,23.366162624063325,17.80891265553627,7.819999694824219
113.0,uav_03,1,23.37607748554251,17.584323795483837,7.819999694824219
113.1,uav_03,1,23.3859923476686,17.348037943054475,7.819999694824219
113.2,uav_03,1,23.388274333275618,17.117593819041623,7.819999694824219
113.3,uav_03,1,23.380375222729622,16.871620984073573,7.82818665225294
113.4,uav_03,1,23.37046036140177,16.63039749012086,7.829999923706055
113.5,uav_03,1,23.360545499124342,16.38149702303077,7.829999923706055
113.6,uav_03,1,23.350949699001053,16.138956899132577,7.829999923706055
113.7,uav_03,1,23.34967982072424,15.892622459367514,7.829999923706055
113.8,uav_03,1,23.326250908470048,15.654505589464797,7.829999923706055
113.9,uav_03,1,23.313284258146375,15.402610650722957,7.829999923706055
114.0,uav_03,1,23.30395183357075,15.161674802283724,7.829999923706055
114.1,uav_03,1,23.287765487762222,14.909621763548662,7.829999923706055
114.2,uav_03,1,23.275601707060037,14.64427829956644,7.829999923706055
114.3,uav_03,1,23.260011118553415,14.382871871887264,7.829999923706055
114.4,uav_03,1,23.24725157970492,14.125039548246093,7.823841435156578
114.5,uav_03,1,23.237900830334524,13.86720722460495,7.819999694824219
114.6,uav_03,1,23.22328079067177,13.60433724250767,7.819999694824219
114.7,uav_03,1,23.209677613900308,13.34395668047846,7.819999694824219
114.8,uav_03,1,23.200433929722433,13.078698629871552,7.819999694824219
114.9,uav_03,1,23.19119024545706,12.807302156964116,7.819999694824219
115.0,uav_03,1,23.178239978877688,12.541801985528043,7.819999694824219
115.1,uav_03,1,23.163054249561554,12.276301813865938,7.819999694824219
115.2,uav_03,1,23.15381056561386,12.007473648923524,7.819999694824219
115.3,uav_03,1,23.142075129996282,11.734216226556375,7.819999694824219
115.4,uav_03,1,23.125674568758843,11.466318536279543,7.819999694824219
115.5,uav_03,1,23.118112748158275,11.190198357698831,7.819999694824219
115.6,uav_03,1,23.115493642090648,10.913103364117644,7.819999694824219
115.7,uav_03,1,23.097657376177473,10.629410629948666,7.819999694824219
115.8,uav_03,1,23.08803396450001,10.341947510256905,7.819999694824219
115.9,uav_03,1,23.07841055177339,10.055757001509841,7.819999694824219
116.0,uav_03,1,23.069869608154633,9.775907019620252,7.819999694824219
116.1,uav_03,1,23.068892761282683,9.470874710367692,7.819999694824219
116.2,uav_03,1,23.05926934853388,9.182318268682181,7.819999694824219
116.3,uav_03,1,23.05057235187894,8.884863227260382,7.819999694824219
116.4,uav_03,1,23.04967115295322,8.596364726063202,7.819999694824219
116.5,uav_03,1,23.040923724426676,8.298851743834948,7.819999694824219
116.6,uav_03,1,23.040108749534248,8.011521464597264,7.819999694824219
116.7,uav_03,1,23.031275095603256,7.72628521464239,7.819999694824219
116.8,uav_03,1,23.031275095603256,7.457671148524843,7.819999694824219
116.9,uav_03,1,23.022563466690727,7.179048349464234,7.819999694824219
117.0,uav_03,1,23.021626468150988,6.900102972984297,7.819999694824219
117.1,uav_03,1,23.01422729070539,6.621157596504399,7.819999694824219
117.2,uav_03,1,23.011977839327564,6.342212219749158,7.819999694824219
117.3,uav_03,1,23.011977839327564,6.063266843150605,7.819999694824219
117.4,uav_03,1,23.006547341711073,5.790560529529778,7.819999694824219
117.5,uav_03,1,23.002329211875296,5.510976205727452,7.819999694824219
117.6,uav_03,1,23.002329211875296,5.226430713710738,7.819999694824219
117.7,uav_03,1,23.002329211875296,4.942218698363338,7.819999694824219
117.8,uav_03,1,23.002329211875296,4.646475594914012,7.819999694824219
117.9,uav_03,1,23.002329211875296,4.345242529958286,7.819999694824219
118.0,uav_03,1,23.002329211875296,4.044009465002642,7.816225584825875
118.1,uav_03,1,23.002329211875296,3.742776399895814,7.809999465942383
118.2,uav_03,1,23.002329211875296,3.438217878282379,7.809999465942383
118.3,uav_03,1,23.002329211875296,3.131719205712328,7.809999465942383
118.4,uav_03,1,22.99470907159386,2.8304861406010895,7.809999465942383
118.5,uav_03,1,22.983031955599607,2.5337019754630425,7.809999465942383
118.6,uav_03,1,22.983031955599607,2.2345848188381368,7.809999465942383
118.7,uav_03,1,22.983031955599607,1.9253544920812193,7.809999465942383
118.8,uav_03,1,22.983031955599607,1.6308015300806575,7.809999465942383
118.9,uav_03,1,22.983031955599607,1.3442343608336107,7.809999465942383
119.0,uav_03,1,22.983031955599607,1.0474208622284076,7.809999465942383
119.1,uav_03,1,22.983031955599607,0.7578378709620938,7.809999465942383
119.2,uav_03,1,22.983031955599607,0.4682548796957363,7.809999465942383
119.3,uav_03,1,22.983031955599607,0.17867188842935827,7.809999465942383
119.4,uav_03,1,22.983031955599607,-0.11296609848090855,7.809999465942383
119.5,uav_03,1,22.983031955599607,-0.41157933848241257,7.809999465942383
119.6,uav_03,1,22.983031955599607,-0.701829879362618,7.809999465942383
119.7,uav_03,1,22.983031955599607,-0.9855717707631183,7.809999465942383
119.8,uav_03,1,22.983031955599607,-1.2868974681513248,7.809999465942383
119.9,uav_03,1,22.983031955599607,-1.5910927922635762,7.809999465942383
120.0,uav_03,1,22.97636518875472,-1.8994204470673774,7.809999465942383
120.1,uav_03,1,22.973383328147342,-2.2035145374229437,7.809999465942383
120.2,uav_03,1,22.973383328147342,-2.5041827878131353,7.809999465942383
120.3,uav_03,1,22.973383328147342,-2.8108547301208295,7.809999465942383
120.4,uav_03,1,22.973383328147342,-3.1141103530167875,7.809999465942383
120.5,uav_03,1,22.973383328147342,-3.414778603406923,7.809999465942383
120.6,uav_03,1,22.973383328147342,-3.7233175824443125,7.809999465942383
120.7,uav_03,1,22.973383328147342,-4.027060935611842,7.809999465942383
120.8,uav_03,1,22.973383328147342,-4.32251321596285,7.809999465942383
120.9,uav_03,1,22.973383328147342,-4.6159668082483485,7.809999465942383
121.0,uav_03,1,22.973383328147342,-4.916760830048465,7.809999465942383
121.1,uav_03,1,22.973383328147342,-5.213959237198239,7.809999465942383
121.2,uav_03,1,22.973383328147342,-5.507412829483731,7.809999465942383
121.3,uav_03,1,22.973383328147342,-5.80086642176915,7.809999465942383
121.4,uav_03,1,22.973383328147342,-6.100794072832198,7.809999465942383
121.5,uav_03,1,22.973383328147342,-6.3988588507190896,7.809999465942383
121.6,uav_03,1,22.973383328147342,-6.692312443004521,7.809999465942383
121.7,uav_03,1,22.973383328147342,-6.9854950285467785,7.809999465942383
121.8,uav_03,1,22.973383328147342,-7.2710995476992535,7.809999465942383
121.9,uav_03,1,22.973383328147342,-7.554308701907904,7.809999465942383
122.0,uav_03,1,22.973383328147342,-7.83951773919895,7.809999465942383
122.1,uav_03,1,22.973383328147342,-8.118184213045982,7.809999465942383
122.2,uav_03,1,22.973383328147342,-8.394600797317173,7.809999465942383
122.3,uav_03,1,22.973383328147342,-8.665917541404529,7.809999465942383
122.4,uav_03,1,22.973383328147342,-8.954738068919799,7.809999465942383
122.5,uav_03,1,22.973383328147342,-9.241337197064775,7.809999465942383
122.6,uav_03,1,22.973383328147342,-9.509921943762201,7.809999465942383
122.7,uav_03,1,22.973383328147342,-9.797110312505783,7.809999465942383
122.8,uav_03,1,22.973383328147342,-10.0779758269083,7.809999465942383
122.9,uav_03,1,22.973383328147342,-10.385319347605293,7.809999465942383
123.0,uav_03,1,22.973383328147342,-10.692321638643657,7.809999465942383
123.1,uav_03,1,22.973383328147342,-10.996893001804047,7.809999465942383
123.2,uav_03,1,22.973383328147342,-11.301464364964497,7.809999465942383
123.3,uav_03,1,22.973383328147342,-11.606035728124949,7.809999465942383
123.4,uav_03,1,22.973383328147342,-11.910607091285378,7.809999465942383
123.5,uav_03,1,22.973383328147342,-12.225003830620635,7.809999465942383
123.6,uav_03,1,22.973383328147342,-12.530835061985348,7.809999465942383
123.7,uav_03,1,22.973383328147342,-12.835406425145772,7.809999465942383
123.8,uav_03,1,22.973383328147342,-13.139876754362064,7.809999465942383
123.9,uav_03,1,22.973383328147342,-13.430856097237694,7.809999465942383
124.0,uav_03,1,22.973383328147342,-13.742093712773872,7.809999465942383
124.1,uav_03,1,22.973383328147342,-14.043893575464354,7.809999465942383
124.2,uav_03,1,22.973383328147342,-14.345168638112558,7.809999465942383
124.3,uav_03,1,22.973383328147342,-14.65722341931763,7.809999465942383
124.4,uav_03,1,22.973383328147342,-14.958804007788098,7.809999465942383
124.5,uav_03,1,22.973383328147342,-15.260079070436253,7.809999465942383
124.6,uav_03,1,22.973383328147342,-15.558899812411223,7.809999465942383
124.7,uav_03,1,22.973383328147342,-15.860135015776969,7.809999465942383
124.8,uav_03,1,22.973383328147342,-16.16067506648167,7.809999465942383
124.9,uav_03,1,22.973383328147342,-16.437000884718124,7.809999465942383
125.0,uav_03,1,22.973383328147342,-16.713196237098416,7.809999465942383
125.1,uav_03,1,22.973383328147342,-16.980928541791553,7.809999465942383
125.2,uav_03,1,22.973383328147342,-17.269716219197306,7.809999465942383
125.3,uav_03,1,22.973383328147342,-17.546116064393622,7.809999465942383
125.4,uav_03,1,22.973383328147342,-17.823873333853914,7.809999465942383
125.5,uav_03,1,22.973383328147342,-18.10525824321694,7.809999465942383
125.6,uav_03,1,22.973383328147342,-18.381453595564814,7.809999465942383
125.7,uav_03,1,22.973383328147342,-18.657648947912744,7.809999465942383
125.8,uav_03,1,22.973383328147342,-18.93399074152582,7.809999465942383
125.9,uav_03,1,22.973383328147342,-19.213822691685326,7.809999465942383
126.0,uav_03,1,22.973383328147342,-19.509516335895132,7.809999465942383
126.1,uav_03,1,22.973383328147342,-19.80520998038343,7.809999465942383
126.2,uav_03,1,22.973383328147342,-20.099547641827634,7.809999465942383
126.3,uav_03,1,22.973383328147342,-20.386734379217355,7.809999465942383
126.4,uav_03,1,22.973383328147342,-20.69229091283996,7.809999465942383
126.5,uav_03,1,22.973383328147342,-20.98798455699214,7.809999465942383
126.6,uav_03,1,22.973383328147342,-21.283678201144273,7.809999465942383
126.7,uav_03,1,22.973383328147342,-21.57990051856402,7.809999465942383
126.8,uav_03,1,22.973383328147342,-21.883653451166765,7.809999465942383
126.9,uav_03,1,22.97366406380917,-22.17919695337652,7.809999465942383
127.0,uav_03,1,22.983031955599607,-22.47224049813179,7.809999465942383
127.1,uav_03,1,22.983031955599607,-22.765284042887096,7.809999465942383
127.2,uav_03,1,22.9737078173839,-23.047615147185425,7.809999465942383
127.3,uav_03,1,22.973383328147342,-23.32980522720484,7.809999465942383
127.4,uav_03,1,22.973383328147342,-23.601746425997693,7.809999465942383
127.5,uav_03,1,22.96466441359098,-23.88310014323198,7.819036101381514
127.6,uav_03,1,22.955217527639387,-24.145719579298497,7.819999694824219
127.7,uav_03,1,22.937455210586478,-24.396649187550807,7.819999694824219
127.8,uav_03,1,22.910447749186115,-24.63695711096895,7.819999694824219
127.9,uav_03,1,22.874140375380232,-24.866973687449754,7.819999694824219
128.0,uav_03,1,22.834661661646624,-25.08637769022973,7.819999694824219
128.1,uav_03,1,22.777904619911435,-25.30379760710718,7.819999694824219
128.2,uav_03,1,22.718143699702708,-25.511142028684958,7.819999694824219
128.3,uav_03,1,22.658382780615348,-25.696251982844473,7.819999694824219
128.4,uav_03,1,22.570443489631383,-25.857759811515717,7.819999694824219
128.5,uav_03,1,22.480746422204227,-26.017836002667075,7.819999694824219
128.6,uav_03,1,22.380777676852173,-26.154731956671338,7.82038028907042
128.7,uav_03,1,22.271215991519398,-26.279047050095706,7.829999923706055
128.8,uav_03,1,22.159803317562357,-26.38080613926338,7.829999923706055
128.9,uav_03,1,22.032432313190828,-26.470858875542927,7.829999923706055
129.0,uav_03,1,21.910113243390292,-26.554856664700218,7.829999923706055
129.1,uav_03,1,21.77875162261383,-26.619279178424993,7.829999923706055
129.2,uav_03,1,21.638347450830157,-26.68344856156323,7.829999923706055
129.3,uav_03,1,21.488818014107878,-26.737133989921542,7.829999923706055
129.4,uav_03,1,21.330025700837407,-26.79081941790173,7.829999923706055
129.5,uav_03,1,21.16219083659097,-26.834210947163122,7.829999923706055
129.6,uav_03,1,20.985313420138397,-26.867213549323466,7.829999923706055
129.7,uav_03,1,20.79939345142487,-26.90902238766371,7.829999923706055
129.8,uav_03,1,20.612481656334168,-26.942721307033516,7.829999923706055
129.9,uav_03,1,20.418303150931624,-26.957103721286032,7.829999923706055
130.0,uav_03,1,20.22788803531118,-26.98281635419009,7.829999923706055
130.1,uav_03,1,20.038842043558144,-27.005812364964,7.829999923706055
130.2,uav_03,1,19.84508847394789,-27.020148740381376,7.834879047663718
130.3,uav_03,1,19.64744948236702,-27.025825480408656,7.840000152587891
130.4,uav_03,1,19.447214170584612,-27.025825480408656,7.840000152587891
130.5,uav_03,1,19.240982179359268,-27.025825480408656,7.840000152587891
130.6,uav_03,1,19.034265124183488,-27.025825480408656,7.840000152587891
130.7,uav_03,1,18.81944013261143,-27.025825480408656,7.840000152587891
130.8,uav_03,1,18.604615142179316,-27.01660855816898,7.840000152587891
130.9,uav_03,1,18.389790150838344,-26.99873200066498,7.840000152587891
131.0,uav_03,1,18.16388963035277,-26.992569747665172,7.840000152587891
131.1,uav_03,1,17.918663617719034,-26.986225733460085,7.840000152587891
131.2,uav_03,1,17.66219132087218,-26.968300863030873,7.840000152587891
131.3,uav_03,1,17.399765794337885,-26.95931401492168,7.840000152587891
131.4,uav_03,1,17.133429178974588,-26.938051718201788,7.8336064328827035
131.5,uav_03,1,16.860707950888305,-26.926058282178197,7.829999923706055
131.6,uav_03,1,16.59110731942471,-26.918475237775095,7.829999923706055
131.7,uav_03,1,16.31795470914876,-26.899311337191893,7.829999923706055
131.8,uav_03,1,16.034722088859024,-26.89280254943471,7.829999923706055
131.9,uav_03,1,15.75590421113346,-26.8844760869128,7.829999923706055
132.0,uav_03,1,15.471976097638274,-26.86454784165446,7.829999923706055
132.1,uav_03,1,15.193537627793942,-26.850384548621022,7.829999923706055
132.2,uav_03,1,14.89168779536392,-26.838632476056524,7.829999923706055
132.3,uav_03,1,14.58481667201845,-26.826880403187452,7.829999923706055
132.4,uav_03,1,14.287594176271202,-26.815128330276508,7.829999923706055
132.5,uav_03,1,13.981370925430795,-26.802631919924416,7.829999923706055
132.6,uav_03,1,13.684728839099078,-26.780538940511217,7.828726881258971
132.7,uav_03,1,13.384469367464206,-26.768786867941216,7.819999694824219
132.8,uav_03,1,13.072147410159793,-26.75703479502751,7.819999694824219
132.9,uav_03,1,12.769957412786315,-26.745297217267588,7.819999694824219
133.0,uav_03,1,12.471051056563459,-26.734106436502433,7.819999694824219
133.1,uav_03,1,12.201531521639911,-26.72652388571727,7.819999694824219
133.2,uav_03,1,11.925327798920918,-26.724661928689304,7.819999694824219
133.3,uav_03,1,11.655531399442214,-26.714365458669707,7.819999694824219
133.4,uav_03,1,11.377954573778869,-26.70406898896768,7.819999694824219
133.5,uav_03,1,11.109092274363604,-26.69377251890996,7.819999694824219
133.6,uav_03,1,10.840229976159604,-26.69326815297378,7.819999694824219
133.7,uav_03,1,10.563531153675624,-26.684264823173617,7.819999694824219
133.8,uav_03,1,10.285706778164974,-26.682182908594672,7.819999694824219
133.9,uav_03,1,10.007882402654472,-26.674757127701096,7.819999694824219
134.0,uav_03,1,9.730056408231139,-26.6710976646094,7.819999694824219
134.1,uav_03,1,9.452189604886863,-26.665247799674987,7.819999694824219
134.2,uav_03,1,9.174292441920638,-26.660012420230295,7.819999694824219
134.3,uav_03,1,8.896395278954355,-26.655734708775917,7.819999694824219
134.4,uav_03,1,8.618498115988213,-26.64892717585119,7.819999694824219
134.5,uav_03,1,8.340600953022022,-26.64892717585119,7.819999694824219
134.6,uav_03,1,8.062703790055831,-26.647007694685062,7.819999694824219
134.7,uav_03,1,7.784806627089648,-26.637841931865907,7.819999694824219
134.8,uav_03,1,7.50721177920704,-26.637841931865907,7.819999694824219
134.9,uav_03,1,7.238279041592289,-26.637841931865907,7.819999694824219
135.0,uav_03,1,6.960763767014413,-26.637841931865907,7.819999694824219
135.1,uav_03,1,6.66618847186408,-26.628736901747153,7.819999694824219
135.2,uav_03,1,6.356767443224442,-26.626756687486804,7.819999694824219
135.3,uav_03,1,6.038053317789508,-26.626756687486804,7.819999694824219
135.4,uav_03,1,5.724798385276806,-26.626756687486804,7.810750357802394
135.5,uav_03,1,5.412391888908926,-26.626756687486804,7.809999465942383
135.6,uav_03,1,5.099851881815655,-26.626756687486804,7.809999465942383
135.7,uav_03,1,4.777930268720972,-26.6261104216375,7.809999465942383
135.8,uav_03,1,4.464532259762191,-26.615671443107697,7.809999465942383
135.9,uav_03,1,4.143468647161687,-26.615671443107697,7.809999465942383
136.0,uav_03,1,3.831185077455263,-26.615671443107697,7.809999465942383
136.1,uav_03,1,3.52123693778339,-26.615671443107697,7.809999465942383
136.2,uav_03,1,3.2194537780439463,-26.615671443107697,7.809999465942383
136.3,uav_03,1,2.923378616931412,-26.615671443107697,7.809999465942383
136.4,uav_03,1,2.621282793325932,-26.615671443107697,7.809999465942383
136.5,uav_03,1,2.325520295866158,-26.615671443107697,7.809999465942383
136.6,uav_03,1,2.023111807236776,-26.615671443107697,7.809999465942383
136.7,uav_03,1,1.7276619738564774,-26.615671443107697,7.809999465942383
136.8,uav_03,1,1.4239084997043359,-26.615671443107697,7.809999465942383
136.9,uav_03,1,1.1210310164336166,-26.615671443107697,7.809999465942383
137.0,uav_03,1,0.8260676595263811,-26.615671443107697,7.809999465942383
137.1,uav_03,1,0.523501565522242,-26.615671443107697,7.809999465942383
137.2,uav_03,1,0.23615572999803897,-26.615671443107697,7.809999465942383
137.3,uav_03,1,-0.06029610064484714,-26.615671443107697,7.809999465942383
137.4,uav_03,1,-0.354357786370342,-26.615671443107697,7.809999465942383
137.5,uav_03,1,-0.6420539730226078,-26.615671443107697,7.809999465942383
137.6,uav_03,1,-0.9374299988158346,-26.615671443107697,7.809999465942383
137.7,uav_03,1,-1.2260780247863536,-26.615671443107697,7.818087645876244
137.8,uav_03,1,-1.5206850328570236,-26.615671443107697,7.819999694824219
137.9,uav_03,1,-1.8101020751789099,-26.615671443107697,7.819999694824219
138.0,uav_03,1,-2.1039400666904946,-26.615671443107697,7.819999694824219
138.1,uav_03,1,-2.400414941750264,-26.615671443107697,7.819999694824219
138.2,uav_03,1,-2.6918331944528076,-26.615671443107697,7.819999694824219
138.3,uav_03,1,-2.9859054129020777,-26.615671443107697,7.819999694824219
138.4,uav_03,1,-3.2784915933831296,-26.615671443107697,7.819999694824219
138.5,uav_03,1,-3.5718797742532713,-26.615671443107697,7.819999694824219
138.6,uav_03,1,-3.8651499923133263,-26.615671443107697,7.819999694824219
138.7,uav_03,1,-4.157854136201265,-26.615671443107697,7.819999694824219
138.8,uav_03,1,-4.447951153303882,-26.615671443107697,7.819999694824219
138.9,uav_03,1,-4.730664649530235,-26.615671443107697,7.819999694824219
139.0,uav_03,1,-5.025515938087575,-26.615671443107697,7.819999694824219
139.1,uav_03,1,-5.327084139351997,-26.615671443107697,7.819999694824219
139.2,uav_03,1,-5.621787798467962,-26.615671443107697,7.819999694824219
139.3,uav_03,1,-5.929683872845602,-26.615671443107697,7.819999694824219
139.4,uav_03,1,-6.230539923113631,-26.615671443107697,7.819999694824219
139.5,uav_03,1,-6.536194027994994,-26.615671443107697,7.819999694824219
139.6,uav_03,1,-6.849056717685064,-26.615671443107697,7.819999694824219
139.7,uav_03,1,-7.1499127679530945,-26.615671443107697,7.819999694824219
139.8,uav_03,1,-7.453635451429255,-26.615671443107697,7.819999694824219
139.9,uav_03,1,-7.761273495941558,-26.615671443107697,7.819999694824219
140.0,uav_03,1,-8.062129546209652,-26.615671443107697,7.819999694824219
140.1,uav_03,1,-8.365923261379939,-26.615671443107697,7.819999694824219
140.2,uav_03,1,-8.672505990824042,-26.61907775661465,7.819999694824219
140.3,uav_03,1,-8.968564920872899,-26.626756687486804,7.819999694824219
140.4,uav_03,1,-9.260277061522384,-26.626756687486804,7.819999694824219
140.5,uav_03,1,-9.556963881066139,-26.626756687486804,7.819999694824219
140.6,uav_03,1,-9.846339047436611,-26.626756687486804,7.819999694824219
140.7,uav_03,1,-10.13292393638542,-26.625153821946576,7.819999694824219
140.8,uav_03,1,-10.404710930512671,-26.615671443107697,7.819999694824219
140.9,uav_03,1,-10.683216918101415,-26.61478995678548,7.819999694824219
141.0,uav_03,1,-10.94413473224923,-26.603544605602043,7.819999694824219
141.1,uav_03,1,-11.195888890137205,-26.58209582349404,7.819999694824219
141.2,uav_03,1,-11.429017313134123,-26.560668648608367,7.819999694824219
141.3,uav_03,1,-11.664042511398506,-26.539881680075553,7.819999694824219
141.4,uav_03,1,-11.88259691617499,-26.500140501687248,7.819999694824219
141.5,uav_03,1,-12.084284971224987,-26.458592376826722,7.819999694824219
141.6,uav_03,1,-12.2761457396082,-26.400869988397833,7.819999694824219
141.7,uav_03,1,-12.45851030209754,-26.338914193957784,7.819999694824219
141.8,uav_03,1,-12.62729684830322,-26.276779876397686,7.819999694824219
141.9,uav_03,1,-12.774626641423664,-26.19675734247247,7.819999694824219
142.0,uav_03,1,-12.914767913102576,-26.113677866837204,7.819999694824219
142.1,uav_03,1,-13.047662263132002,-26.031961269518057,7.824062566566146
142.2,uav_03,1,-13.158664760531183,-25.93457289893838,7.829999923706055
142.3,uav_03,1,-13.261672677330187,-25.826986438163903,7.829999923706055
142.4,uav_03,1,-13.365413684421544,-25.707478403867906,7.829999923706055
142.5,uav_03,1,-13.448222106802392,-25.575945715811237,7.829999923706055
142.6,uav_03,1,-13.522887522117431,-25.42749042007551,7.829999923706055
142.7,uav_03,1,-13.594003154591705,-25.276456451466455,7.829999923706055
142.8,uav_03,1,-13.649267059469786,-25.120284973617593,7.829999923706055
142.9,uav_03,1,-13.69955436116242,-24.946960738777673,7.829999923706055
143.0,uav_03,1,-13.749841662855056,-24.766859731048864,7.829999923706055
143.1,uav_03,1,-13.79382161031541,-24.56748759206833,7.829999923706055
143.2,uav_03,1,-13.827300493340445,-24.37514393410694,7.829999923706055
143.3,uav_03,1,-13.863101357637492,-24.17385074851491,7.829999923706055
143.4,uav_03,1,-13.894626010025071,-23.97323589561929,7.829999923706055
143.5,uav_03,1,-13.916720479366075,-23.76097004751951,7.829999923706055
143.6,uav_03,1,-13.929384765161972,-23.549144465619403,7.836648197341393
143.7,uav_03,1,-13.938872061156944,-23.334862293219516,7.840000152587891
143.8,uav_03,1,-13.94226749670367,-23.11631727169373,7.840000152587891
143.9,uav_03,1,-13.94226749670367,-22.89022131142717,7.840000152587891
144.0,uav_03,1,-13.94226749670367,-22.660066365197025,7.840000152587891
144.1,uav_03,1,-13.936479488422721,-22.429911418966828,7.840000152587891
144.2,uav_03,1,-13.926953495192489,-22.193571160295406,7.840000152587891
144.3,uav_03,1,-13.912797404290712,-21.964329252960603,7.840000152587891
144.4,uav_03,1,-13.899487430013501,-21.73841504032586,7.840000152587891
144.5,uav_03,1,-13.890739665662881,-21.5072593349829,7.840000152587891
144.6,uav_03,1,-13.879608073533982,-21.276103629765593,7.840000152587891
144.7,uav_03,1,-13.863595508167412,-21.044947924348993,7.840000152587891
144.8,uav_03,1,-13.85426564433578,-20.813792219205194,7.840000152587891
144.9,uav_03,1,-13.836770115324972,-20.582636513728158,7.840000152587891
145.0,uav_03,1,-13.827703587692476,-20.34179678593652,7.840000152587891
145.1,uav_03,1,-13.811427686126775,-20.100590832643594,7.840000152587891
145.2,uav_03,1,-13.800559430159586,-19.859384879350714,7.833131377974457
145.3,uav_03,1,-13.791790560573256,-19.61099369930065,7.829999923706055
145.4,uav_03,1,-13.776914469214057,-19.341331141540195,7.829999923706055
145.5,uav_03,1,-13.762878100479625,-19.06425637340598,7.829999923706055
145.6,uav_03,1,-13.747062176716575,-18.778311863068357,7.829999923706055
145.7,uav_03,1,-13.727311716056123,-18.49749775717413,7.829999923706055
145.8,uav_03,1,-13.713955153947136,-18.2105118801203,7.829999923706055
145.9,uav_03,1,-13.704134638260072,-17.91716104476296,7.829999923706055
146.0,uav_03,1,-13.687518400819418,-17.630717424449546,7.829999923706055
146.1,uav_03,1,-13.674761240095686,-17.347077774874776,7.829999923706055
146.2,uav_03,1,-13.664886010467136,-17.055143228393316,7.829999923706055
146.3,uav_03,1,-13.647556620530127,-16.76004364633651,7.829999923706055
146.4,uav_03,1,-13.63533009806927,-16.469484008477746,7.829999923706055
146.5,uav_03,1,-13.625259544295687,-16.170753699156766,7.829999923706055
146.6,uav_03,1,-13.606515208745817,-15.879899148672209,7.829999923706055
146.7,uav_03,1,-13.595469808442006,-15.580199343254867,7.829999923706055
146.8,uav_03,1,-13.585399253574339,-15.290314288552274,7.829999923706055
146.9,uav_03,1,-13.57532869999925,-15.012483974364875,7.829999923706055
147.0,uav_03,1,-13.565258145154308,-14.73480415892168,7.829999923706055
147.1,uav_03,1,-13.555187591639179,-14.458428088938481,7.829999923706055
147.2,uav_03,1,-13.545124275939479,-14.19250952769771,7.829999923706055
147.3,uav_03,1,-13.535334590366638,-13.935763780307248,7.829999923706055
147.4,uav_03,1,-13.526529835222979,-13.714190552408592,7.829999923706055
147.5,uav_03,1,-13.517725078948805,-13.501760331671365,7.829999923706055
147.6,uav_03,1,-13.508920323925464,-13.289330110934086,7.829999923706055
147.7,uav_03,1,-13.492151901372836,-13.095198697692028,7.829999923706055
147.8,uav_03,1,-13.488781979024013,-12.894820042212416,7.829999923706055
147.9,uav_03,1,-13.482506057484285,-12.721347005068404,7.829999923706055
148.0,uav_03,1,-13.47374619466324,-12.554131376031036,7.829999923706055
148.1,uav_03,1,-13.464976951295219,-12.393215548768552,7.829999923706055
148.2,uav_03,1,-13.456172195751206,-12.241479676813366,7.829999923706055
148.3,uav_03,1,-13.44736398700199,-12.0961720538036,7.829999923706055
148.4,uav_03,1,-13.436372985710175,-11.96551755218045,7.829999923706055
148.5,uav_03,1,-13.421241582744678,-11.84214323027627,7.829999923706055
148.6,uav_03,1,-13.420005120877477,-11.737573838672748,7.829999923706055
148.7,uav_03,1,-13.41077972562959,-11.64311719381196,7.829999923706055
148.8,uav_03,1,-13.40155432924168,-11.559221360917627,7.829999923706055
148.9,uav_03,1,-13.39232893410936,-11.495627388305204,7.829999923706055
149.0,uav_03,1,-13.39229569901672,-11.43203341569278,7.820472796166928
149.1,uav_03,1,-13.374757842331116,-11.378514006244584,7.819999694824219
149.2,uav_03,1,-13.372998442741034,-11.354283971549915,7.819999694824219
149.3,uav_03,1,-13.372998442741034,-11.342188046279297,7.819999694824219
149.4,uav_03,1,-13.372998442741034,-11.34020486749851,7.819999694824219
149.5,uav_03,1,-13.372998442741034,-11.358186802092705,7.819999694824219
149.6,uav_03,1,-13.372998442741034,-11.39111435014153,7.819999694824219
149.7,uav_03,1,-13.372998442741034,-11.446472899329729,7.819999694824219
149.8,uav_03,1,-13.363635468139014,-11.50484260785883,7.819999694824219
149.9,uav_03,1,-13.35347443545181,-11.563212316017443,7.819999694824219
150.0,uav_03,1,-13.342574249153403,-11.621582024194549,7.820765784922408
150.1,uav_03,1,-13.32227287200014,-11.678466290996502,7.829999923706055
150.2,uav_03,1,-13.3004073740941,-11.724840083411339,7.829999923706055
150.3,uav_03,1,-13.26776039198221,-11.76898528688716,7.829999923706055
150.4,uav_03,1,-13.226142146723188,-11.802817159879702,7.829999923706055
150.5,uav_03,1,-13.181379292178994,-11.83176774246506,7.829999923706055
150.6,uav_03,1,-13.134690464591346,-11.851232471414622,7.829999923706055
150.7,uav_03,1,-13.072289397413956,-11.862131367283842,7.829999923706055
150.8,uav_03,1,-13.018573972469811,-11.892988013999728,7.829999923706055
150.9,uav_03,1,-12.956335103565825,-11.8944670797587,7.829999923706055
151.0,uav_03,1,-12.878012334444639,-11.912452742938394,7.829999923706055
151.1,uav_03,1,-12.797439195756194,-11.916637568123083,7.829999923706055
151.2,uav_03,1,-12.710430785476147,-11.916637568123083,7.829999923706055
151.3,uav_03,1,-12.615165861032846,-11.916637568123083,7.829999923706055
151.4,uav_03,1,-12.516551346963636,-11.905021009761901,7.829999923706055
151.5,uav_03,1,-12.404674300608885,-11.8944670797587,7.829999923706055
151.6,uav_03,1,-12.279004882859185,-11.889023944757334,7.829999923706055
151.7,uav_03,1,-12.148579495078561,-11.866989527780891,7.829999923706055
151.8,uav_03,1,-12.018017419937298,-11.833670892249414,7.829999923706055
151.9,uav_03,1,-11.882763060399206,-11.789340181333358,7.829999923706055
152.0,uav_03,1,-11.732949165056445,-11.744863132822083,7.829999923706055
152.1,uav_03,1,-11.578279112828682,-11.694900578539967,7.829999923706055
152.2,uav_03,1,-11.42360905991339,-11.628263307477019,7.829999923706055
152.3,uav_03,1,-11.259931853040422,-11.556359511353262,7.829999923706055
152.4,uav_03,1,-11.086724392585936,-11.484485679676773,7.829999923706055
152.5,uav_03,1,-10.915373552423278,-11.40813343195364,7.829999923706055
152.6,uav_03,1,-10.742149321145432,-11.326984648766551,7.829999923706055
152.7,uav_03,1,-10.555684476837543,-11.251555624963801,7.829999923706055
152.8,uav_03,1,-10.362585090258424,-11.171690124849372,7.829999923706055
152.9,uav_03,1,-10.171411288558605,-11.093739140401517,7.829999923706055
153.0,uav_03,1,-9.971127932864304,-11.029085691537103,7.829999923706055
153.1,uav_03,1,-9.761735023564091,-10.9609247745257,7.829999923706055
153.2,uav_03,1,-9.54323256019287,-10.888693549429194,7.829999923706055
153.3,uav_03,1,-9.318134379372307,-10.821151971401907,7.829999923706055
153.4,uav_03,1,-9.092985495942653,-10.74828684474289,7.829999923706055
153.5,uav_03,1,-8.866344334540484,-10.683190215859115,7.829999923706055
153.6,uav_03,1,-8.630655855651877,-10.61432158253188,7.827882819900782
153.7,uav_03,1,-8.381796621646103,-10.539061320008674,7.819999694824219
153.8,uav_03,1,-8.138497674346624,-10.470189233265154,7.819999694824219
153.9,uav_03,1,-7.887594269282315,-10.392580436442246,7.819999694824219
154.0,uav_03,1,-7.634642184655273,-10.312617925278838,7.819999694824219
154.1,uav_03,1,-7.374088648915813,-10.228633039943412,7.819999694824219
154.2,uav_03,1,-7.1135351123879245,-10.159754046367366,7.819999694824219
154.3,uav_03,1,-6.852981576939682,-10.082145249628228,7.819999694824219
154.4,uav_03,1,-6.590931153464008,-10.004696667308915,7.819999694824219
154.5,uav_03,1,-6.323685480350573,-9.928472875932762,7.819999694824219
154.6,uav_03,1,-6.0605354454788225,-9.85472812670679,7.819999694824219
154.7,uav_03,1,-5.81114230142625,-9.782024419883314,7.819999694824219
154.8,uav_03,1,-5.54564924446061,-9.718323872858123,7.819999694824219
154.9,uav_03,1,-5.288898688997228,-9.6445791235756,7.819999694824219
155.0,uav_03,1,-5.023030276078405,-9.570834374293096,7.819999694824219
155.1,uav_03,1,-4.757110058478306,-9.497089625010556,7.819999694824219
155.2,uav_03,1,-4.491189840878325,-9.432719761784151,7.819999694824219
155.3,uav_03,1,-4.217588660678022,-9.351860765170972,7.819999694824219
155.4,uav_03,1,-3.9497007768547667,-9.284129703435015,7.819999694824219
155.5,uav_03,1,-3.6834941430469574,-9.220851836718456,7.819999694824219
155.6,uav_03,1,-3.4026775502927524,-9.155656205193424,7.819999694824219
155.7,uav_03,1,-3.11511261698244,-9.082136361990973,7.819999694824219
155.8,uav_03,1,-2.8275476832018422,-9.012418388750355,7.819999694824219
155.9,uav_03,1,-2.539982749873643,-8.94634210271839,7.819999694824219
156.0,uav_03,1,-2.2524178161110417,-8.873039849502742,7.819999694824219
156.1,uav_03,1,-1.9648528827649248,-8.803104286415039,7.819999694824219
156.2,uav_03,1,-1.6772879490202435,-8.72286618525426,7.819999694824219
156.3,uav_03,1,-1.3897230156560718,-8.648781225847008,7.819999694824219
156.4,uav_03,1,-1.0961211007676377,-8.582704939815054,7.819999694824219
156.5,uav_03,1,-0.8066017150534791,-8.517009441789765,7.819999694824219
156.6,uav_03,1,-0.5204518880730621,-8.452549890614415,7.8141739186057855
156.7,uav_03,1,-0.2387263587477436,-8.388740850370047,7.809999465942383
156.8,uav_03,1,0.04380836865296105,-8.31937475105144,7.809999465942383
156.9,uav_03,1,0.3263179648728109,-8.250037525502155,7.809999465942383
157.0,uav_03,1,0.6080686267501364,-8.186228485257775,7.809999465942383
157.1,uav_03,1,0.8950230695248689,-8.12241944501339,7.809999465942383
157.2,uav_03,1,1.1787087645072751,-8.058610404769,7.809999465942383
157.3,uav_03,1,1.459283326250983,-7.991496326512553,7.809999465942383
157.4,uav_03,1,1.7462377690257054,-7.9199070799011135,7.809999465942383
157.5,uav_03,1,2.0332886865755713,-7.8560765869036375,7.809999465942383
157.6,uav_03,1,2.3212151506689658,-7.79165271676253,7.809999465942383
157.7,uav_03,1,2.613361296437961,-7.724942369914634,7.809999465942383
157.8,uav_03,1,2.9133631509360045,-7.658232023066707,7.809999465942383
157.9,uav_03,1,3.2152444776023676,-7.59152167621881,7.809999465942383
158.0,uav_03,1,3.523015487384137,-7.524811329370902,7.809999465942383
158.1,uav_03,1,3.8210801671415493,-7.45810098252301,7.809999465942383
158.2,uav_03,1,4.113370567556512,-7.391390635675113,7.809999465942383
158.3,uav_03,1,4.411377545292633,-7.324680288827184,7.809999465942383
158.4,uav_03,1,4.703725649100176,-7.257969941979292,7.809999465942383
158.5,uav_03,1,5.0037970172224595,-7.19124413763364,7.809999465942383
158.6,uav_03,1,5.308088359951197,-7.124058619499518,7.809999465942383
158.7,uav_03,1,5.624919150382674,-7.055272945981018,7.809999465942383
158.8,uav_03,1,5.933315493594082,-6.986056665893034,7.809999465942383
158.9,uav_03,1,6.237813003040329,-6.9168403858050524,7.809999465942383
159.0,uav_03,1,6.549084243095192,-6.843419550836085,7.809999465942383
159.1,uav_03,1,6.8644075190728415,-6.767322581250012,7.809999465942383
159.2,uav_03,1,7.181275350657263,-6.6981063011620465,7.809999465942383
159.3,uav_03,1,7.487709794716034,-6.6288900210740636,7.809999465942383
159.4,uav_03,1,7.794169201943725,-6.5596737409860895,7.809999465942383
159.5,uav_03,1,8.104444347412358,-6.490678958913372,7.809999465942383
159.6,uav_03,1,8.383485635400524,-6.4274939435761125,7.809999465942383
159.7,uav_03,1,8.645727239576468,-6.368170273676881,7.809999465942383
159.8,uav_03,1,8.912510607169702,-6.3088466037776385,7.809999465942383
159.9,uav_03,1,9.179293974762832,-6.249522933878418,7.809999465942383
160.0,uav_03,1,9.446077342356007,-6.189123885387066,7.809999465942383
160.1,uav_03,1,9.712860709949123,-6.119912937054224,7.809999465942383
160.2,uav_03,1,9.979644077542236,-6.0604666798016495,7.809999465942383
160.3,uav_03,1,10.246427445135483,-6.001143009902404,7.809999465942383
160.4,uav_03,1,10.519624601164146,-5.941819340003172,7.809999465942383
160.5,uav_03,1,10.778900655902795,-5.88249567010395,7.815566266520741
160.6,uav_03,1,11.0375355940613,-5.8230815693361135,7.819999694824219
160.7,uav_03,1,11.316127509074311,-5.761132074688348,7.819999694824219
160.8,uav_03,1,11.611359349783212,-5.691398483327653,7.819999694824219
160.9,uav_03,1,11.905935207315784,-5.618893387704861,7.819999694824219
161.0,uav_03,1,12.202085337556692,-5.553039535099564,7.819999694824219
161.1,uav_03,1,12.498235467797546,-5.487185682362943,7.819999694824219
161.2,uav_03,1,12.794385598038428,-5.421331829495162,7.819999694824219
161.3,uav_03,1,13.087508831961426,-5.355477976889846,7.819999694824219
161.4,uav_03,1,13.377037229696882,-5.282888167297087,7.819999694824219
161.5,uav_03,1,13.67318735993777,-5.2015997833148795,7.819999694824219
161.6,uav_03,1,13.969515261009965,-5.135706400441231,7.819999694824219
161.7,uav_03,1,14.271385695419415,-5.071838305224768,7.819999694824219
161.8,uav_03,1,14.583086829548268,-5.009609015265648,7.819999694824219
161.9,uav_03,1,14.895703259625165,-4.935112711666269,7.819999694824219
162.0,uav_03,1,15.216538713584834,-4.858410224429385,7.819999694824219
162.1,uav_03,1,15.52669692415442,-4.78835345120079,7.819999694824219
162.2,uav_03,1,15.836992096871661,-4.718296677972207,7.819999694824219
162.3,uav_03,1,16.146121692894045,-4.6482399047436,7.819999694824219
162.4,uav_03,1,16.457445481529742,-4.578183131515004,7.819999694824219
162.5,uav_03,1,16.772496487584828,-4.5001415201320185,7.819999694824219
162.6,uav_03,1,17.079099231696507,-4.427210426336643,7.819999694824219
162.7,uav_03,1,17.36079831658081,-4.364076994382953,7.819999694824219
162.8,uav_03,1,17.63636642620356,-4.302799892599967,7.819999694824219
162.9,uav_03,1,17.90516720815236,-4.241831728746751,7.819999694824219
163.0,uav_03,1,18.175361455756345,-4.17553447391986,7.819999694824219
163.1,uav_03,1,18.45092956537907,-4.108437605084315,7.816036603199894
163.2,uav_03,1,18.723433256744052,-4.04716050330133,7.809999465942383
163.3,uav_03,1,18.99241715580114,-3.9858834015183433,7.809999465942383
163.4,uav_03,1,19.266439515847946,-3.9246062997353803,7.809999465942383
163.5,uav_03,1,19.533904747594278,-3.862425690462935,7.809999465942383
163.6,uav_03,1,19.809447757067346,-3.790966396949307,7.809999465942383
163.7,uav_03,1,20.07677688442481,-3.7295398669050446,7.809999465942383
163.8,uav_03,1,20.378867557395466,-3.662207043347369,7.809999465942383
163.9,uav_03,1,20.674719404823517,-3.594362482846883,7.809999465942383
164.0,uav_03,1,20.97942394099337,-3.5265179223463985,7.809999465942383
164.1,uav_03,1,21.274889010515004,-3.458673361845895,7.809999465942383
164.2,uav_03,1,21.57979812777003,-3.3688676361308696,7.809999465942383
164.3,uav_03,1,21.8754342012932,-3.3118989968596084,7.809999465942383
164.4,uav_03,1,22.179967734750388,-3.244054436359106,7.810589171589815
164.5,uav_03,1,22.47599058352003,-3.1762098758586217,7.819999694824219
164.6,uav_03,1,22.78008948622909,-3.108376311253351,7.819999694824219
164.7,uav_03,1,23.07533221915557,-3.0410299769950475,7.819999694824219
164.8,uav_03,1,23.37192511716503,-2.976642950378626,7.819999694824219
164.9,uav_03,1,23.643715713632762,-2.9117287044417113,7.819999694824219
165.0,uav_03,1,23.93323079719,-2.8366205237092856,7.819999694824219
165.1,uav_03,1,24.220391485800935,-2.7621231374517334,7.819999694824219
165.2,uav_03,1,24.509884234440477,-2.697478617523709,7.819999694824219
165.3,uav_03,1,24.781849187365083,-2.6330915909385975,7.810884852927596
165.4,uav_03,1,25.06969436686353,-2.5687045643535065,7.809999465942383
165.5,uav_03,1,25.359248061212927,-2.5137131851919987,7.809999465942383
165.6,uav_03,1,25.648801755562268,-2.4510157555624095,7.809999465942383
165.7,uav_03,1,25.92284397458783,-2.3780488898172534,7.809999465942383
165.8,uav_03,1,26.193472700735246,-2.314522905311029,7.809999465942383
165.9,uav_03,1,26.464169893725252,-2.254328931959303,7.809999465942383
166.0,uav_03,1,26.725002771923467,-2.194134958607587,7.809999465942383
166.1,uav_03,1,26.986267023429512,-2.133940985255865,7.809999465942383
166.2,uav_03,1,27.25696421641952,-2.073747011904139,7.809999465942383
166.3,uav_03,1,27.52766140940957,-2.01104526199034,7.809999465942383
166.4,uav_03,1,27.795825971783565,-1.942273820821566,7.809999465942383
166.5,uav_03,1,28.049758539113938,-1.8820798474698357,7.809999465942383
166.6,uav_03,1,28.320455732103902,-1.82188587411812,7.809999465942383
166.7,uav_03,1,28.591152925093926,-1.76169190076639,7.809999465942383
166.8,uav_03,1,28.84834819666205,-1.70126110929319,7.809999465942383
166.9,uav_03,1,29.149530523059088,-1.6332363951955586,7.809999465942383
167.0,uav_03,1,29.46796687028514,-1.562426835674734,7.809999465942383
167.1,uav_03,1,29.768903211588594,-1.4916172761539368,7.809999465942383
167.2,uav_03,1,30.083140829394644,-1.421341725003698,7.809999465942383
167.3,uav_03,1,30.401486093447147,-1.3502445227921824,7.809999465942383
167.4,uav_03,1,30.718139428217384,-1.2686576154247735,7.809999465942383
167.5,uav_03,1,31.01906153162336,-1.197848055903961,7.809999465942383
167.6,uav_03,1,31.337497878849362,-1.127038496383149,7.809999465942383
167.7,uav_03,1,31.650253475329883,-1.056266176459275,7.809999465942383
167.8,uav_03,1,31.947116776228714,-0.9871886450587601,7.809999465942383
167.9,uav_03,1,32.24306501314392,-0.9213796867552229,7.809999465942383
168.0,uav_03,1,32.53316310795257,-0.8555707284516927,7.809999465942383
168.1,uav_03,1,32.812841070554505,-0.7897617701481605,7.809999465942383
168.2,uav_03,1,33.10468508960411,-0.7239528118446492,7.809999465942383
168.3,uav_03,1,33.402322026673936,-0.6581438535411008,7.809999465942383
168.4,uav_03,1,33.681694257128406,-0.5923348952375626,7.807390301403872
168.5,uav_03,1,33.97292681196998,-0.526525936934038,7.799999237060547
168.6,uav_03,1,34.27148094539531,-0.460716978630509,7.799999237060547
168.7,uav_03,1,34.54809043082453,-0.3949663325960334,7.799999237060547
168.8,uav_03,1,34.8194887134313,-0.3287692449954041,7.799999237060547
168.9,uav_03,1,35.07431106338203,-0.2610908559292127,7.799999237060547
169.0,uav_03,1,35.32133418263581,-0.2023729502464624,7.799999237060547
169.1,uav_03,1,35.56835730188946,-0.14365504456374006,7.799999237060547
169.2,uav_03,1,35.80840475326011,-0.1009657361504136,7.799999237060547
169.3,uav_03,1,36.04555725335922,-0.048722715217903854,7.799999237060547
169.4,uav_03,1,36.27852948372786,0.004449853465986139,7.799999237060547
169.5,uav_03,1,36.50851652629553,0.05338144141903198,7.803630400959903
169.6,uav_03,1,36.73613066292918,0.10231302946894308,7.809999465942383
169.7,uav_03,1,36.956357350650435,0.1512446177189772,7.809999465942383
169.8,uav_03,1,37.16920403770983,0.20017798863668687,7.809999465942383
169.9,uav_03,1,37.3742048846874,0.2492455099641987,7.809999465942383
170.0,uav_03,1,37.591714701871325,0.29364984517100723,7.809999465942383
170.1,uav_03,1,37.802574742562506,0.33743943697204143,7.809999465942383
170.2,uav_03,1,38.00402611928544,0.37183241444985865,7.809999465942383
170.3,uav_03,1,38.18800997373063,0.40467460820341283,7.809999465942383
170.4,uav_03,1,38.369054251398914,0.4375168019569626,7.809999465942383
170.5,uav_03,1,38.53446074059565,0.4703589957105138,7.809999465942383
170.6,uav_03,1,38.68104990086819,0.5032011894640651,7.809999465942383
170.7,uav_03,1,38.81640066331505,0.536043383217609,7.809999465942383
170.8,uav_03,1,38.93488381271627,0.551746504608483,7.809999465942383
170.9,uav_03,1,39.049365697308275,0.5711520418635304,7.809999465942383
171.0,uav_03,1,39.13778216889643,0.5851698434413892,7.809999465942383
