t,agent_id,valid,east_m,north_m,up_m,ve_m_s,vn_m_s,vu_m_s
0.0,uav_01,1,1.9200769768070305,-24.343196372171416,7.969999999999999,0.02,-0.02,0.048142861044532366
0.0,uav_02,1,14.926427554423432,-24.343196372171416,7.960000000000001,0.019348702301985023,-0.02,0.04934870230198503
0.0,uav_03,1,27.932778132039836,-24.343196372171416,7.960000000000001,0.015918426560222694,-0.02,0.0459184265602227
0.1,uav_01,1,1.9200769768070305,-24.343196372171416,7.969999999999999,0.02,-0.02,0.040110009896601156
0.1,uav_02,1,14.926427554423432,-24.343196372171416,7.960000000000001,0.0103297073969404,-0.02,0.040329707396940404
0.1,uav_03,1,27.932778132039836,-24.343196372171416,7.964160136811447,0.014160136811447548,-0.02,0.04
0.2,uav_01,1,1.9200769768070305,-24.343196372171416,7.970454286868786,0.02,-0.02,0.04
0.2,uav_02,1,14.916778926971164,-24.343196372171416,7.969999999999999,0.02,-0.02,0.049677963457661914
0.2,uav_03,1,27.932778132039836,-24.343196372171416,7.969999999999999,0.02,-0.02,0.04
0.3,uav_01,1,1.9200769768070305,-24.343196372171416,7.979513029189193,0.02,-0.02,0.04
0.3,uav_02,1,14.916778926971164,-24.343196372171416,7.969999999999999,0.01885658066873747,-0.01885658066873747,0.04
0.3,uav_03,1,27.92844027933642,-24.343196372171416,7.969999999999999,0.015504176397240261,-0.015504176397240261,0.04
0.4,uav_01,1,1.9200769768070305,-24.343196372171416,7.98,0.02,-0.01128945549130336,0.03128945549130336
0.4,uav_02,1,14.916778926971164,-24.343196372171416,7.969999999999999,0.01,-0.008137889051850228,0.04
0.4,uav_03,1,27.923129504587568,-24.343196372171416,7.975141185686417,0.01,-0.004858814313582717,0.04
0.5,uav_01,1,1.913400213974727,-24.335525483433763,7.98,0.013080090546211318,-0.003080090546211318,0.03
0.5,uav_02,1,14.916778926971164,-24.340386950864772,7.972534379225718,0.007465620774281286,0.007603137677156142,0.03746562077428128
0.5,uav_03,1,27.923129504587568,-24.336920285725178,7.98,0.004338341824861325,0.01132331635027735,0.034338341824861326
0.6,uav_01,1,1.9104283493547625,-24.33211112779231,7.98,0.004327259058666021,0.022690963765335918,0.03
0.6,uav_02,1,14.916778926971164,-24.32908354951037,7.98,-0.0027311786537133776,0.043655893268566885,0.03
0.6,uav_03,1,27.923129504587568,-24.33211112779231,7.98,0.0,0.04596151989866101,0.03
0.7,uav_01,1,1.9104283493547625,-24.326678536829018,7.98,-0.00490074082041203,0.059602963281648116,0.03
0.7,uav_02,1,14.916778926971164,-24.31846243363272,7.98,-0.012312488370928252,0.09387493022556952,0.03
0.7,uav_03,1,27.923129504587568,-24.323923471164584,7.98,-0.014772171632334637,0.10431651489700391,0.03
0.8,uav_01,1,1.9104283493547625,-24.316581770426478,7.98,-0.01801806977389392,0.10405420932168176,0.03
0.8,uav_02,1,14.913839618930554,-24.303186737182973,7.98,-0.02913904377834765,0.1613244354828112,0.03
0.8,uav_03,1,27.915508983555622,-24.303515551119304,7.98,-0.043694109041866734,0.16738821808373344,0.03
0.9,uav_01,1,1.9074654392963981,-24.303132504785925,7.983070809451362,-0.03921242835408566,0.15842485670817133,0.03
0.9,uav_02,1,14.903532386360524,-24.27950291661915,7.98,-0.0611868091239437,0.2361025546225353,0.03
0.9,uav_03,1,27.90507593045799,-24.27954262264118,7.98,-0.07613308118011253,0.24097718942026258,0.03
1.0,uav_01,1,1.898087511201269,-24.281584027729213,7.989999999999998,-0.0683707532808924,0.2195317576554156,0.03
1.0,uav_02,1,14.893195227847658,-24.25082566481477,7.98,-0.0933276246876196,0.31109779093777906,0.03
1.0,uav_03,1,27.89473643560068,-24.245334549537297,7.98,-0.10828116047445904,0.3159893744404044,0.03
1.1,uav_01,1,1.8852038840754248,-24.255385066213325,7.989999999999998,-0.09614305880480649,0.29150070581682275,0.03
1.1,uav_02,1,14.87777967950937,-24.2092434449666,7.98520973737935,-0.12562921213804995,0.3864681616554499,0.03
1.1,uav_03,1,27.874548018265727,-24.209395993557237,7.980175333898953,-0.1405260016968588,0.39122733729267056,0.03
1.2,uav_01,1,1.8691809509241262,-24.220152397381444,7.989999999999998,-0.11824848682068725,0.361995964855166,0.02725050439310425
1.2,uav_02,1,14.856806334988358,-24.161051174952405,7.989999999999998,-0.15215660072249387,0.4625481025287286,0.03
1.2,uav_03,1,27.856748748530386,-24.16849706985232,7.989399064713867,-0.16819719414160603,0.45579345299708074,0.03
1.3,uav_01,1,1.856966288103719,-24.176010985173335,7.989999999999998,-0.1481134662454146,0.43622693249082917,0.02
1.3,uav_02,1,14.835810444611933,-24.105093380114553,7.989999999999998,-0.1808756403833627,0.5387098275611797,0.03
1.3,uav_03,1,27.835819279032197,-24.109048903072757,7.989999999999998,-0.20073467387319727,0.5317142390374603,0.02
1.4,uav_01,1,1.8407486797983696,-24.138746382214613,7.989999999999998,-0.17332576804675512,0.4877601254424286,0.02110858934891837
1.4,uav_02,1,14.814946127976762,-24.045166196017718,7.989999999999998,-0.2055412212235253,0.6143942742823386,0.022229389388237347
1.4,uav_03,1,27.81780483156009,-24.057307207696205,7.989999999999998,-0.228740387040006,0.5970609030933473,0.02
1.5,uav_01,1,1.8194776336910299,-24.089870057045683,7.989999999999998,-0.20426284767882508,0.5613675938102002,0.028579050773724975
1.5,uav_02,1,14.794576190202488,-23.977428873380255,7.989999999999998,-0.24330593263292907,0.6882853821076258,0.02
1.5,uav_03,1,27.788045745013036,-23.999545846526388,7.989999999999998,-0.2600051251084341,0.6700071751518077,0.019998974978313183
1.6,uav_01,1,1.7931469985951596,-24.02764704603828,7.989999999999998,-0.23310472008087266,0.6354332601415271,0.02
1.6,uav_02,1,14.75684866634488,-23.896937460959595,7.989999999999998,-0.29469300745743787,0.7625702104404131,0.011061398508512428
1.6,uav_03,1,27.761315874472654,-23.927889716467504,7.989999999999998,-0.30617726963785524,0.7346481774929974,0.010764546072428946
1.7,uav_01,1,1.7709661172599291,-23.95874735780501,7.989999999999998,-0.27567624675960195,0.7079467454634427,0.01886475064807961
1.7,uav_02,1,14.72565504932116,-23.816060505178356,7.989999999999998,-0.34680665758565826,0.8355293206199216,0.019361331517131656
1.7,uav_03,1,27.721863136709036,-23.847084333901613,7.989999999999998,-0.3582448010482401,0.8075427214675361,0.01
1.8,uav_01,1,1.735710329267086,-23.89659202003005,7.989999999999998,-0.32180114552284594,0.7725216037319843,0.01
1.8,uav_02,1,14.690695788930192,-23.735023605308204,7.989999999999998,-0.392895447872687,0.9000536270217617,0.02
1.8,uav_03,1,27.686115366673068,-23.775211177907806,7.989999999999998,-0.4134681456374292,0.8634681456374292,0.018911357606238202
1.9,uav_01,1,1.711951243938204,-23.823800940723377,7.989999999999998,-0.3628416705801868,0.8299783388122615,0.01
1.9,uav_02,1,14.646867175072472,-23.6519363806857,7.989999999999998,-0.4238446415364949,0.9576892830729898,0.02
1.9,uav_03,1,27.646894755541762,-23.702390630445613,7.989999999999998,-0.44903546330493543,0.9135531949574032,0.02
2.0,uav_01,1,1.6713245654738458,-23.752424194492455,7.989999999999998,-0.4078111738167899,0.8853734085801479,0.017562234763357984
2.0,uav_02,1,14.611687673301741,-23.568388997868034,7.989999999999998,-0.43655042373346675,1.0158529661342672,0.02
2.0,uav_03,1,27.60750094670895,-23.623962534531746,7.989999999999998,-0.4708490933565299,0.9679718267478548,0.02
2.1,uav_01,1,1.6287288984142225,-23.65379884155787,7.989999999999998,-0.4439685282133106,0.9559265658310581,0.02
2.1,uav_02,1,14.567324262574683,-23.4626274062844,7.989999999999998,-0.44,1.0914890851186654,0.02
2.1,uav_03,1,27.56573882656114,-23.533074094747928,7.989999999999998,-0.48408113912739914,1.028567973891794,0.02
2.2,uav_01,1,1.58405874244354,-23.557408982751717,7.989999999999998,-0.4576509873767347,1.015905924260408,0.02
2.2,uav_02,1,14.523943736248878,-23.35693092388108,7.989999999999998,-0.43457180324587624,1.1634255740329902,0.02
2.2,uav_03,1,27.524483469992735,-23.438278087797606,7.989999999999998,-0.48736731207928297,1.091061503365736,0.02
2.3,uav_01,1,1.5339000718595421,-23.453680452006164,7.998048044985382,-0.46,1.0943843598830614,0.02
2.3,uav_02,1,14.486426793502508,-23.25233464893221,7.989999999999998,-0.42599395683005564,1.2320483453595548,0.015993956830055642
2.3,uav_03,1,27.489742984117093,-23.358451863458416,7.989999999999998,-0.4801661875519374,1.1486704995845007,0.02
2.4,uav_01,1,1.481544696328521,-23.325676400833842,8.0,-0.46,1.181203543753869,0.011099557030766368
2.4,uav_02,1,14.44738800055472,-23.135389042953644,7.993296926513403,-0.42,1.3063754121072297,0.0132969265134037
2.4,uav_03,1,27.438778783855586,-23.240464967685266,7.989999999999998,-0.46960215704777575,1.2335805865700182,0.01
2.5,uav_01,1,1.4293841383809218,-23.19383718453832,8.0,-0.4502875414895605,1.2676996680835162,0.01971245851043952
2.5,uav_02,1,14.403960458305404,-23.015644371388674,8.0,-0.42,1.3783898659691227,0.02
2.5,uav_03,1,27.399253272140573,-23.131479536467904,7.989999999999998,-0.4614091763023204,1.307317413279116,0.01
2.6,uav_01,1,1.3836478258594154,-23.06804518596331,8.0,-0.44080716510484547,1.352735514056391,0.02
2.6,uav_02,1,14.364801948170317,-22.905136776780818,8.0,-0.4210391016656722,1.4441564066626889,0.02
2.6,uav_03,1,27.349604775387952,-22.994581553542556,7.989999999999998,-0.46888213076203505,1.3910570460962806,0.01888213076203507
2.7,uav_01,1,1.3322984656530854,-22.915553112186384,8.0,-0.4498367026455641,1.4386936211645125,0.02
2.7,uav_02,1,14.330033839785989,-22.765329812852812,8.0,-0.4390562269438026,1.5162249077752104,0.02
2.7,uav_03,1,27.29535868473122,-22.858102734779248,7.998438701983242,-0.47843870198324295,1.4759483178491866,0.02
2.8,uav_01,1,1.2800735905836245,-22.758817107555075,8.0,-0.4619861501106076,1.5346343502580844,0.02
2.8,uav_02,1,14.27024167218962,-22.602540126657246,8.0,-0.470049236277301,1.6001148846470357,0.02
2.8,uav_03,1,27.24357235468312,-22.698088023728907,8.0,-0.4977217733585505,1.5520262067549269,0.02
2.9,uav_01,1,1.22779649521165,-22.593138078713523,8.0,-0.4937455539884495,1.6087396259730489,0.02
2.9,uav_02,1,14.22325230254458,-22.4405828081056,8.0,-0.49926957909173375,1.6682956845473786,0.02
2.9,uav_03,1,27.19594729380485,-22.559403634536103,8.0,-0.5291092308205502,1.6182184616411002,0.02
3.0,uav_01,1,1.165249663181383,-22.413488984204985,8.0,-0.5282104631901039,1.6823156947851559,0.02
3.0,uav_02,1,14.162088537696345,-22.263829851885575,8.0,-0.5414491889552099,1.7421737834328146,0.02
3.0,uav_03,1,27.139429473324405,-22.397071269880627,8.0,-0.5611199317557749,1.6822398635115499,0.02
3.1,uav_01,1,1.1032022568703594,-22.232203253677714,8.0,-0.5710817783687716,1.7466226675531573,0.02
3.1,uav_02,1,14.108823871770229,-22.100642066691304,8.0,-0.5782521184678913,1.797378177701837,0.02
3.1,uav_03,1,27.0702071488336,-22.21962057746666,8.0,-0.6085593156797195,1.7462711788156635,0.02
3.2,uav_01,1,1.0374817731528667,-22.037383194675144,8.0,-0.6176689144456158,1.8076689144456157,0.02
3.2,uav_02,1,14.055387919971633,-21.927181872037902,8.0,-0.6151733961839927,1.843966745229991,0.02
3.2,uav_03,1,26.99687645897859,-22.02008843582868,8.0,-0.6542766853553381,1.8028458566941727,0.02
3.3,uav_01,1,0.9646220204292495,-21.834092136441413,8.0,-0.6672854574280095,1.861606821785012,0.02
3.3,uav_02,1,13.985856904520816,-21.72993009317315,8.0,-0.6477813737057753,1.8963022895096253,0.02
3.3,uav_03,1,26.925550786497972,-21.831198122498115,8.0,-0.6965184711082301,1.8556480888852878,0.02
3.4,uav_01,1,0.8878606657412924,-21.633310419430355,8.0,-0.7099031534100516,1.9148789417625645,0.02
3.4,uav_02,1,13.914932671719308,-21.555033714820055,8.0,-0.6841651353922197,1.9427064192402745,0.02
3.4,uav_03,1,26.842816336955668,-21.628124935038876,8.0,-0.7398273477526793,1.909784184690849,0.02
3.5,uav_01,1,0.8034758193541454,-21.42074421309868,8.0,-0.7477240665175099,1.9636320886900132,0.02
3.5,uav_02,1,13.85022831750463,-21.36965290919523,8.0,-0.7137389782671503,1.981651971022867,0.01208700724428324
3.5,uav_03,1,26.770325428809826,-21.44078306156268,8.0,-0.7773927448184517,1.9473927448184516,0.010651813795387089
3.6,uav_01,1,0.7200065447263204,-21.204975306863343,8.0,-0.7734432835641439,2.0068865671282876,0.013278358217928062
3.6,uav_02,1,13.771159200814148,-21.15072214588713,8.0,-0.7452523159062341,2.0320871931770568,0.01
3.6,uav_03,1,26.68696623652431,-21.225625831194257,8.0,-0.8102623013101661,2.0005246026203323,0.02
3.7,uav_01,1,0.6295118571244548,-20.98144780760633,8.0,-0.8025211156642418,2.050028154218989,0.017507038554747258
3.7,uav_02,1,13.690026700358944,-20.939239517969096,8.0,-0.7678566483229097,2.0757132966458194,0.01892832416145484
3.7,uav_03,1,26.60765693966195,-21.04338998974124,8.0,-0.8285284092780427,2.037056818556086,0.02
3.8,uav_01,1,0.553816567850417,-20.79785331430955,8.0,-0.8162239128483572,2.0848956513934285,0.013776087151642885
3.8,uav_02,1,13.6085434783264,-20.74028675599987,8.0,-0.7784307969773594,2.1137231879094376,0.011569203022640666
3.8,uav_03,1,26.528754999095558,-20.85283360073325,8.0,-0.8467006970460469,2.0734013940920937,0.011649651476976565
3.9,uav_01,1,0.4829272479988654,-20.61436465964057,8.0,-0.8249357620347462,2.124678810173731,0.01
3.9,uav_02,1,13.53436775999518,-20.533325039446684,8.0,-0.7956885328656356,2.151377065731271,0.01
3.9,uav_03,1,26.44780288466173,-20.656488988236365,8.0,-0.8653451702790228,2.1106903405580457,0.01
4.0,uav_01,1,0.40152918843300567,-20.399686230339263,8.0,-0.8348720456136721,2.1694881824546886,0.01
4.0,uav_02,1,13.448281500222421,-20.30822812280655,8.0,-0.8,2.1919890561675848,0.01
4.0,uav_03,1,26.348731912606034,-20.426265036347832,8.0,-0.8781732084343067,2.152692833737227,0.01
4.1,uav_01,1,0.3086838901225859,-20.162643245735588,8.0,-0.8455638706851157,2.212255482740463,0.01
4.1,uav_02,1,13.372230332791956,-20.095341633456304,8.0,-0.8075995102539585,2.230398041015834,0.01
4.1,uav_03,1,26.267347978886338,-20.22298411596379,8.0,-0.88,2.1893687816708542,0.01
4.2,uav_01,1,0.20864951799043271,-19.922950485762073,8.0,-0.85,2.249125641631823,0.01
4.2,uav_02,1,13.283316190394142,-19.853436950212323,8.0,-0.81,2.2724214181292384,0.01
4.2,uav_03,1,26.16858319410512,-19.990151230755295,8.0,-0.8878441239197865,2.231376495679146,0.01
4.3,uav_01,1,0.1195128848199524,-19.697391240985525,8.0,-0.85,2.284948818258658,0.01
4.3,uav_02,1,13.189915590451916,-19.60305318958057,8.0,-0.8188611267588839,2.3065833802766518,0.01
4.3,uav_03,1,26.081915399720867,-19.76578258625263,8.0,-0.8975850217195668,2.2627550651587,0.01
4.4,uav_01,1,0.031337981213469354,-19.461016274606354,8.0,-0.8563911989452256,2.319173596835677,0.01
4.4,uav_02,1,13.095797638715217,-19.350746390203305,8.0,-0.82,2.339098521735555,0.01
4.4,uav_03,1,25.983816162625004,-19.53234028323191,8.0,-0.9,2.2939810673410608,0.01
4.5,uav_01,1,-0.053527260041163725,-19.226680676667012,8.0,-0.8661640611493092,2.3484921834479278,0.01
4.5,uav_02,1,13.001842722013267,-19.09830119811877,8.0,-0.830519113019583,2.371038226039166,0.01
4.5,uav_03,1,25.891838782299878,-19.304309537335794,8.0,-0.9,2.322579137549025,0.01
4.6,uav_01,1,-0.1327676812050673,-19.02231729821791,8.0,-0.87,2.3742807957711416,0.01
4.6,uav_02,1,12.90767061469329,-18.833827698160253,8.0,-0.84,2.3940911897799997,0.01
4.6,uav_03,1,25.79135103120513,-19.05912308586844,8.0,-0.9079410983624756,2.3538232950874267,0.01
4.7,uav_01,1,-0.20841687538695977,-18.829870277393965,8.0,-0.8757792770961292,2.3957792770961293,0.01
4.7,uav_02,1,12.813787319677912,-18.570165297659855,8.0,-0.8421750880688105,2.4265252642064317,0.01
4.7,uav_03,1,25.698126022619082,-18.82577313155408,8.0,-0.9176030947187463,2.3752061894374927,0.01
4.8,uav_01,1,-0.28164236107647084,-18.626128642236694,8.0,-0.8911898868894379,2.412379773778876,0.01
4.8,uav_02,1,12.716512034142873,-18.301843432109873,8.0,-0.8560787061491834,2.4530393530745918,0.01
4.8,uav_03,1,25.597407618118858,-18.57120078973031,8.0,-0.9280417190900008,2.404125157270002,0.01
4.9,uav_01,1,-0.3694613805702628,-18.394394110264248,8.0,-0.9002915974629158,2.430583194925832,0.01
4.9,uav_02,1,12.61671540462153,-18.032719391619825,8.0,-0.8737582702587429,2.4675165405174857,0.01
4.9,uav_03,1,25.494436138780156,-18.310933652354084,8.0,-0.9387138560054675,2.4274277120109353,0.01
5.0,uav_01,1,-0.44669210916679986,-18.199188400320985,8.0,-0.9082959197966922,2.4465918395933843,0.01
5.0,uav_02,1,12.524378175691576,-17.77972761120694,8.0,-0.8839524285800745,2.487904857160149,0.01
5.0,uav_03,1,25.403295028683136,-18.08056854482625,8.0,-0.9563197472495482,2.4463197472495484,0.01
5.1,uav_01,1,-0.5193476045816607,-18.01554689102188,8.0,-0.9158260572845682,2.4558260572845683,0.01
5.1,uav_02,1,12.437490467846857,-17.541752166565928,8.0,-0.8932862404805261,2.503286240480526,0.01
5.1,uav_03,1,25.314916038183583,-17.866036486467923,8.0,-0.9666542005190498,2.4566542005190497,0.01
5.2,uav_01,1,-0.5939093479000978,-17.823147784327993,8.0,-0.9235537615045674,2.4671075230091346,0.01
5.2,uav_02,1,12.356592952036003,-17.31086670930932,8.0,-0.9,2.514683941418436,0.01
5.2,uav_03,1,25.225727713692038,-17.64505785420834,8.0,-0.9755632481525653,2.4711264963051307,0.01
5.3,uav_01,1,-0.6726278846032743,-17.615137622980935,8.0,-0.931712282743281,2.483424565486562,0.01
5.3,uav_02,1,12.275603492330182,-17.09604002362021,8.0,-0.900735854243716,2.5307358542437157,0.01
5.3,uav_03,1,25.1315658082054,-17.41349379972637,8.0,-0.9848384964004806,2.4848384964004806,0.01
5.4,uav_01,1,-0.7516936138551601,-17.406210023423846,8.0,-0.9399067875083438,2.4998135750166877,0.01
5.4,uav_02,1,12.17655872977035,-16.824049200374006,8.0,-0.91,2.54,0.01
5.4,uav_03,1,25.032609252896226,-17.175777246953277,8.0,-0.99,2.494162154102466,0.01
5.5,uav_01,1,-0.8302886463548234,-17.198526215427734,8.0,-0.9480525085871274,2.5080525085871272,0.01
5.5,uav_02,1,12.10790364193353,-16.64263124805953,8.0,-0.91,2.54,0.01
5.5,uav_03,1,24.930645001955053,-16.92122554877295,8.0,-0.9941461155646063,2.5041461155646063,0.01
5.6,uav_01,1,-0.9238065867807503,-16.969360531673544,8.0,-0.95,2.517040786300867,0.01
5.6,uav_02,1,12.025176770426063,-16.42402924363917,8.0,-0.91,2.54,0.01
5.6,uav_03,1,24.821810660951797,-16.64621199637447,8.0,-1.0,2.514932626626211,0.01
5.7,uav_01,1,-1.015951150257133,-16.73341753419091,8.0,-0.9562948820700324,2.526294882070032,0.01
5.7,uav_02,1,11.93299396249639,-16.180440355666967,8.0,-0.91,2.54,0.01
5.7,uav_03,1,24.722218316560625,-16.406968131374974,8.0,-1.0,2.52,0.01
5.8,uav_01,1,-1.1060533338030782,-16.495326603086642,8.0,-0.96,2.5356332235452252,0.01
5.8,uav_02,1,11.853274514136032,-15.951467289698407,8.0,-0.91,2.534992513112137,0.01
5.8,uav_03,1,24.631690509889026,-16.189499383600275,8.0,-1.0,2.52,0.01
5.9,uav_01,1,-1.200771153873053,-16.25767105439134,8.0,-0.96,2.5350455114387747,0.01
5.9,uav_02,1,11.775780052001105,-15.728428424774133,8.0,-0.9064616057089642,2.526461605708964,0.01
5.9,uav_03,1,24.53363952332661,-15.953958217781656,8.0,-1.0,2.5179159730987175,0.01
6.0,uav_01,1,-1.2949395891674953,-16.017032733742642,8.0,-0.96,2.53,0.01
6.0,uav_02,1,11.688024692296578,-15.496538867750063,8.0,-0.8973664929428906,2.5147329858857814,0.01
6.0,uav_03,1,24.435157533005988,-15.713906639486453,8.0,-0.9985007316184767,2.5070014632369535,0.01
6.1,uav_01,1,-1.3837487118656957,-15.775939981699254,8.0,-0.9565859613873915,2.523171922774783,0.01
6.1,uav_02,1,11.601989239546933,-15.269194087019644,8.0,-0.8884496342202679,2.495348902660804,0.01
6.1,uav_03,1,24.331862176381065,-15.446064085822304,8.0,-0.9859909592710151,2.485990959271015,0.01
6.2,uav_01,1,-1.4789583289933763,-15.531959345490096,8.0,-0.9470166154068959,2.504033230813792,0.01
6.2,uav_02,1,11.512284124422145,-15.030795283966155,8.0,-0.8781165456341622,2.4671748184512436,0.01
6.2,uav_03,1,24.2325513212404,-15.209005744739088,8.0,-0.9686384398706388,2.4659153196119163,0.01
6.3,uav_01,1,-1.5845544878083122,-15.27439186485668,8.0,-0.9335482275565892,2.4835482275565894,0.01
6.3,uav_02,1,11.422480793438336,-14.77859108201741,8.0,-0.858716752941598,2.4335837647079903,0.01
6.3,uav_03,1,24.12484630477441,-14.956000667927515,8.0,-0.9566791105110916,2.4350186657666373,0.01
6.4,uav_01,1,-1.6783410172625197,-15.034074487263046,8.0,-0.9170539204986732,2.4582156819946928,0.01
6.4,uav_02,1,11.33562226248496,-14.537792460298414,8.0,-0.8465287413036904,2.3853716550715873,0.01
6.4,uav_03,1,24.038096165635217,-14.72821149053432,8.0,-0.9386972504719974,2.4067431261799936,0.01
6.5,uav_01,1,-1.7826542312202194,-14.762596586184657,8.0,-0.9024854480555486,2.414970896111097,0.01
6.5,uav_02,1,11.239026796148966,-14.286517496190276,8.0,-0.8170789937734594,2.341236981320378,0.01
6.5,uav_03,1,23.927551521692006,-14.45916586329613,8.0,-0.915783185604982,2.349457964012455,0.01
6.6,uav_01,1,-1.883723331593995,-14.495669603996152,8.0,-0.8805950063556376,2.366487515889094,0.01
6.6,uav_02,1,11.17485186988935,-14.083759599281528,8.0,-0.8004510010467311,2.2913530031401934,0.01
6.6,uav_03,1,23.82658088045904,-14.206808400357108,8.0,-0.8948536521572558,2.2945609564717673,0.01
6.7,uav_01,1,-1.9761386312646145,-14.25449695590906,8.004810323875132,-0.8603793522497384,2.315948380624346,0.01
6.7,uav_02,1,11.081548615049348,-13.84230548746568,8.000612131820251,-0.7781636045392475,2.215715077258244,0.01
6.7,uav_03,1,23.735332046024944,-13.98390367552099,8.002255951398835,-0.8732321458034948,2.2364642916069895,0.01
6.8,uav_01,1,-2.067895884640271,-14.02194199203641,8.010000000000002,-0.8403995563135936,2.2611986689407813,0.01
6.8,uav_02,1,10.998626660590393,-13.598400118815768,8.010000000000002,-0.7463870799660043,2.140365546576011,0.01
6.8,uav_03,1,23.64453699195716,-13.752095163441112,8.010000000000002,-0.8418649733628587,2.1710182711800035,0.01
6.9,uav_01,1,-2.1556225935533364,-13.792203177588249,8.010000000000002,-0.8152921899156318,2.1956817764698076,0.01
6.9,uav_02,1,10.91632592602631,-13.394681353940753,8.010000000000002,-0.717370019060026,2.062110057180078,0.01
6.9,uav_03,1,23.562835218904237,-13.5435026732135,8.010000000000002,-0.8136392772567305,2.103038072684615,0.01
7.0,uav_01,1,-2.2376911437501614,-13.570609628997603,8.010000000000002,-0.7853072554071526,2.120819347752407,0.01
7.0,uav_02,1,10.842246281302069,-13.170316038474613,8.010000000000002,-0.6851572465854737,1.9638574886182458,0.01
7.0,uav_03,1,23.48091619337438,-13.337800420625236,8.010000000000002,-0.7837847018306726,2.024461754576681,0.01
7.1,uav_01,1,-2.3262370695762806,-13.338249742160025,8.010000000000002,-0.7530162880639899,2.0233876268799666,0.01
7.1,uav_02,1,10.763974700903914,-12.965204787429455,8.010000000000002,-0.6519794349136591,1.8579434460125623,0.01
7.1,uav_03,1,23.392945469818926,-13.131461503628998,8.010000000000002,-0.744315466591433,1.9210515553047767,0.01
7.2,uav_01,1,-2.4138455586960554,-13.11779295589108,8.010000000000002,-0.7141249780178881,1.9217812005402481,0.01
7.2,uav_02,1,10.70120700984806,-12.791511707087961,8.010000000000002,-0.6148060130721552,1.7557165359484268,0.008701503268038794
7.2,uav_03,1,23.318376936217497,-12.9421493996802,8.010000000000002,-0.7137785826789065,1.8244464566972662,0.008444645669726615
7.3,uav_01,1,-2.4903572271416654,-12.909904535602346,8.010000000000002,-0.6708297024660992,1.817074256165248,0.0027074256165247994
7.3,uav_02,1,10.631210945181254,-12.604935423839772,8.010000000000002,-0.5722436180484204,1.6386699496331563,0.0
7.3,uav_03,1,23.239929544992293,-12.757540055862025,8.010000000000002,-0.670180694476683,1.7183975278487027,0.0
7.4,uav_01,1,-2.5634075085482024,-12.715070191359128,8.010000000000002,-0.6275665382380341,1.7008079801545937,0.0
7.4,uav_02,1,10.576063067709335,-12.44816198391631,8.010000000000002,-0.5326743682310324,1.5324184837544779,0.0
7.4,uav_03,1,23.180032708045985,-12.601170923714136,8.010000000000002,-0.625839203868172,1.6208462485099784,0.0
7.5,uav_01,1,-2.6353314389653795,-12.535902716485493,8.010000000000002,-0.5762130516699703,1.5836687136739347,0.0
7.5,uav_02,1,10.51657650272835,-12.285606103637072,8.010000000000002,-0.47955636703887633,1.4028465543010784,0.0
7.5,uav_03,1,23.115904316648997,-12.442809037338238,8.010000000000002,-0.5780926204588135,1.5154222891011526,0.0
7.6,uav_01,1,-2.6985545210836333,-12.357754936461168,8.010000000000002,-0.5321152063848333,1.4563456191545,0.0
7.6,uav_02,1,10.464627003525212,-12.133593625582293,8.010000000000002,-0.42857202732636923,1.2600020956422924,0.0
7.6,uav_03,1,23.065108918868965,-12.306639221700252,8.010000000000002,-0.5342216187523643,1.410131885005674,0.0
7.7,uav_01,1,-2.7532196460450065,-12.220506363085653,8.010000000000002,-0.4854307967671196,1.343033912241087,0.0
7.7,uav_02,1,10.419480920462691,-12.00788264172463,8.010000000000002,-0.38615609513665383,1.1240058473552998,0.0
7.7,uav_03,1,23.01554848753815,-12.182334028900703,8.010000000000002,-0.49141723274636856,1.2996848051405583,0.0
7.8,uav_01,1,-2.80523980833337,-12.07875453375365,8.010000000000002,-0.43260238811748997,1.2067662091054738,0.0
7.8,uav_02,1,10.386824442158403,-11.914085618579486,8.010000000000002,-0.3438489429724464,1.0140072517283607,0.0
7.8,uav_03,1,22.973631739487402,-12.07689296194678,8.010000000000002,-0.45025745796632877,1.1926693907124548,0.0
7.9,uav_01,1,-2.8569782316369996,-11.947348783105774,8.010000000000002,-0.36897981789368545,1.056684408154478,0.0
7.9,uav_02,1,10.347441283095181,-11.799907840827242,8.010000000000002,-0.29043631295392525,0.8770471510894207,0.0
7.9,uav_03,1,22.92848900971529,-11.968673423266598,8.010000000000002,-0.39816493020011595,1.0710240154335844,0.0
8.0,uav_01,1,-2.8973711758481135,-11.840534789642444,8.010000000000002,-0.32519315307847585,0.9175021980040372,0.0
8.0,uav_02,1,10.316364094025387,-11.70763270390607,8.010000000000002,-0.23940382283183612,0.7482114684955083,0.0
8.0,uav_03,1,22.882988261815473,-11.85099362488154,8.010000000000002,-0.34039129588422246,0.9330173692989783,0.0
8.1,uav_01,1,-2.9304585816874154,-11.736437181723534,8.010000000000002,-0.2692353249692214,0.7712941999179238,0.0
8.1,uav_02,1,10.287689046837473,-11.633594848963526,8.010000000000002,-0.1972226111038093,0.6216678333114278,0.0
8.1,uav_03,1,22.85066525192024,-11.75497901799549,8.010000000000002,-0.29135487803336935,0.7940646341001081,0.0
8.2,uav_01,1,-2.9668863658820204,-11.656364399756024,8.010000000000002,-0.20274213845670808,0.5931572329539219,0.0
8.2,uav_02,1,10.264488528998612,-11.579336200666967,8.010000000000002,-0.15486448118625698,0.49459344355877094,0.0
8.2,uav_03,1,22.821650671306248,-11.678840740052774,8.010000000000002,-0.22397794190311573,0.6206976120198999,0.0
8.3,uav_01,1,-2.984296689224397,-11.596356588801257,8.010000000000002,-0.12619865249345397,0.3904966312336349,0.0
8.3,uav_02,1,10.24590211514387,-11.526492151914173,8.010000000000002,-0.09317422628929012,0.3124480104581746,0.0
8.3,uav_03,1,22.797005409189367,-11.61511605629633,8.010000000000002,-0.1387958599092569,0.41198964977314234,0.0
8.4,uav_01,1,-2.9945507789895447,-11.56500768176669,8.010000000000002,-0.044781248549183854,0.1815491032049276,0.0
8.4,uav_02,1,10.238193658585194,-11.508779765048734,8.010000000000002,-0.03725001477879662,0.16864289514547703,0.0
8.4,uav_03,1,22.78335641788395,-11.572062468142114,8.003052922001931,-0.06137045401351591,0.20800551803668604,0.0
8.5,uav_01,1,-3.0007233159052378,-11.54598303122509,8.005632503239392,0.026204980563658123,-0.014247444930364672,0.0
8.5,uav_02,1,10.237194334277124,-11.48889208230052,8.010000000000002,0.009673119314780598,0.023046018192702106,0.0
8.5,uav_03,1,22.773201768535554,-11.553627381856144,8.0,0.012300690260846889,0.015512510757822284,0.0
8.6,uav_01,1,-3.0007233159052378,-11.544619170872835,8.0,0.08641298785959946,-0.18043463429226525,0.0
8.6,uav_02,1,10.237194334277124,-11.491282169247238,8.010000000000002,0.0640079495391518,-0.12316329881496177,0.0
8.6,uav_03,1,22.770762139309333,-11.558784904527274,8.0,0.08026752155589485,-0.15207826663574464,0.0
8.7,uav_01,1,-2.997200489564262,-11.562966563576646,8.0,0.1382555827676179,-0.3174645151958066,0.0
8.7,uav_02,1,10.242769765462112,-11.508209436946913,8.010000000000002,0.11889234981997274,-0.27667704945991817,0.0
8.7,uav_03,1,22.777939172931323,-11.570155398868923,8.0,0.14463039115661785,-0.31157597789154456,0.0
8.8,uav_01,1,-2.984632029088248,-11.595183132981779,8.0,0.18001592030392127,-0.42670912081045675,0.0
8.8,uav_02,1,10.25149045204962,-11.53358718312332,8.010000000000002,0.16408367911428512,-0.39298409405142726,0.0
8.8,uav_03,1,22.79413170856391,-11.59664084391808,8.007110307085261,0.188441228341039,-0.4211030708525975,0.0
8.9,uav_01,1,-2.963972338549679,-11.635270413076212,8.004044664959668,0.20404466495966808,-0.4961786598386723,0.004044664959668085
8.9,uav_02,1,10.263701883399126,-11.567392222317057,8.010000000000002,0.1974728684153872,-0.4761550394538552,0.0
8.9,uav_03,1,22.81411284969951,-11.639349947008037,8.010000000000002,0.21492940390740245,-0.4873235097685061,0.007464701953701218
9.0,uav_01,1,-2.9446144204167193,-11.67975077820231,8.010000000000002,0.21,-0.5240761004427252,0.01
9.0,uav_02,1,10.282289182336518,-11.610101868972475,8.010000000000002,0.21336852836234765,-0.530105585087043,0.003368528362347648
9.0,uav_03,1,22.83453640822019,-11.686278926250615,8.010000000000002,0.22804836122054073,-0.5241450836616222,0.01
9.1,uav_01,1,-2.9269211390901235,-11.724003221935641,8.010000000000002,0.21,-0.5267550928244304,0.01
9.1,uav_02,1,10.298908819546446,-11.648290248775158,8.010000000000002,0.2180190362880397,-0.5480190362880397,0.01
9.1,uav_03,1,22.854805764420558,-11.73285358156587,8.010000000000002,0.22144788844791272,-0.5214478884479128,0.01
9.2,uav_01,1,-2.909334914747638,-11.771900797999264,8.010000000000002,0.20292529175511614,-0.5058505835102324,0.01
9.2,uav_02,1,10.319351198821295,-11.698116233657965,8.010000000000002,0.20485124753132972,-0.5271281188283243,0.01
9.2,uav_03,1,22.873239156616506,-11.775209583052096,8.010000000000002,0.21189555005710645,-0.49568665017131935,0.01
9.3,uav_01,1,-2.893031486219475,-11.811151334118243,8.010000000000002,0.17354552401260492,-0.4438638100315123,0.01
9.3,uav_02,1,10.34062088267858,-11.751234102235875,8.010000000000002,0.17561397890972483,-0.45763145254688087,0.01
9.3,uav_03,1,22.893464274374736,-11.82168259049749,8.010000000000002,0.17565889538869733,-0.4213177907773946,0.01
9.4,uav_01,1,-2.8840522250580776,-11.842099974917168,8.010000000000002,0.1363204945265409,-0.34896148357962264,0.009080123631635224
9.4,uav_02,1,10.356656275532739,-11.785207676776052,8.010000000000002,0.13475055869616212,-0.36187639674040534,0.0061876396740405334
9.4,uav_03,1,22.903020890679574,-11.851484675042334,8.010000000000002,0.14169924241080908,-0.3321729166297249,0.002924810602702268
9.5,uav_01,1,-2.8750855434601106,-11.872532812299955,8.010000000000002,0.09893452545586344,-0.23744286109407223,0.0
9.5,uav_02,1,10.365996889155971,-11.817401781443925,8.010000000000002,0.0960274850941503,-0.2615755840089133,0.0
9.5,uav_03,1,22.912349747712913,-11.88363826004712,8.010000000000002,0.09628113233153884,-0.2190747175956932,0.0
9.6,uav_01,1,-2.8662166594237495,-11.882722214254434,8.010000000000002,0.05297522150182722,-0.12714053160438532,0.0
9.6,uav_02,1,10.375848158600897,-11.84314589052719,8.010000000000002,0.055187400902269985,-0.15296850225567496,0.0
9.6,uav_03,1,22.920982454811526,-11.900775532440903,8.010000000000002,0.0458548654420549,-0.11170973088410979,0.0
9.7,uav_01,1,-2.859083029390946,-11.890917994679043,8.010000000000002,0.016008149925618505,-0.03162118980660811,0.0
9.7,uav_02,1,10.381923755659216,-11.85395848318358,8.010000000000002,0.01962842743991224,-0.04851370975964896,0.0
9.7,uav_03,1,22.92514018814369,-11.905552324137805,8.010000000000002,0.0022642284385409085,-0.002358742425257951,0.0
9.8,uav_01,1,-2.860956207294483,-11.8944670797587,8.010000000000002,-0.020572092454528082,0.08200232359084828,0.0
9.8,uav_02,1,10.377980097763395,-11.856680505138838,8.010000000000002,-0.020436364420233315,0.08313454749260663,0.0
9.8,uav_03,1,22.921997978154696,-11.901942260339526,8.010000000000002,-0.039539833357665234,0.11559294450121887,0.0
9.9,uav_01,1,-2.865642523346567,-11.885978696692154,8.010000000000002,-0.05914342825253673,0.1997729134565955,0.0
9.9,uav_02,1,10.372275126835794,-11.844504282807875,8.010000000000002,-0.06521433313248784,0.21578588815245542,0.0
9.9,uav_03,1,22.913988668722023,-11.891013757647732,8.010000000000002,-0.08623048451475017,0.23024907467293804,0.0
10.0,uav_01,1,-2.8680995395034365,-11.866650892111792,8.010000000000002,-0.10018597171058426,0.3080114222041067,0.0
10.0,uav_02,1,10.366570153070796,-11.819377638801589,8.010000000000002,-0.09773819269078439,0.32912730896928133,0.0
10.0,uav_03,1,22.90513027966534,-11.869840307540452,8.010000000000002,-0.12221581392249996,0.3473860464083332,0.0
10.1,uav_01,1,-2.879930373942629,-11.839466157899938,8.010000000000002,-0.13480816866140552,0.4116367589763248,0.0
10.1,uav_02,1,10.356330802635531,-11.78408587596032,8.010000000000002,-0.12304993043719344,0.42219972174877374,0.0
10.1,uav_03,1,22.896284599745396,-11.83935208245318,8.010000000000002,-0.14971924497521785,0.4390641499173929,0.0
10.2,uav_01,1,-2.8951864965362426,-11.803036562186563,8.010000000000002,-0.15061986990344836,0.4843390893241386,0.0
10.2,uav_02,1,10.339187934647839,-11.740843063041465,8.010000000000002,-0.13,0.5000224228806409,0.0
10.2,uav_03,1,22.876278921428995,-11.804009721802569,8.010000000000002,-0.1703203184443519,0.5219219106661113,0.0
10.3,uav_01,1,-2.906128033326024,-11.757099040210793,8.010000000000002,-0.16,0.5558795843338444,0.0
10.3,uav_02,1,10.326054759795577,-11.69314324084897,8.010000000000002,-0.13,0.5753249482229035,0.0
10.3,uav_03,1,22.858285537711136,-11.752328526441778,8.010000000000002,-0.17964464075255906,0.5778678445153544,0.0
10.4,uav_01,1,-2.923480932010424,-11.717225781930804,8.010000000000002,-0.16,0.6098340898961557,0.0
10.4,uav_02,1,10.315713009634022,-11.63605934969503,8.010000000000002,-0.12137807191822932,0.6503534965723948,0.0
10.4,uav_03,1,22.847347981890334,-11.693200206341272,8.010000000000002,-0.16968742647038354,0.6421880147073153,0.0
10.5,uav_01,1,-2.9344888350013068,-11.657175878268191,8.010000000000002,-0.14932326370301147,0.6754138903759083,0.0
10.5,uav_02,1,10.296436289699326,-11.56656341333346,8.010000000000002,-0.11069967801424405,0.7344025758860477,0.0
10.5,uav_03,1,22.828107563640376,-11.637623392184683,8.010000000000002,-0.15971688039175932,0.7119818372576848,0.0
10.6,uav_01,1,-2.950331554585814,-11.602571094986525,8.010000000000002,-0.1411134335809615,0.741092531352308,0.0
10.6,uav_02,1,10.286837695157667,-11.505050512477625,8.010000000000002,-0.11,0.8254878770598286,0.0
10.6,uav_03,1,22.807627683831157,-11.559090199139236,8.010000000000002,-0.14820806866841554,0.7961273819842601,0.0
10.7,uav_01,1,-2.961168128903849,-11.525294762855117,8.010000000000002,-0.1309956591802954,0.8220347265576369,0.0
10.7,uav_02,1,10.276727851994613,-11.415346867558311,8.010000000000002,-0.10097320076949254,0.9212411930745673,0.0
10.7,uav_03,1,22.79498612259346,-11.473698447685221,8.010000000000002,-0.13755307159921223,0.89202235560709,0.0
10.8,uav_01,1,-2.978446551944585,-11.451953043174546,8.010000000000002,-0.13,0.906103947223601,0.0
10.8,uav_02,1,10.26779894421281,-11.333279962714816,8.010000000000002,-0.09171913035794911,1.012808696420509,0.0
10.8,uav_03,1,22.777806508440563,-11.382780211665471,8.010000000000002,-0.12730090281345885,0.9869909718654116,0.0
10.9,uav_01,1,-2.989748951807405,-11.363475150279946,8.010000000000002,-0.12137401559312386,1.0062598440687616,0.0
10.9,uav_02,1,10.257534394260263,-11.229049811503364,8.010000000000002,-0.06324233751717234,1.101353766620874,0.0
10.9,uav_03,1,22.766385367694856,-11.292892160733874,8.010000000000002,-0.11546384050462848,1.0804127177291718,0.0
11.0,uav_01,1,-3.009872900718858,-11.25410297379052,8.010000000000002,-0.10051721619589546,1.1076725271184706,0.0
11.0,uav_02,1,10.249434675295252,-11.137190747881517,8.010000000000002,-0.03805828250969319,1.168511246640818,0.0
11.0,uav_03,1,22.748452354787847,-11.17257119849547,8.010000000000002,-0.087511059948358,1.174977880103284,0.0
11.1,uav_01,1,-3.020400391359147,-11.13587038149681,8.010000000000002,-0.0684253960261213,1.2031492079477575,0.0
11.1,uav_02,1,10.239975864357099,-11.02062954285145,8.010000000000002,-0.008648472640659679,1.2469374062915741,0.0
11.1,uav_03,1,22.738126326669192,-11.049696816366867,8.010000000000002,-0.04470278428277688,1.2605944314344462,0.0
11.2,uav_01,1,-3.0293339499790015,-11.02296961125219,8.010000000000002,-0.03138983355239732,1.2772203328952054,0.0
11.2,uav_02,1,10.237194334277124,-10.902892529054194,8.010000000000002,0.020318047165916318,1.3241814591091103,0.0
11.2,uav_03,1,22.732167626757956,-10.913725555540857,8.010000000000002,-0.006318242063692242,1.3419241018513848,0.0
11.3,uav_01,1,-3.029669199633195,-10.89383153315336,8.010000000000002,0.010668357916715105,1.3515595018056688,0.0
11.3,uav_02,1,10.24396526710489,-10.770190418797046,8.010000000000002,0.044035015651821434,1.399122554781375,0.0
11.3,uav_03,1,22.732167626757956,-10.770393370023983,8.010000000000002,0.031342337116983365,1.4173490899547208,0.0
11.4,uav_01,1,-3.029669199633195,-10.748669646391283,8.010000000000002,0.04104799884196901,1.427335991893783,0.0
11.4,uav_02,1,10.246842963100546,-10.63453702233125,8.010000000000002,0.05,1.4666216353230213,0.0
11.4,uav_03,1,22.732167626757956,-10.6332869368683,8.010000000000002,0.05,1.4916681472130768,0.0
11.5,uav_01,1,-3.029669199633195,-10.597098942948055,8.010000000000002,0.0484341590528284,1.5025267275773728,0.0
11.5,uav_02,1,10.246842963100546,-10.487889662582198,8.010000000000002,0.02949069949154424,1.5446914680225488,0.0
11.5,uav_03,1,22.732167626757956,-10.485247210332648,8.010000000000002,0.044910186280909356,1.5707185097527252,0.0
11.6,uav_01,1,-3.029669199633195,-10.4627804873519,8.010000000000002,0.037530437474108384,1.5765855000690443,0.0
11.6,uav_02,1,10.240620476679776,-10.335065496025369,8.010000000000002,0.0006527335604465841,1.6280417993186602,0.0
11.6,uav_03,1,22.732167626757956,-10.32183440181382,8.010000000000002,0.017522256073738016,1.6549554878525239,0.0
11.7,uav_01,1,-3.029669199633195,-10.297762737067936,8.010000000000002,0.005922568982248096,1.6622322930532556,0.0
11.7,uav_02,1,10.231772091907406,-10.18257774351054,8.010000000000002,-0.03247881326766496,1.70495762653533,0.0
11.7,uav_03,1,22.725992504761933,-10.14033802192557,8.010000000000002,-0.025600001768415714,1.7412000035368314,0.0
11.8,uav_01,1,-3.030389417271959,-10.140844482102505,8.010000000000002,-0.022985782340455077,1.7459715646809102,0.0
11.8,uav_02,1,10.223480153997283,-10.035008578204394,8.010000000000002,-0.06264082047919638,1.7737088546111903,0.0
11.8,uav_03,1,22.716435736279116,-9.964662708318134,8.010000000000002,-0.06521918145221298,1.820438362904426,0.0
11.9,uav_01,1,-3.041793974475817,-9.95253878850759,8.010000000000002,-0.06384947915874756,1.8289821180370778,0.0
11.9,uav_02,1,10.215405061870484,-9.886569874022747,8.010000000000002,-0.0851655349805577,1.838079372431952,0.0
11.9,uav_03,1,22.706716556320654,-9.78600189286372,8.010000000000002,-0.09913374993093009,1.8946454165055036,0.0
12.0,uav_01,1,-3.060152276658206,-9.758247466204258,8.010000000000002,-0.09318634559414943,1.8995590367824482,0.0
12.0,uav_02,1,10.205580601368471,-9.728961810281355,8.010000000000002,-0.10138250181403076,1.8982950108841845,0.0
12.0,uav_03,1,22.691554921231717,-9.601123805964024,8.010000000000002,-0.1160458448763935,1.9562750692583608,0.0
12.1,uav_01,1,-3.070321698081383,-9.579724067260047,8.010000000000002,-0.11106646554692023,1.955332327734601,0.0010664655469202406
12.1,uav_02,1,10.191620844262843,-9.592636502800401,8.010000000000002,-0.1086165649918192,1.9416993899509152,0.0
12.1,uav_03,1,22.678896681454255,-9.418249389752807,8.010000000000002,-0.12,2.0060545104727545,0.0
12.2,uav_01,1,-3.0877092627692857,-9.408305629672068,8.010000000000002,-0.11984630528045741,2.000768473597713,0.01
12.2,uav_02,1,10.181925365377108,-9.42127107722745,8.010000000000002,-0.10271831259821307,1.9864084370089348,0.0
12.2,uav_03,1,22.665972202138487,-9.236830268808943,8.010000000000002,-0.11569697523579249,2.04721209905683,0.004303024764207511
12.3,uav_01,1,-3.0986749604489163,-9.195844270243713,8.010000000000002,-0.10848127162177702,2.0537968209455575,0.01
12.3,uav_02,1,10.174043402086514,-9.25827145404068,8.010000000000002,-0.09454931386527088,2.0272534306736456,0.005450686134729119
12.3,uav_03,1,22.65109562221889,-9.038394541164525,8.010000000000002,-0.09792684159005649,2.0901219306832393,0.01
12.4,uav_01,1,-3.117656673415714,-8.976118912638457,8.010000000000002,-0.08642491774135655,2.1059584704310725,0.01
12.4,uav_02,1,10.162044624996867,-9.08881639569457,8.010000000000002,-0.07817037060780106,2.069716048986998,0.006056790202600356
12.4,uav_03,1,22.641405386118755,-8.826866644339747,8.010000000000002,-0.06779747242726722,2.1403375459545546,0.01
12.5,uav_01,1,-3.1266795547856945,-8.779158668582737,8.010000000000002,-0.058370519309638706,2.1521726409204818,0.01
12.5,uav_02,1,10.150356681722101,-8.906576776787947,8.010000000000002,-0.05125639647302216,2.114572672544963,0.0
12.5,uav_03,1,22.63300426079545,-8.643478695431908,8.010000000000002,-0.04167626908035926,2.1810983078928543,0.01
12.6,uav_01,1,-3.1355992236697197,-8.584451473275852,8.010000000000002,-0.030637038063969682,2.189150615914707,0.01
12.6,uav_02,1,10.149471731767928,-8.737008694153602,8.010000000000002,-0.02816564592518336,2.1545858851870414,0.0
12.6,uav_03,1,22.625281958735545,-8.473183677002599,8.010000000000002,-0.018443798436874655,2.213112403126251,0.01
12.7,uav_01,1,-3.1358041084639074,-8.408472854521628,8.010000000000002,-0.006792636578819438,2.228678939035301,0.0022642121929398133
12.7,uav_02,1,10.142525390740886,-8.577396589221967,8.010000000000002,-0.013767036254729106,2.190582409363177,0.0
12.7,uav_03,1,22.61812845170395,-8.300592746557935,8.010000000000002,-0.0036157702009257837,2.2427684595981483,0.01
12.8,uav_01,1,-3.141582238973498,-8.21886658993383,8.010000000000002,0.005988551779178063,2.2639542071167122,0.0
12.8,uav_02,1,10.135461883394381,-8.415092251891812,8.010000000000002,0.0008744397094932882,2.221748879418987,0.0
12.8,uav_03,1,22.616384090474973,-8.102505307898857,8.010000000000002,0.01407291121886177,2.2781458224377236,0.0029635443905691155
12.9,uav_01,1,-3.1454527359161757,-8.017234069225818,8.010000000000002,0.02464784580260651,2.2946478458026065,0.0
12.9,uav_02,1,10.131059426817567,-8.235840821788731,8.010000000000002,0.017044713094730223,2.2540894261894606,0.0
12.9,uav_03,1,22.616384090474973,-7.913230970915435,8.010000000000002,0.03061652488600821,2.3112330497720164,0.0
13.0,uav_01,1,-3.1454527359161757,-7.821164934176351,8.010000000000002,0.047097742147271374,2.3241954842945427,0.0
13.0,uav_02,1,10.131059426817567,-8.0347807224829,8.010000000000002,0.034935568354343936,2.2898711367086877,0.0
13.0,uav_03,1,22.616384090474973,-7.724274951302311,8.010000000000002,0.04685054821630385,2.3402758223244557,0.0
13.1,uav_01,1,-3.1454527359161757,-7.630076266358153,8.010000000000002,0.06167760908593691,2.3550328272578107,0.0
13.1,uav_02,1,10.131059426817567,-7.839016866154292,8.010000000000002,0.05087724109863385,2.3226317232959013,0.0
13.1,uav_03,1,22.616384090474973,-7.519385462403543,8.012125526626003,0.062125526626001536,2.368502106504006,0.0
13.2,uav_01,1,-3.144317409458607,-7.39972189717899,8.010000000000002,0.07117667146253205,2.383530014387596,0.0
13.2,uav_02,1,10.131059426817567,-7.595421831890199,8.010000000000002,0.06128041677477628,2.3551216670991053,0.0
13.2,uav_03,1,22.616384090474973,-7.300748482478382,8.02,0.0711425727841402,2.40228514556828,0.0
13.3,uav_01,1,-3.1358041084639074,-7.180185724821264,8.010579713856508,0.08,2.4123188554260264,0.0
13.3,uav_02,1,10.13165006540202,-7.367843893459079,8.01061214777685,0.07,2.391836443330545,0.0
13.3,uav_03,1,22.6167597490452,-7.084629713085036,8.02,0.08,2.4211680164418294,0.0
13.4,uav_01,1,-3.1358041084639074,-6.922634716435282,8.02,0.08,2.452181782297002,0.0
13.4,uav_02,1,10.140708054269833,-7.109788283542703,8.02,0.07,2.4235808059684554,0.0
13.4,uav_03,1,22.62462892182759,-6.876690410094891,8.02,0.08,2.4456352425930254,0.0
13.5,uav_01,1,-3.1353498471347034,-6.684005775862436,8.02,0.08,2.471412412076942,0.0
13.5,uav_02,1,10.140708054269833,-6.880358745297523,8.02,0.07,2.451803771030193,0.0
13.5,uav_03,1,22.626032719298397,-6.651268337348044,8.02,0.08,2.473166836632032,0.0
13.6,uav_01,1,-3.1261554796404867,-6.420765492804026,8.02,0.07879014018476257,2.502419719630475,0.0
13.6,uav_02,1,10.141925922361736,-6.61896493618895,8.02,0.06873778099742335,2.48378665700773,0.0
13.6,uav_03,1,22.626032719298397,-6.416839734707538,8.02,0.08,2.501048026402143,0.0
13.7,uav_01,1,-3.1261554796404867,-6.1791462129370105,8.02,0.06931341072651052,2.5220597678204686,0.0
13.7,uav_02,1,10.150356681722101,-6.386626271888655,8.02,0.06,2.5107498930712464,0.0
13.7,uav_03,1,22.63300713118983,-6.156464029939655,8.02,0.07277160204812781,2.524456795903744,0.0
13.8,uav_01,1,-3.1261554796404867,-5.911878287386261,8.02,0.06,2.552338606702375,0.0
13.8,uav_02,1,10.150356681722101,-6.117555742831113,8.02,0.06,2.5318567237329175,0.0
13.8,uav_03,1,22.635681346750665,-5.908834358593295,8.02,0.07,2.543881730907315,0.0
13.9,uav_01,1,-3.1261554796404867,-5.670525749435167,8.02,0.059390911387597826,2.571218177224804,0.0
13.9,uav_02,1,10.150356681722101,-5.879374878844082,8.02,0.05972976934215843,2.550540461315683,0.0
13.9,uav_03,1,22.635681346750665,-5.646213843152623,8.02,0.06275869999511981,2.56448260000976,0.0
14.0,uav_01,1,-3.124962848458116,-5.389169698258716,8.01876393695552,0.05,2.59123606304448,0.0
14.0,uav_02,1,10.150356681722101,-5.59452188447087,8.02,0.05,2.572765101781778,0.0
14.0,uav_03,1,22.642333570975694,-5.39245314375873,8.02,0.06,2.5837889544558306,0.0
14.1,uav_01,1,-3.1165068521882184,-5.113739130707112,8.010000000000002,0.05,2.6039079495031165,0.0
14.1,uav_02,1,10.150356681722101,-5.3130935650038245,8.017954011396688,0.05,2.5940919772066233,0.0
14.1,uav_03,1,22.645329974202934,-5.1276362329217875,8.02,0.06,2.6042920710015665,0.0
14.2,uav_01,1,-3.1165068521882184,-4.8270413407756685,8.010000000000002,0.052730229184998055,2.6227302291849983,0.0
14.2,uav_02,1,10.150356681722101,-5.034693214331846,8.010000000000002,0.05,2.6128417801359616,0.0
14.2,uav_03,1,22.645329974202934,-4.873953106098547,8.02,0.06,2.61680026632907,0.0
14.3,uav_01,1,-3.1165068521882184,-4.537185264358075,8.010000000000002,0.06,2.63,0.0
14.3,uav_02,1,10.153706622624181,-4.751882351516709,8.010000000000002,0.05,2.623471934679411,0.0
14.3,uav_03,1,22.645329974202934,-4.6013404006709795,8.012952902412907,0.06,2.6270470975870936,0.0
14.4,uav_01,1,-3.1123672478433932,-4.253443097076971,8.010000000000002,0.0642903556648901,2.62570964433511,0.0
14.4,uav_02,1,10.160005310545523,-4.460900259733762,8.010000000000002,0.054409225327439546,2.63,0.0
14.4,uav_03,1,22.652900473728504,-4.314034959861335,8.010000000000002,0.06,2.63,0.0
14.5,uav_01,1,-3.10685822473595,-3.973831231564923,8.010000000000002,0.07,2.6151997321167872,0.0
14.5,uav_02,1,10.160005310545523,-4.174436532282658,8.010000000000002,0.06,2.6248233180636245,0.0
14.5,uav_03,1,22.654978603026354,-4.027023318255618,8.010000000000002,0.06863424343519652,2.6213657565648036,0.0
14.6,uav_01,1,-3.10685822473595,-3.7049656090335272,8.010000000000002,0.07490625564648225,2.6001874887070353,0.0
14.6,uav_02,1,10.160005310545523,-3.9138838997936505,8.010000000000002,0.06497020515005478,2.6150297948499452,0.0
14.6,uav_03,1,22.654978603026354,-3.7480708074471893,8.010000000000002,0.07911937214221271,2.6017612557155747,0.0
14.7,uav_01,1,-3.102256438549389,-3.447848546434214,8.010000000000002,0.08,2.575691895903204,0.0
14.7,uav_02,1,10.164688781346092,-3.6509288823220944,8.010000000000002,0.07,2.6002919439604466,0.0
14.7,uav_03,1,22.66451473378558,-3.461698126669928,8.010000000000002,0.08,2.5802331869348127,0.0
14.8,uav_01,1,-3.09720959591253,-3.188349393999689,8.010000000000002,0.08,2.5457762903169283,0.0
14.8,uav_02,1,10.16965393799779,-3.3898587190650273,8.010000000000002,0.07486991713251342,2.5753902486024596,0.0
14.8,uav_03,1,22.6653512409168,-3.1845039424162267,8.010000000000002,0.0807503765057512,2.546998493976995,0.0
14.9,uav_01,1,-3.0924346731339805,-2.9222669932867786,8.010000000000002,0.08,2.510204758439807,0.0
14.9,uav_02,1,10.174380585476401,-3.128731891338321,8.010000000000002,0.08,2.540404894560196,0.0
14.9,uav_03,1,22.674275859302043,-2.908041405179172,8.010000000000002,0.09,2.502031403570382,0.0
15.0,uav_01,1,-3.087560968460261,-2.6725132713492443,8.010000000000002,0.08,2.465198750550322,0.0
15.0,uav_02,1,10.17930256682121,-2.844014511016139,8.010000000000002,0.08,2.4966236154097183,0.0
15.0,uav_03,1,22.676643612380268,-2.6311475481603575,8.012453979169514,0.09,2.4501840833219495,0.0
15.1,uav_01,1,-3.0828315213234028,-2.4246326929641033,8.0149016779725,0.08,2.4105899321650024,0.0
15.1,uav_02,1,10.17930256682121,-2.578885489289664,8.010000000000002,0.08,2.4473665614304503,0.0
15.1,uav_03,1,22.68710331422725,-2.358406801642959,8.02,0.09,2.4002324608121026,0.0
15.2,uav_01,1,-3.077912339636841,-2.181893777611053,8.02,0.08,2.350939030155072,0.0
15.2,uav_02,1,10.186290500660485,-2.3175553549817893,8.017242412326357,0.08,2.3865455260418558,0.0
15.2,uav_03,1,22.69357311557773,-2.101714173482662,8.02,0.09,2.331985525413025,0.0
15.3,uav_01,1,-3.073296729530664,-1.9504957082612395,8.02,0.08478369605315401,2.286514127627922,0.0
15.3,uav_02,1,10.18895119427348,-2.0513219658513018,8.02,0.08,2.312885651118555,0.0
15.3,uav_03,1,22.698194576265138,-1.85058735445532,8.02,0.09,2.2516819224473617,0.0
15.4,uav_01,1,-3.068263712184572,-1.6997055981570977,8.02,0.09,2.199987684953139,0.0
15.4,uav_02,1,10.197589469922217,-1.7980156259628168,8.02,0.08,2.237330028289221,0.0
15.4,uav_03,1,22.70322174303,-1.607549819688466,8.02,0.09,2.1605768874142064,0.0
15.5,uav_01,1,-3.0625117540470272,-1.4707158434732308,8.02,0.09,2.106347170996725,0.0
15.5,uav_02,1,10.1985998230969,-1.5605925654103832,8.02,0.08,2.1435148226042458,0.0
15.5,uav_03,1,22.709229773296993,-1.3764440796934543,8.02,0.09,2.0639585861611547,0.0
15.6,uav_01,1,-3.0529715205232164,-1.262462343001297,8.02,0.08415091642220188,2.011509164222019,0.0
15.6,uav_02,1,10.208248450549167,-1.3208073466082966,8.02,0.08,2.035278025406364,0.0
15.6,uav_03,1,22.719658152688282,-1.1488032750085433,8.02,0.09,1.9526153211688202,0.0
15.7,uav_01,1,-3.0489664559088836,-1.081016596592547,8.02,0.08,1.91345679012167,0.0
15.7,uav_02,1,10.209425752444501,-1.1063482148181354,8.02,0.08,1.9265780693547025,0.0
15.7,uav_03,1,22.722518999305688,-0.9567413730762572,8.02,0.09,1.8443436131455433,0.0
15.8,uav_01,1,-3.045797958361662,-0.9136169741884937,8.02,0.08,1.8138772735377553,0.0
15.8,uav_02,1,10.217897078001437,-0.8931660954848037,8.02,0.08,1.8042939213563964,0.0
15.8,uav_03,1,22.729443631585962,-0.7706141568104068,8.02,0.08282319447555697,1.7238783337066836,0.0
15.9,uav_01,1,-3.0393178284566154,-0.7360247582114741,8.02,0.08,1.7025990093176475,0.0
15.9,uav_02,1,10.22041590818913,-0.707494738238087,8.02,0.08,1.6760627504288248,0.0
15.9,uav_03,1,22.732167626757956,-0.6015862887070836,8.02,0.08,1.602811481420725,0.0
16.0,uav_01,1,-3.0363728989049728,-0.5623206994242816,8.02,0.08,1.570321735997941,0.0
16.0,uav_02,1,10.227545706824857,-0.5271592374746094,8.02,0.08,1.5387253745165053,0.0
16.0,uav_03,1,22.738828396939294,-0.4360417761755918,8.02,0.08,1.4702566655406635,0.0
16.1,uav_01,1,-3.029669199633195,-0.4230205963205508,8.02,0.08,1.4516069241722682,0.0
16.1,uav_02,1,10.231761546116948,-0.35827313328534566,8.02,0.07563063315176563,1.3888288641247188,0.0
16.1,uav_03,1,22.748203519521255,-0.29258584001767385,8.02,0.08,1.3307019811137721,0.0
16.2,uav_01,1,-3.029464993689256,-0.29648626439499365,8.02,0.07978835752033243,1.337037005284654,0.0
16.2,uav_02,1,10.237194334277124,-0.208183344606299,8.02,0.07,1.2322527711396498,0.0
16.2,uav_03,1,22.75146488303365,-0.16023645992495072,8.02,0.08,1.1839718711960856,0.0
16.3,uav_01,1,-3.021661640720272,-0.18890361717458054,8.02,0.07170083107412296,1.2238116350377213,0.0
16.3,uav_02,1,10.242157707385743,-0.08138193231863114,8.014855877244887,0.07,1.0879822814284212,0.0
16.3,uav_03,1,22.757839371374235,-0.04137801581647986,8.013393373859385,0.07339337385938471,1.047507234031386,0.0
16.4,uav_01,1,-3.0200205721809263,-0.09009744260817873,8.013752446578524,0.07,1.112534252099324,0.0
16.4,uav_02,1,10.246842963100546,0.02865584313987291,8.010000000000002,0.0649055067792075,0.9537715881296975,0.0
16.4,uav_03,1,22.761113511857065,0.06846966549733778,8.010000000000002,0.07,0.9107817331494833,0.0
16.5,uav_01,1,-3.015832938078522,-0.0010406772295042804,8.010000000000002,0.07,0.9948979915326515,0.0
16.5,uav_02,1,10.25112771889983,0.12190125818770264,8.010000000000002,0.06,0.8322696899986497,0.0
16.5,uav_03,1,22.761113511857065,0.15075230653725696,8.010000000000002,0.07,0.7952602836086299,0.0
16.6,uav_01,1,-3.010371943357505,0.08599023870057021,8.010000000000002,0.07,0.8479634423540622,0.0
16.6,uav_02,1,10.256491590552814,0.20057512279539033,8.010000000000002,0.06,0.700673288884659,0.0
16.6,uav_03,1,22.765295979274978,0.22208561616518616,8.010000000000002,0.06566522032423608,0.6663087455120134,0.0
16.7,uav_01,1,-3.0072467567694803,0.16924171863859186,8.010000000000002,0.06676100398374209,0.6619810836585838,0.0
16.7,uav_02,1,10.256491590552814,0.268430965158053,8.010000000000002,0.06,0.5161613275403137,0.0
16.7,uav_03,1,22.770762139309333,0.28562350741280607,8.010000000000002,0.06,0.49935601571393184,0.0
16.8,uav_01,1,-3.0007233159052378,0.22929277507875376,8.010000000000002,0.05828874085646228,0.4806410396986325,0.0
16.8,uav_02,1,10.259715763973453,0.32149953203005277,8.010000000000002,0.05665841283808949,0.31982666959987927,0.0
16.8,uav_03,1,22.773486852879255,0.33086329923984553,8.010000000000002,0.057176060964733835,0.3135212192946768,0.0
16.9,uav_01,1,-2.998741735213153,0.272875736790893,8.010000000000002,0.05,0.24892512791300822,0.0
16.9,uav_02,1,10.266140219376236,0.3514637541200692,8.010000000000002,0.05,0.11650059520759165,0.0
16.9,uav_03,1,22.780410766761605,0.3567111758273175,8.010000000000002,0.05,0.13779459316901266,0.0
17.0,uav_01,1,-2.9910746884529695,0.29930159469139117,8.010000000000002,0.05,0.059192211210975204,0.0
17.0,uav_02,1,10.266140219376236,0.36220706170766626,8.010000000000002,0.046747028439447114,-0.05855348808995199,0.0
17.0,uav_03,1,22.780410766761605,0.3657219432978679,8.010000000000002,0.05,-0.008520462163130738,0.0
17.1,uav_01,1,-2.9910746884529695,0.2971982534095152,8.010000000000002,0.05,-0.14605106300675824,0.0
17.1,uav_02,1,10.266140219376236,0.3503867494834045,8.010000000000002,0.04,-0.24657330002622152,0.0
17.1,uav_03,1,22.780410766761605,0.36581306017836696,8.010000000000002,0.04207438431413282,-0.16851231371734351,0.0
17.2,uav_01,1,-2.9910746884529695,0.28560854815106185,8.010000000000002,0.051176249308704354,-0.31646749032186094,0.0
17.2,uav_02,1,10.270514030542145,0.32856744367544455,8.010000000000002,0.044533091558925736,-0.40439709870710877,0.0
17.2,uav_03,1,22.780410766761605,0.35084510528445456,8.010000000000002,0.04675129688074828,-0.3247720469727206,0.0
17.3,uav_01,1,-2.9892343142283884,0.257588288039467,8.010000000000002,0.06381478914416025,-0.4571665511487211,0.0
17.3,uav_02,1,10.275788846828503,0.29324964721308056,8.010000000000002,0.05772973126416907,-0.5009189250566762,0.0
17.3,uav_03,1,22.785454190950666,0.3262595042286283,8.010000000000002,0.05522708903136698,-0.4427250683764037,0.0
17.4,uav_01,1,-2.9788151321298315,0.20970617557073834,8.010000000000002,0.08811802770694581,-0.5408240369425944,0.0
17.4,uav_02,1,10.277749700145355,0.25478180495766695,8.010000000000002,0.07609678421066132,-0.5560967842106613,0.0
17.4,uav_03,1,22.790059395585022,0.2955967474226192,8.010000000000002,0.06667107159455943,-0.523348750580958,0.0
17.5,uav_01,1,-2.9688272172699905,0.16380598042568956,8.010000000000002,0.12834591190902758,-0.5730576519848379,0.0
17.5,uav_02,1,10.286494810503363,0.2057605751515458,8.010000000000002,0.1054792045685556,-0.581095840913711,0.0
17.5,uav_03,1,22.791640753668087,0.25696180276992664,8.010000000000002,0.08655578460620446,-0.5749168384546532,0.0
17.6,uav_01,1,-2.9567374912422517,0.11753782506612516,8.010000000000002,0.18955676197802207,-0.5744123537205651,0.0
17.6,uav_02,1,10.294621477189551,0.16841388597842039,8.010000000000002,0.14759226972482198,-0.5895184539449644,0.0
17.6,uav_03,1,22.800521262726793,0.205948012986021,8.010000000000002,0.1250571311492359,-0.6,0.0
17.7,uav_01,1,-2.9376243739978953,0.06264049303768705,8.010000000000002,0.26158720753199544,-0.5546031981170012,0.0
17.7,uav_02,1,10.301759141681245,0.12794561443526853,8.010000000000002,0.19841234701044633,-0.5761679008541581,0.0
17.7,uav_03,1,22.808460730553346,0.16034000894592554,8.010000000000002,0.17442871319586528,-0.6,0.0
17.8,uav_01,1,-2.918437812379943,0.016315176896726374,8.010000000000002,0.3305641542422009,-0.5360384421591747,0.0
17.8,uav_02,1,10.318348880840272,0.08478376506357395,8.010000000000002,0.25762649062440046,-0.5558900660158498,0.0
17.8,uav_03,1,22.825314946483147,0.10935747165441284,8.010000000000002,0.23788805864340068,-0.5751908320099711,0.0
17.9,uav_01,1,-2.878282804569186,-0.029818642441751284,8.010000000000002,0.4137988011517616,-0.5048254495680894,0.0
17.9,uav_02,1,10.341848710487945,0.04291386011290072,8.010000000000002,0.3225748044685769,-0.5315344483242836,0.0
17.9,uav_03,1,22.85049988815226,0.0663022633153463,8.010000000000002,0.3103774424232364,-0.5473584590912863,0.0
18.0,uav_01,1,-2.842995102127429,-0.06959065119303058,8.010000000000002,0.48555546748109135,-0.47861113312972714,0.0
18.0,uav_02,1,10.3663301374586,0.006830159235252412,8.010000000000002,0.3876770254874415,-0.5071211154422095,0.0
18.0,uav_03,1,22.888323147788878,0.011303897322076449,8.010000000000002,0.3936844048233752,-0.5161183481912343,0.0
18.1,uav_01,1,-2.794947028514796,-0.11326902371666843,8.010544999520848,0.5643599961667638,-0.45782000191661815,0.0
18.1,uav_02,1,10.398106020726674,-0.029676941643945305,8.010000000000002,0.45354314436572196,-0.4824213208628543,0.0
18.1,uav_03,1,22.921813026415062,-0.02943317979125707,8.010000000000002,0.4631033490035746,-0.49008624412365953,0.0
18.2,uav_01,1,-2.7430923395160267,-0.15298602769176323,8.01950217793801,0.6360174235040893,-0.42199128824795534,0.0
18.2,uav_02,1,10.447792578411367,-0.08676149577356726,8.010000000000002,0.5372280872996138,-0.4510394672626448,0.0
18.2,uav_03,1,22.96530569546049,-0.07238948847167558,8.010000000000002,0.5406051303662627,-0.4610230761126515,0.0
18.3,uav_01,1,-2.6797227969600583,-0.20102554156173527,8.02,0.7226903242960752,-0.3893274189259812,0.0
18.3,uav_02,1,10.500942191691033,-0.12811047175685783,8.010000000000002,0.6111369400750697,-0.41443152996246513,0.0
18.3,uav_03,1,23.018051767947284,-0.11550463917618245,8.010000000000002,0.6183934943529368,-0.4318524396176487,0.0
18.4,uav_01,1,-2.594514243149428,-0.24844882653542785,8.018624762537279,0.8110018997017664,-0.3672495250745584,-0.0013752374627207964
18.4,uav_02,1,10.54924906924048,-0.1570883111875181,8.010000000000002,0.6778916853805398,-0.3882906179822976,0.0
18.4,uav_03,1,23.068078787935857,-0.1538217785949032,8.010000000000002,0.6875252851346915,-0.40123735743265426,0.0
18.5,uav_01,1,-2.5087361553415355,-0.2844857035534792,8.010000000000002,0.8999037487908608,-0.347788472356571,-0.01
18.5,uav_02,1,10.60732727837873,-0.1939043560152736,8.010000000000002,0.7498422796979962,-0.3613091451132514,0.0
18.5,uav_03,1,23.12133325563752,-0.1902991622346584,8.010000000000002,0.7533377883707686,-0.37416555290730785,0.0
18.6,uav_01,1,-2.4101455281449566,-0.3246135218222911,8.010000000000002,0.992459311140514,-0.3367915269799266,-0.01
18.6,uav_02,1,10.676157569225477,-0.22930473288392306,8.010000000000002,0.8305674704846027,-0.33876278433675494,-0.005618607831622518
18.6,uav_03,1,23.18767834130234,-0.22673437738156937,8.010000000000002,0.8236113172894063,-0.35697526282457637,-0.0015123685877118055
18.7,uav_01,1,-2.3050616737568936,-0.3683611364623218,8.010000000000002,1.0686967800040752,-0.3218009199988357,-0.00590045999941785
18.7,uav_02,1,10.751477537283037,-0.25976856229176226,8.010000000000002,0.9082326592069552,-0.32522091759913063,-0.01
18.7,uav_03,1,23.273462330899605,-0.2627228433949881,8.010000000000002,0.9186728126210596,-0.33766589842236755,-0.01
18.8,uav_01,1,-2.1915377691311777,-0.40423825229097493,8.010000000000002,1.1442145294971422,-0.3002244201436736,0.0
18.8,uav_02,1,10.841511526716447,-0.2976718328467869,8.010000000000002,0.98705958332028,-0.31536755208496503,-0.01
18.8,uav_03,1,23.369842616855557,-0.30191640850721124,8.010000000000002,1.0047176477993212,-0.32691029402508487,-0.01
18.9,uav_01,1,-2.0669499575125267,-0.43376161282441833,8.010000000000002,1.2138891889214423,-0.26740720738570517,0.0
18.9,uav_02,1,10.939488125072463,-0.33739129282138336,8.010000000000002,1.063508348536114,-0.3052130930662694,-0.005213093066269429
18.9,uav_03,1,23.478490800447393,-0.3457090207285312,8.010000000000002,1.0876830024362019,-0.3120905707325138,-0.00604528536625689
19.0,uav_01,1,-1.9417638303024458,-0.46489391034022814,8.010000000000002,1.272301408694697,-0.2241588730442424,0.0
19.0,uav_02,1,11.039926141276093,-0.3652012988622453,8.010000000000002,1.133068455206579,-0.2905518699409774,0.0
19.0,uav_03,1,23.596103728478948,-0.3811655342199296,8.010000000000002,1.162315426371708,-0.29076702103665486,0.0
19.1,uav_01,1,-1.810493564375824,-0.4926238352833851,8.010000000000002,1.3187920270102607,-0.16681195948460922,0.0
19.1,uav_02,1,11.151352462454673,-0.3928191609539044,8.010000000000002,1.1987244124540604,-0.2656377937729698,0.0
19.1,uav_03,1,23.721430737267948,-0.4111311810551654,8.010000000000002,1.2380851851549308,-0.263677777790744,0.0
19.2,uav_01,1,-1.6666437920582078,-0.5077566361546405,8.018047314698029,1.346094629396059,-0.09366879711379403,0.0
19.2,uav_02,1,11.270653520210898,-0.4205732190953352,8.010000000000002,1.2534978626161295,-0.2265021373838704,0.0
19.2,uav_03,1,23.85445883240801,-0.44251308608818224,8.010000000000002,1.3147792361110981,-0.21801483134921562,0.0
19.3,uav_01,1,-1.5448170041969524,-0.5183567426969449,8.02,1.35,-0.019122625522470037,0.0
19.3,uav_02,1,11.396487406342384,-0.4428147130830516,8.010000000000002,1.2989263981179924,-0.17634200235250966,0.0
19.3,uav_03,1,23.99529007212397,-0.462343469956714,8.010000000000002,1.3895606490981094,-0.16459953635849323,0.0
19.4,uav_01,1,-1.4107770257589909,-0.5124671189571631,8.02,1.3345932833569973,0.0616268665720107,-0.007703358321501337
19.4,uav_02,1,11.521709270443136,-0.4649480304877034,8.010000000000002,1.3341445004174246,-0.1169961656926759,0.0
19.4,uav_03,1,24.140893722249096,-0.48300426158271614,8.017859097453336,1.4492954872666783,-0.11070451273332173,0.0
19.5,uav_01,1,-1.2694576217937708,-0.5001736546257134,8.011206706345526,1.3036201190365715,0.1591396428902856,-0.01
19.5,uav_02,1,11.661436992064672,-0.4766655027879356,8.01543635643388,1.35,-0.04194550496283613,0.0
19.5,uav_03,1,24.29589044015724,-0.497407366594613,8.02,1.4861337128178607,-0.030310099152371497,0.0
19.6,uav_01,1,-1.1489681800151335,-0.4895252306161258,8.010000000000002,1.2580038087183367,0.2371939060506611,-0.01
19.6,uav_02,1,11.803252261885891,-0.4766655027879356,8.02,1.3436085603207992,0.04113151743360768,0.0
19.6,uav_03,1,24.456367690289103,-0.4988359911523185,8.02,1.5095986506045445,0.038795951813633045,0.0
19.7,uav_01,1,-1.0400716616922903,-0.47074371416716076,8.010000000000002,1.2039738617798887,0.2960261382201112,-0.0023289769633147986
19.7,uav_02,1,11.93320801664201,-0.46971528886088404,8.02,1.3211906340824955,0.12015830911334582,-0.006269788639168229
19.7,uav_03,1,24.61230772463739,-0.4871145466417751,8.019426083446149,1.5094260834461486,0.13459133243081045,-0.0005739165538513056
19.8,uav_01,1,-0.9190446920415616,-0.4385636728234393,8.010000000000002,1.1250088941506022,0.3424955529246989,0.0
19.8,uav_02,1,12.065367276963975,-0.45835360738316017,8.013480837196486,1.2774041859824286,0.2021533024281143,-0.01
19.8,uav_03,1,24.76610641563749,-0.47400381865316477,8.010000000000002,1.4963983416724638,0.218403869430918,-0.00879944722415457
19.9,uav_01,1,-0.8248520764937739,-0.4096170682013986,8.010000000000002,1.0622030672204223,0.35682813325422535,0.0
19.9,uav_02,1,12.195027830949103,-0.4380276084905835,8.010000000000002,1.2154342546637693,0.28199336955893584,-0.002572375777294876
19.9,uav_03,1,24.9045259885152,-0.4519523564408488,8.010000000000002,1.4669416906224064,0.28382288672199196,0.0
20.0,uav_01,1,-0.7212905442127862,-0.3771676629301727,8.010000000000002,0.9939003061143508,0.3665856705550927,0.0
20.0,uav_02,1,12.319908575875196,-0.4050104865066277,8.010000000000002,1.1425066722824064,0.33285333012433915,0.0
20.0,uav_03,1,25.055239160898246,-0.41704185671099475,8.011262165820174,1.4236891708991368,0.33378649746051786,0.0
20.1,uav_01,1,-0.6297484203492101,-0.3446335298760018,8.016368685503258,0.9317878869804561,0.3572626289934853,0.0
20.1,uav_02,1,12.422635379336342,-0.37336278481576135,8.010000000000002,1.0681616197017887,0.3554595950745528,0.0
20.1,uav_03,1,25.18298561339509,-0.3855917752510239,8.02,1.3764039684372997,0.36143841262508003,0.0
20.2,uav_01,1,-0.549261933890077,-0.31381006788235505,8.02,0.8761761903781324,0.3443626983963554,0.0
20.2,uav_02,1,12.533247828492748,-0.3387040840379113,8.010000000000002,0.9929383094797848,0.36,0.0
20.2,uav_03,1,25.326282737183536,-0.3503132522178586,8.02,1.3233627028827566,0.3786725405765513,0.0013274594234486807
20.3,uav_01,1,-0.46829663668985666,-0.2828032384026949,8.02,0.8152726058055393,0.33007788737301125,0.0
20.3,uav_02,1,12.640302650148662,-0.3024203889395443,8.019062178460414,0.9165647507770963,0.35093782153958514,0.0
20.3,uav_03,1,25.453129363711877,-0.31890105571395794,8.02,1.2753613519299414,0.36922689198832354,0.009226891988323556
20.4,uav_01,1,-0.386660600602031,-0.24972624935065543,8.02,0.7505561515246838,0.31509269192078065,0.0
20.4,uav_02,1,12.735338928389488,-0.26637140627639944,8.02,0.8505873471458419,0.33019578238194736,0.0
20.4,uav_03,1,25.58419933618443,-0.28234356394460614,8.02,1.21205323815449,0.358675539692415,0.0
20.5,uav_01,1,-0.31524941271935547,-0.21698405079740302,8.02,0.6914826700185566,0.30524711166975943,0.0
20.5,uav_02,1,12.81560894095018,-0.2318289693521761,8.02,0.778265875192732,0.31942195839757737,0.0
20.5,uav_03,1,25.691474492200832,-0.2419145890868984,8.02,1.1558727442326342,0.3488207840664669,0.0
20.6,uav_01,1,-0.2558910993084412,-0.1877570353275288,8.02,0.6387512825697009,0.2964585470949501,0.0
20.6,uav_02,1,12.899531390793262,-0.1969596261660635,8.02,0.7130318982986401,0.29883864971644003,0.0
20.6,uav_03,1,25.81200087200694,-0.2082028846043301,8.02,1.0823694539013484,0.3278198439718138,0.0
20.7,uav_01,1,-0.20199980391394254,-0.16234561416829774,8.02,0.5875819844869895,0.28822599778385566,0.0
20.7,uav_02,1,12.971326458903956,-0.175312907311766,8.02,0.656299583953362,0.28938326399222697,0.0
20.7,uav_03,1,25.91261842460167,-0.18636316042469347,8.02,1.0149819378854914,0.30874548447137284,0.0
20.8,uav_01,1,-0.15480066988070862,-0.1442700241858423,8.02,0.5305110134747054,0.28007300192495793,0.0
20.8,uav_02,1,13.034390662268397,-0.1398033566086986,8.02,0.5922332451173533,0.27870554085289223,0.0
20.8,uav_03,1,26.01507179992965,-0.1510507608968239,8.02,0.9300344196930752,0.2875086049232688,0.0
20.9,uav_01,1,-0.11650523904545126,-0.1223522665925697,8.02,0.4907479848452647,0.2734579974742108,0.0
20.9,uav_02,1,13.096631536938009,-0.10927004573503181,8.02,0.5350038187057756,0.26928625981511084,0.0
20.9,uav_03,1,26.10423367282246,-0.11991497443564769,8.02,0.8545259334463603,0.26939177038292894,0.0
21.0,uav_01,1,-0.0730807163083552,-0.09740719428283973,8.02,0.4275486407568483,0.2639355201081212,0.0
21.0,uav_02,1,13.147118413733777,-0.08476167004158582,8.02,0.4605693641694529,0.25882117052118164,0.0
21.0,uav_03,1,26.166648788913548,-0.09302435813382219,8.02,0.7817518500775852,0.2613057611197317,0.0
21.1,uav_01,1,-0.033036204778885636,-0.06726466054898621,8.02,0.34203837238886337,0.25355981915431813,0.0
21.1,uav_02,1,13.186608206731735,-0.05753993443448169,8.02,0.39508474937037674,0.2506355936712971,0.0
21.1,uav_03,1,26.229775350343267,-0.07344546916616329,8.02,0.6944034101628529,0.24625516548415505,0.0
21.2,uav_01,1,-0.0028970637117940214,-0.042864839951617134,8.02,0.2533418833640414,0.24433418833640413,0.0
21.2,uav_02,1,13.218092368536096,-0.03366016262528036,8.02,0.2820065993254636,0.24018241812049668,0.0
21.2,uav_03,1,26.292001720838993,-0.04463374225231013,8.02,0.5678991500058599,0.23342136785756143,0.0
21.3,uav_01,1,0.020721802221795066,-0.014172888244954534,8.02,0.15261787991344095,0.2342617879913441,0.0
21.3,uav_02,1,13.245049464145183,-0.013012945480356235,8.02,0.18869489688079283,0.2308694896880793,0.0
21.3,uav_03,1,26.341370605664654,-0.0196703075671157,8.02,0.44033981192017185,0.2238722932246286,0.0
21.4,uav_01,1,0.03436285867052871,0.012447051506730025,8.01438575673113,0.053857567311298794,0.22438575673112987,0.0
21.4,uav_02,1,13.256989007072656,0.02139188543616353,8.02,0.08234125927768614,0.23,0.0
21.4,uav_03,1,26.384480373013968,0.0029476883853530936,8.02,0.29505667522150447,0.21367044501476695,0.0
21.5,uav_01,1,0.03859451255137783,0.03303451732938311,8.010000000000002,-0.029201766216280192,0.21509977922296497,0.0
21.5,uav_02,1,13.26497926739722,0.04001133440886977,8.01195288555022,0.007575969951983216,0.22195288555022036,0.0
21.5,uav_03,1,26.408155138412727,0.022009911929326408,8.02,0.17101399338193737,0.20507242809870982,0.0
21.6,uav_01,1,0.030476428368316044,0.053667789616055867,8.010000000000002,-0.10365487431822779,0.19737942213066456,0.0
21.6,uav_02,1,13.258916012736124,0.06260268601226099,8.010000000000002,-0.0841325032203852,0.20352611039546997,0.0
21.6,uav_03,1,26.42070981458842,0.042790220906224405,8.02,0.06559574890881263,0.19426595815146877,0.0
21.7,uav_01,1,0.015389437144074909,0.07549079925274976,8.010000000000002,-0.17430077394289423,0.16784961302855286,0.0
21.7,uav_02,1,13.249733630296848,0.08370184276117258,8.010000000000002,-0.15427604432597555,0.16898511752801398,0.0
21.7,uav_03,1,26.42556648515628,0.06883875035614018,8.02,-0.040994438999929966,0.173701668300021,0.0
21.8,uav_01,1,0.0025440698535890835,0.09276314351156639,8.010000000000002,-0.22104492473228765,0.12791015053542468,0.0
21.8,uav_02,1,13.236866004680355,0.10097542750649816,8.010000000000002,-0.19217988748775242,0.13782011251224757,0.0
21.8,uav_03,1,26.416333372037883,0.08129651566304683,8.02,-0.13001278565313829,0.1416560119557181,0.0
21.9,uav_01,1,-0.016675019997948595,0.1024580566445595,8.010000000000002,-0.2424274236291695,0.07543545822498302,0.0
21.9,uav_02,1,13.221322369758642,0.11484292405260196,8.010000000000002,-0.21719962762810263,0.0948013033016408,0.0
21.9,uav_03,1,26.40469251209327,0.10183658041873585,8.02,-0.18560036960170076,0.08693247092936486,0.0
22.0,uav_01,1,-0.04374954023486308,0.11381373092983046,8.010000000000002,-0.24732862143206355,0.011300350024444888,0.0
22.0,uav_02,1,13.203489136156376,0.12193768659484666,8.010000000000002,-0.23,0.03295313006253198,0.0
22.0,uav_03,1,26.388918177519336,0.11085244260956867,8.02,-0.2100411828813282,0.029711719830702654,0.0
22.1,uav_01,1,-0.06477960436168585,0.11929989055623495,8.010000000000002,-0.23762044386022094,-0.059036449118232456,0.0
22.1,uav_02,1,13.184158567450012,0.12193768659484666,8.010000000000002,-0.22809439477455715,-0.025244841803542792,0.0
22.1,uav_03,1,26.371171044571515,0.11085244260956867,8.02,-0.21923789597581195,-0.03466527183068367,0.0
22.2,uav_01,1,-0.092356029466752,0.10768242943419393,8.010000000000002,-0.22714033081548474,-0.14001768429160683,0.0
22.2,uav_02,1,13.160549903902705,0.12183502002802679,8.010000000000002,-0.21990738447709746,-0.09074092418322026,0.0
22.2,uav_03,1,26.35526608480907,0.11085244260956867,8.02,-0.22,-0.09983983583938236,0.0
22.3,uav_01,1,-0.11098417125914595,0.09419591274051857,8.010000000000002,-0.21497414274473498,-0.2126163576486927,0.0
22.3,uav_02,1,13.140251549047179,0.11017469830543211,8.010000000000002,-0.20938860679931057,-0.1748911456055155,0.0
22.3,uav_03,1,26.336164771719755,0.09449408032964352,8.02,-0.2126215599221431,-0.17902752062285507,0.0
22.4,uav_01,1,-0.13472653126719547,0.07047788554351672,8.010000000000002,-0.19678905395356794,-0.3056875683714565,0.0
22.4,uav_02,1,13.124698527240671,0.10124031690449226,8.010000000000002,-0.20132890049479224,-0.23936879604166217,0.0
22.4,uav_03,1,26.317519212501995,0.08087713818573383,8.02,-0.20295927480171813,-0.25632580158625506,0.0
22.5,uav_01,1,-0.16190369861533627,0.04245696816010486,8.010000000000002,-0.18610014518465073,-0.3911988385227942,0.0
22.5,uav_02,1,13.104934997504108,0.08000724870854749,8.010000000000002,-0.19108727367789483,-0.3213018105768414,0.0
22.5,uav_03,1,26.2979456975333,0.053706174671333894,8.02,-0.2,-0.3302871933850189,0.0
22.6,uav_01,1,-0.18141598510104828,0.004384056405861595,8.010000000000002,-0.17598871444187594,-0.47209028446499246,0.0
22.6,uav_02,1,13.086851218985972,0.050048020110648954,8.010000000000002,-0.18171610802626914,-0.3962711357898469,0.0
22.6,uav_03,1,26.27925745366914,0.02149997572619836,8.02,-0.19313171008061245,-0.4118146092744881,0.0
22.7,uav_01,1,-0.20043631990941177,-0.03932061592744053,8.010000000000002,-0.16226443408513921,-0.5509422636594432,0.0
22.7,uav_02,1,13.057728156769002,0.0048015149892177145,8.010000000000002,-0.17108286179078613,-0.49025424388292493,0.0
22.7,uav_03,1,26.25927255556207,-0.020949479420410547,8.02,-0.19,-0.4977970552357413,0.0
22.8,uav_01,1,-0.22029108948919515,-0.09415822665912411,8.010000000000002,-0.14584330897391487,-0.6374102192347662,0.0
22.8,uav_02,1,13.03822765267379,-0.03760572492801232,8.010000000000002,-0.16151896792349865,-0.5678482566120109,0.0
22.8,uav_03,1,26.233622574079124,-0.06434368582835807,8.02,-0.18298888858517506,-0.5760888913185994,0.0
22.9,uav_01,1,-0.2395968341841756,-0.1606989490103236,8.010000000000002,-0.14,-0.7316108979613319,-0.00416108979613319
22.9,uav_02,1,13.028062283243003,-0.08589747383293161,8.010000000000002,-0.14500475194602885,-0.6474786162428702,0.0
22.9,uav_03,1,26.210461718802353,-0.11927067092359514,8.02,-0.17248118305297988,-0.667669352523181,0.0
23.0,uav_01,1,-0.25918383931979544,-0.23298820106286455,8.010000000000002,-0.1443112400847501,-0.8244899206780009,-0.01
23.0,uav_02,1,13.012130103965571,-0.14635848637139035,8.010000000000002,-0.14,-0.7330450088865431,-0.0070050009873936815
23.0,uav_03,1,26.18965924800714,-0.1974191361517631,8.02,-0.16170116809218474,-0.7563906552625221,-0.008298831907815264
23.1,uav_01,1,-0.2742473980160869,-0.314684413543445,8.010000000000002,-0.15423460530418404,-0.9081114477376563,-0.01
23.1,uav_02,1,12.991669805489682,-0.22531190652938515,8.010000000000002,-0.14,-0.8284692928636338,-0.01
23.1,uav_03,1,26.168533537265514,-0.27211848531253774,8.010753647657253,-0.1692463523427473,-0.8624635234274728,-0.01
23.2,uav_01,1,-0.29238333777343356,-0.4043335394466412,8.005656333963755,-0.16,-0.9947493282899686,-0.00565633396375392
23.2,uav_02,1,12.970731615413094,-0.3095070185626331,8.010000000000002,-0.15691608972222737,-0.9176643588889095,-0.01
23.2,uav_03,1,26.150795017728626,-0.3519662767133792,8.010000000000002,-0.17843860189546606,-0.9375088151637285,-0.01
23.3,uav_01,1,-0.31694600052905875,-0.4968369819695462,8.0,-0.1642440770410514,-1.0739526163284112,0.0
23.3,uav_02,1,12.950709371869351,-0.4096038320715477,8.010000000000002,-0.16,-1.0095036597277818,-0.0011662600302464726
23.3,uav_03,1,26.130196636223715,-0.44662764716209696,8.010000000000002,-0.18911285589854004,-1.0229028471883204,-0.01
23.4,uav_01,1,-0.3376930578503707,-0.6096371766873531,8.0,-0.16500462390124293,-1.1549676326912997,0.0
23.4,uav_02,1,12.932696711586242,-0.5027296443782006,8.001831948361435,-0.1681680516385648,-1.0771763614699537,0.0
23.4,uav_03,1,26.11193980826409,-0.5400323894518921,8.010000000000002,-0.19,-1.0985895777734456,-0.0014263027783193074
23.5,uav_01,1,-0.3585250652187865,-0.7293059453690073,8.005790696983137,-0.15420930301686395,-1.2305348788819523,0.0
23.5,uav_02,1,12.911615517357736,-0.6117198372575796,8.0,-0.17,-1.1627400259452023,0.0
23.5,uav_03,1,26.08428620835466,-0.6496250573459189,8.010000000000002,-0.18139731675858733,-1.1702187826898884,0.0
23.6,uav_01,1,-0.3721389430052558,-0.845362390953738,8.010000000000002,-0.13292686320063152,-1.305528364798316,0.0
23.6,uav_02,1,12.893408957318686,-0.7153008291838404,8.00852729530838,-0.1614727046916225,-1.2296910671586425,0.0
23.6,uav_03,1,26.061029482607466,-0.7865140502570821,8.010000000000002,-0.1600882896198285,-1.2496909863306003,0.0
23.7,uav_01,1,-0.3873152872439222,-0.9738613004548996,8.010000000000002,-0.1028699046492368,-1.3913902860522895,0.0
23.7,uav_02,1,12.872957859255207,-0.8428970130527548,8.010000000000002,-0.14174954840559567,-1.3130018063776174,0.0
23.7,uav_03,1,26.040922449127034,-0.9181472856000241,8.010000000000002,-0.13774706473384923,-1.3360078273764022,0.0
23.8,uav_01,1,-0.40191699571436706,-1.1253692760444287,8.010000000000002,-0.07033944415056384,-1.4824281489318298,0.0
23.8,uav_02,1,12.852314453748532,-0.9842297264952026,8.010000000000002,-0.11053156515351889,-1.3985824929239496,0.0
23.8,uav_03,1,26.029326721615114,-1.0508793781313677,8.010000000000002,-0.10446203158582441,-1.422460428931895,0.0
23.9,uav_01,1,-0.4123836873211529,-1.2899003382906589,8.010000000000002,-0.030394505620737117,-1.569210988758526,0.0
23.9,uav_02,1,12.841632583867224,-1.1410201640575839,8.010000000000002,-0.06785052081458275,-1.4957319444944461,0.0
23.9,uav_03,1,26.0127011552328,-1.2059222709144688,8.012143277467613,-0.06142689012955238,-1.5192894972085071,0.0
24.0,uav_01,1,-0.41489100512827787,-1.4265210847384546,8.010000000000002,-0.007590739991985422,-1.6458416700360656,0.0
24.0,uav_02,1,12.832705331934678,-1.2743541530918607,8.010000000000002,-0.040093458030125956,-1.569750778586331,0.0
24.0,uav_03,1,26.011075980853267,-1.3471513471498142,8.02,-0.024946925702415565,-1.6034748647935586,0.0
24.1,uav_01,1,-0.41489100512827787,-1.5815416005271965,8.010000000000002,0.0173417687344761,-1.7204641270471108,0.0
24.1,uav_02,1,12.832040281731084,-1.4409395809506658,8.010000000000002,0.0013162329239612737,-1.655264931695845,0.0
24.1,uav_03,1,26.003052527780536,-1.520814165941117,8.02,0.006385323711089091,-1.6870275298962376,0.0
24.2,uav_01,1,-0.41489100512827787,-1.745776541221126,8.010000000000002,0.046973040183653225,-1.795261440489742,0.0
24.2,uav_02,1,12.823026645054085,-1.597737933483959,8.010000000000002,0.02026391144299758,-1.7307037638479936,0.0
24.2,uav_03,1,26.003052527780536,-1.6792544328161858,8.02,0.03497111998817055,-1.7615992799723978,0.0
24.3,uav_01,1,-0.41489100512827787,-1.9263102741156795,8.010000000000002,0.07149702357504764,-1.864491070725143,0.0
24.3,uav_02,1,12.823693474254029,-1.7748116845393325,8.010000000000002,0.051382225831558936,-1.8141466774946768,0.0
24.3,uav_03,1,26.003052527780536,-1.8556237042495631,8.02,0.06636718841172283,-1.8327343768234456,0.0
24.4,uav_01,1,-0.41069576167551,-2.0835474082224508,8.010000000000002,0.0886960419469438,-1.9160881258408313,0.0
24.4,uav_02,1,12.832675273877507,-1.940394877196261,8.010000000000002,0.07005063792419222,-1.8701772327346728,0.0
24.4,uav_03,1,26.004691546906784,-2.027355954906927,8.02,0.09339741405574764,-1.8901922421672428,0.0
24.5,uav_01,1,-0.40354292679215426,-2.218937893884915,8.010000000000002,0.10352267853797062,-1.9605680356139117,0.0
24.5,uav_02,1,12.832675273877507,-2.1163940258917204,8.010000000000002,0.08872932619456808,-1.9355526416809883,0.0
24.5,uav_03,1,26.014838166371273,-2.2255314765188525,8.02,0.11664450206630494,-1.9532890041326099,0.0
24.6,uav_01,1,-0.3955153371331679,-2.3849490742484023,8.010000000000002,0.1201625344533386,-2.0104876033600156,0.0
24.6,uav_02,1,12.841045110007354,-2.29183973494162,8.010000000000002,0.10734927827041525,-1.9920478348112458,0.0
24.6,uav_03,1,26.024080183265447,-2.4080270652278437,8.02,0.14538024465485241,-2.0107604893097046,0.0
24.7,uav_01,1,-0.3865580925206814,-2.570185617637298,8.010000000000002,0.13872941281359852,-2.0661882384407955,0.0
24.7,uav_02,1,12.850095347054019,-2.4775301744864278,8.010000000000002,0.13416337172107914,-2.0402722862017986,0.0
24.7,uav_03,1,26.036387830342317,-2.6171634311299488,8.02,0.1790985345711731,-2.07364780185676,0.0
24.8,uav_01,1,-0.37753443176773693,-2.756795627467662,8.010000000000002,0.16615093746429976,-2.1223018749285996,0.0
24.8,uav_02,1,12.866088254184442,-2.6623076059181368,8.010000000000002,0.15462977451378065,-2.0938893235413416,0.0
24.8,uav_03,1,26.054907937292104,-2.810737128836464,8.02,0.21561572503829027,-2.129359541730484,0.0
24.9,uav_01,1,-0.3606959065670805,-2.952668690030427,8.010000000000002,0.19425306342043064,-2.1704217723673844,0.0
24.9,uav_02,1,12.877742148001873,-2.857169865374303,8.010000000000002,0.1868322600551541,-2.1435403250689427,0.0
24.9,uav_03,1,26.077380942240985,-3.0339220953691175,8.02,0.24703521603788156,-2.179380288050509,0.0
25.0,uav_01,1,-0.3425668058456584,-3.1588291862067757,8.010000000000002,0.22243702100679616,-2.217395035011327,0.0
25.0,uav_02,1,12.892616101714571,-3.054178736385013,8.010000000000002,0.21818551974379544,-2.1903091995729924,0.0
25.0,uav_03,1,26.10295488797024,-3.2409203487802145,8.02,0.27354048278534115,-2.2188512069633526,0.0
25.1,uav_01,1,-0.32252020937032505,-3.3891431944657793,8.010000000000002,0.25360196466708484,-2.2614692862227797,0.0
25.1,uav_02,1,12.9181722626908,-3.274658851847575,8.010000000000002,0.24240700937150295,-2.241017523428757,0.0
25.1,uav_03,1,26.12194949570431,-3.4392942349045814,8.02,0.29,-2.264302417117487,0.0
25.2,uav_01,1,-0.2934791272060802,-3.627338071829337,8.010000000000002,0.26861110275615163,-2.3044444110246065,0.0
25.2,uav_02,1,12.940791752908389,-3.492447585317265,8.010000000000002,0.262053733294969,-2.284107466589938,0.0
25.2,uav_03,1,26.148193460287374,-3.650197251268504,8.02,0.2898578338461613,-2.3005686646153545,0.0
25.3,uav_01,1,-0.26852520640917854,-3.8184673521308286,8.010000000000002,0.27,-2.338927959759633,0.0
25.3,uav_02,1,12.964014919287264,-3.7056400628113106,8.010000000000002,0.27,-2.321496816988526,0.0
25.3,uav_03,1,26.17224585936927,-3.8344215236500623,8.02,0.281548397068225,-2.3338064117271,0.0
25.4,uav_01,1,-0.2467328718253782,-4.046069878340632,8.017140955310783,0.26285904468921767,-2.3785638212431297,0.0
25.4,uav_02,1,12.985362749691374,-3.9093250705620464,8.014123931241436,0.26587606875856457,-2.356495724965742,0.0
25.4,uav_03,1,26.19587050228553,-4.02270044304426,8.02,0.2667734769895208,-2.3664530460209585,0.0
25.5,uav_01,1,-0.22114575926005295,-4.281719237863412,8.02,0.23919917635253315,-2.4108008236474667,0.0
25.5,uav_02,1,13.003348039260937,-4.099563683147351,8.02,0.2554079210990649,-2.38918415780187,0.0
25.5,uav_03,1,26.214916233596306,-4.21303637163079,8.02,0.24563134960362434,-2.403947750660626,0.0
25.6,uav_01,1,-0.19819027684013163,-4.534435764366329,8.02,0.21540772921394102,-2.449184541572118,0.0
25.6,uav_02,1,13.026834664882657,-4.293903244268074,8.02,0.23815492268909444,-2.4218450773109055,0.0
25.6,uav_03,1,26.230701189371377,-4.406747999463687,8.02,0.21812221226387565,-2.4389083408020933,0.0
25.7,uav_01,1,-0.1794531509862924,-4.771232318986271,8.02,0.1819765135607685,-2.4880234864392317,0.0
25.7,uav_02,1,13.044710240850806,-4.519811669018873,8.02,0.21036510265544944,-2.4496348973445508,0.0
25.7,uav_03,1,26.24666505254074,-4.608496529858075,8.02,0.18627383596755562,-2.464968218709926,0.0
25.8,uav_01,1,-0.1597393501106518,-5.020371916073738,8.02,0.15555654254646267,-2.521665186180306,0.0
25.8,uav_02,1,13.06534162757697,-4.780547552510441,8.02,0.17829102977764316,-2.491708970222357,0.0
25.8,uav_03,1,26.264345902972448,-4.832392356107958,8.02,0.15878674115090244,-2.5012132588490976,0.0
25.9,uav_01,1,-0.14672289724368476,-5.290411001118936,8.02,0.12619821925756258,-2.561735707656583,0.0
25.9,uav_02,1,13.083372384112488,-5.008417138145549,8.02,0.1502599601389063,-2.5197400398610936,0.0
25.9,uav_03,1,26.280136184984638,-5.041017872393729,8.02,0.13423877155365949,-2.52576122844634,0.0
26.0,uav_01,1,-0.1361069429161445,-5.570932786832973,8.02,0.10212703902715903,-2.587872960972841,0.0
26.0,uav_02,1,13.103481077716431,-5.281774100789893,8.02,0.11866463908079115,-2.562003041378813,0.0
26.0,uav_03,1,26.290328772892828,-5.265750724965378,8.02,0.11452415624995017,-2.553213765625075,0.0
26.1,uav_01,1,-0.1256011937645949,-5.848542422181764,8.02,0.0901751855444324,-2.6194744433667028,0.0
26.1,uav_02,1,13.113949646569848,-5.549738325308182,8.02,0.09848251978845966,-2.5930349604230805,0.0
26.1,uav_03,1,26.29920156736734,-5.497702713265804,8.02,0.10306616547556374,-2.5808015035733085,0.0
26.2,uav_01,1,-0.10613490883071279,-6.1333959556828335,8.02,0.07,-2.64112496825651,0.0
26.2,uav_02,1,13.124034887961566,-5.825639342144365,8.02,0.08803000602783131,-2.615909981916506,0.0
26.2,uav_03,1,26.31618218590396,-5.761142850147784,8.02,0.09273358394696202,-2.611799248159114,0.0
26.3,uav_01,1,-0.10613490883071279,-6.3705648729727375,8.02,0.07,-2.659729325210545,0.0
26.3,uav_02,1,13.132968316074235,-6.063063208860602,8.02,0.07877125181037645,-2.6412287481896235,0.0
26.3,uav_03,1,26.32814106682245,-6.01513422557839,8.02,0.09,-2.6338544346415986,0.0
26.4,uav_01,1,-0.09590870629841446,-6.655987000214251,8.02,0.07,-2.66,0.0
26.4,uav_02,1,13.14190921281995,-6.3095944997689415,8.02,0.07,-2.650495244165292,0.0
26.4,uav_03,1,26.33817414432652,-6.291780670736746,8.02,0.09,-2.654651333577206,0.0
26.5,uav_01,1,-0.08707514290686724,-6.899558741190027,8.02,0.07,-2.66,0.0
26.5,uav_02,1,13.151060130984202,-6.561916803917048,8.02,0.07,-2.659979409876447,0.0
26.5,uav_03,1,26.347565194854862,-6.542899488868663,8.02,0.09,-2.66,0.0
26.6,uav_01,1,-0.07800032693970882,-7.149782611251204,8.02,0.07,-2.66,0.0
26.6,uav_02,1,13.161434771783501,-6.8377073561064385,8.02,0.07,-2.669268139083787,0.0
26.6,uav_03,1,26.357552650692533,-6.815027522933817,8.02,0.09,-2.6674098767917256,0.0
26.7,uav_01,1,-0.06909556288892672,-7.395317596240478,8.02,0.07,-2.65161180086731,0.0
26.7,uav_02,1,13.171752363549944,-7.130892965053154,8.02,0.07,-2.6585748134039746,0.0
26.7,uav_03,1,26.366827846018953,-7.078561544252128,8.02,0.09702284444890132,-2.662977155551099,0.0
26.8,uav_01,1,-0.06009583364470417,-7.634918093030818,8.02,0.07,-2.63456865979859,0.0
26.8,uav_02,1,13.181989726123398,-7.4036668579713485,8.02,0.07,-2.6479646396270713,0.0
26.8,uav_03,1,26.37667894082118,-7.345472758574013,8.02,0.09276731540259278,-2.652767315402593,0.0
26.9,uav_01,1,-0.05252427617280344,-7.841159731497061,8.02,0.07,-2.618874082001715,0.0
26.9,uav_02,1,13.19105631423088,-7.653663886841177,8.02,0.07,-2.6371357504212245,0.0
26.9,uav_03,1,26.393179486186007,-7.606705157743592,8.02,0.09,-2.6356658732920533,0.0
27.0,uav_01,1,-0.044095482277549114,-8.068805351203787,8.02,0.07,-2.597103893025359,0.0
27.0,uav_02,1,13.200090394335204,-7.901883036662906,8.02,0.07,-2.617614410950585,0.0
27.0,uav_03,1,26.406001309860013,-7.876427692193759,8.02,0.09,-2.6147542393707823,0.0
27.1,uav_01,1,-0.03490567648238016,-8.31164180024933,8.02,0.07,-2.56088414355808,0.0
27.1,uav_02,1,13.20908281600726,-8.139503713571251,8.02,0.0698849063730511,-2.589539625492204,0.0
27.1,uav_03,1,26.41522605215121,-8.128150459427843,8.02,0.08281644242651764,-2.588449327279553,0.0
27.2,uav_01,1,-0.02647070393484823,-8.53453211360685,8.02,0.0674346819738314,-2.5197387278953256,0.0
27.2,uav_02,1,13.218620393906674,-8.414116155316268,8.02,0.06,-2.545570637808281,0.0
27.2,uav_03,1,26.425241313510735,-8.395921297377788,8.02,0.08,-2.549745829080754,0.0
27.3,uav_01,1,-0.016014941896807782,-8.807049856663907,8.02,0.05659815457828187,-2.4695889274696916,0.0
27.3,uav_02,1,13.220336891026843,-8.689876096429265,8.02,0.05822099372710667,-2.4911049686355335,0.0
27.3,uav_03,1,26.43574012203994,-8.673347534878156,8.02,0.08,-2.4977765824140383,0.0
27.4,uav_01,1,-0.009648627452268202,-9.069379330742676,8.02,0.04584145248802642,-2.4050487149281587,0.0
27.4,uav_02,1,13.230693819975858,-8.951654225413158,8.02,0.04748689929447459,-2.434921395766848,0.0
27.4,uav_03,1,26.44602773284389,-8.935097731748643,8.02,0.07089306359597358,-2.444465317979868,0.0
27.5,uav_01,1,-0.004954752688877077,-9.32508596643521,8.02,0.03513518913792481,-2.3310815131033986,0.0
27.5,uav_02,1,13.240992460212423,-9.211959086488637,8.02,0.04,-2.367692508848315,0.0
27.5,uav_03,1,26.456366691189224,-9.196421636413135,8.02,0.06017759442725099,-2.371243160990757,0.0
27.6,uav_01,1,0.005344155768634686,-9.573565270082177,8.02,0.02446122695163406,-2.2456898156130727,0.0
27.6,uav_02,1,13.247566279005783,-9.46402343822125,8.02,0.036125173198143956,-2.2890013855851516,0.0
27.6,uav_03,1,26.466186672912457,-9.446303780587174,8.02,0.04942441844479607,-2.2953953475583684,0.0
27.7,uav_01,1,0.009648627452268202,-9.793693080126685,8.02,0.02,-2.160314526812703,0.0
27.7,uav_02,1,13.25201624745935,-9.702072306521414,8.02,0.025387977745454773,-2.198491799709093,0.0
27.7,uav_03,1,26.466186672912457,-9.649428818219322,8.02,0.04026246255049094,-2.222099700403928,0.0
27.8,uav_01,1,0.015198031908095336,-10.009175660664337,8.02,0.014248504572632412,-2.062485045726324,0.0
27.8,uav_02,1,13.257214906458051,-9.927621462177646,8.02,0.015214581898910461,-2.1021458189891047,0.0
27.8,uav_03,1,26.47583530036472,-9.889020479212972,8.02,0.03,-2.114843278862189,0.0
27.9,uav_01,1,0.019297256275688915,-10.213461689771583,8.02,0.0042463965816771495,-1.9624639658167715,0.0
27.9,uav_02,1,13.257214906458051,-10.14133757720706,8.02,0.01,-2.0008323933925762,0.0
27.9,uav_03,1,26.47583530036472,-10.087234312646219,8.02,0.03,-2.03014441156832,0.0
28.0,uav_01,1,0.019297256275688915,-10.41052733875312,8.02,0.0,-1.854428479746439,0.0
28.0,uav_02,1,13.262047299689643,-10.33714806494667,8.02,0.004991626264462716,-1.8949078889090898,0.0
28.0,uav_03,1,26.485483929188145,-10.306398911015098,8.02,0.02,-1.910331367591201,0.0
28.1,uav_01,1,0.019297256275688915,-10.59534497296384,8.02,0.0,-1.7407798979555789,0.0
28.1,uav_02,1,13.266863533910318,-10.527189444405453,8.02,0.0,-1.7839784870653137,0.0
28.1,uav_03,1,26.487172479746498,-10.517680493225793,8.02,0.01824995776165492,-1.798999493139859,0.0
28.2,uav_01,1,0.024185509264004285,-10.759331435023435,8.02,0.0,-1.6292047872612234,0.0
28.2,uav_02,1,13.266863533910318,-10.702788064529063,8.02,0.0,-1.6700110117243208,0.0
28.2,uav_03,1,26.495132556640414,-10.695473240549356,8.02,0.01,-1.6772899746032244,0.0
28.3,uav_01,1,0.028945883727957113,-10.909539383765086,8.02,0.0,-1.5128959937157889,0.0
28.3,uav_02,1,13.266863533910318,-10.864774112665264,8.02,0.0,-1.543965695450279,0.0
28.3,uav_03,1,26.495348941763858,-10.833764079584636,8.02,0.01,-1.5770845529906448,0.0
28.4,uav_01,1,0.028945883727957113,-11.045256925276394,8.02,0.0,-1.3887513311205224,0.0
28.4,uav_02,1,13.271798111544998,-11.02050631342354,8.02,0.0,-1.4135143776127894,0.0
28.4,uav_03,1,26.504781185463834,-10.996039777598497,8.02,0.00926702796234862,-1.4397383914728807,0.0
28.5,uav_01,1,0.028945883727957113,-11.162864747405013,8.02,-0.0025017882633372535,-1.2674767525766157,0.0
28.5,uav_02,1,13.27651216273374,-11.1546996358656,8.02,0.0,-1.2885683369532328,0.0
28.5,uav_03,1,26.504781185463834,-11.13050412005212,8.02,0.0,-1.3090329105352885,0.0
28.6,uav_01,1,0.028945883727957113,-11.267303982487519,8.02,-0.01,-1.164069454274203,0.0
28.6,uav_02,1,13.27651216273374,-11.26461012215547,8.02,0.0,-1.1654716386836923,0.0
28.6,uav_03,1,26.505697704225202,-11.273137981060442,8.02,0.0,-1.1576513587484685,0.0
28.7,uav_01,1,0.028945883727957113,-11.374009692372866,8.02,-0.01,-1.0293560631088874,0.0
28.7,uav_02,1,13.27651216273374,-11.355327077627987,8.02,-0.0013641747378054653,-1.052265728408529,0.0
28.7,uav_03,1,26.514429812916102,-11.390486375186732,8.02,0.0,-1.016108294764813,0.0
28.8,uav_01,1,0.028945883727957113,-11.474428882038906,8.02,-0.01,-0.9115914528247191,0.0
28.8,uav_02,1,13.27651216273374,-11.456811322443613,8.02,-0.01,-0.931565119857997,0.0
28.8,uav_03,1,26.514429812916102,-11.49177871954574,8.02,0.0,-0.8748978181905593,0.0
28.9,uav_01,1,0.03710762625704347,-11.559328807989989,8.02,-0.01,-0.7900334391343017,0.0
28.9,uav_02,1,13.27651216273374,-11.539428129067968,8.02,-0.01,-0.8104560965783344,0.0
28.9,uav_03,1,26.514429812916102,-11.574012923923062,8.02,0.0,-0.758163455295746,0.0
29.0,uav_01,1,0.03859451255137783,-11.632808910428516,8.02,-0.018993022975460218,-0.6261116323926366,0.0
29.0,uav_02,1,13.27651216273374,-11.621298459444098,8.02,-0.010595759841313772,-0.6280848031737246,0.0
29.0,uav_03,1,26.51635344595558,-11.652766757827584,8.02,-0.001993685681197243,-0.6021199720572524,0.0
29.1,uav_01,1,0.03859451255137783,-11.685786484485522,8.02,-0.02,-0.44300314771396765,0.0
29.1,uav_02,1,13.27651216273374,-11.682370652224538,8.02,-0.019777965094691777,-0.4444406981061645,0.0
29.1,uav_03,1,26.52407844036837,-11.712321681727206,8.02,-0.01,-0.42298856818403135,-0.0014216543061036137
29.2,uav_01,1,0.03859451255137783,-11.72832477231325,8.02,-0.027530751729524502,-0.26691571713903445,-0.007530751729524502
29.2,uav_02,1,13.27651216273374,-11.713350856303865,8.02,-0.02,-0.26256642719156065,-0.008871678640421966
29.2,uav_03,1,26.52407844036837,-11.753866668618027,8.01841782278657,-0.011582177213429358,-0.2299386329448422,-0.008417822786570642
29.3,uav_01,1,0.0322417355325235,-11.746572322699418,8.02,-0.03,-0.08831751671421242,-0.01
29.3,uav_02,1,13.27651216273374,-11.733141295110926,8.01276600366204,-0.027233996337961097,-0.09532007324077807,-0.01
29.3,uav_03,1,26.52407844036837,-11.771891807936173,8.010287582847017,-0.01971241715298469,-0.0754640740932909,-0.0002875828470153101
29.4,uav_01,1,0.028945883727957113,-11.750358904405644,8.014758903817999,-0.03,0.07433973127604322,-0.004758903817997599
29.4,uav_02,1,13.27651216273374,-11.739273660420366,8.010000000000002,-0.03,0.045668172989236734,-0.01
29.4,uav_03,1,26.52407844036837,-11.772529393163854,8.010000000000002,-0.02,0.10082498297098375,-0.008990788577420196
29.5,uav_01,1,0.028945883727957113,-11.745191497826683,8.010000000000002,-0.03,0.23924580817436047,0.0
29.5,uav_02,1,13.27651216273374,-11.736525566945716,8.010000000000002,-0.03,0.18462299688850403,-0.007520944617305332
29.5,uav_03,1,26.52407844036837,-11.756604593428316,8.010000000000002,-0.02,0.24210898841997353,-0.0028171183282368496
29.6,uav_01,1,0.028945883727957113,-11.721567061602867,8.010000000000002,-0.019351250231606727,0.39389249861035963,0.0
29.6,uav_02,1,13.27651216273374,-11.721517720132773,8.010000000000002,-0.025988243013654495,0.344070541918073,0.0
29.6,uav_03,1,26.52407844036837,-11.734965232042414,8.010000000000002,-0.02,0.3872064347628067,0.0
29.7,uav_01,1,0.028945883727957113,-11.678896248674752,8.010000000000002,-0.0038833826491600646,0.49281632145587956,0.0
29.7,uav_02,1,13.27651216273374,-11.685854215673178,8.010000000000002,-0.007952578356698528,0.4563793731464118,0.0
29.7,uav_03,1,26.52407844036837,-11.70242318436179,8.010000000000002,-0.008378590932610128,0.4764856362695595,0.0
29.8,uav_01,1,0.03563773116020875,-11.630924077857896,8.010000000000002,0.027742169606558394,0.5338710848032793,0.0
29.8,uav_02,1,13.276786522019169,-11.649330867910798,8.010000000000002,0.0011374023374294895,0.5205687011687148,0.0
29.8,uav_03,1,26.52407844036837,-11.663915564320591,8.010000000000002,0.0134854097057892,0.5279805462743856,0.0
29.9,uav_01,1,0.045982630099311604,-11.57489517666464,8.017657169462167,0.08594301677300419,0.54,0.0
29.9,uav_02,1,13.287203850887336,-11.600258902573442,8.010000000000002,0.04648627315082827,0.54,0.0
29.9,uav_03,1,26.527045650790285,-11.62246142241307,8.010000000000002,0.04537633209969899,0.55,0.0
30.0,uav_01,1,0.06211301187766281,-11.530039746418687,8.02,0.15031238727986027,0.5256250322057542,0.0
30.0,uav_02,1,13.298112404228945,-11.545532739386205,8.011193426250145,0.10835398375100427,0.5376131474997131,0.0
30.0,uav_03,1,26.5353901994923,-11.580258722183281,8.010861848066249,0.08603293646373407,0.5482763038675046,0.0
30.1,uav_01,1,0.08195045569101392,-11.476179723425226,8.02,0.22227189525841112,0.4975977591749667,0.0
30.1,uav_02,1,13.313910080310396,-11.509233051104678,8.019379914451243,0.1656594011586982,0.5212401710975149,0.0
30.1,uav_03,1,26.55441373970754,-11.536546686519817,8.02,0.155040042761252,0.5278399816737491,0.0
30.2,uav_01,1,0.11034925195207067,-11.426126127689587,8.02,0.30498084388928387,0.4656321835415186,0.0
30.2,uav_02,1,13.333685486375947,-11.463793384787413,8.02,0.2373938745584171,0.49111691090353554,0.0
30.2,uav_03,1,26.571955519874784,-11.496239418897266,8.02,0.21867212569387878,0.5005690889883376,0.0
30.3,uav_01,1,0.1500121674827843,-11.378476532057514,8.02,0.3909502547114436,0.4422624363221391,0.0
30.3,uav_02,1,13.365250744398256,-11.415617612183297,8.02,0.32394030975154225,0.45901492256211446,0.0
30.3,uav_03,1,26.60165363353456,-11.439380511177482,8.02,0.3009338724875201,0.46973317928927993,0.0
30.4,uav_01,1,0.201133154983624,-11.330487296846483,8.02,0.4678408874339691,0.41092533395687036,0.0
30.4,uav_02,1,13.400193651862882,-11.375471938631716,8.02,0.396371142833375,0.44090721429165625,0.0
30.4,uav_03,1,26.628493226524768,-11.398266071903723,8.02,0.365840217271172,0.4511885093510937,0.0
30.5,uav_01,1,0.25138856473936305,-11.284477500433722,8.02,0.5507244358508991,0.38963778207455046,0.0
30.5,uav_02,1,13.451543771144332,-11.327873023615012,8.02,0.4722491150809711,0.4094377212297572,0.0
30.5,uav_03,1,26.67878054071072,-11.350992270992869,8.02,0.45053736387467624,0.41986565903133094,0.0
30.6,uav_01,1,0.31549599029764347,-11.247098102293819,8.02,0.6379832448387817,0.34700628318545684,0.0
30.6,uav_02,1,13.499224095075586,-11.284170890170005,8.02,0.5510965131871174,0.38945174340644134,0.0
30.6,uav_03,1,26.723869104440144,-11.309550711163512,8.02,0.5253062346007874,0.40117344134980315,0.0
30.7,uav_01,1,0.3861090676912813,-11.202954335444044,8.018728760325535,0.7201699173957111,0.31745752065107224,-0.0012712396744638916
30.7,uav_02,1,13.56705953288146,-11.235150876635608,8.018410261388798,0.6427179088896143,0.3468205227775964,0.0
30.7,uav_03,1,26.785546293917292,-11.27306650248035,8.02,0.6011310515619733,0.35957585566426,0.0
30.8,uav_01,1,0.4439693026890707,-11.178026121763402,8.011232845599219,0.780137235206257,0.30246569119843575,-0.008767154400782127
30.8,uav_02,1,13.632775135601385,-11.203342177812903,8.010000000000002,0.7192369236845805,0.32653615361828237,-0.0011546154605725583
30.8,uav_03,1,26.841147544796172,-11.236563699607919,8.02,0.66698941656051,0.3348789687898088,0.0
30.9,uav_01,1,0.5316612790476642,-11.14398766645505,8.010000000000002,0.8620201528274669,0.2819949617931333,-0.01
30.9,uav_02,1,13.713758186106991,-11.169060107587743,8.010000000000002,0.8017058814178828,0.2970735296455293,-0.01
30.9,uav_03,1,26.910375192823803,-11.200674374393882,8.011376509212333,0.7576114170890068,0.31275301842466513,-0.008623490787667427
31.0,uav_01,1,0.6130029586000736,-11.122114620902668,8.010000000000002,0.9369569363962191,0.2632607659009452,-0.01
31.0,uav_02,1,13.786446298095058,-11.141223145684929,8.010000000000002,0.8686704847661914,0.2803323788084522,-0.01
31.0,uav_03,1,26.982720437935164,-11.171951455200409,8.010000000000002,0.8280837887561489,0.29547905281096276,-0.01
31.1,uav_01,1,0.7217609283965779,-11.088858501358288,8.010000000000002,1.0213055548039645,0.2510868056495045,-0.0010868056495044586
31.1,uav_02,1,13.88027462314737,-11.105676507402109,8.010000000000002,0.9541814877731151,0.2694773140283606,-0.009477314028360608
31.1,uav_03,1,27.069939473264267,-11.138549666273613,8.010000000000002,0.9084351415516086,0.27539121461209787,-0.01
31.2,uav_01,1,0.8229434547534252,-11.057154520731928,8.010000000000002,1.0975726594764832,0.2415534175654396,0.0
31.2,uav_02,1,13.9783289699432,-11.074952693442764,8.010000000000002,1.0280907032369861,0.2602386620953767,-0.00023866209537672795
31.2,uav_03,1,27.16065111095152,-11.10638782401395,8.010000000000002,0.9858036782974113,0.2630245402128236,-0.003024540212823593
31.3,uav_01,1,0.9180993046294366,-11.036924865943607,8.010000000000002,1.1575612238253283,0.22641107890704906,0.0
31.3,uav_02,1,14.09505450491902,-11.03936038755016,8.010000000000002,1.1055673464211493,0.2386081633947127,0.0
31.3,uav_03,1,27.267786835313345,-11.080045902766182,8.010000000000002,1.0614130018894787,0.24531057088872035,0.0
31.4,uav_01,1,1.017193279015672,-11.018863046904656,8.010000000000002,1.209647469596634,0.20517626520168306,0.0
31.4,uav_02,1,14.203246592499124,-11.018650392578595,8.010000000000002,1.180222976063389,0.21985134929107394,0.0
31.4,uav_03,1,27.378974314409284,-11.050317851419823,8.010000000000002,1.1301832503424174,0.225661928473595,0.0
31.5,uav_01,1,1.1318379295521772,-10.998599281816983,8.010000000000002,1.2685685204262398,0.1736751311850058,0.0
31.5,uav_02,1,14.336383929885283,-10.995117993051048,8.010000000000002,1.2445601693966302,0.1780456416871585,0.0
31.5,uav_03,1,27.497578208290207,-11.024469121686986,8.010000000000002,1.1870631229592319,0.1977621262244609,0.0
31.6,uav_01,1,1.2615578608283073,-10.976371356575699,8.010000000000002,1.3346427446614613,0.12946437944878242,0.0
31.6,uav_02,1,14.450914711594688,-10.974874354537725,8.010000000000002,1.3084764281398107,0.15065295936865256,0.0
31.6,uav_03,1,27.615065901643703,-11.003261584130057,8.010000000000002,1.234891427885068,0.1620868576919456,0.0
31.7,uav_01,1,1.396047349837228,-10.959102528288156,8.010000000000002,1.3889623002845428,0.07724523965854878,0.0
31.7,uav_02,1,14.59619123530357,-10.962734746405157,8.010000000000002,1.3720633430038196,0.09690498549427089,0.0
31.7,uav_03,1,27.743737134591477,-10.988540438365353,8.010000000000002,1.2717095547328523,0.11381740877857949,0.007236518244284104
31.8,uav_01,1,1.5354126416364897,-10.952221318561934,8.010000000000002,1.4302654855717305,0.019469028856538666,0.0
31.8,uav_02,1,14.728144660753546,-10.95262805235731,8.010000000000002,1.408532341619306,0.042201487571040724,0.0
31.8,uav_03,1,27.870416546030015,-10.977925829974911,8.010000000000002,1.2936239149490365,0.05231629767837268,0.003188042525481811
31.9,uav_01,1,1.6546607155681283,-10.952221318561934,8.010000000000002,1.4515573832664714,-0.030901682865300463,0.0
31.9,uav_02,1,14.882266891075389,-10.941136074182829,8.010000000000002,1.4503022248077075,-0.022115573653953634,0.0
31.9,uav_03,1,28.001673930664214,-10.966597621710488,8.010000000000002,1.3,-0.012186812809065813,0.0
32.0,uav_01,1,1.7792278537777777,-10.952221318561934,8.010000000000002,1.4596263503415563,-0.0873844523908942,0.0
32.0,uav_02,1,14.993569725260034,-10.941136074182829,8.010000000000002,1.4585419480190074,-0.07979363613305165,0.0
32.0,uav_03,1,28.13164158476254,-10.970916220198534,8.010000000000002,1.2862706544527087,-0.09178205496281121,0.0
32.1,uav_01,1,1.8978290556287583,-10.960863514055452,8.010000000000002,1.46,-0.15236900295898495,0.0
32.1,uav_02,1,15.129632988914247,-10.949491959688265,8.010000000000002,1.4524621548973813,-0.15030276082095018,0.0
32.1,uav_03,1,28.262940669826797,-10.9822526090432,8.010000000000002,1.2516350786755703,-0.17672984264885938,-0.00709123033110742
32.2,uav_01,1,2.02835589115916,-10.978415319664618,8.010000000000002,1.4395555833386353,-0.22451844443030583,0.0
32.2,uav_02,1,15.264543335722136,-10.967065032396862,8.010000000000002,1.4366094841115238,-0.22356206355390454,0.0
32.2,uav_03,1,28.384158392956405,-11.00045374084433,8.010000000000002,1.1994685801428677,-0.24728665649998752,-0.003244763357144643
32.3,uav_01,1,2.1634134212710254,-10.99910421207945,8.010000000000002,1.4115604051430084,-0.2930257213329804,0.0
32.3,uav_02,1,15.416044348239023,-10.990272832689108,8.010000000000002,1.4085105877421253,-0.30014196193504095,0.0
32.3,uav_03,1,28.512550571924553,-11.023147420438114,8.010000000000002,1.1310614463391153,-0.31194733170932976,0.0
32.4,uav_01,1,2.2963960903127045,-11.025389128210106,8.010000000000002,1.378660414819726,-0.341339585180274,0.0
32.4,uav_02,1,15.570630305319156,-11.022648655716981,8.010000000000002,1.3607791531257667,-0.35922084687423333,0.0
32.4,uav_03,1,28.633052682055645,-11.055750333117647,8.010000000000002,1.0476172405770572,-0.3533935347836036,0.0
32.5,uav_01,1,2.4242810411410813,-11.05576515333761,8.010000000000002,1.337655159429274,-0.37340690434243556,0.004468968114145194
32.5,uav_02,1,15.708076297814868,-11.054230812150173,8.010000000000002,1.313295375401194,-0.3846818498395224,0.007340924919761197
32.5,uav_03,1,28.734451566867723,-11.087522106273823,8.010000000000002,0.9711870541758378,-0.36735161822802026,0.0
32.6,uav_01,1,2.557366266511233,-11.08852959455226,8.010000000000002,1.2840725795946402,-0.39,0.01
32.6,uav_02,1,15.822447516681816,-11.087983927819646,8.010000000000002,1.2719106698973737,-0.3956178660205253,0.01
32.6,uav_03,1,28.832400003235,-11.118212734554707,8.010000000000002,0.9039379614156848,-0.36341970877366925,0.006580291226330731
32.7,uav_01,1,2.6941041062120212,-11.127119458214434,8.010000000000002,1.2233365546821129,-0.39,0.01
32.7,uav_02,1,15.934091560898592,-11.121320721134282,8.010000000000002,1.2249108221287281,-0.39581847035478807,0.01
32.7,uav_03,1,28.91985851190269,-11.149179012622543,8.010000000000002,0.8387570351234234,-0.35410814787477474,0.01
32.8,uav_01,1,2.8129878087419367,-11.164345163156463,8.010000000000002,1.1672861150333833,-0.38242870501112786,0.01
32.8,uav_02,1,16.04657168741105,-11.151142490132772,8.010000000000002,1.1711063802386383,-0.3837021267462128,0.01
32.8,uav_03,1,29.000759043314943,-11.180161039382142,8.010000000000002,0.7735429594060088,-0.3343755540311466,0.01
32.9,uav_01,1,2.9241355337623443,-11.19540338780426,8.013124856733144,1.108126002867994,-0.36375028653371255,0.01
32.9,uav_02,1,16.15092285347614,-11.17921593651444,8.010000000000002,1.1188656394444896,-0.366818754126997,0.01
32.9,uav_03,1,29.088257508366937,-11.213669840063286,8.010000000000002,0.7082945228360265,-0.3147157538060044,0.01
33.0,uav_01,1,3.0396595941513134,-11.227444013073352,8.02,1.0379242090155107,-0.3444810522538777,0.01
33.0,uav_02,1,16.259124433748664,-11.210293954611691,8.010935784066154,1.0525137274707792,-0.34812843186769477,0.009064215933847392
33.0,uav_03,1,29.169606235062982,-11.24675739483102,8.010000000000002,0.6485979495751998,-0.30476632492919997,0.004766324929199958
33.1,uav_01,1,3.148875452841685,-11.261665113821183,8.02,0.9556019194739442,-0.3239004798684861,0.0069502399342430375
33.1,uav_02,1,16.366202891740564,-11.241104996422143,8.02,0.9783946766638504,-0.3295986691659626,0.0
33.1,uav_03,1,29.24198964601091,-11.274291619184995,8.010000000000002,0.5831112181546088,-0.2894603480441739,0.0
33.2,uav_01,1,3.2494548836998116,-11.29402027124992,8.02,0.8777683437032877,-0.30444208592582195,0.0
33.2,uav_02,1,16.464784661190123,-11.27199407011775,8.02,0.9040879123321476,-0.3110219780830369,0.0
33.2,uav_03,1,29.300525060916737,-11.300051822593575,8.014592644737247,0.5224441315765257,-0.28,0.0
33.3,uav_01,1,3.346414235751923,-11.325000807071481,8.02,0.7917201295540209,-0.283715584345338,0.0
33.3,uav_02,1,16.545286371499508,-11.298338257307893,8.02,0.8277455877693815,-0.29332590486985727,0.0
33.3,uav_03,1,29.34750430781558,-11.327038894083513,8.02,0.4710463934478074,-0.27729234192111535,0.0
33.4,uav_01,1,3.4245216535240512,-11.348199424878059,8.02,0.7011524357936821,-0.2675960363161402,0.0
33.4,uav_02,1,16.62536473391746,-11.32726040704616,8.02,0.7491929974876106,-0.27583859949752215,0.0
33.4,uav_03,1,29.393911465412582,-11.35321588663799,8.02,0.4130510322069856,-0.2691313790258732,0.0
33.5,uav_01,1,3.49821493120455,-11.378404194227889,8.02,0.5810124915787631,-0.2555403833198097,0.0
33.5,uav_02,1,16.69008808508214,-11.352204603090334,8.02,0.649637741789973,-0.2645875185992287,0.0
33.5,uav_03,1,29.43399276933526,-11.371635543774012,8.02,0.34658553444767526,-0.2608231918059594,0.0
33.6,uav_01,1,3.565833305766922,-11.406066389317417,8.02,0.43606946595302465,-0.23686210471093033,0.0
33.6,uav_02,1,16.753775980753332,-11.378478054131946,8.02,0.5222108529360598,-0.25515791806686144,0.0
33.6,uav_03,1,29.466613766624103,-11.398147154315172,8.02,0.2583442755871673,-0.2525767523261061,0.0
33.7,uav_01,1,3.613944593904103,-11.4375071635442,8.02,0.2894533243091099,-0.22611179417762384,0.0
33.7,uav_02,1,16.811887818940097,-11.406327310694936,8.02,0.382456558115191,-0.24517546843679935,0.0
33.7,uav_03,1,29.4948177406548,-11.420701523050734,8.02,0.16691979249444153,-0.25,0.0
33.8,uav_01,1,3.6508540089788593,-11.46126043509226,8.02,0.15477455780457433,-0.21079575963409572,0.0
33.8,uav_02,1,16.854883591697234,-11.433335494405803,8.02,0.24927635628625744,-0.23532895048355826,0.0
33.8,uav_03,1,29.51794656118539,-11.450328721665592,8.013552419824544,0.059076618069966974,-0.24355241982454245,0.0
33.9,uav_01,1,3.6718151827932752,-11.485490013129665,8.02,0.023629528827697283,-0.19446912740230812,0.0
33.9,uav_02,1,16.88463393702611,-11.461608195262677,8.02,0.11813329348514207,-0.22524102257578016,0.0
33.9,uav_03,1,29.524801756273604,-11.475792923826734,8.010000000000002,-0.041570000213917005,-0.2338429999786083,0.0
34.0,uav_01,1,3.682273648486645,-11.50952133507119,8.02,-0.10007221853866237,-0.17088939494400118,0.0
34.0,uav_02,1,16.899241511601478,-11.483553682197371,8.02,-0.005889885086141362,-0.21068501915230978,0.0
34.0,uav_03,1,29.524801756273604,-11.496347736800052,8.010000000000002,-0.13428249450682736,-0.2137152516479518,0.0
34.1,uav_01,1,3.6789067103447843,-11.533352720379716,8.02,-0.19695479373729907,-0.13152260313135047,0.0
34.1,uav_02,1,16.904396300057527,-11.505542654147012,8.02,-0.11575617434960694,-0.18169753026015723,0.0
34.1,uav_03,1,29.520378316977546,-11.516647651442268,8.010000000000002,-0.21667621591104447,-0.18624641903335834,0.0
34.2,uav_01,1,3.668441617133726,-11.548569267901104,8.02,-0.2598277383582769,-0.08017226164172317,0.0
34.2,uav_02,1,16.90005147177767,-11.527552264253064,8.02,-0.20152137245371515,-0.13748473396163202,0.0
34.2,uav_03,1,29.506545617265136,-11.538543131901626,8.014460484658146,-0.277841938632583,-0.14769757670927125,0.0
34.3,uav_01,1,3.651994114260765,-11.559145101023317,8.02,-0.2925180234031235,-0.01745794539271177,0.0
34.3,uav_02,1,16.88963133813476,-11.545617385810091,8.02,-0.26121061785725,-0.07818407321412493,0.0
34.3,uav_03,1,29.486896586196266,-11.55597114004756,8.02,-0.31392833191629005,-0.08750055886198985,0.0
34.4,uav_01,1,3.631791626710829,-11.561909752323821,8.02,-0.30797510623727226,0.047850637423633435,0.0
34.4,uav_02,1,16.873000585464517,-11.550824507944716,8.02,-0.2862695225396182,-0.00611334222267286,0.0
34.4,uav_03,1,29.46344246631369,-11.561909752323821,8.02,-0.33,-0.018281137809862118,0.0
34.5,uav_01,1,3.6069899916322283,-11.553908037355974,8.02,-0.30278165217274744,0.11774678261802038,0.0
34.5,uav_02,1,16.852066202073807,-11.550824507944716,8.02,-0.29,0.07694316429697415,0.0
34.5,uav_03,1,29.437082402385503,-11.561909752323821,8.02,-0.32454309462129755,0.06365524302961995,0.0
34.6,uav_01,1,3.5836041180984473,-11.542015865365514,8.02,-0.3,0.20357022067101835,0.0
34.6,uav_02,1,16.831210601068726,-11.542038960561145,8.02,-0.29,0.16340354723983183,0.0
34.6,uav_03,1,29.410021223447295,-11.554903703894347,8.02,-0.30735968610185943,0.15056125559256234,0.0
34.7,uav_01,1,3.562826520540694,-11.520421223970324,8.02,-0.29128659715182836,0.2897072227853731,0.0
34.7,uav_02,1,16.811512985959414,-11.521708198653167,8.02,-0.28186708714322106,0.25319621571101064,0.0
34.7,uav_03,1,29.385597051320275,-11.542912917948778,8.02,-0.29286295366484805,0.23709637068121533,0.0
34.8,uav_01,1,3.5424708642887164,-11.486767732594208,8.02,-0.28073812540995596,0.3740949967203525,0.0
34.8,uav_02,1,16.78991282365593,-11.49689191691883,8.02,-0.2706737019308892,0.335284086483776,0.0
34.8,uav_03,1,29.364922040015514,-11.513630153120975,8.02,-0.28214898945699046,0.3228080843440763,0.0
34.9,uav_01,1,3.5238450430142088,-11.454669110614805,8.02,-0.26217213731443606,0.4513114507422559,0.0
34.9,uav_02,1,16.768532970235924,-11.460344450447035,8.02,-0.26,0.42324413896672025,0.0
34.9,uav_03,1,29.346296862750073,-11.481532640988133,8.02,-0.2724972664351521,0.40002186851878324,0.0
35.0,uav_01,1,3.507820649419642,-11.419052405202432,8.02,-0.25278209302704513,0.5249611627565941,0.0
35.0,uav_02,1,16.748129064412375,-11.413460628847522,8.02,-0.25804201510950203,0.508810932007241,0.0
35.0,uav_03,1,29.326075923393827,-11.446685086401065,8.02,-0.25403721110213934,0.48385115559144265,0.0
35.1,uav_01,1,3.486884740632329,-11.37690785074198,8.02,-0.24462195303307943,0.5930243757353645,0.0
35.1,uav_02,1,16.732222132145612,-11.376909893168321,8.02,-0.24155580376473038,0.5829988830587133,0.0
35.1,uav_03,1,29.300165170024194,-11.39781649283174,8.02,-0.24239429068857898,0.568451383802789,0.0
35.2,uav_01,1,3.4689744128935374,-11.320051638811336,8.02,-0.23530329508698464,0.667573639304123,-0.00469670491301537
35.2,uav_02,1,16.712112098458835,-11.309321685665443,8.02,-0.23035671312800396,0.6767895818479644,-0.009643286871996042
35.2,uav_03,1,29.285452283471553,-11.339840103605667,8.02,-0.23193418931905826,0.6625922961284758,-0.008065810680941749
35.3,uav_01,1,3.4547091117903252,-11.253247214455412,8.02,-0.23,0.7526667615567986,-0.01
35.3,uav_02,1,16.69113866761015,-11.247550779461415,8.02,-0.23,0.7646070515346449,-0.01
35.3,uav_03,1,29.266445326241854,-11.270041013371527,8.01111752999046,-0.22111752999045745,0.7510597600763405,-0.01
35.4,uav_01,1,3.435417194955672,-11.181501980884168,8.02,-0.2347379843409753,0.8426418590687776,-0.01
35.4,uav_02,1,16.67056511923947,-11.16352132817294,8.02,-0.232346559759327,0.8593862390373079,-0.01
35.4,uav_03,1,29.245486787663065,-11.187002886406932,8.010000000000002,-0.22974336042803628,0.8476902438523263,-0.01
35.5,uav_01,1,3.412971511580539,-11.10301300436488,8.015753649458153,-0.24424635054184668,0.9239708043347734,-0.01
35.5,uav_02,1,16.652284813944487,-11.079512846998282,8.019353712645167,-0.25064628735483296,0.9351702988386639,-0.01
35.5,uav_03,1,29.22740172241244,-11.104176136375647,8.010000000000002,-0.239115192875226,0.9229215430018082,-0.01
35.6,uav_01,1,3.3916498519313234,-11.027858933778457,8.010000000000002,-0.25,0.9893487105516988,-0.01
35.6,uav_02,1,16.630647200468808,-10.984197281343121,8.010000000000002,-0.26,1.0199150939873776,-0.008760613251577799
35.6,uav_03,1,29.19685081264125,-11.00796129153506,8.010000000000002,-0.2499646205512805,1.0097169644102437,-0.01
35.7,uav_01,1,3.376032519597359,-10.947117015417941,8.010000000000002,-0.25051162137802063,1.0535813496461444,-0.009488378621979378
35.7,uav_02,1,16.605047425045527,-10.89540834781163,8.010000000000002,-0.26,1.0908756908976038,0.0
35.7,uav_03,1,29.17591292669115,-10.8990440839662,8.010000000000002,-0.25920288111867257,1.095579832169292,0.0
35.8,uav_01,1,3.360191542705573,-10.865218850251422,8.010000000000002,-0.2587205484220909,1.1110438389546367,-0.0012794515779090687
35.8,uav_02,1,16.584274366493045,-10.776078208432423,8.010000000000002,-0.2582202563732737,1.1662291026935419,0.0
35.8,uav_03,1,29.15590005972433,-10.78408083914234,8.010000000000002,-0.24883204557549912,1.169343635396007,0.0
35.9,uav_01,1,3.3426625319797534,-10.765942332196973,8.010000000000002,-0.2521957706931908,1.1824338344544731,0.0
35.9,uav_02,1,16.56804412308368,-10.682844118550829,8.010000000000002,-0.2413989599387021,1.2251036402145425,0.0
35.9,uav_03,1,29.140145500943213,-10.693579297251402,8.010000000000002,-0.24066790054085213,1.2346567956731829,0.0
36.0,uav_01,1,3.318096458800813,-10.655964236355134,8.010000000000002,-0.2359539009213272,1.2491613467753548,0.0
36.0,uav_02,1,16.548134430256646,-10.557811889185503,8.010000000000002,-0.22076422042693108,1.3069431182922757,0.0
36.0,uav_03,1,29.119941578302388,-10.566652848098595,8.010000000000002,-0.21059417514310508,1.3086135913327548,0.0
36.1,uav_01,1,3.3034156928881027,-10.543031753905664,8.010000000000002,-0.2174309183462685,1.320276326614926,0.0
36.1,uav_02,1,16.52986005145388,-10.432263590600234,8.010000000000002,-0.19273651975157963,1.3827026139957876,0.0
36.1,uav_03,1,29.099829020755323,-10.42474618036444,8.010000000000002,-0.17865337446217874,1.40359100143419,0.0
36.2,uav_01,1,3.289257153106249,-10.418764469503435,8.010000000000002,-0.18808262170906428,1.3938347565818714,0.0
36.2,uav_02,1,16.520022571720048,-10.299491136222356,8.010000000000002,-0.15651447202125404,1.4653424379521784,0.0
36.2,uav_03,1,29.090837326485985,-10.290449705829019,8.010000000000002,-0.1506959443080431,1.4781441485118851,0.0
36.3,uav_01,1,3.2769266743944776,-10.303891439684774,8.010000000000002,-0.15504718272848325,1.4636438388609128,0.0
36.3,uav_02,1,16.511871179294154,-10.177745088640672,8.010000000000002,-0.12272151134198242,1.5345569773160352,0.0
36.3,uav_03,1,29.081841257359567,-10.15608790837782,8.010000000000002,-0.11363322067096698,1.5618252534903243,0.0
36.4,uav_01,1,3.2692805357426,-10.194789776641588,8.010000000000002,-0.12501162711509042,1.5333023276930922,0.0
36.4,uav_02,1,16.503319713008473,-10.04372450512874,8.015682505044818,-0.08726997982072578,1.6054600403585484,0.0
36.4,uav_03,1,29.07271119040665,-10.010242159654592,8.010000000000002,-0.08433725039685341,1.6384339989417243,0.0
36.5,uav_01,1,3.2588345683080324,-10.024012252798356,8.010000000000002,-0.09004333454470942,1.619913330910581,0.0
36.5,uav_02,1,16.49915392238152,-9.894011841347103,8.02,-0.0550778239206103,1.684766528238169,0.0
36.5,uav_03,1,29.0713162399651,-9.858438869718297,8.010000000000002,-0.04887966347809436,1.7122406730438113,0.0
36.6,uav_01,1,3.2515876447468886,-9.850957029093486,8.010000000000002,-0.051309873813282024,1.7031736698312478,0.0
36.6,uav_02,1,16.49915392238152,-9.745159820716477,8.02,-0.02895806803847127,1.7557645079102338,0.0
36.6,uav_03,1,29.0713162399651,-9.695573678676247,8.010000000000002,-0.018695881034848694,1.7797096109186865,0.0
36.7,uav_01,1,3.2539997120119377,-9.688505121031145,8.010000000000002,-0.022500278582684444,1.7799992571128416,0.0
36.7,uav_02,1,16.49915392238152,-9.598643974559678,8.02,-0.006117217012462948,1.8135897404563797,0.0
36.7,uav_03,1,29.0713162399651,-9.512885231952422,8.010000000000002,0.0048031543331714215,1.8518110401661,0.0
36.8,uav_01,1,3.2612362721991563,-9.495814634535908,8.010000000000002,0.009498462754526005,1.858996925509052,0.0
36.8,uav_02,1,16.500633258335455,-9.426820160895613,8.018466791519286,0.014599625442144895,1.8791992508842899,0.0
36.8,uav_03,1,29.078056847490167,-9.335146519518872,8.010000000000002,0.023972158337355824,1.9189025541807454,0.0
36.9,uav_01,1,3.265014042705102,-9.293247057185651,8.010000000000002,0.03783068884726053,1.9195767221181512,0.0
36.9,uav_02,1,16.510680090125245,-9.230593627900555,8.010000000000002,0.04583773887921516,1.9416754777584302,0.0
36.9,uav_03,1,29.086244945606676,-9.175223254211968,8.010000000000002,0.0409447223764821,1.9673618059412052,0.0
37.0,uav_01,1,3.274815439498833,-9.101814154582815,8.010000000000002,0.06222102883244466,1.9744420576648891,0.0
37.0,uav_02,1,16.51979822651698,-9.050957985765672,8.010000000000002,0.07418830867398188,1.9969805144566364,0.0
37.0,uav_03,1,29.09457683287809,-9.007938162168053,8.010000000000002,0.058215337687984196,2.0105383442199605,0.0
37.1,uav_01,1,3.2844644903876064,-8.904324219671564,8.010000000000002,0.09222234540262027,2.0344446908052403,0.0
37.1,uav_02,1,16.53009174769321,-8.83579863234721,8.010000000000002,0.10619344115761661,2.050322401929361,0.0
37.1,uav_03,1,29.103549121137025,-8.818614105290902,8.010000000000002,0.08022009853802549,2.060440197076051,0.0
37.2,uav_01,1,3.298449209306808,-8.68928280409518,8.010000000000002,0.12285216912951953,2.0914202818825327,0.0
37.2,uav_02,1,16.540424671764015,-8.639451252797059,8.010000000000002,0.13554739345922104,2.0983210901888314,0.0
37.2,uav_03,1,29.115270775672272,-8.621244332632193,8.010000000000002,0.10833282895303964,2.113888048255066,0.0
37.3,uav_01,1,3.3177009472246923,-8.479159972976667,8.010000000000002,0.15704187352737306,2.1413023419092165,0.0
37.3,uav_02,1,16.559626216630075,-8.438276372788755,8.010000000000002,0.17267449988303127,2.1535659998440417,0.0
37.3,uav_03,1,29.133255626339544,-8.4226237840567,8.010000000000002,0.13629253018258317,2.160487550304305,0.0
37.4,uav_01,1,3.3372734697034283,-8.265535942911923,8.010000000000002,0.19320934090869946,2.1876124545449325,0.0
37.4,uav_02,1,16.589341717013866,-8.199771397498923,8.010000000000002,0.20347214342750242,2.198680358568756,0.0
37.4,uav_03,1,29.150725294416436,-8.223191226552661,8.010000000000002,0.163451315598463,2.205752192664105,0.0
37.5,uav_01,1,3.360737819728273,-8.05065809361709,8.010000000000002,0.21875004894866035,2.2318751223716506,0.0
37.5,uav_02,1,16.611891847026225,-7.972613710959129,8.010000000000002,0.224562317651829,2.2491246353036582,0.0
37.5,uav_03,1,29.16916652860304,-8.020347527096446,8.010000000000002,0.1914136814178701,2.25282736283574,0.0
37.6,uav_01,1,3.3920998682990398,-7.804671977542407,8.010000000000002,0.23520974241402673,2.2808389696561067,0.0
37.6,uav_02,1,16.639418363806545,-7.751238490286582,8.010000000000002,0.24,2.2871632276493243,0.0
37.6,uav_03,1,29.184870420365424,-7.83090551801823,8.010000000000002,0.2076894581791238,2.2853789163582476,0.0
37.7,uav_01,1,3.417552919743642,-7.5533783841494655,8.010000000000002,0.23399540153895082,2.3240183938441965,0.0
37.7,uav_02,1,16.667546212005877,-7.507472527110309,8.010000000000002,0.23547540512976073,2.3290491897404784,0.0
37.7,uav_03,1,29.213793471416242,-7.589334493216059,8.010000000000002,0.2192219313181215,2.326887725272486,0.0
37.8,uav_01,1,3.444867520598255,-7.302704452619667,8.010000000000002,0.2232271643982051,2.3670913424071793,0.0
37.8,uav_02,1,16.687436709889738,-7.28746608335007,8.010000000000002,0.21657370646713578,2.366852587065728,0.0
37.8,uav_03,1,29.24086309073908,-7.371633757632991,8.010000000000002,0.22,2.3642949360209973,0.0
37.9,uav_01,1,3.4762283328649484,-7.042060174557814,8.010000000000002,0.1971786211604371,2.402821378839563,0.0
37.9,uav_02,1,16.71556199697594,-7.042257743443021,8.010000000000002,0.19356656122313978,2.4085779183691467,0.0
37.9,uav_03,1,29.262595172255985,-7.12607243817369,8.010000000000002,0.2017553041733106,2.397367043740034,0.0
38.0,uav_01,1,3.4994353029358622,-6.777952663553437,8.010000000000002,0.1646897920765206,2.4437469438979726,0.0
38.0,uav_02,1,16.735615623320996,-6.809442638405826,8.010000000000002,0.1649271251957664,2.4450728748042336,0.0
38.0,uav_03,1,29.29326407721147,-6.861394720329108,8.010000000000002,0.17995430411960417,2.440045695880396,0.0
38.1,uav_01,1,3.520245495510247,-6.514957047790698,8.010000000000002,0.13233774128538117,2.4868830116194918,0.0
38.1,uav_02,1,16.76181097997393,-6.55014870168251,8.010000000000002,0.13333345616893125,2.4788887251080918,0.0
38.1,uav_03,1,29.314251889396044,-6.595166375957818,8.010000000000002,0.14732612338022877,2.473565168826362,0.0
38.2,uav_01,1,3.531581092725358,-6.238571556333929,8.010000000000002,0.09971513762436884,2.520284862375631,0.0
38.2,uav_02,1,16.77260659910003,-6.308362154502512,8.010000000000002,0.10488358621429925,2.5151164137857007,0.0
38.2,uav_03,1,29.334713218886694,-6.324825704952213,8.010000000000002,0.11551642587972001,2.51448357412028,0.0
38.3,uav_01,1,3.5516263450156065,-5.961424525330108,8.010000000000002,0.0690348560683601,2.5528954317949197,0.0
38.3,uav_02,1,16.790783975304333,-6.039511054315632,8.010000000000002,0.07549943960314325,2.5445005603968567,0.0
38.3,uav_03,1,29.353705289917528,-6.039824969741081,8.010000000000002,0.08198174850599167,2.548018251494008,0.0
38.4,uav_01,1,3.561893120138847,-5.68834956972477,8.010000000000002,0.056788395278234066,2.583211604721766,0.0
38.4,uav_02,1,16.799990902743957,-5.796222166279622,8.010000000000002,0.05820750538879992,2.5653774838336,0.0
38.4,uav_03,1,29.364126599988523,-5.764446575656108,8.010000000000002,0.05305285743108774,2.576947142568912,0.0
38.5,uav_01,1,3.5720168499433025,-5.411529444439966,8.010000000000002,0.04,2.604196410495573,0.0
38.5,uav_02,1,16.810092224306967,-5.526792220881812,8.010000000000002,0.0477383267542198,2.5945233464915605,0.0
38.5,uav_03,1,29.374463563055002,-5.486655662505638,8.010000000000002,0.03581302701904449,2.598373945961911,0.0
38.6,uav_01,1,3.5808569675992663,-5.176536312114528,8.010000000000002,0.04,2.6212602520774477,0.0
38.6,uav_02,1,16.81899648780461,-5.281271040320098,8.010000000000002,0.04,2.61298040338875,0.0
38.6,uav_03,1,29.384959932904046,-5.197234644558707,8.010000000000002,0.024934413240657448,2.620131173518685,0.0
38.7,uav_01,1,3.5901951534555243,-4.919050396815966,8.010000000000002,0.04,2.630938505045313,0.0
38.7,uav_02,1,16.828018649652787,-5.032499023058797,8.010000000000002,0.04,2.6308409209816386,0.0
38.7,uav_03,1,29.395560293096334,-4.904946254498567,8.010000000000002,0.02,2.6360519778995806,0.0
38.8,uav_01,1,3.5991573117225264,-4.671932886859263,8.010000000000002,0.04,2.64,0.0
38.8,uav_02,1,16.836942609354484,-4.786434744738235,8.010000000000002,0.04,2.64,0.0
38.8,uav_03,1,29.40444365290851,-4.660001454638287,8.010000000000002,0.02,2.6452588416282534,0.0
38.9,uav_01,1,3.6081724204400545,-4.423355316508043,8.010000000000002,0.04,2.64,0.0
38.9,uav_02,1,16.84491260441683,-4.566674554330665,8.010000000000002,0.04,2.64,0.0
38.9,uav_03,1,29.409018219990628,-4.427984610764081,8.010000000000002,0.02,2.6460202242444972,0.0
39.0,uav_01,1,3.6153236764868466,-4.218430745918316,8.010000000000002,0.04,2.64,0.0
39.0,uav_02,1,16.85216956426602,-4.3665752206617,8.010000000000002,0.04,2.64,0.0
39.0,uav_03,1,29.412230139302462,-4.17925538016378,8.010000000000002,0.02,2.636671113201041,0.0
39.1,uav_01,1,3.624439762265246,-3.963723516247853,8.010000000000002,0.04,2.6335698083230823,0.0
39.1,uav_02,1,16.86070595040879,-4.13119769469767,8.010000000000002,0.04,2.6352814113951144,0.0
39.1,uav_03,1,29.421225167377493,-3.931231527449828,8.010000000000002,0.02,2.627348515551974,0.0
39.2,uav_01,1,3.634861215385166,-3.6763681911765063,8.010000000000002,0.04,2.615537677569389,0.0
39.2,uav_02,1,16.869825900270573,-3.8797293088212914,8.010000000000002,0.04,2.621658684693815,0.0
39.2,uav_03,1,29.430132662718982,-3.6856212353183433,8.010000000000002,0.02,2.614349912865582,0.0
39.3,uav_01,1,3.637532764776057,-3.4408936376570516,8.010000000000002,0.04,2.591753813922023,0.0
39.3,uav_02,1,16.878013470189476,-3.6539698527042876,8.010000000000002,0.04,2.6046872156219423,0.0
39.3,uav_03,1,29.437964105089733,-3.444849575923026,8.010000000000002,0.02,2.5871998954626654,0.0
39.4,uav_01,1,3.6416522267112708,-3.2278036156660193,8.010000000000002,0.04,2.562922083497648,0.0
39.4,uav_02,1,16.886973277735397,-3.4090704280114985,8.010000000000002,0.04,2.5841725379185227,0.0
39.4,uav_03,1,29.437964105089733,-3.251712132986534,8.010000000000002,0.02,2.5654212320184304,0.0
39.5,uav_01,1,3.650266044031536,-3.000187408558245,8.010000000000002,0.04,2.527212065354089,0.0
39.5,uav_02,1,16.89616681070643,-3.1645050671263135,8.010000000000002,0.04,2.554116725479591,0.0
39.5,uav_03,1,29.445812489149965,-2.996245588190502,8.010000000000002,0.02,2.5274632102895174,0.0
39.6,uav_01,1,3.659651005223885,-2.752194063010117,8.010000000000002,0.03707628490662613,2.4853814245331307,0.0
39.6,uav_02,1,16.904396300057527,-2.888223927316592,8.010000000000002,0.04,2.510318936454235,0.0
39.6,uav_03,1,29.454025487705433,-2.779220814804104,8.010000000000002,0.02,2.4867685627041216,0.0
39.7,uav_01,1,3.6675728166927963,-2.5441208836076505,8.010000000000002,0.02886598708153782,2.443195922489227,0.0
39.7,uav_02,1,16.905606288003362,-2.6520458710560653,8.010000000000002,0.03874594811353139,2.4637297405676573,0.0
39.7,uav_03,1,29.457261359994277,-2.561150782847482,8.010000000000002,0.01456429044798711,2.4428214522399356,0.0
39.8,uav_01,1,3.676127277327435,-2.3189165040600677,8.010000000000002,0.02,2.387421079557102,0.0
39.8,uav_02,1,16.91590863855708,-2.391647225280596,8.010000000000002,0.02806841875525327,2.406478931286773,0.0
39.8,uav_03,1,29.461322925310395,-2.3471802722538553,8.010000000000002,0.005790525897048211,2.3947431553822893,0.0
39.9,uav_01,1,3.676127277327435,-2.1406893283626016,8.010000000000002,0.02,2.336264203339955,0.0
39.9,uav_02,1,16.923693556333216,-2.159799292615428,8.010000000000002,0.018561598560234007,2.339931189921638,0.0
39.9,uav_03,1,29.466909988817694,-2.138925778561439,8.010000000000002,0.0,2.3380091523644597,0.0
40.0,uav_01,1,3.6822792319028896,-1.935599201785224,8.010000000000002,0.013624011568853886,2.275368080981977,0.0
40.0,uav_02,1,16.92534729427139,-1.9130036163711164,8.010000000000002,0.01,2.2645743433278884,0.0
40.0,uav_03,1,29.4686255950467,-1.9206962106804006,8.010000000000002,0.0,2.265775334471208,0.0
40.1,uav_01,1,3.685775906150855,-1.7531095180046536,8.014425986000386,0.005574013999614462,2.21016612599653,0.0
40.1,uav_02,1,16.933342183785484,-1.6929435726074131,8.010000000000002,0.008360228715219726,2.176881829721758,0.0
40.1,uav_03,1,29.47655188684802,-1.7294604622105243,8.010000000000002,0.0,2.200055795889931,0.0
40.2,uav_01,1,3.685775906150855,-1.5828088383393737,8.02,0.0,2.1389260094836526,0.0
40.2,uav_02,1,16.933342183785484,-1.4651297761717017,8.012016119749061,0.0,2.087822682760336,0.0
40.2,uav_03,1,29.476558616269962,-1.4933403530926883,8.010000000000002,-0.01,2.103232889053852,0.0
40.3,uav_01,1,3.6872730020188333,-1.375145952354933,8.02,0.0,2.0444838462736317,0.0
40.3,uav_02,1,16.934932027646553,-1.2622689215119631,8.02,0.0,1.9835225927935891,0.0
40.3,uav_03,1,29.476558616269962,-1.295999258100737,8.010000000000002,-0.010048829640627198,2.0094628739531006,0.0
40.4,uav_01,1,3.695424533603123,-1.1494059233543301,8.017604400230784,0.0,1.9336484025386298,0.0
40.4,uav_02,1,16.942990812608908,-1.0429657999378334,8.02,0.0,1.8746738312981506,0.0
40.4,uav_03,1,29.476558616269962,-1.081990839521522,8.010000000000002,-0.02,1.890982620549251,0.0
40.5,uav_01,1,3.695424533603123,-0.9466280904614038,8.010000000000002,-0.0027086294249321196,1.8174964469008146,0.0
40.5,uav_02,1,16.942990812608908,-0.8447745700165503,8.017004451765537,-0.0029955482344624224,1.754053421186451,0.0
40.5,uav_03,1,29.476558616269962,-0.8795248328754804,8.010000000000002,-0.02,1.7712372545576616,0.0
40.6,uav_01,1,3.695424533603123,-0.7718437468518387,8.010000000000002,-0.01,1.7030242599727683,0.0
40.6,uav_02,1,16.942990812608908,-0.647763017145501,8.010000000000002,-0.01,1.6166570070488964,0.0
40.6,uav_03,1,29.476558616269962,-0.6800483424711127,8.010000000000002,-0.02,1.6407773447331861,0.0
40.7,uav_01,1,3.695424533603123,-0.5978399000832773,8.010000000000002,-0.01,1.5747365783210963,0.0
40.7,uav_02,1,16.942990812608908,-0.4678278932471863,8.010000000000002,-0.01,1.4768827636473925,0.0
40.7,uav_03,1,29.476558616269962,-0.5075795332461644,8.010000000000002,-0.02,1.5078875500753923,0.0
40.8,uav_01,1,3.695424533603123,-0.44933867683748224,8.010000000000002,-0.01,1.4553484674630321,0.0
40.8,uav_02,1,16.942990812608908,-0.31144825970704515,8.010000000000002,-0.01,1.3294504258886248,0.0
40.8,uav_03,1,29.476558616269962,-0.35616623494981203,8.010000000000002,-0.022977107847416293,1.3683204901361719,0.0
40.9,uav_01,1,3.695424533603123,-0.3133812757755627,8.010000000000002,-0.01,1.3300399405387626,0.0
40.9,uav_02,1,16.942990812608908,-0.16666270717333154,8.010000000000002,-0.01,1.1770708533870298,0.0
40.9,uav_03,1,29.476558616269962,-0.23528059989425706,8.010000000000002,-0.03,1.2474048323256264,0.0
41.0,uav_01,1,3.695424533603123,-0.15955401048260948,8.010000000000002,-0.01,1.1668246959831958,0.0
41.0,uav_02,1,16.942990812608908,-0.040456500307923526,8.010000000000002,-0.01,1.0270941383684795,0.0
41.0,uav_03,1,29.476558616269962,-0.1025622038708984,8.010000000000002,-0.03,1.0950272043572813,0.0
41.1,uav_01,1,3.695424533603123,-0.03631224903080387,8.010000000000002,-0.013026968481806145,1.0176224412547141,0.0
41.1,uav_02,1,16.942990812608908,0.07805700470875963,8.010000000000002,-0.01804152321675318,0.8774186749654554,0.0
41.1,uav_03,1,29.473571985863813,0.0197966348566098,8.010000000000002,-0.03,0.946664483220098,0.0
41.2,uav_01,1,3.695424533603123,0.07114181827991645,8.010000000000002,-0.02,0.8592408146831408,0.0
41.2,uav_02,1,16.942990812608908,0.16884807155015052,8.010000000000002,-0.02,0.7253642740594637,0.0
41.2,uav_03,1,29.466909988817694,0.12264593960934417,8.010000000000002,-0.03,0.7925520343224238,0.0
41.3,uav_01,1,3.695424533603123,0.16406556834634964,8.010000000000002,-0.02,0.6799898103257921,0.0
41.3,uav_02,1,16.942990812608908,0.25333515973311627,8.010000000000002,-0.02,0.533770551772268,0.0
41.3,uav_03,1,29.466909988817694,0.20889786035924743,8.010000000000002,-0.03,0.6051773945083863,0.0
41.4,uav_01,1,3.695424533603123,0.23242401973088966,8.010000000000002,-0.02,0.4734531768519323,0.0
41.4,uav_02,1,16.933342183785484,0.3117220590959137,8.010000000000002,-0.02,0.3085572297434415,0.0
41.4,uav_03,1,29.466909988817694,0.265054214780505,8.010000000000002,-0.0347763587452157,0.39969646635047024,0.0
41.5,uav_01,1,3.6910032492530296,0.28128461496816975,8.010000000000002,-0.02,0.24835412866823375,0.0
41.5,uav_02,1,16.933342183785484,0.33584119401127727,8.010000000000002,-0.02,0.10630098879247944,0.0
41.5,uav_03,1,29.46230466168003,0.3040894377000798,8.010000000000002,-0.04,0.19931227927096706,0.0
41.6,uav_01,1,3.685775906150855,0.30541380788736394,8.010000000000002,-0.02,0.046264922289492305,0.0
41.6,uav_02,1,16.933342183785484,0.3525077069480316,8.010000000000002,-0.02,-0.060041407128867116,0.0
41.6,uav_03,1,29.457261359994277,0.32692423782144764,8.010000000000002,-0.03508161067161447,0.016387381417446,0.0
41.7,uav_01,1,3.685775906150855,0.31038683907049613,8.010000000000002,-0.013344224481499335,-0.149803959333012,0.0
41.7,uav_02,1,16.933342183785484,0.34212737585994596,8.010000000000002,-0.018633141586942233,-0.19913601778280873,0.0
41.7,uav_03,1,29.452464491989254,0.32704623745311623,8.010000000000002,-0.03,-0.15451643147043792,0.0
41.8,uav_01,1,3.685775906150855,0.2939085686297342,8.010000000000002,-0.01,-0.32148786989186146,0.0
41.8,uav_02,1,16.932598639339027,0.3299945675483925,8.010000000000002,-0.009229378012430553,-0.32924746385083337,0.0
41.8,uav_03,1,29.447612732542,0.30872317561681106,8.010000000000002,-0.02424960459624144,-0.32050553565261986,0.0
41.9,uav_01,1,3.685775906150855,0.2646707721722565,8.010000000000002,-0.0029198438291393935,-0.4378817178794666,0.0
41.9,uav_02,1,16.923693556333216,0.29395872493066283,8.010000000000002,0.0016066011240647216,-0.45124620786845304,0.0
41.9,uav_03,1,29.447612732542,0.2778939712748518,8.010000000000002,-0.007125453778653352,-0.4508100042174066,0.0
42.0,uav_01,1,3.685775906150855,0.22421033828749928,8.010000000000002,0.02080487274969069,-0.5116097454993814,0.0
42.0,uav_02,1,16.925578136126834,0.2573851368937012,8.010000000000002,0.015859630718279227,-0.5158596307182792,0.0
42.0,uav_03,1,29.447612732542,0.23428998092843095,8.010000000000002,0.014323491758728903,-0.5258087293968223,0.0
42.1,uav_01,1,3.685775906150855,0.18014744675560987,8.010000000000002,0.05748896940198113,-0.5506167270514859,0.006872242350495283
42.1,uav_02,1,16.933342183785484,0.21542737065995396,8.010000000000002,0.0456629462011663,-0.5411325892402333,0.0
42.1,uav_03,1,29.447612732542,0.19192257786056158,8.010000000000002,0.04686662239934623,-0.5534333111996732,0.0
42.2,uav_01,1,3.6928919698746556,0.13357626948148063,8.010000000000002,0.11425124978037011,-0.5526247917032717,0.002624791703271649
42.2,uav_02,1,16.933342183785484,0.16988599600401752,8.010000000000002,0.0867458251577738,-0.5493491650315548,0.0
42.2,uav_03,1,29.453569270817436,0.14999019834277352,8.010000000000002,0.0970407395553176,-0.56,0.0
42.3,uav_01,1,3.7111496796376753,0.07677139929406017,8.010000000000002,0.1870423176586737,-0.5418510974773324,0.0
42.3,uav_02,1,16.94271769988145,0.12319279604322053,8.010000000000002,0.14830164845726726,-0.530566117180911,0.0
42.3,uav_03,1,29.46803196730715,0.10208723452773927,8.010000000000002,0.1590699331101855,-0.5488371619685185,0.0
42.4,uav_01,1,3.732040073123738,0.026717746100387463,8.010000000000002,0.271795836661998,-0.5130765612517507,0.0
42.4,uav_02,1,16.95840010581678,0.08653041675688551,8.010000000000002,0.20589657854896476,-0.51402954898601,0.0
42.4,uav_03,1,29.485900140026377,0.05613188164098341,8.010000000000002,0.22872684747699978,-0.5254774321961251,0.0
42.5,uav_01,1,3.7554709422745036,-0.010690765262717224,8.010000000000002,0.3318772459156209,-0.48776689460759104,0.0
42.5,uav_02,1,16.981952192608706,0.039943407870472,8.010000000000002,0.27434727603714476,-0.4896197714860707,0.0
42.5,uav_03,1,29.507819623058936,0.0149289684686181,8.010000000000002,0.303065151855721,-0.49760056805410463,0.0
42.6,uav_01,1,3.791556449996554,-0.0550190944347822,8.010000000000002,0.40926546179544976,-0.46518363455113754,0.0
42.6,uav_02,1,17.009236927010566,0.0014869911599119205,8.010000000000002,0.3497562266668654,-0.4613414149999255,0.0
42.6,uav_03,1,29.538135119310365,-0.026403855783823694,8.010000000000002,0.37763784207717893,-0.4696358092210579,0.0
42.7,uav_01,1,3.8356548752907744,-0.09784907759473127,8.010000000000002,0.4936067419511361,-0.4387977526829546,0.0
42.7,uav_02,1,17.042010669607233,-0.03616654236312984,8.010000000000002,0.4252516833581676,-0.43303061874068716,0.0
42.7,uav_03,1,29.572781293847015,-0.06620861353329288,8.010000000000002,0.4494535946208152,-0.4427049020171943,0.0
42.8,uav_01,1,3.8852651272553946,-0.1434465870702122,8.010000000000002,0.5788063626293524,-0.4079476140139929,0.0
42.8,uav_02,1,17.08249458892335,-0.07722784141073656,8.010000000000002,0.504251298789222,-0.40524956707025933,0.0
42.8,uav_03,1,29.60549430113956,-0.10245064522984246,8.010000000000002,0.515446660078698,-0.41818444664043397,0.0
42.9,uav_01,1,3.939153950822686,-0.17880790403439098,8.010000000000002,0.6568070109973579,-0.37159649450132104,0.0
42.9,uav_02,1,17.131099242196484,-0.11360088110049806,8.010000000000002,0.5832783113858605,-0.3775206332303023,0.0
42.9,uav_03,1,29.65269755304778,-0.13860497951525338,8.010000000000002,0.5888300245609625,-0.3937233251463459,0.0
43.0,uav_01,1,4.00618689565181,-0.2131910976485667,8.010000000000002,0.739519231183596,-0.33768028830615154,0.0
43.0,uav_02,1,17.180596285504134,-0.14503807949806205,8.010000000000002,0.6516777334263811,-0.3491611332868094,0.0
43.0,uav_03,1,29.69958745584164,-0.17451930967128787,8.010000000000002,0.6548677752486265,-0.36942458428176506,0.0
43.1,uav_01,1,4.0720903244805315,-0.2426488241236775,8.010000000000002,0.8166805895209797,-0.32370215671989117,0.0
43.1,uav_02,1,17.22317522190733,-0.17754815614796962,8.010000000000002,0.7104432271641014,-0.31988919320897463,0.0
43.1,uav_03,1,29.7518699643378,-0.20523726373230144,8.010000000000002,0.7203854860873968,-0.3448554427172262,0.0
43.2,uav_01,1,4.143570013329537,-0.2713909801615606,8.010000000000002,0.8895248848539768,-0.3150593893932529,0.0
43.2,uav_02,1,17.278066923410893,-0.20457588852146713,8.010000000000002,0.7754611477300888,-0.3036347130674778,0.0
43.2,uav_03,1,29.81825962835783,-0.23589870690278564,8.010000000000002,0.7984127451596423,-0.32146383440896836,0.0
43.3,uav_01,1,4.222969977197425,-0.3017983429081538,8.010000000000002,0.9626728451918469,-0.30183178870203825,0.0
43.3,uav_02,1,17.3446930624888,-0.22449613805793062,8.010000000000002,0.8463309535218531,-0.2874820103284771,0.0
43.3,uav_03,1,29.899154459641785,-0.26899654068369266,8.010000000000002,0.8837648205755271,-0.3015587948561182,0.0
43.4,uav_01,1,4.3110652153145,-0.3329786674289362,8.010000000000002,1.0342202122663822,-0.28653996967623113,0.0
43.4,uav_02,1,17.41392927747451,-0.2468641507172989,8.010000000000002,0.9138564700923981,-0.28,0.0
43.4,uav_03,1,29.984068373222268,-0.30151554981336426,8.010000000000002,0.9619925580438334,-0.29,0.0
43.5,uav_01,1,4.403531381745048,-0.36195151116538044,8.010000000000002,1.0952051581460736,-0.2756556691011219,0.0
43.5,uav_02,1,17.489225546683155,-0.2747345359237997,8.010000000000002,0.9809014765494177,-0.27738731543132283,0.0
43.5,uav_03,1,30.07152826594193,-0.3295945804166052,8.010000000000002,1.0393092225414229,-0.28633634718232215,0.0
43.6,uav_01,1,4.480508229166849,-0.3860710164871431,8.010000000000002,1.1459743108075495,-0.2611501969121287,0.0
43.6,uav_02,1,17.581794824410814,-0.3041940003602233,8.010000000000002,1.0554470389280388,-0.2655865603062747,0.0
43.6,uav_03,1,30.158530644443204,-0.3517470705589426,8.010000000000002,1.1070591613940064,-0.27268893083114015,0.0
43.7,uav_01,1,4.58614973992249,-0.4070432501263613,8.010000000000002,1.2101781550873,-0.23420936210544285,0.008596879298185721
43.7,uav_02,1,17.670841225901917,-0.32581237413448244,8.010000000000002,1.11913587975502,-0.24738974864142288,0.0
43.7,uav_03,1,30.26843447225286,-0.3825727349528992,8.010000000000002,1.177916165000588,-0.24488109571411765,0.0
43.8,uav_01,1,4.674040668312228,-0.423872800113806,8.010000000000002,1.2509392436182991,-0.20524860510536072,0.01
43.8,uav_02,1,17.757466197403353,-0.3529549700072087,8.010000000000002,1.176268336457929,-0.23106618958344888,0.0
43.8,uav_03,1,30.366289947365285,-0.40113789338254185,8.010000000000002,1.2365328750226336,-0.22626692855849506,0.0009332678603762388
43.9,uav_01,1,4.766742896249562,-0.44090831286218557,8.010000000000002,1.2854868704798657,-0.170641411900168,0.01
43.9,uav_02,1,17.850615892295618,-0.37148092055697846,8.010000000000002,1.2253389321464894,-0.20733053392675527,0.0075564886910815775
43.9,uav_03,1,30.498015934969033,-0.4244208329868223,8.010000000000002,1.3100452722471738,-0.18425984443018642,0.01
44.0,uav_01,1,4.868816132352148,-0.45672252969370464,8.010000000000002,1.314018883613406,-0.1259339073530794,0.01
44.0,uav_02,1,17.960788766780837,-0.39137100830508986,8.010000000000002,1.2726395691194345,-0.17388834470445239,0.01
44.0,uav_03,1,30.6185888161572,-0.44448814764695027,8.010000000000002,1.3758368272216093,-0.14513597731532563,0.01
44.1,uav_01,1,4.971689194504492,-0.46558025840883066,8.010000000000002,1.330210931684575,-0.06873440989255036,0.00978906831542506
44.1,uav_02,1,18.0680288688122,-0.404697395771044,8.010000000000002,1.305232689483505,-0.1346121841941584,0.01
44.1,uav_03,1,30.766867827689733,-0.45651238983708464,8.010000000000002,1.4372794984619597,-0.08908075230706046,0.01
44.2,uav_01,1,5.088252847223008,-0.46558025840883066,8.010000000000002,1.3395038951457126,-0.012976629125724656,0.0004961048542874418
44.2,uav_02,1,18.17530370341088,-0.414177960578683,8.010000000000002,1.3272599631367767,-0.08822011058966975,0.01
44.2,uav_03,1,30.923881382090684,-0.46558025840883066,8.010000000000002,1.478005920381723,-0.026656799363794725,0.007331359872758946
44.3,uav_01,1,5.213959371296392,-0.46558025840883066,8.010000000000002,1.3311546436452086,0.05191749448354035,0.0
44.3,uav_02,1,18.29521117677506,-0.4212392816800648,8.010000000000002,1.3429617055922853,-0.03222976644628867,0.007038294407714779
44.3,uav_03,1,31.079330977641245,-0.46558025840883066,8.010000000000002,1.5034093447147099,0.037274757717679456,0.0
44.4,uav_01,1,5.348566016638799,-0.45506261520507124,8.010000000000002,1.3015360982102129,0.13590373810609918,0.0
44.4,uav_02,1,18.424548223593142,-0.4212392816800648,8.010000000000002,1.3445367748211186,0.029121288126085214,0.0
44.4,uav_03,1,31.23757138236069,-0.46076607129641955,8.010000000000002,1.51,0.12040015161744104,0.0
44.5,uav_01,1,5.465939686431149,-0.44468955162020635,8.010000000000002,1.264617964320826,0.2019185624385544,0.0
44.5,uav_02,1,18.5646908817799,-0.41722031321081676,8.010000000000002,1.3191234644944132,0.10900409468156469,0.0
44.5,uav_03,1,31.395123081378518,-0.4429024490753028,8.010000000000002,1.4995423457058816,0.2018306171764735,0.0
44.6,uav_01,1,5.599226968165751,-0.4224104307762937,8.010000000000002,1.2031694811868294,0.27630227194869894,0.0
44.6,uav_02,1,18.70724908148318,-0.4001761446619515,8.010000000000002,1.277497355272979,0.19150370261782967,0.0
44.6,uav_03,1,31.553101453463004,-0.41870240966123395,8.010000000000002,1.4654229752990144,0.2768655370514782,0.0
44.7,uav_01,1,5.722101975373684,-0.38783767372455236,8.010000000000002,1.1196929480594342,0.32008772912587596,0.0
44.7,uav_02,1,18.836458930585607,-0.3764508055177779,8.010000000000002,1.2135870893559133,0.2612110662663601,0.0
44.7,uav_03,1,31.708060132512923,-0.3873703978215877,8.010000000000002,1.4225958352442754,0.3274041647557245,0.0
44.8,uav_01,1,5.822871701096772,-0.35626303774949897,8.010000000000002,1.0532314890592098,0.33907671741165435,0.0
44.8,uav_02,1,18.952274186852296,-0.34850483481915834,8.010000000000002,1.143567912200586,0.3056137519140346,0.0
44.8,uav_03,1,31.857834550125084,-0.3512452272111824,8.010000000000002,1.371430593720247,0.3554277625119013,0.007713881255950647
44.9,uav_01,1,5.927677409879128,-0.3202933868235592,8.010000000000002,0.9675189620120098,0.34964556600171565,0.01
44.9,uav_02,1,19.064931573136796,-0.3146551579136618,8.010000000000002,1.0669345359867968,0.33076636600330084,0.0
44.9,uav_03,1,31.98211475062021,-0.31887973328937014,8.010000000000002,1.3153228815333267,0.3674461864111122,0.01
45.0,uav_01,1,6.029469468088222,-0.2848747634242906,8.010000000000002,0.8929662929407113,0.3389951847058159,0.01
45.0,uav_02,1,19.173148113982194,-0.2788917361311051,8.010000000000002,0.98090203853221,0.34,0.0061372451834737374
45.0,uav_03,1,32.11159421321543,-0.28455094360587996,8.010000000000002,1.2533868719768166,0.37,0.01776885467053055
45.1,uav_01,1,6.109463496889574,-0.2541498043794022,8.010000000000002,0.8285371306734087,0.32951237689113627,0.01
45.1,uav_02,1,19.26747108719942,-0.24419671103606658,8.010000000000002,0.9040097168922534,0.3334299595560362,0.01
45.1,uav_03,1,32.231562949530925,-0.24461459811179426,8.010000000000002,1.1960002819171354,0.3626667136528559,0.012666713652855896
45.2,uav_01,1,6.192671949150621,-0.21830069174484482,8.010000000000002,0.7638581541292928,0.3089763590215488,0.008976359021548799
45.2,uav_02,1,19.359131063180765,-0.20909419954118863,8.010000000000002,0.8301224318459597,0.31574926624170274,0.01
45.2,uav_03,1,32.35442139554146,-0.20710969825110465,8.010000000000002,1.1259452545942246,0.3445557870269213,0.01
45.3,uav_01,1,6.274976108302233,-0.1820400407825747,8.010000000000002,0.6984366800478884,0.2961455600159628,0.0
45.3,uav_02,1,19.449662691539015,-0.18070145333695137,8.010000000000002,0.759032399788997,0.29301079992966567,0.01
45.3,uav_03,1,32.45886765092214,-0.1750717427127462,8.017355920838332,1.058508554131678,0.32528815832333663,0.0026440791616683095
45.4,uav_01,1,6.34632050598014,-0.1496719951406771,8.010000000000002,0.6350573678660295,0.27750956131100496,0.0
45.4,uav_02,1,19.53436844104066,-0.14587602481392176,8.010000000000002,0.6931895543685676,0.2805315923947613,0.0005315923947612749
45.4,uav_03,1,32.56194934822701,-0.1404220886829436,8.02,0.9855744888745793,0.2966747809462483,0.0
45.5,uav_01,1,6.408964421002933,-0.1261732057679065,8.010000000000002,0.5776417243447091,0.26794028739078485,0.0
45.5,uav_02,1,19.607183249632477,-0.11040395198154486,8.010000000000002,0.6285839579675463,0.25979770828107807,0.0
45.5,uav_03,1,32.65252922985534,-0.11033642762426907,8.02,0.9086035090197688,0.2746508772549422,0.0
45.6,uav_01,1,6.468356289785201,-0.09359803577272405,8.010000000000002,0.5077391914644498,0.25721739893305623,0.0
45.6,uav_02,1,19.661574709104208,-0.08957395673776705,8.010000000000002,0.5628163656078831,0.2504023379439833,0.0
45.6,uav_03,1,32.73834002085805,-0.08412259672033796,8.02,0.8253220201355462,0.25588700335592435,0.0
45.7,uav_01,1,6.517262415469993,-0.06545825591854312,8.010000000000002,0.41349966473099414,0.25,0.0
45.7,uav_02,1,19.72302201418273,-0.05472175950071118,8.010000000000002,0.46682252553222336,0.24,0.0
45.7,uav_03,1,32.812976869732175,-0.06431662416645363,8.02,0.7181202006263787,0.24401001671886488,0.0
45.8,uav_01,1,6.554366595982695,-0.02986860301415622,8.010000000000002,0.3021297225892649,0.2456481565990241,0.0
45.8,uav_02,1,19.764447199453503,-0.02975993450520953,8.010000000000002,0.35948813347388076,0.23894881334738807,0.0
45.8,uav_03,1,32.878787453441205,-0.035402357263519244,8.02,0.5857035281756596,0.22795764688223707,0.0
45.9,uav_01,1,6.580498362828915,0.00015400948120916115,8.010000000000002,0.19437480614613462,0.24,0.0
45.9,uav_02,1,19.802239765727954,0.0037397149985867553,8.010000000000002,0.2531320134355063,0.23,0.0
45.9,uav_03,1,32.92850120326119,-0.009909665693905334,8.02,0.45810681835395595,0.2144697552579966,0.0
46.0,uav_01,1,6.601210522641754,0.030382484766627995,8.010000000000002,0.09777587226018464,0.2341973191400205,0.0
46.0,uav_02,1,19.820679204531494,0.02767883658229426,8.010000000000002,0.14763913348872665,0.2275154592765252,0.0
46.0,uav_03,1,32.96827294545822,0.015689493720566803,8.02,0.3433860242686521,0.20528216868905436,0.0
46.1,uav_01,1,6.609310196953337,0.05888990852672625,8.010000000000002,0.014063925812051833,0.21687540737487196,0.0
46.1,uav_02,1,19.831014282253626,0.05496947032105022,8.010000000000002,0.054432093785601876,0.21680401172320024,0.0
46.1,uav_03,1,32.99563902178148,0.04127478330656415,8.02,0.23297908841400813,0.2,0.0
46.2,uav_01,1,6.609310196953337,0.08281439809294608,8.010000000000002,-0.06882750921142917,0.19529312269714272,0.0
46.2,uav_02,1,19.83757921968343,0.08530823153731795,8.010000000000002,-0.02782625820232554,0.1995651531741279,0.0
46.2,uav_03,1,33.0095923966041,0.059185222882685296,8.018304502072187,0.129654024866245,0.19660900414437418,0.0
46.3,uav_01,1,6.593378197045089,0.10698612206135383,8.010000000000002,-0.13953657560630067,0.1569756162624662,0.0
46.3,uav_02,1,19.83210771531721,0.1060533729152965,8.010000000000002,-0.09701227663058132,0.1686584822462791,0.0
46.3,uav_03,1,33.0175050391325,0.0773667858212368,8.010103707251272,0.031244487015247263,0.1802074145025412,0.0
46.4,uav_01,1,6.581621452064334,0.13013429400052592,8.010000000000002,-0.18478832053502925,0.10651459933121346,0.0
46.4,uav_02,1,19.8160655157662,0.12448414865710061,8.010000000000002,-0.14918865466621153,0.12621701800068272,0.0
46.4,uav_03,1,33.01760510240988,0.09782230426714689,8.010000000000002,-0.052104799234836935,0.14350897811785027,0.0
46.5,uav_01,1,6.561703182372994,0.14374275522947383,8.010000000000002,-0.19967035447204795,0.041977873167712405,0.0
46.5,uav_02,1,19.802921234404792,0.13630422862077662,8.010000000000002,-0.18296005891670736,0.05927958758304844,0.0
46.5,uav_03,1,33.01760510240988,0.10898261315603079,8.010000000000002,-0.11819258671515012,0.10674709330562851,0.0
46.6,uav_01,1,6.531535483204594,0.1441081753530566,8.010000000000002,-0.2,-0.032428075820818414,0.0
46.6,uav_02,1,19.782392061587686,0.1441081753530566,8.010000000000002,-0.19,-0.011590690384868456,0.0
46.6,uav_03,1,33.00071654316976,0.12055401868141571,8.010000000000002,-0.16500717200174012,0.04748924199738985,0.0
46.7,uav_01,1,6.510574565920711,0.14281604317353866,8.010000000000002,-0.1976687348779545,-0.11932506048818209,0.0
46.7,uav_02,1,19.76258018984582,0.1441081753530566,8.010000000000002,-0.18613487355315314,-0.08478613802162162,0.0
46.7,uav_03,1,32.9904134809708,0.1310074693231097,8.010000000000002,-0.18636370370933641,-0.009091111128009248,0.0
46.8,uav_01,1,6.489817845728909,0.12876189835199284,8.010000000000002,-0.17807806100076526,-0.205375511993878,0.0
46.8,uav_02,1,19.743845438969807,0.14014671757814964,8.010000000000002,-0.1764263685675942,-0.16858905145924657,0.0
46.8,uav_03,1,32.97440573886566,0.13302293097395163,8.010000000000002,-0.19,-0.07909018050753717,0.0
46.9,uav_01,1,6.469824003392267,0.10579110684225686,8.010000000000002,-0.1677170842634502,-0.2905462416289483,0.0
46.9,uav_02,1,19.724252374988392,0.12476016407489515,8.010000000000002,-0.16627307853428677,-0.25354229319141924,0.0
46.9,uav_03,1,32.954476945755886,0.12447228290259721,8.010000000000002,-0.19,-0.16942186388533476,0.0
47.0,uav_01,1,6.451672342124336,0.08306419953916679,8.010000000000002,-0.15831074108168852,-0.3735140713464917,0.0
47.0,uav_02,1,19.705422225204455,0.09926327464416303,8.010000000000002,-0.16,-0.337878905702777,0.0
47.0,uav_03,1,32.933898967250016,0.1033649775717527,8.010000000000002,-0.18162277857039397,-0.2570177714368482,0.0
47.1,uav_01,1,6.431500035628336,0.04592520078752198,8.010000000000002,-0.1478572821301464,-0.4571417429588287,0.0
47.1,uav_02,1,19.686788780704727,0.06715151371665957,8.010000000000002,-0.15371825830452251,-0.41512696678190997,0.0
47.1,uav_03,1,32.91304472132479,0.07940567423723348,8.010000000000002,-0.18,-0.3434725321646633,0.0
47.2,uav_01,1,6.415137118521676,0.005568174478178394,8.010000000000002,-0.13875576266944387,-0.5311981359750052,0.0
47.2,uav_02,1,19.670398775797192,0.037094292154201694,8.010000000000002,-0.13836569118710315,-0.48470877931607176,0.0
47.2,uav_03,1,32.89689738923284,0.05248281389346268,8.010000000000002,-0.17244825060198504,-0.4104139951841196,0.0
47.3,uav_01,1,6.4051190700411365,-0.037764961400954686,8.010000000000002,-0.12918644486899244,-0.617321996179068,0.0
47.3,uav_02,1,19.652106061647075,-0.01234615461361032,8.010000000000002,-0.12777250652004904,-0.5778199478396078,0.0
47.3,uav_03,1,32.877641716436,0.010951332354282355,8.010000000000002,-0.1624697995093803,-0.4902416039249575,0.0
47.4,uav_01,1,6.387301259761001,-0.08899385580658103,8.010000000000002,-0.12,-0.700422050179837,0.0
47.4,uav_02,1,19.641883383428667,-0.06324810572929905,8.010000000000002,-0.12,-0.6527010212288596,0.0
47.4,uav_03,1,32.85685980927902,-0.03680105568713211,8.010000000000002,-0.15170044097463495,-0.5846960312282855,0.0
47.5,uav_01,1,6.366918543133031,-0.1599220784125551,8.009390610879976,-0.12060938912002601,-0.7948751129602082,-0.0006093891200260174
47.5,uav_02,1,19.624553282132766,-0.11389290188162446,8.010000000000002,-0.12,-0.7335264553915507,-0.0003918283768389641
47.5,uav_03,1,32.83578204044974,-0.0954563474767113,8.010000000000002,-0.1407777637853684,-0.6830001259316842,0.0
47.6,uav_01,1,6.351022119945552,-0.22384360800022146,8.001152951100586,-0.12884704889941415,-0.8607763911953132,-0.008847048899414152
47.6,uav_02,1,19.608477567014962,-0.17853538668534852,8.010000000000002,-0.12,-0.8085015886401511,-0.008722398737794568
47.6,uav_03,1,32.82448801568716,-0.16685981838946817,8.010000000000002,-0.14007489424139655,-0.7706740481725688,-0.01
47.7,uav_01,1,6.342101712078064,-0.2943297083019937,8.0,-0.13693935760602727,-0.9324542184542451,-0.01
47.7,uav_02,1,19.592879893421358,-0.24125560629410914,8.00319475602723,-0.1336104879455384,-0.8812471957549228,-0.01
47.7,uav_03,1,32.80387845136529,-0.24973348538965412,8.010000000000002,-0.1507549433276199,-0.8667944899485791,-0.01
47.8,uav_01,1,6.329350015779927,-0.3665022519274672,8.0,-0.15015542998684825,-1.005699434940817,-0.00492228500657588
47.8,uav_02,1,19.58194957590644,-0.3098445723109655,8.0,-0.14493885265952464,-0.949510821276197,-0.005061147340475381
47.8,uav_03,1,32.78574164074109,-0.32300442061038936,8.010000000000002,-0.16030718263632637,-0.9512287305453054,-0.009846408681836817
47.9,uav_01,1,6.311641631894277,-0.4525984788060504,8.0,-0.1642543483487472,-1.0797804384412304,0.0
47.9,uav_02,1,19.5648354464985,-0.3921995579897826,8.0,-0.15845081561620072,-1.0238032624648028,0.0
47.9,uav_03,1,32.76793407627078,-0.41506988298196296,8.010000000000002,-0.17876324106857305,-1.0250529642742923,-0.0006183794657134683
48.0,uav_01,1,6.294015888235549,-0.5474797778820779,8.0,-0.1666118435041672,-1.1471052519666625,0.0
48.0,uav_02,1,19.539553662059213,-0.4926209881202007,8.0,-0.17,-1.1055147559528868,0.0
48.0,uav_03,1,32.74460130196293,-0.4975469518308138,8.010000000000002,-0.18,-1.091188584227435,0.0
48.1,uav_01,1,6.279717835024494,-0.6296144658272071,8.0,-0.1592024724481028,-1.2063802204151777,0.0007975275518972201
48.1,uav_02,1,19.52160340912212,-0.591588278796678,8.0,-0.17,-1.1761892152564077,0.0
48.1,uav_03,1,32.72281798723194,-0.5984373622821274,8.010000000000002,-0.18,-1.1643280944252965,0.0
48.2,uav_01,1,6.2640665210391635,-0.7195229146954069,8.0,-0.15109183031238696,-1.2712653575009043,0.008908169687613042
48.2,uav_02,1,19.503630306364247,-0.6912829472560417,8.0,-0.1608346129703097,-1.2444410320791741,0.003055129009896767
48.2,uav_03,1,32.70436080140608,-0.7019822368902789,8.010000000000002,-0.16534835009025095,-1.2386065996389963,0.0
48.3,uav_01,1,6.249739868619205,-0.8088414668488426,8.0,-0.13100291671943531,-1.324326527654651,0.01
48.3,uav_02,1,19.48558235542669,-0.8053263819113713,8.0,-0.13518454298225382,-1.3192618280709847,0.01
48.3,uav_03,1,32.6880019447421,-0.8023880433548514,8.010000000000002,-0.14839375672187546,-1.3064249731124982,0.00580312163906227
48.4,uav_01,1,6.237511078407865,-0.924582699060275,8.005338845806126,-0.10398346258162643,-1.3927107664489962,0.01
48.4,uav_02,1,19.46922346568219,-0.9234131531071539,8.001770084797098,-0.11468974560870962,-1.3941606783767742,0.01
48.4,uav_03,1,32.671172234295845,-0.9137489510027678,8.010000000000002,-0.12642674389670183,-1.3716709309076958,0.01
48.5,uav_01,1,6.224124335370315,-1.0529708255548678,8.010000000000002,-0.07618036334421213,-1.4714589099673636,0.01
48.5,uav_02,1,19.460285208374682,-1.0557654695341456,8.010000000000002,-0.08586461972947848,-1.4693046056086734,0.01
48.5,uav_03,1,32.65626844000038,-1.046385601345994,8.010000000000002,-0.09201847979478231,-1.4504584204617397,0.01
48.6,uav_01,1,6.213716448100747,-1.1708093644747046,8.010000000000002,-0.051649096014607515,-1.54226907729438,0.01
48.6,uav_02,1,19.451317132035882,-1.1801341363527569,8.010000000000002,-0.04901447252846664,-1.5529565824146,0.01
48.6,uav_03,1,32.64649009318871,-1.191461471213227,8.010000000000002,-0.05611053183319458,-1.5416684045004163,0.01
48.7,uav_01,1,6.212768921592627,-1.2900435857706976,8.010000000000002,-0.027053902704375986,-1.6088382918868722,0.00901796756812533
48.7,uav_02,1,19.44339654012134,-1.307532955677205,8.010000000000002,-0.02438736793647081,-1.6268378961905876,0.01
48.7,uav_03,1,32.64130860846183,-1.3361202241319814,8.010000000000002,-0.024195944491419954,-1.62160811101716,0.0060489861228549885
48.8,uav_01,1,6.204943944237978,-1.4159044919982815,8.010000000000002,-0.0027240877332001603,-1.6818277368003995,0.0009080292444000534
48.8,uav_02,1,19.44198547083084,-1.4674679498540482,8.010000000000002,0.004760598260625415,-1.7060282620283345,0.001746467246458194
48.8,uav_03,1,32.63764199091709,-1.488972245274476,8.010000000000002,0.007600288357858392,-1.7004011534314336,0.0
48.9,uav_01,1,6.20406782064848,-1.5840144082663459,8.010000000000002,0.01852527515668089,-1.7641011006267235,0.0
48.9,uav_02,1,19.44198547083084,-1.654646684823478,8.010000000000002,0.03853138955484208,-1.7960837054795789,0.0
48.9,uav_03,1,32.63165998100956,-1.6667136010493246,8.010000000000002,0.03378922141862264,-1.7821748499767862,0.0
49.0,uav_01,1,6.20406782064848,-1.7510179623331512,8.010000000000002,0.046173778914130326,-1.8310721507996375,0.0
49.0,uav_02,1,19.44232529865863,-1.8463973603661792,8.010000000000002,0.06105660985297625,-1.8721132197059527,0.0
49.0,uav_03,1,32.63671422115936,-1.8554623647962445,8.010000000000002,0.06571489885415988,-1.856668097326373,0.0
49.1,uav_01,1,6.213103174634167,-1.9397296146154752,8.010000000000002,0.07809317915025363,-1.8961863583005072,0.0
49.1,uav_02,1,19.451634098283108,-2.0393817803294048,8.010000000000002,0.09232076681424672,-1.93696230044274,0.0
49.1,uav_03,1,32.64630250560715,-2.0374544714458627,8.010000000000002,0.09035151675272854,-1.9210545502581855,0.0
49.2,uav_01,1,6.213716448100747,-2.09693430139951,8.010000000000002,0.09548760624305358,-1.9542066218506875,0.0
49.2,uav_02,1,19.453245061535135,-2.2374276267351565,8.010000000000002,0.11333925842004972,-1.9983481460501242,0.0
49.2,uav_03,1,32.650957237285255,-2.2142736851908045,8.010000000000002,0.11823447614695592,-1.9773517142204338,0.0
49.3,uav_01,1,6.221318289081487,-2.287925122048934,8.010000000000002,0.11575735205519107,-2.0093933801379777,0.0
49.3,uav_02,1,19.463476142347762,-2.417092760262692,8.010000000000002,0.1334099387484068,-2.0468198774968136,0.0
49.3,uav_03,1,32.6596722291247,-2.4019231121156954,8.010000000000002,0.15354854552627673,-2.032580909210461,0.0
49.4,uav_01,1,6.230575308492163,-2.477009471867911,8.010000000000002,0.13494561159124552,-2.0648368347737365,0.0
49.4,uav_02,1,19.48258717191874,-2.637762045101333,8.010000000000002,0.1683211405243497,-2.110401425655437,0.0
49.4,uav_03,1,32.68063148234222,-2.618524711114718,8.010000000000002,0.19150977189786267,-2.092264657846794,0.0
49.5,uav_01,1,6.248060344746263,-2.683018548040408,8.010000000000002,0.16339188559481765,-2.1267837711896354,0.0
49.5,uav_02,1,19.495729404424907,-2.864605131961334,8.010000000000002,0.20855167207995826,-2.1642527867999304,0.0
49.5,uav_03,1,32.70149315199013,-2.839359427789737,8.010000000000002,0.22856440628769262,-2.1509406771461546,0.0
49.6,uav_01,1,6.260581599468519,-2.9075096476596602,8.010000000000002,0.1957154881063936,-2.1828591468439895,0.0
49.6,uav_02,1,19.518441837955365,-3.0834764322504316,8.010000000000002,0.23616044127654576,-2.2154011031913643,0.0
49.6,uav_03,1,32.72019745472203,-3.045800819386713,8.010000000000002,0.2576425857936577,-2.1994043096560962,0.0
49.7,uav_01,1,6.280030775093968,-3.134827450512642,8.010000000000002,0.2280939218478553,-2.236823203079759,0.0
49.7,uav_02,1,19.543500960655127,-3.2946715756232865,8.010000000000002,0.25521235738919823,-2.2630308934729957,0.0
49.7,uav_03,1,32.74524056354344,-3.2615078137029587,8.015905607404232,0.28181121480846455,-2.2495280370211614,0.0
49.8,uav_01,1,6.310348856938356,-3.3716770594272854,8.010000000000002,0.2501514503701768,-2.2803029007403532,0.0
49.8,uav_02,1,19.565978872748115,-3.5214779382358476,8.010000000000002,0.27,-2.311345123488303,0.0
49.8,uav_03,1,32.77360776534511,-3.474241666414181,8.02,0.29,-2.2928227543137853,0.0
49.9,uav_01,1,6.331835378545861,-3.6205918395947596,8.010000000000002,0.27,-2.3232272556389457,0.0
49.9,uav_02,1,19.59382019516727,-3.737443748161637,8.010000000000002,0.2675453144245754,-2.3498187423016983,0.0
49.9,uav_03,1,32.79708407786891,-3.7027013290652735,8.02,0.28427584489108104,-2.332896620435676,0.0
50.0,uav_01,1,6.361094622924561,-3.856362201271388,8.01137260695253,0.2686273930474704,-2.3654904278101183,0.0
50.0,uav_02,1,19.62086361629727,-3.9758550753058457,8.010000000000002,0.2546076875870789,-2.390784624825842,0.0
50.0,uav_03,1,32.821447434482955,-3.93181676091619,8.02,0.26886739881725374,-2.372265202365493,0.0
50.1,uav_01,1,6.382482692151623,-4.097131285917644,8.02,0.25508783237493127,-2.4065495568334248,0.0
50.1,uav_02,1,19.638648450827738,-4.192520236189837,8.01191240657718,0.23617518684564295,-2.4257372197315354,0.0
50.1,uav_03,1,32.845109039215245,-4.165649615306273,8.02,0.24316672072595424,-2.4124443723653943,0.0
50.2,uav_01,1,6.409361131659753,-4.333309609546747,8.02,0.2272305663496952,-2.444154150475457,0.0
50.2,uav_02,1,19.656467908802107,-4.4164484183504396,8.02,0.2165602026795203,-2.4545863964273065,0.0
50.2,uav_03,1,32.86744449329783,-4.384643677339902,8.02,0.21562897437934522,-2.4491613674942068,0.0
50.3,uav_01,1,6.430294495958499,-4.588311580254596,8.02,0.20106975311737843,-2.4789302468826215,0.0
50.3,uav_02,1,19.674309974842515,-4.632119139205236,8.02,0.18882247802242919,-2.491177521977571,0.0
50.3,uav_03,1,32.885036171822364,-4.575183364779603,8.02,0.1921899918400385,-2.477810008159962,0.0
50.4,uav_01,1,6.451449385327118,-4.859205358612339,8.02,0.16041439170576446,-2.5195856082942356,0.0
50.4,uav_02,1,19.69029291313616,-4.834108737707617,8.02,0.1639750001240666,-2.5160249998759334,0.0
50.4,uav_03,1,32.89210369676176,-4.753819683098705,8.02,0.1702152861908938,-2.499784713809106,0.0
50.5,uav_01,1,6.46851075758207,-5.132033721991156,8.02,0.12778070562125282,-2.552219294378747,0.0
50.5,uav_02,1,19.709463435690935,-5.085926135483447,8.02,0.125562695625614,-2.5458279782807893,0.0
50.5,uav_03,1,32.90995810009918,-4.980335581885354,8.02,0.1331343180779253,-2.536865681922075,0.0
50.6,uav_01,1,6.479001643574756,-5.402680507349316,8.02,0.10010794327893613,-2.584838085081596,0.0
50.6,uav_02,1,19.721771186298767,-5.375696136110629,8.02,0.1000507784103391,-2.5799238323844915,0.0
50.6,uav_03,1,32.92077216059481,-5.245245428971646,8.02,0.11071856943040422,-2.5689221458543936,0.0
50.7,uav_01,1,6.488739324742718,-5.659994310975011,8.02,0.0849616755868346,-2.6151149732394963,0.0
50.7,uav_02,1,19.73072127363758,-5.61219814731531,8.02,0.08149873589525934,-2.6077518961571107,0.0
50.7,uav_03,1,32.92890989234981,-5.460281281988999,8.02,0.09385040722168037,-2.5942243891674797,0.0
50.8,uav_01,1,6.498429103789681,-5.9216747061496795,8.02,0.07491902610304083,-2.6452429216908775,0.0
50.8,uav_02,1,19.73976046702769,-5.8510547141626805,8.02,0.07138099689897529,-2.6358570093030744,0.0
50.8,uav_03,1,32.944587259391334,-5.691957488269685,8.02,0.08283845882593825,-2.6143230823481236,0.0
50.9,uav_01,1,6.508831643281493,-6.208508499041367,8.02,0.06413765966641571,-2.665862340333584,0.0
50.9,uav_02,1,19.74870382315135,-6.096122944551782,8.02,0.062111952178836645,-2.655776095642327,0.0
50.9,uav_03,1,32.955504913929275,-5.908082040951621,8.02,0.08,-2.636914968970374,0.0
51.0,uav_01,1,6.519284869868823,-6.4893169819543886,8.02,0.06,-2.6766962404287455,0.0
51.0,uav_02,1,19.758797377566648,-6.365181676614254,8.02,0.06,-2.6766983528658175,0.0
51.0,uav_03,1,32.96451074682527,-6.151568800628972,8.02,0.07502788082094242,-2.659944238358115,0.0
51.1,uav_01,1,6.528591266707307,-6.742264045990619,8.02,0.06,-2.68,0.0
51.1,uav_02,1,19.760390195951828,-6.613849090306054,8.02,0.06,-2.68,0.0
51.1,uav_03,1,32.97410264947635,-6.416050545789702,8.02,0.07491332792520303,-2.674913327925203,0.0
51.2,uav_01,1,6.538366431174312,-7.011798955045358,8.02,0.06,-2.68,0.0
51.2,uav_02,1,19.768315734787443,-6.891851417496222,8.02,0.0682141619363195,-2.68,0.0
51.2,uav_03,1,32.983674301292346,-6.679973924755594,8.02,0.08,-2.68,0.0
51.3,uav_01,1,6.547832067090682,-7.272799086879147,8.02,0.06,-2.6737169658739854,0.0
51.3,uav_02,1,19.777503441660016,-7.145188112930965,8.02,0.07,-2.68,0.0
51.3,uav_03,1,32.993309678971,-6.945654426627161,8.02,0.08481981610583254,-2.68,0.0
51.4,uav_01,1,6.557549496268857,-7.540742035119576,8.02,0.06635434086533507,-2.65729131826933,0.0
51.4,uav_02,1,19.787377315049465,-7.417444750356516,8.02,0.07,-2.6640601927303207,0.0
51.4,uav_03,1,33.00277713638149,-7.206704787491556,8.02,0.09,-2.675367952313001,0.0
51.5,uav_01,1,6.561067056949691,-7.821001932017889,8.02,0.07,-2.6293341671013266,0.0
51.5,uav_02,1,19.79757701779825,-7.698685646927688,8.02,0.07,-2.6429179058695507,0.0
51.5,uav_03,1,33.01226852154904,-7.463460838915569,8.02,0.09,-2.6610618430007125,0.0
51.6,uav_01,1,6.567372345576612,-8.070393550889378,8.02,0.06346509266928023,-2.6003952780078405,0.0
51.6,uav_02,1,19.80795712790699,-7.984900968118695,8.02,0.07,-2.6121024999329787,0.0
51.6,uav_03,1,33.02173603117081,-7.718381476451408,8.02,0.09,-2.641437271712754,0.0
51.7,uav_01,1,6.575680002857093,-8.28991961951508,8.02,0.06,-2.5694195898879073,0.0
51.7,uav_02,1,19.81599645588351,-8.198113463064534,8.02,0.07,-2.5871062154763673,0.0
51.7,uav_03,1,33.03136362628469,-7.979125571754508,8.02,0.08574043412612771,-2.6129617365045106,0.0
51.8,uav_01,1,6.58361140125049,-8.499503218231569,8.02,0.06,-2.5365386531248166,0.0
51.8,uav_02,1,19.823938317779607,-8.407973551325822,8.02,0.06413765989408525,-2.5506882994704263,0.0
51.8,uav_03,1,33.04081369054255,-8.233332936518993,8.02,0.08,-2.573784915764865,0.0
51.9,uav_01,1,6.591737304934672,-8.712245432192065,8.02,0.05821284009512375,-2.4992770405707425,0.0
51.9,uav_02,1,19.83237429496955,-8.625785078492784,8.02,0.05539447163819785,-2.506972358190989,0.0
51.9,uav_03,1,33.051588625773256,-8.518859535683621,8.02,0.07477890543464503,-2.5291156217385797,0.0
52.0,uav_01,1,6.600620527785005,-8.936774675025866,8.02,0.04900611948312845,-2.4440367168987707,0.0
52.0,uav_02,1,19.841887945111417,-8.871199078415138,8.02,0.05,-2.4576718219803806,0.0
52.0,uav_03,1,33.062153624434096,-8.792737292449136,8.02,0.063829163756884,-2.4791458187844198,0.0
52.1,uav_01,1,6.609310196953337,-9.161613313086724,8.02,0.03977655568624239,-2.388435889803697,0.0
52.1,uav_02,1,19.8472278471357,-9.116601425467996,8.02,0.04551966181882737,-2.3986376327317918,0.0
52.1,uav_03,1,33.07253277922226,-9.059321930734518,8.02,0.06,-2.4184322007966585,0.0
52.2,uav_01,1,6.609310196953337,-9.373498239772196,8.02,0.030674583561839504,-2.3247220849328762,0.0
52.2,uav_02,1,19.85135710515254,-9.344719311680388,8.02,0.03572036805186189,-2.330042576363033,0.0
52.2,uav_03,1,33.08281213076976,-9.310734788576552,8.02,0.05241834146815585,-2.3469283902770908,0.0
52.3,uav_01,1,6.618852752265192,-9.61943279852277,8.02,0.03,-2.2309894272249045,0.0
52.3,uav_02,1,19.861593846958694,-9.591698716459529,8.02,0.02511083724300758,-2.2459975351870685,0.0
52.3,uav_03,1,33.09311974572904,-9.55942414391116,8.02,0.04173535606046136,-2.2556182045441524,0.0
52.4,uav_01,1,6.618958825776757,-9.79785153642127,8.02,0.02206785507595578,-2.158610695683602,0.0
52.4,uav_02,1,19.86652510341139,-9.81306230709221,8.02,0.02,-2.1562483775923917,0.0
52.4,uav_03,1,33.102271576359506,-9.771637382011331,8.02,0.04,-2.1702522018855976,0.0
52.5,uav_01,1,6.626616469888381,-10.01085541028128,8.02,0.012063488667682708,-2.0685713980091442,0.0
52.5,uav_02,1,19.870548815833033,-10.009127105974615,8.02,0.015829757268850667,-2.0682975726885067,0.0
52.5,uav_03,1,33.10444275359376,-9.995539128719603,8.02,0.03173805809051783,-2.0756425228146607,0.0
52.6,uav_01,1,6.628607453229026,-10.207723953996783,8.02,0.01,-1.9654290365706597,0.0
52.6,uav_02,1,19.87617373223481,-10.21169769231484,8.02,0.01,-1.9660161582429256,0.0
52.6,uav_03,1,33.113136981863335,-10.211943364313655,8.02,0.03,-1.960880723348747,0.0
52.7,uav_01,1,6.634469092529363,-10.368335707298751,8.02,0.003924898303582967,-1.8792489830358297,0.0
52.7,uav_02,1,19.88091673346162,-10.42408408698342,8.02,0.01,-1.8459270100819942,0.0
52.7,uav_03,1,33.11409138241717,-10.427300924732872,8.02,0.020196152342049908,-1.8519615234204991,0.0
52.8,uav_01,1,6.638256080681295,-10.531832757988065,8.02,0.0,-1.7877387182911122,0.0
52.8,uav_02,1,19.88582235968708,-10.620118375399757,8.02,0.004349381247924864,-1.7278431937271734,0.0
52.8,uav_03,1,33.12290921907962,-10.593306906061489,8.02,0.02,-1.749471501240243,0.0
52.9,uav_01,1,6.642742075187039,-10.708058165667133,8.02,0.0,-1.6742076847870173,0.0
52.9,uav_02,1,19.88582235968708,-10.801664743936845,8.02,0.0,-1.604653681517822,0.0
52.9,uav_03,1,33.13170970486065,-10.75508000364644,8.02,0.011740075054122886,-1.6408809006494747,0.0
53.0,uav_01,1,6.647904709504715,-10.880158768231588,8.02,0.0,-1.5403642318268767,0.0
53.0,uav_02,1,19.892606541580214,-10.972659588350444,8.02,0.0,-1.4685938750904297,0.0
53.0,uav_03,1,33.13338863869286,-10.91983192986724,8.02,0.0013727479171745677,-1.5078457229232693,0.0
53.1,uav_01,1,6.647904709504715,-11.040381767495033,8.02,-0.0061176577052002995,-1.3943527921271959,0.0
53.1,uav_02,1,19.895470987139344,-11.122310956390693,8.02,0.0,-1.3209891398296625,0.0
53.1,uav_03,1,33.13338863869286,-11.055141641273513,8.02,0.0,-1.3871555660497465,0.0
53.2,uav_01,1,6.647904709504715,-11.165602527882292,8.02,-0.01,-1.2670935869145648,0.0
53.2,uav_02,1,19.895470987139344,-11.26721100385187,8.02,-0.008679352348026078,-1.168489067127635,0.0
53.2,uav_03,1,33.14148987672415,-11.196933754884789,8.02,0.0,-1.2424523664126121,0.0
53.3,uav_01,1,6.647904709504715,-11.284235263989467,8.02,-0.01,-1.1414884004911912,0.0
53.3,uav_02,1,19.895470987139344,-11.374414324270804,8.02,-0.01,-1.0367955034373297,0.0
53.3,uav_03,1,33.14303726614513,-11.315692073325767,8.02,0.0,-1.1081438107359118,0.0
53.4,uav_01,1,6.65234256457962,-11.397177712509576,8.02,-0.014599467744878119,-1.0056074515717064,0.0
53.4,uav_02,1,19.895470987139344,-11.482454070889586,8.02,-0.018702557937193106,-0.8968667468164896,0.0
53.4,uav_03,1,33.14303726614513,-11.422083896283922,8.02,0.0,-0.9765916871037622,0.0
53.5,uav_01,1,6.657553336956982,-11.49055442625535,8.02,-0.02,-0.8765544706894064,0.0
53.5,uav_02,1,19.895470987139344,-11.579060806356203,8.02,-0.02,-0.7667920483670183,0.0
53.5,uav_03,1,33.14303726614513,-11.510095733868415,8.02,-0.006657321058908364,-0.8601121472930996,0.0
