t_s,agent_id,valid,time_basis,east_m,north_m,up_m,ve_m_s,vn_m_s,vu_m_s
0.0,uav_01,1,passive_piecewise_source_clock_fit_v3,40.06110356076718,9.322690413737199,7.969999999999999,0.02,-0.02,0.04476070585215046
0.1,uav_01,1,passive_piecewise_source_clock_fit_v3,40.056563052618465,9.322690413737199,7.969999999999999,0.02,-0.02,0.04
0.2,uav_01,1,passive_piecewise_source_clock_fit_v3,40.051454931943766,9.322690413737199,7.974172422753722,0.02,-0.02,0.03582757724627753
0.3,uav_01,1,passive_piecewise_source_clock_fit_v3,40.051454931943766,9.322690413737199,7.98,0.016361012943341077,-0.02,0.03
0.4,uav_01,1,passive_piecewise_source_clock_fit_v3,40.051454931943766,9.322690413737199,7.98,0.006894448640404391,-0.016894448640404392,0.03
0.5,uav_01,1,passive_piecewise_source_clock_fit_v3,40.051454931943766,9.322690413737199,7.98,-0.005144231325065123,-0.01,0.03
0.6,uav_01,1,passive_piecewise_source_clock_fit_v3,40.049487885595646,9.3249503403,7.98,-0.030193399827345056,-0.01203867996546901,0.03
0.7,uav_01,1,passive_piecewise_source_clock_fit_v3,40.040368329913825,9.332123578852391,7.98,-0.07894204515884462,-0.021490340859807434,0.03
0.8,uav_01,1,passive_piecewise_source_clock_fit_v3,40.03047532432562,9.322690413737199,7.98,-0.13523085142805302,-0.03,0.03
0.9,uav_01,1,passive_piecewise_source_clock_fit_v3,40.012158082188925,9.322690413737199,7.980363957053442,-0.19291165642753783,-0.03,0.03
1.0,uav_01,1,passive_piecewise_source_clock_fit_v3,39.991454812419164,9.322690413737199,7.989999999999998,-0.2738239800181719,-0.03054628285973884,0.03
1.1,uav_01,1,passive_piecewise_source_clock_fit_v3,39.95215662230584,9.322690413737199,7.989999999999998,-0.3458288693282841,-0.04,0.029271391333964485
1.2,uav_01,1,passive_piecewise_source_clock_fit_v3,39.9119795054568,9.322690413737199,7.989999999999998,-0.42728747577866194,-0.040910934472332745,0.02091093447233274
1.3,uav_01,1,passive_piecewise_source_clock_fit_v3,39.86285676851322,9.321478508044397,7.989999999999998,-0.508746082229035,-0.05109326027862937,0.02890673972137063
1.4,uav_01,1,passive_piecewise_source_clock_fit_v3,39.81127250041137,9.311605169751921,7.989999999999998,-0.5902046886794077,-0.06,0.02
1.5,uav_01,1,passive_piecewise_source_clock_fit_v3,39.74240120583851,9.311605169751921,7.989999999999998,-0.6717811061916983,-0.06147263827396228,0.02
1.6,uav_01,1,passive_piecewise_source_clock_fit_v3,39.67137434192588,9.309676073736448,7.989999999999998,-0.7539219015801574,-0.07348047539503935,0.018259762302480324
1.7,uav_01,1,passive_piecewise_source_clock_fit_v3,39.59092295293159,9.300519925372816,7.989999999999998,-0.83538050803053,-0.09576769051144877,0.01
1.8,uav_01,1,passive_piecewise_source_clock_fit_v3,39.50047109659651,9.298186604133459,7.989999999999998,-0.9147342251707902,-0.12841955724045154,0.01
1.9,uav_01,1,passive_piecewise_source_clock_fit_v3,39.40221191196419,9.286897672014177,7.989999999999998,-0.9883090889683824,-0.1668659083631434,0.01
2.0,uav_01,1,passive_piecewise_source_clock_fit_v3,39.29912491379612,9.272857168391079,7.989999999999998,-1.0648637281133095,-0.19495457603776986,0.012477288018884924
2.1,uav_01,1,passive_piecewise_source_clock_fit_v3,39.183729365234,9.253223688807529,7.989999999999998,-1.1286615794170505,-0.21533187983344299,0.02
2.2,uav_01,1,passive_piecewise_source_clock_fit_v3,39.07008362261613,9.238764934691552,7.989999999999998,-1.1999821427019064,-0.23,0.02
2.3,uav_01,1,passive_piecewise_source_clock_fit_v3,38.94228515688977,9.216176195575173,7.9930432437123935,-1.2743459496991567,-0.22695675628760542,0.023043243712394572
2.4,uav_01,1,passive_piecewise_source_clock_fit_v3,38.80825001884211,9.1935874567402,8.0,-1.355855164881851,-0.21353620877953725,0.03
2.5,uav_01,1,passive_piecewise_source_clock_fit_v3,38.66079025085538,9.174790478274243,8.0,-1.4407849275726157,-0.19315890498386315,0.026579452491931575
2.6,uav_01,1,passive_piecewise_source_clock_fit_v3,38.50984810032692,9.15949522305553,8.0,-1.532482794653145,-0.17278160118819003,0.02
2.7,uav_01,1,passive_piecewise_source_clock_fit_v3,38.34889327506799,9.141116495052735,8.0,-1.6203828104299325,-0.14860644608877535,0.02
2.8,uav_01,1,passive_piecewise_source_clock_fit_v3,38.178611278113756,9.129865879258587,8.0,-1.7015762629827975,-0.12210593425430064,0.02
2.9,uav_01,1,passive_piecewise_source_clock_fit_v3,38.00685657013119,9.123156017276273,8.0,-1.7754417040005879,-0.09909641257117666,0.02
3.0,uav_01,1,passive_piecewise_source_clock_fit_v3,37.840270032260115,9.120139130961306,8.0,-1.8390507346818994,-0.07183539942204316,0.017278466474014386
3.1,uav_01,1,passive_piecewise_source_clock_fit_v3,37.67193850328931,9.112070773290993,8.0,-1.9008512274541813,-0.0445743862729093,0.01
3.2,uav_01,1,passive_piecewise_source_clock_fit_v3,37.49572017690574,9.112070773290993,8.0,-1.9553732537524517,-0.01641783083169882,0.01
3.3,uav_01,1,passive_piecewise_source_clock_fit_v3,37.311598215044846,9.112070773290993,8.0,-2.0098952800507184,0.019930186700479007,0.01
3.4,uav_01,1,passive_piecewise_source_clock_fit_v3,37.12747625194037,9.122124591922663,8.0,-2.0644173063489855,0.04720865317449276,0.01
3.5,uav_01,1,passive_piecewise_source_clock_fit_v3,36.93548433235891,9.123156017276273,8.0,-2.102626221764835,0.07446966632362614,0.01
3.6,uav_01,1,passive_piecewise_source_clock_fit_v3,36.73560561524669,9.131185680358923,8.0,-2.146217799121266,0.09448711964850642,0.017243559824253206
3.7,uav_01,1,passive_piecewise_source_clock_fit_v3,36.53252916734284,9.141329731483207,8.0,-2.1855780372012044,0.1,0.02
3.8,uav_01,1,passive_piecewise_source_clock_fit_v3,36.33007165486677,9.151442865437428,8.005517568590344,-2.227587842951713,0.08896486281931477,0.02
3.9,uav_01,1,passive_piecewise_source_clock_fit_v3,36.12397148621903,9.161516031686903,8.010000000000002,-2.2684182918935485,0.06618628107983865,0.02
4.0,uav_01,1,passive_piecewise_source_clock_fit_v3,35.90642751994367,9.167496994398865,8.010000000000002,-2.3059959947793325,0.034004005220667655,0.016001001305166913
4.1,uav_01,1,passive_piecewise_source_clock_fit_v3,35.67477125745165,9.167496994398865,8.010000000000002,-2.3453709450069637,0.002314527496518195,0.01
4.2,uav_01,1,passive_piecewise_source_clock_fit_v3,35.43732485204888,9.167496994398865,8.010000000000002,-2.3847458952345937,-0.024745895234593668,0.01
4.3,uav_01,1,passive_piecewise_source_clock_fit_v3,35.19647227757692,9.167496994398865,8.010000000000002,-2.420590634096668,-0.06059063409666761,0.01
4.4,uav_01,1,passive_piecewise_source_clock_fit_v3,34.94952801602623,9.163756889566052,8.010000000000002,-2.4534957956898533,-0.09012184676739005,0.01
4.5,uav_01,1,passive_piecewise_source_clock_fit_v3,34.702583754475526,9.152844866050565,8.010000000000002,-2.4896530594381128,-0.11643537295874194,0.01
4.6,uav_01,1,passive_piecewise_source_clock_fit_v3,34.452685638924876,9.14193284267546,8.010000000000002,-2.5161228480725573,-0.13306142403627885,0.01
4.7,uav_01,1,passive_piecewise_source_clock_fit_v3,34.19624352173173,9.13102081903325,8.010000000000002,-2.538715484779559,-0.14290516159318636,0.01
4.8,uav_01,1,passive_piecewise_source_clock_fit_v3,33.93980140416167,9.1201087954993,8.010000000000002,-2.565497798300188,-0.15,0.01
4.9,uav_01,1,passive_piecewise_source_clock_fit_v3,33.68335928597429,9.109196772142658,8.010000000000002,-2.5851852734140026,-0.15,0.01
5.0,uav_01,1,passive_piecewise_source_clock_fit_v3,33.42207862534602,9.095379811785808,8.010000000000002,-2.6075853770570365,-0.14747154098098783,0.01
5.1,uav_01,1,passive_piecewise_source_clock_fit_v3,33.14534584244955,9.075742553158896,8.010000000000002,-2.635543382326151,-0.13722830883692438,0.01
5.2,uav_01,1,passive_piecewise_source_clock_fit_v3,32.86659453680946,9.064304856146348,8.010000000000002,-2.6561792774338984,-0.13,0.01
5.3,uav_01,1,passive_piecewise_source_clock_fit_v3,32.587843230178244,9.052867159268,8.010000000000002,-2.6734075862708226,-0.12659241372917715,0.01
5.4,uav_01,1,passive_piecewise_source_clock_fit_v3,32.305497294753515,9.04142946251508,8.010000000000002,-2.6874510676493926,-0.12,0.01
5.5,uav_01,1,passive_piecewise_source_clock_fit_v3,32.01679058492038,9.029991765502533,8.010000000000002,-2.7080869627571387,-0.12,0.01
5.6,uav_01,1,passive_piecewise_source_clock_fit_v3,31.72808387508725,9.018554068661752,8.010000000000002,-2.728722857864885,-0.12,0.01
5.7,uav_01,1,passive_piecewise_source_clock_fit_v3,31.439377165254104,9.007116371871264,8.010000000000002,-2.7446793764863164,-0.12467937648631619,0.01
5.8,uav_01,1,passive_piecewise_source_clock_fit_v3,31.149258028853325,8.995622718739297,8.010000000000002,-2.760095604121595,-0.13,0.01
5.9,uav_01,1,passive_piecewise_source_clock_fit_v3,30.859165643462138,8.984130125615646,8.010000000000002,-2.7754152715940625,-0.13541527159406283,0.01
6.0,uav_01,1,passive_piecewise_source_clock_fit_v3,30.58116136402898,8.967580439578038,8.010000000000002,-2.785172372546256,-0.14,0.01
6.1,uav_01,1,passive_piecewise_source_clock_fit_v3,30.316039109487583,8.951910081347561,8.010000000000002,-2.7944809768895196,-0.14448097688951983,0.01
6.2,uav_01,1,passive_piecewise_source_clock_fit_v3,30.051918427214954,8.941591266167567,8.010000000000002,-2.8037895812327833,-0.15,0.01
6.3,uav_01,1,passive_piecewise_source_clock_fit_v3,29.782472644821045,8.93127245077022,8.010000000000002,-2.81,-0.15,0.01
6.4,uav_01,1,passive_piecewise_source_clock_fit_v3,29.51534908520741,8.918285650025187,8.010000000000002,-2.8124067899193106,-0.1524067899193105,0.01
6.5,uav_01,1,passive_piecewise_source_clock_fit_v3,29.25322970895337,8.899549575990248,8.010000000000002,-2.821715394262574,-0.16,0.01
6.6,uav_01,1,passive_piecewise_source_clock_fit_v3,28.983783926275045,8.888095633154268,8.010000000000002,-2.831023998605838,-0.16,0.01
6.7,uav_01,1,passive_piecewise_source_clock_fit_v3,28.71433814468707,8.867826701210273,8.010000000000002,-2.84,-0.16,0.01
6.8,uav_01,1,passive_piecewise_source_clock_fit_v3,28.444892361868355,8.857507885812925,8.010000000000002,-2.84,-0.16,0.01
6.9,uav_01,1,passive_piecewise_source_clock_fit_v3,28.17544658027679,8.837267985855254,8.010000000000002,-2.848949811635629,-0.16,0.01
7.0,uav_01,1,passive_piecewise_source_clock_fit_v3,27.90600079760207,8.825785011032954,8.010000000000002,-2.85,-0.16,0.01
7.1,uav_01,1,passive_piecewise_source_clock_fit_v3,27.62716934827545,8.815388940693857,8.010000000000002,-2.857636712012394,-0.1523632879876055,0.00236328798760551
7.2,uav_01,1,passive_piecewise_source_clock_fit_v3,27.354976790898363,8.79733534001265,8.010000000000002,-2.8669614335685636,-0.15,0.0
7.3,uav_01,1,passive_piecewise_source_clock_fit_v3,27.083928972942406,8.783586847324248,8.010000000000002,-2.87,-0.15,0.006325383796103983
7.4,uav_01,1,passive_piecewise_source_clock_fit_v3,26.806482870211028,8.766832547583345,8.010000000000002,-2.8757197196879587,-0.14428028031204107,0.01
7.5,uav_01,1,passive_piecewise_source_clock_fit_v3,26.530425629608704,8.75167390151085,8.010000000000002,-2.88,-0.14,0.01
7.6,uav_01,1,passive_piecewise_source_clock_fit_v3,26.25414829301541,8.741260050774342,8.010000000000002,-2.8845083914716683,-0.14,0.01
7.7,uav_01,1,passive_piecewise_source_clock_fit_v3,25.976922286243735,8.726519931419588,8.010000000000002,-2.89,-0.14,0.006097272636477109
7.8,uav_01,1,passive_piecewise_source_clock_fit_v3,25.70499492840449,8.709347104913236,8.010000000000002,-2.89,-0.14,0.0
7.9,uav_01,1,passive_piecewise_source_clock_fit_v3,25.43047074026253,8.695949772536276,8.010000000000002,-2.89,-0.14,0.0
8.0,uav_01,1,passive_piecewise_source_clock_fit_v3,25.15088175251302,8.677410804626074,8.010000000000002,-2.8921068030697854,-0.14,0.0
8.1,uav_01,1,passive_piecewise_source_clock_fit_v3,24.86862586662388,8.666667846689453,8.010000000000002,-2.9,-0.14,0.0
8.2,uav_01,1,passive_piecewise_source_clock_fit_v3,24.548874139093567,8.652059249006397,8.010000000000002,-2.9024882220771944,-0.14,0.0
8.3,uav_01,1,passive_piecewise_source_clock_fit_v3,24.232189148572065,8.631881917101115,8.010000000000002,-2.91,-0.14,0.0
8.4,uav_01,1,passive_piecewise_source_clock_fit_v3,23.91901931285637,8.615743122627578,8.013868612795267,-2.91,-0.136131387204733,0.0
8.5,uav_01,1,passive_piecewise_source_clock_fit_v3,23.603666209476792,8.59709598751278,8.02,-2.914558808154303,-0.13,0.0
8.6,uav_01,1,passive_piecewise_source_clock_fit_v3,23.289164485248026,8.58524564471125,8.02,-2.92,-0.13,0.0
8.7,uav_01,1,passive_piecewise_source_clock_fit_v3,22.96941275771771,8.566811555051983,8.02,-2.92,-0.13,0.0
8.8,uav_01,1,passive_piecewise_source_clock_fit_v3,22.656057486613705,8.550459715122914,8.02,-2.92,-0.13,0.0
8.9,uav_01,1,passive_piecewise_source_clock_fit_v3,22.33955793148052,8.53860937260965,8.02,-2.92,-0.13,0.0
9.0,uav_01,1,passive_piecewise_source_clock_fit_v3,22.01980620395022,8.517879987554773,8.02,-2.92,-0.13,0.0
9.1,uav_01,1,passive_piecewise_source_clock_fit_v3,21.739173818430206,8.505000103394284,8.02,-2.92,-0.13,0.0
9.2,uav_01,1,passive_piecewise_source_clock_fit_v3,21.462793058288057,8.494672691373593,8.02,-2.92,-0.13,0.0
9.3,uav_01,1,passive_piecewise_source_clock_fit_v3,21.18296435411188,8.477306782579678,8.02,-2.9263103312567527,-0.13,0.0
9.4,uav_01,1,passive_piecewise_source_clock_fit_v3,20.907720920110187,8.462812186160054,8.02,-2.93,-0.12430376055807453,0.0
9.5,uav_01,1,passive_piecewise_source_clock_fit_v3,20.63113393491902,8.452407677564807,8.02,-2.93,-0.12,0.0
9.6,uav_01,1,passive_piecewise_source_clock_fit_v3,20.35039441091088,8.437050220087672,8.02,-2.93,-0.12,0.0
9.7,uav_01,1,passive_piecewise_source_clock_fit_v3,20.07337343318532,8.420513416389031,8.02,-2.93,-0.12,0.0
9.8,uav_01,1,passive_piecewise_source_clock_fit_v3,19.798563990346857,8.410108907921378,8.02,-2.933239872182617,-0.12,0.0
9.9,uav_01,1,passive_piecewise_source_clock_fit_v3,19.51782446669874,8.399704399592363,8.02,-2.94,-0.12,0.0
10.0,uav_01,1,passive_piecewise_source_clock_fit_v3,19.236477154740932,8.38702483453002,8.02,-2.94,-0.12,0.0
10.1,uav_01,1,passive_piecewise_source_clock_fit_v3,18.953608791079755,8.3676536929367,8.02,-2.94,-0.12,0.0
10.2,uav_01,1,passive_piecewise_source_clock_fit_v3,18.673323101108508,8.356963438492937,8.02,-2.94,-0.12,0.0
10.3,uav_01,1,passive_piecewise_source_clock_fit_v3,18.38487344329007,8.345357448333932,8.02,-2.94,-0.12,0.0
10.4,uav_01,1,passive_piecewise_source_clock_fit_v3,18.096423785471636,8.32449768562013,8.02,-2.94,-0.12,0.0
10.5,uav_01,1,passive_piecewise_source_clock_fit_v3,17.80808358593296,8.313807431180834,8.02,-2.94,-0.12,0.0
10.6,uav_01,1,passive_piecewise_source_clock_fit_v3,17.52893875655387,8.303117177116864,8.02,-2.94,-0.12,0.0
10.7,uav_01,1,passive_piecewise_source_clock_fit_v3,17.240723440839737,8.292426922682663,8.02,-2.94,-0.12,0.0
10.8,uav_01,1,passive_piecewise_source_clock_fit_v3,16.952273783021298,8.271710638144917,8.02,-2.94,-0.12,0.0
10.9,uav_01,1,passive_piecewise_source_clock_fit_v3,16.663824125202865,8.259961169809856,8.02,-2.9486881625568757,-0.12,0.0
11.0,uav_01,1,passive_piecewise_source_clock_fit_v3,16.375374467384432,8.249270915366091,8.02,-2.95,-0.11166815790105242,0.0
11.1,uav_01,1,passive_piecewise_source_clock_fit_v3,16.086924809565996,8.238580661236426,8.02,-2.95,-0.11,0.0
11.2,uav_01,1,passive_piecewise_source_clock_fit_v3,15.794637892823173,8.219159910280887,8.02,-2.95,-0.11,0.0
11.3,uav_01,1,passive_piecewise_source_clock_fit_v3,15.501331387876354,8.205792695429265,8.02,-2.9575535490286446,-0.11,0.0
11.4,uav_01,1,passive_piecewise_source_clock_fit_v3,15.210204401040205,8.195003216389937,8.02,-2.96,-0.11,0.0
11.5,uav_01,1,passive_piecewise_source_clock_fit_v3,14.917709452671179,8.184163039129096,8.02,-2.96,-0.11,0.0
11.6,uav_01,1,passive_piecewise_source_clock_fit_v3,14.624402947724368,8.165675313609007,8.02,-2.96,-0.11,0.0
11.7,uav_01,1,passive_piecewise_source_clock_fit_v3,14.33753958404448,8.151337286303512,8.02,-2.96,-0.11,0.0
11.8,uav_01,1,passive_piecewise_source_clock_fit_v3,14.047438566654163,8.140467032138709,8.02,-2.96,-0.11,0.0
11.9,uav_01,1,passive_piecewise_source_clock_fit_v3,13.754132061707342,8.12959677785703,8.02,-2.96,-0.11,0.0
12.0,uav_01,1,passive_piecewise_source_clock_fit_v3,13.460825556760524,8.118726523436877,8.02,-2.96,-0.10390404820709587,0.0
12.1,uav_01,1,passive_piecewise_source_clock_fit_v3,13.167519051813711,8.101313747673352,8.02,-2.96,-0.1,0.0
12.2,uav_01,1,passive_piecewise_source_clock_fit_v3,12.864042051212103,8.085523841107573,8.02,-2.96,-0.1,0.0
12.3,uav_01,1,passive_piecewise_source_clock_fit_v3,12.555189092547039,8.074077418648962,8.02,-2.96,-0.10637391401530165,0.0
12.4,uav_01,1,passive_piecewise_source_clock_fit_v3,12.247518178180881,8.06267480391472,8.02,-2.96,-0.11,0.0
12.5,uav_01,1,passive_piecewise_source_clock_fit_v3,11.939847263814723,8.051272189037672,8.02,-2.96,-0.11,0.0
12.6,uav_01,1,passive_piecewise_source_clock_fit_v3,11.632176349448569,8.03185182350054,8.02,-2.96,-0.11,0.0
12.7,uav_01,1,passive_piecewise_source_clock_fit_v3,11.324505435082392,8.017381715298297,8.02,-2.96,-0.11,0.0
12.8,uav_01,1,passive_piecewise_source_clock_fit_v3,11.016834520716225,8.005979100728647,8.02,-2.96,-0.11,0.0
12.9,uav_01,1,passive_piecewise_source_clock_fit_v3,10.709163606350067,7.994576485938027,8.02,-2.96,-0.1019082862479167,0.0
13.0,uav_01,1,passive_piecewise_source_clock_fit_v3,10.40149269198391,7.973886638124276,8.02,-2.96,-0.1,0.0
13.1,uav_01,1,passive_piecewise_source_clock_fit_v3,10.093821777617753,7.960686012146051,8.02,-2.968664313664344,-0.1,0.0
13.2,uav_01,1,passive_piecewise_source_clock_fit_v3,9.80744772185686,7.950072681798714,8.02,-2.97,-0.10823860001922592,0.0
13.3,uav_01,1,passive_piecewise_source_clock_fit_v3,9.524251763625118,7.939577135110117,8.02,-2.9622933663230047,-0.10229336632300484,0.0
13.4,uav_01,1,passive_piecewise_source_clock_fit_v3,9.241055805393383,7.921128294629615,8.02,-2.9671746673347643,-0.1,0.0
13.5,uav_01,1,passive_piecewise_source_clock_fit_v3,8.95982705744975,7.907573704642537,8.02,-2.97,-0.1,0.0
13.6,uav_01,1,passive_piecewise_source_clock_fit_v3,8.677654964989506,7.8971161037395605,8.02,-2.97,-0.10601073465030242,0.0
13.7,uav_01,1,passive_piecewise_source_clock_fit_v3,8.39445900675777,7.886620557208072,8.02,-2.9645212316919287,-0.11,0.0
13.8,uav_01,1,passive_piecewise_source_clock_fit_v3,8.111263048526029,7.876125010519477,8.02,-2.9649468019658407,-0.1050531980341594,0.0
13.9,uav_01,1,passive_piecewise_source_clock_fit_v3,7.828067090294282,7.860735510826619,8.02,-2.97,-0.1,0.0
14.0,uav_01,1,passive_piecewise_source_clock_fit_v3,7.544871132062534,7.844048673157006,8.02,-2.97,-0.1,0.0
14.1,uav_01,1,passive_piecewise_source_clock_fit_v3,7.261675173830797,7.833553126600377,8.02,-2.97,-0.1,0.0
14.2,uav_01,1,passive_piecewise_source_clock_fit_v3,6.9760703265569735,7.822968304155837,8.02,-2.97,-0.1,0.0
14.3,uav_01,1,passive_piecewise_source_clock_fit_v3,6.683986554853356,7.809189535292385,8.02,-2.97,-0.1,0.0
14.4,uav_01,1,passive_piecewise_source_clock_fit_v3,6.3905057422799745,7.790181407110813,8.02,-2.97,-0.1,0.0
14.5,uav_01,1,passive_piecewise_source_clock_fit_v3,6.099218987485709,7.779386006802836,8.02,-2.97,-0.1,0.0
14.6,uav_01,1,passive_piecewise_source_clock_fit_v3,5.806047277753441,7.768590606571796,8.02,-2.97,-0.1,0.0
14.7,uav_01,1,passive_piecewise_source_clock_fit_v3,5.506996850444912,7.757795206580708,8.02,-2.97,-0.1,0.0
14.8,uav_01,1,passive_piecewise_source_clock_fit_v3,5.2157100956506275,7.74541388218764,8.02,-2.97,-0.1014306623175782,0.0
14.9,uav_01,1,passive_piecewise_source_clock_fit_v3,4.924423340856376,7.725119161979475,8.02,-2.97,-0.11,0.0
15.0,uav_01,1,passive_piecewise_source_clock_fit_v3,4.633136586062092,7.714323761671497,8.02,-2.97,-0.10909227441022878,0.0
15.1,uav_01,1,passive_piecewise_source_clock_fit_v3,4.3418498312678135,7.70352836138897,8.02,-2.97,-0.1,0.0
15.2,uav_01,1,passive_piecewise_source_clock_fit_v3,4.050022242773401,7.692266325835641,8.02,-2.97,-0.1,0.0
15.3,uav_01,1,passive_piecewise_source_clock_fit_v3,3.7450476538977036,7.67032498706002,8.02,-2.97,-0.1,0.0
15.4,uav_01,1,passive_piecewise_source_clock_fit_v3,3.4400730650220512,7.659022301274826,8.02,-2.97,-0.1,0.0
15.5,uav_01,1,passive_piecewise_source_clock_fit_v3,3.134141975685767,7.647719615119394,8.02,-2.97,-0.1,0.0
15.6,uav_01,1,passive_piecewise_source_clock_fit_v3,2.8208269294825192,7.635126636681328,8.02,-2.97,-0.1,0.0
15.7,uav_01,1,passive_piecewise_source_clock_fit_v3,2.51849174563118,7.614139851267042,8.02,-2.97,-0.1,0.0
15.8,uav_01,1,passive_piecewise_source_clock_fit_v3,2.2135171567555183,7.602837165169889,8.02,-2.97,-0.1,0.0
15.9,uav_01,1,passive_piecewise_source_clock_fit_v3,1.9085425678798318,7.591534479350006,8.02,-2.97,-0.1,0.0
16.0,uav_01,1,passive_piecewise_source_clock_fit_v3,1.6035679790041737,7.580231793194576,8.02,-2.97,-0.1,0.0
16.1,uav_01,1,passive_piecewise_source_clock_fit_v3,1.2985933901284756,7.566636391842122,8.02,-2.97,-0.1,0.0
16.2,uav_01,1,passive_piecewise_source_clock_fit_v3,1.0010580734848469,7.5468168843256445,8.02,-2.97,-0.1,0.0
16.3,uav_01,1,passive_piecewise_source_clock_fit_v3,0.7285273227646749,7.536755648231066,8.02,-2.97,-0.1,0.0
16.4,uav_01,1,passive_piecewise_source_clock_fit_v3,0.4484042752470306,7.52669252928123,8.02,-2.9698301198411317,-0.1,0.0
16.5,uav_01,1,passive_piecewise_source_clock_fit_v3,0.17418490233731537,7.516529664495793,8.02,-2.960662198559582,-0.1,0.0
16.6,uav_01,1,passive_piecewise_source_clock_fit_v3,-0.09749034537834902,7.506461087725349,8.02,-2.96,-0.1,0.0
16.7,uav_01,1,passive_piecewise_source_clock_fit_v3,-0.3689675245589392,7.496399851883015,8.02,-2.96,-0.1,0.0
16.8,uav_01,1,passive_piecewise_source_clock_fit_v3,-0.6404447037395633,7.479052118842659,8.02,-2.96,-0.1,0.0
16.9,uav_01,1,passive_piecewise_source_clock_fit_v3,-0.911921882920168,7.465192135549813,8.02,-2.96,-0.1,0.0
17.0,uav_01,1,passive_piecewise_source_clock_fit_v3,-1.1833990621007828,7.455130899583569,8.02,-2.96,-0.1,0.0
17.1,uav_01,1,passive_piecewise_source_clock_fit_v3,-1.4548762412814138,7.445069663445985,8.02,-2.9638018758384166,-0.1,0.0
17.2,uav_01,1,passive_piecewise_source_clock_fit_v3,-1.7263534204620292,7.43500842742175,8.02,-2.97,-0.1,0.0
17.3,uav_01,1,passive_piecewise_source_clock_fit_v3,-2.0066638745230065,7.422125994442682,8.017750318917141,-2.97,-0.1,0.0
17.4,uav_01,1,passive_piecewise_source_clock_fit_v3,-2.3191636606251755,7.401952998572344,8.010000000000002,-2.97,-0.1,0.0
17.5,uav_01,1,passive_piecewise_source_clock_fit_v3,-2.63166344672734,7.3903714208046205,8.010000000000002,-2.97,-0.1,0.0
17.6,uav_01,1,passive_piecewise_source_clock_fit_v3,-2.947629896920063,7.378789842749302,8.010000000000002,-2.97,-0.0964070909487552,0.0
17.7,uav_01,1,passive_piecewise_source_clock_fit_v3,-3.266311646383962,7.367208264853114,8.010000000000002,-2.97,-0.09,0.0
17.8,uav_01,1,passive_piecewise_source_clock_fit_v3,-3.5774822124096466,7.350749716843845,8.010000000000002,-2.97,-0.09444395481534845,0.0
17.9,uav_01,1,passive_piecewise_source_clock_fit_v3,-3.88832014389985,7.333070717232318,8.010000000000002,-2.97,-0.1,0.0
18.0,uav_01,1,passive_piecewise_source_clock_fit_v3,-4.200819930002015,7.3214891393803665,8.010000000000002,-2.97,-0.1,0.0
18.1,uav_01,1,passive_piecewise_source_clock_fit_v3,-4.51331971610419,7.309907561325049,8.015731622331888,-2.97,-0.1,0.0
18.2,uav_01,1,passive_piecewise_source_clock_fit_v3,-4.8317817412724695,7.291476006413104,8.02,-2.97,-0.1,0.0
18.3,uav_01,1,passive_piecewise_source_clock_fit_v3,-5.125194638718387,7.276503163360885,8.02,-2.97,-0.09413426675851726,0.0
18.4,uav_01,1,passive_piecewise_source_clock_fit_v3,-5.401791984306237,7.266252168552701,8.02,-2.97,-0.09511315680651948,0.0
18.5,uav_01,1,passive_piecewise_source_clock_fit_v3,-5.678389329894095,7.256001173735606,8.02,-2.97,-0.1,0.0
18.6,uav_01,1,passive_piecewise_source_clock_fit_v3,-5.956076757224434,7.245709779124682,8.02,-2.97,-0.1,0.0
18.7,uav_01,1,passive_piecewise_source_clock_fit_v3,-6.234575095758263,7.232112167779071,8.02,-2.9670445724983696,-0.1,0.0
18.8,uav_01,1,passive_piecewise_source_clock_fit_v3,-6.511172441346111,7.214052092277878,8.02,-2.9622028510666674,-0.1,0.0
18.9,uav_01,1,passive_piecewise_source_clock_fit_v3,-6.7877697869339695,7.203801097325442,8.02,-2.968549725368296,-0.1,0.0
19.0,uav_01,1,passive_piecewise_source_clock_fit_v3,-7.06436713252181,7.193550102652599,8.02,-2.96,-0.0993023018032592,0.0
19.1,uav_01,1,passive_piecewise_source_clock_fit_v3,-7.3409644781096866,7.183299107643047,8.02,-2.96,-0.09005487823822159,0.0
19.2,uav_01,1,passive_piecewise_source_clock_fit_v3,-7.617561823697551,7.162857951854146,8.02,-2.9508074546731846,-0.09919254532681568,0.0
19.3,uav_01,1,passive_piecewise_source_clock_fit_v3,-7.894159169285392,7.1517118736386625,8.02,-2.941560031108148,-0.09156003110814782,0.0
19.4,uav_01,1,passive_piecewise_source_clock_fit_v3,-8.196369028801902,7.140511651325765,8.02,-2.922912619006456,-0.09,0.0
19.5,uav_01,1,passive_piecewise_source_clock_fit_v3,-8.503776530914463,7.129118798790042,8.02,-2.902357632312255,-0.09,0.0
19.6,uav_01,1,passive_piecewise_source_clock_fit_v3,-8.802405057127073,7.117725946612647,8.02,-2.872703968427078,-0.09,0.0
19.7,uav_01,1,passive_piecewise_source_clock_fit_v3,-9.099896188671133,7.10633309411242,8.02,-2.8324953178476995,-0.09,0.0
19.8,uav_01,1,passive_piecewise_source_clock_fit_v3,-9.397387319015092,7.084238919624793,8.02,-2.791385344459298,-0.08034633611482447,0.0
19.9,uav_01,1,passive_piecewise_source_clock_fit_v3,-9.68529624564312,7.072462145055694,8.02,-2.7403442138386174,-0.08,0.0
20.0,uav_01,1,passive_piecewise_source_clock_fit_v3,-9.960424275878662,7.0611801449680405,8.02,-2.6893480965237346,-0.07989134942062243,0.0
20.1,uav_01,1,passive_piecewise_source_clock_fit_v3,-10.24725388391424,7.049787292821866,8.02,-2.6272969925146543,-0.07,0.0
20.2,uav_01,1,passive_piecewise_source_clock_fit_v3,-10.514995902746897,7.03839444028614,8.02,-2.554690901811365,-0.07,0.0
20.3,uav_01,1,passive_piecewise_source_clock_fit_v3,-10.779632532770089,7.027060836840165,8.02,-2.4728985436578617,-0.06911231795723272,0.0
20.4,uav_01,1,passive_piecewise_source_clock_fit_v3,-11.013462574087828,7.0169596100574285,8.02,-2.394185027859841,-0.06,0.0
20.5,uav_01,1,passive_piecewise_source_clock_fit_v3,-11.24702697795345,7.016654419550302,8.02,-2.2972468761473386,-0.05972468761473388,0.0
20.6,uav_01,1,passive_piecewise_source_clock_fit_v3,-11.471503818073613,7.005908588536386,8.02,-2.20030872443485,-0.05003087244348499,0.0
20.7,uav_01,1,passive_piecewise_source_clock_fit_v3,-11.686657243421573,6.9951627575224675,8.02,-2.1033705727223544,-0.04033705727223544,0.0
20.8,uav_01,1,passive_piecewise_source_clock_fit_v3,-11.894759114752823,6.984312157236417,8.02,-1.9865847527392224,-0.04,0.0
20.9,uav_01,1,passive_piecewise_source_clock_fit_v3,-12.091816981763566,6.983703877313942,8.02,-1.870193123156832,-0.030849426929736003,0.0
21.0,uav_01,1,passive_piecewise_source_clock_fit_v3,-12.27116697443471,6.973899656809856,8.02,-1.7538673411018475,-0.0211556117584873,0.0
21.1,uav_01,1,passive_piecewise_source_clock_fit_v3,-12.44887780630729,6.972618632934836,8.02,-1.6290033556340844,-0.02,0.0
21.2,uav_01,1,passive_piecewise_source_clock_fit_v3,-12.602760332901946,6.963493239161124,8.02,-1.4947517398238233,-0.011767981415987375,0.0
21.3,uav_01,1,passive_piecewise_source_clock_fit_v3,-12.752411560091781,6.961533388555731,8.02,-1.3590383274263353,-0.01,0.0
21.4,uav_01,1,passive_piecewise_source_clock_fit_v3,-12.881992285313908,6.961533388555731,8.02,-1.2133311785412908,-0.0022220785694193864,0.0
21.5,uav_01,1,passive_piecewise_source_clock_fit_v3,-13.00610956227248,6.9530275778493715,8.02,-1.07257669921638,0.0,0.0
21.6,uav_01,1,passive_piecewise_source_clock_fit_v3,-13.115622166508278,6.950448144570453,8.02,-0.9340442984608796,0.0,0.0
21.7,uav_01,1,passive_piecewise_source_clock_fit_v3,-13.206242095340745,6.950448144570453,8.02,-0.8029753335835631,0.0,0.0
21.8,uav_01,1,passive_piecewise_source_clock_fit_v3,-13.285956900438444,6.950448144570453,8.02,-0.682616537591416,0.004599129600451788,0.0
21.9,uav_01,1,passive_piecewise_source_clock_fit_v3,-13.359749809378192,6.950448144570453,8.02,-0.5643277644592765,0.01,0.0
22.0,uav_01,1,passive_piecewise_source_clock_fit_v3,-13.413975213000148,6.950448144570453,8.02,-0.4167493017695953,0.01,0.0
22.1,uav_01,1,passive_piecewise_source_clock_fit_v3,-13.450990585813766,6.950448144570453,8.013055878191672,-0.24500580745007144,0.016944121808329365,-0.0069441218083293645
22.2,uav_01,1,passive_piecewise_source_clock_fit_v3,-13.4730340548339,6.950448144570453,8.010000000000002,-0.06689272076443593,0.02,-0.0031607067091353296
22.3,uav_01,1,passive_piecewise_source_clock_fit_v3,-13.479133351571747,6.950448144570453,8.010000000000002,0.09101697160101495,0.026734464773400995,0.0
22.4,uav_01,1,passive_piecewise_source_clock_fit_v3,-13.473034070459109,6.950448144570453,8.010000000000002,0.2158567612985408,0.03,0.0
22.5,uav_01,1,passive_piecewise_source_clock_fit_v3,-13.452822023611597,6.950448144570453,8.010000000000002,0.32332150444139973,0.03,0.0
22.6,uav_01,1,passive_piecewise_source_clock_fit_v3,-13.420502096320384,6.956203164308139,8.010000000000002,0.4167244362938372,0.03,0.0
22.7,uav_01,1,passive_piecewise_source_clock_fit_v3,-13.384087774411922,6.961533388555731,8.010000000000002,0.49238695363073287,0.03,0.0
22.8,uav_01,1,passive_piecewise_source_clock_fit_v3,-13.343556428344112,6.961533388555731,8.010000000000002,0.554617038123749,0.03,0.0
22.9,uav_01,1,passive_piecewise_source_clock_fit_v3,-13.294283498585225,6.961533388555731,8.010000000000002,0.6079845745965166,0.03,0.0
23.0,uav_01,1,passive_piecewise_source_clock_fit_v3,-13.236736533030957,6.961533388555731,8.010000000000002,0.6521280741927545,0.03,0.0
23.1,uav_01,1,passive_piecewise_source_clock_fit_v3,-13.173011469227811,6.961533388555731,8.012467122177075,0.6923356108853665,0.027532877822926696,0.0
23.2,uav_01,1,passive_piecewise_source_clock_fit_v3,-13.109286405424658,6.961533388555731,8.02,0.7433155806417115,0.02,0.0
23.3,uav_01,1,passive_piecewise_source_clock_fit_v3,-13.042980662738586,6.961533388555731,8.02,0.8093613060439109,0.02,0.0
23.4,uav_01,1,passive_piecewise_source_clock_fit_v3,-12.961183836607436,6.962372365169843,8.02,0.8760547270618102,0.02,0.0
23.5,uav_01,1,passive_piecewise_source_clock_fit_v3,-12.880902606397774,6.972618632934836,8.02,0.9500104256351525,0.02,0.0
23.6,uav_01,1,passive_piecewise_source_clock_fit_v3,-12.782784613892451,6.972618632934836,8.02,1.0147229650912106,0.02,0.0
23.7,uav_01,1,passive_piecewise_source_clock_fit_v3,-12.684666622551331,6.972618632934836,8.02,1.0879262909111727,0.02,0.0
23.8,uav_01,1,passive_piecewise_source_clock_fit_v3,-12.58654863025293,6.972618632934836,8.02,1.1696189137185857,0.02,0.0
23.9,uav_01,1,passive_piecewise_source_clock_fit_v3,-12.474960992979028,6.972618632934836,8.02,1.2388605834594029,0.033960166702686506,0.0
24.0,uav_01,1,passive_piecewise_source_clock_fit_v3,-12.352997353915235,6.972618632934836,8.013775268154934,1.309797854760535,0.058674195535200535,-0.006224731845066842
24.1,uav_01,1,passive_piecewise_source_clock_fit_v3,-12.228119909369392,6.978681574700612,8.010000000000002,1.3782856623715303,0.0864081410163701,-0.01
24.2,uav_01,1,passive_piecewise_source_clock_fit_v3,-12.099369577645753,6.988877754518104,8.010000000000002,1.4473388422377254,0.11866942111886272,-0.01
24.3,uav_01,1,passive_piecewise_source_clock_fit_v3,-11.962621012226059,6.999066559413364,8.010000000000002,1.517010741283656,0.1515760319787097,-0.01
24.4,uav_01,1,passive_piecewise_source_clock_fit_v3,-11.819903932564007,7.012754590576556,8.010000000000002,1.584826606559681,0.17620665163992025,-0.006896674180039887
24.5,uav_01,1,passive_piecewise_source_clock_fit_v3,-11.667798058166452,7.0309577048470775,8.010000000000002,1.6583937808976315,0.19262768298537594,0.0
24.6,uav_01,1,passive_piecewise_source_clock_fit_v3,-11.488114599630112,7.045722769750186,8.010000000000002,1.7337889981312837,0.19702637523358954,0.0
24.7,uav_01,1,passive_piecewise_source_clock_fit_v3,-11.305228213990985,7.064980407427308,8.010000000000002,1.8132369658321157,0.18336086690510983,0.0
24.8,uav_01,1,passive_piecewise_source_clock_fit_v3,-11.115562340654986,7.076449136724784,8.010000000000002,1.8856585582993561,0.1626689833430411,0.0036655083284794533
24.9,uav_01,1,passive_piecewise_source_clock_fit_v3,-10.918155469238926,7.087917865864279,8.010000000000002,1.954068700657088,0.13395419956194127,0.005988549890485316
25.0,uav_01,1,passive_piecewise_source_clock_fit_v3,-10.707632949404053,7.099435385586478,8.010000000000002,2.0120070297502517,0.09679578214984894,0.0
25.1,uav_01,1,passive_piecewise_source_clock_fit_v3,-10.496867854057289,7.105641563908788,8.014803333671585,2.068820002029505,0.060786665313663224,0.0
25.2,uav_01,1,passive_piecewise_source_clock_fit_v3,-10.282268807675951,7.105641563908788,8.02,2.120597101810474,0.024552173642144588,0.0
25.3,uav_01,1,passive_piecewise_source_clock_fit_v3,-10.057353560415766,7.105641563908788,8.02,2.1619808689346156,0.004504782766346109,0.0
25.4,uav_01,1,passive_piecewise_source_clock_fit_v3,-9.833393946610501,7.105641563908788,8.02,2.2033646360587533,-0.005841159014688264,0.0
25.5,uav_01,1,passive_piecewise_source_clock_fit_v3,-9.599143292795448,7.098653850460378,8.02,2.2389108508827675,-0.022607233921844973,0.0
25.6,uav_01,1,passive_piecewise_source_clock_fit_v3,-9.361657490788787,7.094556319529683,8.02,2.2773775786387978,-0.03,0.0
25.7,uav_01,1,passive_piecewise_source_clock_fit_v3,-9.120612513392839,7.086369675782978,8.02,2.3121555170754298,-0.03,0.0
25.8,uav_01,1,passive_piecewise_source_clock_fit_v3,-8.87652280996538,7.083471075544405,8.02,2.3517038002290183,-0.03,0.0
25.9,uav_01,1,passive_piecewise_source_clock_fit_v3,-8.624263876352183,7.074085500917709,8.02,2.3854001832680933,-0.021533272243968914,0.0
26.0,uav_01,1,passive_piecewise_source_clock_fit_v3,-8.370003767982388,7.0723858311653,8.02,2.417022516364427,-0.02,0.0
26.1,uav_01,1,passive_piecewise_source_clock_fit_v3,-8.10653087801584,7.0723858311653,8.02,2.4486448494607567,-0.010451716846414499,0.0
26.2,uav_01,1,passive_piecewise_source_clock_fit_v3,-7.851771114223897,7.061300586786195,8.02,2.4701763581234917,0.0,0.0
26.3,uav_01,1,passive_piecewise_source_clock_fit_v3,-7.589827124243888,7.061300586786195,8.02,2.491589515653422,0.0,0.0
26.4,uav_01,1,passive_piecewise_source_clock_fit_v3,-7.326839871319934,7.060177557589987,8.02,2.522026169559641,0.0,0.0
26.5,uav_01,1,passive_piecewise_source_clock_fit_v3,-7.07566626408072,7.050215342800917,8.02,2.5419748700485725,0.0,0.0
26.6,uav_01,1,passive_piecewise_source_clock_fit_v3,-6.815821517151014,7.049149180326482,8.02,2.5619235705375063,-0.0009617852687532114,0.0
26.7,uav_01,1,passive_piecewise_source_clock_fit_v3,-6.555976770221349,7.039130098421811,8.02,2.5818722710264375,-0.011872271026437281,0.0
26.8,uav_01,1,passive_piecewise_source_clock_fit_v3,-6.296132023166797,7.038120802709047,8.02,2.600910485757686,-0.03182097151537141,0.0
26.9,uav_01,1,passive_piecewise_source_clock_fit_v3,-6.036287274990792,7.027063991745625,8.019115163997848,2.6117696720043044,-0.053539344008609165,-0.000884836002152291
27.0,uav_01,1,passive_piecewise_source_clock_fit_v3,-5.77537906738688,7.01599756061188,8.010000000000002,2.6308678648955737,-0.09433932447786857,-0.01
27.1,uav_01,1,passive_piecewise_source_clock_fit_v3,-5.503443288163516,7.0038046696869936,8.010000000000002,2.6409335364910844,-0.14280060947325235,-0.009066463508915885
27.2,uav_01,1,passive_piecewise_source_clock_fit_v3,-5.23485064823862,6.981691048047516,8.010000000000002,2.650907886735551,-0.1727236602066525,0.0
27.3,uav_01,1,passive_piecewise_source_clock_fit_v3,-4.974154662467766,6.95957742608572,8.010000000000002,2.660882236980018,-0.20088223698001778,0.0
27.4,uav_01,1,passive_piecewise_source_clock_fit_v3,-4.707508746694989,6.937695446831711,8.010000000000002,2.670752104929865,-0.2092478950701348,0.0
27.5,uav_01,1,passive_piecewise_source_clock_fit_v3,-4.470908576612391,6.918279135976305,8.010000000000002,2.6795098330124807,-0.20049016698751954,0.0
27.6,uav_01,1,passive_piecewise_source_clock_fit_v3,-4.23430840652982,6.898862824795304,8.010000000000002,2.6882675610950946,-0.18346487780981058,0.0
27.7,uav_01,1,passive_piecewise_source_clock_fit_v3,-3.9977082374105053,6.879446513871672,8.010000000000002,2.69702528917771,-0.158924132466871,0.0
27.8,uav_01,1,passive_piecewise_source_clock_fit_v3,-3.755528249033352,6.860030203016266,8.015783017260325,2.7115660345206503,-0.12686793095869994,0.0
27.9,uav_01,1,passive_piecewise_source_clock_fit_v3,-3.5148592694523932,6.845647419161012,8.02,2.7245407453429396,-0.09183701862824238,0.0
28.0,uav_01,1,passive_piecewise_source_clock_fit_v3,-3.2750765259939225,6.835939263560859,8.02,2.733298473425554,-0.060104579723338034,0.0
28.1,uav_01,1,passive_piecewise_source_clock_fit_v3,-3.0300263503515894,6.82851045758178,8.02,2.742056201508169,-0.033831395475493,0.0
28.2,uav_01,1,passive_piecewise_source_clock_fit_v3,-2.785761505048669,6.82851045758178,8.02,2.750813929590783,-0.008372140818434019,0.0
28.3,uav_01,1,passive_piecewise_source_clock_fit_v3,-2.5491613349660636,6.82851045758178,8.02,2.759571657673398,0.009143315346797057,0.0
28.4,uav_01,1,passive_piecewise_source_clock_fit_v3,-2.3045244508768734,6.819277130246488,8.02,2.7683293857560134,0.026658771512026988,0.0
28.5,uav_01,1,passive_piecewise_source_clock_fit_v3,-2.061437687937204,6.8174252135965006,8.02,2.7770169443946817,0.03701694439468174,0.0
28.6,uav_01,1,passive_piecewise_source_clock_fit_v3,-1.8028234959316634,6.8174252135965006,8.02,2.786259430207854,0.046259430207854314,0.0
28.7,uav_01,1,passive_piecewise_source_clock_fit_v3,-1.535823202894247,6.823856453961261,8.02,2.7958016227457874,0.05,0.0
28.8,uav_01,1,passive_piecewise_source_clock_fit_v3,-1.2636668617920201,6.82851045758178,8.02,2.8,0.05,0.0
28.9,uav_01,1,passive_piecewise_source_clock_fit_v3,-0.992173990382466,6.82851045758178,8.02,2.804886007821654,0.04511399217834567,0.0
29.0,uav_01,1,passive_piecewise_source_clock_fit_v3,-0.7209010919779761,6.82851045758178,8.02,2.8144282003595884,0.04,0.0
29.1,uav_01,1,passive_piecewise_source_clock_fit_v3,-0.44852477707516575,6.82851045758178,8.02,2.82,0.03602960710247796,0.0
29.2,uav_01,1,passive_piecewise_source_clock_fit_v3,-0.17813532200715787,6.82851045758178,8.02,2.823512585435455,0.03,0.0
29.3,uav_01,1,passive_piecewise_source_clock_fit_v3,0.09598782727806968,6.82851045758178,8.02,2.8330856343165545,0.026914365683445685,0.0
29.4,uav_01,1,passive_piecewise_source_clock_fit_v3,0.36752503697107564,6.82851045758178,8.02,2.84,0.02269697051132199,0.0
29.5,uav_01,1,passive_piecewise_source_clock_fit_v3,0.6437322356076736,6.82851045758178,8.02,2.8422391630492556,0.03,0.0
29.6,uav_01,1,passive_piecewise_source_clock_fit_v3,0.9243973162989617,6.82851045758178,8.02,2.852002099672366,0.03,0.0
29.7,uav_01,1,passive_piecewise_source_clock_fit_v3,1.227115002123597,6.82851045758178,8.02,2.86,0.03272675267889868,0.0
29.8,uav_01,1,passive_piecewise_source_clock_fit_v3,1.5375495644876442,6.832336425129224,8.02,2.8634514056854314,0.04345140568543133,0.0
29.9,uav_01,1,passive_piecewise_source_clock_fit_v3,1.8479841272763795,6.839595701960884,8.02,2.87,0.05,0.0
30.0,uav_01,1,passive_piecewise_source_clock_fit_v3,2.1584186898391526,6.839595701960884,8.02,2.8749007116984973,0.05490071169849732,0.0
30.1,uav_01,1,passive_piecewise_source_clock_fit_v3,2.468853252429159,6.845831556208569,8.02,2.88,0.06,0.0
30.2,uav_01,1,passive_piecewise_source_clock_fit_v3,2.785414710712053,6.850680946339989,8.02,2.88,0.06,0.0
30.3,uav_01,1,passive_piecewise_source_clock_fit_v3,3.099371006004236,6.858523391442548,8.02,2.88,0.06,0.0
30.4,uav_01,1,passive_piecewise_source_clock_fit_v3,3.409805568296162,6.861766190325267,8.02,2.88,0.06,0.0
30.5,uav_01,1,passive_piecewise_source_clock_fit_v3,3.720240131355728,6.87121522683994,8.02,2.888523976731161,0.06,0.0
30.6,uav_01,1,passive_piecewise_source_clock_fit_v3,4.007984415170357,6.872851434704373,8.02,2.89,0.051535256436825994,0.0
30.7,uav_01,1,passive_piecewise_source_clock_fit_v3,4.294504310931357,6.882122258645338,8.02,2.8983632111516098,0.05,0.0
30.8,uav_01,1,passive_piecewise_source_clock_fit_v3,4.589454799598985,6.883936679083478,8.02,2.9,0.04172296869558713,0.0
30.9,uav_01,1,passive_piecewise_source_clock_fit_v3,4.878081516302398,6.893016437768519,8.02,2.9081908514572166,0.04,0.0
31.0,uav_01,1,passive_piecewise_source_clock_fit_v3,5.172865701274097,6.8950219230687555,8.02,2.91,0.04,0.0
31.1,uav_01,1,passive_piecewise_source_clock_fit_v3,5.461658722548483,6.90391061714303,8.011981508237177,2.91,0.04,0.0
31.2,uav_01,1,passive_piecewise_source_clock_fit_v3,5.748623010981788,6.9061071674478605,8.010000000000002,2.91,0.04,0.0
31.3,uav_01,1,passive_piecewise_source_clock_fit_v3,6.04315774074616,6.914804796588788,8.010000000000002,2.91,0.04,0.0
31.4,uav_01,1,passive_piecewise_source_clock_fit_v3,6.334469092726989,6.9171924118269645,8.010000000000002,2.9178383355770046,0.032161664422995284,0.0
31.5,uav_01,1,passive_piecewise_source_clock_fit_v3,6.62955971848086,6.925809828172188,8.010000000000002,2.92,0.03,0.0
31.6,uav_01,1,passive_piecewise_source_clock_fit_v3,6.9068204780326345,6.928277655812244,8.010000000000002,2.92,0.03,0.0
31.7,uav_01,1,passive_piecewise_source_clock_fit_v3,7.172590024721294,6.928277655812244,8.010000000000002,2.92,0.03,0.0
31.8,uav_01,1,passive_piecewise_source_clock_fit_v3,7.440533257352424,6.934052479148347,8.010000000000002,2.9252094686762065,0.024790531323793753,0.0
31.9,uav_01,1,passive_piecewise_source_clock_fit_v3,7.712213961424045,6.939362900191348,8.010000000000002,2.9257074848482096,0.02,0.0
32.0,uav_01,1,passive_piecewise_source_clock_fit_v3,7.980637711837192,6.943104792746966,8.010000000000002,2.92,0.02,0.0
32.1,uav_01,1,passive_piecewise_source_clock_fit_v3,8.245926742114998,6.950448144570453,8.010000000000002,2.9224586081029584,0.02,0.0
32.2,uav_01,1,passive_piecewise_source_clock_fit_v3,8.517607446186624,6.9521571062848695,8.010000000000002,2.93,0.02,0.0
32.3,uav_01,1,passive_piecewise_source_clock_fit_v3,8.788685399398515,6.961533388555731,8.010000000000002,2.9306247010541258,0.02,0.0
32.4,uav_01,1,passive_piecewise_source_clock_fit_v3,9.051602209067264,6.961533388555731,8.010000000000002,2.93970774752971,0.02,0.0
32.5,uav_01,1,passive_piecewise_source_clock_fit_v3,9.32300092957804,6.971278198539237,8.018790794005294,2.94,0.02,0.0
32.6,uav_01,1,passive_piecewise_source_clock_fit_v3,9.594681633649639,6.972618632934836,8.02,2.94,0.012126159519121662,0.0
32.7,uav_01,1,passive_piecewise_source_clock_fit_v3,9.857036382659782,6.972618632934836,8.02,2.94,0.01,0.0
32.8,uav_01,1,passive_piecewise_source_clock_fit_v3,10.114965128939147,6.978458754485167,8.02,2.94,0.01,0.0
32.9,uav_01,1,passive_piecewise_source_clock_fit_v3,10.369294329604514,6.983703877313942,8.02,2.94,0.006102978284966721,0.0
33.0,uav_01,1,passive_piecewise_source_clock_fit_v3,10.622910349574106,6.983703877313942,8.02,2.94,0.0,0.0
33.1,uav_01,1,passive_piecewise_source_clock_fit_v3,10.882414905925822,6.985088368039218,8.02,2.94,0.0,0.0
33.2,uav_01,1,passive_piecewise_source_clock_fit_v3,11.141919462277524,6.994705885560781,8.02,2.94,0.0,0.0
33.3,uav_01,1,passive_piecewise_source_clock_fit_v3,11.40142401744988,6.9947891212992195,8.02,2.94,0.0,0.0
33.4,uav_01,1,passive_piecewise_source_clock_fit_v3,11.660928573609741,6.9947891212992195,8.02,2.94,0.0,0.0
33.5,uav_01,1,passive_piecewise_source_clock_fit_v3,11.92043312996142,6.9947891212992195,8.02,2.9459528043446364,0.0,0.0
33.6,uav_01,1,passive_piecewise_source_clock_fit_v3,12.179937686313115,6.999920223873489,8.02,2.95,0.0,0.0
33.7,uav_01,1,passive_piecewise_source_clock_fit_v3,12.44044069720036,7.0058743656783244,8.02,2.95,0.0,0.0
33.8,uav_01,1,passive_piecewise_source_clock_fit_v3,12.71449687732667,7.0058743656783244,8.02,2.95,0.0,0.0
33.9,uav_01,1,passive_piecewise_source_clock_fit_v3,13.029609492588374,7.0058743656783244,8.02,2.95,0.0,0.0
34.0,uav_01,1,passive_piecewise_source_clock_fit_v3,13.351877596628023,7.010455432324038,8.02,2.945867419346795,0.0,0.0
34.1,uav_01,1,passive_piecewise_source_clock_fit_v3,13.674145700667706,7.0169596100574285,8.02,2.94,0.0,0.0
34.2,uav_01,1,passive_piecewise_source_clock_fit_v3,13.996413804707363,7.0169596100574285,8.02,2.94,-0.005681230393299354,0.0
34.3,uav_01,1,passive_piecewise_source_clock_fit_v3,14.318681908747013,7.0169596100574285,8.02,2.946455555263346,-0.01,0.0
34.4,uav_01,1,passive_piecewise_source_clock_fit_v3,14.640950012786657,7.0169596100574285,8.02,2.95,-0.01,0.0
34.5,uav_01,1,passive_piecewise_source_clock_fit_v3,14.963218115728836,7.02583246659456,8.02,2.95,-0.01,0.0
34.6,uav_01,1,passive_piecewise_source_clock_fit_v3,15.285486219494855,7.028044854042707,8.02,2.95,-0.01,0.0
34.7,uav_01,1,passive_piecewise_source_clock_fit_v3,15.6077543235345,7.028044854042707,8.02,2.95,-0.01,0.0
34.8,uav_01,1,passive_piecewise_source_clock_fit_v3,15.91319831743358,7.028044854042707,8.02,2.959764702514444,-0.019764702514443917,0.0
34.9,uav_01,1,passive_piecewise_source_clock_fit_v3,16.224473989813333,7.028044854042707,8.02,2.96,-0.010146340391529476,0.0
35.0,uav_01,1,passive_piecewise_source_clock_fit_v3,16.51967662835659,7.028088851260882,8.02,2.96,-0.02,0.0
35.1,uav_01,1,passive_piecewise_source_clock_fit_v3,16.83400250702651,7.039130098421811,8.02,2.96,-0.02,0.0
35.2,uav_01,1,passive_piecewise_source_clock_fit_v3,17.138718052122325,7.039130098421811,8.02,2.96,-0.02,0.0
35.3,uav_01,1,passive_piecewise_source_clock_fit_v3,17.44343359596064,7.039130098421811,8.02,2.96,-0.02,0.0
35.4,uav_01,1,passive_piecewise_source_clock_fit_v3,17.748149141113313,7.039130098421811,8.02,2.96,-0.02,0.0
35.5,uav_01,1,passive_piecewise_source_clock_fit_v3,18.052864686265945,7.039130098421811,8.02,2.96,-0.020977158345220098,0.0
35.6,uav_01,1,passive_piecewise_source_clock_fit_v3,18.3579321062897,7.039130098421811,8.02,2.9588235838026953,-0.03,0.0
35.7,uav_01,1,passive_piecewise_source_clock_fit_v3,18.662718469530734,7.039130098421811,8.02,2.9459011673969284,-0.028633722465642716,0.0
35.8,uav_01,1,passive_piecewise_source_clock_fit_v3,18.94941559394274,7.039130098421811,8.02,2.915243175106803,-0.019048635021360647,0.0
35.9,uav_01,1,passive_piecewise_source_clock_fit_v3,19.235595115397263,7.039724769042396,8.02,2.8662448330395534,-0.009463547577079038,0.0
36.0,uav_01,1,passive_piecewise_source_clock_fit_v3,19.512926676717953,7.050215342800917,8.02,2.7989061411951712,0.00024307973440639282,0.0
36.1,uav_01,1,passive_piecewise_source_clock_fit_v3,19.781127212246265,7.050215342800917,8.02,2.7126403541966253,0.01941325462297215,0.0
36.2,uav_01,1,passive_piecewise_source_clock_fit_v3,20.040362518367424,7.060515435311846,8.02,2.617082852442323,0.057166859023070754,0.0
36.3,uav_01,1,passive_piecewise_source_clock_fit_v3,20.29074986315426,7.071140738955448,8.02,2.521231977999502,0.11326081320029874,0.0
36.4,uav_01,1,passive_piecewise_source_clock_fit_v3,20.532289247726776,7.091146253755334,8.02,2.4338429932010164,0.17077133786598908,0.0
36.5,uav_01,1,passive_piecewise_source_clock_fit_v3,20.772744900586613,7.112396861037751,8.02,2.3395302291138633,0.2282818625316818,0.0
36.6,uav_01,1,passive_piecewise_source_clock_fit_v3,20.998472762926077,7.142107798126598,8.02,2.2284152256052434,0.2934244517302747,0.0
36.7,uav_01,1,passive_piecewise_source_clock_fit_v3,21.21346826484319,7.173983708763599,8.02,2.120611328251039,0.360520063840248,0.0
36.8,uav_01,1,passive_piecewise_source_clock_fit_v3,21.422056616994197,7.2139099282287305,8.02,2.000076066479592,0.4353378052433281,0.0
36.9,uav_01,1,passive_piecewise_source_clock_fit_v3,21.616098108167044,7.264517175115076,8.02,1.8733635659745895,0.5066503875521442,0.0
37.0,uav_01,1,passive_piecewise_source_clock_fit_v3,21.796840778646096,7.318189908215448,8.013652023265012,1.7347803489751548,0.5807838138799175,0.0
37.1,uav_01,1,passive_piecewise_source_clock_fit_v3,21.969013537264935,7.378728142867537,8.010000000000002,1.5891214211129696,0.6524100034806143,0.0
37.2,uav_01,1,passive_piecewise_source_clock_fit_v3,22.12709347757225,7.449993382281586,8.010000000000002,1.4429146897610297,0.7206398114448528,0.0
37.3,uav_01,1,passive_piecewise_source_clock_fit_v3,22.26685215784061,7.525627791036138,8.010000000000002,1.296707958409112,0.7944224221818069,0.0
37.4,uav_01,1,passive_piecewise_source_clock_fit_v3,22.393403271149865,7.607137288421372,8.010000000000002,1.1505012270571815,0.8670994273733154,0.0
37.5,uav_01,1,passive_piecewise_source_clock_fit_v3,22.51079375421056,7.693576612438103,8.010000000000002,1.009341529324902,0.935329235337549,0.0
37.6,uav_01,1,passive_piecewise_source_clock_fit_v3,22.614397911168364,7.790644799201385,8.010000000000002,0.8824702114826581,1.0035590433017827,0.0
37.7,uav_01,1,passive_piecewise_source_clock_fit_v3,22.70406250506951,7.893659851869996,8.010000000000002,0.7700460908676808,1.0763301157325957,0.0
37.8,uav_01,1,passive_piecewise_source_clock_fit_v3,22.78165848691457,8.00263177356228,8.010000000000002,0.6652954890047629,1.151293157696666,0.0
37.9,uav_01,1,passive_piecewise_source_clock_fit_v3,22.84997312239551,8.125967274754382,8.010000000000002,0.5687342386043903,1.2266806767960974,0.0
38.0,uav_01,1,passive_piecewise_source_clock_fit_v3,22.913433058965698,8.253776971291604,8.010000000000002,0.48748904172652463,1.307155380883972,0.0
38.1,uav_01,1,passive_piecewise_source_clock_fit_v3,22.96712986191376,8.39280346747849,8.010000000000002,0.4170736756496287,1.3876300849718528,0.0
38.2,uav_01,1,passive_piecewise_source_clock_fit_v3,23.01106353076535,8.537766751893162,8.010000000000002,0.3609476054701373,1.472867887692191,0.0
38.3,uav_01,1,passive_piecewise_source_clock_fit_v3,23.049887054759637,8.688075825158707,8.010000000000002,0.3207102534262028,1.5585794931475945,0.0
38.4,uav_01,1,passive_piecewise_source_clock_fit_v3,23.088710579471986,8.8496016980879,8.010000000000002,0.28047290138226516,1.634172422581036,0.0
38.5,uav_01,1,passive_piecewise_source_clock_fit_v3,23.122766607975997,9.02234437046283,8.010000000000002,0.2402355493383291,1.6798822253308354,0.0
38.6,uav_01,1,passive_piecewise_source_clock_fit_v3,23.147059502253615,9.195217598936717,8.010000000000002,0.19499774661798588,1.6799990986471942,0.0
38.7,uav_01,1,passive_piecewise_source_clock_fit_v3,23.166471263916012,9.356874027760938,8.010000000000002,0.12952169050090237,1.6396412678756769,0.005059788687387204
38.8,uav_01,1,passive_piecewise_source_clock_fit_v3,23.180848279109334,9.51701736200724,8.010000000000002,0.03979842645216203,1.5698387411617296,0.0049798426452162025
38.9,uav_01,1,passive_piecewise_source_clock_fit_v3,23.180939774114776,9.670218589888028,8.010000000000002,-0.06862018832840135,1.4811498430596655,0.0
39.0,uav_01,1,passive_piecewise_source_clock_fit_v3,23.16683856261572,9.812379263426593,8.010000000000002,-0.1917483624326796,1.3825012596671695,0.0
39.1,uav_01,1,passive_piecewise_source_clock_fit_v3,23.14348176437119,9.948816606003467,8.010000000000002,-0.3148285034360405,1.2843095804699662,0.0
39.2,uav_01,1,passive_piecewise_source_clock_fit_v3,23.11085855934147,10.079319401039049,8.010000000000002,-0.4281754978296209,1.1818245021703793,0.0
39.3,uav_01,1,passive_piecewise_source_clock_fit_v3,23.06869030944959,10.20113448703495,8.010000000000002,-0.5324444905103279,1.077555509489672,0.0
39.4,uav_01,1,passive_piecewise_source_clock_fit_v3,23.01316929946935,10.3104888510986,8.010000000000002,-0.6269837665125404,0.9789069260971774,0.0
39.5,uav_01,1,passive_piecewise_source_clock_fit_v3,22.946541655322104,10.411032295725938,8.010000000000002,-0.7117933258362591,0.8842325084342085,0.0
39.6,uav_01,1,passive_piecewise_source_clock_fit_v3,22.876209879346476,10.498515787076283,8.010000000000002,-0.7907121925502555,0.7954487833809625,0.0038390240687819427
39.7,uav_01,1,passive_piecewise_source_clock_fit_v3,22.796490261907767,10.581893434499493,8.010000000000002,-0.8733349416722896,0.7103689407357425,0.01
39.8,uav_01,1,passive_piecewise_source_clock_fit_v3,22.710293605056425,10.656100548870446,8.010000000000002,-0.9561364828861492,0.6371305774746195,0.01
39.9,uav_01,1,passive_piecewise_source_clock_fit_v3,22.622933447274796,10.72378467707272,8.010000000000002,-1.0308909227651835,0.5783939317971203,0.007678786359424072
40.0,uav_01,1,passive_piecewise_source_clock_fit_v3,22.532298890907494,10.782777499635143,8.010000000000002,-1.111431541180575,0.5328552867621406,0.0
40.1,uav_01,1,passive_piecewise_source_clock_fit_v3,22.427735460752842,10.832832594035331,8.010000000000002,-1.184138954118766,0.48816046483610404,0.0
40.2,uav_01,1,passive_piecewise_source_clock_fit_v3,22.323172030598176,10.882887688097973,8.010000000000002,-1.2654174244093896,0.4520367002624935,0.0
40.3,uav_01,1,passive_piecewise_source_clock_fit_v3,22.2021639300511,10.932942782160604,8.010000000000002,-1.3381741286222204,0.42443470176666737,0.0
40.4,uav_01,1,passive_piecewise_source_clock_fit_v3,22.08017326236655,10.982997876520686,8.010000000000002,-1.4104216577694362,0.40489458555764096,0.0
40.5,uav_01,1,passive_piecewise_source_clock_fit_v3,21.951830276044593,11.025754835576953,8.010000000000002,-1.4826691869166493,0.38024905490625655,0.0
40.6,uav_01,1,passive_piecewise_source_clock_fit_v3,21.81570867994641,11.065798910905915,8.010000000000002,-1.554916716063867,0.3531562314760499,0.0
40.7,uav_01,1,passive_piecewise_source_clock_fit_v3,21.67180847380475,11.100693302115301,8.010000000000002,-1.6271642452110857,0.32141787739445715,0.0
40.8,uav_01,1,passive_piecewise_source_clock_fit_v3,21.520129656682755,11.130726358624013,8.010000000000002,-1.6994117743582953,0.2852941128208524,0.0
40.9,uav_01,1,passive_piecewise_source_clock_fit_v3,21.357322913391833,11.161900955117169,8.010000000000002,-1.7713547183602671,0.24779730379413303,0.0
41.0,uav_01,1,passive_piecewise_source_clock_fit_v3,21.17436558450663,11.1921649973879,8.010000000000002,-1.8425862626604574,0.20386695524253043,0.0
41.1,uav_01,1,passive_piecewise_source_clock_fit_v3,20.97799796275791,11.214725542151678,8.010000000000002,-1.9138178069606422,0.15298728074239842,0.0
41.2,uav_01,1,passive_piecewise_source_clock_fit_v3,20.781630341447233,11.233319255894648,8.010000000000002,-1.981470872509289,0.10568608499380724,0.0
41.3,uav_01,1,passive_piecewise_source_clock_fit_v3,20.578806789621765,11.244558321629464,8.010000000000002,-2.038586206195916,0.06513103504326737,0.0
41.4,uav_01,1,passive_piecewise_source_clock_fit_v3,20.367831807107354,11.255768948228491,8.010000000000002,-2.0891517427580073,0.02467860579359424,0.0
41.5,uav_01,1,passive_piecewise_source_clock_fit_v3,20.15391477711061,11.26260815763243,8.010000000000002,-2.14003141725814,-0.008012566903255946,0.0
41.6,uav_01,1,passive_piecewise_source_clock_fit_v3,19.92809201287322,11.26260815763243,8.010000000000002,-2.186728873406621,-0.02836443670331048,0.0
41.7,uav_01,1,passive_piecewise_source_clock_fit_v3,19.70226924841158,11.26260815763243,8.010000000000002,-2.2317907662584098,-0.048716306503363914,0.0
41.8,uav_01,1,passive_piecewise_source_clock_fit_v3,19.472071711384793,11.257582010112621,8.010000000000002,-2.278136352606835,-0.0690681763034174,0.0
41.9,uav_01,1,passive_piecewise_source_clock_fit_v3,19.236247192126168,11.251522913253325,8.010000000000002,-2.323589709341396,-0.08471794186827925,0.0
42.0,uav_01,1,passive_piecewise_source_clock_fit_v3,18.995471443003815,11.246078966085134,8.010000000000002,-2.3696439410156884,-0.09,0.0
42.1,uav_01,1,passive_piecewise_source_clock_fit_v3,18.748355624827216,11.24043766887422,8.010000000000002,-2.405466753453228,-0.09,0.0
42.2,uav_01,1,passive_piecewise_source_clock_fit_v3,18.496107431718585,11.234454882853665,8.010000000000002,-2.4415882881008333,-0.09,0.0
42.3,uav_01,1,passive_piecewise_source_clock_fit_v3,18.24040033293928,11.223155645345274,8.010000000000002,-2.4767703462325525,-0.09,0.0
42.4,uav_01,1,passive_piecewise_source_clock_fit_v3,17.984693234159955,11.218267180509837,8.010000000000002,-2.5073494763894826,-0.08421684120350591,0.0
42.5,uav_01,1,passive_piecewise_source_clock_fit_v3,17.723219920537158,11.211642414345045,8.010000000000002,-2.5379286065464104,-0.08,0.0
42.6,uav_01,1,passive_piecewise_source_clock_fit_v3,17.457677933934555,11.20034317689834,8.010000000000002,-2.56233849113556,-0.08,0.0
42.7,uav_01,1,passive_piecewise_source_clock_fit_v3,17.192135946459565,11.189043939359536,8.010000000000002,-2.5890868668602707,-0.08,0.0
42.8,uav_01,1,passive_piecewise_source_clock_fit_v3,16.926593959358204,11.18501144776635,8.010000000000002,-2.613110664678131,-0.08,0.0
42.9,uav_01,1,passive_piecewise_source_clock_fit_v3,16.659439646098917,11.177731720812028,8.010000000000002,-2.6331340847443,-0.08656704237215,0.0
43.0,uav_01,1,passive_piecewise_source_clock_fit_v3,16.391462331317793,11.166736101423865,8.010000000000002,-2.6529723837796046,-0.09,0.0
43.1,uav_01,1,passive_piecewise_source_clock_fit_v3,16.123485016129095,11.155740481918642,8.010000000000002,-2.6728106828149096,-0.09,0.0
43.2,uav_01,1,passive_piecewise_source_clock_fit_v3,15.85550770045859,11.144744862275035,8.010000000000002,-2.692648981850216,-0.09,0.0
43.3,uav_01,1,passive_piecewise_source_clock_fit_v3,15.58150612873031,11.133749242877322,8.010000000000002,-2.7124872808855196,-0.09,0.0
43.4,uav_01,1,passive_piecewise_source_clock_fit_v3,15.305665533412876,11.122821263018055,8.010000000000002,-2.732203544476064,-0.09,0.0
43.5,uav_01,1,passive_piecewise_source_clock_fit_v3,15.034980114393765,11.111868856181838,8.010000000000002,-2.745981939478065,-0.09,0.0
43.6,uav_01,1,passive_piecewise_source_clock_fit_v3,14.755615316866809,11.100873236770633,8.010000000000002,-2.761802177991435,-0.09,0.0
43.7,uav_01,1,passive_piecewise_source_clock_fit_v3,14.47411249683837,11.089877617288453,8.010000000000002,-2.77582023851337,-0.08417976148663009,0.0
43.8,uav_01,1,passive_piecewise_source_clock_fit_v3,14.196564563333967,11.078881997644846,8.010000000000002,-2.7857393880310224,-0.08,0.0
43.9,uav_01,1,passive_piecewise_source_clock_fit_v3,13.926316222682107,11.068375014246067,8.010000000000002,-2.7952177389314965,-0.0747822610685034,0.0
44.0,uav_01,1,passive_piecewise_source_clock_fit_v3,13.665774975491663,11.063073761171502,8.010000000000002,-2.8043641892572904,-0.07,0.0
44.1,uav_01,1,passive_piecewise_source_clock_fit_v3,13.40646066867288,11.059182131400956,8.010000000000002,-2.8135106395830847,-0.0664893604169152,0.0
44.2,uav_01,1,passive_piecewise_source_clock_fit_v3,13.140931690587704,11.049013315683592,8.010000000000002,-2.8226839292008874,-0.05731607079911265,0.0
44.3,uav_01,1,passive_piecewise_source_clock_fit_v3,12.874061898797468,11.03879315161958,8.010000000000002,-2.8319035402346726,-0.05,0.0
44.4,uav_01,1,passive_piecewise_source_clock_fit_v3,12.609309807525134,11.029818028428014,8.010000000000002,-2.84,-0.04895000943953423,0.0
44.5,uav_01,1,passive_piecewise_source_clock_fit_v3,12.344557717335972,11.02960026890499,8.010000000000002,-2.8401964408862606,-0.04,0.0
44.6,uav_01,1,passive_piecewise_source_clock_fit_v3,12.079805625919674,11.019461205198713,8.010000000000002,-2.849342891212054,-0.04,0.0
44.7,uav_01,1,passive_piecewise_source_clock_fit_v3,11.815053535667364,11.01873278404891,8.010000000000002,-2.858489341537848,-0.04,0.0
44.8,uav_01,1,passive_piecewise_source_clock_fit_v3,11.55030144445817,11.010268322165263,8.010000000000002,-2.867635791863642,-0.03236420813635783,0.0
44.9,uav_01,1,passive_piecewise_source_clock_fit_v3,11.285549353971808,11.00012925872609,8.010000000000002,-2.87,-0.03,0.0
45.0,uav_01,1,passive_piecewise_source_clock_fit_v3,10.998545345785553,10.996562295684527,8.010000000000002,-2.876481388264992,-0.03,0.0
45.1,uav_01,1,passive_piecewise_source_clock_fit_v3,10.70571705844422,10.989378496164171,8.010000000000002,-2.88648050622492,-0.023519493775080006,0.0
45.2,uav_01,1,passive_piecewise_source_clock_fit_v3,10.41628374936935,10.985477051305422,8.010000000000002,-2.89,-0.02,0.0
45.3,uav_01,1,passive_piecewise_source_clock_fit_v3,10.120599342957297,10.985477051305422,8.010000000000002,-2.8964787421447777,-0.02,0.0
45.4,uav_01,1,passive_piecewise_source_clock_fit_v3,9.821518256589314,10.978296185073988,8.010000000000002,-2.9,-0.013522139895293491,0.0
45.5,uav_01,1,passive_piecewise_source_clock_fit_v3,9.52435530142399,10.974391806926317,8.010000000000002,-2.906412849568946,-0.01,0.0
45.6,uav_01,1,passive_piecewise_source_clock_fit_v3,9.23249921605588,10.967323748915732,8.010000000000002,-2.91,-0.01,0.0
45.7,uav_01,1,passive_piecewise_source_clock_fit_v3,8.936914699626072,10.963306562941039,8.010000000000002,-2.916375213984493,-0.003624786015506876,0.0
45.8,uav_01,1,passive_piecewise_source_clock_fit_v3,8.643983969551012,10.963306562941039,8.010000000000002,-2.92,0.0,0.0
45.9,uav_01,1,passive_piecewise_source_clock_fit_v3,8.348401155713532,10.956241437968268,8.010000000000002,-2.92,0.0,0.0
46.0,uav_01,1,passive_piecewise_source_clock_fit_v3,8.044526291653362,10.952221318561934,8.010000000000002,-2.92,0.0,0.0
46.1,uav_01,1,passive_piecewise_source_clock_fit_v3,7.737923347591791,10.952221318561934,8.010000000000002,-2.92,0.0,0.0
46.2,uav_01,1,passive_piecewise_source_clock_fit_v3,7.431320403530228,10.952221318561934,8.010000000000002,-2.92,0.0,0.0
46.3,uav_01,1,passive_piecewise_source_clock_fit_v3,7.129616222249733,10.94406457020257,8.010000000000002,-2.927358203464363,0.0,0.0
46.4,uav_01,1,passive_piecewise_source_clock_fit_v3,6.824772068170901,10.941136074182829,8.010000000000002,-2.93,0.0,0.0
46.5,uav_01,1,passive_piecewise_source_clock_fit_v3,6.518169124109315,10.941136074182829,8.010000000000002,-2.93,0.007885810868098224,0.0
46.6,uav_01,1,passive_piecewise_source_clock_fit_v3,6.2115661811633744,10.941136074182829,8.010000000000002,-2.93,0.01,0.0
46.7,uav_01,1,passive_piecewise_source_clock_fit_v3,5.904963237357328,10.941136074182829,8.010000000000002,-2.93,0.01,0.0
46.8,uav_01,1,passive_piecewise_source_clock_fit_v3,5.598360293295752,10.931561089352273,8.010000000000002,-2.9386375950256665,0.01,0.0
46.9,uav_01,1,passive_piecewise_source_clock_fit_v3,5.2917573492341905,10.93005083019755,8.010000000000002,-2.94,0.01,0.0
47.0,uav_01,1,passive_piecewise_source_clock_fit_v3,5.015924176723561,10.93005083019755,8.010000000000002,-2.94,0.01811006486470742,0.0
47.1,uav_01,1,passive_piecewise_source_clock_fit_v3,4.743834406597968,10.93005083019755,8.010000000000002,-2.94,0.02,0.0
47.2,uav_01,1,passive_piecewise_source_clock_fit_v3,4.4717446364723585,10.93005083019755,8.010000000000002,-2.94,0.01369648973748937,0.0
47.3,uav_01,1,passive_piecewise_source_clock_fit_v3,4.199654866346757,10.93005083019755,8.010000000000002,-2.945400232961412,0.01,0.0
47.4,uav_01,1,passive_piecewise_source_clock_fit_v3,3.9275650962211617,10.93005083019755,8.010000000000002,-2.95,0.01,0.0
47.5,uav_01,1,passive_piecewise_source_clock_fit_v3,3.6554753260955724,10.92606714991437,8.010000000000002,-2.95,0.013593678359214798,0.0
47.6,uav_01,1,passive_piecewise_source_clock_fit_v3,3.3816121414154763,10.918965585818446,8.010000000000002,-2.95,0.02,0.0
47.7,uav_01,1,passive_piecewise_source_clock_fit_v3,3.1062660759402685,10.918965585818446,8.010000000000002,-2.95,0.02,0.0
47.8,uav_01,1,passive_piecewise_source_clock_fit_v3,2.8421970904072325,10.918965585818446,8.010000000000002,-2.95,0.02,0.0
47.9,uav_01,1,passive_piecewise_source_clock_fit_v3,2.570107320281611,10.918965585818446,8.010000000000002,-2.95,0.02,0.0
48.0,uav_01,1,passive_piecewise_source_clock_fit_v3,2.2893556956933043,10.918965585818446,8.010000000000002,-2.95,0.028977291853723705,0.0
48.1,uav_01,1,passive_piecewise_source_clock_fit_v3,1.9774834332737687,10.918965585818446,8.010000000000002,-2.95,0.03,0.0
48.2,uav_01,1,passive_piecewise_source_clock_fit_v3,1.6616838211462697,10.918965585818446,8.010000000000002,-2.95,0.02007087086930131,0.0
48.3,uav_01,1,passive_piecewise_source_clock_fit_v3,1.3458842090188357,10.918965585818446,8.010000000000002,-2.95,0.020487194208330388,0.0
48.4,uav_01,1,passive_piecewise_source_clock_fit_v3,1.0297687940031217,10.917795186361431,8.010000000000002,-2.95,0.03,0.0
48.5,uav_01,1,passive_piecewise_source_clock_fit_v3,0.7112939100753771,10.907880341439341,8.010000000000002,-2.95,0.03,0.0
48.6,uav_01,1,passive_piecewise_source_clock_fit_v3,0.39549429794788193,10.907880341439341,8.010000000000002,-2.95,0.03,0.0
48.7,uav_01,1,passive_piecewise_source_clock_fit_v3,0.07697429919328429,10.907880341439341,8.010000000000002,-2.95,0.03,0.0
48.8,uav_01,1,passive_piecewise_source_clock_fit_v3,-0.24575355375934704,10.907880341439341,8.010000000000002,-2.95,0.03,0.0
48.9,uav_01,1,passive_piecewise_source_clock_fit_v3,-0.5615531658868385,10.907880341439341,8.010000000000002,-2.95,0.03,0.0
49.0,uav_01,1,passive_piecewise_source_clock_fit_v3,-0.8648840844909839,10.907880341439341,8.010000000000002,-2.95,0.03,0.0
49.1,uav_01,1,passive_piecewise_source_clock_fit_v3,-1.1513878491615592,10.907880341439341,8.010000000000002,-2.95,0.03,0.0
49.2,uav_01,1,passive_piecewise_source_clock_fit_v3,-1.4378916138321303,10.907880341439341,8.010000000000002,-2.95,0.03,0.0
49.3,uav_01,1,passive_piecewise_source_clock_fit_v3,-1.7243953785027137,10.907880341439341,8.010000000000002,-2.9528126550831404,0.03,0.0
49.4,uav_01,1,passive_piecewise_source_clock_fit_v3,-2.0108991431732943,10.907880341439341,8.010000000000002,-2.96,0.03,0.0
49.5,uav_01,1,passive_piecewise_source_clock_fit_v3,-2.2993035917923854,10.907880341439341,8.010000000000002,-2.9580300991431843,0.03196990085681585,0.0
49.6,uav_01,1,passive_piecewise_source_clock_fit_v3,-2.5935552999667086,10.907880341439341,8.010000000000002,-2.95,0.04,0.0
49.7,uav_01,1,passive_piecewise_source_clock_fit_v3,-2.8797252646613742,10.907880341439341,8.010000000000002,-2.95,0.04,0.0
49.8,uav_01,1,passive_piecewise_source_clock_fit_v3,-3.1635717546193747,10.907880341439341,8.010000000000002,-2.95,0.04,0.0
49.9,uav_01,1,passive_piecewise_source_clock_fit_v3,-3.450075519289984,10.907880341439341,8.010000000000002,-2.95,0.04,0.0
50.0,uav_01,1,passive_piecewise_source_clock_fit_v3,-3.736579283960574,10.907880341439341,8.010000000000002,-2.95,0.04,0.0
50.1,uav_01,1,passive_piecewise_source_clock_fit_v3,-4.016154535936313,10.907880341439341,8.019109998602893,-2.95,0.04,0.0
50.2,uav_01,1,passive_piecewise_source_clock_fit_v3,-4.295554020928466,10.907880341439341,8.02,-2.95,0.04,0.0
50.3,uav_01,1,passive_piecewise_source_clock_fit_v3,-4.574953505920558,10.907880341439341,8.02,-2.95,0.04,0.0
50.4,uav_01,1,passive_piecewise_source_clock_fit_v3,-4.861235665043507,10.907880341439341,8.02,-2.95,0.04,0.0
50.5,uav_01,1,passive_piecewise_source_clock_fit_v3,-5.143401103357129,10.907880341439341,8.02,-2.95,0.04,0.0
50.6,uav_01,1,passive_piecewise_source_clock_fit_v3,-5.42455762817819,10.907880341439341,8.02,-2.95,0.04,0.0
50.7,uav_01,1,passive_piecewise_source_clock_fit_v3,-5.705191148029827,10.907880341439341,8.02,-2.95,0.04,0.0
50.8,uav_01,1,passive_piecewise_source_clock_fit_v3,-5.984590633021936,10.907880341439341,8.02,-2.95,0.04,0.0
50.9,uav_01,1,passive_piecewise_source_clock_fit_v3,-6.263990118014094,10.907880341439341,8.02,-2.95,0.03606114596043015,0.0
51.0,uav_01,1,passive_piecewise_source_clock_fit_v3,-6.543389603006234,10.907880341439341,8.02,-2.95,0.033279960969154705,0.0
51.1,uav_01,1,passive_piecewise_source_clock_fit_v3,-6.83110301785344,10.907880341439341,8.02,-2.95,0.04,0.0
51.2,uav_01,1,passive_piecewise_source_clock_fit_v3,-7.137413863491063,10.907880341439341,8.02,-2.95,0.04,0.0
51.3,uav_01,1,passive_piecewise_source_clock_fit_v3,-7.43678583240561,10.907880341439341,8.02,-2.95,0.04,0.0
51.4,uav_01,1,passive_piecewise_source_clock_fit_v3,-7.736157801320207,10.907880341439341,8.02,-2.95,0.04,0.0
51.5,uav_01,1,passive_piecewise_source_clock_fit_v3,-8.0355297702348,10.907880341439341,8.02,-2.95,0.04,0.0
51.6,uav_01,1,passive_piecewise_source_clock_fit_v3,-8.334901739149384,10.907880341439341,8.02,-2.95,0.04,0.0
51.7,uav_01,1,passive_piecewise_source_clock_fit_v3,-8.634273708063969,10.907880341439341,8.02,-2.95,0.037138510838317436,0.0
51.8,uav_01,1,passive_piecewise_source_clock_fit_v3,-8.936415153526282,10.907880341439341,8.02,-2.9471296678605654,0.0328703321394347,0.0
51.9,uav_01,1,passive_piecewise_source_clock_fit_v3,-9.239063113356048,10.907880341439341,8.02,-2.9285973262685605,0.04,0.0
52.0,uav_01,1,passive_piecewise_source_clock_fit_v3,-9.529398540119248,10.907880341439341,8.02,-2.8804838733354057,0.04557603618988412,0.0
52.1,uav_01,1,passive_piecewise_source_clock_fit_v3,-9.825129966162779,10.907880341439341,8.02,-2.807122876249378,0.06571928093765547,0.0
52.2,uav_01,1,passive_piecewise_source_clock_fit_v3,-10.111473893639793,10.911309169040596,8.02,-2.7221616886773674,0.09237258281005889,0.0
52.3,uav_01,1,passive_piecewise_source_clock_fit_v3,-10.394608059562096,10.922653259677624,8.02,-2.626733490637982,0.1399599056172109,0.0
52.4,uav_01,1,passive_piecewise_source_clock_fit_v3,-10.667642996542373,10.93399735017444,8.02,-2.5243984383011138,0.20136093701933186,0.0
52.5,uav_01,1,passive_piecewise_source_clock_fit_v3,-10.926918341597478,10.949546806932874,8.02,-2.4220633859642327,0.2703492912286138,0.0
52.6,uav_01,1,passive_piecewise_source_clock_fit_v3,-11.17376655530688,10.976699200681274,8.02,-2.3157011669900918,0.35221733309811515,0.0
52.7,uav_01,1,passive_piecewise_source_clock_fit_v3,-11.417500401892534,11.01087459518433,8.02,-2.1983554924733197,0.4344296716844534,0.0
52.8,uav_01,1,passive_piecewise_source_clock_fit_v3,-11.64692825894194,11.050189058436471,8.02,-2.0702756976397074,0.5167534168371031,0.0
52.9,uav_01,1,passive_piecewise_source_clock_fit_v3,-11.859496635703952,11.10091702421917,8.02,-1.9372401296017614,0.5986214587066083,0.0
53.0,uav_01,1,passive_piecewise_source_clock_fit_v3,-12.061965783318115,11.163247926910387,8.02,-1.7940821864197978,0.6804895005761079,0.0
53.1,uav_01,1,passive_piecewise_source_clock_fit_v3,-12.238032534327445,11.227025368557038,8.02,-1.654898221443192,0.7572010163181759,0.0
53.2,uav_01,1,passive_piecewise_source_clock_fit_v3,-12.387106647779152,11.29083648225417,8.02,-1.5254326259377675,0.8291025994998574,0.0
53.3,uav_01,1,passive_piecewise_source_clock_fit_v3,-12.525856973915252,11.36057806076402,8.02,-1.390617157472132,0.9010041826815295,0.0
53.4,uav_01,1,passive_piecewise_source_clock_fit_v3,-12.65993768942401,11.433896228235657,8.02,-1.2574149097393725,0.9729057658632156,0.0
53.5,uav_01,1,passive_piecewise_source_clock_fit_v3,-12.772092526005231,11.523563972015296,8.02,-1.1315871391714287,1.044807349044898,0.0
53.6,uav_01,1,passive_piecewise_source_clock_fit_v3,-12.876155270569226,11.613231715794928,8.02,-1.0057593686034927,1.1167089322265757,0.0
53.7,uav_01,1,passive_piecewise_source_clock_fit_v3,-12.971943047676254,11.702899459574565,8.02,-0.8970842268876132,1.1800342009822256,0.0
53.8,uav_01,1,passive_piecewise_source_clock_fit_v3,-13.060035662445424,11.809336988373241,8.02,-0.7967958644388445,1.2505120985899314,0.0
53.9,uav_01,1,passive_piecewise_source_clock_fit_v3,-13.134111613822965,11.91893089741519,8.02,-0.7110346080069361,1.3289653919930642,0.0
54.0,uav_01,1,passive_piecewise_source_clock_fit_v3,-13.203486776927663,12.034665375632862,8.02,-0.6356847350467023,1.4043152649532977,0.0
54.1,uav_01,1,passive_piecewise_source_clock_fit_v3,-13.268191168437623,12.158594841340555,8.02,-0.5686240177048428,1.4803405486652021,0.0
54.2,uav_01,1,passive_piecewise_source_clock_fit_v3,-13.32835626887381,12.29949408505788,8.02,-0.5062678983115745,1.5655981525326383,-0.0039553502814042565
54.3,uav_01,1,passive_piecewise_source_clock_fit_v3,-13.384411591963715,12.461056727650067,8.02,-0.44817122115873814,1.6592918019142713,-0.005634244231747634
54.4,uav_01,1,passive_piecewise_source_clock_fit_v3,-13.434634656903395,12.627913861762904,8.02,-0.39611919372449345,1.7291046450204053,0.0
54.5,uav_01,1,passive_piecewise_source_clock_fit_v3,-13.479853396106975,12.806766128851944,8.02,-0.3440671662902489,1.7551865667419502,0.0
54.6,uav_01,1,passive_piecewise_source_clock_fit_v3,-13.520031847969696,12.98520476859061,8.02,-0.2752242221696006,1.7376121110848002,0.0
54.7,uav_01,1,passive_piecewise_source_clock_fit_v3,-13.55441400471437,13.15830760007501,8.02,-0.18593360055915803,1.6779483559904562,0.0
54.8,uav_01,1,passive_piecewise_source_clock_fit_v3,-13.572163283554625,13.324296161868812,8.02,-0.07298660157003156,1.598657734380021,0.0
54.9,uav_01,1,passive_piecewise_source_clock_fit_v3,-13.575619631579038,13.479283527714026,8.02,0.045868763214962166,1.5079255573695765,0.0
55.0,uav_01,1,passive_piecewise_source_clock_fit_v3,-13.568538894449855,13.629753125933236,8.02,0.17540172429054618,1.4066140582380413,0.0
55.1,uav_01,1,passive_piecewise_source_clock_fit_v3,-13.551017560580323,13.7711856242721,8.02,0.30298799595653503,1.3102590030325987,0.0
55.2,uav_01,1,passive_piecewise_source_clock_fit_v3,-13.516321088341408,13.897027000605188,8.02,0.4165095145746277,1.2113549867503384,0.0
55.3,uav_01,1,passive_piecewise_source_clock_fit_v3,-13.477594797969118,14.019381033587383,8.02,0.5189864551081006,1.1189121904027095,0.0
55.4,uav_01,1,passive_piecewise_source_clock_fit_v3,-13.42356040110878,14.124147684318812,8.02,0.619327896966551,1.0206721030334491,0.0
55.5,uav_01,1,passive_piecewise_source_clock_fit_v3,-13.365470965833785,14.224255529525045,8.02,0.7037354710600068,0.9203306611749915,0.0
55.6,uav_01,1,passive_piecewise_source_clock_fit_v3,-13.291941645975754,14.315493984477976,8.02,0.7920097026151053,0.8279902973848947,0.0
55.7,uav_01,1,passive_piecewise_source_clock_fit_v3,-13.214489066607003,14.395571495486587,8.02,0.8823170002877094,0.7457182219664806,0.0
55.8,uav_01,1,passive_piecewise_source_clock_fit_v3,-13.129250655076255,14.473433152923542,8.02,0.9645549315202706,0.6735144349197633,0.0
55.9,uav_01,1,passive_piecewise_source_clock_fit_v3,-13.034297726918052,14.542311870876233,8.02,1.05293159563291,0.6194824468706057,0.0
56.0,uav_01,1,passive_piecewise_source_clock_fit_v3,-12.92177856132465,14.600029645120978,8.02,1.1432388933055215,0.5693117259413769,0.0
56.1,uav_01,1,passive_piecewise_source_clock_fit_v3,-12.805599691583616,14.65564511487009,8.02,1.2253743919805502,0.5273128040097249,0.0
56.2,uav_01,1,passive_piecewise_source_clock_fit_v3,-12.69249199434626,14.706404838733391,8.02,1.305968825065442,0.49801039164485267,-0.007329869451715771
56.3,uav_01,1,passive_piecewise_source_clock_fit_v3,-12.573146843020307,14.756431535725916,8.02,1.3808454971996773,0.46457725140016126,-0.0036443128500403214
56.4,uav_01,1,passive_piecewise_source_clock_fit_v3,-12.450864698852724,14.800611099171196,8.02,1.4586738553831784,0.4337753815389405,0.0
56.5,uav_01,1,passive_piecewise_source_clock_fit_v3,-12.31997457964297,14.840750852794967,8.02,1.5356858012593075,0.40661782452775974,0.0
56.6,uav_01,1,passive_piecewise_source_clock_fit_v3,-12.176833759913377,14.876996089590607,8.02,1.6045927091279866,0.3759470233554362,0.0
56.7,uav_01,1,passive_piecewise_source_clock_fit_v3,-12.028348299493087,14.907100904854937,8.02,1.670526105318945,0.33973694734052745,0.0
56.8,uav_01,1,passive_piecewise_source_clock_fit_v3,-11.878301418675186,14.937205720119264,8.02,1.7413279751801582,0.3019085891570297,0.0
56.9,uav_01,1,passive_piecewise_source_clock_fit_v3,-11.72043428761587,14.966566935891096,8.02,1.805366409378572,0.2573167953107141,0.0
57.0,uav_01,1,passive_piecewise_source_clock_fit_v3,-11.55447994928005,14.986636812615146,8.02,1.8777865614083826,0.22110671929580866,0.0
57.1,uav_01,1,passive_piecewise_source_clock_fit_v3,-11.386900538873522,15.006903219628121,8.02,1.9420513881398282,0.17567757990012262,0.0
57.2,uav_01,1,passive_piecewise_source_clock_fit_v3,-11.205438477311501,15.026998271340712,8.02,1.9975701491010134,0.1382865672659909,0.0
57.3,uav_01,1,passive_piecewise_source_clock_fit_v3,-11.01681452533265,15.039614203556637,8.02,2.0534253004954817,0.09381224958709848,0.0
57.4,uav_01,1,passive_piecewise_source_clock_fit_v3,-10.82664720456789,15.0426764467986,8.02,2.1031145605441885,0.053508351564649045,0.0
57.5,uav_01,1,passive_piecewise_source_clock_fit_v3,-10.624885562848396,15.0426764467986,8.02,2.150041370675477,0.021975177594713825,0.0
57.6,uav_01,1,passive_piecewise_source_clock_fit_v3,-10.421811187411711,15.048655424080243,8.02,2.1969681808067683,0.0046063638386463724,0.0
57.7,uav_01,1,passive_piecewise_source_clock_fit_v3,-10.217977202132566,15.04846405469239,8.02,2.243894990938056,-0.00955799637522235,0.0
57.8,uav_01,1,passive_piecewise_source_clock_fit_v3,-10.005680671334906,15.0426764467986,8.02,2.2866574408554707,-0.028328720427735377,0.0
57.9,uav_01,1,passive_piecewise_source_clock_fit_v3,-9.788346590395683,15.0426764467986,8.02,2.324198888960501,-0.04,0.0
58.0,uav_01,1,passive_piecewise_source_clock_fit_v3,-9.56818055599373,15.039422834161988,8.02,2.361740337065531,-0.042935084266382775,0.0
58.1,uav_01,1,passive_piecewise_source_clock_fit_v3,-9.341790888566727,15.031591202419495,8.017679553707358,2.3992817851705635,-0.05,0.0
58.2,uav_01,1,passive_piecewise_source_clock_fit_v3,-9.115401220404905,15.029700272211604,8.010000000000002,2.435117424956697,-0.05,0.0
58.3,uav_01,1,passive_piecewise_source_clock_fit_v3,-8.885746811256514,15.020505958040388,8.010000000000002,2.464717367995806,-0.05,0.0
58.4,uav_01,1,passive_piecewise_source_clock_fit_v3,-8.630944567012275,15.019024619253614,8.010000000000002,2.5040089477202545,-0.05,0.0
58.5,uav_01,1,passive_piecewise_source_clock_fit_v3,-8.372403607365847,15.00942071405511,8.010000000000002,2.5347444891836846,-0.05,0.0
58.6,uav_01,1,passive_piecewise_source_clock_fit_v3,-8.10726587417282,15.007395798090837,8.010000000000002,2.5636533537647415,-0.05,0.0
58.7,uav_01,1,passive_piecewise_source_clock_fit_v3,-7.846252725215288,14.998335469676006,8.010000000000002,2.586215572110545,-0.05,0.0
58.8,uav_01,1,passive_piecewise_source_clock_fit_v3,-7.5717029290014635,14.995766976586859,8.010000000000002,2.6169511135739727,-0.05231703785799092,0.0
58.9,uav_01,1,passive_piecewise_source_clock_fit_v3,-7.302330513958736,14.987250225296904,8.010000000000002,2.6451244366916016,-0.06,0.0
59.0,uav_01,1,passive_piecewise_source_clock_fit_v3,-7.028253848849221,14.984138155193447,8.010000000000002,2.6656147976672213,-0.06,0.0
59.1,uav_01,1,passive_piecewise_source_clock_fit_v3,-6.754600212063526,14.972746942143488,8.010000000000002,2.68616682691196,-0.06308341345597991,0.0
59.2,uav_01,1,passive_piecewise_source_clock_fit_v3,-6.469272639358713,14.96507973693252,8.010000000000002,2.7067955196184617,-0.07,0.0
59.3,uav_01,1,passive_piecewise_source_clock_fit_v3,-6.189398140675446,14.960914697786162,8.010000000000002,2.72751456441359,-0.07,0.0
59.4,uav_01,1,passive_piecewise_source_clock_fit_v3,-5.8997530896383905,14.949201198883214,8.010000000000002,2.7443240308256325,-0.07,0.0
59.5,uav_01,1,passive_piecewise_source_clock_fit_v3,-5.604084671247151,14.937487700033513,8.010000000000002,2.759781558888939,-0.07,0.0
59.6,uav_01,1,passive_piecewise_source_clock_fit_v3,-5.3084162528259355,14.931824004189032,8.010000000000002,2.775457528063307,-0.07,0.0
59.7,uav_01,1,passive_piecewise_source_clock_fit_v3,-5.012747835105288,14.92514594626614,8.010000000000002,2.7860242766821446,-0.06397572331785548,0.0
59.8,uav_01,1,passive_piecewise_source_clock_fit_v3,-4.710719982618889,14.920738759809927,8.010000000000002,2.8031820506019627,-0.06,0.0
59.9,uav_01,1,passive_piecewise_source_clock_fit_v3,-4.411762372211741,14.912804192780662,8.010000000000002,2.8171577739198184,-0.06,0.0
60.0,uav_01,1,passive_piecewise_source_clock_fit_v3,-4.108640849409731,14.90965351582465,8.010000000000002,2.827724522538656,-0.06,0.0
60.1,uav_01,1,passive_piecewise_source_clock_fit_v3,-3.8027769692965667,14.900462439125224,8.010000000000002,2.8382912711574937,-0.051708728842506206,0.0
60.2,uav_01,1,passive_piecewise_source_clock_fit_v3,-3.505459861559532,14.898568271445544,8.010000000000002,2.8488580197763307,-0.05,0.0
60.3,uav_01,1,passive_piecewise_source_clock_fit_v3,-3.211087490949184,14.888518572209769,8.010000000000002,2.859065834628523,-0.05,0.0
60.4,uav_01,1,passive_piecewise_source_clock_fit_v3,-2.910699797401934,14.887483027066438,8.010000000000002,2.869138770493458,-0.04086122950654238,0.0
60.5,uav_01,1,passive_piecewise_source_clock_fit_v3,-2.6159027872233445,14.87717986725465,8.010000000000002,2.87,-0.04,0.0
60.6,uav_01,1,passive_piecewise_source_clock_fit_v3,-2.321687456112481,14.87639778308116,8.010000000000002,2.8794588053381287,-0.04,0.0
60.7,uav_01,1,passive_piecewise_source_clock_fit_v3,-2.0274721237788738,14.87639778308116,8.010000000000002,2.889623128907998,-0.04,0.0
60.8,uav_01,1,passive_piecewise_source_clock_fit_v3,-1.7238132431045532,14.87639778308116,8.010000000000002,2.89,-0.04,0.0
60.9,uav_01,1,passive_piecewise_source_clock_fit_v3,-1.4293928328755618,14.865365996131635,8.010000000000002,2.8999517760477342,-0.04,0.0
61.0,uav_01,1,passive_piecewise_source_clock_fit_v3,-1.1255288730221347,14.865312538702055,8.010000000000002,2.900116099617602,-0.030116099617601762,0.0
61.1,uav_01,1,passive_piecewise_source_clock_fit_v3,-0.8309582468189354,14.865312538702055,8.010000000000002,2.91,-0.03971674425508008,0.0
61.2,uav_01,1,passive_piecewise_source_clock_fit_v3,-0.5264555539230107,14.865312538702055,8.010000000000002,2.910479087629159,-0.03,0.0
61.3,uav_01,1,passive_piecewise_source_clock_fit_v3,-0.26770242965234475,14.865312538702055,8.010000000000002,2.919418290323784,-0.03,0.0
61.4,uav_01,1,passive_piecewise_source_clock_fit_v3,-0.0008854705787954553,14.865312538702055,8.010000000000002,2.92,-0.03,0.0
61.5,uav_01,1,passive_piecewise_source_clock_fit_v3,0.26649275856967314,14.865312538702055,8.010000000000002,2.92,-0.03,0.0
61.6,uav_01,1,passive_piecewise_source_clock_fit_v3,0.5338709877181391,14.865312538702055,8.010000000000002,2.9262358984076613,-0.03,0.0
61.7,uav_01,1,passive_piecewise_source_clock_fit_v3,0.796255954610202,14.859575812661513,8.010000000000002,2.93,-0.03,0.0
61.8,uav_01,1,passive_piecewise_source_clock_fit_v3,1.0589788179986022,14.85422729432295,8.010000000000002,2.93,-0.03,0.0
61.9,uav_01,1,passive_piecewise_source_clock_fit_v3,1.3263570463400327,14.85422729432295,8.010000000000002,2.93,-0.03,0.0
62.0,uav_01,1,passive_piecewise_source_clock_fit_v3,1.593735275488471,14.85422729432295,8.010000000000002,2.931992709186162,-0.03,0.0
62.1,uav_01,1,passive_piecewise_source_clock_fit_v3,1.8611135046369471,14.85422729432295,8.010000000000002,2.94,-0.029068088119211848,0.0
62.2,uav_01,1,passive_piecewise_source_clock_fit_v3,2.128491733785408,14.85422729432295,8.010000000000002,2.94,-0.020128885424585952,0.0
62.3,uav_01,1,passive_piecewise_source_clock_fit_v3,2.3958699629338165,14.85422729432295,8.010000000000002,2.94,-0.02,0.0
62.4,uav_01,1,passive_piecewise_source_clock_fit_v3,2.6598590730682448,14.85422729432295,8.010000000000002,2.9476362122285815,-0.027636212228581244,0.0
62.5,uav_01,1,passive_piecewise_source_clock_fit_v3,2.9233278959617457,14.861371415655741,8.010000000000002,2.9435552874718236,-0.03,0.0
62.6,uav_01,1,passive_piecewise_source_clock_fit_v3,3.1852410008431495,14.865312538702055,8.010000000000002,2.9452012008195765,-0.024798799180423704,0.0
62.7,uav_01,1,passive_piecewise_source_clock_fit_v3,3.4472744670603137,14.865312538702055,8.010000000000002,2.95,-0.02,0.0
62.8,uav_01,1,passive_piecewise_source_clock_fit_v3,3.71074328995382,14.865312538702055,8.010000000000002,2.95,-0.02,0.0
62.9,uav_01,1,passive_piecewise_source_clock_fit_v3,3.974212112847336,14.865312538702055,8.010000000000002,2.95,-0.02,0.0
63.0,uav_01,1,passive_piecewise_source_clock_fit_v3,4.237680935740813,14.865312538702055,8.010000000000002,2.95,-0.02,0.0
63.1,uav_01,1,passive_piecewise_source_clock_fit_v3,4.501149758634337,14.865312538702055,8.010000000000002,2.95,-0.02,0.0
63.2,uav_01,1,passive_piecewise_source_clock_fit_v3,4.7646185815278335,14.865312538702055,8.010000000000002,2.95,-0.02,0.0
63.3,uav_01,1,passive_piecewise_source_clock_fit_v3,5.034660739246257,14.872864599684869,8.010000000000002,2.95,-0.026812714924940577,0.0
63.4,uav_01,1,passive_piecewise_source_clock_fit_v3,5.301204854767124,14.87639778308116,8.010000000000002,2.9556212152245367,-0.03,0.0
63.5,uav_01,1,passive_piecewise_source_clock_fit_v3,5.587373927762593,14.87639778308116,8.010000000000002,2.96,-0.03,0.0
63.6,uav_01,1,passive_piecewise_source_clock_fit_v3,5.894335282174968,14.87639778308116,8.010000000000002,2.96,-0.03,0.0
63.7,uav_01,1,passive_piecewise_source_clock_fit_v3,6.199857525398045,14.87639778308116,8.010000000000002,2.96,-0.03,0.0
63.8,uav_01,1,passive_piecewise_source_clock_fit_v3,6.511053309710028,14.87639778308116,8.010000000000002,2.96,-0.03,0.0
63.9,uav_01,1,passive_piecewise_source_clock_fit_v3,6.820550639296462,14.87639778308116,8.010000000000002,2.96,-0.03,0.0
64.0,uav_01,1,passive_piecewise_source_clock_fit_v3,7.126072882519546,14.87639778308116,8.010000000000002,2.96,-0.03,0.0
64.1,uav_01,1,passive_piecewise_source_clock_fit_v3,7.431595125742606,14.87639778308116,8.010000000000002,2.953476454863398,-0.03,0.0
64.2,uav_01,1,passive_piecewise_source_clock_fit_v3,7.737117368965692,14.883867030456784,8.010000000000002,2.95,-0.0367380090014652,0.0
64.3,uav_01,1,passive_piecewise_source_clock_fit_v3,8.042639612188767,14.887483027066438,8.010000000000002,2.95,-0.04,0.0
64.4,uav_01,1,passive_piecewise_source_clock_fit_v3,8.355076966643887,14.887483027066438,8.010000000000002,2.95,-0.04,0.0
64.5,uav_01,1,passive_piecewise_source_clock_fit_v3,8.674681802331895,14.887483027066438,8.010000000000002,2.957760831975065,-0.04,0.0
64.6,uav_01,1,passive_piecewise_source_clock_fit_v3,8.995909022176894,14.887483027066438,8.010000000000002,2.96,-0.04,0.0
64.7,uav_01,1,passive_piecewise_source_clock_fit_v3,9.317136242329026,14.887483027066438,8.010000000000002,2.96,-0.04,0.0
64.8,uav_01,1,passive_piecewise_source_clock_fit_v3,9.635408100751018,14.887483027066438,8.010000000000002,2.950119398417208,-0.04,0.0
64.9,uav_01,1,passive_piecewise_source_clock_fit_v3,9.96624823676818,14.887483027066438,8.010000000000002,2.95,-0.04,0.0
65.0,uav_01,1,passive_piecewise_source_clock_fit_v3,10.28747545692024,14.887483027066438,8.010000000000002,2.95,-0.04,0.0
65.1,uav_01,1,passive_piecewise_source_clock_fit_v3,10.60870267707233,14.887483027066438,8.010000000000002,2.952097983222176,-0.04,0.0
65.2,uav_01,1,passive_piecewise_source_clock_fit_v3,10.929929897224428,14.887483027066438,8.010000000000002,2.96,-0.04,0.0
65.3,uav_01,1,passive_piecewise_source_clock_fit_v3,11.25460846387211,14.887483027066438,8.010000000000002,2.96,-0.04357703363787942,0.0
65.4,uav_01,1,passive_piecewise_source_clock_fit_v3,11.58015094112928,14.887483027066438,8.010000000000002,2.955746362480133,-0.05,0.0
65.5,uav_01,1,passive_piecewise_source_clock_fit_v3,11.898156998491087,14.887483027066438,8.010000000000002,2.95,-0.05,0.0
65.6,uav_01,1,passive_piecewise_source_clock_fit_v3,12.21623156926714,14.887483027066438,8.010000000000002,2.95,-0.05,0.0
65.7,uav_01,1,passive_piecewise_source_clock_fit_v3,12.532776345991888,14.887483027066438,8.010000000000002,2.956102571568228,-0.05,0.0
65.8,uav_01,1,passive_piecewise_source_clock_fit_v3,12.855771760441893,14.887483027066438,8.010000000000002,2.96,-0.05,0.0
65.9,uav_01,1,passive_piecewise_source_clock_fit_v3,13.175514526893604,14.887483027066438,8.010000000000002,2.96,-0.05,0.0
66.0,uav_01,1,passive_piecewise_source_clock_fit_v3,13.492059303618305,14.887483027066438,8.010000000000002,2.9521484943834113,-0.05,0.0
66.1,uav_01,1,passive_piecewise_source_clock_fit_v3,13.80860408034301,14.887483027066438,8.010000000000002,2.95,-0.05,0.0
66.2,uav_01,1,passive_piecewise_source_clock_fit_v3,14.125148857067797,14.887483027066438,8.010000000000002,2.9590174616488314,-0.05,0.0
66.3,uav_01,1,passive_piecewise_source_clock_fit_v3,14.450956740362967,14.887483027066438,8.010000000000002,2.9503995603350504,-0.05,0.0
66.4,uav_01,1,passive_piecewise_source_clock_fit_v3,14.744316031197028,14.887483027066438,8.010000000000002,2.95,-0.05,0.0
66.5,uav_01,1,passive_piecewise_source_clock_fit_v3,15.036364960426935,14.89763643050704,8.010000000000002,2.95,-0.05,0.0
66.6,uav_01,1,passive_piecewise_source_clock_fit_v3,15.328413889656913,14.898568271445544,8.010000000000002,2.95,-0.05,0.0
66.7,uav_01,1,passive_piecewise_source_clock_fit_v3,15.620462818886933,14.898568271445544,8.010000000000002,2.95,-0.05,0.0
66.8,uav_01,1,passive_piecewise_source_clock_fit_v3,15.918082620832047,14.898568271445544,8.010000000000002,2.95,-0.05,0.0
66.9,uav_01,1,passive_piecewise_source_clock_fit_v3,16.211218230110646,14.898568271445544,8.010000000000002,2.95,-0.05,0.0
67.0,uav_01,1,passive_piecewise_source_clock_fit_v3,16.503267159340613,14.898568271445544,8.010000000000002,2.95,-0.05,0.0
67.1,uav_01,1,passive_piecewise_source_clock_fit_v3,16.795316088570562,14.898568271445544,8.010000000000002,2.95,-0.05,0.0
67.2,uav_01,1,passive_piecewise_source_clock_fit_v3,17.087365017800547,14.898568271445544,8.010000000000002,2.95,-0.05,0.0
67.3,uav_01,1,passive_piecewise_source_clock_fit_v3,17.379413947030514,14.898568271445544,8.010000000000002,2.95,-0.05,0.0
67.4,uav_01,1,passive_piecewise_source_clock_fit_v3,17.636537515797695,14.898568271445544,8.010000000000002,2.95,-0.0557678529816379,0.0
67.5,uav_01,1,passive_piecewise_source_clock_fit_v3,17.883168868238737,14.898568271445544,8.010000000000002,2.95,-0.06,0.0
67.6,uav_01,1,passive_piecewise_source_clock_fit_v3,18.13255278133791,14.898568271445544,8.010000000000002,2.947971548780359,-0.057971548780358824,0.0
67.7,uav_01,1,passive_piecewise_source_clock_fit_v3,18.377817087705385,14.898568271445544,8.010000000000002,2.939771676429651,-0.05,0.0
67.8,uav_01,1,passive_piecewise_source_clock_fit_v3,18.620697044294353,14.898568271445544,8.010000000000002,2.931651519566748,-0.05,0.0
67.9,uav_01,1,passive_piecewise_source_clock_fit_v3,18.86357700088336,14.898568271445544,8.010000000000002,2.910594088111531,-0.05,0.0
68.0,uav_01,1,passive_piecewise_source_clock_fit_v3,19.102029400942744,14.898568271445544,8.010000000000002,2.8770560292047027,-0.045411205840940556,0.0
68.1,uav_01,1,passive_piecewise_source_clock_fit_v3,19.337074520317863,14.898568271445544,8.010000000000002,2.8283283918242996,-0.03729104897803745,0.0
68.2,uav_01,1,passive_piecewise_source_clock_fit_v3,19.57131966375486,14.899487357797584,8.010000000000002,2.762538029036199,-0.027512676345399584,0.0
68.3,uav_01,1,passive_piecewise_source_clock_fit_v3,19.798529946659002,14.908488750119778,8.010000000000002,2.689456617270071,-0.0031522057566902746,0.0
68.4,uav_01,1,passive_piecewise_source_clock_fit_v3,20.01891920608211,14.90965351582465,8.010000000000002,2.616375205503925,0.028277686442699925,0.0
68.5,uav_01,1,passive_piecewise_source_clock_fit_v3,20.233287418984453,14.9211590647411,8.010000000000002,2.5381042152642217,0.07113747084146693,0.0
68.6,uav_01,1,passive_piecewise_source_clock_fit_v3,20.455062738006415,14.93608629264086,8.010000000000002,2.4515498918556764,0.12307006488659425,0.0
68.7,uav_01,1,passive_piecewise_source_clock_fit_v3,20.688550122612234,14.953811877745473,8.013278420975245,2.353937369272316,0.182948946826708,0.0
68.8,uav_01,1,passive_piecewise_source_clock_fit_v3,20.916098787083737,14.982177243376427,8.02,2.250169857503413,0.24898281795237356,0.0
68.9,uav_01,1,passive_piecewise_source_clock_fit_v3,21.137437860118933,15.007847679202682,8.02,2.144257104437613,0.3150166890780591,0.0
69.0,uav_01,1,passive_piecewise_source_clock_fit_v3,21.337680684517977,15.049676341553361,8.02,2.031056182507894,0.3810505602037284,0.0
69.1,uav_01,1,passive_piecewise_source_clock_fit_v3,21.53577714215655,15.091460572148348,8.018997958793578,1.915971423110104,0.44801632965136917,0.0
69.2,uav_01,1,passive_piecewise_source_clock_fit_v3,21.715746381003807,15.133656184082499,8.010000000000002,1.7848179233105546,0.5224183024550745,0.0
69.3,uav_01,1,passive_piecewise_source_clock_fit_v3,21.8886833658191,15.196399177516017,8.010000000000002,1.643316770898406,0.5884521735807438,0.0
69.4,uav_01,1,passive_piecewise_source_clock_fit_v3,22.052731751924963,15.259142170949547,8.010000000000002,1.5018156184862375,0.66369833680734,0.0
69.5,uav_01,1,passive_piecewise_source_clock_fit_v3,22.191541041366193,15.321885164383065,8.010000000000002,1.3516687638123617,0.7305199158320919,0.0
69.6,uav_01,1,passive_piecewise_source_clock_fit_v3,22.320275005090828,15.393584051373601,8.010000000000002,1.2088133136619241,0.7965537869577688,0.0
69.7,uav_01,1,passive_piecewise_source_clock_fit_v3,22.45043879298861,15.482171596270756,8.010000000000002,1.0636799139718958,0.8764686205874881,0.0
69.8,uav_01,1,passive_piecewise_source_clock_fit_v3,22.564433426050403,15.584383826694907,8.010000000000002,0.9263593669688328,0.9511911100937054,0.0
69.9,uav_01,1,passive_piecewise_source_clock_fit_v3,22.66631185028655,15.688471040213733,8.010000000000002,0.7999048391313938,1.0242221771733537,0.0
70.0,uav_01,1,passive_piecewise_source_clock_fit_v3,22.75854878654072,15.8042843046033,8.010000000000002,0.683248818646024,1.1076372228028917,0.0
70.1,uav_01,1,passive_piecewise_source_clock_fit_v3,22.82960363215766,15.920125380319696,8.010000000000002,0.5787344568580332,1.181124927237304,0.0
70.2,uav_01,1,passive_piecewise_source_clock_fit_v3,22.899515122455988,16.04797896346573,8.010000000000002,0.48598462158769307,1.2645890038997794,0.0
70.3,uav_01,1,passive_piecewise_source_clock_fit_v3,22.95894239553445,16.187877794399597,8.010000000000002,0.4139601895783344,1.3480530805622208,0.0
70.4,uav_01,1,passive_piecewise_source_clock_fit_v3,23.0078854502386,16.338225991841547,8.010000000000002,0.3542414213876565,1.4329568018777727,0.0
70.5,uav_01,1,passive_piecewise_source_clock_fit_v3,23.048151141911063,16.49272595517822,8.010000000000002,0.3125093830564263,1.5249812338871476,0.0
70.6,uav_01,1,passive_piecewise_source_clock_fit_v3,23.086213111346353,16.66376096381779,8.010000000000002,0.273061318681536,1.603877362636928,0.0
70.7,uav_01,1,passive_piecewise_source_clock_fit_v3,23.116507077578778,16.83234245789637,8.010000000000002,0.23888552590294376,1.655557237048528,0.0
70.8,uav_01,1,passive_piecewise_source_clock_fit_v3,23.14680104275718,17.014370208388122,8.013244343275707,0.19053394034576532,1.6635113134485884,0.0
70.9,uav_01,1,passive_piecewise_source_clock_fit_v3,23.169935594583578,17.18839288103858,8.02,0.12031945578280395,1.627739591837103,0.0
71.0,uav_01,1,passive_piecewise_source_clock_fit_v3,23.180033583070603,17.357786585346282,8.02,0.03241786499268332,1.556593657771274,0.0
71.1,uav_01,1,passive_piecewise_source_clock_fit_v3,23.181219057326256,17.51949454556353,8.02,-0.0751467429310709,1.4686399428016967,0.0
71.2,uav_01,1,passive_piecewise_source_clock_fit_v3,23.171173214080472,17.675526323117193,8.02,-0.20509414965916611,1.3699275771852568,0.0
71.3,uav_01,1,passive_piecewise_source_clock_fit_v3,23.14523323867741,17.82027905498445,8.02,-0.33567560439498667,1.2597973626379289,0.0
71.4,uav_01,1,passive_piecewise_source_clock_fit_v3,23.104841284963808,17.952914008366516,8.02,-0.45532560962795077,1.1506130821564085,0.0
71.5,uav_01,1,passive_piecewise_source_clock_fit_v3,23.05826994807249,18.080530634999388,8.02,-0.5640441653580099,1.04595583464199,0.0
71.6,uav_01,1,passive_piecewise_source_clock_fit_v3,22.997182886267044,18.18898606349147,8.02,-0.6582862353677283,0.9452375162580795,0.0
71.7,uav_01,1,passive_piecewise_source_clock_fit_v3,22.93054967547322,18.287413214000114,8.02,-0.7470773781771612,0.8465806909142652,0.0
71.8,uav_01,1,passive_piecewise_source_clock_fit_v3,22.857926968880367,18.378959073550607,8.02,-0.829660907543632,0.760339092456368,0.0
71.9,uav_01,1,passive_piecewise_source_clock_fit_v3,22.775382113066627,18.46019350507718,8.02,-0.9090771392107982,0.6809228607892017,0.0
72.0,uav_01,1,passive_piecewise_source_clock_fit_v3,22.683548397589394,18.530353539221924,8.02,-0.9883118280937295,0.6077271504179866,0.0
72.1,uav_01,1,passive_piecewise_source_clock_fit_v3,22.588358096298755,18.595971639561014,8.02,-1.0672372883687693,0.5504766947695192,0.0
72.2,uav_01,1,passive_piecewise_source_clock_fit_v3,22.482032615664096,18.66158973990011,8.02,-1.1519330922242956,0.5011482820976136,0.0
72.3,uav_01,1,passive_piecewise_source_clock_fit_v3,22.36780425449651,18.720960167780138,8.02,-1.235088208918864,0.457455895540568,0.0
72.4,uav_01,1,passive_piecewise_source_clock_fit_v3,22.242959105153048,18.77564191810508,8.02,-1.3140136691939244,0.42349487405227837,0.0
72.5,uav_01,1,passive_piecewise_source_clock_fit_v3,22.109692684301375,18.824373784174654,8.02,-1.3983065206525829,0.39389782644913907,0.0
72.6,uav_01,1,passive_piecewise_source_clock_fit_v3,21.975769368353824,18.86677350747644,8.02,-1.4794367192784181,0.36521123027059316,0.0
72.7,uav_01,1,passive_piecewise_source_clock_fit_v3,21.837189793532843,18.90798196253917,8.02,-1.558008150534282,0.33733061648857265,0.0
72.8,uav_01,1,passive_piecewise_source_clock_fit_v3,21.69032486934231,18.94919041780158,8.02,-1.634616660351369,0.30945000270655615,0.0
72.9,uav_01,1,passive_piecewise_source_clock_fit_v3,21.53517459439172,18.987283693596105,8.02,-1.7024816295345715,0.2787591852327142,0.0
73.0,uav_01,1,passive_piecewise_source_clock_fit_v3,21.373768791171944,19.015857985955517,8.02,-1.7747261913341201,0.24158503352335994,0.0
73.1,uav_01,1,passive_piecewise_source_clock_fit_v3,21.20966662259666,19.038011131927604,8.02,-1.8397809568254861,0.20301360226751,0.0
73.2,uav_01,1,passive_piecewise_source_clock_fit_v3,21.030458829801088,19.068136521138396,8.02,-1.9047878438780939,0.15658011151564727,0.0
73.3,uav_01,1,passive_piecewise_source_clock_fit_v3,20.852894690649492,19.088536746697017,8.02,-1.969198502780438,0.11057249801397283,0.0
73.4,uav_01,1,passive_piecewise_source_clock_fit_v3,20.673577004129417,19.09896451659442,8.02,-2.015889466642582,0.07328842668593427,0.0
73.5,uav_01,1,passive_piecewise_source_clock_fit_v3,20.486063455056026,19.109266630469147,8.02,-2.070828587535138,0.027642843720718575,0.0
73.6,uav_01,1,passive_piecewise_source_clock_fit_v3,20.29026455438337,19.119568744376252,8.02,-2.1188248459159764,0.0044700616336093395,0.0
73.7,uav_01,1,passive_piecewise_source_clock_fit_v3,20.093243964898864,19.12204633065616,8.02,-2.1637010364183515,-0.026960829134681254,0.0
73.8,uav_01,1,passive_piecewise_source_clock_fit_v3,19.896303539497826,19.12204633065616,8.02,-2.208073288969758,-0.05122931558790313,0.0
73.9,uav_01,1,passive_piecewise_source_clock_fit_v3,19.699363114265317,19.117070044396492,8.02,-2.2479564332169364,-0.06897821660846816,0.0
74.0,uav_01,1,passive_piecewise_source_clock_fit_v3,19.499177316581434,19.110961086277058,8.02,-2.2834542352580613,-0.08336355881451533,0.0
74.1,uav_01,1,passive_piecewise_source_clock_fit_v3,19.293150779942895,19.110961086277058,8.02,-2.321303077397963,-0.09226061547959262,0.0
74.2,uav_01,1,passive_piecewise_source_clock_fit_v3,19.084685683305068,19.109617044919887,8.02,-2.363637379505239,-0.1,0.0
74.3,uav_01,1,passive_piecewise_source_clock_fit_v3,18.87062000288867,19.099779499659633,8.02,-2.390347641381448,-0.1,0.0
74.4,uav_01,1,passive_piecewise_source_clock_fit_v3,18.656554323677206,19.08994195474546,8.02,-2.425845443422574,-0.1,0.0
74.5,uav_01,1,passive_piecewise_source_clock_fit_v3,18.434928160925704,19.088790597912674,8.02,-2.453507434097777,-0.1,0.0
74.6,uav_01,1,passive_piecewise_source_clock_fit_v3,18.212299853815683,19.081352108638118,8.02,-2.4868410475048286,-0.1,0.0
74.7,uav_01,1,passive_piecewise_source_clock_fit_v3,17.989671546705637,19.071514563374443,8.02,-2.516754137159469,-0.09441528761351038,0.0
74.8,uav_01,1,passive_piecewise_source_clock_fit_v3,17.743345452103675,19.066620109154464,8.02,-2.545611002249163,-0.09,0.0
74.9,uav_01,1,passive_piecewise_source_clock_fit_v3,17.47355474093506,19.060456933516114,8.02,-2.576679404566654,-0.09,0.0
75.0,uav_01,1,passive_piecewise_source_clock_fit_v3,17.203764028955316,19.04897690595239,8.02,-2.6018318712560937,-0.09,0.0
75.1,uav_01,1,passive_piecewise_source_clock_fit_v3,16.92792163080507,19.0374968782138,8.02,-2.6288162092016276,-0.09627206973387581,0.0
75.2,uav_01,1,passive_piecewise_source_clock_fit_v3,16.64813867074434,19.033364376410976,8.02,-2.6532564076794123,-0.1,0.0
75.3,uav_01,1,passive_piecewise_source_clock_fit_v3,16.36835571017249,19.02562206739079,8.02,-2.67396867589107,-0.1,0.0
75.4,uav_01,1,passive_piecewise_source_clock_fit_v3,16.088572749600605,19.01414203977096,8.02,-2.6873404720513654,-0.1,0.0
75.5,uav_01,1,passive_piecewise_source_clock_fit_v3,15.80349588682451,19.002746486052313,8.02,-2.7052408042716705,-0.1,0.0
75.6,uav_01,1,passive_piecewise_source_clock_fit_v3,15.52205981794625,18.991292837050768,8.02,-2.725905480526047,-0.1,0.0
75.7,uav_01,1,passive_piecewise_source_clock_fit_v3,15.234259934321788,18.979812809392808,8.02,-2.738308874368854,-0.1,0.0
75.8,uav_01,1,passive_piecewise_source_clock_fit_v3,14.939559213678589,18.968137647633736,8.02,-2.75768207778593,-0.1,0.0
75.9,uav_01,1,passive_piecewise_source_clock_fit_v3,14.643897195814905,18.956424402480497,8.02,-2.769407558784773,-0.09059244121522718,0.0
76.0,uav_01,1,passive_piecewise_source_clock_fit_v3,14.338611561177224,18.94471115698009,8.010025921323424,-2.7799740786765774,-0.09,0.0
76.1,uav_01,1,passive_piecewise_source_clock_fit_v3,14.04240292946033,18.93299791147765,8.010000000000002,-2.7910811971367684,-0.08945940143161588,0.0
76.2,uav_01,1,passive_piecewise_source_clock_fit_v3,13.737300974251593,18.92127226968131,8.010000000000002,-2.8111183014749415,-0.07888169852505851,0.0
76.3,uav_01,1,passive_piecewise_source_clock_fit_v3,13.437442449025232,18.909460568358924,8.010000000000002,-2.8217736383519982,-0.07,0.0
76.4,uav_01,1,passive_piecewise_source_clock_fit_v3,13.131585189609316,18.89774732283519,8.010000000000002,-2.8323401582438055,-0.07,0.0
76.5,uav_01,1,passive_piecewise_source_clock_fit_v3,12.825727929065447,18.88925620105792,8.010000000000002,-2.84,-0.06709332186438836,0.0
76.6,uav_01,1,passive_piecewise_source_clock_fit_v3,12.519870668997825,18.885406076303607,8.010000000000002,-2.8434731980274175,-0.05652680197258248,0.0
76.7,uav_01,1,passive_piecewise_source_clock_fit_v3,12.22011103713795,18.873926348499534,8.010000000000002,-2.853829061794169,-0.05,0.0
76.8,uav_01,1,passive_piecewise_source_clock_fit_v3,11.926493595148782,18.862823904760276,8.010000000000002,-2.86,-0.04615542266141574,0.0
76.9,uav_01,1,passive_piecewise_source_clock_fit_v3,11.630646505126869,18.85600046831443,8.010000000000002,-2.8638600928830007,-0.04,0.0
77.0,uav_01,1,passive_piecewise_source_clock_fit_v3,11.336999123238016,18.8517042618135,8.010000000000002,-2.873875608427416,-0.03612439157258415,0.0
77.1,uav_01,1,passive_piecewise_source_clock_fit_v3,11.041181973428422,18.840601818315438,8.010000000000002,-2.88,-0.03,0.0
77.2,uav_01,1,passive_piecewise_source_clock_fit_v3,10.747504649956099,18.833829979950046,8.010000000000002,-2.88,-0.03,0.0
77.3,uav_01,1,passive_piecewise_source_clock_fit_v3,10.451717441425865,18.82948217521603,8.010000000000002,-2.8839221550606617,-0.03,0.0
77.4,uav_01,1,passive_piecewise_source_clock_fit_v3,10.158010178045357,18.822744735570943,8.010000000000002,-2.8939376706050783,-0.02606232939492184,0.0
77.5,uav_01,1,passive_piecewise_source_clock_fit_v3,9.859609347978312,18.81840592042378,8.010000000000002,-2.9,-0.02,0.0
77.6,uav_01,1,passive_piecewise_source_clock_fit_v3,9.565590918136497,18.811659491585665,8.010000000000002,-2.903868701693909,-0.02,0.0
77.7,uav_01,1,passive_piecewise_source_clock_fit_v3,9.283798958532007,18.80779342440564,8.010000000000002,-2.91,-0.016512420432235046,0.0
77.8,uav_01,1,passive_piecewise_source_clock_fit_v3,9.014818221727008,18.797824709073442,8.010000000000002,-2.91,-0.01,0.0
77.9,uav_01,1,passive_piecewise_source_clock_fit_v3,8.745837484029021,18.789489002827455,8.010000000000002,-2.91,-0.008526862349291314,0.0
78.0,uav_01,1,passive_piecewise_source_clock_fit_v3,8.476856746331071,18.789489002827455,8.010000000000002,-2.9104659166921802,0.0,0.0
78.1,uav_01,1,passive_piecewise_source_clock_fit_v3,8.207876008633122,18.789489002827455,8.010000000000002,-2.9194586957336512,0.0,0.0
78.2,uav_01,1,passive_piecewise_source_clock_fit_v3,7.938895270935102,18.780120336835687,8.010000000000002,-2.92,0.0,0.0
78.3,uav_01,1,passive_piecewise_source_clock_fit_v3,7.669914533237176,18.778403758842177,8.010000000000002,-2.92,0.0,0.0
78.4,uav_01,1,passive_piecewise_source_clock_fit_v3,7.398988982806821,18.771196073760564,8.010000000000002,-2.92,0.0,0.0
78.5,uav_01,1,passive_piecewise_source_clock_fit_v3,7.128961983152771,18.767318514463074,8.010000000000002,-2.92,0.005529811899539409,0.0
78.6,uav_01,1,passive_piecewise_source_clock_fit_v3,6.859981245454804,18.767318514463074,8.010000000000002,-2.9245225909410113,0.01,0.0
78.7,uav_01,1,passive_piecewise_source_clock_fit_v3,6.591000507756816,18.763421640929195,8.010000000000002,-2.93,0.01,0.0
78.8,uav_01,1,passive_piecewise_source_clock_fit_v3,6.31223077592118,18.756233270083968,8.010000000000002,-2.93,0.01,0.0
78.9,uav_01,1,passive_piecewise_source_clock_fit_v3,6.008152338494152,18.756233270083968,8.010000000000002,-2.93,0.01,0.0
79.0,uav_01,1,passive_piecewise_source_clock_fit_v3,5.704073901067183,18.75272167619413,8.010000000000002,-2.93,0.01316780929179318,0.0
79.1,uav_01,1,passive_piecewise_source_clock_fit_v3,5.399995463640185,18.74514802609869,8.010000000000002,-2.93,0.02,0.0
79.2,uav_01,1,passive_piecewise_source_clock_fit_v3,5.095917026213143,18.74514802609869,8.010000000000002,-2.93,0.02,0.0
79.3,uav_01,1,passive_piecewise_source_clock_fit_v3,4.791838588786144,18.74514802609869,8.010000000000002,-2.93,0.02,0.0
79.4,uav_01,1,passive_piecewise_source_clock_fit_v3,4.487760151359118,18.74514802609869,8.010000000000002,-2.93,0.02,0.0
79.5,uav_01,1,passive_piecewise_source_clock_fit_v3,4.183681713932145,18.74071528488336,8.010000000000002,-2.93,0.02,0.0
79.6,uav_01,1,passive_piecewise_source_clock_fit_v3,3.879603276505147,18.734062781719583,8.010000000000002,-2.934164969663796,0.02,0.0
79.7,uav_01,1,passive_piecewise_source_clock_fit_v3,3.5768074957313525,18.734062781719583,8.010000000000002,-2.94,0.024288280256564914,0.0
79.8,uav_01,1,passive_piecewise_source_clock_fit_v3,3.274532053419541,18.734062781719583,8.010000000000002,-2.94,0.03,0.0
79.9,uav_01,1,passive_piecewise_source_clock_fit_v3,2.9662791711612346,18.734062781719583,8.010000000000002,-2.94,0.03,0.0
80.0,uav_01,1,passive_piecewise_source_clock_fit_v3,2.657163850861658,18.734062781719583,8.010000000000002,-2.94,0.03,0.0
80.1,uav_01,1,passive_piecewise_source_clock_fit_v3,2.3533040636101283,18.728663331644853,8.010000000000002,-2.94,0.03,0.0
80.2,uav_01,1,passive_piecewise_source_clock_fit_v3,2.049444276358554,18.72297753734048,8.010000000000002,-2.94,0.03,0.0
80.3,uav_01,1,passive_piecewise_source_clock_fit_v3,1.7405781916174865,18.72297753734048,8.010000000000002,-2.94,0.03518861103747925,0.0
80.4,uav_01,1,passive_piecewise_source_clock_fit_v3,1.4320760744031589,18.72297753734048,8.010000000000002,-2.94,0.04,0.0
80.5,uav_01,1,passive_piecewise_source_clock_fit_v3,1.1265526521189595,18.72297753734048,8.010000000000002,-2.94,0.04,0.0
80.6,uav_01,1,passive_piecewise_source_clock_fit_v3,0.821365425211688,18.72297753734048,8.010000000000002,-2.94,0.04,0.0
80.7,uav_01,1,passive_piecewise_source_clock_fit_v3,0.5175056379600922,18.72297753734048,8.010000000000002,-2.94,0.04,0.0
80.8,uav_01,1,passive_piecewise_source_clock_fit_v3,0.22850504747809014,18.72297753734048,8.010000000000002,-2.94,0.04,0.0
80.9,uav_01,1,passive_piecewise_source_clock_fit_v3,-0.05528208724991143,18.72297753734048,8.010000000000002,-2.94,0.04,0.0
81.0,uav_01,1,passive_piecewise_source_clock_fit_v3,-0.3392323270241302,18.72297753734048,8.010000000000002,-2.94,0.04424471215058572,0.0
81.1,uav_01,1,passive_piecewise_source_clock_fit_v3,-0.6182767005490432,18.72297753734048,8.013573946709728,-2.94,0.05,0.0
81.2,uav_01,1,passive_piecewise_source_clock_fit_v3,-0.8973210740740643,18.72297753734048,8.02,-2.94,0.05,0.0
81.3,uav_01,1,passive_piecewise_source_clock_fit_v3,-1.176365447599037,18.72297753734048,8.02,-2.94,0.05,0.0
81.4,uav_01,1,passive_piecewise_source_clock_fit_v3,-1.4569165994036701,18.72297753734048,8.02,-2.94,0.05,0.0
81.5,uav_01,1,passive_piecewise_source_clock_fit_v3,-1.7441028221012698,18.721989969641218,8.02,-2.94,0.05,0.0
81.6,uav_01,1,passive_piecewise_source_clock_fit_v3,-2.023147195626179,18.711892293355202,8.02,-2.94,0.05,0.0
81.7,uav_01,1,passive_piecewise_source_clock_fit_v3,-2.3021915691512,18.711892293355202,8.02,-2.94,0.05,0.0
81.8,uav_01,1,passive_piecewise_source_clock_fit_v3,-2.578606584091827,18.711892293355202,8.02,-2.94,0.04120931819431757,0.0
81.9,uav_01,1,passive_piecewise_source_clock_fit_v3,-2.884066105971803,18.711892293355202,8.02,-2.94,0.04,0.0
82.0,uav_01,1,passive_piecewise_source_clock_fit_v3,-3.2029545765480085,18.711892293355202,8.02,-2.94,0.04,0.0
82.1,uav_01,1,passive_piecewise_source_clock_fit_v3,-3.513424866095591,18.711892293355202,8.02,-2.9302783067393063,0.04972169326069385,0.0
82.2,uav_01,1,passive_piecewise_source_clock_fit_v3,-3.8232799323740223,18.711892293355202,8.010000000000002,-2.939918984469194,0.05,0.0
82.3,uav_01,1,passive_piecewise_source_clock_fit_v3,-4.133134998690701,18.711892293355202,8.010000000000002,-2.93,0.05,0.0
82.4,uav_01,1,passive_piecewise_source_clock_fit_v3,-4.442990065007425,18.711892293355202,8.010000000000002,-2.93,0.05,0.0
82.5,uav_01,1,passive_piecewise_source_clock_fit_v3,-4.754324847805674,18.711892293355202,8.010000000000002,-2.93,0.05,0.0
82.6,uav_01,1,passive_piecewise_source_clock_fit_v3,-5.07533990115256,18.711892293355202,8.010000000000002,-2.931618304611264,0.05,0.0
82.7,uav_01,1,passive_piecewise_source_clock_fit_v3,-5.3851949674692845,18.711892293355202,8.010000000000002,-2.94,0.05,0.0
82.8,uav_01,1,passive_piecewise_source_clock_fit_v3,-5.689077869384729,18.711892293355202,8.010000000000002,-2.94,0.05,0.0
82.9,uav_01,1,passive_piecewise_source_clock_fit_v3,-5.972459284719647,18.711892293355202,8.010000000000002,-2.94,0.05,0.0
83.0,uav_01,1,passive_piecewise_source_clock_fit_v3,-6.256888299972101,18.711892293355202,8.010000000000002,-2.938914248992256,0.05,0.0
83.1,uav_01,1,passive_piecewise_source_clock_fit_v3,-6.548870743504459,18.711892293355202,8.010000000000002,-2.93,0.05,0.0
83.2,uav_01,1,passive_piecewise_source_clock_fit_v3,-6.8322521590603085,18.711892293355202,8.010000000000002,-2.93,0.05,0.0
83.3,uav_01,1,passive_piecewise_source_clock_fit_v3,-7.115633574616157,18.711892293355202,8.010000000000002,-2.93,0.05,0.0
83.4,uav_01,1,passive_piecewise_source_clock_fit_v3,-7.399014990172044,18.711892293355202,8.010000000000002,-2.93,0.05898268706886362,0.0
83.5,uav_01,1,passive_piecewise_source_clock_fit_v3,-7.682396405727859,18.711892293355202,8.010000000000002,-2.921543078915857,0.0515430789158573,0.0
83.6,uav_01,1,passive_piecewise_source_clock_fit_v3,-7.965777821283638,18.711892293355202,8.010000000000002,-2.9120688449005794,0.05,0.0
83.7,uav_01,1,passive_piecewise_source_clock_fit_v3,-8.24915923683948,18.711892293355202,8.010000000000002,-2.895189221770599,0.05,0.0
83.8,uav_01,1,passive_piecewise_source_clock_fit_v3,-8.532540651452015,18.711892293355202,8.010000000000002,-2.8693611306100584,0.05,0.0
83.9,uav_01,1,passive_piecewise_source_clock_fit_v3,-8.815152914855796,18.711892293355202,8.010000000000002,-2.8403827590640636,0.05,0.0
84.0,uav_01,1,passive_piecewise_source_clock_fit_v3,-9.099208000097018,18.711892293355202,8.016352395527164,-2.8109428134185066,0.05,0.0
84.1,uav_01,1,passive_piecewise_source_clock_fit_v3,-9.384264878291132,18.711892293355202,8.02,-2.7689984003038477,0.05620031993923047,0.0
84.2,uav_01,1,passive_piecewise_source_clock_fit_v3,-9.663486030336506,18.711892293355202,8.02,-2.7258070225948154,0.06,0.0
84.3,uav_01,1,passive_piecewise_source_clock_fit_v3,-9.939041012647435,18.711892293355202,8.02,-2.6746229874198337,0.06,0.0
84.4,uav_01,1,passive_piecewise_source_clock_fit_v3,-10.209053733448354,18.711892293355202,8.02,-2.615535440947429,0.06,0.0
84.5,uav_01,1,passive_piecewise_source_clock_fit_v3,-10.469711290168725,18.711892293355202,8.02,-2.550855876887539,0.06,0.0
84.6,uav_01,1,passive_piecewise_source_clock_fit_v3,-10.726262481109261,18.711892293355202,8.02,-2.476480464003517,0.0654399419995604,0.0
84.7,uav_01,1,passive_piecewise_source_clock_fit_v3,-10.979051542317052,18.717813231671812,8.02,-2.3919284871670317,0.07,0.0
84.8,uav_01,1,passive_piecewise_source_clock_fit_v3,-11.22221772384812,18.72297753734048,8.02,-2.3028778825867775,0.07,0.0
84.9,uav_01,1,passive_piecewise_source_clock_fit_v3,-11.449768256631355,18.72297753734048,8.02,-2.2113616829317335,0.07,0.0
85.0,uav_01,1,passive_piecewise_source_clock_fit_v3,-11.663814998174162,18.72297753734048,8.02,-2.11285610644068,0.07,0.0
85.1,uav_01,1,passive_piecewise_source_clock_fit_v3,-11.86575103344668,18.72297753734048,8.02,-2.0092143616564666,0.07,0.0
85.2,uav_01,1,passive_piecewise_source_clock_fit_v3,-12.056660246596872,18.72297753734048,8.02,-1.899313092667195,0.07,0.0
85.3,uav_01,1,passive_piecewise_source_clock_fit_v3,-12.242645304657525,18.725806202271503,8.02,-1.776827394285841,0.07,0.0
85.4,uav_01,1,passive_piecewise_source_clock_fit_v3,-12.413468323831696,18.734062781719583,8.02,-1.6543416959044572,0.07,0.0
85.5,uav_01,1,passive_piecewise_source_clock_fit_v3,-12.575758141468077,18.734062781719583,8.02,-1.5290646125266465,0.07,0.0
85.6,uav_01,1,passive_piecewise_source_clock_fit_v3,-12.728725817903024,18.734062781719583,8.02,-1.3877349605481675,0.07,0.0
85.7,uav_01,1,passive_piecewise_source_clock_fit_v3,-12.864627090432563,18.734062781719583,8.02,-1.2464053085696853,0.07,0.0
85.8,uav_01,1,passive_piecewise_source_clock_fit_v3,-12.982808984083299,18.734062781719583,8.02,-1.1050756565912048,0.07,0.0
85.9,uav_01,1,passive_piecewise_source_clock_fit_v3,-13.092226450798233,18.734062781719583,8.02,-0.9637460046126858,0.07,0.0
86.0,uav_01,1,passive_piecewise_source_clock_fit_v3,-13.189454592443283,18.744014235380376,8.02,-0.8243190979950883,0.07,0.0
86.1,uav_01,1,passive_piecewise_source_clock_fit_v3,-13.276029406240804,18.74514802609869,8.02,-0.659833968874145,0.061166704051420294,-0.008833295948579702
86.2,uav_01,1,passive_piecewise_source_clock_fit_v3,-13.34536704284655,18.74514802609869,8.02,-0.4646789893986565,0.06,-0.01
86.3,uav_01,1,passive_piecewise_source_clock_fit_v3,-13.395723239218343,18.74514802609869,8.02,-0.2483696126545433,0.06,-0.01
86.4,uav_01,1,passive_piecewise_source_clock_fit_v3,-13.418645896788696,18.74514802609869,8.011345106225932,-0.03824723074455236,0.06,-0.01
86.5,uav_01,1,passive_piecewise_source_clock_fit_v3,-13.4295387429839,18.74514802609869,8.010000000000002,0.1619863079213879,0.06,-0.01
86.6,uav_01,1,passive_piecewise_source_clock_fit_v3,-13.414403143289118,18.754618967037825,8.010000000000002,0.3608747403614174,0.06,-0.0014562629819291299
86.7,uav_01,1,passive_piecewise_source_clock_fit_v3,-13.378833320775174,18.756233270083968,8.010000000000002,0.5173223796010914,0.05151184135992724,0.0
86.8,uav_01,1,passive_piecewise_source_clock_fit_v3,-13.332317027723521,18.756233270083968,8.010000000000002,0.6327583828827902,0.041567419737928164,0.0
86.9,uav_01,1,passive_piecewise_source_clock_fit_v3,-13.28393380024201,18.756233270083968,8.010000000000002,0.7092313264530522,0.031538381935278255,0.0
87.0,uav_01,1,passive_piecewise_source_clock_fit_v3,-13.218738101505156,18.756233270083968,8.018554000925555,0.7713240055533337,0.021445999074444395,0.0
87.1,uav_01,1,passive_piecewise_source_clock_fit_v3,-13.150515713299907,18.746639017646448,8.02,0.814619905345379,0.011345023663655257,0.0
87.2,uav_01,1,passive_piecewise_source_clock_fit_v3,-13.073845033454841,18.74514802609869,8.02,0.8725357104828044,0.0012440482528659376,0.0
87.3,uav_01,1,passive_piecewise_source_clock_fit_v3,-12.98733087011898,18.74514802609869,8.02,0.9331415629475381,-0.008856927157923026,0.0
87.4,uav_01,1,passive_piecewise_source_clock_fit_v3,-12.899616370800073,18.73521797218885,8.02,1.011663220549709,-0.027915805137427203,0.0
87.5,uav_01,1,passive_piecewise_source_clock_fit_v3,-12.8031612976052,18.724020794099257,8.02,1.092471023836022,-0.04811775595900549,0.0
87.6,uav_01,1,passive_piecewise_source_clock_fit_v3,-12.688024739589963,18.712823616370404,8.02,1.182438680512627,-0.06831970678058377,0.0
87.7,uav_01,1,passive_piecewise_source_clock_fit_v3,-12.5710720742931,18.701626438313898,8.02,1.2733474592097302,-0.08852165760216227,0.0
87.8,uav_01,1,passive_piecewise_source_clock_fit_v3,-12.445086552884101,18.690429260224306,8.02,1.3548944336949615,-0.09936180421187017,-0.009361804211870167
87.9,uav_01,1,passive_piecewise_source_clock_fit_v3,-12.309257547901213,18.679232082507383,8.02,1.4451650166039467,-0.1,-0.01
88.0,uav_01,1,passive_piecewise_source_clock_fit_v3,-12.177978290643903,18.65963808659081,8.02,1.5185541008251084,-0.09143073739686146,-0.01
88.1,uav_01,1,passive_piecewise_source_clock_fit_v3,-12.039637054072408,18.64801924627545,8.02,1.5985789417927487,-0.07476023515716695,-0.01
88.2,uav_01,1,passive_piecewise_source_clock_fit_v3,-11.894562539706117,18.638059625149573,8.013395542336935,1.672835661304521,-0.05679108467386976,-0.01
88.3,uav_01,1,passive_piecewise_source_clock_fit_v3,-11.746665189746528,18.62806443231938,8.010000000000002,1.7449689764637726,-0.05,-0.004378877942028424
88.4,uav_01,1,passive_piecewise_source_clock_fit_v3,-11.593703290741814,18.618031599256568,8.010000000000002,1.8173739350099933,-0.05,0.0
88.5,uav_01,1,passive_piecewise_source_clock_fit_v3,-11.432924807511643,18.607998766219612,8.010000000000002,1.88605653186169,-0.05744472338905429,0.0
88.6,uav_01,1,passive_piecewise_source_clock_fit_v3,-11.264329739235421,18.597965932972816,8.010000000000002,1.9466378890768308,-0.08109192605122051,0.0
88.7,uav_01,1,passive_piecewise_source_clock_fit_v3,-11.089677611380168,18.58591159315732,8.011823601331086,1.999118006655422,-0.11729440532433759,0.0
88.8,uav_01,1,passive_piecewise_source_clock_fit_v3,-10.91418197923577,18.565845927020163,8.02,2.043496884597449,-0.1543711057468108,0.0
88.9,uav_01,1,passive_piecewise_source_clock_fit_v3,-10.73079724574674,18.545780260883006,8.02,2.0796993638705565,-0.1996242048381955,0.0
89.0,uav_01,1,passive_piecewise_source_clock_fit_v3,-10.53875242206277,18.515765077123152,8.02,2.124877303929585,-0.24487730392958534,0.0
89.1,uav_01,1,passive_piecewise_source_clock_fit_v3,-10.329940574702144,18.491889653946203,8.02,2.157696605841162,-0.29616100973527026,0.0
89.2,uav_01,1,passive_piecewise_source_clock_fit_v3,-10.102529427405713,18.447857396934193,8.02,2.1886394308322092,-0.33818590777627894,0.0
89.3,uav_01,1,passive_piecewise_source_clock_fit_v3,-9.883313894316112,18.402156938700095,8.02,2.2195592218816547,-0.3794122958422062,0.0
89.4,uav_01,1,passive_piecewise_source_clock_fit_v3,-9.654733259388715,18.356456480454405,8.02,2.2503193419540755,-0.41031934195407527,0.0
89.5,uav_01,1,passive_piecewise_source_clock_fit_v3,-9.426010862306834,18.310756022589974,8.02,2.2713988039805626,-0.43093253598704184,0.0
89.6,uav_01,1,passive_piecewise_source_clock_fit_v3,-9.196542755220419,18.26419882461764,8.02,2.302318595030017,-0.45077286501000563,0.0
89.7,uav_01,1,passive_piecewise_source_clock_fit_v3,-8.957875905297946,18.208269862100746,8.02,2.332158924052983,-0.46,0.0
89.8,uav_01,1,passive_piecewise_source_clock_fit_v3,-8.719209055375565,18.16103292358185,8.02,2.354158177128921,-0.46,0.0
89.9,uav_01,1,passive_piecewise_source_clock_fit_v3,-8.478909024448743,18.10390735100464,8.02,2.3833853121189192,-0.46,0.0
90.0,uav_01,1,passive_piecewise_source_clock_fit_v3,-8.231104896774701,18.04914637623296,8.02,2.405897370876825,-0.46,0.0
90.1,uav_01,1,passive_piecewise_source_clock_fit_v3,-7.986654762497398,18.001883068628537,8.02,2.4341997583407102,-0.46,0.0
90.2,uav_01,1,passive_piecewise_source_clock_fit_v3,-7.742204627913785,17.945713643540213,8.02,2.45446793609687,-0.46,0.0
90.3,uav_01,1,passive_piecewise_source_clock_fit_v3,-7.496057821559369,17.88967417127719,8.02,2.4746892216366585,-0.46,0.0
90.4,uav_01,1,passive_piecewise_source_clock_fit_v3,-7.246067886471157,17.836591892508636,8.02,2.494804291609185,-0.46,0.0
90.5,uav_01,1,passive_piecewise_source_clock_fit_v3,-6.999170633487628,17.788844874371712,8.02,2.5150724693653457,-0.46,0.0
90.6,uav_01,1,passive_piecewise_source_clock_fit_v3,-6.744942493005513,17.732675448989443,8.02,2.532670323560753,-0.4653406471215055,0.0
90.7,uav_01,1,passive_piecewise_source_clock_fit_v3,-6.488008479438897,17.67650602390111,8.02,2.5428044124388336,-0.4884132373165003,-0.0028044124388334414
90.8,uav_01,1,passive_piecewise_source_clock_fit_v3,-6.226837584589017,17.61707919829216,8.02,2.552938501316912,-0.5217540052676498,-0.01
90.9,uav_01,1,passive_piecewise_source_clock_fit_v3,-5.972609444106932,17.549675888026528,8.02,2.563072590194991,-0.5622903607799645,-0.01
91.0,uav_01,1,passive_piecewise_source_clock_fit_v3,-5.7233698832715065,17.484336139469924,8.017103577465997,2.57,-0.6015856901360148,-0.007103577465996302
91.1,uav_01,1,passive_piecewise_source_clock_fit_v3,-5.486365689822088,17.423316590648724,8.010000000000002,2.5720707127671885,-0.6341414255343774,0.0
91.2,uav_01,1,passive_piecewise_source_clock_fit_v3,-5.25348798206093,17.36046231947329,8.010000000000002,2.58,-0.6513035887450317,0.0
91.3,uav_01,1,passive_piecewise_source_clock_fit_v3,-5.015025282448383,17.289940312394602,8.010000000000002,2.5804571718505422,-0.66,0.0
91.4,uav_01,1,passive_piecewise_source_clock_fit_v3,-4.776562581643334,17.229058489714145,8.010000000000002,2.5896107549560563,-0.66,0.0
91.5,uav_01,1,passive_piecewise_source_clock_fit_v3,-4.546556266523947,17.158461184110344,8.010000000000002,2.598764338061569,-0.6424713238768618,0.0
91.6,uav_01,1,passive_piecewise_source_clock_fit_v3,-4.309285810227873,17.09620959997415,8.010000000000002,2.615835842334164,-0.6241641576658362,0.0
91.7,uav_01,1,passive_piecewise_source_clock_fit_v3,-4.07082311039241,17.035327777293688,8.010000000000002,2.634143008545194,-0.5987854871822093,0.0
91.8,uav_01,1,passive_piecewise_source_clock_fit_v3,-3.826354055092048,16.974445954613245,8.010000000000002,2.652450174756217,-0.5650996504875663,0.0
91.9,uav_01,1,passive_piecewise_source_clock_fit_v3,-3.5842490824691713,16.919526519607356,8.010000000000002,2.6707573409672434,-0.5338639885491354,0.0
92.0,uav_01,1,passive_piecewise_source_clock_fit_v3,-3.341413379657733,16.86879166731532,8.010000000000002,2.6845322535891345,-0.506403239232597,0.0
92.1,uav_01,1,passive_piecewise_source_clock_fit_v3,-3.0833373183002664,16.81584490612996,8.010000000000002,2.698169818675866,-0.4777452719862012,0.0
92.2,uav_01,1,passive_piecewise_source_clock_fit_v3,-2.809267598342293,16.759616893787943,8.01422956852958,2.714229568529579,-0.4515408629408425,0.0
92.3,uav_01,1,passive_piecewise_source_clock_fit_v3,-2.5351978775733492,16.703388881273675,8.02,2.724374227721222,-0.43562577227877836,0.0
92.4,uav_01,1,passive_piecewise_source_clock_fit_v3,-2.2611281568043538,16.652170165285174,8.02,2.73,-0.42548111308713354,0.0
92.5,uav_01,1,passive_piecewise_source_clock_fit_v3,-1.9838507420858371,16.60227402406787,8.02,2.734617372380704,-0.42,0.0
92.6,uav_01,1,passive_piecewise_source_clock_fit_v3,-1.7060417043108598,16.551563510851935,8.02,2.7447082052961553,-0.42,0.0
92.7,uav_01,1,passive_piecewise_source_clock_fit_v3,-1.4272896361154923,16.501201582068415,8.02,2.7548528644878014,-0.42485286448780163,0.0
92.8,uav_01,1,passive_piecewise_source_clock_fit_v3,-1.1482536360461575,16.450513446651403,8.02,2.7649975236794457,-0.43,0.0
92.9,uav_01,1,passive_piecewise_source_clock_fit_v3,-0.8692224145957196,16.399830801358288,8.014857817128911,2.77,-0.43514218287109013,0.0
93.0,uav_01,1,passive_piecewise_source_clock_fit_v3,-0.5853644901097175,16.349463382242675,8.010000000000002,2.7752868420627337,-0.44,0.0
93.1,uav_01,1,passive_piecewise_source_clock_fit_v3,-0.3053480108778051,16.299220953359406,8.010000000000002,2.785294213725848,-0.44529421372584815,0.0
93.2,uav_01,1,passive_piecewise_source_clock_fit_v3,-0.033665284063921275,16.25015904722193,8.010000000000002,2.79,-0.45,0.0
93.3,uav_01,1,passive_piecewise_source_clock_fit_v3,0.24474464036699753,16.20040874143554,8.010000000000002,2.7951219150759465,-0.45,0.0
93.4,uav_01,1,passive_piecewise_source_clock_fit_v3,0.5274993458304902,16.1509395389888,8.010000000000002,2.8,-0.45,0.0
93.5,uav_01,1,passive_piecewise_source_clock_fit_v3,0.8041824302343195,16.101610044095583,8.010000000000002,2.804947178124528,-0.45,0.0
93.6,uav_01,1,passive_piecewise_source_clock_fit_v3,1.0808655146381299,16.052163440526897,8.010000000000002,2.8148354192241976,-0.4451645807758023,0.0
93.7,uav_01,1,passive_piecewise_source_clock_fit_v3,1.3575485990419782,16.008318013474607,8.010000000000002,2.82,-0.44,0.0
93.8,uav_01,1,passive_piecewise_source_clock_fit_v3,1.6386815359463633,15.959360181010867,8.010000000000002,2.8246119014235376,-0.4353880985764622,0.0
93.9,uav_01,1,passive_piecewise_source_clock_fit_v3,1.9205633966730005,15.909541915003903,8.010000000000002,2.83,-0.43,0.0
94.0,uav_01,1,passive_piecewise_source_clock_fit_v3,2.2014806689462856,15.865696487982188,8.010000000000002,2.834388383622877,-0.43,0.0
94.1,uav_01,1,passive_piecewise_source_clock_fit_v3,2.476133371579627,15.823030827022864,8.010000000000002,2.84,-0.42598944209770595,0.0
94.2,uav_01,1,passive_piecewise_source_clock_fit_v3,2.738771070330713,15.781913208446236,8.010000000000002,2.8432836099129126,-0.42,0.0
94.3,uav_01,1,passive_piecewise_source_clock_fit_v3,3.007187759447767,15.740795590004806,8.010000000000002,2.85,-0.4225566619235299,0.0
94.4,uav_01,1,passive_piecewise_source_clock_fit_v3,3.273839025504435,15.699677971298872,8.010000000000002,2.8518297139341464,-0.43,0.0
94.5,uav_01,1,passive_piecewise_source_clock_fit_v3,3.535109946902097,15.658608766219624,8.010000000000002,2.86,-0.43,0.0
94.6,uav_01,1,passive_piecewise_source_clock_fit_v3,3.8092771105063865,15.617886144052047,8.010000000000002,2.86,-0.4302758179553804,0.0
94.7,uav_01,1,passive_piecewise_source_clock_fit_v3,4.068746575932434,15.576768525346097,8.010000000000002,2.86,-0.4395488699659999,0.0
94.8,uav_01,1,passive_piecewise_source_clock_fit_v3,4.336727985214948,15.535650906640159,8.010000000000002,2.86,-0.44,0.0
94.9,uav_01,1,passive_piecewise_source_clock_fit_v3,4.605144674170502,15.494533287934216,8.010000000000002,2.8680949739872355,-0.44809497398723525,0.0
95.0,uav_01,1,passive_piecewise_source_clock_fit_v3,4.873561362277254,15.453415669518455,8.010000000000002,2.87,-0.45,0.0
95.1,uav_01,1,passive_piecewise_source_clock_fit_v3,5.1419780510334085,15.41229805091617,8.010000000000002,2.87,-0.4566410780084679,0.0
95.2,uav_01,1,passive_piecewise_source_clock_fit_v3,5.416174887040668,15.36351767927783,8.010000000000002,2.87,-0.46,0.0
95.3,uav_01,1,passive_piecewise_source_clock_fit_v3,5.693654550287608,15.316703814303214,8.010000000000002,2.87,-0.46,0.0
95.4,uav_01,1,passive_piecewise_source_clock_fit_v3,5.97783168746278,15.273961117323898,8.010000000000002,2.87,-0.46,0.0
95.5,uav_01,1,passive_piecewise_source_clock_fit_v3,6.261157093031617,15.231248529710049,8.010000000000002,2.874972276021257,-0.46,0.0
95.6,uav_01,1,passive_piecewise_source_clock_fit_v3,6.538636756122053,15.188742592399173,8.010000000000002,2.88,-0.46,0.0
95.7,uav_01,1,passive_piecewise_source_clock_fit_v3,6.816116419333603,15.14623665489029,8.010000000000002,2.88,-0.4641445813095974,0.0
95.8,uav_01,1,passive_piecewise_source_clock_fit_v3,7.097195728514872,15.103730717528336,8.010000000000002,2.88,-0.47,0.0
95.9,uav_01,1,passive_piecewise_source_clock_fit_v3,7.380724373542617,15.061224780266354,8.010000000000002,2.88,-0.4733168865979367,0.0
96.0,uav_01,1,passive_piecewise_source_clock_fit_v3,7.658204036924333,15.01871884275748,8.010000000000002,2.88,-0.48,0.0
96.1,uav_01,1,passive_piecewise_source_clock_fit_v3,7.935683699731027,14.973453575310048,8.010000000000002,2.88,-0.48,0.0
96.2,uav_01,1,passive_piecewise_source_clock_fit_v3,8.221390467010089,14.921698950299513,8.010000000000002,2.88,-0.48,0.0
96.3,uav_01,1,passive_piecewise_source_clock_fit_v3,8.53414025817083,14.874930661728559,8.010000000000002,2.88,-0.4828308725391103,0.0
96.4,uav_01,1,passive_piecewise_source_clock_fit_v3,8.84270422818342,14.828162373328455,8.010000000000002,2.8833782920407462,-0.49,0.0
96.5,uav_01,1,passive_piecewise_source_clock_fit_v3,9.154397650365983,14.781394084646022,8.010000000000002,2.8860742884576203,-0.49392571154237963,0.0
96.6,uav_01,1,passive_piecewise_source_clock_fit_v3,9.464017990727832,14.734625796139747,8.010000000000002,2.88,-0.5,0.0
96.7,uav_01,1,passive_piecewise_source_clock_fit_v3,9.773216188660562,14.68256761969998,8.010000000000002,2.88,-0.5049708421244079,0.0
96.8,uav_01,1,passive_piecewise_source_clock_fit_v3,10.082340677212747,14.630447384384643,8.010000000000002,2.88,-0.51,0.0
96.9,uav_01,1,passive_piecewise_source_clock_fit_v3,10.392017846937376,14.583679095939099,8.010000000000002,2.8860153895489242,-0.51,0.0
97.0,uav_01,1,passive_piecewise_source_clock_fit_v3,10.703654439757202,14.53691080741359,8.010000000000002,2.89,-0.51,0.0
97.1,uav_01,1,passive_piecewise_source_clock_fit_v3,11.012275239140562,14.482260656901941,8.010000000000002,2.89,-0.5171102285521922,0.0
97.2,uav_01,1,passive_piecewise_source_clock_fit_v3,11.307265132534964,14.434913365032493,8.010000000000002,2.89,-0.52,0.0
97.3,uav_01,1,passive_piecewise_source_clock_fit_v3,11.591803514281372,14.391759818856292,8.010000000000002,2.89,-0.52,0.0
97.4,uav_01,1,passive_piecewise_source_clock_fit_v3,11.87981152224602,14.341367393159235,8.010000000000002,2.89,-0.52,0.0
97.5,uav_01,1,passive_piecewise_source_clock_fit_v3,12.172801081569881,14.294086996782159,8.010000000000002,2.89,-0.5263256552888849,0.0
97.6,uav_01,1,passive_piecewise_source_clock_fit_v3,12.45911715755097,14.250770526811205,8.010000000000002,2.89,-0.53,0.0
97.7,uav_01,1,passive_piecewise_source_clock_fit_v3,12.746446493855979,14.201157821784687,8.010000000000002,2.89,-0.5358268079468683,0.0
97.8,uav_01,1,passive_piecewise_source_clock_fit_v3,13.03754400243762,14.153378190452424,8.010000000000002,2.89,-0.54,0.0
97.9,uav_01,1,passive_piecewise_source_clock_fit_v3,13.323536212706852,14.104359200925474,8.010000000000002,2.88470878284226,-0.5452912171577398,0.0
98.0,uav_01,1,passive_piecewise_source_clock_fit_v3,13.610090392148596,14.055985854093654,8.010000000000002,2.885023421763174,-0.55,0.0
98.1,uav_01,1,passive_piecewise_source_clock_fit_v3,13.901187900730239,14.012832308113445,8.010000000000002,2.88524437363139,-0.55,0.0
98.2,uav_01,1,passive_piecewise_source_clock_fit_v3,14.1817404248679,13.965893923720516,8.010000000000002,2.8842731253905356,-0.55,0.0
98.3,uav_01,1,passive_piecewise_source_clock_fit_v3,14.453385677221124,13.918456537480242,8.010000000000002,2.89,-0.55,0.0
98.4,uav_01,1,passive_piecewise_source_clock_fit_v3,14.73055657831685,13.874256653121753,8.010000000000002,2.89,-0.55,0.0
98.5,uav_01,1,passive_piecewise_source_clock_fit_v3,15.007727479412488,13.825193281166039,8.010000000000002,2.89,-0.55,0.0
98.6,uav_01,1,passive_piecewise_source_clock_fit_v3,15.28489838050821,13.782619382691296,8.010000000000002,2.89,-0.5513395219156001,0.0
98.7,uav_01,1,passive_piecewise_source_clock_fit_v3,15.561484457986749,13.731258125113454,8.010000000000002,2.89,-0.56,0.0
98.8,uav_01,1,passive_piecewise_source_clock_fit_v3,15.829714362805724,13.679896867876701,8.010000000000002,2.89,-0.56,0.0
98.9,uav_01,1,passive_piecewise_source_clock_fit_v3,16.112786763326085,13.639068003088678,8.010000000000002,2.89,-0.56,0.0
99.0,uav_01,1,passive_piecewise_source_clock_fit_v3,16.38257683779552,13.588813859599535,8.010000000000002,2.89,-0.56,0.0
99.1,uav_01,1,passive_piecewise_source_clock_fit_v3,16.65811318247489,13.54584692284956,8.010000000000002,2.89,-0.56,0.0
99.2,uav_01,1,passive_piecewise_source_clock_fit_v3,16.935284083570625,13.497176589111307,8.010000000000002,2.883160883296801,-0.56,0.0
99.3,uav_01,1,passive_piecewise_source_clock_fit_v3,17.22479065501395,13.442325214566573,8.010000000000002,2.88,-0.56673540287396,0.0
99.4,uav_01,1,passive_piecewise_source_clock_fit_v3,17.52739651024627,13.393379783079094,8.010000000000002,2.88,-0.57,0.0
99.5,uav_01,1,passive_piecewise_source_clock_fit_v3,17.83315225362365,13.340094094350981,8.010000000000002,2.88,-0.57,0.0
99.6,uav_01,1,passive_piecewise_source_clock_fit_v3,18.138907997000974,13.291641447250036,8.010000000000002,2.88,-0.57,0.0
99.7,uav_01,1,passive_piecewise_source_clock_fit_v3,18.43953642533797,13.237436109116564,8.010000000000002,2.88,-0.57,0.0
99.8,uav_01,1,passive_piecewise_source_clock_fit_v3,18.7437619296208,13.180650529510924,8.010000000000002,2.88,-0.5779467550173467,0.0
99.9,uav_01,1,passive_piecewise_source_clock_fit_v3,19.049517672998224,13.12399234732962,8.010000000000002,2.88,-0.58,0.0
100.0,uav_01,1,passive_piecewise_source_clock_fit_v3,19.355273416375546,13.076636121441574,8.010000000000002,2.88,-0.58,0.0
100.1,uav_01,1,passive_piecewise_source_clock_fit_v3,19.66102915975289,13.021761227114053,8.010000000000002,2.88,-0.58,0.0
100.2,uav_01,1,passive_piecewise_source_clock_fit_v3,19.958259533444654,12.965103044665632,8.010000000000002,2.88,-0.58,0.0
100.3,uav_01,1,passive_piecewise_source_clock_fit_v3,20.25804788738533,12.90934250614577,8.010000000000002,2.88,-0.58,0.0
100.4,uav_01,1,passive_piecewise_source_clock_fit_v3,20.558336923089147,12.863602728557625,8.010000000000002,2.88,-0.58,0.0
100.5,uav_01,1,passive_piecewise_source_clock_fit_v3,20.849966159607778,12.809137406540241,8.010000000000002,2.88,-0.58,0.0
100.6,uav_01,1,passive_piecewise_source_clock_fit_v3,21.149266365673142,12.753492234744835,8.010000000000002,2.88,-0.58,0.0
100.7,uav_01,1,passive_piecewise_source_clock_fit_v3,21.44955540137696,12.697847062592842,8.010000000000002,2.88,-0.58,0.0
100.8,uav_01,1,passive_piecewise_source_clock_fit_v3,21.749844437080732,12.652282445871881,8.010000000000002,2.88,-0.5890936697171063,0.0
100.9,uav_01,1,passive_piecewise_source_clock_fit_v3,22.050133472784513,12.597641962984186,8.010000000000002,2.88,-0.59,0.0
101.0,uav_01,1,passive_piecewise_source_clock_fit_v3,22.33894331010284,12.542500164186498,8.010000000000002,2.88,-0.59,0.0
101.1,uav_01,1,passive_piecewise_source_clock_fit_v3,22.638071840680073,12.48690588157033,8.010000000000002,2.88,-0.59,0.0
101.2,uav_01,1,passive_piecewise_source_clock_fit_v3,22.938360876383886,12.431260709414495,8.010000000000002,2.88,-0.59,0.0
101.3,uav_01,1,passive_piecewise_source_clock_fit_v3,23.213744137709057,12.380230711398955,8.010000000000002,2.88,-0.5816414846024975,0.0
101.4,uav_01,1,passive_piecewise_source_clock_fit_v3,23.486828673172887,12.337927860068527,8.010000000000002,2.8725115041136093,-0.58,0.0
101.5,uav_01,1,passive_piecewise_source_clock_fit_v3,23.753527287351982,12.290107891926713,8.010000000000002,2.87,-0.58,0.0
101.6,uav_01,1,passive_piecewise_source_clock_fit_v3,24.023349116648117,12.239503860197964,8.010000000000002,2.87,-0.58,0.0
101.7,uav_01,1,passive_piecewise_source_clock_fit_v3,24.296433652111915,12.188899828277076,8.010000000000002,2.87,-0.5848784373530488,0.0
101.8,uav_01,1,passive_piecewise_source_clock_fit_v3,24.570729245873462,12.13807138073692,8.010000000000002,2.87,-0.5859510930889537,0.0
101.9,uav_01,1,passive_piecewise_source_clock_fit_v3,24.842469187380342,12.087137502279234,8.010000000000002,2.87,-0.5832383983308241,0.0
102.0,uav_01,1,passive_piecewise_source_clock_fit_v3,25.109029704368343,12.039158876084068,8.010000000000002,2.87,-0.59,0.0
102.1,uav_01,1,passive_piecewise_source_clock_fit_v3,25.382114239832045,11.997014682875541,8.010000000000002,2.87,-0.59,0.0
102.2,uav_01,1,passive_piecewise_source_clock_fit_v3,25.655198775295872,11.946410650811957,8.010000000000002,2.87,-0.5893716602025176,0.0
102.3,uav_01,1,passive_piecewise_source_clock_fit_v3,25.928283310759664,11.895806619083197,8.010000000000002,2.87,-0.5802416797136307,0.0
102.4,uav_01,1,passive_piecewise_source_clock_fit_v3,26.23202476705289,11.8377337524292,8.010000000000002,2.87,-0.59,0.0
102.5,uav_01,1,passive_piecewise_source_clock_fit_v3,26.546510790970867,11.780289169082831,8.010000000000002,2.87,-0.59,0.0
102.6,uav_01,1,passive_piecewise_source_clock_fit_v3,26.8609968148888,11.732267096387645,8.010000000000002,2.87,-0.59,0.0
102.7,uav_01,1,passive_piecewise_source_clock_fit_v3,27.17376704985269,11.673991146050422,8.010000000000002,2.87,-0.59,0.0
102.8,uav_01,1,passive_piecewise_source_clock_fit_v3,27.480320235272536,11.615715196057247,8.010000000000002,2.87,-0.59,0.0
102.9,uav_01,1,passive_piecewise_source_clock_fit_v3,27.794806259190594,11.55743924595353,8.010000000000002,2.87,-0.59,0.0
103.0,uav_01,1,passive_piecewise_source_clock_fit_v3,28.109292283108537,11.502844391634211,8.010000000000002,2.87,-0.59,0.0
103.1,uav_01,1,passive_piecewise_source_clock_fit_v3,28.418979142809746,11.452183037521491,8.010000000000002,2.87,-0.59,0.0
103.2,uav_01,1,passive_piecewise_source_clock_fit_v3,28.725624627432612,11.394250901887078,8.010000000000002,2.87,-0.59,0.0
103.3,uav_01,1,passive_piecewise_source_clock_fit_v3,29.02566416456913,11.338651963348195,8.010000000000002,2.87,-0.5857198250445464,0.0
103.4,uav_01,1,passive_piecewise_source_clock_fit_v3,29.30826117867341,11.286285217990702,8.010000000000002,2.8662718157656326,-0.58,0.0
103.5,uav_01,1,passive_piecewise_source_clock_fit_v3,29.587793601985048,11.2374393608624,8.010000000000002,2.86317619351328,-0.58,0.0
103.6,uav_01,1,passive_piecewise_source_clock_fit_v3,29.8638065794296,11.192636971711542,8.010000000000002,2.867375797207808,-0.5826242027921916,0.0
103.7,uav_01,1,passive_piecewise_source_clock_fit_v3,30.146403593533808,11.140270226579325,8.010000000000002,2.86,-0.5879277879288969,0.0
103.8,uav_01,1,passive_piecewise_source_clock_fit_v3,30.427533802484486,11.087903481387231,8.010000000000002,2.86,-0.5815202213500159,0.0
103.9,uav_01,1,passive_piecewise_source_clock_fit_v3,30.702241523234736,11.036566677283451,8.010000000000002,2.86,-0.59,0.0
104.0,uav_01,1,passive_piecewise_source_clock_fit_v3,30.987537081711604,10.99370097293652,8.010000000000002,2.86,-0.59,0.0
104.1,uav_01,1,passive_piecewise_source_clock_fit_v3,31.270134095815788,10.94133422743222,8.010000000000002,2.86,-0.59,0.0
104.2,uav_01,1,passive_piecewise_source_clock_fit_v3,31.54364957237808,10.888967482298588,8.010000000000002,2.86,-0.59,0.0
104.3,uav_01,1,passive_piecewise_source_clock_fit_v3,31.825679495357157,10.83660073716636,8.010000000000002,2.8688602677445787,-0.59,0.0
104.4,uav_01,1,passive_piecewise_source_clock_fit_v3,32.115198972746036,10.782951222027213,8.010000000000002,2.861460285645049,-0.59,0.0
104.5,uav_01,1,passive_piecewise_source_clock_fit_v3,32.39770708086658,10.738272071334327,8.010000000000002,2.86,-0.59,0.0
104.6,uav_01,1,passive_piecewise_source_clock_fit_v3,32.686488552141775,10.68638549487403,8.010000000000002,2.86,-0.59,0.0
104.7,uav_01,1,passive_piecewise_source_clock_fit_v3,32.97695765556584,10.632560009213154,8.010000000000002,2.86,-0.59,0.0
104.8,uav_01,1,passive_piecewise_source_clock_fit_v3,33.26030173347124,10.578734523632546,8.010000000000002,2.86,-0.5826155045975709,0.0
104.9,uav_01,1,passive_piecewise_source_clock_fit_v3,33.54824723359053,10.524909037772478,8.010000000000002,2.86,-0.58,0.0
105.0,uav_01,1,passive_piecewise_source_clock_fit_v3,33.83871633701455,10.478629151204645,8.010000000000002,2.86,-0.58,0.0
105.1,uav_01,1,passive_piecewise_source_clock_fit_v3,34.122896386729835,10.428343310482166,8.010000000000002,2.8534819188119616,-0.58,0.0
105.2,uav_01,1,passive_piecewise_source_clock_fit_v3,34.41000591641031,10.374517824901552,8.010000000000002,2.8437707235500915,-0.58,0.0
105.3,uav_01,1,passive_piecewise_source_clock_fit_v3,34.69304078209596,10.321018337008697,8.010000000000002,2.8341183448398235,-0.58,0.0
105.4,uav_01,1,passive_piecewise_source_clock_fit_v3,34.97549678341177,10.273184809611642,8.010000000000002,2.813080820556494,-0.58,0.0
105.5,uav_01,1,passive_piecewise_source_clock_fit_v3,35.261054657651655,10.22333902373873,8.010000000000002,2.788990082172921,-0.5744950410864605,0.0
105.6,uav_01,1,passive_piecewise_source_clock_fit_v3,35.54661253203001,10.16865976815399,8.010000000000002,2.7585192346163594,-0.57,0.0
105.7,uav_01,1,passive_piecewise_source_clock_fit_v3,35.8271189409477,10.11978410774114,8.010000000000002,2.7190583048868797,-0.5647645762217199,0.0
105.8,uav_01,1,passive_piecewise_source_clock_fit_v3,36.10315821934267,10.070386501323862,8.015100656210649,2.679597375157405,-0.5548993437893512,0.0
105.9,uav_01,1,passive_piecewise_source_clock_fit_v3,36.37919749773773,10.021212054637301,8.02,2.635170556784895,-0.55,0.0
106.0,uav_01,1,passive_piecewise_source_clock_fit_v3,36.650575407389425,9.972113234493706,8.02,2.5810132735476494,-0.5451688789246083,0.0
106.1,uav_01,1,passive_piecewise_source_clock_fit_v3,36.913800572482806,9.922429657186552,8.02,2.521537251468114,-0.535256208578019,0.0
106.2,uav_01,1,passive_piecewise_source_clock_fit_v3,37.167674178859414,9.878453187386546,8.02,2.4527073124789447,-0.525338414059868,0.0
106.3,uav_01,1,passive_piecewise_source_clock_fit_v3,37.415157670160774,9.834709783037505,8.02,2.3737854530199787,-0.5154731816274973,0.0
106.4,uav_01,1,passive_piecewise_source_clock_fit_v3,37.65670772684014,9.7864873204783,8.02,2.2911042283734457,-0.501356495194099,0.0
106.5,uav_01,1,passive_piecewise_source_clock_fit_v3,37.88697628409012,9.741615926925045,8.02,2.2037382472453464,-0.48597091636059403,0.0
106.6,uav_01,1,passive_piecewise_source_clock_fit_v3,38.108160984261076,9.705191578399779,8.02,2.108899436365539,-0.4725271702482798,0.0
106.7,uav_01,1,passive_piecewise_source_clock_fit_v3,38.32026182688087,9.662148323172067,8.02,2.0021187927645268,-0.4531125077753685,0.0
106.8,uav_01,1,passive_piecewise_source_clock_fit_v3,38.520238454421694,9.622598114191213,8.02,1.8921870718147389,-0.4336978453024565,0.0
106.9,uav_01,1,passive_piecewise_source_clock_fit_v3,38.70756331132165,9.590315672866002,8.02,1.775699096977255,-0.41428318282954246,0.0
107.0,uav_01,1,passive_piecewise_source_clock_fit_v3,38.8899369933949,9.55518904624714,8.02,1.654079642496427,-0.3923027805349487,0.0
107.1,uav_01,1,passive_piecewise_source_clock_fit_v3,39.056336162223865,9.517185300653537,8.02,1.518177005186052,-0.3654538578837217,0.0
107.2,uav_01,1,passive_piecewise_source_clock_fit_v3,39.21174065805548,9.493468348890383,8.02,1.3822743678756821,-0.34603919541081174,0.0
107.3,uav_01,1,passive_piecewise_source_clock_fit_v3,39.35038014566663,9.461241478669386,8.02,1.2449346505289758,-0.32498693010579516,0.0
107.4,uav_01,1,passive_piecewise_source_clock_fit_v3,39.47880060294523,9.430495995144758,8.02,1.0993856963008783,-0.29587713926017567,0.0
107.5,uav_01,1,passive_piecewise_source_clock_fit_v3,39.59645440870599,9.407657839288037,8.02,0.948219301543976,-0.26497368497168683,0.0
107.6,uav_01,1,passive_piecewise_source_clock_fit_v3,39.70197130840793,9.384819683169454,8.02,0.8143043329605242,-0.2340702306831979,0.0
0.0,uav_02,1,passive_piecewise_source_clock_fit_v3,38.613809356544344,-8.557808560636976,7.960000000000001,0.015409093824005501,-0.03,0.0454090938240055
0.1,uav_02,1,passive_piecewise_source_clock_fit_v3,38.60980588915796,-8.56240811723243,7.964149260438608,0.014149260438608239,-0.03,0.04414926043860824
0.2,uav_02,1,passive_piecewise_source_clock_fit_v3,38.604160727720924,-8.568893805016081,7.969999999999999,0.015322240460462688,-0.03,0.04532224046046269
0.3,uav_02,1,passive_piecewise_source_clock_fit_v3,38.604160727720924,-8.568893805016081,7.969999999999999,0.01,-0.03,0.04
0.4,uav_02,1,passive_piecewise_source_clock_fit_v3,38.604160727720924,-8.568893805016081,7.969999999999999,0.004265242258604831,-0.03,0.04
0.5,uav_02,1,passive_piecewise_source_clock_fit_v3,38.604160727720924,-8.568893805016081,7.976263256842324,-0.012526513684647815,-0.036263256842323906,0.033736743157676094
0.6,uav_02,1,passive_piecewise_source_clock_fit_v3,38.59760761543661,-8.568893805016081,7.98,-0.04716702377301059,-0.04679175594325265,0.03
0.7,uav_02,1,passive_piecewise_source_clock_fit_v3,38.58744905889097,-8.577008486336004,7.98,-0.0966012752209095,-0.057320255044181895,0.03
0.8,uav_02,1,passive_piecewise_source_clock_fit_v3,38.56971753079808,-8.579979049001361,7.98,-0.16494127901577585,-0.07569750829022168,0.03
0.9,uav_02,1,passive_piecewise_source_clock_fit_v3,38.54940041626318,-8.58926543894716,7.98,-0.24701802596831668,-0.09675450649207917,0.03
1.0,uav_02,1,passive_piecewise_source_clock_fit_v3,38.51223795326159,-8.591064293380466,7.98,-0.3217230360680987,-0.12645272974347088,0.03
1.1,uav_02,1,passive_piecewise_source_clock_fit_v3,38.47369116585729,-8.600825085074973,7.98,-0.40044168886637077,-0.14761042221659268,0.03
1.2,uav_02,1,passive_piecewise_source_clock_fit_v3,38.43535997608269,-8.61183469671248,7.988736983115365,-0.47115888180756943,-0.16747396623073413,0.03
1.3,uav_02,1,passive_piecewise_source_clock_fit_v3,38.38030046722537,-8.622844308644332,7.989999999999998,-0.5406812858570647,-0.19600626536731341,0.03
1.4,uav_02,1,passive_piecewise_source_clock_fit_v3,38.32280368349698,-8.643387814789188,7.989999999999998,-0.618804217036073,-0.22580158138852738,0.03
1.5,uav_02,1,passive_piecewise_source_clock_fit_v3,38.2570744012132,-8.665407038697259,7.989999999999998,-0.6982583930926397,-0.2555968974097399,0.021467700863420036
1.6,uav_02,1,passive_piecewise_source_clock_fit_v3,38.18999481950185,-8.687426262327108,7.989999999999998,-0.769248498005555,-0.2938562845746028,0.011535928856349296
1.7,uav_02,1,passive_piecewise_source_clock_fit_v3,38.1067135640975,-8.718752483208592,7.989999999999998,-0.8387709020550499,-0.34197921575360707,0.01
1.8,uav_02,1,passive_piecewise_source_clock_fit_v3,38.01973793346759,-8.752061057089586,7.989999999999998,-0.9004703948957126,-0.4004703948957125,0.01
1.9,uav_02,1,passive_piecewise_source_clock_fit_v3,37.925289173187444,-8.794409296601517,7.989999999999998,-0.9601563229891802,-0.44343754865945345,0.01
2.0,uav_02,1,passive_piecewise_source_clock_fit_v3,37.82946119947821,-8.838447744136747,7.989999999999998,-1.0197469550316047,-0.4831646366877364,0.018291159171934107
2.1,uav_02,1,passive_piecewise_source_clock_fit_v3,37.73189311752588,-8.87989851115236,7.989999999999998,-1.0834754117202519,-0.5129180335943936,0.02
2.2,uav_02,1,passive_piecewise_source_clock_fit_v3,37.62733842448889,-8.920811522007538,7.989999999999998,-1.1411975142336261,-0.5337325047445421,0.026866252372271037
2.3,uav_02,1,passive_piecewise_source_clock_fit_v3,37.51462695848656,-8.968478949716019,7.989999999999998,-1.208745281704618,-0.5460931602130773,0.02390683978692274
2.4,uav_02,1,passive_piecewise_source_clock_fit_v3,37.39889185644507,-9.019620213338184,7.989999999999998,-1.2878806124849498,-0.5553200680538833,0.025320068053883316
2.5,uav_02,1,passive_piecewise_source_clock_fit_v3,37.27876954667157,-9.065721043037286,7.994546975894688,-1.3709227830522042,-0.56,0.03
2.6,uav_02,1,passive_piecewise_source_clock_fit_v3,37.14684918411153,-9.110817496117306,8.0,-1.4539649536194583,-0.56,0.03
2.7,uav_02,1,passive_piecewise_source_clock_fit_v3,37.004405981599184,-9.161958759775155,8.0,-1.534006332610413,-0.56,0.026999208423698386
2.8,uav_02,1,passive_piecewise_source_clock_fit_v3,36.85981335515448,-9.213100023187804,8.0,-1.610049294753973,-0.56,0.02
2.9,uav_02,1,passive_piecewise_source_clock_fit_v3,36.707063955183635,-9.264241286657736,8.0,-1.6901822508053992,-0.5585453927420859,0.02
3.0,uav_02,1,passive_piecewise_source_clock_fit_v3,36.54615778437885,-9.315382550406923,8.0,-1.7547706056910415,-0.55,0.02
3.1,uav_02,1,passive_piecewise_source_clock_fit_v3,36.37700648130219,-9.366523813819569,8.0,-1.8193589605766838,-0.55,0.02
3.2,uav_02,1,passive_piecewise_source_clock_fit_v3,36.185263879940464,-9.42400628388736,8.0,-1.8820955856458672,-0.55,0.02
3.3,uav_02,1,passive_piecewise_source_clock_fit_v3,35.98072885352021,-9.471805112862958,8.0,-1.9454196627581273,-0.5490967228736455,0.019096722873645427
3.4,uav_02,1,passive_piecewise_source_clock_fit_v3,35.766882190410946,-9.530302017911616,8.0,-2.0087437398703885,-0.538542710021602,0.01
3.5,uav_02,1,passive_piecewise_source_clock_fit_v3,35.55109489613122,-9.586569344899738,8.0,-2.0720678169826523,-0.525977394339116,0.01
3.6,uav_02,1,passive_piecewise_source_clock_fit_v3,35.32706505920837,-9.636210583952511,8.0,-2.1328265784124274,-0.5074346843175146,0.01
3.7,uav_02,1,passive_piecewise_source_clock_fit_v3,35.10002549796473,-9.691249637449028,8.0,-2.182477314138115,-0.4968806714654712,0.01
3.8,uav_02,1,passive_piecewise_source_clock_fit_v3,34.86226821552679,-9.742119150242566,8.0,-2.2246933655462886,-0.4936733413865721,0.013673341386572125
3.9,uav_02,1,passive_piecewise_source_clock_fit_v3,34.61688322544306,-9.796119268320707,8.0,-2.2628101643594416,-0.5085401095729611,0.02
4.0,uav_02,1,passive_piecewise_source_clock_fit_v3,34.37116017280687,-9.848581978450904,8.00488136709066,-2.2995254683626376,-0.5346441012719783,0.015118632909340594
4.1,uav_02,1,passive_piecewise_source_clock_fit_v3,34.136841488772525,-9.90355823829861,8.010000000000002,-2.3296003701409167,-0.564400555211375,0.01
4.2,uav_02,1,passive_piecewise_source_clock_fit_v3,33.915989069519625,-9.959787053090983,8.010000000000002,-2.352362472571258,-0.596483296761677,0.01
4.3,uav_02,1,passive_piecewise_source_clock_fit_v3,33.69351267802793,-10.017965043759173,8.010000000000002,-2.3768829266207607,-0.6372073165519012,0.01
4.4,uav_02,1,passive_piecewise_source_clock_fit_v3,33.46235614004105,-10.072687682534472,8.010000000000002,-2.3955242048606817,-0.6782863072910226,0.01
4.5,uav_02,1,passive_piecewise_source_clock_fit_v3,33.235518130039374,-10.13698938907319,8.010000000000002,-2.4141654831006027,-0.7062482246509041,0.01
4.6,uav_02,1,passive_piecewise_source_clock_fit_v3,33.00305061223749,-10.207758799948511,8.010000000000002,-2.4328067613405238,-0.7328067613405238,0.01
4.7,uav_02,1,passive_piecewise_source_clock_fit_v3,32.776825003699564,-10.270554330293887,8.010000000000002,-2.452172059370668,-0.7514480395804451,0.01
4.8,uav_02,1,passive_piecewise_source_clock_fit_v3,32.53405336824927,-10.342879423249693,8.010000000000002,-2.4800446589101837,-0.7700893178203676,0.01
4.9,uav_02,1,passive_piecewise_source_clock_fit_v3,32.30023178052885,-10.415204516205495,8.010000000000002,-2.4893652980301444,-0.7887305960602888,0.01
5.0,uav_02,1,passive_piecewise_source_clock_fit_v3,32.06641019280844,-10.487529608819221,8.010000000000002,-2.5073718743002096,-0.79,0.01
5.1,uav_02,1,passive_piecewise_source_clock_fit_v3,31.824863357928212,-10.559854701723271,8.010000000000002,-2.5260131525401306,-0.7980065762700655,0.01
5.2,uav_02,1,passive_piecewise_source_clock_fit_v3,31.561051235624642,-10.638434104906255,8.010000000000002,-2.5462664347523782,-0.8,0.01
5.3,uav_02,1,passive_piecewise_source_clock_fit_v3,31.293713670194535,-10.71806360117483,8.010000000000002,-2.56679037098782,-0.8,0.01
5.4,uav_02,1,passive_piecewise_source_clock_fit_v3,31.01618864144419,-10.798220007547215,8.010000000000002,-2.5874501146430187,-0.8,0.01
5.5,uav_02,1,passive_piecewise_source_clock_fit_v3,30.745433876810797,-10.878500942538627,8.010000000000002,-2.59907097729417,-0.8,0.01
5.6,uav_02,1,passive_piecewise_source_clock_fit_v3,30.46682324240541,-10.969220737958956,8.010000000000002,-2.6188337945336597,-0.8,0.01
5.7,uav_02,1,passive_piecewise_source_clock_fit_v3,30.187316229812946,-11.050148056607142,8.010000000000002,-2.62976281723949,-0.8,0.01
5.8,uav_02,1,passive_piecewise_source_clock_fit_v3,29.91745784338155,-11.130549529501456,8.010000000000002,-2.6402174744242997,-0.8101087372121497,0.01
5.9,uav_02,1,passive_piecewise_source_clock_fit_v3,29.63751214902722,-11.221795170675659,8.010000000000002,-2.66045465718481,-0.8204546571848096,0.01
6.0,uav_02,1,passive_piecewise_source_clock_fit_v3,29.348576719530516,-11.303035278914628,8.010000000000002,-2.6708086637954245,-0.83,0.01
6.1,uav_02,1,passive_piecewise_source_clock_fit_v3,29.072541748658992,-11.392507782627822,8.010000000000002,-2.681026066493578,-0.8310260664935775,0.01
6.2,uav_02,1,passive_piecewise_source_clock_fit_v3,28.842462773920627,-11.458591831702764,8.010000000000002,-2.689542413280573,-0.839542413280573,0.01
6.3,uav_02,1,passive_piecewise_source_clock_fit_v3,28.604608201820323,-11.533609212934492,8.010000000000002,-2.69,-0.8480587600675691,0.01
6.4,uav_02,1,passive_piecewise_source_clock_fit_v3,28.3726561969916,-11.609133840468088,8.010000000000002,-2.696575106854565,-0.85,0.01
6.5,uav_02,1,passive_piecewise_source_clock_fit_v3,28.137664668315445,-11.679014467091461,8.010000000000002,-2.7050914536415602,-0.8550914536415603,0.01
6.6,uav_02,1,passive_piecewise_source_clock_fit_v3,27.902849620557287,-11.74909785091525,8.010000000000002,-2.71,-0.86,0.01
6.7,uav_02,1,passive_piecewise_source_clock_fit_v3,27.67072113618172,-11.824622478441643,8.010000000000002,-2.7121241472155515,-0.86,0.01
6.8,uav_02,1,passive_piecewise_source_clock_fit_v3,27.432425055615326,-11.900147105716293,8.010000000000002,-2.72,-0.8606404940025468,0.01
6.9,uav_02,1,passive_piecewise_source_clock_fit_v3,27.194128973969022,-11.97567173299095,8.010000000000002,-2.72,-0.869156840789543,0.01
7.0,uav_02,1,passive_piecewise_source_clock_fit_v3,26.95583289337484,-12.05119636056779,8.010000000000002,-2.7276731875765385,-0.87,0.01
7.1,uav_02,1,passive_piecewise_source_clock_fit_v3,26.717536812896267,-12.126720987934076,8.010000000000002,-2.73,-0.87,0.01
7.2,uav_02,1,passive_piecewise_source_clock_fit_v3,26.483781262468554,-12.202245615394059,8.010000000000002,-2.73470588115053,-0.87,0.01
7.3,uav_02,1,passive_piecewise_source_clock_fit_v3,26.237254873754573,-12.281997665239283,8.010000000000002,-2.74,-0.87,0.01
7.4,uav_02,1,passive_piecewise_source_clock_fit_v3,25.96370539086838,-12.368695367649705,8.010000000000002,-2.7434751735283385,-0.87,0.006524826471661454
7.5,uav_02,1,passive_piecewise_source_clock_fit_v3,25.691056682844387,-12.455107582400718,8.010000000000002,-2.75,-0.87,0.0
7.6,uav_02,1,passive_piecewise_source_clock_fit_v3,25.419404528949652,-12.537958553854354,8.010000000000002,-2.7529276751693685,-0.87,0.002927675169368543
7.7,uav_02,1,passive_piecewise_source_clock_fit_v3,25.14585504692743,-12.616816411463672,8.010000000000002,-2.76,-0.87,0.007296074010115933
7.8,uav_02,1,passive_piecewise_source_clock_fit_v3,24.86991253435922,-12.703514114161434,8.010000000000002,-2.762480176810399,-0.87,0.0
7.9,uav_02,1,passive_piecewise_source_clock_fit_v3,24.58910745405959,-12.790211816571855,8.010000000000002,-2.77,-0.87,0.0
8.0,uav_02,1,passive_piecewise_source_clock_fit_v3,24.315557972037382,-12.876909519062329,8.010000000000002,-2.77,-0.8679673215485711,0.0
8.1,uav_02,1,passive_piecewise_source_clock_fit_v3,24.04200849001517,-12.963607221786525,8.010000000000002,-2.771808929271944,-0.8618089292719439,0.0
8.2,uav_02,1,passive_piecewise_source_clock_fit_v3,23.768459007992945,-13.05030492425938,8.010000000000002,-2.78,-0.87,0.0
8.3,uav_02,1,passive_piecewise_source_clock_fit_v3,23.489428658014308,-13.138279361134394,8.010000000000002,-2.78,-0.87,0.0
8.4,uav_02,1,passive_piecewise_source_clock_fit_v3,23.17940379994559,-13.233939778544253,8.010000000000002,-2.78,-0.87,0.0
8.5,uav_02,1,passive_piecewise_source_clock_fit_v3,22.879951943613474,-13.32884687822825,8.010000000000002,-2.7829942708288247,-0.87,0.0
8.6,uav_02,1,passive_piecewise_source_clock_fit_v3,22.58050008728137,-13.423753978070227,8.010000000000002,-2.79,-0.87,0.0
8.7,uav_02,1,passive_piecewise_source_clock_fit_v3,22.276804574535515,-13.518661077636297,8.010000000000002,-2.79,-0.8656018030183646,0.0
8.8,uav_02,1,passive_piecewise_source_clock_fit_v3,21.97194774646557,-13.613568177403229,8.010000000000002,-2.7951001600580407,-0.86,0.0
8.9,uav_02,1,passive_piecewise_source_clock_fit_v3,21.672495889461615,-13.708475277162274,8.010000000000002,-2.8,-0.86,0.0
9.0,uav_02,1,passive_piecewise_source_clock_fit_v3,21.36676848265291,-13.803382376728349,8.010000000000002,-2.8,-0.86,0.0
9.1,uav_02,1,passive_piecewise_source_clock_fit_v3,21.063943549345126,-13.898289476578213,8.010000000000002,-2.8,-0.86,0.0
9.2,uav_02,1,passive_piecewise_source_clock_fit_v3,20.764491693013024,-13.99319657625432,8.010000000000002,-2.8,-0.86,0.0
9.3,uav_02,1,passive_piecewise_source_clock_fit_v3,20.457936866403465,-14.087734659149763,8.010000000000002,-2.8085683641547896,-0.86,0.0
9.4,uav_02,1,passive_piecewise_source_clock_fit_v3,20.158550903354087,-14.182183080762922,8.019218605546074,-2.81,-0.86,0.0
9.5,uav_02,1,passive_piecewise_source_clock_fit_v3,19.853852530075958,-14.27576497892497,8.02,-2.81,-0.86,0.0
9.6,uav_02,1,passive_piecewise_source_clock_fit_v3,19.555691115133765,-14.370193104731781,8.02,-2.81,-0.8595809116713562,0.0
9.7,uav_02,1,passive_piecewise_source_clock_fit_v3,19.256654727963355,-14.46464152628855,8.02,-2.811069329719928,-0.85,0.0
9.8,uav_02,1,passive_piecewise_source_clock_fit_v3,18.95003322592313,-14.559089947913044,8.02,-2.82,-0.85,0.0
9.9,uav_02,1,passive_piecewise_source_clock_fit_v3,18.649742050229634,-14.653538369795921,8.02,-2.82,-0.85,0.0
10.0,uav_02,1,passive_piecewise_source_clock_fit_v3,18.3443753358129,-14.747986791471632,8.02,-2.82,-0.8530200538937817,0.0
10.1,uav_02,1,passive_piecewise_source_clock_fit_v3,18.046370705051594,-14.842435213303297,8.02,-2.82,-0.86,0.0
10.2,uav_02,1,passive_piecewise_source_clock_fit_v3,17.755407876418545,-14.933449048145066,8.02,-2.82,-0.86,0.0
10.3,uav_02,1,passive_piecewise_source_clock_fit_v3,17.479278148853126,-15.015126924781814,8.02,-2.82,-0.8564074895014208,0.0
10.4,uav_02,1,passive_piecewise_source_clock_fit_v3,17.207620566629053,-15.093146316741048,8.02,-2.82,-0.85,0.0
10.5,uav_02,1,passive_piecewise_source_clock_fit_v3,16.932472321705575,-15.178268567255783,8.02,-2.82,-0.85,0.0
10.6,uav_02,1,passive_piecewise_source_clock_fit_v3,16.661589332441345,-15.26339081794461,8.02,-2.82,-0.85,0.0
10.7,uav_02,1,passive_piecewise_source_clock_fit_v3,16.385666493951913,-15.34851306834948,8.02,-2.8219869060697653,-0.85,0.0
10.8,uav_02,1,passive_piecewise_source_clock_fit_v3,16.11555809940738,-15.43363531881679,8.02,-2.83,-0.85,0.0
10.9,uav_02,1,passive_piecewise_source_clock_fit_v3,15.838860665815712,-15.518757569553049,8.02,-2.83,-0.85,0.0
11.0,uav_02,1,passive_piecewise_source_clock_fit_v3,15.569526865437046,-15.603879819988743,8.02,-2.83,-0.85,0.0
11.1,uav_02,1,passive_piecewise_source_clock_fit_v3,15.292054838998403,-15.689002070756615,8.02,-2.83,-0.85,0.0
11.2,uav_02,1,passive_piecewise_source_clock_fit_v3,15.02347623802591,-15.77412432116148,8.02,-2.83,-0.85,0.0
11.3,uav_02,1,passive_piecewise_source_clock_fit_v3,14.773413461597897,-15.850742383426915,8.02,-2.8386195457984273,-0.85,0.0
11.4,uav_02,1,passive_piecewise_source_clock_fit_v3,14.52338953767095,-15.919297840789673,8.02,-2.84,-0.85,0.0
11.5,uav_02,1,passive_piecewise_source_clock_fit_v3,14.27905329866145,-15.992857573696847,8.02,-2.84,-0.85,0.0
11.6,uav_02,1,passive_piecewise_source_clock_fit_v3,14.034289285433525,-16.06905982460415,8.02,-2.84,-0.85,0.0
11.7,uav_02,1,passive_piecewise_source_clock_fit_v3,13.785860983930796,-16.145171188807364,8.02,-2.84,-0.85,0.0
11.8,uav_02,1,passive_piecewise_source_clock_fit_v3,13.537484766587824,-16.221771405934962,8.02,-2.84,-0.85,0.0
11.9,uav_02,1,passive_piecewise_source_clock_fit_v3,13.295461764569133,-16.298371623076168,8.02,-2.84,-0.85,0.0
12.0,uav_02,1,passive_piecewise_source_clock_fit_v3,13.045437841637272,-16.37497184054394,8.02,-2.84,-0.85,0.0
12.1,uav_02,1,passive_piecewise_source_clock_fit_v3,12.795413917660508,-16.451572057711594,8.02,-2.84,-0.85,0.0
12.2,uav_02,1,passive_piecewise_source_clock_fit_v3,12.55142833974729,-16.528172275085666,8.02,-2.84,-0.8437417571827925,0.0
12.3,uav_02,1,passive_piecewise_source_clock_fit_v3,12.305014698251476,-16.60477249236063,8.02,-2.84,-0.84,0.0
12.4,uav_02,1,passive_piecewise_source_clock_fit_v3,12.052955264436987,-16.678965692630563,8.02,-2.84,-0.84,0.0
12.5,uav_02,1,passive_piecewise_source_clock_fit_v3,11.794383204460159,-16.75308627601034,8.02,-2.84,-0.84,0.0
12.6,uav_02,1,passive_piecewise_source_clock_fit_v3,11.528526591075465,-16.834537178986714,8.02,-2.84,-0.84,0.0
12.7,uav_02,1,passive_piecewise_source_clock_fit_v3,11.265860773970607,-16.915355789503362,8.02,-2.84,-0.84,0.0
12.8,uav_02,1,passive_piecewise_source_clock_fit_v3,11.010589610151763,-16.996174400321834,8.02,-2.84,-0.84,0.0
12.9,uav_02,1,passive_piecewise_source_clock_fit_v3,10.74679680650849,-17.07699301079248,8.02,-2.84,-0.84,0.0
13.0,uav_02,1,passive_piecewise_source_clock_fit_v3,10.483004001698644,-17.15781162126313,8.02,-2.84,-0.84,0.0
13.1,uav_02,1,passive_piecewise_source_clock_fit_v3,10.22656467494159,-17.238630232033927,8.02,-2.84,-0.84,0.0
13.2,uav_02,1,passive_piecewise_source_clock_fit_v3,9.96506702073635,-17.319448842598256,8.02,-2.84,-0.84,0.0
13.3,uav_02,1,passive_piecewise_source_clock_fit_v3,9.70127421664533,-17.39378492788903,8.02,-2.84,-0.84,0.0
13.4,uav_02,1,passive_piecewise_source_clock_fit_v3,9.442268286600909,-17.470000819554272,8.02,-2.84,-0.84,0.0
13.5,uav_02,1,passive_piecewise_source_clock_fit_v3,9.162379424222454,-17.557240307566683,8.02,-2.8447985403268423,-0.84,0.0
13.6,uav_02,1,passive_piecewise_source_clock_fit_v3,8.851710992076233,-17.652420277045696,8.02,-2.85,-0.84,0.0
13.7,uav_02,1,passive_piecewise_source_clock_fit_v3,8.547086466116419,-17.74760024631986,8.02,-2.85,-0.84,0.0
13.8,uav_02,1,passive_piecewise_source_clock_fit_v3,8.240022755703105,-17.84278021586957,8.02,-2.85,-0.84,0.0
13.9,uav_02,1,passive_piecewise_source_clock_fit_v3,7.931569534267625,-17.93728150749099,8.02,-2.85,-0.84,0.0
14.0,uav_02,1,passive_piecewise_source_clock_fit_v3,7.621580479454346,-18.03225333499766,8.02,-2.85,-0.84,0.0
14.1,uav_02,1,passive_piecewise_source_clock_fit_v3,7.319687412580757,-18.12743330463,8.02,-2.85,-0.84,0.0
14.2,uav_02,1,passive_piecewise_source_clock_fit_v3,7.009892242693071,-18.211719063981327,8.02,-2.85,-0.84,0.0
14.3,uav_02,1,passive_piecewise_source_clock_fit_v3,6.699764521023925,-18.306707999228696,8.02,-2.85,-0.84,0.0
14.4,uav_02,1,passive_piecewise_source_clock_fit_v3,6.398239524674369,-18.401877086972796,8.02,-2.85,-0.84,0.0
14.5,uav_02,1,passive_piecewise_source_clock_fit_v3,6.087865880575795,-18.49696674177114,8.02,-2.85,-0.84,0.0
14.6,uav_02,1,passive_piecewise_source_clock_fit_v3,5.77669198502823,-18.59230157075406,8.02,-2.85,-0.84,0.0
14.7,uav_02,1,passive_piecewise_source_clock_fit_v3,5.464224004995282,-18.68803287036064,8.02,-2.8535595515204664,-0.84,0.0
14.8,uav_02,1,passive_piecewise_source_clock_fit_v3,5.157982000211848,-18.783122525069682,8.02,-2.855717900054994,-0.84,0.0
14.9,uav_02,1,passive_piecewise_source_clock_fit_v3,4.8531253452672685,-18.872664404701386,8.02,-2.85,-0.84,0.0
15.0,uav_02,1,passive_piecewise_source_clock_fit_v3,4.542751701577409,-18.962216589995204,8.02,-2.85,-0.84,0.0
15.1,uav_02,1,passive_piecewise_source_clock_fit_v3,4.232378058086985,-19.05730624470461,8.02,-2.85,-0.84,0.0
15.2,uav_02,1,passive_piecewise_source_clock_fit_v3,3.928924694116532,-19.152395899299826,8.02,-2.85,-0.84,0.0
15.3,uav_02,1,passive_piecewise_source_clock_fit_v3,3.6212793986475895,-19.247485553755233,8.02,-2.85,-0.84,0.0
15.4,uav_02,1,passive_piecewise_source_clock_fit_v3,3.3306080154028246,-19.336538996578927,8.02,-2.85,-0.84,0.0
15.5,uav_02,1,passive_piecewise_source_clock_fit_v3,3.0447497321456027,-19.424117842021875,8.02,-2.85,-0.84,0.0
15.6,uav_02,1,passive_piecewise_source_clock_fit_v3,2.758891449659637,-19.51169668738356,8.02,-2.85,-0.84,0.0
15.7,uav_02,1,passive_piecewise_source_clock_fit_v3,2.480330967759498,-19.599275533043123,8.02,-2.85,-0.84,0.0
15.8,uav_02,1,passive_piecewise_source_clock_fit_v3,2.1968235113686823,-19.68685437850077,8.02,-2.85,-0.84,0.0
15.9,uav_02,1,passive_piecewise_source_clock_fit_v3,1.9130615938971665,-19.765762622053245,8.02,-2.85,-0.84,0.0
16.0,uav_02,1,passive_piecewise_source_clock_fit_v3,1.62800153402572,-19.85004000570035,8.02,-2.85,-0.84,0.0
16.1,uav_02,1,passive_piecewise_source_clock_fit_v3,1.342143250884539,-19.93761885133638,8.02,-2.85,-0.84,0.0
16.2,uav_02,1,passive_piecewise_source_clock_fit_v3,1.0562849682825273,-20.02519769681755,8.02,-2.85,-0.84,0.0
16.3,uav_02,1,passive_piecewise_source_clock_fit_v3,0.7769078896187105,-20.11277654217924,8.02,-2.85,-0.84,0.0
16.4,uav_02,1,passive_piecewise_source_clock_fit_v3,0.5168434505505775,-20.193423296379017,8.02,-2.85,-0.84,0.0
16.5,uav_02,1,passive_piecewise_source_clock_fit_v3,0.2648779579320929,-20.27061835521244,8.02,-2.85,-0.84,0.0
16.6,uav_02,1,passive_piecewise_source_clock_fit_v3,0.012912465446375643,-20.3478134138809,8.02,-2.85,-0.8367794231837693,0.0
16.7,uav_02,1,passive_piecewise_source_clock_fit_v3,-0.23773954728127092,-20.42302515131766,8.02,-2.85,-0.83,0.0
16.8,uav_02,1,passive_piecewise_source_clock_fit_v3,-0.48426448061949445,-20.492005106771053,8.02,-2.8492700055252804,-0.8307299944747197,0.0
16.9,uav_02,1,passive_piecewise_source_clock_fit_v3,-0.7362299738571805,-20.56920016543951,8.02,-2.840565296696035,-0.8394347033039645,0.0
17.0,uav_02,1,passive_piecewise_source_clock_fit_v3,-0.9881954659788088,-20.646395224428517,8.02,-2.8481394121332086,-0.8318605878667913,0.0
17.1,uav_02,1,passive_piecewise_source_clock_fit_v3,-1.2401609589613884,-20.723590283170253,8.02,-2.843155879037546,-0.83,0.0
17.2,uav_02,1,passive_piecewise_source_clock_fit_v3,-1.4867725922926094,-20.800785342057235,8.02,-2.8455488297916975,-0.83,0.0
17.3,uav_02,1,passive_piecewise_source_clock_fit_v3,-1.7344433160300854,-20.87798040090099,8.02,-2.85,-0.83,0.0
17.4,uav_02,1,passive_piecewise_source_clock_fit_v3,-1.9864088084798492,-20.95517545956945,8.02,-2.85,-0.83,0.0
17.5,uav_02,1,passive_piecewise_source_clock_fit_v3,-2.2444036965576126,-21.032143421363898,8.02,-2.85,-0.831871255154244,0.0
17.6,uav_02,1,passive_piecewise_source_clock_fit_v3,-2.5263221764779145,-21.109996880494528,8.018333700042486,-2.85,-0.84,0.0
17.7,uav_02,1,passive_piecewise_source_clock_fit_v3,-2.801807530649092,-21.196861251673642,8.010000000000002,-2.85,-0.84,0.0
17.8,uav_02,1,passive_piecewise_source_clock_fit_v3,-3.0853337626638115,-21.28372562313147,8.010000000000002,-2.85,-0.8387436104359463,0.0
17.9,uav_02,1,passive_piecewise_source_clock_fit_v3,-3.368859994534396,-21.37058999429444,8.010000000000002,-2.85,-0.83,0.0
18.0,uav_02,1,passive_piecewise_source_clock_fit_v3,-3.652386225322171,-21.45745436576843,8.010000000000002,-2.85,-0.83,0.0
18.1,uav_02,1,passive_piecewise_source_clock_fit_v3,-3.935115746983712,-21.5442624085737,8.010000000000002,-2.85,-0.8306351722513513,0.0
18.2,uav_02,1,passive_piecewise_source_clock_fit_v3,-4.206895472068133,-21.630296288486285,8.010000000000002,-2.85,-0.84,0.0
18.3,uav_02,1,passive_piecewise_source_clock_fit_v3,-4.490421702757882,-21.71716065998842,8.010000000000002,-2.85,-0.84,0.0
18.4,uav_02,1,passive_piecewise_source_clock_fit_v3,-4.773947934772594,-21.804025031109973,8.010000000000002,-2.85,-0.84,0.0
18.5,uav_02,1,passive_piecewise_source_clock_fit_v3,-5.057474165454363,-21.890889402231537,8.019721703186946,-2.85,-0.84,0.0
18.6,uav_02,1,passive_piecewise_source_clock_fit_v3,-5.3620607304306835,-21.983935221411222,8.02,-2.85,-0.8397556759256717,0.0
18.7,uav_02,1,passive_piecewise_source_clock_fit_v3,-5.66650263283081,-22.06662615750629,8.02,-2.85,-0.83,0.0
18.8,uav_02,1,passive_piecewise_source_clock_fit_v3,-5.96281695978114,-22.16013149910505,8.02,-2.85,-0.83,0.0
18.9,uav_02,1,passive_piecewise_source_clock_fit_v3,-6.268567902296095,-22.25380488966597,8.02,-2.85,-0.83,0.0
19.0,uav_02,1,passive_piecewise_source_clock_fit_v3,-6.5761164049841,-22.34802900150934,8.02,-2.85,-0.83,0.0
19.1,uav_02,1,passive_piecewise_source_clock_fit_v3,-6.881318833119979,-22.44153434274531,8.02,-2.85,-0.83,0.0
19.2,uav_02,1,passive_piecewise_source_clock_fit_v3,-7.183040318955422,-22.535039684123362,8.02,-2.8463922922212275,-0.83,0.0
19.3,uav_02,1,passive_piecewise_source_clock_fit_v3,-7.4820750620503444,-22.62854502561108,8.02,-2.84,-0.83,0.0
19.4,uav_02,1,passive_piecewise_source_clock_fit_v3,-7.7872774904099735,-22.716845287932152,8.02,-2.8353044976530786,-0.83,0.0
19.5,uav_02,1,passive_piecewise_source_clock_fit_v3,-8.076146751162014,-22.800896101321957,8.02,-2.8251636544990237,-0.8251636544990238,0.0
19.6,uav_02,1,passive_piecewise_source_clock_fit_v3,-8.352888488745796,-22.887208306584665,8.02,-2.8108617466115042,-0.82,0.0
19.7,uav_02,1,passive_piecewise_source_clock_fit_v3,-8.630461694120694,-22.97352051201679,8.02,-2.7913961842249617,-0.8156980921124809,0.0
19.8,uav_02,1,passive_piecewise_source_clock_fit_v3,-8.902794852360266,-23.055360166217373,8.02,-2.7638612436768377,-0.8059653109192095,0.0
19.9,uav_02,1,passive_piecewise_source_clock_fit_v3,-9.171492917590788,-23.135059678781335,8.02,-2.7286975891778127,-0.7962325297259375,0.0
20.0,uav_02,1,passive_piecewise_source_clock_fit_v3,-9.43781253893336,-23.217491769891524,8.02,-2.695998994130663,-0.7829994970653317,0.0
20.1,uav_02,1,passive_piecewise_source_clock_fit_v3,-9.70702626407123,-23.296598845321476,8.02,-2.6538348366969724,-0.7667669673393945,0.0
20.2,uav_02,1,passive_piecewise_source_clock_fit_v3,-9.966342035813437,-23.379395514756627,8.02,-2.6053177531986265,-0.7541271012794506,0.0
20.3,uav_02,1,passive_piecewise_source_clock_fit_v3,-10.21805344987276,-23.454370586209105,8.02,-2.554408429717106,-0.7348028099057019,0.0
20.4,uav_02,1,passive_piecewise_source_clock_fit_v3,-10.469355552970207,-23.529893765762047,8.02,-2.4936803663170597,-0.71533724751916,0.0
20.5,uav_02,1,passive_piecewise_source_clock_fit_v3,-10.709907236488576,-23.602682790110727,8.02,-2.4240231731993864,-0.6960057932998466,0.0
20.6,uav_02,1,passive_piecewise_source_clock_fit_v3,-10.937050705336492,-23.66688119553117,8.02,-2.348690276165931,-0.6757588535622242,0.0
20.7,uav_02,1,passive_piecewise_source_clock_fit_v3,-11.162591870702562,-23.739030569016688,8.02,-2.2725270515240488,-0.647509017174683,0.0
20.8,uav_02,1,passive_piecewise_source_clock_fit_v3,-11.371563861639938,-23.801661836280115,8.02,-2.1875306026237915,-0.6192591807871375,0.0
20.9,uav_02,1,passive_piecewise_source_clock_fit_v3,-11.580535853834588,-23.86429310354354,8.02,-2.0933644813319856,-0.5910093443995957,0.0
21.0,uav_02,1,passive_piecewise_source_clock_fit_v3,-11.780746732823964,-23.916858787117192,8.02,-1.9991983600401677,-0.5627595080120503,0.0
21.1,uav_02,1,passive_piecewise_source_clock_fit_v3,-11.974173779810341,-23.97904123513776,8.02,-1.8955913763870604,-0.5256695914134766,0.0
21.2,uav_02,1,passive_piecewise_source_clock_fit_v3,-12.149797848414492,-24.03288373921478,8.02,-1.7918527292021913,-0.49595983523696124,0.0
21.3,uav_02,1,passive_piecewise_source_clock_fit_v3,-12.322426885108035,-24.076840124890097,8.02,-1.6808399953976738,-0.4602799984658913,0.0
21.4,uav_02,1,passive_piecewise_source_clock_fit_v3,-12.481843838173779,-24.11859430308812,8.02,-1.5609940373347913,-0.42261354994916656,0.0
21.5,uav_02,1,passive_piecewise_source_clock_fit_v3,-12.630258244136057,-24.16034848138736,8.02,-1.4385780796554244,-0.3849471014324383,0.0
21.6,uav_02,1,passive_piecewise_source_clock_fit_v3,-12.770159051838425,-24.203904621173507,8.02,-1.3047928607020696,-0.3456551030577342,0.0
21.7,uav_02,1,passive_piecewise_source_clock_fit_v3,-12.90050091197593,-24.24179937754076,8.02,-1.1635277832455697,-0.305293652355877,0.0
21.8,uav_02,1,passive_piecewise_source_clock_fit_v3,-13.014973021602126,-24.275355617982772,8.02,-1.0222627057890692,-0.26493220165401976,0.0
21.9,uav_02,1,passive_piecewise_source_clock_fit_v3,-13.114549465084334,-24.303666171538186,8.02,-0.8791812534005813,-0.22132039581070986,0.0
22.0,uav_02,1,passive_piecewise_source_clock_fit_v3,-13.207223564144984,-24.331441628460173,8.02,-0.7236237324640356,-0.17590593311600888,0.0
22.1,uav_02,1,passive_piecewise_source_clock_fit_v3,-13.282075815308735,-24.3504439463838,8.013461962387112,-0.5292392477422156,-0.12077177432266469,0.0
22.2,uav_02,1,passive_piecewise_source_clock_fit_v3,-13.33104003427414,-24.36162935986059,8.010000000000002,-0.31417519365622126,-0.06022959826987854,-0.0066284002883535776
22.3,uav_02,1,passive_piecewise_source_clock_fit_v3,-13.356889558099057,-24.372741031761468,8.010000000000002,-0.12025966995174812,-0.01339103776705514,-0.003347759441763785
22.4,uav_02,1,passive_piecewise_source_clock_fit_v3,-13.369823200671155,-24.376452104914907,8.010000000000002,0.047346010228517796,0.03354562819641181,0.0
22.5,uav_02,1,passive_piecewise_source_clock_fit_v3,-13.366437869779528,-24.368914705952722,8.010000000000002,0.20199232472120654,0.0771979532589884,0.0
22.6,uav_02,1,passive_piecewise_source_clock_fit_v3,-13.345009085551117,-24.3653668605358,8.010000000000002,0.3323707707582676,0.11534485254100542,0.0
22.7,uav_02,1,passive_piecewise_source_clock_fit_v3,-13.312730182693608,-24.359141654405253,8.010000000000002,0.44177334941313356,0.1412315180751152,0.0
22.8,uav_02,1,passive_piecewise_source_clock_fit_v3,-13.276916228214988,-24.34342848603576,8.010000000000002,0.5242671345790504,0.15979060987972868,0.0
22.9,uav_02,1,passive_piecewise_source_clock_fit_v3,-13.233045957046244,-24.327483203609134,8.010000000000002,0.5850491050530247,0.17,0.0
23.0,uav_02,1,passive_piecewise_source_clock_fit_v3,-13.179325025225312,-24.31719660033976,8.010000000000002,0.6372719837223866,0.17,0.0
23.1,uav_02,1,passive_piecewise_source_clock_fit_v3,-13.12277969646105,-24.306879384644287,8.010000000000002,0.6838077911453758,0.16723844177092484,0.0
23.2,uav_02,1,passive_piecewise_source_clock_fit_v3,-13.059616388481992,-24.294169687720238,8.010000000000002,0.730567442745454,0.15788651145090918,0.0
23.3,uav_02,1,passive_piecewise_source_clock_fit_v3,-12.995597880683611,-24.27514069395221,8.010000000000002,0.7797512411597857,0.14860696554860206,0.0
23.4,uav_02,1,passive_piecewise_source_clock_fit_v3,-12.923321023977772,-24.264854090546795,8.010000000000002,0.8447080624759266,0.14,0.0
23.5,uav_02,1,passive_piecewise_source_clock_fit_v3,-12.842739625684475,-24.25456748714138,8.010000000000002,0.9096648837920778,0.14,0.0
23.6,uav_02,1,passive_piecewise_source_clock_fit_v3,-12.75325093084947,-24.244280884099524,8.010000000000002,0.9930850494248659,0.13076832784168158,0.0
23.7,uav_02,1,passive_piecewise_source_clock_fit_v3,-12.657425692832673,-24.234195003542776,8.010000000000002,1.0666411678976062,0.12166985401279924,0.0
23.8,uav_02,1,passive_piecewise_source_clock_fit_v3,-12.561032610874406,-24.224127242680673,8.010000000000002,1.1392981920843233,0.11258772598945958,0.0
23.9,uav_02,1,passive_piecewise_source_clock_fit_v3,-12.45210711421412,-24.21405948207434,8.010000000000002,1.2054608142371543,0.10350559796612081,0.0
24.0,uav_02,1,passive_piecewise_source_clock_fit_v3,-12.338188016804647,-24.203991721350295,8.010000000000002,1.2746122404577493,0.10557653005721866,0.0
24.1,uav_02,1,passive_piecewise_source_clock_fit_v3,-12.219773953612389,-24.193923960488192,8.010000000000002,1.3472692646444675,0.11931731616111689,-0.004658658080558446
24.2,uav_02,1,passive_piecewise_source_clock_fit_v3,-12.093482503311684,-24.183856199773412,8.010000000000002,1.4199262888311792,0.1412223583116922,-0.01
24.3,uav_02,1,passive_piecewise_source_clock_fit_v3,-11.959313666121979,-24.170659169861647,8.010000000000002,1.4925833130178923,0.16564582825447305,-0.01
24.4,uav_02,1,passive_piecewise_source_clock_fit_v3,-11.819105545771281,-24.15263543399163,8.010000000000002,1.5652403372046066,0.18571512645172747,-0.008094957849424178
24.5,uav_02,1,passive_piecewise_source_clock_fit_v3,-11.677162207556535,-24.14149504053789,8.010000000000002,1.6378191696943714,0.21097739621179643,0.0
24.6,uav_02,1,passive_piecewise_source_clock_fit_v3,-11.520989797353662,-24.121558880414916,8.010000000000002,1.7097568174039905,0.21996960217549882,0.0
24.7,uav_02,1,passive_piecewise_source_clock_fit_v3,-11.363260941159073,-24.101424032981804,8.010000000000002,1.773359983544154,0.22,0.0
24.8,uav_02,1,passive_piecewise_source_clock_fit_v3,-11.17737063648113,-24.078832491471577,8.010000000000002,1.8446893958568114,0.2015173154694825,0.0
24.9,uav_02,1,passive_piecewise_source_clock_fit_v3,-10.988196625447792,-24.066552513529135,8.010000000000002,1.9073627229058936,0.17131863854705318,0.0
25.0,uav_02,1,passive_piecewise_source_clock_fit_v3,-10.779957765285245,-24.055113526195786,8.010000000000002,1.9692773922202471,0.13048173851983527,0.0
25.1,uav_02,1,passive_piecewise_source_clock_fit_v3,-10.570870700252014,-24.043674539256262,8.010000000000002,2.03099338461216,0.08920529231027187,0.00019867692243203208
25.2,uav_02,1,passive_piecewise_source_clock_fit_v3,-10.361284040392983,-24.03280953310092,8.010000000000002,2.08258894237412,0.047928846100704144,0.009482211525176035
25.3,uav_02,1,passive_piecewise_source_clock_fit_v3,-10.142061005996995,-24.03280953310092,8.010000000000002,2.133381414251377,0.0083092928743114,0.0
25.4,uav_02,1,passive_piecewise_source_clock_fit_v3,-9.919862280576135,-24.034201852631213,8.011256011579608,2.17376803473882,-0.013768034738820375,0.0
25.5,uav_02,1,passive_piecewise_source_clock_fit_v3,-9.689342383880788,-24.043894777480027,8.02,2.2063004925279914,-0.04315024626399554,0.0
25.6,uav_02,1,passive_piecewise_source_clock_fit_v3,-9.452213414991572,-24.04599458284421,8.02,2.2437884693687797,-0.06189423468438978,0.0
25.7,uav_02,1,passive_piecewise_source_clock_fit_v3,-9.21887385305358,-24.057539070221804,8.02,2.266925554373853,-0.07230851812461772,0.0
25.8,uav_02,1,passive_piecewise_source_clock_fit_v3,-8.969642287896622,-24.069469923672326,8.02,2.2992140264431233,-0.08,0.0
25.9,uav_02,1,passive_piecewise_source_clock_fit_v3,-8.71671127864245,-24.081400776971854,8.02,2.331502498512394,-0.07616583382920199,0.0
26.0,uav_02,1,passive_piecewise_source_clock_fit_v3,-8.461530530130425,-24.088235754208792,8.02,2.368387960775554,-0.07,0.0
26.1,uav_02,1,passive_piecewise_source_clock_fit_v3,-8.201955994119928,-24.094177239250975,8.02,2.4007196284339596,-0.0646401857830203,0.0
26.2,uav_02,1,passive_piecewise_source_clock_fit_v3,-7.937862638000454,-24.1061080927015,8.02,2.428367914720209,-0.05387736175993038,0.0
26.3,uav_02,1,passive_piecewise_source_clock_fit_v3,-7.671602897944676,-24.11803894588086,8.02,2.4606563867894815,-0.05,0.0
26.4,uav_02,1,passive_piecewise_source_clock_fit_v3,-7.401602035445354,-24.129969799208727,8.02,2.485296572572501,-0.04235171371374969,0.0
26.5,uav_02,1,passive_piecewise_source_clock_fit_v3,-7.1316011729460085,-24.132576731331387,8.02,2.506822220618682,-0.04,0.0
26.6,uav_02,1,passive_piecewise_source_clock_fit_v3,-6.855114989074997,-24.142645573310872,8.02,2.5190831032994376,-0.04908310329943752,0.0
26.7,uav_02,1,passive_piecewise_source_clock_fit_v3,-6.60224188932983,-24.15378048891326,8.02,2.538255824077862,-0.07738373611679258,0.0
26.8,uav_02,1,passive_piecewise_source_clock_fit_v3,-6.342902675020341,-24.174955967295986,8.010884843441833,2.558230313116337,-0.11646062623267397,0.0
26.9,uav_02,1,passive_piecewise_source_clock_fit_v3,-6.082722014278567,-24.18700794213347,8.010000000000002,2.578204802154813,-0.1564096043096266,0.0
27.0,uav_02,1,passive_piecewise_source_clock_fit_v3,-5.822541354661808,-24.208155140990907,8.010000000000002,2.589089645596644,-0.1963585823865772,0.0
27.1,uav_02,1,passive_piecewise_source_clock_fit_v3,-5.562360695168101,-24.240359304381045,8.010000000000002,2.599076890115883,-0.2181537802317656,0.0
27.2,uav_02,1,passive_piecewise_source_clock_fit_v3,-5.293434388604422,-24.263524803087066,8.010000000000002,2.609064134635121,-0.22906413463512107,0.0
27.3,uav_02,1,passive_piecewise_source_clock_fit_v3,-5.032350747357297,-24.285667011927668,8.010000000000002,2.619051379154359,-0.23,0.0
27.4,uav_02,1,passive_piecewise_source_clock_fit_v3,-4.760982500930141,-24.318132378271542,8.010000000000002,2.629129922902622,-0.21174015419475567,0.0
27.5,uav_02,1,passive_piecewise_source_clock_fit_v3,-4.499735669983548,-24.34125837923102,8.010000000000002,2.6482517363856695,-0.18262239542149564,0.0
27.6,uav_02,1,passive_piecewise_source_clock_fit_v3,-4.230762106291359,-24.353298479959285,8.010000000000002,2.6591131127120735,-0.15266066186377975,0.0
27.7,uav_02,1,passive_piecewise_source_clock_fit_v3,-3.982406306169103,-24.37269636667223,8.010000000000002,2.676611948177024,-0.11677610364595273,0.0
27.8,uav_02,1,passive_piecewise_source_clock_fit_v3,-3.7361420346874032,-24.384678927629565,8.010000000000002,2.6874214178105467,-0.08773574656835939,0.0
27.9,uav_02,1,passive_piecewise_source_clock_fit_v3,-3.483570588378208,-24.394783619656287,8.010000000000002,2.696536861532581,-0.060389415402257084,0.0
28.0,uav_02,1,passive_piecewise_source_clock_fit_v3,-3.2339648625901507,-24.40488831178456,8.010000000000002,2.705652305254616,-0.03304308423615261,0.0
28.1,uav_02,1,passive_piecewise_source_clock_fit_v3,-2.9831003667246914,-24.40970783765839,8.010000000000002,2.714767748976651,-0.01046450204669786,0.0
28.2,uav_02,1,passive_piecewise_source_clock_fit_v3,-2.731787690139314,-24.41401245150907,8.013883192698687,2.7238831926986857,0.0038831926986855167,0.0
28.3,uav_02,1,passive_piecewise_source_clock_fit_v3,-2.4826301450712074,-24.420793081643673,8.02,2.73299863642072,0.012998636420719998,0.0
28.4,uav_02,1,passive_piecewise_source_clock_fit_v3,-2.2275707205183255,-24.420793081643673,8.02,2.742114080142755,0.02,0.0
28.5,uav_02,1,passive_piecewise_source_clock_fit_v3,-1.9725112959654552,-24.420793081643673,8.02,2.751229523864789,0.02,0.0
28.6,uav_02,1,passive_piecewise_source_clock_fit_v3,-1.7174518714125564,-24.421175486643953,8.02,2.760344967586824,0.02,0.0
28.7,uav_02,1,passive_piecewise_source_clock_fit_v3,-1.4623924468596663,-24.431280178772226,8.02,2.769460411308859,0.02,0.0
28.8,uav_02,1,passive_piecewise_source_clock_fit_v3,-1.1865775802156988,-24.431878326022776,8.02,2.7793176235996846,0.02,0.0
28.9,uav_02,1,passive_piecewise_source_clock_fit_v3,-0.9068765178135763,-24.431878326022776,8.02,2.789313722689724,0.010686277310276167,0.0
29.0,uav_02,1,passive_piecewise_source_clock_fit_v3,-0.6269845207087381,-24.431878326022776,8.02,2.79,0.01,0.0
29.1,uav_02,1,passive_piecewise_source_clock_fit_v3,-0.33810041934940255,-24.431878326022776,8.02,2.79931956839781,0.01,0.0
29.2,uav_02,1,passive_piecewise_source_clock_fit_v3,-0.05755189923504578,-24.431878326022776,8.02,2.8,0.01,0.0
29.3,uav_02,1,passive_piecewise_source_clock_fit_v3,0.2223400977756869,-24.442215775452798,8.02,2.809325414105897,0.01,0.0
29.4,uav_02,1,passive_piecewise_source_clock_fit_v3,0.511232660873006,-24.44296357040188,8.02,2.81,0.019328336959939164,0.0
29.5,uav_02,1,passive_piecewise_source_clock_fit_v3,0.7917727206205409,-24.44296357040188,8.02,2.819331259813983,0.02,0.0
29.6,uav_02,1,passive_piecewise_source_clock_fit_v3,1.0834000772573904,-24.44296357040188,8.02,2.82,0.029428467341440015,0.0
29.7,uav_02,1,passive_piecewise_source_clock_fit_v3,1.373108957132112,-24.432502308307527,8.02,2.8294371055220693,0.0394371055220691,0.0
29.8,uav_02,1,passive_piecewise_source_clock_fit_v3,1.6456307097983958,-24.431878326022776,8.02,2.839157216673744,0.04,0.0
29.9,uav_02,1,passive_piecewise_source_clock_fit_v3,1.9256866179869472,-24.431878326022776,8.02,2.8488604641954374,0.04886046419543723,0.0
30.0,uav_02,1,passive_piecewise_source_clock_fit_v3,2.2065556953506236,-24.431878326022776,8.02,2.85,0.05,0.0
30.1,uav_02,1,passive_piecewise_source_clock_fit_v3,2.487424773691606,-24.422714199679334,8.02,2.8582669592388235,0.05,0.0
30.2,uav_02,1,passive_piecewise_source_clock_fit_v3,2.768293851136685,-24.420793081643673,8.02,2.86,0.057970206760516826,0.0
30.3,uav_02,1,passive_piecewise_source_clock_fit_v3,3.0491629293962648,-24.420793081643673,8.02,2.86,0.06,0.0
30.4,uav_02,1,passive_piecewise_source_clock_fit_v3,3.3300320069227127,-24.41261582771338,8.02,2.8673767018039027,0.05262329819609734,0.0
30.5,uav_02,1,passive_piecewise_source_clock_fit_v3,3.6109010851009162,-24.40970783765839,8.012920050674406,2.87,0.05,0.0
30.6,uav_02,1,passive_piecewise_source_clock_fit_v3,3.8917701636388307,-24.402188498186014,8.010000000000002,2.87,0.04321680315271117,0.0
30.7,uav_02,1,passive_piecewise_source_clock_fit_v3,4.172639241287356,-24.39862259327929,8.010000000000002,2.87,0.04,0.0
30.8,uav_02,1,passive_piecewise_source_clock_fit_v3,4.450167782535506,-24.39862259327929,8.010000000000002,2.87,0.04,0.0
30.9,uav_02,1,passive_piecewise_source_clock_fit_v3,4.724196129445781,-24.392480032279387,8.010000000000002,2.8755412048574023,0.04,0.0
31.0,uav_02,1,passive_piecewise_source_clock_fit_v3,5.003380385706037,-24.38753734890018,8.010000000000002,2.88,0.03498105179878513,0.0
31.1,uav_02,1,passive_piecewise_source_clock_fit_v3,5.2838187154267535,-24.382503229777832,8.010000000000002,2.884541279496453,0.03,0.0
31.2,uav_02,1,passive_piecewise_source_clock_fit_v3,5.5594510132775765,-24.376452104914907,8.010000000000002,2.89,0.03,0.0
31.3,uav_02,1,passive_piecewise_source_clock_fit_v3,5.835083310871643,-24.376452104914907,8.010000000000002,2.8935859420869297,0.03,0.0
31.4,uav_02,1,passive_piecewise_source_clock_fit_v3,6.113714666468094,-24.373006507911068,8.010000000000002,2.9,0.03,0.0
31.5,uav_02,1,passive_piecewise_source_clock_fit_v3,6.395996534779241,-24.3653668605358,8.010000000000002,2.9,0.03,0.0
31.6,uav_02,1,passive_piecewise_source_clock_fit_v3,6.67370611988968,-24.3653668605358,8.010000000000002,2.9,0.03,0.0
31.7,uav_02,1,passive_piecewise_source_clock_fit_v3,6.957399577150607,-24.363491027498956,8.010000000000002,2.9,0.03,0.0
31.8,uav_02,1,passive_piecewise_source_clock_fit_v3,7.236900304152894,-24.354281616156698,8.010000000000002,2.90134816393786,0.028651836062139894,0.0
31.9,uav_02,1,passive_piecewise_source_clock_fit_v3,7.524471498744324,-24.35290531050314,8.010000000000002,2.91,0.02,0.0
32.0,uav_02,1,passive_piecewise_source_clock_fit_v3,7.819295441373228,-24.343196372171416,8.010000000000002,2.91,0.02,0.0
32.1,uav_02,1,passive_piecewise_source_clock_fit_v3,8.10666093143592,-24.343196372171416,8.010000000000002,2.91,0.02,0.0
32.2,uav_02,1,passive_piecewise_source_clock_fit_v3,8.402579961507863,-24.34217456737588,8.010000000000002,2.91,0.019078229797566106,0.0
32.3,uav_02,1,passive_piecewise_source_clock_fit_v3,8.697712462597549,-24.33211112779231,8.010000000000002,2.91,0.01,0.0
32.4,uav_02,1,passive_piecewise_source_clock_fit_v3,8.984769392828266,-24.33211112779231,8.010000000000002,2.9107085733347198,0.010708573334719817,0.0
32.5,uav_02,1,passive_piecewise_source_clock_fit_v3,9.280107599744804,-24.331443823903694,8.010000000000002,2.92,0.019398025099136212,0.0
32.6,uav_02,1,passive_piecewise_source_clock_fit_v3,9.566958825519862,-24.321025883413206,8.010000000000002,2.920495376467007,0.01,0.0
32.7,uav_02,1,passive_piecewise_source_clock_fit_v3,9.862877855538498,-24.321025883413206,8.010000000000002,2.93,0.01,0.0
32.8,uav_02,1,passive_piecewise_source_clock_fit_v3,10.157769050366682,-24.32074201606081,8.010000000000002,2.93,0.009743923225529846,0.0
32.9,uav_02,1,passive_piecewise_source_clock_fit_v3,10.417651549811978,-24.310789440765507,8.010000000000002,2.93,0.0007657037938964446,0.0
33.0,uav_02,1,passive_piecewise_source_clock_fit_v3,10.685457999640768,-24.30994063942793,8.010000000000002,2.93,0.0,0.0
33.1,uav_02,1,passive_piecewise_source_clock_fit_v3,10.951873741043338,-24.30994063942793,8.010000000000002,2.93,0.0,0.0
33.2,uav_02,1,passive_piecewise_source_clock_fit_v3,11.219557422739081,-24.30994063942793,8.010000000000002,2.9360689545010072,0.0,0.0
33.3,uav_02,1,passive_piecewise_source_clock_fit_v3,11.488102671632443,-24.30434572378121,8.015047173932642,2.94,0.0,0.0
33.4,uav_02,1,passive_piecewise_source_clock_fit_v3,11.752763967881831,-24.298855395048825,8.02,2.9359746066357237,0.0,0.0
33.5,uav_02,1,passive_piecewise_source_clock_fit_v3,12.015544540595814,-24.298855395048825,8.02,2.9330036127959107,0.0,0.0
33.6,uav_02,1,passive_piecewise_source_clock_fit_v3,12.28408978948918,-24.298855395048825,8.02,2.94,0.0,0.0
33.7,uav_02,1,passive_piecewise_source_clock_fit_v3,12.552635038382576,-24.29779115432297,8.02,2.94,0.0,0.0
33.8,uav_02,1,passive_piecewise_source_clock_fit_v3,12.82118028727591,-24.28783857867408,8.02,2.94,0.0,0.0
33.9,uav_02,1,passive_piecewise_source_clock_fit_v3,13.089725536169313,-24.28777015066972,8.02,2.94,0.0,0.0
34.0,uav_02,1,passive_piecewise_source_clock_fit_v3,13.397103508011288,-24.28777015066972,8.02,2.94,0.0,0.0
34.1,uav_02,1,passive_piecewise_source_clock_fit_v3,13.697709776141831,-24.28777015066972,8.02,2.94,0.0,0.0
34.2,uav_02,1,passive_piecewise_source_clock_fit_v3,14.006857247830851,-24.28777015066972,8.02,2.94,0.0,0.0
34.3,uav_02,1,passive_piecewise_source_clock_fit_v3,14.316437741058627,-24.276684906684437,8.02,2.94,0.0,0.0
34.4,uav_02,1,passive_piecewise_source_clock_fit_v3,14.626018232984237,-24.276684906684437,8.02,2.94,-0.0006016367211177865,0.0
34.5,uav_02,1,passive_piecewise_source_clock_fit_v3,14.93559872624648,-24.276684906684437,8.02,2.94,-0.01,0.0
34.6,uav_02,1,passive_piecewise_source_clock_fit_v3,15.245179219508755,-24.276684906684437,8.02,2.94,-0.01,0.0
34.7,uav_02,1,passive_piecewise_source_clock_fit_v3,15.554759712770977,-24.27485355304162,8.02,2.94,-0.01,0.0
34.8,uav_02,1,passive_piecewise_source_clock_fit_v3,15.864340206033239,-24.265599662305334,8.02,2.942002206818198,-0.01,0.0
34.9,uav_02,1,passive_piecewise_source_clock_fit_v3,16.172994186841162,-24.265599662305334,8.02,2.95,-0.01,0.0
35.0,uav_02,1,passive_piecewise_source_clock_fit_v3,16.478498101943917,-24.265599662305334,8.02,2.95,-0.012535224541949195,0.0
35.1,uav_02,1,passive_piecewise_source_clock_fit_v3,16.783187889266223,-24.265599662305334,8.02,2.95,-0.02,0.0
35.2,uav_02,1,passive_piecewise_source_clock_fit_v3,17.086514857461,-24.265599662305334,8.02,2.9528629267509356,-0.02,0.0
35.3,uav_02,1,passive_piecewise_source_clock_fit_v3,17.39201877256373,-24.265599662305334,8.02,2.9569232221445727,-0.02,0.0
35.4,uav_02,1,passive_piecewise_source_clock_fit_v3,17.69752268766651,-24.261951919687167,8.02,2.95,-0.02,0.0
35.5,uav_02,1,passive_piecewise_source_clock_fit_v3,18.00302660276928,-24.254514417926234,8.02,2.95,-0.02,0.0
35.6,uav_02,1,passive_piecewise_source_clock_fit_v3,18.30853051787203,-24.254514417926234,8.02,2.95,-0.02,0.0
35.7,uav_02,1,passive_piecewise_source_clock_fit_v3,18.614034432974798,-24.254514417926234,8.02,2.942135635453201,-0.02,0.0
35.8,uav_02,1,passive_piecewise_source_clock_fit_v3,18.919538348077527,-24.254514417926234,8.02,2.913415866488434,-0.02,0.0
35.9,uav_02,1,passive_piecewise_source_clock_fit_v3,19.214230902315325,-24.254514417926234,8.02,2.8652097313059666,-0.011736577101988763,0.0
36.0,uav_02,1,passive_piecewise_source_clock_fit_v3,19.489663688194817,-24.250332050729185,8.02,2.796043774207025,0.0037729139769971973,0.0
36.1,uav_02,1,passive_piecewise_source_clock_fit_v3,19.75779237446643,-24.243429173940953,8.02,2.7098010974246884,0.023421734477916296,0.0
36.2,uav_02,1,passive_piecewise_source_clock_fit_v3,20.020251617486814,-24.24017238095263,8.02,2.620620467380395,0.06468976630980253,0.0
36.3,uav_02,1,passive_piecewise_source_clock_fit_v3,20.26988866956756,-24.22675591804178,8.02,2.5247952709555785,0.11260236452221078,0.0
36.4,uav_02,1,passive_piecewise_source_clock_fit_v3,20.517496622486295,-24.20551100393545,8.02,2.428970074530758,0.1647209478284694,0.0
36.5,uav_02,1,passive_piecewise_source_clock_fit_v3,20.754635282291122,-24.184266089600932,8.02,2.33145936591654,0.23179858532583825,0.0
36.6,uav_02,1,passive_piecewise_source_clock_fit_v3,20.976534884432663,-24.160209887030025,8.02,2.226051649849236,0.29887622282321336,0.0
36.7,uav_02,1,passive_piecewise_source_clock_fit_v3,21.196793155596524,-24.11772005863912,8.02,2.1197933823075745,0.36595386032058136,0.0
36.8,uav_02,1,passive_piecewise_source_clock_fit_v3,21.399783269820595,-24.07523023057504,8.02,2.0043700754809444,0.4334645689348034,0.0
36.9,uav_02,1,passive_piecewise_source_clock_fit_v3,21.593905989551832,-24.0327301246544,8.02,1.8797994237692814,0.5101002881153592,0.0
37.0,uav_02,1,passive_piecewise_source_clock_fit_v3,21.763831834804048,-23.983923457684863,8.02,1.756519625162104,0.5717401874189479,0.0
37.1,uav_02,1,passive_piecewise_source_clock_fit_v3,21.91904212090898,-23.92666348603932,8.012374273325351,1.625614099880257,0.6410058133971963,0.0
37.2,uav_02,1,passive_piecewise_source_clock_fit_v3,22.05956449391798,-23.86809548544365,8.010000000000002,1.4935286013725542,0.7050199860261415,0.0
37.3,uav_02,1,passive_piecewise_source_clock_fit_v3,22.18970160023693,-23.804124362644828,8.010000000000002,1.3570356201873162,0.7662969161680492,0.0
37.4,uav_02,1,passive_piecewise_source_clock_fit_v3,22.312644865355452,-23.73179791632402,8.010000000000002,1.2248004307333484,0.8315426110095152,0.0
37.5,uav_02,1,passive_piecewise_source_clock_fit_v3,22.426289055920776,-23.65370724886484,8.010000000000002,1.101520632126148,0.899239683936926,0.0
37.6,uav_02,1,passive_piecewise_source_clock_fit_v3,22.525245333228384,-23.573893683944725,8.010000000000002,0.9797950596961691,0.9608795832405242,0.0
37.7,uav_02,1,passive_piecewise_source_clock_fit_v3,22.610208255854488,-23.48564269633848,8.010000000000002,0.8656808870672339,1.022879408621844,0.0
37.8,uav_02,1,passive_piecewise_source_clock_fit_v3,22.695171178480606,-23.3880293620526,8.010000000000002,0.7600124882610695,1.0933250078259538,0.0
37.9,uav_02,1,passive_piecewise_source_clock_fit_v3,22.764751629272773,-23.290416028080664,8.010000000000002,0.6702867412124296,1.1557992811512992,0.0
38.0,uav_02,1,passive_piecewise_source_clock_fit_v3,22.826183067434325,-23.18529019518201,8.010000000000002,0.5890067679865612,1.224216206234168,0.0
38.1,uav_02,1,passive_piecewise_source_clock_fit_v3,22.884225485563213,-23.062639340600253,8.010000000000002,0.5098729118046013,1.3001270881953988,0.0
38.2,uav_02,1,passive_piecewise_source_clock_fit_v3,22.94180098748829,-22.923457793062497,8.010000000000002,0.4427324672914848,1.3796900436113535,0.0
38.3,uav_02,1,passive_piecewise_source_clock_fit_v3,22.99331932138719,-22.78048599279638,8.010000000000002,0.38320560138369486,1.4651915979244576,0.0
38.4,uav_02,1,passive_piecewise_source_clock_fit_v3,23.035194972904485,-22.631391679107242,8.010000000000002,0.3359373734325421,1.5421095964930513,0.0
38.5,uav_02,1,passive_piecewise_source_clock_fit_v3,23.073338921045828,-22.478010036126395,8.010000000000002,0.2964043459426199,1.5994945675717251,0.0
38.6,uav_02,1,passive_piecewise_source_clock_fit_v3,23.105903867601544,-22.31821871612451,8.010000000000002,0.2568713184526993,1.6257821703868252,0.005782170386825182
38.7,uav_02,1,passive_piecewise_source_clock_fit_v3,23.129045468331682,-22.153881241531284,8.010000000000002,0.2003420091848619,1.6130037182220838,0.01
38.8,uav_02,1,passive_piecewise_source_clock_fit_v3,23.148117442402356,-21.995694618677888,8.010000000000002,0.12561052694572383,1.5611592110775083,0.01
38.9,uav_02,1,passive_piecewise_source_clock_fit_v3,23.16194833821894,-21.842312975678652,8.010000000000002,0.03568058995735167,1.4865444719658814,0.004568058995735167
39.0,uav_02,1,passive_piecewise_source_clock_fit_v3,23.161227451747145,-21.694823359384092,8.010000000000002,-0.07909757239769424,1.396848021232543,0.0
39.1,uav_02,1,passive_piecewise_source_clock_fit_v3,23.146188588663264,-21.554802539592373,8.010000000000002,-0.20541036857954958,1.295491359517042,0.0
39.2,uav_02,1,passive_piecewise_source_clock_fit_v3,23.12058086971632,-21.41694907732167,8.010000000000002,-0.3355819906503889,1.1860460079112094,0.0
39.3,uav_02,1,passive_piecewise_source_clock_fit_v3,23.084623771155492,-21.29279062393622,8.010000000000002,-0.4579484796463167,1.0782286548669848,0.0
39.4,uav_02,1,passive_piecewise_source_clock_fit_v3,23.032006829735547,-21.17791273883216,8.010000000000002,-0.5654026974580545,0.9745973025419454,0.0
39.5,uav_02,1,passive_piecewise_source_clock_fit_v3,22.972408501143576,-21.071369360960663,8.010000000000002,-0.6546804354717545,0.8784845100942763,0.0
39.6,uav_02,1,passive_piecewise_source_clock_fit_v3,22.905682975292642,-20.976239306686026,8.010000000000002,-0.7373323216865014,0.785501138102686,0.0
39.7,uav_02,1,passive_piecewise_source_clock_fit_v3,22.828424845943772,-20.892683827768458,8.010000000000002,-0.8277670789898453,0.6997625964534709,0.0
39.8,uav_02,1,passive_piecewise_source_clock_fit_v3,22.740817336745774,-20.812269308071794,8.010000000000002,-0.9131424854065538,0.6168575145934462,0.0
39.9,uav_02,1,passive_piecewise_source_clock_fit_v3,22.642860448442146,-20.74100670607529,8.010000000000002,-0.9960475672665763,0.5504643245500678,0.0
40.0,uav_02,1,passive_piecewise_source_clock_fit_v3,22.53455418018979,-20.672079974939937,8.010000000000002,-1.0875717302674321,0.496904594295871,0.0
40.1,uav_02,1,passive_piecewise_source_clock_fit_v3,22.426223420879396,-20.613976245202554,8.010000000000002,-1.179433761764409,0.445870132353106,0.0
40.2,uav_02,1,passive_piecewise_source_clock_fit_v3,22.300763006185395,-20.567522959942167,8.010000000000002,-1.2620707621308902,0.41297346420091613,0.0
40.3,uav_02,1,passive_piecewise_source_clock_fit_v3,22.17187245990461,-20.51166726051957,8.010000000000002,-1.3535610636667545,0.39143087474072125,0.0
40.4,uav_02,1,passive_piecewise_source_clock_fit_v3,22.025773399544395,-20.465690609618605,8.010000000000002,-1.4357967099226134,0.36157623377901993,0.0
40.5,uav_02,1,passive_piecewise_source_clock_fit_v3,21.87839728741841,-20.420538761366103,8.010000000000002,-1.5172596838184838,0.34068507904537904,0.0
40.6,uav_02,1,passive_piecewise_source_clock_fit_v3,21.721526604061,-20.386295161829622,8.010000000000002,-1.598722657714343,0.3104790033571215,0.0
40.7,uav_02,1,passive_piecewise_source_clock_fit_v3,21.554632012323864,-20.35243127572499,8.010000000000002,-1.6801624276589362,0.26990718419489357,0.0
40.8,uav_02,1,passive_piecewise_source_clock_fit_v3,21.377780678110163,-20.318567389620362,8.010000000000002,-1.7516486055060658,0.22917569724696704,0.0
40.9,uav_02,1,passive_piecewise_source_clock_fit_v3,21.200554061647974,-20.28513466124167,8.010000000000002,-1.8327226319766943,0.18805526287378985,0.0
41.0,uav_02,1,passive_piecewise_source_clock_fit_v3,21.013844689898217,-20.263222413047462,8.010000000000002,-1.90326961812877,0.13782025458081984,0.0
41.1,uav_02,1,passive_piecewise_source_clock_fit_v3,20.82634095683609,-20.2524651293404,8.010000000000002,-1.961494498009651,0.09875458499195752,0.0
41.2,uav_02,1,passive_piecewise_source_clock_fit_v3,20.62971438381248,-20.241707845633336,8.010000000000002,-2.0197193778905436,0.05023385175788045,0.0
41.3,uav_02,1,passive_piecewise_source_clock_fit_v3,20.433087810788926,-20.23095056230661,8.010000000000002,-2.0682868814761832,0.011370494819053452,0.0
41.4,uav_02,1,passive_piecewise_source_clock_fit_v3,20.22742865303995,-20.220193278613042,8.010000000000002,-2.1261691376523117,-0.00872304588410396,0.0
41.5,uav_02,1,passive_piecewise_source_clock_fit_v3,20.01269178359579,-20.219485511191262,8.010000000000002,-2.175328347944334,-0.0371970087666003,0.0
41.6,uav_02,1,passive_piecewise_source_clock_fit_v3,19.79926578505688,-20.219485511191262,8.010000000000002,-2.214731945487847,-0.05736597274392337,0.0
41.7,uav_02,1,passive_piecewise_source_clock_fit_v3,19.584205141171783,-20.228768253688663,8.010000000000002,-2.2618698144124774,-0.07674792576499087,0.0
41.8,uav_02,1,passive_piecewise_source_clock_fit_v3,19.361057960733465,-20.230570755570366,8.010000000000002,-2.3023124381172377,-0.08807810952930938,0.0
41.9,uav_02,1,passive_piecewise_source_clock_fit_v3,19.136341877658108,-20.23919757641719,8.010000000000002,-2.3411290247044945,-0.09,0.0
42.0,uav_02,1,passive_piecewise_source_clock_fit_v3,18.904402443403132,-20.249954860036915,8.010000000000002,-2.379945611291753,-0.09,0.0
42.1,uav_02,1,passive_piecewise_source_clock_fit_v3,18.6841661413266,-20.25274124393475,8.010000000000002,-2.409850000339241,-0.09,0.0
42.2,uav_02,1,passive_piecewise_source_clock_fit_v3,18.463417477676977,-20.258889473887265,8.010000000000002,-2.4421852752803606,-0.09,0.0
42.3,uav_02,1,passive_piecewise_source_clock_fit_v3,18.23940436169864,-20.268788211219746,8.010000000000002,-2.4779038834417313,-0.09,0.0
42.4,uav_02,1,passive_piecewise_source_clock_fit_v3,18.01452826601538,-20.274911732299135,8.010000000000002,-2.506880046264195,-0.09,0.0
42.5,uav_02,1,passive_piecewise_source_clock_fit_v3,17.7865197791671,-20.277611294084398,8.010000000000002,-2.52974109976448,-0.08756472505888009,0.0
42.6,uav_02,1,passive_piecewise_source_clock_fit_v3,17.553890773809353,-20.287510031593154,8.010000000000002,-2.562729853962927,-0.08,0.0
42.7,uav_02,1,passive_piecewise_source_clock_fit_v3,17.321261767454782,-20.29740876909031,8.010000000000002,-2.5805891580436127,-0.08,0.0
42.8,uav_02,1,passive_piecewise_source_clock_fit_v3,17.0886327622842,-20.307307506247394,8.010000000000002,-2.598448462124299,-0.08,0.0
42.9,uav_02,1,passive_piecewise_source_clock_fit_v3,16.856003757113623,-20.3172062437256,8.010000000000002,-2.624461649307477,-0.08,0.0
43.0,uav_02,1,passive_piecewise_source_clock_fit_v3,16.616540111807943,-20.319252709421725,8.010000000000002,-2.637083535142836,-0.08,0.0
43.1,uav_02,1,passive_piecewise_source_clock_fit_v3,16.375295216831386,-20.32591847436401,8.010000000000002,-2.6580395615495394,-0.0860131871831798,0.0
43.2,uav_02,1,passive_piecewise_source_clock_fit_v3,16.112311395634062,-20.336709201224906,8.010000000000002,-2.681495006212828,-0.09,0.0
43.3,uav_02,1,passive_piecewise_source_clock_fit_v3,15.825877886747609,-20.34821939226705,8.010000000000002,-2.696130847682305,-0.09,0.0
43.4,uav_02,1,passive_piecewise_source_clock_fit_v3,15.541626602876429,-20.35972958347667,8.010000000000002,-2.713028384516392,-0.09,0.0
43.5,uav_02,1,passive_piecewise_source_clock_fit_v3,15.254453343607148,-20.371239774414647,8.010000000000002,-2.7268975368340875,-0.09,0.0
43.6,uav_02,1,passive_piecewise_source_clock_fit_v3,14.963916758310761,-20.382749965502086,8.010000000000002,-2.7445617628199592,-0.09,0.0
43.7,uav_02,1,passive_piecewise_source_clock_fit_v3,14.673380171963524,-20.39426015671171,8.010000000000002,-2.765328451971741,-0.09,0.0
43.8,uav_02,1,passive_piecewise_source_clock_fit_v3,14.385073083801922,-20.405682021581455,8.010000000000002,-2.7779678916453077,-0.08203210835469206,0.0
43.9,uav_02,1,passive_piecewise_source_clock_fit_v3,14.095105103176234,-20.41716968629333,8.010000000000002,-2.788330915137653,-0.07166908486234705,0.0
44.0,uav_02,1,passive_piecewise_source_clock_fit_v3,13.796160453330055,-20.42867987750295,8.010000000000002,-2.807428519427088,-0.07,0.0
44.1,uav_02,1,passive_piecewise_source_clock_fit_v3,13.495605364434123,-20.430105152031295,8.010000000000002,-2.8190976042894356,-0.07,0.0
44.2,uav_02,1,passive_piecewise_source_clock_fit_v3,13.213675811038758,-20.440239536240746,8.010000000000002,-2.8291422292760644,-0.060857770723935584,0.0
44.3,uav_02,1,passive_piecewise_source_clock_fit_v3,12.924686087230324,-20.45133851042826,8.010000000000002,-2.839154614967999,-0.05084538503200088,0.0
44.4,uav_02,1,passive_piecewise_source_clock_fit_v3,12.634868731149446,-20.46243748464956,8.010000000000002,-2.84,-0.05,0.0
44.5,uav_02,1,passive_piecewise_source_clock_fit_v3,12.34505137495269,-20.463360884774783,8.010000000000002,-2.84917938635187,-0.040820613648130125,0.0
44.6,uav_02,1,passive_piecewise_source_clock_fit_v3,12.05254650519444,-20.473653110609394,8.010000000000002,-2.85,-0.04,0.0
44.7,uav_02,1,passive_piecewise_source_clock_fit_v3,11.762522075516317,-20.47444612876006,8.010000000000002,-2.859304157735742,-0.03069584226425781,0.0
44.8,uav_02,1,passive_piecewise_source_clock_fit_v3,11.463715533651888,-20.484773744826498,8.010000000000002,-2.8693165434276775,-0.03,0.0
44.9,uav_02,1,passive_piecewise_source_clock_fit_v3,11.173238736949655,-20.485531373139167,8.010000000000002,-2.87,-0.03,0.0
45.0,uav_02,1,passive_piecewise_source_clock_fit_v3,10.883421380844858,-20.495886448889983,8.010000000000002,-2.879341314811549,-0.02065868518845114,0.0
45.1,uav_02,1,passive_piecewise_source_clock_fit_v3,10.593604025930595,-20.49661661751827,8.010000000000002,-2.8893537005034853,-0.02,0.0
45.2,uav_02,1,passive_piecewise_source_clock_fit_v3,10.306284003820217,-20.506571678238892,8.010000000000002,-2.89,-0.02,0.0
45.3,uav_02,1,passive_piecewise_source_clock_fit_v3,10.027415421867769,-20.50770186150355,8.010000000000002,-2.8985806128348135,-0.02,0.0
45.4,uav_02,1,passive_piecewise_source_clock_fit_v3,9.741637240056544,-20.51677043846853,8.010000000000002,-2.9,-0.011819235864501643,0.0
45.5,uav_02,1,passive_piecewise_source_clock_fit_v3,9.454489544448553,-20.518787105882655,8.010000000000002,-2.907780915436184,-0.01,0.0
45.6,uav_02,1,passive_piecewise_source_clock_fit_v3,9.174463566167049,-20.52696919873832,8.010000000000002,-2.91,-0.01,0.0
45.7,uav_02,1,passive_piecewise_source_clock_fit_v3,8.889842782056002,-20.52987235026176,8.010000000000002,-2.91,-0.0030187819624456448,0.0
45.8,uav_02,1,passive_piecewise_source_clock_fit_v3,8.604644132709735,-20.52987235026176,8.010000000000002,-2.9165162072655826,0.0,0.0
45.9,uav_02,1,passive_piecewise_source_clock_fit_v3,8.318538465528519,-20.536613864270155,8.010000000000002,-2.92,0.0,0.0
46.0,uav_02,1,passive_piecewise_source_clock_fit_v3,8.036872804284714,-20.540957594247036,8.010000000000002,-2.925681671939609,0.0,0.0
46.1,uav_02,1,passive_piecewise_source_clock_fit_v3,7.753891703135982,-20.540957594247036,8.010000000000002,-2.93,0.0,0.0
46.2,uav_02,1,passive_piecewise_source_clock_fit_v3,7.462124923604348,-20.540957594247036,8.010000000000002,-2.93,0.0,0.0
46.3,uav_02,1,passive_piecewise_source_clock_fit_v3,7.1658940375444065,-20.546433961296593,8.010000000000002,-2.93,0.0,0.0
46.4,uav_02,1,passive_piecewise_source_clock_fit_v3,6.8696631514844455,-20.55204283862614,8.010000000000002,-2.93,0.004844059016789035,0.0
46.5,uav_02,1,passive_piecewise_source_clock_fit_v3,6.573432265424484,-20.55204283862614,8.010000000000002,-2.93,0.01,0.0
46.6,uav_02,1,passive_piecewise_source_clock_fit_v3,6.2757959626213395,-20.55204283862614,8.010000000000002,-2.93469870160247,0.01,0.0
46.7,uav_02,1,passive_piecewise_source_clock_fit_v3,5.977979418616086,-20.55204283862614,8.010000000000002,-2.94,0.01,0.0
46.8,uav_02,1,passive_piecewise_source_clock_fit_v3,5.681748532556147,-20.557097011865658,8.010000000000002,-2.94,0.01,0.0
46.9,uav_02,1,passive_piecewise_source_clock_fit_v3,5.385517646496184,-20.563128083005246,8.010000000000002,-2.94,0.014463197940928905,0.0
47.0,uav_02,1,passive_piecewise_source_clock_fit_v3,5.089286760436224,-20.563128083005246,8.010000000000002,-2.94,0.02,0.0
47.1,uav_02,1,passive_piecewise_source_clock_fit_v3,4.7930558743762415,-20.563128083005246,8.010000000000002,-2.94,0.02,0.0
47.2,uav_02,1,passive_piecewise_source_clock_fit_v3,4.500994620630781,-20.563128083005246,8.010000000000002,-2.94,0.02,0.0
47.3,uav_02,1,passive_piecewise_source_clock_fit_v3,4.214655584378458,-20.563128083005246,8.010000000000002,-2.943608394369418,0.02,0.0
47.4,uav_02,1,passive_piecewise_source_clock_fit_v3,3.9283165481260904,-20.563128083005246,8.010000000000002,-2.95,0.02,0.0
47.5,uav_02,1,passive_piecewise_source_clock_fit_v3,3.6419775118737436,-20.563128083005246,8.010000000000002,-2.95,0.02,0.0
47.6,uav_02,1,passive_piecewise_source_clock_fit_v3,3.355638475621378,-20.565708440734284,8.010000000000002,-2.95,0.02,0.0
47.7,uav_02,1,passive_piecewise_source_clock_fit_v3,3.0692994393690096,-20.574213326990524,8.010000000000002,-2.95,0.02,0.0
47.8,uav_02,1,passive_piecewise_source_clock_fit_v3,2.7829604031166992,-20.574213326990524,8.010000000000002,-2.95,0.02,0.0
47.9,uav_02,1,passive_piecewise_source_clock_fit_v3,2.4969314578489037,-20.574213326990524,8.010000000000002,-2.95,0.02,0.0
48.0,uav_02,1,passive_piecewise_source_clock_fit_v3,2.213273406671572,-20.574213326990524,8.010000000000002,-2.95,0.02,0.0
48.1,uav_02,1,passive_piecewise_source_clock_fit_v3,1.9269343704192494,-20.574213326990524,8.010000000000002,-2.95,0.02009331880684817,0.0
48.2,uav_02,1,passive_piecewise_source_clock_fit_v3,1.640595334166869,-20.574213326990524,8.010000000000002,-2.95,0.029666434361527924,0.0
48.3,uav_02,1,passive_piecewise_source_clock_fit_v3,1.3426236957907607,-20.574213326990524,8.010000000000002,-2.95,0.03,0.0
48.4,uav_02,1,passive_piecewise_source_clock_fit_v3,1.044232097958867,-20.574213326990524,8.010000000000002,-2.95,0.03,0.0
48.5,uav_02,1,passive_piecewise_source_clock_fit_v3,0.7365965413329791,-20.574213326990524,8.010000000000002,-2.9595805932253674,0.03,0.0
48.6,uav_02,1,passive_piecewise_source_clock_fit_v3,0.4378002734716601,-20.574213326990524,8.010000000000002,-2.96,0.03,0.0
48.7,uav_02,1,passive_piecewise_source_clock_fit_v3,0.13940867563974813,-20.574213326990524,8.010000000000002,-2.96,0.03,0.0
48.8,uav_02,1,passive_piecewise_source_clock_fit_v3,-0.16185580184796078,-20.574213326990524,8.010000000000002,-2.96,0.03,0.0
48.9,uav_02,1,passive_piecewise_source_clock_fit_v3,-0.46036559339826444,-20.58483837735663,8.010000000000002,-2.950415141062535,0.03,0.0
49.0,uav_02,1,passive_piecewise_source_clock_fit_v3,-0.7587571911732156,-20.585298571369627,8.010000000000002,-2.95,0.03,0.0
49.1,uav_02,1,passive_piecewise_source_clock_fit_v3,-1.057148789005148,-20.585298571369627,8.010000000000002,-2.95,0.03,0.0
49.2,uav_02,1,passive_piecewise_source_clock_fit_v3,-1.3555403868370628,-20.585298571369627,8.010000000000002,-2.95,0.03,0.0
49.3,uav_02,1,passive_piecewise_source_clock_fit_v3,-1.6434095065303747,-20.585298571369627,8.010000000000002,-2.95,0.03,0.0
49.4,uav_02,1,passive_piecewise_source_clock_fit_v3,-1.922867488346633,-20.585298571369627,8.010000000000002,-2.95,0.03,0.0
49.5,uav_02,1,passive_piecewise_source_clock_fit_v3,-2.2012176022537444,-20.585298571369627,8.010000000000002,-2.957463834235952,0.03,0.0
49.6,uav_02,1,passive_piecewise_source_clock_fit_v3,-2.479567716160866,-20.585298571369627,8.010000000000002,-2.96,0.03,0.0
49.7,uav_02,1,passive_piecewise_source_clock_fit_v3,-2.7579178292349082,-20.585298571369627,8.010000000000002,-2.96,0.03,0.0
49.8,uav_02,1,passive_piecewise_source_clock_fit_v3,-3.0362679426039554,-20.585298571369627,8.010000000000002,-2.96,0.035381904785813934,0.0
49.9,uav_02,1,passive_piecewise_source_clock_fit_v3,-3.3191412645251726,-20.585298571369627,8.010000000000002,-2.955312071697566,0.04,0.0
50.0,uav_02,1,passive_piecewise_source_clock_fit_v3,-3.602616799241612,-20.585298571369627,8.010000000000002,-2.953993951819055,0.04,0.0
50.1,uav_02,1,passive_piecewise_source_clock_fit_v3,-3.8799896386240627,-20.585298571369627,8.010000000000002,-2.95673269768745,0.04,0.0
50.2,uav_02,1,passive_piecewise_source_clock_fit_v3,-4.15632595236739,-20.585298571369627,8.012505998852298,-2.95,0.04,0.0
50.3,uav_02,1,passive_piecewise_source_clock_fit_v3,-4.439174161510962,-20.585298571369627,8.02,-2.95,0.04,0.0
50.4,uav_02,1,passive_piecewise_source_clock_fit_v3,-4.74062519335842,-20.585298571369627,8.02,-2.95,0.04,0.0
50.5,uav_02,1,passive_piecewise_source_clock_fit_v3,-5.044120875524845,-20.585298571369627,8.02,-2.95,0.04,0.0
50.6,uav_02,1,passive_piecewise_source_clock_fit_v3,-5.353175884505568,-20.585298571369627,8.02,-2.95,0.04,0.0
50.7,uav_02,1,passive_piecewise_source_clock_fit_v3,-5.654626916353005,-20.585298571369627,8.02,-2.95,0.04,0.0
50.8,uav_02,1,passive_piecewise_source_clock_fit_v3,-5.9560779482004484,-20.585298571369627,8.02,-2.95,0.04,0.0
50.9,uav_02,1,passive_piecewise_source_clock_fit_v3,-6.258263913539564,-20.585298571369627,8.02,-2.952457088398712,0.04,0.0
51.0,uav_02,1,passive_piecewise_source_clock_fit_v3,-6.561971086583793,-20.585298571369627,8.02,-2.957389130613582,0.04,0.0
51.1,uav_02,1,passive_piecewise_source_clock_fit_v3,-6.863422118431226,-20.585298571369627,8.02,-2.95,0.04,0.0
51.2,uav_02,1,passive_piecewise_source_clock_fit_v3,-7.167543478486318,-20.585298571369627,8.02,-2.95,0.04,0.0
51.3,uav_02,1,passive_piecewise_source_clock_fit_v3,-7.475496167020637,-20.585298571369627,8.02,-2.95,0.04,0.0
51.4,uav_02,1,passive_piecewise_source_clock_fit_v3,-7.775259251570982,-20.585298571369627,8.02,-2.95,0.04,0.0
51.5,uav_02,1,passive_piecewise_source_clock_fit_v3,-8.075022336121336,-20.585298571369627,8.02,-2.95,0.04,0.0
51.6,uav_02,1,passive_piecewise_source_clock_fit_v3,-8.37478542067168,-20.585298571369627,8.02,-2.95,0.04,0.0
51.7,uav_02,1,passive_piecewise_source_clock_fit_v3,-8.674548505222047,-20.585298571369627,8.02,-2.95,0.04,0.0
51.8,uav_02,1,passive_piecewise_source_clock_fit_v3,-8.977147885678834,-20.585298571369627,8.02,-2.9441208303036306,0.04,0.0
51.9,uav_02,1,passive_piecewise_source_clock_fit_v3,-9.280865856976094,-20.585298571369627,8.02,-2.921115488250428,0.04296150391652405,0.0
52.0,uav_02,1,passive_piecewise_source_clock_fit_v3,-9.573837758873085,-20.585298571369627,8.02,-2.882099462090815,0.05298342298486412,0.0
52.1,uav_02,1,passive_piecewise_source_clock_fit_v3,-9.867801357843742,-20.585298571369627,8.02,-2.815957263574373,0.06601068410640669,0.0
52.2,uav_02,1,passive_piecewise_source_clock_fit_v3,-10.14738621647119,-20.581976004109066,8.02,-2.730027117608477,0.09198915295660925,0.0
52.3,uav_02,1,passive_piecewise_source_clock_fit_v3,-10.421360975906515,-20.571011536490623,8.02,-2.631116643854164,0.13444167807291796,0.0
52.4,uav_02,1,passive_piecewise_source_clock_fit_v3,-10.681311806963821,-20.560131195680018,8.02,-2.53296507661233,0.18622095403260205,0.0
52.5,uav_02,1,passive_piecewise_source_clock_fit_v3,-10.927539076372126,-20.54645887065173,8.02,-2.4322948603075543,0.24763054344064725,0.0
52.6,uav_02,1,passive_piecewise_source_clock_fit_v3,-11.171514544522303,-20.52211110810855,8.02,-2.3266619421286747,0.31867044629706043,0.0
52.7,uav_02,1,passive_piecewise_source_clock_fit_v3,-11.404124627543924,-20.489470085223065,8.02,-2.2242124498642166,0.3971917000905222,0.0
52.8,uav_02,1,passive_piecewise_source_clock_fit_v3,-11.621941058345223,-20.454651788166053,8.02,-2.104466449938521,0.475712953883987,0.0
52.9,uav_02,1,passive_piecewise_source_clock_fit_v3,-11.83632397580511,-20.409158053376864,8.02,-1.976869412524135,0.5542342076774553,0.0
53.0,uav_02,1,passive_piecewise_source_clock_fit_v3,-12.032418280773667,-20.354667082594275,8.02,-1.8474524670968686,0.632884304516075,0.0
53.1,uav_02,1,passive_piecewise_source_clock_fit_v3,-12.213891582867017,-20.298126964661343,8.02,-1.7058465694712532,0.7120767152643733,0.0
53.2,uav_02,1,passive_piecewise_source_clock_fit_v3,-12.389992300873397,-20.231376405480926,8.02,-1.5501288080165432,0.7905979690578437,0.0
53.3,uav_02,1,passive_piecewise_source_clock_fit_v3,-12.53934045169878,-20.15461000994155,8.02,-1.4040171314069436,0.867458672010093,0.0
53.4,uav_02,1,passive_piecewise_source_clock_fit_v3,-12.671893853814854,-20.073246791145948,8.02,-1.2666365619614557,0.9319219645934539,0.0
53.5,uav_02,1,passive_piecewise_source_clock_fit_v3,-12.795826710993056,-19.991883572702196,8.02,-1.138190467943081,1.0053197326039538,0.0
53.6,uav_02,1,passive_piecewise_source_clock_fit_v3,-12.90318382909925,-19.900998475665556,8.02,-1.0183340615015275,1.0787175006144447,0.0
53.7,uav_02,1,passive_piecewise_source_clock_fit_v3,-13.001920404717678,-19.80946485478084,8.02,-0.8990626884844611,1.152115268624947,0.0
53.8,uav_02,1,passive_piecewise_source_clock_fit_v3,-13.085905606237375,-19.710239039179505,8.02,-0.7936695746262662,1.2185739070560124,0.0
53.9,uav_02,1,passive_piecewise_source_clock_fit_v3,-13.165576729697493,-19.60175766331613,8.02,-0.6988614941925798,1.2950246552266782,0.0
54.0,uav_02,1,passive_piecewise_source_clock_fit_v3,-13.235042360317347,-19.484020727070465,8.02,-0.6176914273435681,1.372308572656432,0.0
54.1,uav_02,1,passive_piecewise_source_clock_fit_v3,-13.297008788889432,-19.357028230321983,8.02,-0.5442936593330728,1.450169633250293,0.0
54.2,uav_02,1,passive_piecewise_source_clock_fit_v3,-13.355465034333044,-19.22481300003474,8.02,-0.4818099320766106,1.532742122262101,0.0
54.3,uav_02,1,passive_piecewise_source_clock_fit_v3,-13.405865213859222,-19.08947978483234,8.02,-0.4359363270700494,1.6153146112739112,0.0
54.4,uav_02,1,passive_piecewise_source_clock_fit_v3,-13.45045948298742,-18.943744870580492,8.02,-0.39177446246964753,1.696451075060705,0.0
54.5,uav_02,1,passive_piecewise_source_clock_fit_v3,-13.494821230742495,-18.783905668154347,8.02,-0.3521760228083685,1.766259181753305,0.0
54.6,uav_02,1,passive_piecewise_source_clock_fit_v3,-13.530712917588756,-18.61385186298063,8.02,-0.30308414409857437,1.8,0.0
54.7,uav_02,1,passive_piecewise_source_clock_fit_v3,-13.5584657886485,-18.444618908915114,8.02,-0.2448165709649499,1.79629755068925,0.0
54.8,uav_02,1,passive_piecewise_source_clock_fit_v3,-13.585901859497602,-18.28519346668276,8.02,-0.1767166292593884,1.747701640481572,0.0
54.9,uav_02,1,passive_piecewise_source_clock_fit_v3,-13.604403773975644,-18.12576802445038,8.02,-0.08083815714026384,1.6805867099981846,0.0
55.0,uav_02,1,passive_piecewise_source_clock_fit_v3,-13.613735601228768,-17.966342582217994,8.02,0.015040314978867222,1.6039677480169063,0.0
55.1,uav_02,1,passive_piecewise_source_clock_fit_v3,-13.605441727708058,-17.82707427910023,8.02,0.13819442322737369,1.5090812129020204,0.0
55.2,uav_02,1,passive_piecewise_source_clock_fit_v3,-13.587816025755597,-17.6889055627148,8.02,0.262836436982234,1.421882466704607,-0.00867972592171031
55.3,uav_02,1,passive_piecewise_source_clock_fit_v3,-13.56109530846179,-17.54953338656593,8.02,0.38021300768026706,1.3264891602664441,-0.01
55.4,uav_02,1,passive_piecewise_source_clock_fit_v3,-13.525618818265627,-17.42876460329251,8.02,0.48750962380087925,1.2384012168901897,-0.002044579654465523
55.5,uav_02,1,passive_piecewise_source_clock_fit_v3,-13.477056072644798,-17.301032866319186,8.02,0.5858752666051374,1.135694148216514,0.0
55.6,uav_02,1,passive_piecewise_source_clock_fit_v3,-13.4165354374704,-17.19064616397219,8.02,0.682316292703315,1.0285374525518722,0.0
55.7,uav_02,1,passive_piecewise_source_clock_fit_v3,-13.344985127686375,-17.07280674688737,8.02,0.7787573188014814,0.9312426811985188,0.0
55.8,uav_02,1,passive_piecewise_source_clock_fit_v3,-13.261847844342217,-16.978112251844873,8.02,0.8651983448996471,0.8353792489780915,0.0
55.9,uav_02,1,passive_piecewise_source_clock_fit_v3,-13.167547664669067,-16.894962181658833,8.02,0.9603461075536223,0.7509471558905805,0.0
56.0,uav_02,1,passive_piecewise_source_clock_fit_v3,-13.062217809430056,-16.814039063101216,8.02,1.0480803970959929,0.6779464019360046,0.0
56.1,uav_02,1,passive_piecewise_source_clock_fit_v3,-12.945858281753864,-16.742767574447242,8.02,1.1417968206170375,0.6163769871143516,0.0
56.2,uav_02,1,passive_piecewise_source_clock_fit_v3,-12.821788470149368,-16.67530971140203,8.02,1.230962449292332,0.5662389114256303,-0.003440272143592426
56.3,uav_02,1,passive_piecewise_source_clock_fit_v3,-12.68969883132028,-16.61591680407272,8.02,1.3232475336804488,0.5233762331597757,-0.01
56.4,uav_02,1,passive_piecewise_source_clock_fit_v3,-12.548469862819509,-16.55796786931532,8.02,1.4114998078468664,0.4861667307177112,-0.005388910239237072
56.5,uav_02,1,passive_piecewise_source_clock_fit_v3,-12.407557024267277,-16.507229448818027,8.02,1.4976531665408275,0.4511734167295862,-0.004706645817603435
56.6,uav_02,1,passive_piecewise_source_clock_fit_v3,-12.252273930784979,-16.462490782024584,8.02,1.5783706783263713,0.41081466083681434,-0.005203665209203587
56.7,uav_02,1,passive_piecewise_source_clock_fit_v3,-12.085907864788174,-16.41751740292895,8.02,1.6595116584465028,0.3751831280825614,0.0
56.8,uav_02,1,passive_piecewise_source_clock_fit_v3,-11.914638771038598,-16.37817707905258,8.02,1.7406526385666317,0.3345921008958552,0.0
56.9,uav_02,1,passive_piecewise_source_clock_fit_v3,-11.738486465763744,-16.34444704449113,8.02,1.8165694163509254,0.28910319065661405,0.0
57.0,uav_02,1,passive_piecewise_source_clock_fit_v3,-11.557155911068666,-16.31666626662455,8.02,1.8822009491051794,0.24316587574568374,0.0
57.1,uav_02,1,passive_piecewise_source_clock_fit_v3,-11.365901505208319,-16.2941795771792,8.02,1.948566131561158,0.19245276317060137,0.0
57.2,uav_02,1,passive_piecewise_source_clock_fit_v3,-11.164723249732672,-16.277958345099005,8.02,2.0139124192853766,0.1473917204764155,0.0
57.3,uav_02,1,passive_piecewise_source_clock_fit_v3,-10.9580262398005,-16.266650115751045,8.02,2.0751193478540157,0.1065871014306562,0.0
57.4,uav_02,1,passive_piecewise_source_clock_fit_v3,-10.759069409385983,-16.256051162454956,8.02,2.127072708014206,0.06834183358863505,0.0
57.5,uav_02,1,passive_piecewise_source_clock_fit_v3,-10.5616285144337,-16.25096806994327,8.02,2.172554559118292,0.03646726452902482,0.0
57.6,uav_02,1,passive_piecewise_source_clock_fit_v3,-10.359763280875464,-16.25096806994327,8.02,2.21803641022238,0.012785435911048058,0.0
57.7,uav_02,1,passive_piecewise_source_clock_fit_v3,-10.157898047687954,-16.25096806994327,8.02,2.260814609061172,-0.005407304530586028,0.0
57.8,uav_02,1,passive_piecewise_source_clock_fit_v3,-9.954296040492757,-16.25096806994327,8.02,2.2990001124305497,-0.02180002248610994,0.0
57.9,uav_02,1,passive_piecewise_source_clock_fit_v3,-9.742789162140742,-16.25096806994327,8.02,2.343585570827711,-0.03089639270692781,0.0
58.0,uav_02,1,passive_piecewise_source_clock_fit_v3,-9.523370429849573,-16.25096806994327,8.02,2.3799710517109762,-0.03999276292774409,0.0
58.1,uav_02,1,passive_piecewise_source_clock_fit_v3,-9.30395169880462,-16.26104359579992,8.02,2.4072673994456864,-0.049089133148562135,0.0
58.2,uav_02,1,passive_piecewise_source_clock_fit_v3,-9.084532966638326,-16.262053313928547,8.02,2.442742013477517,-0.05,0.0
58.3,uav_02,1,passive_piecewise_source_clock_fit_v3,-8.858088226802971,-16.270125448757057,8.02,2.4718456207705874,-0.05,0.0
58.4,uav_02,1,passive_piecewise_source_clock_fit_v3,-8.629892746141604,-16.273138558307654,8.013621756188988,2.505512975244055,-0.05,0.0
58.5,uav_02,1,passive_piecewise_source_clock_fit_v3,-8.398317314179051,-16.279356655714437,8.010000000000002,2.531218692514356,-0.05,0.0
58.6,uav_02,1,passive_piecewise_source_clock_fit_v3,-8.161020995387625,-16.284223802686757,8.010000000000002,2.5546423210764675,-0.05,0.0
58.7,uav_02,1,passive_piecewise_source_clock_fit_v3,-7.919550417799397,-16.288823975638355,8.010000000000002,2.582449449802932,-0.05,0.0
58.8,uav_02,1,passive_piecewise_source_clock_fit_v3,-7.676746215198654,-16.295309046672035,8.010000000000002,2.6069401035457522,-0.05,0.0
58.9,uav_02,1,passive_piecewise_source_clock_fit_v3,-7.433942013400045,-16.2984021479391,8.010000000000002,2.6283708608343272,-0.052790286944775666,0.0
59.0,uav_02,1,passive_piecewise_source_clock_fit_v3,-7.189101447148668,-16.30639429105114,8.010000000000002,2.654221044233352,-0.06,0.0
59.1,uav_02,1,passive_piecewise_source_clock_fit_v3,-6.937304496377976,-16.307980320470246,8.010000000000002,2.672861514577152,-0.06,0.0
59.2,uav_02,1,passive_piecewise_source_clock_fit_v3,-6.685507545710283,-16.318312028895797,8.010000000000002,2.6915019849209507,-0.060750992460475356,0.0
59.3,uav_02,1,passive_piecewise_source_clock_fit_v3,-6.43364187131889,-16.328564779415526,8.010000000000002,2.710142455264749,-0.07,0.0
59.4,uav_02,1,passive_piecewise_source_clock_fit_v3,-6.172852172854106,-16.328564779415526,8.010000000000002,2.728782925608547,-0.07,0.0
59.5,uav_02,1,passive_piecewise_source_clock_fit_v3,-5.9180907276845565,-16.338319456286516,8.010000000000002,2.747599389850857,-0.07,0.0
59.6,uav_02,1,passive_piecewise_source_clock_fit_v3,-5.6339760773271905,-16.34962111126201,8.010000000000002,2.7589949189448433,-0.07,0.0
59.7,uav_02,1,passive_piecewise_source_clock_fit_v3,-5.345510572676934,-16.350735268173732,8.010000000000002,2.7693042461849453,-0.07,0.0
59.8,uav_02,1,passive_piecewise_source_clock_fit_v3,-5.0570450667085876,-16.361392148872433,8.010000000000002,2.789227146850089,-0.06038642657495551,0.0
59.9,uav_02,1,passive_piecewise_source_clock_fit_v3,-4.759005324828958,-16.372820290041286,8.010000000000002,2.7999229006651465,-0.06,0.0
60.0,uav_02,1,passive_piecewise_source_clock_fit_v3,-4.4702413618167975,-16.37316318684625,8.010000000000002,2.8102322279052485,-0.06,0.0
60.1,uav_02,1,passive_piecewise_source_clock_fit_v3,-4.172351296429175,-16.38399100091722,8.010000000000002,2.8205415551453488,-0.059458444854650926,0.0
60.2,uav_02,1,passive_piecewise_source_clock_fit_v3,-3.8830648070646285,-16.38493422483528,8.010000000000002,2.830850882385451,-0.05,0.0
60.3,uav_02,1,passive_piecewise_source_clock_fit_v3,-3.584652216473039,-16.395076245296327,8.010000000000002,2.84116020962555,-0.05,0.0
60.4,uav_02,1,passive_piecewise_source_clock_fit_v3,-3.2862396248283825,-16.39670526276644,8.010000000000002,2.851469536865652,-0.05,0.0
60.5,uav_02,1,passive_piecewise_source_clock_fit_v3,-2.9881669705621485,-16.406161489281605,8.010000000000002,2.8617671202457764,-0.04823287975422338,0.0
60.6,uav_02,1,passive_piecewise_source_clock_fit_v3,-2.6917244652294756,-16.406161489281605,8.010000000000002,2.8720083864714487,-0.04,0.0
60.7,uav_02,1,passive_piecewise_source_clock_fit_v3,-2.3937775803073387,-16.408630593233653,8.010000000000002,2.8822273789080417,-0.04,0.0
60.8,uav_02,1,passive_piecewise_source_clock_fit_v3,-2.092085416070757,-16.417246733660708,8.010000000000002,2.89,-0.04,0.0
60.9,uav_02,1,passive_piecewise_source_clock_fit_v3,-1.795642910823612,-16.417246733660708,8.010000000000002,2.8926321851484658,-0.04,0.0
61.0,uav_02,1,passive_piecewise_source_clock_fit_v3,-1.4992004062257522,-16.417246733660708,8.010000000000002,2.9,-0.03712654862586072,0.0
61.1,uav_02,1,passive_piecewise_source_clock_fit_v3,-1.1997526256437139,-16.42069947423729,8.010000000000002,2.9,-0.03,0.0
61.2,uav_02,1,passive_piecewise_source_clock_fit_v3,-0.8934287037905434,-16.428331978039814,8.010000000000002,2.9033559838254845,-0.03,0.0
61.3,uav_02,1,passive_piecewise_source_clock_fit_v3,-0.5905756349902513,-16.428331978039814,8.010000000000002,2.9135972500511564,-0.03,0.0
61.4,uav_02,1,passive_piecewise_source_clock_fit_v3,-0.29042948890763665,-16.428331978039814,8.010000000000002,2.92,-0.03,0.0
61.5,uav_02,1,passive_piecewise_source_clock_fit_v3,0.004106155533836572,-16.428331978039814,8.010000000000002,2.92,-0.03,0.0
61.6,uav_02,1,passive_piecewise_source_clock_fit_v3,0.2771538728032229,-16.428331978039814,8.010000000000002,2.9229082308345986,-0.03,0.0
61.7,uav_02,1,passive_piecewise_source_clock_fit_v3,0.544276385749192,-16.428331978039814,8.010000000000002,2.93,-0.03,0.0
61.8,uav_02,1,passive_piecewise_source_clock_fit_v3,0.8182414825605516,-16.428331978039814,8.010000000000002,2.93,-0.028772928925869617,0.0
61.9,uav_02,1,passive_piecewise_source_clock_fit_v3,1.0922065793719762,-16.428331978039814,8.010000000000002,2.93,-0.020386491193897554,0.0
62.0,uav_02,1,passive_piecewise_source_clock_fit_v3,1.3661716761833838,-16.428331978039814,8.010000000000002,2.93,-0.029545911313664158,0.0
62.1,uav_02,1,passive_piecewise_source_clock_fit_v3,1.640136772994774,-16.428331978039814,8.010000000000002,2.93,-0.021294668566569808,0.0
62.2,uav_02,1,passive_piecewise_source_clock_fit_v3,1.9141018698061791,-16.428331978039814,8.010000000000002,2.937864751553197,-0.02,0.0
62.3,uav_02,1,passive_piecewise_source_clock_fit_v3,2.1812896040911136,-16.428331978039814,8.010000000000002,2.94,-0.02,0.0
62.4,uav_02,1,passive_piecewise_source_clock_fit_v3,2.452383434605534,-16.428331978039814,8.010000000000002,2.94,-0.02,0.0
62.5,uav_02,1,passive_piecewise_source_clock_fit_v3,2.726348531416952,-16.428331978039814,8.010000000000002,2.94,-0.02,0.0
62.6,uav_02,1,passive_piecewise_source_clock_fit_v3,3.001491552923486,-16.428331978039814,8.010000000000002,2.9445418133522834,-0.02,0.0
62.7,uav_02,1,passive_piecewise_source_clock_fit_v3,3.277852934026313,-16.428331978039814,8.010000000000002,2.95,-0.02378134796403052,0.0
62.8,uav_02,1,passive_piecewise_source_clock_fit_v3,3.5571290521842087,-16.428331978039814,8.010000000000002,2.95,-0.03,0.0
62.9,uav_02,1,passive_piecewise_source_clock_fit_v3,3.8395549101560236,-16.428331978039814,8.010000000000002,2.95,-0.03,0.0
63.0,uav_02,1,passive_piecewise_source_clock_fit_v3,4.113594630098626,-16.428331978039814,8.010000000000002,2.95,-0.03,0.0
63.1,uav_02,1,passive_piecewise_source_clock_fit_v3,4.389956011201473,-16.428331978039814,8.010000000000002,2.95,-0.02936051358897874,0.0
63.2,uav_02,1,passive_piecewise_source_clock_fit_v3,4.666317392304322,-16.428331978039814,8.010000000000002,2.95,-0.020120978977230655,0.0
63.3,uav_02,1,passive_piecewise_source_clock_fit_v3,4.942678773407115,-16.418223836280507,8.010000000000002,2.95,-0.02,0.0
63.4,uav_02,1,passive_piecewise_source_clock_fit_v3,5.219040154509976,-16.417246733660708,8.010000000000002,2.95,-0.02,0.0
63.5,uav_02,1,passive_piecewise_source_clock_fit_v3,5.495401535612797,-16.417246733660708,8.010000000000002,2.95,-0.02,0.0
63.6,uav_02,1,passive_piecewise_source_clock_fit_v3,5.771762916715636,-16.417246733660708,8.010000000000002,2.95,-0.026837159469759047,0.0
63.7,uav_02,1,passive_piecewise_source_clock_fit_v3,6.079878953043013,-16.417246733660708,8.010000000000002,2.9569152679526507,-0.03,0.0
63.8,uav_02,1,passive_piecewise_source_clock_fit_v3,6.399598866285222,-16.417246733660708,8.010000000000002,2.96,-0.03,0.0
63.9,uav_02,1,passive_piecewise_source_clock_fit_v3,6.714843972569678,-16.417246733660708,8.010000000000002,2.96,-0.03,0.0
64.0,uav_02,1,passive_piecewise_source_clock_fit_v3,7.029342773473054,-16.40775887975478,8.010000000000002,2.96,-0.03,0.0
64.1,uav_02,1,passive_piecewise_source_clock_fit_v3,7.343841574376456,-16.406161489281605,8.010000000000002,2.96,-0.03,0.0
64.2,uav_02,1,passive_piecewise_source_clock_fit_v3,7.667591620054451,-16.406161489281605,8.010000000000002,2.96,-0.03,0.0
64.3,uav_02,1,passive_piecewise_source_clock_fit_v3,7.982487803635492,-16.406161489281605,8.010000000000002,2.959897280145697,-0.03,0.0
64.4,uav_02,1,passive_piecewise_source_clock_fit_v3,8.296986604538855,-16.406161489281605,8.010000000000002,2.95,-0.030617295171244573,0.0
64.5,uav_02,1,passive_piecewise_source_clock_fit_v3,8.611485405442258,-16.406161489281605,8.010000000000002,2.95,-0.04,0.0
64.6,uav_02,1,passive_piecewise_source_clock_fit_v3,8.925055707782066,-16.406161489281605,8.010000000000002,2.95,-0.04,0.0
64.7,uav_02,1,passive_piecewise_source_clock_fit_v3,9.232120812143497,-16.40443344511738,8.010000000000002,2.9515588688589247,-0.04,0.0
64.8,uav_02,1,passive_piecewise_source_clock_fit_v3,9.531047222963872,-16.395076245296327,8.010000000000002,2.96,-0.04,0.0
64.9,uav_02,1,passive_piecewise_source_clock_fit_v3,9.829973633784222,-16.395076245296327,8.010000000000002,2.96,-0.04,0.0
65.0,uav_02,1,passive_piecewise_source_clock_fit_v3,10.12844376977496,-16.395076245296327,8.010000000000002,2.96,-0.04,0.0
65.1,uav_02,1,passive_piecewise_source_clock_fit_v3,10.426219626624222,-16.395076245296327,8.010000000000002,2.9585653442475737,-0.04,0.0
65.2,uav_02,1,passive_piecewise_source_clock_fit_v3,10.733410419009166,-16.395076245296327,8.010000000000002,2.95,-0.04,0.0
65.3,uav_02,1,passive_piecewise_source_clock_fit_v3,11.032336829829475,-16.395076245296327,8.010000000000002,2.951422549199178,-0.04,0.0
65.4,uav_02,1,passive_piecewise_source_clock_fit_v3,11.331263240649863,-16.395076245296327,8.010000000000002,2.96,-0.04,0.0
65.5,uav_02,1,passive_piecewise_source_clock_fit_v3,11.630189651470207,-16.395076245296327,8.010000000000002,2.96,-0.04,0.0
65.6,uav_02,1,passive_piecewise_source_clock_fit_v3,11.928729627295692,-16.395076245296327,8.010000000000002,2.96,-0.04134798633798023,0.0
65.7,uav_02,1,passive_piecewise_source_clock_fit_v3,12.223998572864334,-16.395076245296327,8.010000000000002,2.959059443438928,-0.05,0.0
65.8,uav_02,1,passive_piecewise_source_clock_fit_v3,12.51108058571156,-16.395076245296327,8.010000000000002,2.95,-0.05,0.0
65.9,uav_02,1,passive_piecewise_source_clock_fit_v3,12.80083152738264,-16.395076245296327,8.010000000000002,2.95,-0.05,0.0
66.0,uav_02,1,passive_piecewise_source_clock_fit_v3,13.087752467297564,-16.395076245296327,8.010000000000002,2.95,-0.05,0.0
66.1,uav_02,1,passive_piecewise_source_clock_fit_v3,13.383753573672731,-16.395076245296327,8.010000000000002,2.9594108374534334,-0.05,0.0
66.2,uav_02,1,passive_piecewise_source_clock_fit_v3,13.671242974579725,-16.395076245296327,8.010000000000002,2.96,-0.05,0.0
66.3,uav_02,1,passive_piecewise_source_clock_fit_v3,13.958163914494646,-16.395076245296327,8.010000000000002,2.96,-0.05,0.0
66.4,uav_02,1,passive_piecewise_source_clock_fit_v3,14.245084854409576,-16.395076245296327,8.010000000000002,2.951811451877296,-0.05,0.0
66.5,uav_02,1,passive_piecewise_source_clock_fit_v3,14.539513505532582,-16.395076245296327,8.010000000000002,2.95,-0.05,0.0
66.6,uav_02,1,passive_piecewise_source_clock_fit_v3,14.828575361691726,-16.395076245296327,8.010000000000002,2.95,-0.05,0.0
66.7,uav_02,1,passive_piecewise_source_clock_fit_v3,15.118714182135273,-16.395076245296327,8.010000000000002,2.95,-0.05,0.0
66.8,uav_02,1,passive_piecewise_source_clock_fit_v3,15.41006615825799,-16.395076245296327,8.010000000000002,2.95,-0.05,0.0
66.9,uav_02,1,passive_piecewise_source_clock_fit_v3,15.701418134380736,-16.395076245296327,8.010000000000002,2.95,-0.05,0.0
67.0,uav_02,1,passive_piecewise_source_clock_fit_v3,15.992770110503479,-16.395076245296327,8.010000000000002,2.95,-0.05,0.0
67.1,uav_02,1,passive_piecewise_source_clock_fit_v3,16.289946664948687,-16.395076245296327,8.010000000000002,2.95,-0.05,0.0
67.2,uav_02,1,passive_piecewise_source_clock_fit_v3,16.583411736915227,-16.388735263384515,8.010000000000002,2.95,-0.05,0.0
67.3,uav_02,1,passive_piecewise_source_clock_fit_v3,16.873483593006647,-16.38399100091722,8.010000000000002,2.95,-0.05,0.0
67.4,uav_02,1,passive_piecewise_source_clock_fit_v3,17.164835568422067,-16.38399100091722,8.010000000000002,2.95,-0.05,0.0
67.5,uav_02,1,passive_piecewise_source_clock_fit_v3,17.456187543881,-16.38399100091722,8.010000000000002,2.95,-0.05,0.0
67.6,uav_02,1,passive_piecewise_source_clock_fit_v3,17.74753952000371,-16.38399100091722,8.010000000000002,2.95,-0.05,0.0
67.7,uav_02,1,passive_piecewise_source_clock_fit_v3,18.04839606794971,-16.38399100091722,8.010000000000002,2.95,-0.05,0.0
67.8,uav_02,1,passive_piecewise_source_clock_fit_v3,18.356372211350998,-16.38399100091722,8.010000000000002,2.95,-0.054672651611437625,0.0
67.9,uav_02,1,passive_piecewise_source_clock_fit_v3,18.659091677964252,-16.38399100091722,8.010000000000002,2.9404131783836256,-0.05520658919181272,0.0
68.0,uav_02,1,passive_piecewise_source_clock_fit_v3,18.963295856649843,-16.38399100091722,8.010000000000002,2.9051809595710325,-0.05,0.0
68.1,uav_02,1,passive_piecewise_source_clock_fit_v3,19.262567183288976,-16.38399100091722,8.010000000000002,2.844055495588213,-0.03973014159663228,0.0
68.2,uav_02,1,passive_piecewise_source_clock_fit_v3,19.550450487075995,-16.38399100091722,8.010000000000002,2.7679544928125317,-0.019488623203132965,0.0
68.3,uav_02,1,passive_piecewise_source_clock_fit_v3,19.833639665296786,-16.38399100091722,8.010000000000002,2.6816119716433646,0.000752895190363468,0.0
68.4,uav_02,1,passive_piecewise_source_clock_fit_v3,20.106220743444915,-16.37789721284812,8.010000000000002,2.585027932080694,0.03748603395965299,0.0
68.5,uav_02,1,passive_piecewise_source_clock_fit_v3,20.369879633890697,-16.360450451579766,8.010000000000002,2.4894383061018894,0.09370779593207386,0.0
68.6,uav_02,1,passive_piecewise_source_clock_fit_v3,20.628001441582573,-16.338012233952735,8.010000000000002,2.386874022960294,0.16017107629799476,0.0
68.7,uav_02,1,passive_piecewise_source_clock_fit_v3,20.869080099553898,-16.316232239362826,8.010000000000002,2.284374071287883,0.22893815009848217,0.0
68.8,uav_02,1,passive_piecewise_source_clock_fit_v3,21.090861323254618,-16.289199254844196,8.010000000000002,2.177953424128429,0.29619383592508336,0.0
68.9,uav_02,1,passive_piecewise_source_clock_fit_v3,21.304079568652206,-16.251950208611177,8.010000000000002,2.06265796271139,0.3634495217516892,0.0
69.0,uav_02,1,passive_piecewise_source_clock_fit_v3,21.508833153137072,-16.209347596975338,8.010000000000002,1.9429760430689,0.43070520757828457,0.0
69.1,uav_02,1,passive_piecewise_source_clock_fit_v3,21.699656621345724,-16.162317080581367,8.010000000000002,1.81407821319022,0.49796089340488997,0.0
69.2,uav_02,1,passive_piecewise_source_clock_fit_v3,21.878112208993056,-16.1050705023938,8.010000000000002,1.675964473075354,0.5688189476931446,0.0
69.3,uav_02,1,passive_piecewise_source_clock_fit_v3,22.03829292156785,-16.041377994103744,8.010000000000002,1.5291433888359842,0.6422497673842569,0.0
69.4,uav_02,1,passive_piecewise_source_clock_fit_v3,22.18294280782708,-15.97792778200127,8.010000000000002,1.3792258195327665,0.7090279508847089,0.0
69.5,uav_02,1,passive_piecewise_source_clock_fit_v3,22.319753688654586,-15.908866490502751,8.010000000000002,1.235106492761489,0.778609870527206,0.0
69.6,uav_02,1,passive_piecewise_source_clock_fit_v3,22.445806253922022,-15.823661267263953,8.010000000000002,1.0929213549241936,0.8535393225379032,0.0
69.7,uav_02,1,passive_piecewise_source_clock_fit_v3,22.55433840054768,-15.737897290051908,8.010000000000002,0.9614515936209732,0.9199876034348606,0.0
69.8,uav_02,1,passive_piecewise_source_clock_fit_v3,22.64807522047994,-15.649210885473668,8.010000000000002,0.846206374267983,0.9825290838213447,0.0
69.9,uav_02,1,passive_piecewise_source_clock_fit_v3,22.725268118784335,-15.560524480895435,8.010000000000002,0.7395343544243091,1.0536437637171272,0.0
70.0,uav_02,1,passive_piecewise_source_clock_fit_v3,22.794650640878615,-15.46286478665395,8.010000000000002,0.6409571400322405,1.1166636381613015,0.0
70.1,uav_02,1,passive_piecewise_source_clock_fit_v3,22.856527813149977,-15.356582246651925,8.010000000000002,0.5571427360527211,1.1788889830701057,0.0
70.2,uav_02,1,passive_piecewise_source_clock_fit_v3,22.91124309596778,-15.24746431983637,8.010000000000002,0.4825375723187002,1.2474624276812998,0.0
70.3,uav_02,1,passive_piecewise_source_clock_fit_v3,22.958248539950265,-15.127792792573121,8.010000000000002,0.41596032711226166,1.3189024833002725,0.0
70.4,uav_02,1,passive_piecewise_source_clock_fit_v3,23.001133483181857,-14.999690208213401,8.010000000000002,0.36123927300246006,1.393769308595572,0.0
70.5,uav_02,1,passive_piecewise_source_clock_fit_v3,23.041469760396282,-14.871587623951989,8.010000000000002,0.31943407845407734,1.4711318430918452,0.0
70.6,uav_02,1,passive_piecewise_source_clock_fit_v3,23.074300688535526,-14.740091147002,8.010000000000002,0.2838767385061866,1.5407157076141735,0.0
70.7,uav_02,1,passive_piecewise_source_clock_fit_v3,23.100437041718486,-14.59274621963051,8.010000000000002,0.248739548918718,1.6008403007208547,0.0
70.8,uav_02,1,passive_piecewise_source_clock_fit_v3,23.1347449967913,-14.454789590053187,8.010000000000002,0.22207154395779657,1.6186189706948024,0.0
70.9,uav_02,1,passive_piecewise_source_clock_fit_v3,23.155268033772764,-14.290195979721023,8.010000000000002,0.1644749167954152,1.6014916389318052,0.0
71.0,uav_02,1,passive_piecewise_source_clock_fit_v3,23.17463008685899,-14.123358970367775,8.010000000000002,0.09498568388819363,1.5442734433327374,0.0
71.1,uav_02,1,passive_piecewise_source_clock_fit_v3,23.184998329006667,-13.977187823735623,8.019321338354988,0.006107954805100416,1.4561079548051004,0.0
71.2,uav_02,1,passive_piecewise_source_clock_fit_v3,23.176626932000808,-13.832595748857795,8.02,-0.11225900718523893,1.365805744611071,0.0
71.3,uav_02,1,passive_piecewise_source_clock_fit_v3,23.16694590542038,-13.688003673953279,8.02,-0.24205045028646138,1.2661150382411837,0.0
71.4,uav_02,1,passive_piecewise_source_clock_fit_v3,23.139082859169427,-13.56430080002679,8.010577924913674,-0.3630649010359365,1.1563571740503915,0.0
71.5,uav_02,1,passive_piecewise_source_clock_fit_v3,23.101277691873577,-13.443095244323777,8.010000000000002,-0.48234440392206235,1.0563796633982814,0.0
71.6,uav_02,1,passive_piecewise_source_clock_fit_v3,23.044459563077172,-13.331234090508476,8.010000000000002,-0.5838923290721993,0.9561076709278006,0.0
71.7,uav_02,1,passive_piecewise_source_clock_fit_v3,22.986373400081746,-13.23045483467236,8.010000000000002,-0.6748053063589978,0.8651946936410022,0.0
71.8,uav_02,1,passive_piecewise_source_clock_fit_v3,22.91916311788471,-13.140835268904533,8.010000000000002,-0.7651075165530148,0.7748924834469852,0.0
71.9,uav_02,1,passive_piecewise_source_clock_fit_v3,22.83672426865827,-13.046123641581817,8.02,-0.8514539931782692,0.6787277559690145,0.0
72.0,uav_02,1,passive_piecewise_source_clock_fit_v3,22.74324366346309,-12.973474668601144,8.02,-0.9385206098919049,0.6033728589729629,0.0
72.1,uav_02,1,passive_piecewise_source_clock_fit_v3,22.646459909096354,-12.893736890888281,8.02,-1.0336937577406848,0.5314414014120721,0.0
72.2,uav_02,1,passive_piecewise_source_clock_fit_v3,22.529526498418367,-12.833931984316777,8.02,-1.12001377779991,0.479993111100045,0.0
72.3,uav_02,1,passive_piecewise_source_clock_fit_v3,22.404017514866638,-12.773850137355812,8.02,-1.2100752125910108,0.4366332388484396,0.0
72.4,uav_02,1,passive_piecewise_source_clock_fit_v3,22.275414329601464,-12.714183891892027,8.02,-1.3028534045843438,0.4017866488539141,0.0
72.5,uav_02,1,passive_piecewise_source_clock_fit_v3,22.130985820297045,-12.659918001350908,8.02,-1.3889732868655587,0.3802566782836103,-0.004871660858194842
72.6,uav_02,1,passive_piecewise_source_clock_fit_v3,21.975184812622427,-12.612185004725514,8.02,-1.4750931691467661,0.3530900615699627,-0.004363353856654221
72.7,uav_02,1,passive_piecewise_source_clock_fit_v3,21.813207108395982,-12.564452008352225,8.02,-1.5612130514279923,0.3207951057145029,0.0
72.8,uav_02,1,passive_piecewise_source_clock_fit_v3,21.65469291680972,-12.526316398736915,8.02,-1.6433564353005752,0.2833217823497124,0.0
72.9,uav_02,1,passive_piecewise_source_clock_fit_v3,21.487125811751923,-12.492999650746263,8.02,-1.7235032135962407,0.24993629490140973,0.0
73.0,uav_02,1,passive_piecewise_source_clock_fit_v3,21.306661250222735,-12.459682902755617,8.02,-1.8036499918918911,0.20646875506756807,0.0
73.1,uav_02,1,passive_piecewise_source_clock_fit_v3,21.123000967980744,-12.43382053380433,8.02,-1.8703475776406588,0.16310161490622735,0.0
73.2,uav_02,1,passive_piecewise_source_clock_fit_v3,20.932834670704114,-12.419084086199906,8.02,-1.9372006049228128,0.11628528219799084,0.0
73.3,uav_02,1,passive_piecewise_source_clock_fit_v3,20.73950805746913,-12.400483447396995,8.02,-2.000567745084149,0.07295483661056754,0.0
73.4,uav_02,1,passive_piecewise_source_clock_fit_v3,20.53309860326367,-12.38578767662594,8.02,-2.060677828805898,0.03288144746273471,0.0
73.5,uav_02,1,passive_piecewise_source_clock_fit_v3,20.321868049367577,-12.382217826925741,8.02,-2.1136533931746166,-0.0001920359047700125,0.0
73.6,uav_02,1,passive_piecewise_source_clock_fit_v3,20.10990275379971,-12.382217826925741,8.02,-2.163581663541142,-0.030148998124685127,0.0
73.7,uav_02,1,passive_piecewise_source_clock_fit_v3,19.89074543723443,-12.382217826925741,8.02,-2.2069387199807466,-0.06020403998555974,0.0
73.8,uav_02,1,passive_piecewise_source_clock_fit_v3,19.687558664410194,-12.382217826925741,8.02,-2.249453004442821,-0.07589060088856421,0.0
73.9,uav_02,1,passive_piecewise_source_clock_fit_v3,19.489159331795033,-12.382217826925741,8.02,-2.2885180363185667,-0.0846295090796416,0.0
74.0,uav_02,1,passive_piecewise_source_clock_fit_v3,19.286794993072018,-12.385951799654753,8.02,-2.3234736690828703,-0.09336841727071757,0.0
74.1,uav_02,1,passive_piecewise_source_clock_fit_v3,19.08239737451882,-12.39563909268405,8.02,-2.3584293018471785,-0.1,0.0
74.2,uav_02,1,passive_piecewise_source_clock_fit_v3,18.87160118884824,-12.404388315290124,8.02,-2.393384934611489,-0.1,0.0
74.3,uav_02,1,passive_piecewise_source_clock_fit_v3,18.660805003177664,-12.404388315290124,8.02,-2.4283405673757983,-0.1,0.0
74.4,uav_02,1,passive_piecewise_source_clock_fit_v3,18.43986795036998,-12.41370893436711,8.02,-2.4552243940455356,-0.1,0.0
74.5,uav_02,1,passive_piecewise_source_clock_fit_v3,18.22024057349278,-12.4234138736285,8.02,-2.488651832904415,-0.1,0.0
74.6,uav_02,1,passive_piecewise_source_clock_fit_v3,18.001012539676477,-12.426558803654506,8.02,-2.517705599251539,-0.09409813358282035,0.0
74.7,uav_02,1,passive_piecewise_source_clock_fit_v3,17.777306795331626,-12.431703215718594,8.02,-2.5392815492165144,-0.09,0.0
74.8,uav_02,1,passive_piecewise_source_clock_fit_v3,17.54964691410435,-12.441390509009059,8.02,-2.5601390483980033,-0.09,0.0
74.9,uav_02,1,passive_piecewise_source_clock_fit_v3,17.311797623634874,-12.451511377897686,8.02,-2.5875291590027194,-0.09,0.0
75.0,uav_02,1,passive_piecewise_source_clock_fit_v3,17.03934635630997,-12.459814536397994,8.02,-2.6157239640494594,-0.09,0.0
75.1,uav_02,1,passive_piecewise_source_clock_fit_v3,16.762769300612796,-12.463377604844734,8.02,-2.6364284887637752,-0.09,0.0
75.2,uav_02,1,passive_piecewise_source_clock_fit_v3,16.489638263541313,-12.474853340655306,8.02,-2.660699520217138,-0.09356650673904592,0.0
75.3,uav_02,1,passive_piecewise_source_clock_fit_v3,16.206178828437192,-12.486329076311545,8.02,-2.6878375381924084,-0.1,0.0
75.4,uav_02,1,passive_piecewise_source_clock_fit_v3,15.920632915082564,-12.49780481188262,8.02,-2.704271031453363,-0.1,0.0
75.5,uav_02,1,passive_piecewise_source_clock_fit_v3,15.636493711114063,-12.509280547693189,8.02,-2.7192465876210403,-0.1,0.0
75.6,uav_02,1,passive_piecewise_source_clock_fit_v3,15.346826837358586,-12.520756283307808,8.02,-2.7349755561676776,-0.09502444383232242,0.0
75.7,uav_02,1,passive_piecewise_source_clock_fit_v3,15.058635981451769,-12.53217354350431,8.02,-2.750550135692746,-0.09,0.0
75.8,uav_02,1,passive_piecewise_source_clock_fit_v3,14.770291192648788,-12.537411246264075,8.02,-2.7655800808819944,-0.09,0.0
75.9,uav_02,1,passive_piecewise_source_clock_fit_v3,14.484440285704364,-12.543836216545149,8.02,-2.775795966296588,-0.09,0.0
76.0,uav_02,1,passive_piecewise_source_clock_fit_v3,14.195729907831153,-12.555048139713518,8.02,-2.791820486908614,-0.0840897565456929,0.0
76.1,uav_02,1,passive_piecewise_source_clock_fit_v3,13.90877604912815,-12.566260062953585,8.02,-2.806024520612027,-0.08,0.0
76.2,uav_02,1,passive_piecewise_source_clock_fit_v3,13.619845147165554,-12.577471986354718,8.013861202230252,-2.816138797769748,-0.07386120223025164,0.0
76.3,uav_02,1,passive_piecewise_source_clock_fit_v3,13.327078452934842,-12.588683909509587,8.010000000000002,-2.82,-0.07,0.0
76.4,uav_02,1,passive_piecewise_source_clock_fit_v3,13.034311759047704,-12.599895832763158,8.010000000000002,-2.832734704170378,-0.0636326479148109,0.0
76.5,uav_02,1,passive_piecewise_source_clock_fit_v3,12.739649948734137,-12.603922711751052,8.010000000000002,-2.84,-0.06,0.0
76.6,uav_02,1,passive_piecewise_source_clock_fit_v3,12.445883782529672,-12.61134528763011,8.01669590640063,-2.8466959064006288,-0.05330409359937148,0.0
76.7,uav_02,1,passive_piecewise_source_clock_fit_v3,12.153117088222512,-12.62255721076304,8.01318981644165,-2.8568101835583497,-0.05,0.0
76.8,uav_02,1,passive_piecewise_source_clock_fit_v3,11.860350394411803,-12.633769134038548,8.010000000000002,-2.86,-0.04307553928393019,0.0
76.9,uav_02,1,passive_piecewise_source_clock_fit_v3,11.57723461475907,-12.63717844449454,8.010000000000002,-2.8664890247323216,-0.03351097526767856,0.0
77.0,uav_02,1,passive_piecewise_source_clock_fit_v3,11.303944878585394,-12.643622734363902,8.010000000000002,-2.8758133944990063,-0.03,0.0
77.1,uav_02,1,passive_piecewise_source_clock_fit_v3,11.029085514313191,-12.648263688873644,8.010000000000002,-2.88,-0.03,0.0
77.2,uav_02,1,passive_piecewise_source_clock_fit_v3,10.754491997867936,-12.653210073318036,8.010000000000002,-2.884462134032378,-0.02553786596762196,0.0
77.3,uav_02,1,passive_piecewise_source_clock_fit_v3,10.48093641523837,-12.663546364854426,8.010000000000002,-2.89,-0.02,0.0
77.4,uav_02,1,passive_piecewise_source_clock_fit_v3,10.20503911729795,-12.670434177238027,8.010000000000002,-2.893110873565751,-0.02,0.0
77.5,uav_02,1,passive_piecewise_source_clock_fit_v3,9.932787314792458,-12.673133703984291,8.010000000000002,-2.9,-0.02,0.0
77.6,uav_02,1,passive_piecewise_source_clock_fit_v3,9.653888450843356,-12.681519421617134,8.010000000000002,-2.901759613099121,-0.018240386900878997,0.0
77.7,uav_02,1,passive_piecewise_source_clock_fit_v3,9.374989586894237,-12.682721043071467,8.010000000000002,-2.91,-0.01,0.0
77.8,uav_02,1,passive_piecewise_source_clock_fit_v3,9.096601758212753,-12.692604665602412,8.010000000000002,-2.91,-0.01,0.0
77.9,uav_02,1,passive_piecewise_source_clock_fit_v3,8.829371930826609,-12.692604665602412,8.010000000000002,-2.91,-0.01,0.0
78.0,uav_02,1,passive_piecewise_source_clock_fit_v3,8.562446217791521,-12.702107117759427,8.010000000000002,-2.91,-0.01,0.0
78.1,uav_02,1,passive_piecewise_source_clock_fit_v3,8.29553297469505,-12.703689909981513,8.010000000000002,-2.9174958198963936,-0.0025041801036063804,0.0
78.2,uav_02,1,passive_piecewise_source_clock_fit_v3,8.028619731598495,-12.710806056899154,8.010000000000002,-2.92,0.0,0.0
78.3,uav_02,1,passive_piecewise_source_clock_fit_v3,7.761706488501998,-12.714775154360618,8.010000000000002,-2.92,0.0,0.0
78.4,uav_02,1,passive_piecewise_source_clock_fit_v3,7.494793245405476,-12.714775154360618,8.010000000000002,-2.92,0.0,0.0
78.5,uav_02,1,passive_piecewise_source_clock_fit_v3,7.227880002308974,-12.718311843293542,8.010000000000002,-2.92,0.0,0.0
78.6,uav_02,1,passive_piecewise_source_clock_fit_v3,6.96096675921248,-12.725860398345896,8.010000000000002,-2.922114104442569,0.0,0.0
78.7,uav_02,1,passive_piecewise_source_clock_fit_v3,6.6937399785693,-12.725860398345896,8.010000000000002,-2.93,0.0010482437897007127,0.0
78.8,uav_02,1,passive_piecewise_source_clock_fit_v3,6.424149198331009,-12.725928481989191,8.010000000000002,-2.93,0.01,0.0
78.9,uav_02,1,passive_piecewise_source_clock_fit_v3,6.15723595523447,-12.73582057374861,8.010000000000002,-2.93,0.01,0.0
79.0,uav_02,1,passive_piecewise_source_clock_fit_v3,5.890322712137967,-12.736945642725003,8.010000000000002,-2.93,0.01,0.0
79.1,uav_02,1,passive_piecewise_source_clock_fit_v3,5.587723405015507,-12.736945642725003,8.010000000000002,-2.93,0.01802547400810898,0.0
79.2,uav_02,1,passive_piecewise_source_clock_fit_v3,5.274201253624396,-12.736945642725003,8.010000000000002,-2.93,0.02,0.0
79.3,uav_02,1,passive_piecewise_source_clock_fit_v3,4.960679102233392,-12.746910524054828,8.010000000000002,-2.93,0.02,0.0
79.4,uav_02,1,passive_piecewise_source_clock_fit_v3,4.647156952140924,-12.748030887104107,8.010000000000002,-2.93,0.02,0.0
79.5,uav_02,1,passive_piecewise_source_clock_fit_v3,4.3240313596471225,-12.748030887104107,8.010000000000002,-2.93,0.02,0.0
79.6,uav_02,1,passive_piecewise_source_clock_fit_v3,4.01046402060797,-12.748030887104107,8.010000000000002,-2.93,0.02,0.0
79.7,uav_02,1,passive_piecewise_source_clock_fit_v3,3.696941869216849,-12.749047418550754,8.010000000000002,-2.93,0.02091701314648273,0.0
79.8,uav_02,1,passive_piecewise_source_clock_fit_v3,3.383419717825846,-12.759116131089385,8.010000000000002,-2.9313989363362096,0.03,0.0
79.9,uav_02,1,passive_piecewise_source_clock_fit_v3,3.069897566434726,-12.759116131089385,8.010000000000002,-2.94,0.03,0.0
80.0,uav_02,1,passive_piecewise_source_clock_fit_v3,2.755497294111682,-12.759116131089385,8.010000000000002,-2.94,0.03,0.0
80.1,uav_02,1,passive_piecewise_source_clock_fit_v3,2.4342532301305044,-12.759116131089385,8.010000000000002,-2.94,0.03,0.0
80.2,uav_02,1,passive_piecewise_source_clock_fit_v3,2.106940427826079,-12.763276015068545,8.010000000000002,-2.94,0.03,0.0
80.3,uav_02,1,passive_piecewise_source_clock_fit_v3,1.7863485246486333,-12.77020137546849,8.010000000000002,-2.94,0.03,0.0
80.4,uav_02,1,passive_piecewise_source_clock_fit_v3,1.465756621471119,-12.77020137546849,8.010000000000002,-2.94,0.03518920129576883,0.0
80.5,uav_02,1,passive_piecewise_source_clock_fit_v3,1.1451647182936788,-12.77020137546849,8.010000000000002,-2.94,0.04,0.0
80.6,uav_02,1,passive_piecewise_source_clock_fit_v3,0.8181798556534962,-12.77020137546849,8.010000000000002,-2.94,0.04,0.0
80.7,uav_02,1,passive_piecewise_source_clock_fit_v3,0.49433228448641386,-12.77020137546849,8.010000000000002,-2.94,0.04,0.0
80.8,uav_02,1,passive_piecewise_source_clock_fit_v3,0.17130451642194847,-12.77020137546849,8.010000000000002,-2.94,0.04,0.0
80.9,uav_02,1,passive_piecewise_source_clock_fit_v3,-0.14984259655695992,-12.77020137546849,8.010000000000002,-2.94,0.04888062521024264,0.0
81.0,uav_02,1,passive_piecewise_source_clock_fit_v3,-0.44782679680077253,-12.77020137546849,8.010000000000002,-2.94,0.04143327476249924,0.0
81.1,uav_02,1,passive_piecewise_source_clock_fit_v3,-0.7353278996684935,-12.77020137546849,8.010000000000002,-2.94,0.048132457265198686,0.0
81.2,uav_02,1,passive_piecewise_source_clock_fit_v3,-1.0214460891142458,-12.77020137546849,8.010000000000002,-2.94,0.04230181070710203,0.0
81.3,uav_02,1,passive_piecewise_source_clock_fit_v3,-1.3075642785598984,-12.77020137546849,8.010000000000002,-2.94,0.04726392132059392,0.0
81.4,uav_02,1,passive_piecewise_source_clock_fit_v3,-1.5936824680056283,-12.77777221310753,8.010000000000002,-2.94,0.05,0.0
81.5,uav_02,1,passive_piecewise_source_clock_fit_v3,-1.8859713265420015,-12.781286619847595,8.010000000000002,-2.94,0.05,0.0
81.6,uav_02,1,passive_piecewise_source_clock_fit_v3,-2.17556747434932,-12.781286619847595,8.010000000000002,-2.94,0.05,0.0
81.7,uav_02,1,passive_piecewise_source_clock_fit_v3,-2.4616856637950724,-12.781286619847595,8.010000000000002,-2.94,0.05,0.0
81.8,uav_02,1,passive_piecewise_source_clock_fit_v3,-2.7478038532407423,-12.781286619847595,8.010000000000002,-2.94,0.05,0.0
81.9,uav_02,1,passive_piecewise_source_clock_fit_v3,-3.033922042686455,-12.781286619847595,8.010000000000002,-2.94,0.05,0.0
82.0,uav_02,1,passive_piecewise_source_clock_fit_v3,-3.311316948334782,-12.781286619847595,8.010000000000002,-2.94,0.05,0.0
82.1,uav_02,1,passive_piecewise_source_clock_fit_v3,-3.5760583601328575,-12.781286619847595,8.010000000000002,-2.94,0.05,0.0
82.2,uav_02,1,passive_piecewise_source_clock_fit_v3,-3.8366784224667163,-12.781286619847595,8.010000000000002,-2.94,0.05,0.0
82.3,uav_02,1,passive_piecewise_source_clock_fit_v3,-4.097298484800539,-12.781286619847595,8.010000000000002,-2.94,0.05,0.0
82.4,uav_02,1,passive_piecewise_source_clock_fit_v3,-4.357918547134397,-12.781286619847595,8.010000000000002,-2.94,0.05,0.0
82.5,uav_02,1,passive_piecewise_source_clock_fit_v3,-4.618538608465291,-12.781286619847595,8.010000000000002,-2.94,0.05,0.0
82.6,uav_02,1,passive_piecewise_source_clock_fit_v3,-4.879158670430778,-12.781286619847595,8.010000000000002,-2.933972841148763,0.05,0.0
82.7,uav_02,1,passive_piecewise_source_clock_fit_v3,-5.1443525852814265,-12.781286619847595,8.010000000000002,-2.93,0.05,0.0
82.8,uav_02,1,passive_piecewise_source_clock_fit_v3,-5.410047423921879,-12.781286619847595,8.010000000000002,-2.93,0.05,0.0
82.9,uav_02,1,passive_piecewise_source_clock_fit_v3,-5.671322179218322,-12.781286619847595,8.010000000000002,-2.93,0.05,0.0
83.0,uav_02,1,passive_piecewise_source_clock_fit_v3,-5.934278623277919,-12.781286619847595,8.010000000000002,-2.930980191888485,0.05,0.0
83.1,uav_02,1,passive_piecewise_source_clock_fit_v3,-6.194898685611742,-12.781286619847595,8.010000000000002,-2.939693450147797,0.05,0.0
83.2,uav_02,1,passive_piecewise_source_clock_fit_v3,-6.5017063129854336,-12.781286619847595,8.010000000000002,-2.94,0.05,0.0
83.3,uav_02,1,passive_piecewise_source_clock_fit_v3,-6.810453501394266,-12.781286619847595,8.010000000000002,-2.94,0.05,0.0
83.4,uav_02,1,passive_piecewise_source_clock_fit_v3,-7.128338645843941,-12.781286619847595,8.010000000000002,-2.9394216195511906,0.05,0.0
83.5,uav_02,1,passive_piecewise_source_clock_fit_v3,-7.43683049854696,-12.781286619847595,8.010000000000002,-2.929107873328338,0.05,0.0
83.6,uav_02,1,passive_piecewise_source_clock_fit_v3,-7.745322351250061,-12.781286619847595,8.010000000000002,-2.9187941271054823,0.05120587289451749,0.0
83.7,uav_02,1,passive_piecewise_source_clock_fit_v3,-8.053814203953205,-12.781286619847595,8.010000000000002,-2.9069607617652515,0.06,0.0
83.8,uav_02,1,passive_piecewise_source_clock_fit_v3,-8.360537110489744,-12.781286619847595,8.01183336534023,-2.886333269319541,0.05816663465977034,0.0
83.9,uav_02,1,passive_piecewise_source_clock_fit_v3,-8.66114928053601,-12.781286619847595,8.02,-2.8614115537476565,0.05,0.0
84.0,uav_02,1,passive_piecewise_source_clock_fit_v3,-8.967266743240089,-12.781286619847595,8.02,-2.822617426642183,0.05,0.0
84.1,uav_02,1,passive_piecewise_source_clock_fit_v3,-9.262148505875212,-12.781286619847595,8.02,-2.7890419116738827,0.052739522081529294,0.0
84.2,uav_02,1,passive_piecewise_source_clock_fit_v3,-9.549071243247324,-12.781286619847595,8.02,-2.7455303865666427,0.06,0.0
84.3,uav_02,1,passive_piecewise_source_clock_fit_v3,-9.835978955745437,-12.781286619847595,8.02,-2.6949689912722694,0.06,0.0
84.4,uav_02,1,passive_piecewise_source_clock_fit_v3,-10.111093678825867,-12.781286619847595,8.02,-2.6376732089571093,0.06,0.0
84.5,uav_02,1,passive_piecewise_source_clock_fit_v3,-10.38620840144373,-12.781286619847595,8.02,-2.5697627115426274,0.06,0.0
84.6,uav_02,1,passive_piecewise_source_clock_fit_v3,-10.657891858225602,-12.781286619847595,8.02,-2.5015502300674566,0.06,0.0
84.7,uav_02,1,passive_piecewise_source_clock_fit_v3,-10.91957289240399,-12.781286619847595,8.02,-2.416343950337802,0.06,0.0
84.8,uav_02,1,passive_piecewise_source_clock_fit_v3,-11.171251502161393,-12.776937988326253,8.02,-2.3246938918497317,0.06392290090558533,0.0
84.9,uav_02,1,passive_piecewise_source_clock_fit_v3,-11.412927688060927,-12.77020137546849,8.02,-2.224831351886456,0.07,0.0
85.0,uav_02,1,passive_piecewise_source_clock_fit_v3,-11.645563003536834,-12.77020137546849,8.02,-2.1123379936710966,0.07,0.0
85.1,uav_02,1,passive_piecewise_source_clock_fit_v3,-11.862691804517693,-12.77020137546849,8.02,-2.002653572436534,0.07,0.0
85.2,uav_02,1,passive_piecewise_source_clock_fit_v3,-12.058646872290444,-12.77020137546849,8.02,-1.8933296143620553,0.07,0.0
85.3,uav_02,1,passive_piecewise_source_clock_fit_v3,-12.2436106492314,-12.77020137546849,8.02,-1.7783098769751766,0.07,0.0
85.4,uav_02,1,passive_piecewise_source_clock_fit_v3,-12.422671096722372,-12.766810227353602,8.02,-1.6571718295196791,0.07,0.0
85.5,uav_02,1,passive_piecewise_source_clock_fit_v3,-12.58403604413815,-12.759116131089385,8.02,-1.5229821359016789,0.07,0.0
85.6,uav_02,1,passive_piecewise_source_clock_fit_v3,-12.732007065792713,-12.759116131089385,8.02,-1.3865633310182128,0.07,0.0
85.7,uav_02,1,passive_piecewise_source_clock_fit_v3,-12.874727044657911,-12.759116131089385,8.02,-1.2409745699035764,0.07,0.0
85.8,uav_02,1,passive_piecewise_source_clock_fit_v3,-12.993603592113937,-12.759116131089385,8.02,-1.0904130550476,0.07,0.0
85.9,uav_02,1,passive_piecewise_source_clock_fit_v3,-13.103632389304755,-12.758025292519026,8.02,-0.9552393158173956,0.07,0.0
86.0,uav_02,1,passive_piecewise_source_clock_fit_v3,-13.204264407400663,-12.748030887104107,8.02,-0.8103265966283385,0.07,0.0
86.1,uav_02,1,passive_piecewise_source_clock_fit_v3,-13.287248892325339,-12.748030887104107,8.02,-0.6466168180548644,0.07,0.0
86.2,uav_02,1,passive_piecewise_source_clock_fit_v3,-13.354427186698492,-12.748030887104107,8.02,-0.4358615865123415,0.06981189029601553,-0.00018810970398447735
86.3,uav_02,1,passive_piecewise_source_clock_fit_v3,-13.39291220480083,-12.747794787306907,8.02,-0.21552730136417636,0.06,-0.01
86.4,uav_02,1,passive_piecewise_source_clock_fit_v3,-13.421241582744678,-12.736945642725003,8.019857878692347,-0.007157573846960686,0.05985787869234803,-0.01
86.5,uav_02,1,passive_piecewise_source_clock_fit_v3,-13.420915213827186,-12.736945642725003,8.010000000000002,0.19321341508022744,0.05,-0.009830872890514345
86.6,uav_02,1,passive_piecewise_source_clock_fit_v3,-13.40137660242437,-12.736945642725003,8.010000000000002,0.38294199366974885,0.05,0.0
86.7,uav_02,1,passive_piecewise_source_clock_fit_v3,-13.371921951523152,-12.736945642725003,8.010000000000002,0.5324545258446689,0.05,0.0
86.8,uav_02,1,passive_piecewise_source_clock_fit_v3,-13.323307171893905,-12.736945642725003,8.010000000000002,0.6420011561198725,0.05,0.0
86.9,uav_02,1,passive_piecewise_source_clock_fit_v3,-13.265259061741155,-12.736945642725003,8.01027715031682,0.7213857515840961,0.05,0.0
87.0,uav_02,1,passive_piecewise_source_clock_fit_v3,-13.206917483975944,-12.736945642725003,8.02,0.7715207805932643,0.05030415611865288,0.0
87.1,uav_02,1,passive_piecewise_source_clock_fit_v3,-13.139102539367606,-12.736611195450374,8.02,0.8218102295079375,0.06,0.0
87.2,uav_02,1,passive_piecewise_source_clock_fit_v3,-13.068589601213922,-12.726484714850743,8.02,0.8766208241325317,0.06,0.0
87.3,uav_02,1,passive_piecewise_source_clock_fit_v3,-12.990550315848159,-12.725860398345896,8.02,0.9309171045695513,0.06848618409492523,0.0
87.4,uav_02,1,passive_piecewise_source_clock_fit_v3,-12.912016530204472,-12.725860398345896,8.02,0.9927095254558816,0.0775299322079831,0.0
87.5,uav_02,1,passive_piecewise_source_clock_fit_v3,-12.827140045320004,-12.718573313321903,8.02,1.0691631228893477,0.08657368032103863,0.0
87.6,uav_02,1,passive_piecewise_source_clock_fit_v3,-12.729040188434524,-12.714775154360618,8.02,1.1449394274727567,0.09561742843409457,0.0
87.7,uav_02,1,passive_piecewise_source_clock_fit_v3,-12.624328474656288,-12.709608126248684,8.02,1.22195058892437,0.10466117654715223,0.0
87.8,uav_02,1,passive_piecewise_source_clock_fit_v3,-12.516042017099554,-12.703689909981513,8.02,1.3033443219418819,0.1062950753397909,-0.003704924660209098
87.9,uav_02,1,passive_piecewise_source_clock_fit_v3,-12.399952235355174,-12.700642939040527,8.02,1.3847380549594082,0.09725132722673242,-0.01
88.0,uav_02,1,passive_piecewise_source_clock_fit_v3,-12.276059128691166,-12.692604665602412,8.02,1.4661317879769136,0.08462273734102882,-0.01
88.1,uav_02,1,passive_piecewise_source_clock_fit_v3,-12.144362697336815,-12.692604665602412,8.02,1.5475255209944114,0.057491493001862834,-0.01
88.2,uav_02,1,passive_piecewise_source_clock_fit_v3,-12.004747079792526,-12.692604665602412,8.02,1.6289192540119304,0.030360248662689826,-0.01
88.3,uav_02,1,passive_piecewise_source_clock_fit_v3,-11.83321205927737,-12.692986809691744,8.010000000000002,1.7124131255332278,-0.0006894644380650725,-0.009655267780967465
88.4,uav_02,1,passive_piecewise_source_clock_fit_v3,-11.660447955393968,-12.703689909981513,8.010000000000002,1.7866293613301347,-0.02,0.0
88.5,uav_02,1,passive_piecewise_source_clock_fit_v3,-11.47608566059528,-12.70513056163618,8.010000000000002,1.8690972839549473,-0.018700388006436107,0.0
88.6,uav_02,1,passive_piecewise_source_clock_fit_v3,-11.277090296360432,-12.716655817062165,8.011696546060731,1.940179276364386,-0.008303453939269,0.0
88.7,uav_02,1,passive_piecewise_source_clock_fit_v3,-11.080686887167179,-12.725860398345896,8.02,2.003082904047777,0.006541452023888494,0.0
88.8,uav_02,1,passive_piecewise_source_clock_fit_v3,-10.868260090109969,-12.725860398345896,8.02,2.063322109775976,0.040657687820781004,0.0
88.9,uav_02,1,passive_piecewise_source_clock_fit_v3,-10.655833293052742,-12.722370364578707,8.02,2.115741799512142,0.08574179951214232,0.0
89.0,uav_02,1,passive_piecewise_source_clock_fit_v3,-10.436397158246113,-12.710748663428499,8.02,2.164529191398645,0.1345291913986451,0.0
89.1,uav_02,1,passive_piecewise_source_clock_fit_v3,-10.207710841462802,-12.699126962008457,8.02,2.2064649431875716,0.17646494318757147,0.0
89.2,uav_02,1,passive_piecewise_source_clock_fit_v3,-9.98956479253153,-12.687946577963134,8.02,2.242606184344156,0.2126061843441558,0.0
89.3,uav_02,1,passive_piecewise_source_clock_fit_v3,-9.77619472771457,-12.67305726140579,8.02,2.2714505732872623,0.2376337155248415,0.0
89.4,uav_02,1,passive_piecewise_source_clock_fit_v3,-9.558965634155609,-12.655518629746746,8.02,2.3003659507646277,0.25691063384308505,0.0
89.5,uav_02,1,passive_piecewise_source_clock_fit_v3,-9.337202469150434,-12.64154171937744,8.02,2.3260638893165724,0.2760638893165726,0.0
89.6,uav_02,1,passive_piecewise_source_clock_fit_v3,-9.115439304145283,-12.62030986772227,8.02,2.3478257171850867,0.29260857239502897,0.0
89.7,uav_02,1,passive_piecewise_source_clock_fit_v3,-8.893676139140057,-12.599078016341515,8.02,2.37437040026355,0.3,0.0
89.8,uav_02,1,passive_piecewise_source_clock_fit_v3,-8.670213052061033,-12.575893135713116,8.02,2.3952854836055577,0.3,0.0
89.9,uav_02,1,passive_piecewise_source_clock_fit_v3,-8.439209755544221,-12.545529069148193,8.02,2.422676911210528,0.3,0.0
90.0,uav_02,1,passive_piecewise_source_clock_fit_v3,-8.208206458023312,-12.524297217426327,8.02,2.442745250026025,0.29908491665799153,0.0
90.1,uav_02,1,passive_piecewise_source_clock_fit_v3,-7.977203161622667,-12.50306536604558,8.02,2.4709834221575013,0.29,0.0
90.2,uav_02,1,passive_piecewise_source_clock_fit_v3,-7.746029505497418,-12.481824286316844,8.02,2.4901450025221505,0.28992749873892476,0.0
90.3,uav_02,1,passive_piecewise_source_clock_fit_v3,-7.4911531025906,-12.459299224745303,8.02,2.5104648626987567,0.28,0.0
90.4,uav_02,1,passive_piecewise_source_clock_fit_v3,-7.236276698322534,-12.436774163564733,8.02,2.5307847228753664,0.28,0.0
90.5,uav_02,1,passive_piecewise_source_clock_fit_v3,-6.981400294054512,-12.414249102362415,8.02,2.551104583051972,0.28,0.0
90.6,uav_02,1,passive_piecewise_source_clock_fit_v3,-6.726700791764063,-12.391739674771179,8.02,2.5707051699151338,0.2814103398302682,0.0
90.7,uav_02,1,passive_piecewise_source_clock_fit_v3,-6.47341110839543,-12.368564735480756,8.02,2.581544303405181,0.3023164551077717,-0.0007721517025905804
90.8,uav_02,1,passive_piecewise_source_clock_fit_v3,-6.209631097086629,-12.33581037895318,8.02,2.600932081790894,0.33372832716357487,-0.01
90.9,uav_02,1,passive_piecewise_source_clock_fit_v3,-5.9537010512390145,-12.312074795918035,8.02,2.611092011879197,0.3743680475167884,-0.01
91.0,uav_02,1,passive_piecewise_source_clock_fit_v3,-5.689021708763012,-12.276899395681303,8.02,2.62,0.4150077678700015,-0.01
91.1,uav_02,1,passive_piecewise_source_clock_fit_v3,-5.424342365259188,-12.231849272920044,8.02,2.6214118720558033,0.4542356161674097,-0.008588127944196769
91.2,uav_02,1,passive_piecewise_source_clock_fit_v3,-5.162708913588483,-12.187317580293028,8.018545116825182,2.631454883174817,0.4814548831748172,0.0
91.3,uav_02,1,passive_piecewise_source_clock_fit_v3,-4.917717822766781,-12.146570817559704,8.010859063846175,2.64,0.49,0.0
91.4,uav_02,1,passive_piecewise_source_clock_fit_v3,-4.672657460587857,-12.114992922258171,8.02,2.640531807106124,0.4894681928938761,0.0
91.5,uav_02,1,passive_piecewise_source_clock_fit_v3,-4.425191710980617,-12.072872664045873,8.02,2.6595301518967425,0.4704698481032577,0.0
91.6,uav_02,1,passive_piecewise_source_clock_fit_v3,-4.180139419367542,-12.031163191292602,8.02,2.669171605860242,0.4516567882795162,0.0
91.7,uav_02,1,passive_piecewise_source_clock_fit_v3,-3.926873870434581,-11.998970604236646,8.02,2.6871515730631974,0.4242726404052036,0.0
91.8,uav_02,1,passive_piecewise_source_clock_fit_v3,-3.680508608900689,-11.958850323670639,8.02,2.705959934405909,0.3880801311881821,0.0
91.9,uav_02,1,passive_piecewise_source_clock_fit_v3,-3.428392827877279,-11.925336776041917,8.02,2.717384147874313,0.3504634085027501,0.0
92.0,uav_02,1,passive_piecewise_source_clock_fit_v3,-3.1743279931177226,-11.901587512219548,8.02,2.733576657091337,0.31963501436299446,0.0
92.1,uav_02,1,passive_piecewise_source_clock_fit_v3,-2.920263157867784,-11.87387343660541,8.02,2.7461925092170234,0.2914224723489299,0.0
92.2,uav_02,1,passive_piecewise_source_clock_fit_v3,-2.6661983221774315,-11.848803212210274,8.02,2.75559668988838,0.26880662022324026,0.0
92.3,uav_02,1,passive_piecewise_source_clock_fit_v3,-2.3986450080334185,-11.82726725412706,8.02,2.7653104848757155,0.25468951512428456,0.0
92.4,uav_02,1,passive_piecewise_source_clock_fit_v3,-2.1243257505689033,-11.80512688841896,8.02,2.775296897966634,0.24470310203336582,0.0
92.5,uav_02,1,passive_piecewise_source_clock_fit_v3,-1.8494335615301478,-11.78298652289555,8.02,2.7852833110575514,0.24,0.0
92.6,uav_02,1,passive_piecewise_source_clock_fit_v3,-1.5750880857834786,-11.760846157164607,8.02,2.79,0.24,0.0
92.7,uav_02,1,passive_piecewise_source_clock_fit_v3,-1.300222116398109,-11.738705791454905,8.02,2.795256137239385,0.24,0.0
92.8,uav_02,1,passive_piecewise_source_clock_fit_v3,-1.0222444738792678,-11.716680505041492,8.02,2.8051906438913883,0.24519064389138817,0.0
92.9,uav_02,1,passive_piecewise_source_clock_fit_v3,-0.744160143197137,-11.694646765089734,8.02,2.81512896342122,0.25,0.0
93.0,uav_02,1,passive_piecewise_source_clock_fit_v3,-0.4647301062193868,-11.666835879501672,8.02,2.82,0.25511537651213745,0.0
93.1,uav_02,1,passive_piecewise_source_clock_fit_v3,-0.18530006924163758,-11.639280789471973,8.02,2.8251017896030546,0.26,0.0
93.2,uav_02,1,passive_piecewise_source_clock_fit_v3,0.09412996773611178,-11.617140423948564,8.02,2.835088202693972,0.26,0.0
93.3,uav_02,1,passive_piecewise_source_clock_fit_v3,0.3699925632554406,-11.595282720963102,8.02,2.8449471207436736,0.2550528792563265,0.0
93.4,uav_02,1,passive_piecewise_source_clock_fit_v3,0.6469202784157366,-11.573698611504138,8.02,2.85,0.25,0.0
93.5,uav_02,1,passive_piecewise_source_clock_fit_v3,0.9244604221197325,-11.552114502244175,8.02,2.854418148088872,0.2455818519111278,0.0
93.6,uav_02,1,passive_piecewise_source_clock_fit_v3,1.2020922093323922,-11.530437373920238,8.02,2.86,0.23580438205912083,0.0
93.7,uav_02,1,passive_piecewise_source_clock_fit_v3,1.4817263817385111,-11.508724578446778,8.02,2.8639891754340687,0.23,0.0
93.8,uav_02,1,passive_piecewise_source_clock_fit_v3,1.7577298110262105,-11.487140469186814,8.02,2.8737246891066675,0.22627531089333255,0.0
93.9,uav_02,1,passive_piecewise_source_clock_fit_v3,2.039532861829897,-11.465556359790575,8.02,2.88,0.21653979722073227,0.0
94.0,uav_02,1,passive_piecewise_source_clock_fit_v3,2.3213359121953503,-11.443972250273056,8.02,2.883195716451866,0.2068042835481338,0.0
94.1,uav_02,1,passive_piecewise_source_clock_fit_v3,2.603138962066004,-11.422388141013093,8.02,2.89,0.2,0.0
94.2,uav_02,1,passive_piecewise_source_clock_fit_v3,2.8849420125039686,-11.400804031648107,8.017333256202939,2.8926667437970623,0.2,0.0
94.3,uav_02,1,passive_piecewise_source_clock_fit_v3,3.1657419091627714,-11.379296756494504,8.010000000000002,2.9,0.2,0.0
94.4,uav_02,1,passive_piecewise_source_clock_fit_v3,3.443479529065025,-11.358024030304048,8.010000000000002,2.9,0.2,0.0
94.5,uav_02,1,passive_piecewise_source_clock_fit_v3,3.721217148134311,-11.336751304052246,8.010000000000002,2.9015577299553152,0.20155772995531523,0.0
94.6,uav_02,1,passive_piecewise_source_clock_fit_v3,3.998954768147557,-11.315478577529314,8.010000000000002,2.91,0.21,0.0
94.7,uav_02,1,passive_piecewise_source_clock_fit_v3,4.276692387105731,-11.294205851309414,8.010000000000002,2.9107478585991435,0.21,0.0
94.8,uav_02,1,passive_piecewise_source_clock_fit_v3,4.554659325573689,-11.27294065224828,8.010000000000002,2.92,0.21,0.0
94.9,uav_02,1,passive_piecewise_source_clock_fit_v3,4.838813325844621,-11.251878547109214,8.010000000000002,2.92,0.21,0.0
95.0,uav_02,1,passive_piecewise_source_clock_fit_v3,5.116659285364674,-11.23060937725732,8.010000000000002,2.92,0.21,0.0
95.1,uav_02,1,passive_piecewise_source_clock_fit_v3,5.403107798136998,-11.209336650711318,8.010000000000002,2.92,0.21,0.0
95.2,uav_02,1,passive_piecewise_source_clock_fit_v3,5.681783153081858,-11.188063924482586,8.010000000000002,2.928623180208723,0.21,0.0
95.3,uav_02,1,passive_piecewise_source_clock_fit_v3,5.967450251231894,-11.166791198292138,8.010000000000002,2.93,0.21,0.0
95.4,uav_02,1,passive_piecewise_source_clock_fit_v3,6.245560958318021,-11.145621570531851,8.010000000000002,2.93,0.2022331938380301,0.0
95.5,uav_02,1,passive_piecewise_source_clock_fit_v3,6.528693653299731,-11.116377945140789,8.010000000000002,2.93,0.2,0.0
95.6,uav_02,1,passive_piecewise_source_clock_fit_v3,6.813981074124849,-11.092244092652335,8.010000000000002,2.93,0.2,0.0
95.7,uav_02,1,passive_piecewise_source_clock_fit_v3,7.094977616463784,-11.070955084293683,8.010000000000002,2.93,0.2,0.0
95.8,uav_02,1,passive_piecewise_source_clock_fit_v3,7.377898363011248,-11.0497301541192,8.010000000000002,2.936018634590255,0.2,0.0
95.9,uav_02,1,passive_piecewise_source_clock_fit_v3,7.663185783836395,-11.02858403725617,8.010000000000002,2.94,0.2,0.0
96.0,uav_02,1,passive_piecewise_source_clock_fit_v3,7.943557663617862,-11.001790488700136,8.010000000000002,2.94,0.2,0.0
96.1,uav_02,1,passive_piecewise_source_clock_fit_v3,8.224111996663217,-10.975206559464603,8.010000000000002,2.94,0.19536749408852944,0.0
96.2,uav_02,1,passive_piecewise_source_clock_fit_v3,8.509399417488336,-10.954060442594127,8.010000000000002,2.94,0.19,0.0
96.3,uav_02,1,passive_piecewise_source_clock_fit_v3,8.794686838313394,-10.932914325658317,8.010000000000002,2.94,0.19,0.0
96.4,uav_02,1,passive_piecewise_source_clock_fit_v3,9.088317500360647,-10.911149789983309,8.010000000000002,2.94,0.19,0.0
96.5,uav_02,1,passive_piecewise_source_clock_fit_v3,9.398117622947307,-10.888186738992488,8.010000000000002,2.94,0.19,0.0
96.6,uav_02,1,passive_piecewise_source_clock_fit_v3,9.707917745533976,-10.86052322743908,8.010000000000002,2.94,0.19,0.0
96.7,uav_02,1,passive_piecewise_source_clock_fit_v3,10.017717868120643,-10.83117539269666,8.010000000000002,2.944597771184907,0.19,0.0
96.8,uav_02,1,passive_piecewise_source_clock_fit_v3,10.327517990707262,-10.808212341858756,8.010000000000002,2.9450447434676827,0.19,0.0
96.9,uav_02,1,passive_piecewise_source_clock_fit_v3,10.637318113293974,-10.785249290811615,8.010000000000002,2.94,0.19,0.0
97.0,uav_02,1,passive_piecewise_source_clock_fit_v3,10.94543902071858,-10.76241070682551,8.010000000000002,2.94,0.19,0.0
97.1,uav_02,1,passive_piecewise_source_clock_fit_v3,11.253927283778845,-10.732973879585046,8.010000000000002,2.94,0.18407228742544549,0.0
97.2,uav_02,1,passive_piecewise_source_clock_fit_v3,11.563727405503736,-10.705496598617836,8.010000000000002,2.94,0.18,0.0
97.3,uav_02,1,passive_piecewise_source_clock_fit_v3,11.873527527580993,-10.682533547518327,8.010000000000002,2.94,0.18,0.0
97.4,uav_02,1,passive_piecewise_source_clock_fit_v3,12.177351924479897,-10.660013430177845,8.010000000000002,2.9468003833787,0.18,0.0
97.5,uav_02,1,passive_piecewise_source_clock_fit_v3,12.478310332725181,-10.630098757240878,8.010000000000002,2.95,0.18,0.0
97.6,uav_02,1,passive_piecewise_source_clock_fit_v3,12.779268740970451,-10.604312817858087,8.010000000000002,2.95,0.18,0.0
97.7,uav_02,1,passive_piecewise_source_clock_fit_v3,13.080227149215776,-10.582005133612627,8.010000000000002,2.95,0.18,0.0
97.8,uav_02,1,passive_piecewise_source_clock_fit_v3,13.383314934264629,-10.55953961553895,8.010000000000002,2.95,0.18,0.0
97.9,uav_02,1,passive_piecewise_source_clock_fit_v3,13.68513504039475,-10.529175828042444,8.010000000000002,2.95,0.18,0.0
98.0,uav_02,1,passive_piecewise_source_clock_fit_v3,13.993109618801114,-10.503775132033825,8.010000000000002,2.95,0.18,0.0
98.1,uav_02,1,passive_piecewise_source_clock_fit_v3,14.296700484703178,-10.481467447956051,8.010000000000002,2.942666442021886,0.17266644202188627,0.0
98.2,uav_02,1,passive_piecewise_source_clock_fit_v3,14.597658892582835,-10.459159763985726,8.010000000000002,2.94,0.17,0.0
98.3,uav_02,1,passive_piecewise_source_clock_fit_v3,14.898617300828079,-10.436852079721712,8.010000000000002,2.94,0.17,0.0
98.4,uav_02,1,passive_piecewise_source_clock_fit_v3,15.182529120752596,-10.408104468652793,8.010000000000002,2.94,0.17,0.0
98.5,uav_02,1,passive_piecewise_source_clock_fit_v3,15.460676503218336,-10.384105799311827,8.010000000000002,2.94,0.17,0.0
98.6,uav_02,1,passive_piecewise_source_clock_fit_v3,15.744176733015012,-10.363488917592534,8.010000000000002,2.945547780341528,0.17,0.0
98.7,uav_02,1,passive_piecewise_source_clock_fit_v3,16.02661989697325,-10.342872035682353,8.010000000000002,2.95,0.17,0.0
98.8,uav_02,1,passive_piecewise_source_clock_fit_v3,16.304767279438956,-10.317658910348072,8.010000000000002,2.95,0.17,0.0
98.9,uav_02,1,passive_piecewise_source_clock_fit_v3,16.582914661432312,-10.290553027661725,8.010000000000002,2.95,0.17,0.0
99.0,uav_02,1,passive_piecewise_source_clock_fit_v3,16.863710362832315,-10.269936145942433,8.010000000000002,2.95,0.17,0.0
99.1,uav_02,1,passive_piecewise_source_clock_fit_v3,17.14825272932149,-10.24936413213082,8.010000000000002,2.95,0.17,0.0
99.2,uav_02,1,passive_piecewise_source_clock_fit_v3,17.42401436206583,-10.227545909370773,8.010000000000002,2.95,0.17,0.0
99.3,uav_02,1,passive_piecewise_source_clock_fit_v3,17.702685182378495,-10.197221960895265,8.010000000000002,2.9494575001993835,0.17,0.0
99.4,uav_02,1,passive_piecewise_source_clock_fit_v3,17.989805060518055,-10.176605079175976,8.010000000000002,2.940158254562373,0.17,0.0
99.5,uav_02,1,passive_piecewise_source_clock_fit_v3,18.28923924161669,-10.154421692199618,8.010000000000002,2.94,0.17,0.0
99.6,uav_02,1,passive_piecewise_source_clock_fit_v3,18.588886615640494,-10.13221118451463,8.010000000000002,2.94,0.17,0.0
99.7,uav_02,1,passive_piecewise_source_clock_fit_v3,18.8885339896643,-10.099044393644691,8.010000000000002,2.94,0.17,0.0
99.8,uav_02,1,passive_piecewise_source_clock_fit_v3,19.188181363688102,-10.076704925537321,8.010000000000002,2.94,0.16009828501817214,0.0
99.9,uav_02,1,passive_piecewise_source_clock_fit_v3,19.497399949906683,-10.054494418240873,8.010000000000002,2.94,0.16,0.0
100.0,uav_02,1,passive_piecewise_source_clock_fit_v3,19.80011581387632,-10.032062205666948,8.010000000000002,2.94,0.16,0.0
100.1,uav_02,1,passive_piecewise_source_clock_fit_v3,20.099763187900123,-10.009851698370493,8.010000000000002,2.94,0.16,0.0
100.2,uav_02,1,passive_piecewise_source_clock_fit_v3,20.39948188183631,-9.987641191071127,8.010000000000002,2.94,0.16,0.0
100.3,uav_02,1,passive_piecewise_source_clock_fit_v3,20.70870656475846,-9.965328734952546,8.010000000000002,2.94,0.1599080323105831,0.0
100.4,uav_02,1,passive_piecewise_source_clock_fit_v3,21.00796780278798,-9.932163552837196,8.010000000000002,2.939902891330876,0.15,0.0
100.5,uav_02,1,passive_piecewise_source_clock_fit_v3,21.272454492407185,-9.912559231028135,8.010000000000002,2.931060360897241,0.15,0.0
100.6,uav_02,1,passive_piecewise_source_clock_fit_v3,21.53694118202636,-9.892954909219076,8.010000000000002,2.93,0.15,0.0
100.7,uav_02,1,passive_piecewise_source_clock_fit_v3,21.801427871645593,-9.873350587149115,8.010000000000002,2.93,0.15662469997002915,0.0
100.8,uav_02,1,passive_piecewise_source_clock_fit_v3,22.071189688950447,-9.853746265207132,8.010000000000002,2.93,0.16,0.0
100.9,uav_02,1,passive_piecewise_source_clock_fit_v3,22.340049879707355,-9.834141943398071,8.010000000000002,2.93,0.16,0.0
101.0,uav_02,1,passive_piecewise_source_clock_fit_v3,22.60453656932656,-9.814537621464867,8.010000000000002,2.93,0.15684770872906847,0.0
101.1,uav_02,1,passive_piecewise_source_clock_fit_v3,22.869023258945756,-9.794933299386125,8.010000000000002,2.93,0.15,0.0
101.2,uav_02,1,passive_piecewise_source_clock_fit_v3,23.134317878447757,-9.775328977577065,8.010000000000002,2.93,0.15,0.0
101.3,uav_02,1,passive_piecewise_source_clock_fit_v3,23.407336396255918,-9.755724655768004,8.010000000000002,2.93,0.15,0.0
101.4,uav_02,1,passive_piecewise_source_clock_fit_v3,23.66960807665912,-9.73630740893195,8.010000000000002,2.93,0.15,0.0
101.5,uav_02,1,passive_piecewise_source_clock_fit_v3,23.933627570186346,-9.716737716639702,8.010000000000002,2.93,0.15,0.0
101.6,uav_02,1,passive_piecewise_source_clock_fit_v3,24.22116714889919,-9.695424665151009,8.010000000000002,2.93,0.15,0.0
101.7,uav_02,1,passive_piecewise_source_clock_fit_v3,24.519030301134798,-9.673346407938494,8.010000000000002,2.93,0.15,0.0
101.8,uav_02,1,passive_piecewise_source_clock_fit_v3,24.82344969043081,-9.651268150870642,8.010000000000002,2.93,0.15,0.0
101.9,uav_02,1,passive_piecewise_source_clock_fit_v3,25.124405233058248,-9.629189893661403,8.010000000000002,2.93,0.15,0.0
102.0,uav_02,1,passive_piecewise_source_clock_fit_v3,25.42226838529377,-9.607111636590279,8.010000000000002,2.93,0.15,0.0
102.1,uav_02,1,passive_piecewise_source_clock_fit_v3,25.72013153752933,-9.58503337964701,8.010000000000002,2.93,0.15,0.0
102.2,uav_02,1,passive_piecewise_source_clock_fit_v3,26.026457660505933,-9.555384502786032,8.010000000000002,2.93,0.15,0.0
102.3,uav_02,1,passive_piecewise_source_clock_fit_v3,26.328497544141257,-9.529569916234369,8.010000000000002,2.93,0.15,0.0
102.4,uav_02,1,passive_piecewise_source_clock_fit_v3,26.626360696376807,-9.507491659160626,8.010000000000002,2.93,0.15,0.0
102.5,uav_02,1,passive_piecewise_source_clock_fit_v3,26.924223848612357,-9.485413402217361,8.010000000000002,2.93,0.15,0.0
102.6,uav_02,1,passive_piecewise_source_clock_fit_v3,27.235905073079554,-9.462310919789003,8.010000000000002,2.93,0.15,0.0
102.7,uav_02,1,passive_piecewise_source_clock_fit_v3,27.55473774126706,-9.438678357143276,8.010000000000002,2.93,0.15,0.0
102.8,uav_02,1,passive_piecewise_source_clock_fit_v3,27.88162035651393,-9.41504579461475,8.010000000000002,2.921656899285208,0.15,0.0
102.9,uav_02,1,passive_piecewise_source_clock_fit_v3,28.202051705094238,-9.391413231731685,8.010000000000002,2.92,0.15,0.0
103.0,uav_02,1,passive_piecewise_source_clock_fit_v3,28.52088437328172,-9.367780669163874,8.010000000000002,2.92,0.15,0.0
103.1,uav_02,1,passive_piecewise_source_clock_fit_v3,28.83971704146922,-9.344148106622686,8.010000000000002,2.92,0.15,0.0
103.2,uav_02,1,passive_piecewise_source_clock_fit_v3,29.158549709656718,-9.320515543712993,8.010000000000002,2.92,0.15,0.0
103.3,uav_02,1,passive_piecewise_source_clock_fit_v3,29.477382377844197,-9.29506450905799,8.010000000000002,2.92,0.15,0.0
103.4,uav_02,1,passive_piecewise_source_clock_fit_v3,29.797731065045074,-9.262215659607064,8.010000000000002,2.92,0.15,0.0
103.5,uav_02,1,passive_piecewise_source_clock_fit_v3,30.120627288555276,-9.238834218671307,8.010000000000002,2.92,0.15,0.0
103.6,uav_02,1,passive_piecewise_source_clock_fit_v3,30.435441363218636,-9.21549952257506,8.010000000000002,2.92,0.15,0.0
103.7,uav_02,1,passive_piecewise_source_clock_fit_v3,30.750255438866084,-9.192164826761443,8.010000000000002,2.92,0.15,0.0
103.8,uav_02,1,passive_piecewise_source_clock_fit_v3,31.065069514513475,-9.1688301307746,8.010000000000002,2.92,0.15,0.0
103.9,uav_02,1,passive_piecewise_source_clock_fit_v3,31.379883590160894,-9.14549543474039,8.010000000000002,2.92,0.15,0.0
104.0,uav_02,1,passive_piecewise_source_clock_fit_v3,31.694697665808242,-9.12216073892678,8.010000000000002,2.9145510795567304,0.15,0.0
104.1,uav_02,1,passive_piecewise_source_clock_fit_v3,32.00951174145564,-9.098826042877894,8.010000000000002,2.91,0.15,0.0
104.2,uav_02,1,passive_piecewise_source_clock_fit_v3,32.32628939784831,-9.075345802081209,8.010000000000002,2.91,0.15,0.0
104.3,uav_02,1,passive_piecewise_source_clock_fit_v3,32.64213096743887,-9.051934946208474,8.010000000000002,2.91,0.15,0.0
104.4,uav_02,1,passive_piecewise_source_clock_fit_v3,32.956945043086286,-9.028600250093607,8.010000000000002,2.91,0.15,0.0
104.5,uav_02,1,passive_piecewise_source_clock_fit_v3,33.24616650346323,-8.999049391076596,8.010000000000002,2.91,0.15,0.0
104.6,uav_02,1,passive_piecewise_source_clock_fit_v3,33.528028685669916,-8.975185058790883,8.010000000000002,2.9032576913662167,0.15,0.0
104.7,uav_02,1,passive_piecewise_source_clock_fit_v3,33.80989086787665,-8.954292828131788,8.010000000000002,2.887668499149428,0.15,0.0
104.8,uav_02,1,passive_piecewise_source_clock_fit_v3,34.09175305008329,-8.933400597252582,8.010000000000002,2.8744108077832147,0.14441080778321455,0.0
104.9,uav_02,1,passive_piecewise_source_clock_fit_v3,34.36877872779262,-8.912508366419782,8.010000000000002,2.8549620979751396,0.14,0.0
105.0,uav_02,1,passive_piecewise_source_clock_fit_v3,34.64154858139906,-8.891616135760689,8.010000000000002,2.826691772600634,0.14,0.0
105.1,uav_02,1,passive_piecewise_source_clock_fit_v3,34.91431843516012,-8.870723904949598,8.010000000000002,2.7945619296348405,0.14,0.0
105.2,uav_02,1,passive_piecewise_source_clock_fit_v3,35.18392068340591,-8.849831674048675,8.010000000000002,2.7535852030860393,0.13671704061720785,0.0
105.3,uav_02,1,passive_piecewise_source_clock_fit_v3,35.44759820940863,-8.828939443282998,8.010000000000002,2.706467994128536,0.13,0.0
105.4,uav_02,1,passive_piecewise_source_clock_fit_v3,35.71127573449033,-8.80804721233667,8.012129842965795,2.6593507851710347,0.12787015703420693,0.0
105.5,uav_02,1,passive_piecewise_source_clock_fit_v3,35.969858799822745,-8.788966068416412,8.02,2.6111632723511766,0.11852721205852942,0.0
105.6,uav_02,1,passive_piecewise_source_clock_fit_v3,36.202735598545765,-8.778600128342582,8.02,2.556704386102119,0.10958804826276489,0.0
105.7,uav_02,1,passive_piecewise_source_clock_fit_v3,36.437833846491124,-8.758592513194724,8.02,2.4845088987713115,0.10056361234641394,0.0
105.8,uav_02,1,passive_piecewise_source_clock_fit_v3,36.672932095596565,-8.738584898046868,8.02,2.4123134114405143,0.1,0.0
105.9,uav_02,1,passive_piecewise_source_clock_fit_v3,36.89358584669327,-8.726874875668871,8.02,2.3401179241097063,0.09251474051371332,0.0
106.0,uav_02,1,passive_piecewise_source_clock_fit_v3,37.111269409376426,-8.709654911736438,8.02,2.2549030459736534,0.07698060919473065,0.0
106.1,uav_02,1,passive_piecewise_source_clock_fit_v3,37.318273617785856,-8.695782016180335,8.02,2.159124555491174,0.07,0.0
106.2,uav_02,1,passive_piecewise_source_clock_fit_v3,37.518542496444354,-8.680724925426002,8.02,2.0598557604113075,0.060882865529328645,0.0
106.3,uav_02,1,passive_piecewise_source_clock_fit_v3,37.711897161606046,-8.664689156691793,8.02,1.9570039621797757,0.04641699684831466,0.0
106.4,uav_02,1,passive_piecewise_source_clock_fit_v3,37.89274377996755,-8.654656152880289,8.02,1.848394677963201,0.037366223163600096,0.0
106.5,uav_02,1,passive_piecewise_source_clock_fit_v3,38.06664108841381,-8.644570688812946,8.02,1.7374856252030015,0.02826812501561551,0.0
106.6,uav_02,1,passive_piecewise_source_clock_fit_v3,38.23244798803407,-8.634443418335088,8.02,1.6178523829596958,0.01913231306854971,0.0
106.7,uav_02,1,passive_piecewise_source_clock_fit_v3,38.40109310062665,-8.624320026123954,8.02,1.4716837787587627,0.008778918583917506,0.0
106.8,uav_02,1,passive_piecewise_source_clock_fit_v3,38.556369324710275,-8.622574681111113,8.02,1.3163828614893185,0.0,0.0
106.9,uav_02,1,passive_piecewise_source_clock_fit_v3,38.68623419193147,-8.611097690385495,8.02,1.1610819442198452,-0.0019278703853436426,0.0
107.0,uav_02,1,passive_piecewise_source_clock_fit_v3,38.81169684418254,-8.602149537759571,8.02,1.008062291820406,-0.01228126486997099,0.0
107.1,uav_02,1,passive_piecewise_source_clock_fit_v3,38.91904041713514,-8.599228953479425,8.02,0.8657494283901753,-0.0226346593546019,0.0
107.2,uav_02,1,passive_piecewise_source_clock_fit_v3,39.01605340723195,-8.591064293380466,8.02,0.7341433539291939,-0.03,0.0
107.3,uav_02,1,passive_piecewise_source_clock_fit_v3,39.09951177607034,-8.591064293380466,8.02,0.6132440684374991,-0.033341448323863716,0.0
107.4,uav_02,1,passive_piecewise_source_clock_fit_v3,39.16943901270316,-8.591064293380466,8.02,0.5030515719150553,-0.04369484280849447,0.0
107.5,uav_02,1,passive_piecewise_source_clock_fit_v3,39.23155426208495,-8.591064293380466,8.02,0.4035658643618966,-0.05,0.0
107.6,uav_02,1,passive_piecewise_source_clock_fit_v3,39.275989725909255,-8.591064293380466,8.02,0.3133365948468271,-0.05407371168368588,0.0
0.0,uav_03,1,passive_piecewise_source_clock_fit_v3,39.337456457970184,0.3768983045574719,7.960000000000001,0.02,-0.02,0.0478378611206925
0.1,uav_03,1,passive_piecewise_source_clock_fit_v3,39.337456457970184,0.3768983045574719,7.961304361481141,0.02,-0.02,0.04
0.2,uav_03,1,passive_piecewise_source_clock_fit_v3,39.337456457970184,0.3768983045574719,7.969999999999999,0.01832174516249141,-0.02,0.04
0.3,uav_03,1,passive_piecewise_source_clock_fit_v3,39.33547641663023,0.3768983045574719,7.969999999999999,0.01,-0.02,0.04
0.4,uav_03,1,passive_piecewise_source_clock_fit_v3,39.32780783051792,0.3768983045574719,7.972426041550245,0.007573958449754229,-0.02242604155024577,0.04
0.5,uav_03,1,passive_piecewise_source_clock_fit_v3,39.32780783051792,0.3768983045574719,7.98,-0.008399804719842181,-0.03,0.03720006509338594
0.6,uav_03,1,passive_piecewise_source_clock_fit_v3,39.32474552143204,0.3768983045574719,7.98,-0.04586914131491174,-0.03,0.03
0.7,uav_03,1,passive_piecewise_source_clock_fit_v3,39.314736137273556,0.3768983045574719,7.98,-0.09773860809675444,-0.033547721619350886,0.03
0.8,uav_03,1,passive_piecewise_source_clock_fit_v3,39.300942933322126,0.3768983045574719,7.98,-0.1613729198057572,-0.04392161497571965,0.03
0.9,uav_03,1,passive_piecewise_source_clock_fit_v3,39.27677958949323,0.37213662859810426,7.98,-0.24006855832461566,-0.058591016664175904,0.03
1.0,uav_03,1,passive_piecewise_source_clock_fit_v3,39.24242453502348,0.36581306017836696,7.98,-0.31698535990856513,-0.07924633997714128,0.03
1.1,uav_03,1,passive_piecewise_source_clock_fit_v3,39.20294286448758,0.36043335060456577,7.984853036513964,-0.39882429211171294,-0.09485303651396412,0.03
1.2,uav_03,1,passive_piecewise_source_clock_fit_v3,39.158775854487715,0.354727815799262,7.989999999999998,-0.4752626067223239,-0.10503751524604626,0.03
1.3,uav_03,1,passive_piecewise_source_clock_fit_v3,39.10460422302838,0.354727815799262,7.989999999999998,-0.5517759518250274,-0.12044398795625685,0.03
1.4,uav_03,1,passive_piecewise_source_clock_fit_v3,39.04564447484533,0.34274140176785334,7.989999999999998,-0.6332517816816877,-0.14081294542042194,0.02459352728978903
1.5,uav_03,1,passive_piecewise_source_clock_fit_v3,38.97589572449306,0.3263596211299258,7.989999999999998,-0.7147276115383479,-0.1667728543268804,0.02
1.6,uav_03,1,passive_piecewise_source_clock_fit_v3,38.89728272743859,0.31506987779548506,7.989999999999998,-0.7904280112206294,-0.1973262905231269,0.014224569825624365
1.7,uav_03,1,passive_piecewise_source_clock_fit_v3,38.812919235498136,0.29717342972943833,7.989999999999998,-0.8676792712516623,-0.23383963562583115,0.01
1.8,uav_03,1,passive_piecewise_source_clock_fit_v3,38.723940659202796,0.2675763388799947,7.989999999999998,-0.9434451651209917,-0.28103226080070837,0.01
1.9,uav_03,1,passive_piecewise_source_clock_fit_v3,38.62276566654436,0.2407075068621922,7.989999999999998,-1.015002064594358,-0.3257154654824903,0.01642886637062258
2.0,uav_03,1,passive_piecewise_source_clock_fit_v3,38.51467279486223,0.21079696547681495,7.989999999999998,-1.0796800706162286,-0.35984003530811426,0.02
2.1,uav_03,1,passive_piecewise_source_clock_fit_v3,38.40569120870874,0.1785563641313176,7.989999999999998,-1.1378485703347812,-0.3763080950557969,0.02
2.2,uav_03,1,passive_piecewise_source_clock_fit_v3,38.29626686798679,0.14712714070712013,7.989999999999998,-1.206070909116431,-0.3857588636395539,0.025758863639553885
2.3,uav_03,1,passive_piecewise_source_clock_fit_v3,38.181815947216236,0.11569791728292317,7.99520963222331,-1.281677057786486,-0.39,0.024790367776689262
2.4,uav_03,1,passive_piecewise_source_clock_fit_v3,38.054279616462914,0.07910252567363513,8.0,-1.3572832064565385,-0.3853395991929327,0.02
2.5,uav_03,1,passive_piecewise_source_clock_fit_v3,37.917499190152306,0.04175422605542599,8.0,-1.4370005245174153,-0.38,0.02
2.6,uav_03,1,passive_piecewise_source_clock_fit_v3,37.77728198283296,0.010325002631229907,8.0,-1.5220574417712247,-0.372876124050839,0.02
2.7,uav_03,1,passive_piecewise_source_clock_fit_v3,37.628476013117975,-0.021104220792966928,8.0,-1.6041016524666987,-0.35698729344166263,0.02
2.8,uav_03,1,passive_piecewise_source_clock_fit_v3,37.471081281814804,-0.05253344421716448,8.0,-1.6821712762788492,-0.34753652485790565,0.02
2.9,uav_03,1,passive_piecewise_source_clock_fit_v3,37.30694477111734,-0.08396266764136051,8.0,-1.7633997060809565,-0.3380857562741491,0.02
3.0,uav_03,1,passive_piecewise_source_clock_fit_v3,37.14017416033787,-0.11539189106555656,8.0,-1.8295550861672527,-0.32726997538078495,0.02
3.1,uav_03,1,passive_piecewise_source_clock_fit_v3,36.957606061724974,-0.14593911269362486,8.0,-1.8949550663309058,-0.30834831122303136,0.01917415561151567
3.2,uav_03,1,passive_piecewise_source_clock_fit_v3,36.77290651512964,-0.16759934825832776,8.0,-1.952382779326034,-0.28880861033698296,0.01
3.3,uav_03,1,passive_piecewise_source_clock_fit_v3,36.58632052058321,-0.19966776734135439,8.0,-2.010360941657851,-0.25987968611404955,0.01
3.4,uav_03,1,passive_piecewise_source_clock_fit_v3,36.381203622799504,-0.22109117023078553,8.0,-2.0683391039896692,-0.2405536320034436,0.01
3.5,uav_03,1,passive_piecewise_source_clock_fit_v3,36.17608672501577,-0.2425145734898725,8.0,-2.116931055267909,-0.2118413668392546,0.01
3.6,uav_03,1,passive_piecewise_source_clock_fit_v3,35.97096982723206,-0.2639379764034764,8.0,-2.165246190544424,-0.1919015237822304,0.01
3.7,uav_03,1,passive_piecewise_source_clock_fit_v3,35.757446788170306,-0.27570362079196165,8.0,-2.213561325820939,-0.19,0.018712265164187745
3.8,uav_03,1,passive_piecewise_source_clock_fit_v3,35.53492538680689,-0.2956995381970607,8.0,-2.2535011688779623,-0.19837529221949066,0.02
3.9,uav_03,1,passive_piecewise_source_clock_fit_v3,35.311161498074675,-0.3171229410864918,8.008038319274794,-2.292153277099174,-0.21607663854958722,0.02
4.0,uav_03,1,passive_piecewise_source_clock_fit_v3,35.08559621719651,-0.338718811564309,8.010000000000002,-2.323337413121506,-0.24333741312150584,0.02
4.1,uav_03,1,passive_piecewise_source_clock_fit_v3,34.854115953065055,-0.36019145214282594,8.010000000000002,-2.3598574935416,-0.2798574935415997,0.012535626614600063
4.2,uav_03,1,passive_piecewise_source_clock_fit_v3,34.613956789830794,-0.3904907190043911,8.010000000000002,-2.392261718618294,-0.31968229149105903,0.01
4.3,uav_03,1,passive_piecewise_source_clock_fit_v3,34.36406358054606,-0.42394764160630094,8.010000000000002,-2.422443212010703,-0.35992428268093757,0.01
4.4,uav_03,1,passive_piecewise_source_clock_fit_v3,34.11168157776855,-0.45740456420821013,8.010000000000002,-2.4526247054031116,-0.39262470540311145,0.01
4.5,uav_03,1,passive_piecewise_source_clock_fit_v3,33.85929957499105,-0.49928856304367747,8.010000000000002,-2.475204132530346,-0.4228061987955188,0.01
4.6,uav_03,1,passive_piecewise_source_clock_fit_v3,33.606917573264205,-0.543897793311625,8.010000000000002,-2.495325128125284,-0.4453251281252842,0.01
4.7,uav_03,1,passive_piecewise_source_clock_fit_v3,33.34708387508035,-0.588507023275418,8.010000000000002,-2.523169185580334,-0.45772306186011136,0.01
4.8,uav_03,1,passive_piecewise_source_clock_fit_v3,33.08499487246741,-0.6331162534536959,8.010000000000002,-2.545567119315162,-0.467783559657581,0.01
4.9,uav_03,1,passive_piecewise_source_clock_fit_v3,32.82290587016669,-0.6777254837216447,8.010000000000002,-2.5656881149101007,-0.4778440574550504,0.01
5.0,uav_03,1,passive_piecewise_source_clock_fit_v3,32.56081686678214,-0.7223347136782892,8.010000000000002,-2.5937136657575586,-0.47209544474748044,0.01
5.1,uav_03,1,passive_piecewise_source_clock_fit_v3,32.29104268124242,-0.7669439438637126,8.010000000000002,-2.6159301060999773,-0.47,0.01
5.2,uav_03,1,passive_piecewise_source_clock_fit_v3,32.013841789548316,-0.8124402656446367,8.010000000000002,-2.628225612183617,-0.47,0.01
5.3,uav_03,1,passive_piecewise_source_clock_fit_v3,31.737553948855446,-0.8671563942184787,8.010000000000002,-2.6469047496582463,-0.47,0.01
5.4,uav_03,1,passive_piecewise_source_clock_fit_v3,31.459400711249575,-0.9145246026770611,8.010000000000002,-2.6674963699424232,-0.46125181502878837,0.01
5.5,uav_03,1,passive_piecewise_source_clock_fit_v3,31.180829363746497,-0.960245853729463,8.010000000000002,-2.6790594713650093,-0.46,0.01
5.6,uav_03,1,passive_piecewise_source_clock_fit_v3,30.893216521015773,-1.0059671051016081,8.010000000000002,-2.6987415155176127,-0.4693707577588062,0.01
5.7,uav_03,1,passive_piecewise_source_clock_fit_v3,30.61403804094482,-1.0516883565107937,8.010000000000002,-2.7096820441526033,-0.47,0.01
5.8,uav_03,1,passive_piecewise_source_clock_fit_v3,30.325824500925158,-1.1084874586532165,8.010000000000002,-2.7299866610928003,-0.4799933305464002,0.01
5.9,uav_03,1,passive_piecewise_source_clock_fit_v3,30.03730417715371,-1.1542161033024465,8.010000000000002,-2.7403046169401977,-0.49,0.01
6.0,uav_03,1,passive_piecewise_source_clock_fit_v3,29.748609776571328,-1.2006545802416893,8.010000000000002,-2.7506221245797926,-0.49062212457979276,0.01
6.1,uav_03,1,passive_piecewise_source_clock_fit_v3,29.461095670788186,-1.2566119823332484,8.010000000000002,-2.7608974502422403,-0.5008974502422406,0.01
6.2,uav_03,1,passive_piecewise_source_clock_fit_v3,29.209016987119178,-1.296558398309327,8.010000000000002,-2.7699063667272417,-0.5099063667272419,0.01
6.3,uav_03,1,passive_piecewise_source_clock_fit_v3,28.9483362775931,-1.3463876232459653,8.010000000000002,-2.7789152832122435,-0.51,0.01
6.4,uav_03,1,passive_piecewise_source_clock_fit_v3,28.695210990957737,-1.3963206429499675,8.010000000000002,-2.787924199697245,-0.51,0.01
6.5,uav_03,1,passive_piecewise_source_clock_fit_v3,28.436442800825525,-1.4385681342081214,8.010000000000002,-2.79,-0.51,0.01
6.6,uav_03,1,passive_piecewise_source_clock_fit_v3,28.181404994796317,-1.4851014383726922,8.010000000000002,-2.795942032667247,-0.515942032667247,0.01
6.7,uav_03,1,passive_piecewise_source_clock_fit_v3,27.924549324736798,-1.5350344582716757,8.010000000000002,-2.8,-0.52,0.01
6.8,uav_03,1,passive_piecewise_source_clock_fit_v3,27.667599000006035,-1.5805778703447908,8.010000000000002,-2.8039598656372493,-0.52,0.01
6.9,uav_03,1,passive_piecewise_source_clock_fit_v3,27.4126558486615,-1.6238152536163417,8.010000000000002,-2.812968782122251,-0.52,0.01
7.0,uav_03,1,passive_piecewise_source_clock_fit_v3,27.15188479613718,-1.6737482735972513,8.010000000000002,-2.82,-0.52,0.01
7.1,uav_03,1,passive_piecewise_source_clock_fit_v3,26.89111374444166,-1.7236812933012524,8.010000000000002,-2.82,-0.52,0.01
7.2,uav_03,1,passive_piecewise_source_clock_fit_v3,26.630342691646163,-1.7736143130052542,8.010000000000002,-2.82,-0.52,0.01
7.3,uav_03,1,passive_piecewise_source_clock_fit_v3,26.364922740681337,-1.815679163650445,8.010000000000002,-2.829481090989549,-0.52,0.01
7.4,uav_03,1,passive_piecewise_source_clock_fit_v3,26.090848666345803,-1.8676801226922333,8.010000000000002,-2.83,-0.511033113065935,0.0010331130659349923
7.5,uav_03,1,passive_piecewise_source_clock_fit_v3,25.818696396116984,-1.9197924437086638,8.010000000000002,-2.838368992949089,-0.51,0.0
7.6,uav_03,1,passive_piecewise_source_clock_fit_v3,25.54459375537286,-1.9722782255559532,8.010000000000002,-2.84,-0.51,0.0078384788230959
7.7,uav_03,1,passive_piecewise_source_clock_fit_v3,25.27001900599811,-2.016735270615021,8.010000000000002,-2.8473242747676117,-0.51,0.002675725232388502
7.8,uav_03,1,passive_piecewise_source_clock_fit_v3,24.995444255985984,-2.066345346251647,8.010000000000002,-2.85,-0.51,0.006810070712126849
7.9,uav_03,1,passive_piecewise_source_clock_fit_v3,24.72086950647023,-2.1189215288400813,8.010000000000002,-2.8562958666566423,-0.51,0.01
8.0,uav_03,1,passive_piecewise_source_clock_fit_v3,24.440716245749787,-2.171497711326445,8.010000000000002,-2.86,-0.51,0.0042183373988423645
8.1,uav_03,1,passive_piecewise_source_clock_fit_v3,24.162071378767823,-2.2182347873508195,8.010000000000002,-2.86,-0.51,0.0
8.2,uav_03,1,passive_piecewise_source_clock_fit_v3,23.887496629040545,-2.2655648320221413,8.010000000000002,-2.86,-0.51,0.0
8.3,uav_03,1,passive_piecewise_source_clock_fit_v3,23.59799732748278,-2.3209988006698703,8.010000000000002,-2.8647546523014964,-0.51,0.0
8.4,uav_03,1,passive_piecewise_source_clock_fit_v3,23.291587056287618,-2.379670919513144,8.010000000000002,-2.87,-0.51,0.0
8.5,uav_03,1,passive_piecewise_source_clock_fit_v3,22.98669509726665,-2.43154144719092,8.010000000000002,-2.87,-0.51,0.0
8.6,uav_03,1,passive_piecewise_source_clock_fit_v3,22.6756216285971,-2.4853484532331294,8.010000000000002,-2.8764066200506226,-0.51,0.0
8.7,uav_03,1,passive_piecewise_source_clock_fit_v3,22.367262551446178,-2.5437298422062793,8.010000000000002,-2.88,-0.5030602085253306,0.0
8.8,uav_03,1,passive_piecewise_source_clock_fit_v3,22.062370592205898,-2.593827269335393,8.010000000000002,-2.88,-0.5,0.0
8.9,uav_03,1,passive_piecewise_source_clock_fit_v3,21.757478633643768,-2.649407375884271,8.010000000000002,-2.88,-0.5,0.0
9.0,uav_03,1,passive_piecewise_source_clock_fit_v3,21.452586674257276,-2.707788764715905,8.010000000000002,-2.888539305746811,-0.5,0.0
9.1,uav_03,1,passive_piecewise_source_clock_fit_v3,21.13894101936832,-2.7661701539048362,8.019072477170857,-2.89,-0.5,0.0
9.2,uav_03,1,passive_piecewise_source_clock_fit_v3,20.833154128802335,-2.813903446563565,8.02,-2.89,-0.5,0.0
9.3,uav_03,1,passive_piecewise_source_clock_fit_v3,20.53899882569266,-2.8697918088053016,8.02,-2.89,-0.5,0.0
9.4,uav_03,1,passive_piecewise_source_clock_fit_v3,20.23569381714157,-2.926037355029412,8.02,-2.89,-0.5,0.0
9.5,uav_03,1,passive_piecewise_source_clock_fit_v3,19.944758942300787,-2.9706854083323346,8.02,-2.89,-0.5,0.0
9.6,uav_03,1,passive_piecewise_source_clock_fit_v3,19.65103169165273,-3.0268889412673734,8.02,-2.89,-0.4998886337189469,0.0
9.7,uav_03,1,passive_piecewise_source_clock_fit_v3,19.357043911150548,-3.082847170603926,8.02,-2.8902591889344325,-0.49,0.0
9.8,uav_03,1,passive_piecewise_source_clock_fit_v3,19.053907667989783,-3.1282947897236726,8.02,-2.9,-0.49,0.0
9.9,uav_03,1,passive_piecewise_source_clock_fit_v3,18.76016996919888,-3.1845403363164353,8.02,-2.9,-0.49,0.0
10.0,uav_03,1,passive_piecewise_source_clock_fit_v3,18.46575430294772,-3.2400069702199765,8.02,-2.9,-0.4907026568945704,0.0
10.1,uav_03,1,passive_piecewise_source_clock_fit_v3,18.16304594428139,-3.2859461847610922,8.02,-2.9,-0.5,0.0
10.2,uav_03,1,passive_piecewise_source_clock_fit_v3,17.872244652096168,-3.341629461565071,8.02,-2.9,-0.5,0.0
10.3,uav_03,1,passive_piecewise_source_clock_fit_v3,17.608346772237564,-3.3921587461873486,8.02,-2.9,-0.5,0.0
10.4,uav_03,1,passive_piecewise_source_clock_fit_v3,17.33838842725597,-3.442183478377906,8.02,-2.9,-0.5,0.0
10.5,uav_03,1,passive_piecewise_source_clock_fit_v3,17.076211005306373,-3.4832687604199144,8.02,-2.9,-0.49193572146428927,0.0
10.6,uav_03,1,passive_piecewise_source_clock_fit_v3,16.814960993780335,-3.531147697986082,8.02,-2.9070897417253714,-0.49,0.0
10.7,uav_03,1,passive_piecewise_source_clock_fit_v3,16.54781064858694,-3.5811724299358034,8.02,-2.91,-0.49,0.0
10.8,uav_03,1,passive_piecewise_source_clock_fit_v3,16.28281234345002,-3.6254986057521257,8.02,-2.91,-0.49,0.0
10.9,uav_03,1,passive_piecewise_source_clock_fit_v3,16.021562332324844,-3.670136649620741,8.02,-2.91,-0.49,0.0
11.0,uav_03,1,passive_piecewise_source_clock_fit_v3,15.757232869917882,-3.7201613814558505,8.02,-2.91,-0.49,0.0
11.1,uav_03,1,passive_piecewise_source_clock_fit_v3,15.489413681593648,-3.767728450766746,8.02,-2.91,-0.49,0.0
11.2,uav_03,1,passive_piecewise_source_clock_fit_v3,15.226964808778154,-3.8091256011897197,8.02,-2.911242520863335,-0.49,0.0
11.3,uav_03,1,passive_piecewise_source_clock_fit_v3,14.956544064434595,-3.858963708415364,8.02,-2.92,-0.48970710853054567,0.0
11.4,uav_03,1,passive_piecewise_source_clock_fit_v3,14.670860832472377,-3.902877354476754,8.02,-2.92,-0.48015721416544893,0.0
11.5,uav_03,1,passive_piecewise_source_clock_fit_v3,14.375832353243354,-3.9575515679471516,8.02,-2.92,-0.49,0.0
11.6,uav_03,1,passive_piecewise_source_clock_fit_v3,14.090300812724946,-4.01222578102991,8.02,-2.92,-0.49,0.0
11.7,uav_03,1,passive_piecewise_source_clock_fit_v3,13.798249160813143,-4.055663627107278,8.02,-2.92,-0.48034635420452143,0.0
11.8,uav_03,1,passive_piecewise_source_clock_fit_v3,13.512483689960346,-4.109934700999071,8.02,-2.92,-0.48951450494942794,0.0
11.9,uav_03,1,passive_piecewise_source_clock_fit_v3,13.2179028679864,-4.164608914081829,8.02,-2.92,-0.49,0.0
12.0,uav_03,1,passive_piecewise_source_clock_fit_v3,12.931771980137324,-4.209036869491865,8.02,-2.92,-0.49,0.0
12.1,uav_03,1,passive_piecewise_source_clock_fit_v3,12.637452976829413,-4.262872096262067,8.02,-2.92,-0.4808925269625885,0.0
12.2,uav_03,1,passive_piecewise_source_clock_fit_v3,12.342403717482185,-4.317546309698162,8.02,-2.92,-0.48,0.0
12.3,uav_03,1,passive_piecewise_source_clock_fit_v3,12.05588010083147,-4.362425469606152,8.02,-2.92,-0.48,0.0
12.4,uav_03,1,passive_piecewise_source_clock_fit_v3,11.751032966800823,-4.417833186069,8.02,-2.929065556073963,-0.48,0.0
12.5,uav_03,1,passive_piecewise_source_clock_fit_v3,11.449885477162653,-4.464862437547571,8.02,-2.93,-0.48,0.0
12.6,uav_03,1,passive_piecewise_source_clock_fit_v3,11.142828452999783,-4.521239448963294,8.02,-2.93,-0.48,0.0
12.7,uav_03,1,passive_piecewise_source_clock_fit_v3,10.84504604854078,-4.567122826916465,8.02,-2.93,-0.48,0.0
12.8,uav_03,1,passive_piecewise_source_clock_fit_v3,10.537883899651604,-4.624091449631594,8.02,-2.9297213236861097,-0.48,0.0
12.9,uav_03,1,passive_piecewise_source_clock_fit_v3,10.239832609428197,-4.680442672223558,8.02,-2.92,-0.48,0.0
13.0,uav_03,1,passive_piecewise_source_clock_fit_v3,9.933207464778762,-4.726943450288954,8.02,-2.9208352364338546,-0.48,0.0
13.1,uav_03,1,passive_piecewise_source_clock_fit_v3,9.634619171686753,-4.78267771240869,8.02,-2.93,-0.48,0.0
13.2,uav_03,1,passive_piecewise_source_clock_fit_v3,9.327188138404333,-4.829795450946309,8.02,-2.93,-0.48,0.0
13.3,uav_03,1,passive_piecewise_source_clock_fit_v3,9.02162932212193,-4.88671413050162,8.02,-2.93,-0.48,0.0
13.4,uav_03,1,passive_piecewise_source_clock_fit_v3,8.72390292083979,-4.9412870471464485,8.02,-2.93,-0.48,0.0
13.5,uav_03,1,passive_piecewise_source_clock_fit_v3,8.418130592735773,-4.988951397212667,8.02,-2.93,-0.48,0.0
13.6,uav_03,1,passive_piecewise_source_clock_fit_v3,8.11460595192304,-5.04561265286291,8.02,-2.93,-0.48,0.0
13.7,uav_03,1,passive_piecewise_source_clock_fit_v3,7.816990438217916,-5.099332494886952,8.02,-2.93,-0.48,0.0
13.8,uav_03,1,passive_piecewise_source_clock_fit_v3,7.513453311935644,-5.147295657345326,8.02,-2.93,-0.48,0.0
13.9,uav_03,1,passive_piecewise_source_clock_fit_v3,7.2104771708704085,-5.200744391970602,8.02,-2.93,-0.48,0.0
14.0,uav_03,1,passive_piecewise_source_clock_fit_v3,6.911557283179917,-5.249532924038819,8.02,-2.93,-0.48,0.0
14.1,uav_03,1,passive_piecewise_source_clock_fit_v3,6.609011133467433,-5.306194179378205,8.02,-2.93,-0.48,0.0
14.2,uav_03,1,passive_piecewise_source_clock_fit_v3,6.30966125579532,-5.35890189348037,8.02,-2.93,-0.48,0.0
14.3,uav_03,1,passive_piecewise_source_clock_fit_v3,6.016848932073259,-5.406029887624481,8.02,-2.933356025725727,-0.48,0.0
14.4,uav_03,1,passive_piecewise_source_clock_fit_v3,5.746040141495797,-5.456212211692934,8.02,-2.94,-0.4775900783076184,0.0
14.5,uav_03,1,passive_piecewise_source_clock_fit_v3,5.476215739130622,-5.504837421108017,8.02,-2.94,-0.4714786036959958,0.0
14.6,uav_03,1,passive_piecewise_source_clock_fit_v3,5.211080113104675,-5.546045878164744,8.02,-2.94,-0.48,0.0
14.7,uav_03,1,passive_piecewise_source_clock_fit_v3,4.940271322527212,-5.596228202138288,8.02,-2.94,-0.48,0.0
14.8,uav_03,1,passive_piecewise_source_clock_fit_v3,4.669462533146148,-5.6367380903101925,8.02,-2.9312744944410007,-0.48,0.0
14.9,uav_03,1,passive_piecewise_source_clock_fit_v3,4.406159797455701,-5.6855076061001,8.02,-2.93,-0.48,0.0
15.0,uav_03,1,passive_piecewise_source_clock_fit_v3,4.137493579618228,-5.735689930073646,8.02,-2.93,-0.48,0.0
15.1,uav_03,1,passive_piecewise_source_clock_fit_v3,3.8666847890407734,-5.779346156459076,8.02,-2.93,-0.48,0.0
15.2,uav_03,1,passive_piecewise_source_clock_fit_v3,3.600643472248421,-5.8249693340354565,8.02,-2.93,-0.48,0.0
15.3,uav_03,1,passive_piecewise_source_clock_fit_v3,3.3347158367092455,-5.875151658166338,8.02,-2.93,-0.48,0.0
15.4,uav_03,1,passive_piecewise_source_clock_fit_v3,3.057079460860798,-5.922966373466866,8.02,-2.93,-0.48,0.0
15.5,uav_03,1,passive_piecewise_source_clock_fit_v3,2.7688987824352718,-5.969453327534175,8.02,-2.93,-0.48,0.0
15.6,uav_03,1,passive_piecewise_source_clock_fit_v3,2.4845603909222858,-6.020354659825146,8.02,-2.932740642481963,-0.48,0.0
15.7,uav_03,1,passive_piecewise_source_clock_fit_v3,2.1934765422269065,-6.066246885892713,8.02,-2.9375276096008385,-0.48,0.0
15.8,uav_03,1,passive_piecewise_source_clock_fit_v3,1.9045193847804969,-6.1201862873716495,8.02,-2.93,-0.48,0.0
15.9,uav_03,1,passive_piecewise_source_clock_fit_v3,1.6215307786409827,-6.171894722236207,8.02,-2.93191671904313,-0.48,0.0
16.0,uav_03,1,passive_piecewise_source_clock_fit_v3,1.3328646996525637,-6.216425583540244,8.02,-2.9384323658492395,-0.48,0.0
16.1,uav_03,1,passive_piecewise_source_clock_fit_v3,1.0417808509571875,-6.268924587997373,8.02,-2.931299382067959,-0.48,0.0
16.2,uav_03,1,passive_piecewise_source_clock_fit_v3,0.751691901169949,-6.313219141919913,8.02,-2.9389688700148415,-0.48,0.0
16.3,uav_03,1,passive_piecewise_source_clock_fit_v3,0.46926178101867805,-6.366312874334523,8.02,-2.93,-0.48,0.0
16.4,uav_03,1,passive_piecewise_source_clock_fit_v3,0.17750995424186,-6.410136480227174,8.02,-2.93,-0.48,0.0
16.5,uav_03,1,passive_piecewise_source_clock_fit_v3,-0.12605242555589435,-6.466511247737678,8.02,-2.93,-0.47931190504585464,0.0
16.6,uav_03,1,passive_piecewise_source_clock_fit_v3,-0.42129401109176345,-6.521933536237733,8.02,-2.93,-0.47,0.0
16.7,uav_03,1,passive_piecewise_source_clock_fit_v3,-0.7258316121144535,-6.568233225026612,8.02,-2.93,-0.47,0.0
16.8,uav_03,1,passive_piecewise_source_clock_fit_v3,-1.0314819060316356,-6.623661818430944,8.02,-2.93,-0.47,0.0
16.9,uav_03,1,passive_piecewise_source_clock_fit_v3,-1.3273153495635155,-6.67039409194271,8.02,-2.93,-0.47,0.0
17.0,uav_03,1,passive_piecewise_source_clock_fit_v3,-1.6315416464166295,-6.726768859761941,8.02,-2.928356221258857,-0.47,0.0
17.1,uav_03,1,passive_piecewise_source_clock_fit_v3,-1.9340167979991172,-6.7811317491339445,8.02,-2.9218149154985436,-0.47,0.0
17.2,uav_03,1,passive_piecewise_source_clock_fit_v3,-2.2303456119756295,-6.828433150743467,8.02,-2.93,-0.47,0.0
17.3,uav_03,1,passive_piecewise_source_clock_fit_v3,-2.532490517444997,-6.8824166215733475,8.02,-2.93,-0.47,0.0
17.4,uav_03,1,passive_piecewise_source_clock_fit_v3,-2.8248537277566137,-6.929301397720913,8.017815296505534,-2.93,-0.47,0.0
17.5,uav_03,1,passive_piecewise_source_clock_fit_v3,-3.1103138908867334,-6.982198699751583,8.010000000000002,-2.93,-0.47172843586036695,0.0
17.6,uav_03,1,passive_piecewise_source_clock_fit_v3,-3.3945465862896933,-7.033685772264409,8.010000000000002,-2.93,-0.48,0.0
17.7,uav_03,1,passive_piecewise_source_clock_fit_v3,-3.6715855896947267,-7.07690805982765,8.010000000000002,-2.93,-0.47918409940783285,0.0
17.8,uav_03,1,passive_piecewise_source_clock_fit_v3,-3.9570457528248784,-7.129406699949793,8.010000000000002,-2.93,-0.47,0.0
17.9,uav_03,1,passive_piecewise_source_clock_fit_v3,-4.24250591595502,-7.171724541799847,8.010000000000002,-2.93,-0.47,0.0
18.0,uav_03,1,passive_piecewise_source_clock_fit_v3,-4.518850925178319,-7.224514722306442,8.010000000000002,-2.93,-0.47,0.0
18.1,uav_03,1,passive_piecewise_source_clock_fit_v3,-4.8011150149554185,-7.276918630562244,8.010000000000002,-2.93,-0.4789018119364042,0.0
18.2,uav_03,1,passive_piecewise_source_clock_fit_v3,-5.086246701833549,-7.3204051459431625,8.010000000000002,-2.938434562421669,-0.48,0.0
18.3,uav_03,1,passive_piecewise_source_clock_fit_v3,-5.37170686496367,-7.371567122223881,8.010000000000002,-2.94,-0.48,0.0
18.4,uav_03,1,passive_piecewise_source_clock_fit_v3,-5.6499093043248365,-7.424464424254553,8.010000000000002,-2.94,-0.48,0.0
18.5,uav_03,1,passive_piecewise_source_clock_fit_v3,-5.946487401560331,-7.471531767655681,8.017517397783061,-2.9324826022169392,-0.47248260221693894,0.0
18.6,uav_03,1,passive_piecewise_source_clock_fit_v3,-6.250193972889846,-7.525058202035945,8.02,-2.93,-0.47,0.0
18.7,uav_03,1,passive_piecewise_source_clock_fit_v3,-6.553900544219374,-7.581336661853694,8.02,-2.93,-0.47,0.0
18.8,uav_03,1,passive_piecewise_source_clock_fit_v3,-6.849908782985538,-7.6287705592486255,8.02,-2.93,-0.47,0.0
18.9,uav_03,1,passive_piecewise_source_clock_fit_v3,-7.154122102421239,-7.683263640425906,8.02,-2.93,-0.47,0.0
19.0,uav_03,1,passive_piecewise_source_clock_fit_v3,-7.458362704072989,-7.730344748684272,8.02,-2.921613797863443,-0.47,0.0
19.1,uav_03,1,passive_piecewise_source_clock_fit_v3,-7.753829383251214,-7.784834274160709,8.02,-2.9114600369927435,-0.47,0.0
19.2,uav_03,1,passive_piecewise_source_clock_fit_v3,-8.056127219279764,-7.841112733727788,8.02,-2.9013062761220447,-0.47,0.0
19.3,uav_03,1,passive_piecewise_source_clock_fit_v3,-8.351297180973242,-7.887583540527886,8.02,-2.8823050305026903,-0.4611525152513451,0.0
19.4,uav_03,1,passive_piecewise_source_clock_fit_v3,-8.645206766556672,-7.942584408761679,8.02,-2.8529962631419363,-0.46,0.0
19.5,uav_03,1,passive_piecewise_source_clock_fit_v3,-8.926240691758423,-7.9867419523451915,8.02,-2.8238694354682434,-0.45128981182274785,0.0
19.6,uav_03,1,passive_piecewise_source_clock_fit_v3,-9.197793478538424,-8.038856197801758,8.02,-2.7948881885450314,-0.4416293961816771,0.0
19.7,uav_03,1,passive_piecewise_source_clock_fit_v3,-9.468101773942275,-8.083497650117557,8.02,-2.7498449027030367,-0.44,0.0
19.8,uav_03,1,passive_piecewise_source_clock_fit_v3,-9.738410069346154,-8.126332877011102,8.02,-2.701542824497683,-0.43230856489953656,0.0
19.9,uav_03,1,passive_piecewise_source_clock_fit_v3,-10.001624837861051,-8.169168103615112,8.02,-2.65324074629233,-0.42264814925846594,0.0
20.0,uav_03,1,passive_piecewise_source_clock_fit_v3,-10.26261215810943,-8.212003330404363,8.02,-2.597926401704376,-0.405975467234792,0.0
20.1,uav_03,1,passive_piecewise_source_clock_fit_v3,-10.510723032852123,-8.254838557297907,8.02,-2.533291225834278,-0.3933273179763255,0.0
20.2,uav_03,1,passive_piecewise_source_clock_fit_v3,-10.757545452656505,-8.297395748559687,8.02,-2.459836850180237,-0.37745921254505926,0.0
20.3,uav_03,1,passive_piecewise_source_clock_fit_v3,-10.996867322006306,-8.340065600919942,8.02,-2.3769583802476633,-0.3641064866941848,0.0
20.4,uav_03,1,passive_piecewise_source_clock_fit_v3,-11.224532935008597,-8.382900827813485,8.02,-2.290014639478033,-0.3488921421062296,0.0
20.5,uav_03,1,passive_piecewise_source_clock_fit_v3,-11.441594638451875,-8.419001998767584,8.02,-2.1957971852405964,-0.3301449427710175,0.0
20.6,uav_03,1,passive_piecewise_source_clock_fit_v3,-11.645165139139795,-8.449361299256967,8.02,-2.0994342866570044,-0.3118868573314008,0.0
20.7,uav_03,1,passive_piecewise_source_clock_fit_v3,-11.835873481300421,-8.479720599746347,8.02,-2.0049582454048194,-0.29681438594589266,0.0
20.8,uav_03,1,passive_piecewise_source_clock_fit_v3,-12.018613903160977,-8.51007990023573,8.02,-1.90222411871301,-0.2830560296782525,0.0
20.9,uav_03,1,passive_piecewise_source_clock_fit_v3,-12.193386406770333,-8.54043920072511,8.02,-1.7926756060753226,-0.2571126010125538,0.0
21.0,uav_03,1,passive_piecewise_source_clock_fit_v3,-12.36029146619709,-8.570176428711122,8.02,-1.682479142650591,-0.23884294502316783,0.0
21.1,uav_03,1,passive_piecewise_source_clock_fit_v3,-12.5204418972282,-8.590620401983594,8.02,-1.5626028241076588,-0.22040043447810134,0.0
21.2,uav_03,1,passive_piecewise_source_clock_fit_v3,-12.661791550965686,-8.610864374437309,8.02,-1.434968412855923,-0.19320751704055497,0.0
21.3,uav_03,1,passive_piecewise_source_clock_fit_v3,-12.794947261487277,-8.631103908294472,8.02,-1.3071618147786137,-0.1738802592540877,0.0
21.4,uav_03,1,passive_piecewise_source_clock_fit_v3,-12.913198738452806,-8.651343441910628,8.02,-1.1721663036085332,-0.1484332607217067,0.0
21.5,uav_03,1,passive_piecewise_source_clock_fit_v3,-13.021610336766422,-8.664579367283318,8.02,-1.0415486186239737,-0.1273640883748534,0.0
21.6,uav_03,1,passive_piecewise_source_clock_fit_v3,-13.124153943923979,-8.68242740998057,8.02,-0.9030692607629023,-0.10758132296612889,0.0
21.7,uav_03,1,passive_piecewise_source_clock_fit_v3,-13.218180810769406,-8.698165539510049,8.02,-0.7706074563810998,-0.08676790939684997,0.0
21.8,uav_03,1,passive_piecewise_source_clock_fit_v3,-13.30177421675018,-8.709701628022415,8.02,-0.652749727051642,-0.07297724791378564,0.0
21.9,uav_03,1,passive_piecewise_source_clock_fit_v3,-13.37254469285915,-8.720845538755114,8.012924324884901,-0.5421675737339077,-0.055848649769801396,0.0
22.0,uav_03,1,passive_piecewise_source_clock_fit_v3,-13.429550400785981,-8.724087224354417,8.010000000000002,-0.4018880850769241,-0.03455544072527487,0.0
22.1,uav_03,1,passive_piecewise_source_clock_fit_v3,-13.472351803405383,-8.733224649892884,8.010000000000002,-0.22987116851773048,-0.005271382679599493,0.0
22.2,uav_03,1,passive_piecewise_source_clock_fit_v3,-13.487479008327616,-8.735172468733522,8.010000000000002,-0.05295715317885455,0.017299158449546524,0.0
22.3,uav_03,1,passive_piecewise_source_clock_fit_v3,-13.488781979024013,-8.735172468733522,8.010000000000002,0.09553267735820192,0.03793323962260027,0.0
22.4,uav_03,1,passive_piecewise_source_clock_fit_v3,-13.479747976093208,-8.735172468733522,8.010000000000002,0.23171890632267228,0.05872598558810342,0.0
22.5,uav_03,1,passive_piecewise_source_clock_fit_v3,-13.460280511921095,-8.724342517999498,8.010000000000002,0.3572363949443041,0.07953939915738402,0.0
22.6,uav_03,1,passive_piecewise_source_clock_fit_v3,-13.421498109459314,-8.724087224354417,8.010000000000002,0.4593353285281289,0.08993353285281289,0.0
22.7,uav_03,1,passive_piecewise_source_clock_fit_v3,-13.372555234460068,-8.712900140171136,8.010000000000002,0.5405512182013024,0.09009186970021706,0.0
22.8,uav_03,1,passive_piecewise_source_clock_fit_v3,-13.323306812775986,-8.701916735990034,8.010000000000002,0.601251032738115,0.1,0.0
22.9,uav_03,1,passive_piecewise_source_clock_fit_v3,-13.264104215686592,-8.7014638556527,8.010000000000002,0.6516341735801089,0.1,0.0
23.0,uav_03,1,passive_piecewise_source_clock_fit_v3,-13.195455733323668,-8.690196743527993,8.010000000000002,0.6928630315274399,0.099427393694512,0.0
23.1,uav_03,1,passive_piecewise_source_clock_fit_v3,-13.12541297245653,-8.679746247231824,8.010000000000002,0.7441260854491903,0.08917478291016193,0.0
23.2,uav_03,1,passive_piecewise_source_clock_fit_v3,-13.047001760799727,-8.678655953695122,8.010000000000002,0.7968848775607048,0.08,0.0
23.3,uav_03,1,passive_piecewise_source_clock_fit_v3,-12.967488782367138,-8.667395189406339,8.010000000000002,0.8691351262771857,0.08,0.0
23.4,uav_03,1,passive_piecewise_source_clock_fit_v3,-12.878021628595464,-8.657575758867441,8.010000000000002,0.9504018210564306,0.07869977236794617,0.0
23.5,uav_03,1,passive_piecewise_source_clock_fit_v3,-12.780396650427159,-8.656146523989896,8.010000000000002,1.0303145033427554,0.07,0.0
23.6,uav_03,1,passive_piecewise_source_clock_fit_v3,-12.684832685933314,-8.646490514488336,8.010000000000002,1.1021510253785933,0.07,0.0
23.7,uav_03,1,passive_piecewise_source_clock_fit_v3,-12.580864103988558,-8.646490514488336,8.010000000000002,1.17398754741444,0.07,0.0
23.8,uav_03,1,passive_piecewise_source_clock_fit_v3,-12.468956622999837,-8.637369566113833,8.010000000000002,1.2375960607689938,0.07822800868128481,0.0
23.9,uav_03,1,passive_piecewise_source_clock_fit_v3,-12.356323992084437,-8.635405270503057,8.010000000000002,1.307660591486121,0.09441514787153023,-0.007207573935765113
24.0,uav_03,1,passive_piecewise_source_clock_fit_v3,-12.237721621670207,-8.628546675509916,8.010000000000002,1.3794971135219694,0.11237427838049233,-0.01
24.1,uav_03,1,passive_piecewise_source_clock_fit_v3,-12.11143978170951,-8.612865190046552,8.010000000000002,1.4461669311130854,0.14066681777890588,-0.004833295555273528
24.2,uav_03,1,passive_piecewise_source_clock_fit_v3,-11.97747847275924,-8.597553296471833,8.010000000000002,1.5131701575936523,0.17243880909761955,0.0
24.3,uav_03,1,passive_piecewise_source_clock_fit_v3,-11.83583769553058,-8.584134164633495,8.010000000000002,1.5850066796294973,0.19312583495368715,0.0
24.4,uav_03,1,passive_piecewise_source_clock_fit_v3,-11.688890793498313,-8.566583025231592,8.010000000000002,1.6566764372924094,0.20208455466155117,0.0
24.5,uav_03,1,passive_piecewise_source_clock_fit_v3,-11.540999599323563,-8.555624844104083,8.010000000000002,1.72689475823853,0.20901503453735287,0.0
24.6,uav_03,1,passive_piecewise_source_clock_fit_v3,-11.376382679039656,-8.535716709404914,8.010000000000002,1.7897517150198978,0.20003546928287175,0.0
24.7,uav_03,1,passive_piecewise_source_clock_fit_v3,-11.200453850607806,-8.513375483260038,8.010000000000002,1.860498501906517,0.1797507490467416,0.0
24.8,uav_03,1,passive_piecewise_source_clock_fit_v3,-11.004907471812933,-8.502153813416298,8.010000000000002,1.9212369205675244,0.14917538628831706,0.0
24.9,uav_03,1,passive_piecewise_source_clock_fit_v3,-10.800110283775952,-8.490932143182,8.010000000000002,1.9819753392285402,0.10901233038572986,0.0
25.0,uav_03,1,passive_piecewise_source_clock_fit_v3,-10.603890013351977,-8.480211850770896,8.010000000000002,2.0422614649079587,0.07819082807363316,0.0
25.1,uav_03,1,passive_piecewise_source_clock_fit_v3,-10.389007795860573,-8.480211850770896,8.010000000000002,2.0928768137921403,0.0376985489662877,0.0
25.2,uav_03,1,passive_piecewise_source_clock_fit_v3,-10.173975825995543,-8.480211850770896,8.010000000000002,2.1428219496374292,-0.0007054874093572722,0.0
25.3,uav_03,1,passive_piecewise_source_clock_fit_v3,-9.956231541956235,-8.481233358603449,8.010921502312101,2.1836860092483965,-0.011843004624198255,0.0
25.4,uav_03,1,passive_piecewise_source_clock_fit_v3,-9.73057408279766,-8.491297095150001,8.02,2.2231337162668017,-0.032089144177867616,0.0
25.5,uav_03,1,passive_piecewise_source_clock_fit_v3,-9.497283733733521,-8.492591454692935,8.02,2.2535029255973096,-0.05,0.0
25.6,uav_03,1,passive_piecewise_source_clock_fit_v3,-9.270496573088716,-8.502382339529106,8.02,2.283987722839592,-0.05,0.0
25.7,uav_03,1,passive_piecewise_source_clock_fit_v3,-9.029081979794508,-8.504327241819812,8.02,2.3152634898066906,-0.05,0.0
25.8,uav_03,1,passive_piecewise_source_clock_fit_v3,-8.785564224453893,-8.515883892160893,8.02,2.3465392567737933,-0.04782024774206892,0.0
25.9,uav_03,1,passive_piecewise_source_clock_fit_v3,-8.534090689295756,-8.52455282789349,8.02,2.380420031654523,-0.04,0.0
26.0,uav_03,1,passive_piecewise_source_clock_fit_v3,-8.282617154794362,-8.527911949113404,8.02,2.4190907907079957,-0.03696973643066808,0.0
26.1,uav_03,1,passive_piecewise_source_clock_fit_v3,-8.027809517513367,-8.539468599643126,8.02,2.446911038450065,-0.026544480774967412,0.0
26.2,uav_03,1,passive_piecewise_source_clock_fit_v3,-7.766277041738505,-8.546723316257873,8.02,2.4716423246421972,-0.02,0.0
26.3,uav_03,1,passive_piecewise_source_clock_fit_v3,-7.504744566270549,-8.551496656337898,8.02,2.498612061072866,-0.015693969463567027,0.0
26.4,uav_03,1,passive_piecewise_source_clock_fit_v3,-7.24321208996357,-8.557808560636976,8.02,2.5194625723842656,-0.01,0.0
26.5,uav_03,1,passive_piecewise_source_clock_fit_v3,-6.978034304039362,-8.563468117719582,8.02,2.5402109739561065,-0.015105486978053268,0.0
26.6,uav_03,1,passive_piecewise_source_clock_fit_v3,-6.726464092470478,-8.568893805016081,8.02,2.5595244249640543,-0.029524424964054267,0.0
26.7,uav_03,1,passive_piecewise_source_clock_fit_v3,-6.490523957939511,-8.573127220747832,8.016181035133398,2.5776379297332057,-0.05527585946641198,0.0
26.8,uav_03,1,passive_piecewise_source_clock_fit_v3,-6.254583824126723,-8.586354654700266,8.010000000000002,2.595751434502358,-0.09150286900471587,0.0
26.9,uav_03,1,passive_piecewise_source_clock_fit_v3,-6.018643690048954,-8.60429172750022,8.010000000000002,2.611932469635755,-0.1277298785430212,0.0
27.0,uav_03,1,passive_piecewise_source_clock_fit_v3,-5.781749091655818,-8.61542793531296,8.010000000000002,2.6209892220203312,-0.16296766606099283,0.0
27.1,uav_03,1,passive_piecewise_source_clock_fit_v3,-5.537114793864917,-8.635507198003964,8.010000000000002,2.6300459744049074,-0.19009194880981523,0.0
27.2,uav_03,1,passive_piecewise_source_clock_fit_v3,-5.301174660052111,-8.6555864603401,8.010000000000002,2.6391027267894844,-0.20820545357896852,0.0
27.3,uav_03,1,passive_piecewise_source_clock_fit_v3,-5.057361747645037,-8.6847107047413,8.010000000000002,2.6481594791740597,-0.21815947917405992,0.0
27.4,uav_03,1,passive_piecewise_source_clock_fit_v3,-4.810713848655706,-8.706991832803395,8.010000000000002,2.6572891227865005,-0.21271087721349966,0.0
27.5,uav_03,1,passive_piecewise_source_clock_fit_v3,-4.565302815747403,-8.727131196862235,8.010000000000002,2.6663729839432118,-0.19088104817036414,0.0
27.6,uav_03,1,passive_piecewise_source_clock_fit_v3,-4.320624158468651,-8.747210459341213,8.010000000000002,2.6808594726555772,-0.16371079101663377,0.0
27.7,uav_03,1,passive_piecewise_source_clock_fit_v3,-4.066332012885526,-8.762710799205829,8.010000000000002,2.6948423308718774,-0.13547300738436815,0.0
27.8,uav_03,1,passive_piecewise_source_clock_fit_v3,-3.7977916995581142,-8.773546715467278,8.010000000000002,2.7092348242349327,-0.10153035153013502,0.0
27.9,uav_03,1,passive_piecewise_source_clock_fit_v3,-3.528513096641441,-8.784382631698593,8.010000000000002,2.7243924933630552,-0.06682251991083464,0.0
28.0,uav_03,1,passive_piecewise_source_clock_fit_v3,-3.2604068147676935,-8.79521854814189,8.010000000000002,2.7341675746086445,-0.03332970156542313,0.0
28.1,uav_03,1,passive_piecewise_source_clock_fit_v3,-2.990694180397331,-8.806054464429916,8.010000000000002,2.743942655854234,-0.0060573441457661,0.0
28.2,uav_03,1,passive_piecewise_source_clock_fit_v3,-2.7230219299772584,-8.812769178205777,8.013717737099823,2.75,0.00743547419964544,0.0
28.3,uav_03,1,passive_piecewise_source_clock_fit_v3,-2.449505173855919,-8.812769178205777,8.02,2.7534928183454115,0.02349281834541153,0.0
28.4,uav_03,1,passive_piecewise_source_clock_fit_v3,-2.1759884177345743,-8.812769178205777,8.02,2.7632678995910003,0.03326789959100052,0.0
28.5,uav_03,1,passive_piecewise_source_clock_fit_v3,-1.9024716616132304,-8.812769178205777,8.02,2.7730429808365895,0.04,0.0
28.6,uav_03,1,passive_piecewise_source_clock_fit_v3,-1.6289549054918664,-8.812769178205777,8.02,2.782818062082179,0.04,0.0
28.7,uav_03,1,passive_piecewise_source_clock_fit_v3,-1.3521838735595626,-8.812769178205777,8.02,2.7927094462954503,0.03729055370454976,0.0
28.8,uav_03,1,passive_piecewise_source_clock_fit_v3,-1.0627335299307703,-8.812769178205777,8.02,2.8029521711976573,0.03,0.0
28.9,uav_03,1,passive_piecewise_source_clock_fit_v3,-0.7672914669186293,-8.812769178205777,8.02,2.813267801636909,0.026732198363090945,0.0
29.0,uav_03,1,passive_piecewise_source_clock_fit_v3,-0.47519207220860643,-8.812769178205777,8.02,2.82,0.02,0.0
29.1,uav_03,1,passive_piecewise_source_clock_fit_v3,-0.18035908973238476,-8.812769178205777,8.02,2.823899062515414,0.02,0.0
29.2,uav_03,1,passive_piecewise_source_clock_fit_v3,0.11234938591836299,-8.812769178205777,8.02,2.83,0.02,0.0
29.3,uav_03,1,passive_piecewise_source_clock_fit_v3,0.4109444286435817,-8.812769178205777,8.02,2.83,0.02,0.0
29.4,uav_03,1,passive_piecewise_source_clock_fit_v3,0.7048637911788689,-8.812769178205777,8.02,2.8348459538331716,0.024845953833171848,0.0
29.5,uav_03,1,passive_piecewise_source_clock_fit_v3,0.9999950439232761,-8.812769178205777,8.02,2.8452137214872977,0.03,0.0
29.6,uav_03,1,passive_piecewise_source_clock_fit_v3,1.2999755174183552,-8.812769178205777,8.02,2.85,0.03557721471167757,0.0
29.7,uav_03,1,passive_piecewise_source_clock_fit_v3,1.5840611974667764,-8.812769178205777,8.02,2.8553915869181203,0.04539158691812046,0.0
29.8,uav_03,1,passive_piecewise_source_clock_fit_v3,1.857257096135902,-8.807415285393132,8.02,2.8648297473828777,0.05,0.0
29.9,uav_03,1,passive_piecewise_source_clock_fit_v3,2.130452994851708,-8.801683934220499,8.02,2.87,0.05426790784763447,0.0
30.0,uav_03,1,passive_piecewise_source_clock_fit_v3,2.4036488933667544,-8.801683934220499,8.02,2.8737060683123916,0.06,0.0
30.1,uav_03,1,passive_piecewise_source_clock_fit_v3,2.676844792236661,-8.798198479782647,8.02,2.88,0.06,0.0
30.2,uav_03,1,passive_piecewise_source_clock_fit_v3,2.950040690597633,-8.790598689841392,8.02,2.88,0.06,0.0
30.3,uav_03,1,passive_piecewise_source_clock_fit_v3,3.223236589898629,-8.788358861113544,8.02,2.8820205497066627,0.06,0.0
30.4,uav_03,1,passive_piecewise_source_clock_fit_v3,3.497839944300131,-8.779513445462287,8.02,2.89,0.06,0.0
30.5,uav_03,1,passive_piecewise_source_clock_fit_v3,3.779277015829927,-8.778519242479762,8.019103129363824,2.89,0.05910312936382336,0.0
30.6,uav_03,1,passive_piecewise_source_clock_fit_v3,4.052472913882781,-8.76842820147701,8.010000000000002,2.89,0.05,0.0
30.7,uav_03,1,passive_piecewise_source_clock_fit_v3,4.3256688131837935,-8.76842820147701,8.010000000000002,2.89,0.05,0.0
30.8,uav_03,1,passive_piecewise_source_clock_fit_v3,4.588904328627371,-8.7585986398835,8.010000000000002,2.89,0.05,0.0
30.9,uav_03,1,passive_piecewise_source_clock_fit_v3,4.8572127857656575,-8.757342957097904,8.010000000000002,2.89,0.04212590836304056,0.0
31.0,uav_03,1,passive_piecewise_source_clock_fit_v3,5.121638897636127,-8.749651552663254,8.010000000000002,2.8969384166659866,0.04,0.0
31.1,uav_03,1,passive_piecewise_source_clock_fit_v3,5.384629161873006,-8.746257712718801,8.010000000000002,2.9060240007786438,0.03397599922135626,0.0
31.2,uav_03,1,passive_piecewise_source_clock_fit_v3,5.65254947449588,-8.746257712718801,8.010000000000002,2.91,0.03,0.0
31.3,uav_03,1,passive_piecewise_source_clock_fit_v3,5.920258318905837,-8.741607265521965,8.010000000000002,2.91,0.03419516900395818,0.0
31.4,uav_03,1,passive_piecewise_source_clock_fit_v3,6.1864140604272055,-8.735172468733522,8.010000000000002,2.91,0.03671924688338487,0.0
31.5,uav_03,1,passive_piecewise_source_clock_fit_v3,6.455887476159357,-8.732549326086536,8.010000000000002,2.91,0.03,0.0
31.6,uav_03,1,passive_piecewise_source_clock_fit_v3,6.7202786449873715,-8.724087224354417,8.010000000000002,2.91,0.03,0.0
31.7,uav_03,1,passive_piecewise_source_clock_fit_v3,6.99167378996957,-8.72348536785753,8.010000000000002,2.910542934802612,0.03,0.0
31.8,uav_03,1,passive_piecewise_source_clock_fit_v3,7.257320522356328,-8.713312042583214,8.010000000000002,2.9197202924921655,0.03,0.0
31.9,uav_03,1,passive_piecewise_source_clock_fit_v3,7.56640364832948,-8.713001979975312,8.010000000000002,2.92,0.03,0.0
32.0,uav_03,1,passive_piecewise_source_clock_fit_v3,7.867330871032157,-8.712507301411028,8.010000000000002,2.92,0.029553750404645064,0.0
32.1,uav_03,1,passive_piecewise_source_clock_fit_v3,8.177844080019108,-8.701916735990034,8.010000000000002,2.9208275754173307,0.02,0.0
32.2,uav_03,1,passive_piecewise_source_clock_fit_v3,8.488357289006082,-8.700576639423241,8.010000000000002,2.93,0.02,0.0
32.3,uav_03,1,passive_piecewise_source_clock_fit_v3,8.79733614692712,-8.690831491610929,8.010000000000002,2.93,0.02,0.0
32.4,uav_03,1,passive_piecewise_source_clock_fit_v3,9.099735078156582,-8.690831491610929,8.010000000000002,2.93,0.02,0.0
32.5,uav_03,1,passive_piecewise_source_clock_fit_v3,9.41024828714355,-8.688223268066736,8.010000000000002,2.93,0.02,0.0
32.6,uav_03,1,passive_piecewise_source_clock_fit_v3,9.718123364044368,-8.679746247231824,8.010000000000002,2.932734204527212,0.017265795472787938,0.0
32.7,uav_03,1,passive_piecewise_source_clock_fit_v3,10.021626077665218,-8.676292605825395,8.010000000000002,2.94,0.01,0.0
32.8,uav_03,1,passive_piecewise_source_clock_fit_v3,10.32726106318742,-8.668661003246546,8.010000000000002,2.94,0.006666236495279993,0.0
32.9,uav_03,1,passive_piecewise_source_clock_fit_v3,10.623291998743282,-8.668661003246546,8.010000000000002,2.94,0.0,0.0
33.0,uav_03,1,passive_piecewise_source_clock_fit_v3,10.918396574994384,-8.665227816066002,8.010000000000002,2.94,0.0,0.0
33.1,uav_03,1,passive_piecewise_source_clock_fit_v3,11.212362795166603,-8.657575758867441,8.012925192143936,2.94,0.0,0.0
33.2,uav_03,1,passive_piecewise_source_clock_fit_v3,11.505670564416588,-8.657575758867441,8.02,2.94,0.0,0.0
33.3,uav_03,1,passive_piecewise_source_clock_fit_v3,11.794776037454913,-8.657575758867441,8.02,2.94,0.0,0.0
33.4,uav_03,1,passive_piecewise_source_clock_fit_v3,12.09080697301079,-8.654675170784577,8.02,2.94,0.0,0.0
33.5,uav_03,1,passive_piecewise_source_clock_fit_v3,12.386837908566656,-8.646490514488336,8.02,2.94,0.0,0.0
33.6,uav_03,1,passive_piecewise_source_clock_fit_v3,12.68286884412255,-8.646490514488336,8.02,2.94,0.0,0.0
33.7,uav_03,1,passive_piecewise_source_clock_fit_v3,12.97889977967841,-8.646490514488336,8.02,2.9423080494223637,0.0,0.0
33.8,uav_03,1,passive_piecewise_source_clock_fit_v3,13.271848398394269,-8.64416023898998,8.02,2.95,0.0,0.0
33.9,uav_03,1,passive_piecewise_source_clock_fit_v3,13.553585897497218,-8.635405270503057,8.02,2.95,0.0,0.0
34.0,uav_03,1,passive_piecewise_source_clock_fit_v3,13.832961088231126,-8.635405270503057,8.02,2.95,-0.0008617098123837546,0.0
34.1,uav_03,1,passive_piecewise_source_clock_fit_v3,14.112141372304574,-8.635405270503057,8.02,2.9497979954830944,-0.01,0.0
34.2,uav_03,1,passive_piecewise_source_clock_fit_v3,14.382504459367956,-8.635405270503057,8.02,2.9404577007785706,-0.01,0.0
34.3,uav_03,1,passive_piecewise_source_clock_fit_v3,14.66143803160939,-8.635405270503057,8.02,2.94,-0.01,0.0
34.4,uav_03,1,passive_piecewise_source_clock_fit_v3,14.94081322234325,-8.626289997505962,8.02,2.94,-0.01,0.0
34.5,uav_03,1,passive_piecewise_source_clock_fit_v3,15.220188413077153,-8.624320026123954,8.02,2.947563183334997,-0.01,0.0
34.6,uav_03,1,passive_piecewise_source_clock_fit_v3,15.499563603811039,-8.624320026123954,8.02,2.95,-0.01,0.0
34.7,uav_03,1,passive_piecewise_source_clock_fit_v3,15.778938794544937,-8.624320026123954,8.02,2.95,-0.01,0.0
34.8,uav_03,1,passive_piecewise_source_clock_fit_v3,16.058313985278833,-8.624320026123954,8.02,2.95,-0.01,0.0
34.9,uav_03,1,passive_piecewise_source_clock_fit_v3,16.349040133443182,-8.624320026123954,8.02,2.95,-0.015303856435670638,0.0
35.0,uav_03,1,passive_piecewise_source_clock_fit_v3,16.655120760558532,-8.624320026123954,8.02,2.95536395775226,-0.02,0.0
35.1,uav_03,1,passive_piecewise_source_clock_fit_v3,16.958892735677402,-8.618366855796737,8.02,2.96,-0.02,0.0
35.2,uav_03,1,passive_piecewise_source_clock_fit_v3,17.258413118546677,-8.613234781744849,8.02,2.96,-0.02,0.0
35.3,uav_03,1,passive_piecewise_source_clock_fit_v3,17.559318262659882,-8.613234781744849,8.02,2.96,-0.02,0.0
35.4,uav_03,1,passive_piecewise_source_clock_fit_v3,17.86022340677313,-8.613234781744849,8.02,2.96,-0.02550436301861714,0.0
35.5,uav_03,1,passive_piecewise_source_clock_fit_v3,18.161128550886353,-8.613234781744849,8.02,2.96,-0.03,0.0
35.6,uav_03,1,passive_piecewise_source_clock_fit_v3,18.46203369499958,-8.613234781744849,8.02,2.9543754343482043,-0.03,0.0
35.7,uav_03,1,passive_piecewise_source_clock_fit_v3,18.7629388391128,-8.613234781744849,8.02,2.9329459990948457,-0.024315333031615264,0.0
35.8,uav_03,1,passive_piecewise_source_clock_fit_v3,19.063843983226008,-8.613234781744849,8.02,2.891276158575133,-0.02,0.0
35.9,uav_03,1,passive_piecewise_source_clock_fit_v3,19.363027614106745,-8.613234781744849,8.02,2.8284277576483086,-0.008122216470945371,0.0
36.0,uav_03,1,passive_piecewise_source_clock_fit_v3,19.653193418596967,-8.606396353537589,8.02,2.7444794774503123,0.012337893899930544,0.0
36.1,uav_03,1,passive_piecewise_source_clock_fit_v3,19.932169495648726,-8.595101105891477,8.02,2.646416089469522,0.045433564212191246,0.0
36.2,uav_03,1,passive_piecewise_source_clock_fit_v3,20.201131369980715,-8.583805858094486,8.02,2.5510694835948216,0.09928701093678566,0.0
36.3,uav_03,1,passive_piecewise_source_clock_fit_v3,20.460079040397442,-8.56504217185896,8.02,2.4526272074078634,0.16042367555528192,0.0
36.4,uav_03,1,passive_piecewise_source_clock_fit_v3,20.715695845568998,-8.54245167666627,8.02,2.343806043014746,0.22848706353607082,0.0
36.5,uav_03,1,passive_piecewise_source_clock_fit_v3,20.957580400459936,-8.51197273593394,8.02,2.23172215788083,0.2998131722576536,0.0
36.6,uav_03,1,passive_piecewise_source_clock_fit_v3,21.186485462228955,-8.478086992944258,8.02,2.1196382727469243,0.37113928097922994,0.0
36.7,uav_03,1,passive_piecewise_source_clock_fit_v3,21.405376320403306,-8.435892797579166,8.02,2.000059331941463,0.44246538970081334,0.0
36.8,uav_03,1,passive_piecewise_source_clock_fit_v3,21.606838487039298,-8.382193351301838,8.02,1.8624170031552165,0.5214759981970192,0.0
36.9,uav_03,1,passive_piecewise_source_clock_fit_v3,21.780144205918088,-8.330471510734403,8.02,1.7247576703756717,0.5891130871580198,0.0
37.0,uav_03,1,passive_piecewise_source_clock_fit_v3,21.940710043062982,-8.273390724748833,8.013904440082957,1.588566601244343,0.6587644793363504,0.0
37.1,uav_03,1,passive_piecewise_source_clock_fit_v3,22.088410617960093,-8.20726569968272,8.010000000000002,1.45237553211302,0.7313997162063892,0.0
37.2,uav_03,1,passive_piecewise_source_clock_fit_v3,22.223862175884918,-8.137139363837086,8.010000000000002,1.316816299981883,0.7994857266751212,0.0
37.3,uav_03,1,passive_piecewise_source_clock_fit_v3,22.34506977013133,-8.06355056484117,8.010000000000002,1.1814933938503815,0.8626364162031553,0.0
37.4,uav_03,1,passive_piecewise_source_clock_fit_v3,22.450194327425905,-7.980468415966414,8.010000000000002,1.0499286814231732,0.9285054268165088,0.0
37.5,uav_03,1,passive_piecewise_source_clock_fit_v3,22.552631581692467,-7.889885739722059,8.010000000000002,0.9332890044701748,0.9997480807257314,0.0
37.6,uav_03,1,passive_piecewise_source_clock_fit_v3,22.639779976008356,-7.798779854043763,8.010000000000002,0.8248081367346918,1.0633039129870143,0.0
37.7,uav_03,1,passive_piecewise_source_clock_fit_v3,22.718623394290514,-7.698132436569226,8.010000000000002,0.724934686038384,1.126859745248301,0.0
37.8,uav_03,1,passive_piecewise_source_clock_fit_v3,22.789139277107758,-7.587917569597684,8.010000000000002,0.6336920321291777,1.1990463742966577,0.0
37.9,uav_03,1,passive_piecewise_source_clock_fit_v3,22.851783028804125,-7.477205410178737,8.010000000000002,0.5506081874374598,1.2716816111667024,0.0
38.0,uav_03,1,passive_piecewise_source_clock_fit_v3,22.90181277521449,-7.346036165953002,8.010000000000002,0.4798476899997014,1.3473169257146271,0.0
38.1,uav_03,1,passive_piecewise_source_clock_fit_v3,22.954936918760108,-7.214538941803542,8.010000000000002,0.4191181680169466,1.43132274797458,0.0
38.2,uav_03,1,passive_piecewise_source_clock_fit_v3,22.99818566174103,-7.072419703586806,8.010000000000002,0.367868055799605,1.511411110720632,0.0
38.3,uav_03,1,passive_piecewise_source_clock_fit_v3,23.03516262592145,-6.917071437398845,8.010000000000002,0.331978173791138,1.594065478626586,0.0
38.4,uav_03,1,passive_piecewise_source_clock_fit_v3,23.072139590591878,-6.757761735908501,8.010000000000002,0.2976473521366787,1.663528971794982,0.0
38.5,uav_03,1,passive_piecewise_source_clock_fit_v3,23.104129132199926,-6.598452034418163,8.010000000000002,0.2593238058851751,1.7003380970574125,0.005169048528706223
38.6,uav_03,1,passive_piecewise_source_clock_fit_v3,23.1318618550459,-6.433876913800324,8.010000000000002,0.21150038945050897,1.6957501947252545,0.01
38.7,uav_03,1,passive_piecewise_source_clock_fit_v3,23.151237280950664,-6.268747387058392,8.010000000000002,0.14535342676434015,1.6583458917277125,0.01
38.8,uav_03,1,passive_piecewise_source_clock_fit_v3,23.160481522238758,-6.109437685568071,8.010000000000002,0.060882917826676444,1.598706334261341,0.006088291782667644
38.9,uav_03,1,passive_piecewise_source_clock_fit_v3,23.166355888161924,-5.957871237271341,8.010000000000002,-0.03841854258229388,1.5150740521979147,0.0
39.0,uav_03,1,passive_piecewise_source_clock_fit_v3,23.159861121655762,-5.811861651874033,8.010000000000002,-0.15375335196561596,1.4163435754110647,0.0
39.1,uav_03,1,passive_piecewise_source_clock_fit_v3,23.13589340688535,-5.657590178560334,8.010000000000002,-0.2862873067790176,1.3114272443508188,0.0
39.2,uav_03,1,passive_piecewise_source_clock_fit_v3,23.101328347129726,-5.522848271282368,8.010000000000002,-0.41218690405131486,1.206510913290571,0.0
39.3,uav_03,1,passive_piecewise_source_clock_fit_v3,23.05616594214293,-5.3949157241047665,8.010000000000002,-0.5284054177696683,1.1015945822303317,0.0
39.4,uav_03,1,passive_piecewise_source_clock_fit_v3,23.00071182546856,-5.273479255392044,8.010000000000002,-0.6275144296504248,0.9972061892773058,0.0
39.5,uav_03,1,passive_piecewise_source_clock_fit_v3,22.934724502166834,-5.16404521288791,8.010000000000002,-0.7157904639121425,0.8927619201098219,0.0
39.6,uav_03,1,passive_piecewise_source_clock_fit_v3,22.857866547997013,-5.066263097249153,8.010000000000002,-0.7997235287603384,0.7940610301446194,0.0
39.7,uav_03,1,passive_piecewise_source_clock_fit_v3,22.770411249771584,-4.980656200350382,8.010000000000002,-0.8836565936085387,0.7063434063914614,0.0
39.8,uav_03,1,passive_piecewise_source_clock_fit_v3,22.672358605702073,-4.899244579335435,8.010000000000002,-0.9675896584567267,0.6296090488503641,0.0
39.9,uav_03,1,passive_piecewise_source_clock_fit_v3,22.5711287403578,-4.826357888604265,8.010000000000002,-1.059213063718045,0.5638579575213034,0.0
40.0,uav_03,1,passive_piecewise_source_clock_fit_v3,22.465772007798105,-4.758937546398428,8.010000000000002,-1.142615920349626,0.5108650497814837,0.0
40.1,uav_03,1,passive_piecewise_source_clock_fit_v3,22.344076048134728,-4.700900502897628,8.010000000000002,-1.230770894105123,0.468546269286612,0.0
40.2,uav_03,1,passive_piecewise_source_clock_fit_v3,22.217185868725934,-4.644830010970719,8.010000000000002,-1.3138373762665898,0.4280813118667051,0.0
40.3,uav_03,1,passive_piecewise_source_clock_fit_v3,22.08328923813244,-4.597998277484984,8.010000000000002,-1.4023268615287092,0.39589104615709686,0.0
40.4,uav_03,1,passive_piecewise_source_clock_fit_v3,21.939927069639715,-4.553495710159484,8.010000000000002,-1.484582084658234,0.3738544788354415,0.0
40.5,uav_03,1,passive_piecewise_source_clock_fit_v3,21.786845948301835,-4.508993142833988,8.010000000000002,-1.564873625735384,0.3456723903492311,0.0
40.6,uav_03,1,passive_piecewise_source_clock_fit_v3,21.624045874966402,-4.464490575829286,8.010000000000002,-1.6451651668125407,0.3074174165937297,0.0
40.7,uav_03,1,passive_piecewise_source_clock_fit_v3,21.4594214422562,-4.429058053616932,8.010000000000002,-1.7172746194034791,0.2672716460551548,0.0
40.8,uav_03,1,passive_piecewise_source_clock_fit_v3,21.28686725392011,-4.395681128221625,8.010000000000002,-1.7957482489668417,0.22712587551657917,0.0
40.9,uav_03,1,passive_piecewise_source_clock_fit_v3,21.096629196961953,-4.371455042643494,8.010000000000002,-1.8677848162885005,0.17872513122249958,0.0
41.0,uav_03,1,passive_piecewise_source_clock_fit_v3,20.92217102430759,-4.350560366454839,8.010000000000002,-1.926077111433488,0.139281925711008,0.0
41.1,uav_03,1,passive_piecewise_source_clock_fit_v3,20.738297047310713,-4.337683474930517,8.010000000000002,-1.981851693713793,0.09512358857183906,0.0
41.2,uav_03,1,passive_piecewise_source_clock_fit_v3,20.549945178694273,-4.327378893932161,8.010000000000002,-2.0376262759940937,0.054915816003937634,0.0
41.3,uav_03,1,passive_piecewise_source_clock_fit_v3,20.356222101664734,-4.31707431283369,8.010000000000002,-2.087834048561992,0.017732761150406114,0.0
41.4,uav_03,1,passive_piecewise_source_clock_fit_v3,20.15890109548509,-4.312160013061977,8.010000000000002,-2.134312867128914,-0.014587720277348478,0.0
41.5,uav_03,1,passive_piecewise_source_clock_fit_v3,19.958481540282538,-4.312160013061977,8.010000000000002,-2.1805858274216194,-0.038234330968647805,0.0
41.6,uav_03,1,passive_piecewise_source_clock_fit_v3,19.753496907635906,-4.312160013061977,8.010000000000002,-2.2234164034102024,-0.056708201705101303,0.0
41.7,uav_03,1,passive_piecewise_source_clock_fit_v3,19.54465000909451,-4.315097452690468,8.010000000000002,-2.263249322829669,-0.07264986456593381,0.0
41.8,uav_03,1,passive_piecewise_source_clock_fit_v3,19.329390730057206,-4.323245257441082,8.010000000000002,-2.3077825131172682,-0.08194562827931705,0.0
41.9,uav_03,1,passive_piecewise_source_clock_fit_v3,19.112933677963703,-4.324621370753127,8.010000000000002,-2.3437241759781013,-0.09,0.0
42.0,uav_03,1,passive_piecewise_source_clock_fit_v3,18.88766491278526,-4.33433050142636,8.010000000000002,-2.372321140424914,-0.09058028510622843,0.0
42.1,uav_03,1,passive_piecewise_source_clock_fit_v3,18.645432710425894,-4.335020475758062,8.010000000000002,-2.412489703638844,-0.1,0.0
42.2,uav_03,1,passive_piecewise_source_clock_fit_v3,18.402559292312137,-4.346152434247661,8.010000000000002,-2.4526582668527714,-0.09933543328680716,0.0
42.3,uav_03,1,passive_piecewise_source_clock_fit_v3,18.150458722540463,-4.357292305866244,8.010000000000002,-2.492141537929319,-0.09,0.0
42.4,uav_03,1,passive_piecewise_source_clock_fit_v3,17.895388644343477,-4.3685272032768205,8.010000000000002,-2.5225465449604707,-0.09,0.0
42.5,uav_03,1,passive_piecewise_source_clock_fit_v3,17.633777865397807,-4.378671478548952,8.010000000000002,-2.551781978247279,-0.09,0.0
42.6,uav_03,1,passive_piecewise_source_clock_fit_v3,17.37216708532534,-4.379705875876912,8.010000000000002,-2.572799389781364,-0.09,0.0
42.7,uav_03,1,passive_piecewise_source_clock_fit_v3,17.110556306501838,-4.390837834328101,8.010000000000002,-2.6019505414612074,-0.09,0.0
42.8,uav_03,1,passive_piecewise_source_clock_fit_v3,16.847963865053064,-4.40196979246228,8.010000000000002,-2.6220348230681703,-0.09,0.0
42.9,uav_03,1,passive_piecewise_source_clock_fit_v3,16.57666379730901,-4.41310175095188,8.010000000000002,-2.6421191046751367,-0.09,0.0
43.0,uav_03,1,passive_piecewise_source_clock_fit_v3,16.307865632251353,-4.424131051575143,8.010000000000002,-2.6620181710119937,-0.09,0.0
43.1,uav_03,1,passive_piecewise_source_clock_fit_v3,16.059370879422804,-4.43432726425593,8.010000000000002,-2.6804141804930164,-0.0902070902465082,0.0
43.2,uav_03,1,passive_piecewise_source_clock_fit_v3,15.810876125361437,-4.444523477290805,8.010000000000002,-2.6988101899740418,-0.09940509498702078,0.0
43.3,uav_03,1,passive_piecewise_source_clock_fit_v3,15.554080560879534,-4.454719690325678,8.010000000000002,-2.708603099727532,-0.1,0.0
43.4,uav_03,1,passive_piecewise_source_clock_fit_v3,15.304237989786467,-4.464915903053325,8.010000000000002,-2.725602208936089,-0.1,0.0
43.5,uav_03,1,passive_piecewise_source_clock_fit_v3,15.04899005599999,-4.475112116001601,8.010000000000002,-2.7439982184171146,-0.1,0.0
43.6,uav_03,1,passive_piecewise_source_clock_fit_v3,14.791620489834104,-4.485308329036475,8.010000000000002,-2.7561971139490686,-0.09380288605093105,0.0
43.7,uav_03,1,passive_piecewise_source_clock_fit_v3,14.535745586348776,-4.495445327792535,8.010000000000002,-2.770683403345705,-0.09,0.0
43.8,uav_03,1,passive_piecewise_source_clock_fit_v3,14.275344211604532,-4.505589902268606,8.010000000000002,-2.784493123430093,-0.0855068765699069,0.0
43.9,uav_03,1,passive_piecewise_source_clock_fit_v3,14.012661264638684,-4.515786115303481,8.010000000000002,-2.7936911281706056,-0.08,0.0
44.0,uav_03,1,passive_piecewise_source_clock_fit_v3,13.752504081760852,-4.525982328224572,8.010000000000002,-2.802889132911117,-0.08,0.0
44.1,uav_03,1,passive_piecewise_source_clock_fit_v3,13.480072059918141,-4.533864897887287,8.010000000000002,-2.8123009035624,-0.07769909643760005,0.0
44.2,uav_03,1,passive_piecewise_source_clock_fit_v3,13.188913973491744,-4.53657077672673,8.010000000000002,-2.8224409735562928,-0.06755902644370722,0.0
44.3,uav_03,1,passive_piecewise_source_clock_fit_v3,12.90269410632633,-4.547811292117082,8.010000000000002,-2.8325810435501837,-0.05741895644981622,0.0
44.4,uav_03,1,passive_piecewise_source_clock_fit_v3,12.609180815491793,-4.55905180740027,8.010000000000002,-2.8427211135440764,-0.05,0.0
44.5,uav_03,1,passive_piecewise_source_clock_fit_v3,12.314830964805546,-4.567120630630775,8.010000000000002,-2.85,-0.04710991561821382,0.0
44.6,uav_03,1,passive_piecewise_source_clock_fit_v3,12.01925964608588,-4.570558445959,8.010000000000002,-2.8531012535318614,-0.04,0.0
44.7,uav_03,1,passive_piecewise_source_clock_fit_v3,11.722618923508955,-4.581798961349352,8.010000000000002,-2.86,-0.03675867647424665,0.0
44.8,uav_03,1,passive_piecewise_source_clock_fit_v3,11.422584437164303,-4.589291119388985,8.010000000000002,-2.863381393519645,-0.03,0.0
44.9,uav_03,1,passive_piecewise_source_clock_fit_v3,11.129071146439527,-4.593194747612267,8.010000000000002,-2.873521463513537,-0.03,0.0
45.0,uav_03,1,passive_piecewise_source_clock_fit_v3,10.835557856120188,-4.600376363374263,8.010000000000002,-2.88,-0.03,0.0
45.1,uav_03,1,passive_piecewise_source_clock_fit_v3,10.537421034340012,-4.604625945800663,8.010000000000002,-2.8838335487076954,-0.03,0.0
45.2,uav_03,1,passive_piecewise_source_clock_fit_v3,10.235491546736059,-4.611461607753368,8.010000000000002,-2.8940588265956975,-0.025941173404302704,0.0
45.3,uav_03,1,passive_piecewise_source_clock_fit_v3,9.935378265699429,-4.61621064226811,8.010000000000002,-2.9,-0.02,0.0
45.4,uav_03,1,passive_piecewise_source_clock_fit_v3,9.62953256696741,-4.622546852132473,8.010000000000002,-2.9045093823717014,-0.015490617628298512,0.0
45.5,uav_03,1,passive_piecewise_source_clock_fit_v3,9.328255165531273,-4.627795338735559,8.010000000000002,-2.91,-0.01,0.0
45.6,uav_03,1,passive_piecewise_source_clock_fit_v3,9.027489796955638,-4.633632096511578,8.010000000000002,-2.91,-0.01,0.0
45.7,uav_03,1,passive_piecewise_source_clock_fit_v3,8.723179679257155,-4.639323124716746,8.010000000000002,-2.9151338772630777,-0.01,0.0
45.8,uav_03,1,passive_piecewise_source_clock_fit_v3,8.423913372653962,-4.644717340496856,8.010000000000002,-2.92,-0.004689506076289309,0.0
45.9,uav_03,1,passive_piecewise_source_clock_fit_v3,8.122592404271474,-4.644717340496856,8.010000000000002,-2.925535771811713,0.0,0.0
46.0,uav_03,1,passive_piecewise_source_clock_fit_v3,7.816746705539462,-4.651103604877007,8.010000000000002,-2.93,0.0,0.0
46.1,uav_03,1,passive_piecewise_source_clock_fit_v3,7.529164070020037,-4.6558025848759605,8.010000000000002,-2.93,0.0,0.0
46.2,uav_03,1,passive_piecewise_source_clock_fit_v3,7.254513606379767,-4.6558025848759605,8.010000000000002,-2.93,0.0,0.0
46.3,uav_03,1,passive_piecewise_source_clock_fit_v3,6.979863142739521,-4.6558025848759605,8.010000000000002,-2.93,0.0,0.0
46.4,uav_03,1,passive_piecewise_source_clock_fit_v3,6.708032726119566,-4.659042517819069,8.010000000000002,-2.93,0.0,0.0
46.5,uav_03,1,passive_piecewise_source_clock_fit_v3,6.439574839785316,-4.6668878292550655,8.010000000000002,-2.932126341075801,0.0,0.0
46.6,uav_03,1,passive_piecewise_source_clock_fit_v3,6.16256930595365,-4.6668878292550655,8.010000000000002,-2.94,0.0013874115165039024,0.0
46.7,uav_03,1,passive_piecewise_source_clock_fit_v3,5.887918842313395,-4.6668878292550655,8.010000000000002,-2.94,0.01,0.0
46.8,uav_03,1,passive_piecewise_source_clock_fit_v3,5.613268378673126,-4.6668878292550655,8.010000000000002,-2.94,0.01,0.0
46.9,uav_03,1,passive_piecewise_source_clock_fit_v3,5.3386179150328745,-4.676791844130665,8.010000000000002,-2.94,0.01,0.0
47.0,uav_03,1,passive_piecewise_source_clock_fit_v3,5.063967451392591,-4.677973073240343,8.010000000000002,-2.94,0.01,0.0
47.1,uav_03,1,passive_piecewise_source_clock_fit_v3,4.7893169877523025,-4.677973073240343,8.010000000000002,-2.94,0.01,0.0
47.2,uav_03,1,passive_piecewise_source_clock_fit_v3,4.507696546080902,-4.677973073240343,8.010000000000002,-2.94,0.01,0.0
47.3,uav_03,1,passive_piecewise_source_clock_fit_v3,4.22317159223757,-4.677973073240343,8.010000000000002,-2.9462269062039192,0.016226906203918975,0.0
47.4,uav_03,1,passive_piecewise_source_clock_fit_v3,3.9386466383942267,-4.677973073240343,8.010000000000002,-2.95,0.02,0.0
47.5,uav_03,1,passive_piecewise_source_clock_fit_v3,3.6541216845508666,-4.677973073240343,8.010000000000002,-2.95,0.02,0.0
47.6,uav_03,1,passive_piecewise_source_clock_fit_v3,3.3695967307074906,-4.683254419887124,8.010000000000002,-2.95,0.015235696691779299,0.0
47.7,uav_03,1,passive_piecewise_source_clock_fit_v3,3.0809452817767853,-4.689058317619449,8.010000000000002,-2.95,0.01,0.0
47.8,uav_03,1,passive_piecewise_source_clock_fit_v3,2.7908981955685497,-4.689058317619449,8.010000000000002,-2.95,0.013789234711086942,0.0
47.9,uav_03,1,passive_piecewise_source_clock_fit_v3,2.507351027124466,-4.689058317619449,8.010000000000002,-2.95,0.02,0.0
48.0,uav_03,1,passive_piecewise_source_clock_fit_v3,2.2248393625702843,-4.689058317619449,8.010000000000002,-2.95,0.02,0.0
48.1,uav_03,1,passive_piecewise_source_clock_fit_v3,1.940314408726947,-4.689058317619449,8.010000000000002,-2.95,0.02,0.0
48.2,uav_03,1,passive_piecewise_source_clock_fit_v3,1.6500074284670931,-4.689058317619449,8.010000000000002,-2.95,0.021932406846034307,0.0
48.3,uav_03,1,passive_piecewise_source_clock_fit_v3,1.3338561124217545,-4.691832101134093,8.010000000000002,-2.95,0.02749776962980431,0.0
48.4,uav_03,1,passive_piecewise_source_clock_fit_v3,1.0177047963764156,-4.700143561998553,8.010000000000002,-2.95,0.02,0.0
48.5,uav_03,1,passive_piecewise_source_clock_fit_v3,0.6980395684872394,-4.700143561998553,8.010000000000002,-2.9536418774185194,0.02,0.0
48.6,uav_03,1,passive_piecewise_source_clock_fit_v3,0.37575353683342516,-4.700143561998553,8.010000000000002,-2.96,0.02,0.0
48.7,uav_03,1,passive_piecewise_source_clock_fit_v3,0.05815758474716423,-4.700143561998553,8.010000000000002,-2.96,0.024829822693780992,0.0
48.8,uav_03,1,passive_piecewise_source_clock_fit_v3,-0.25954016994572116,-4.700143561998553,8.010000000000002,-2.9545486520089956,0.03,0.0
48.9,uav_03,1,passive_piecewise_source_clock_fit_v3,-0.5756914859910768,-4.700143561998553,8.010000000000002,-2.95,0.03,0.0
49.0,uav_03,1,passive_piecewise_source_clock_fit_v3,-0.8918428020364313,-4.700143561998553,8.010000000000002,-2.95,0.03,0.0
49.1,uav_03,1,passive_piecewise_source_clock_fit_v3,-1.2079941180818037,-4.700143561998553,8.010000000000002,-2.95,0.03,0.0
49.2,uav_03,1,passive_piecewise_source_clock_fit_v3,-1.5193011516041413,-4.700143561998553,8.010000000000002,-2.95,0.03,0.0
49.3,uav_03,1,passive_piecewise_source_clock_fit_v3,-1.8217304079657128,-4.700143561998553,8.010000000000002,-2.95,0.02264283980840727,0.0
49.4,uav_03,1,passive_piecewise_source_clock_fit_v3,-2.121585567598343,-4.700143561998553,8.010000000000002,-2.95,0.027382157587686508,0.0
49.5,uav_03,1,passive_piecewise_source_clock_fit_v3,-2.4214407272309995,-4.708354574021751,8.010000000000002,-2.95,0.03,0.0
49.6,uav_03,1,passive_piecewise_source_clock_fit_v3,-2.721295886863667,-4.711228805983831,8.010000000000002,-2.957432152379876,0.03,0.0
49.7,uav_03,1,passive_piecewise_source_clock_fit_v3,-3.0211510464962865,-4.711228805983831,8.010000000000002,-2.96,0.03,0.0
49.8,uav_03,1,passive_piecewise_source_clock_fit_v3,-3.3210062061289163,-4.711228805983831,8.010000000000002,-2.9525178528279366,0.03,0.0
49.9,uav_03,1,passive_piecewise_source_clock_fit_v3,-3.6281047298783986,-4.711228805983831,8.010000000000002,-2.95,0.03,0.0
50.0,uav_03,1,passive_piecewise_source_clock_fit_v3,-3.9281345390663405,-4.711228805983831,8.010000000000002,-2.95,0.03745756630123871,0.0
50.1,uav_03,1,passive_piecewise_source_clock_fit_v3,-4.227229237790655,-4.711228805983831,8.010000000000002,-2.95,0.032542860639654184,0.0
50.2,uav_03,1,passive_piecewise_source_clock_fit_v3,-4.499951174180436,-4.711228805983831,8.010000000000002,-2.95,0.03,0.0
50.3,uav_03,1,passive_piecewise_source_clock_fit_v3,-4.763451679893731,-4.711228805983831,8.015384556692089,-2.95,0.035384556692088134,0.0
50.4,uav_03,1,passive_piecewise_source_clock_fit_v3,-5.026952185607047,-4.711228805983831,8.02,-2.95,0.04,0.0
50.5,uav_03,1,passive_piecewise_source_clock_fit_v3,-5.2904526913203584,-4.711228805983831,8.02,-2.95,0.04,0.0
50.6,uav_03,1,passive_piecewise_source_clock_fit_v3,-5.555702720248959,-4.711228805983831,8.02,-2.95,0.04,0.0
50.7,uav_03,1,passive_piecewise_source_clock_fit_v3,-5.827102330199249,-4.711228805983831,8.02,-2.95,0.03937720512809576,0.0
50.8,uav_03,1,passive_piecewise_source_clock_fit_v3,-6.090602835912571,-4.711228805983831,8.02,-2.95,0.030567645583141435,0.0
50.9,uav_03,1,passive_piecewise_source_clock_fit_v3,-6.35659346084159,-4.711228805983831,8.02,-2.95,0.03832516561799228,0.0
51.0,uav_03,1,passive_piecewise_source_clock_fit_v3,-6.620594922027622,-4.711228805983831,8.02,-2.95,0.032848526493234276,0.0
51.1,uav_03,1,passive_piecewise_source_clock_fit_v3,-6.884095427740946,-4.711228805983831,8.02,-2.95,0.03,0.0
51.2,uav_03,1,passive_piecewise_source_clock_fit_v3,-7.1475959334542765,-4.711228805983831,8.02,-2.95,0.03,0.0
51.3,uav_03,1,passive_piecewise_source_clock_fit_v3,-7.425910795293156,-4.711228805983831,8.02,-2.95,0.03,0.0
51.4,uav_03,1,passive_piecewise_source_clock_fit_v3,-7.729824023069091,-4.711228805983831,8.02,-2.95,0.03410372914184585,0.0
51.5,uav_03,1,passive_piecewise_source_clock_fit_v3,-8.03546680781215,-4.711228805983831,8.02,-2.95,0.035867979254278114,0.0
51.6,uav_03,1,passive_piecewise_source_clock_fit_v3,-8.335420499089484,-4.711228805983831,8.02,-2.95,0.03,0.0
51.7,uav_03,1,passive_piecewise_source_clock_fit_v3,-8.635374190136568,-4.711228805983831,8.02,-2.95,0.03,0.0
51.8,uav_03,1,passive_piecewise_source_clock_fit_v3,-8.935327881984337,-4.711228805983831,8.02,-2.945783104442651,0.034216895557348914,0.0
51.9,uav_03,1,passive_piecewise_source_clock_fit_v3,-9.23528157383212,-4.711228805983831,8.02,-2.923019251355101,0.04,0.0
52.0,uav_03,1,passive_piecewise_source_clock_fit_v3,-9.531111945226947,-4.711228805983831,8.02,-2.8786326061744965,0.04427347876510074,0.0
52.1,uav_03,1,passive_piecewise_source_clock_fit_v3,-9.82138971151804,-4.711228805983831,8.02,-2.8155858370481877,0.06290531110692966,0.0
52.2,uav_03,1,passive_piecewise_source_clock_fit_v3,-10.106289962564258,-4.711228805983831,8.02,-2.7314152893508163,0.09286157021639466,0.0
52.3,uav_03,1,passive_piecewise_source_clock_fit_v3,-10.387300424085007,-4.7062573721778875,8.02,-2.6351526893540127,0.1324236553229936,0.0
52.4,uav_03,1,passive_piecewise_source_clock_fit_v3,-10.6677601495782,-4.6889560347686885,8.02,-2.529538653153411,0.19027680810795355,0.0
52.5,uav_03,1,passive_piecewise_source_clock_fit_v3,-10.937487892743063,-4.671756980213883,8.02,-2.4239246169528084,0.25925276813303405,0.0
52.6,uav_03,1,passive_piecewise_source_clock_fit_v3,-11.19648365357959,-4.64637256085901,8.02,-2.3121416388274296,0.33318259347345375,0.0
52.7,uav_03,1,passive_piecewise_source_clock_fit_v3,-11.444747431164963,-4.611249838975468,8.02,-2.1959661990067647,0.4138427643587167,0.0
52.8,uav_03,1,passive_piecewise_source_clock_fit_v3,-11.675243687780148,-4.568044035370979,8.02,-2.0652072608562975,0.4983339933192014,0.0
52.9,uav_03,1,passive_piecewise_source_clock_fit_v3,-11.899430408399894,-4.521213739847685,8.02,-1.927909013795523,0.5906783750646377,0.0
53.0,uav_03,1,passive_piecewise_source_clock_fit_v3,-12.109019525339482,-4.464584605095704,8.02,-1.7810062730603256,0.6779964153940996,0.0
53.1,uav_03,1,passive_piecewise_source_clock_fit_v3,-12.29560106758741,-4.395902648218103,8.02,-1.6238605996237947,0.7626076802006428,0.0
53.2,uav_03,1,passive_piecewise_source_clock_fit_v3,-12.469727832606331,-4.31497395186346,8.02,-1.4654395453228755,0.847098909161133,0.0
53.3,uav_03,1,passive_piecewise_source_clock_fit_v3,-12.59932750487897,-4.245864251367688,8.02,-1.331845542532593,0.90980541348479,0.0
53.4,uav_03,1,passive_piecewise_source_clock_fit_v3,-12.720244289332147,-4.169018064503821,8.02,-1.1991343122605247,0.9791283667943869,0.0
53.5,uav_03,1,passive_piecewise_source_clock_fit_v3,-12.833736618309219,-4.083641969817522,8.02,-1.0726615431892386,1.0499076896061494,0.0
53.6,uav_03,1,passive_piecewise_source_clock_fit_v3,-12.934897317603417,-3.9897359672514296,8.02,-0.9589694813731304,1.1206870124179131,0.0
53.7,uav_03,1,passive_piecewise_source_clock_fit_v3,-13.0212091049139,-3.891660207157136,8.02,-0.8567337890591865,1.187533043325972,0.0
53.8,uav_03,1,passive_piecewise_source_clock_fit_v3,-13.098037982943996,-3.790501965199828,8.02,-0.7621929274481934,1.255026365296626,0.0
53.9,uav_03,1,passive_piecewise_source_clock_fit_v3,-13.173295945903032,-3.682618628885313,8.02,-0.6753468965401428,1.3330249808532064,0.0
54.0,uav_03,1,passive_piecewise_source_clock_fit_v3,-13.241129452396105,-3.573681001959632,8.02,-0.5966712342931446,1.4042798416230997,0.0
54.1,uav_03,1,passive_piecewise_source_clock_fit_v3,-13.30088524628472,-3.4461825136705384,8.02,-0.5347393268328559,1.4839065797863282,0.0
54.2,uav_03,1,passive_piecewise_source_clock_fit_v3,-13.352757755837516,-3.318684025381422,8.02,-0.4809777880336197,1.5635333179495705,0.0
54.3,uav_03,1,passive_piecewise_source_clock_fit_v3,-13.397205808951965,-3.1834061522908277,8.02,-0.4349110799373309,1.6431600561128041,0.0
54.4,uav_03,1,passive_piecewise_source_clock_fit_v3,-13.442078052280614,-3.0320517498817408,8.02,-0.3947237870620356,1.7079143194069466,0.0
54.5,uav_03,1,passive_piecewise_source_clock_fit_v3,-13.482643906191079,-2.8725814260026388,8.02,-0.3445424022262896,1.7418191992579035,0.0
54.6,uav_03,1,passive_piecewise_source_clock_fit_v3,-13.519800216295927,-2.706361188740673,8.02,-0.28677826705359244,1.7389260890178642,0.0
54.7,uav_03,1,passive_piecewise_source_clock_fit_v3,-13.551973674624085,-2.547056173386527,8.02,-0.21352119782134174,1.6990141318808945,0.0
54.8,uav_03,1,passive_piecewise_source_clock_fit_v3,-13.575217605779763,-2.392334265637163,8.02,-0.12208332784700057,1.6316666622776004,0.0
54.9,uav_03,1,passive_piecewise_source_clock_fit_v3,-13.585268259031306,-2.2420490688206365,8.02,-0.016971723070996265,1.5502287923032472,0.0
55.0,uav_03,1,passive_piecewise_source_clock_fit_v3,-13.585268259031306,-2.103311000144225,8.02,0.10260292621393138,1.4635825895442014,0.0
55.1,uav_03,1,passive_piecewise_source_clock_fit_v3,-13.578178958835672,-1.9686453562738484,8.02,0.22408481761978793,1.37326265198351,-0.0036737348016489964
55.2,uav_03,1,passive_piecewise_source_clock_fit_v3,-13.55310191381323,-1.8401358905243552,8.02,0.3400132201668566,1.2799900848748575,-0.01
55.3,uav_03,1,passive_piecewise_source_clock_fit_v3,-13.51568834982996,-1.7178975219489407,8.02,0.45028446525881294,1.189715534741187,-0.006971553474118705
55.4,uav_03,1,passive_piecewise_source_clock_fit_v3,-13.475019787893894,-1.6089935699957327,8.02,0.5485267317365327,1.0914732682634674,0.0
55.5,uav_03,1,passive_piecewise_source_clock_fit_v3,-13.418968523539741,-1.4979011464228864,8.02,0.6487432188764115,0.9912567811235885,0.0
55.6,uav_03,1,passive_piecewise_source_clock_fit_v3,-13.349124879440172,-1.3947317090212954,8.02,0.7382776703910633,0.8981876208100539,0.0
55.7,uav_03,1,passive_piecewise_source_clock_fit_v3,-13.275541691122488,-1.30015494679408,8.02,0.8248815395034789,0.8089941871080187,0.0
55.8,uav_03,1,passive_piecewise_source_clock_fit_v3,-13.191651804008654,-1.2199120509015358,8.02,0.9137339553928995,0.7304827890312129,0.0
55.9,uav_03,1,passive_piecewise_source_clock_fit_v3,-13.097455217837112,-1.1447215458305857,8.02,1.0010198601305498,0.6580956643429058,0.0
56.0,uav_03,1,passive_piecewise_source_clock_fit_v3,-12.99295193277591,-1.0759419208961924,8.02,1.0891902403947404,0.5955060997532872,0.0
56.1,uav_03,1,passive_piecewise_source_clock_fit_v3,-12.878141948750523,-1.0129707399414902,8.02,1.1771581807576166,0.5490408085521704,0.0
56.2,uav_03,1,passive_piecewise_source_clock_fit_v3,-12.753025266507166,-0.9556543857454602,8.02,1.2702273410711504,0.5076767373017109,-0.00558081567457226
56.3,uav_03,1,passive_piecewise_source_clock_fit_v3,-12.623315641749087,-0.9049025287329621,8.02,1.3573746678974974,0.4722344995384385,-0.004078166512812825
56.4,uav_03,1,passive_piecewise_source_clock_fit_v3,-12.478084089928885,-0.8507909247038222,8.02,1.4485025516227417,0.44049914945908614,0.0
56.5,uav_03,1,passive_piecewise_source_clock_fit_v3,-12.32378167309925,-0.7996375327135486,8.02,1.537293795881673,0.40851482654437266,0.0
56.6,uav_03,1,passive_piecewise_source_clock_fit_v3,-12.15367353243424,-0.760892052431064,8.02,1.6229311995718765,0.36853440021406175,0.0
56.7,uav_03,1,passive_piecewise_source_clock_fit_v3,-11.977622745871175,-0.7251984808744992,8.02,1.7087956653032572,0.3256021673483714,0.0
56.8,uav_03,1,passive_piecewise_source_clock_fit_v3,-11.792567360654834,-0.6895049093179331,8.02,1.7853276146553116,0.2826699344826791,0.0
56.9,uav_03,1,passive_piecewise_source_clock_fit_v3,-11.596448746667953,-0.6538840288006806,8.02,1.8603934475745258,0.22973770161698281,0.0
57.0,uav_03,1,passive_piecewise_source_clock_fit_v3,-11.398915531554882,-0.6309736181685073,8.02,1.9255904296852375,0.18600683593911604,0.0
57.1,uav_03,1,passive_piecewise_source_clock_fit_v3,-11.190319087653297,-0.619075761204461,8.02,1.9991901461715995,0.13387323588560032,0.0
57.2,uav_03,1,passive_piecewise_source_clock_fit_v3,-10.972381064686955,-0.6071525449903244,8.02,2.063725753000138,0.09084949799990792,0.0
57.3,uav_03,1,passive_piecewise_source_clock_fit_v3,-10.755931841233528,-0.5986031893827823,8.02,2.1241753960855663,0.04865968313154685,0.0
57.4,uav_03,1,passive_piecewise_source_clock_fit_v3,-10.544859479304854,-0.5956568914899039,8.02,2.1732892785074975,0.014684288597000935,0.0
57.5,uav_03,1,passive_piecewise_source_clock_fit_v3,-10.326873951900126,-0.5875179453975043,8.02,2.219922528743546,-0.004961264371772867,0.0
57.6,uav_03,1,passive_piecewise_source_clock_fit_v3,-10.106665950275714,-0.590071330108282,8.02,2.261517043351363,-0.02230340867027263,0.0
57.7,uav_03,1,passive_piecewise_source_clock_fit_v3,-9.87920279077978,-0.5986031893827823,8.02,2.3085047406186394,-0.03212618515465988,0.0
57.8,uav_03,1,passive_piecewise_source_clock_fit_v3,-9.651739631283869,-0.6007636609882151,8.02,2.3477958465561843,-0.041948961639046156,0.0
57.9,uav_03,1,passive_piecewise_source_clock_fit_v3,-9.422566987435433,-0.6096884337618872,8.02,2.387086952493729,-0.05,0.0
58.0,uav_03,1,passive_piecewise_source_clock_fit_v3,-9.185626195726812,-0.6114559921712602,8.02,2.4263780584312773,-0.05,0.0
58.1,uav_03,1,passive_piecewise_source_clock_fit_v3,-8.947317913578086,-0.6207736781409923,8.02,2.4642518732766163,-0.05,0.0
58.2,uav_03,1,passive_piecewise_source_clock_fit_v3,-8.700899490566352,-0.6221483233054684,8.018759932423407,2.493720202729778,-0.05,0.0
58.3,uav_03,1,passive_piecewise_source_clock_fit_v3,-8.456204513113928,-0.6318589221262702,8.010000000000002,2.522871970860596,-0.05,0.0
58.4,uav_03,1,passive_piecewise_source_clock_fit_v3,-8.225714128027485,-0.6318589221262702,8.010000000000002,2.5494146490097465,-0.05,0.0
58.5,uav_03,1,passive_piecewise_source_clock_fit_v3,-7.997455498728353,-0.641355401168673,8.010000000000002,2.5757003239197043,-0.05,0.0
58.6,uav_03,1,passive_piecewise_source_clock_fit_v3,-7.7744784734393235,-0.6429441665053752,8.010000000000002,2.5948000035387047,-0.05,0.0
58.7,uav_03,1,passive_piecewise_source_clock_fit_v3,-7.54046868992216,-0.6498697407201542,8.010000000000002,2.618742683457209,-0.05,0.0
58.8,uav_03,1,passive_piecewise_source_clock_fit_v3,-7.306357715873404,-0.6596774763114704,8.010000000000002,2.6401902410709073,-0.05509512053545366,0.0
58.9,uav_03,1,passive_piecewise_source_clock_fit_v3,-7.072063185276604,-0.6651146548697581,8.010000000000002,2.6578853598370107,-0.06,0.0
59.0,uav_03,1,passive_piecewise_source_clock_fit_v3,-6.833036118542113,-0.6682077033231518,8.010000000000002,2.6755804786031128,-0.06,0.0
59.1,uav_03,1,passive_piecewise_source_clock_fit_v3,-6.594009052032196,-0.6780154391151282,8.010000000000002,2.693275597369215,-0.06163779868460751,0.0
59.2,uav_03,1,passive_piecewise_source_clock_fit_v3,-6.354513682526694,-0.6872851436279681,8.010000000000002,2.7109707161353187,-0.07,0.0
59.3,uav_03,1,passive_piecewise_source_clock_fit_v3,-6.106949935357359,-0.6872851436279681,8.010000000000002,2.7286658349014177,-0.07,0.0
59.4,uav_03,1,passive_piecewise_source_clock_fit_v3,-5.857074085073368,-0.6964450003570746,8.010000000000002,2.7465262158257797,-0.07,0.0
59.5,uav_03,1,passive_piecewise_source_clock_fit_v3,-5.596499805939047,-0.7067681744642901,8.010000000000002,2.7651512886208867,-0.07,0.0
59.6,uav_03,1,passive_piecewise_source_clock_fit_v3,-5.333390187010282,-0.709455631992351,8.010000000000002,2.77697878998238,-0.06302121001761972,0.0
59.7,uav_03,1,passive_piecewise_source_clock_fit_v3,-5.070280568081533,-0.7165301636263333,8.010000000000002,2.7863819356543167,-0.06,0.0
59.8,uav_03,1,passive_piecewise_source_clock_fit_v3,-4.807170949152792,-0.7205408763714559,8.010000000000002,2.7957850813262524,-0.06,0.0
59.9,uav_03,1,passive_piecewise_source_clock_fit_v3,-4.539055403279685,-0.72629215258405,8.010000000000002,2.80518822699819,-0.06,0.0
60.0,uav_03,1,passive_piecewise_source_clock_fit_v3,-4.2713030832134455,-0.7316261203567339,8.010000000000002,2.8191827453402527,-0.055408627329873575,0.0
60.1,uav_03,1,passive_piecewise_source_clock_fit_v3,-4.004339301609706,-0.7360541415565923,8.010000000000002,2.83,-0.05,0.0
60.2,uav_03,1,passive_piecewise_source_clock_fit_v3,-3.7321569372682806,-0.7427113647358389,8.010000000000002,2.8367953280279994,-0.05,0.0
60.3,uav_03,1,passive_piecewise_source_clock_fit_v3,-3.4599745724874786,-0.7458161307186345,8.010000000000002,2.8528008096859354,-0.05,0.0
60.4,uav_03,1,passive_piecewise_source_clock_fit_v3,-3.187792208309716,-0.7537966091149438,8.010000000000002,2.86,-0.047796044642127535,0.0
60.5,uav_03,1,passive_piecewise_source_clock_fit_v3,-2.909655571800992,-0.7537966091149438,8.010000000000002,2.8618128045959454,-0.04,0.0
60.6,uav_03,1,passive_piecewise_source_clock_fit_v3,-2.6026347737616136,-0.7564787077518571,8.010000000000002,2.872419521519306,-0.04,0.0
60.7,uav_03,1,passive_piecewise_source_clock_fit_v3,-2.293590278304469,-0.7648818531002218,8.010000000000002,2.8829962756858083,-0.04,0.0
60.8,uav_03,1,passive_piecewise_source_clock_fit_v3,-1.9818391368837514,-0.7648818531002218,8.010000000000002,2.89,-0.04,0.0
60.9,uav_03,1,passive_piecewise_source_clock_fit_v3,-1.6748183386085096,-0.769470780997948,8.010000000000002,2.894139672289387,-0.04,0.0
61.0,uav_03,1,passive_piecewise_source_clock_fit_v3,-1.363217925320786,-0.7759670974793268,8.010000000000002,2.9,-0.035253610787252025,0.0
61.1,uav_03,1,passive_piecewise_source_clock_fit_v3,-1.0511281135662627,-0.7759670974793268,8.010000000000002,2.9,-0.03,0.0
61.2,uav_03,1,passive_piecewise_source_clock_fit_v3,-0.7383569038032183,-0.7759670974793268,8.010000000000002,2.905959823059469,-0.03,0.0
61.3,uav_03,1,passive_piecewise_source_clock_fit_v3,-0.42743788842723085,-0.7759670974793268,8.010000000000002,2.916566539982828,-0.03,0.0
61.4,uav_03,1,passive_piecewise_source_clock_fit_v3,-0.11349588091452084,-0.7759670974793268,8.010000000000002,2.92,-0.03,0.0
61.5,uav_03,1,passive_piecewise_source_clock_fit_v3,0.18981012558248844,-0.7759670974793268,8.010000000000002,2.92,-0.03,0.0
61.6,uav_03,1,passive_piecewise_source_clock_fit_v3,0.4789108528142051,-0.7839614522076331,8.010000000000002,2.927211708154468,-0.03,0.0
61.7,uav_03,1,passive_piecewise_source_clock_fit_v3,0.7714760556601918,-0.7870523418584318,8.010000000000002,2.93,-0.03,0.0
61.8,uav_03,1,passive_piecewise_source_clock_fit_v3,1.0667315778130657,-0.7870523418584318,8.010000000000002,2.93,-0.023045854567538878,0.0
61.9,uav_03,1,passive_piecewise_source_clock_fit_v3,1.361987099965973,-0.7870523418584318,8.010000000000002,2.93,-0.026825364071458663,0.0
62.0,uav_03,1,passive_piecewise_source_clock_fit_v3,1.657242622118852,-0.7870523418584318,8.010000000000002,2.9366965827104554,-0.023303417289544732,0.0
62.1,uav_03,1,passive_piecewise_source_clock_fit_v3,1.9524981442717317,-0.7797717735592228,8.010000000000002,2.94,-0.02,0.0
62.2,uav_03,1,passive_piecewise_source_clock_fit_v3,2.2477536664246047,-0.7759670974793268,8.010000000000002,2.94,-0.02,0.0
62.3,uav_03,1,passive_piecewise_source_clock_fit_v3,2.543009188577476,-0.7759670974793268,8.010000000000002,2.94,-0.02,0.0
62.4,uav_03,1,passive_piecewise_source_clock_fit_v3,2.838264710730383,-0.7759670974793268,8.010000000000002,2.94,-0.02,0.0
62.5,uav_03,1,passive_piecewise_source_clock_fit_v3,3.1236343111660627,-0.7759670974793268,8.010000000000002,2.945722161867947,-0.02,0.0
62.6,uav_03,1,passive_piecewise_source_clock_fit_v3,3.402767031397446,-0.7759670974793268,8.010000000000002,2.95,-0.02505435010480296,0.0
62.7,uav_03,1,passive_piecewise_source_clock_fit_v3,3.681899751628828,-0.7759670974793268,8.010000000000002,2.95,-0.03,0.0
62.8,uav_03,1,passive_piecewise_source_clock_fit_v3,3.959931185826288,-0.7759670974793268,8.010000000000002,2.95,-0.03,0.0
62.9,uav_03,1,passive_piecewise_source_clock_fit_v3,4.237174117403117,-0.7759670974793268,8.010000000000002,2.95,-0.03,0.0
63.0,uav_03,1,passive_piecewise_source_clock_fit_v3,4.516306837634522,-0.7759670974793268,8.010000000000002,2.95,-0.03,0.0
63.1,uav_03,1,passive_piecewise_source_clock_fit_v3,4.7954395576444275,-0.7759670974793268,8.010000000000002,2.95,-0.028384708710917392,0.0
63.2,uav_03,1,passive_piecewise_source_clock_fit_v3,5.075486464552487,-0.7749167932704044,8.010000000000002,2.95,-0.02,0.0
63.3,uav_03,1,passive_piecewise_source_clock_fit_v3,5.363353625780919,-0.7648818531002218,8.010000000000002,2.95,-0.02,0.0
63.4,uav_03,1,passive_piecewise_source_clock_fit_v3,5.642486346012273,-0.7648818531002218,8.010000000000002,2.95,-0.02,0.0
63.5,uav_03,1,passive_piecewise_source_clock_fit_v3,5.921619066243679,-0.7648818531002218,8.010000000000002,2.95,-0.028944044236505304,0.0
63.6,uav_03,1,passive_piecewise_source_clock_fit_v3,6.2194335750203775,-0.7648818531002218,8.010000000000002,2.958900816961921,-0.03,0.0
63.7,uav_03,1,passive_piecewise_source_clock_fit_v3,6.522331882694319,-0.7648818531002218,8.010000000000002,2.96,-0.03,0.0
63.8,uav_03,1,passive_piecewise_source_clock_fit_v3,6.822820846615843,-0.7648818531002218,8.010000000000002,2.96,-0.03,0.0
63.9,uav_03,1,passive_piecewise_source_clock_fit_v3,7.131809042827067,-0.7648818531002218,8.010000000000002,2.96,-0.03,0.0
64.0,uav_03,1,passive_piecewise_source_clock_fit_v3,7.432865670975223,-0.7547425482735319,8.010000000000002,2.96,-0.03,0.0
64.1,uav_03,1,passive_piecewise_source_clock_fit_v3,7.733063769428702,-0.7537966091149438,8.010000000000002,2.96,-0.03,0.0
64.2,uav_03,1,passive_piecewise_source_clock_fit_v3,8.033261867882295,-0.7537966091149438,8.010000000000002,2.96,-0.03921959376728393,0.0
64.3,uav_03,1,passive_piecewise_source_clock_fit_v3,8.333459966335775,-0.7537966091149438,8.010000000000002,2.9507439434318243,-0.04,0.0
64.4,uav_03,1,passive_piecewise_source_clock_fit_v3,8.633658064789369,-0.7537966091149438,8.010000000000002,2.95,-0.04,0.0
64.5,uav_03,1,passive_piecewise_source_clock_fit_v3,8.942857350589572,-0.7537966091149438,8.010000000000002,2.95,-0.04,0.0
64.6,uav_03,1,passive_piecewise_source_clock_fit_v3,9.222622991696031,-0.7537966091149438,8.010000000000002,2.95,-0.04,0.0
64.7,uav_03,1,passive_piecewise_source_clock_fit_v3,9.500230854737588,-0.7537966091149438,8.010000000000002,2.9579418929806405,-0.04794189298064035,0.0
64.8,uav_03,1,passive_piecewise_source_clock_fit_v3,9.777838717779053,-0.7537966091149438,8.010000000000002,2.96,-0.042776899027022634,0.0
64.9,uav_03,1,passive_piecewise_source_clock_fit_v3,10.055446580820597,-0.7537966091149438,8.010000000000002,2.96,-0.04,0.0
65.0,uav_03,1,passive_piecewise_source_clock_fit_v3,10.336868046279092,-0.7537966091149438,8.010000000000002,2.95427176538846,-0.04,0.0
65.1,uav_03,1,passive_piecewise_source_clock_fit_v3,10.617319859667438,-0.7537966091149438,8.010000000000002,2.95,-0.044966724949994076,0.0
65.2,uav_03,1,passive_piecewise_source_clock_fit_v3,10.894927722708985,-0.7490876716377618,8.010000000000002,2.95,-0.04575206705766623,0.0
65.3,uav_03,1,passive_piecewise_source_clock_fit_v3,11.172535585750472,-0.7427113647358389,8.010000000000002,2.95,-0.04,0.0
65.4,uav_03,1,passive_piecewise_source_clock_fit_v3,11.45285504977276,-0.7427113647358389,8.010000000000002,2.9528103489270108,-0.04,0.0
65.5,uav_03,1,passive_piecewise_source_clock_fit_v3,11.737399939285762,-0.7427113647358389,8.010000000000002,2.96,-0.042091556919348495,0.0
65.6,uav_03,1,passive_piecewise_source_clock_fit_v3,12.019873808476095,-0.7427113647358389,8.010000000000002,2.9584645508809406,-0.05,0.0
65.7,uav_03,1,passive_piecewise_source_clock_fit_v3,12.330380542092362,-0.7427113647358389,8.010000000000002,2.95,-0.05,0.0
65.8,uav_03,1,passive_piecewise_source_clock_fit_v3,12.641581467218614,-0.7427113647358389,8.010000000000002,2.95,-0.05,0.0
65.9,uav_03,1,passive_piecewise_source_clock_fit_v3,12.957066222910454,-0.7427113647358389,8.010000000000002,2.95,-0.05,0.0
66.0,uav_03,1,passive_piecewise_source_clock_fit_v3,13.274540446452857,-0.7427113647358389,8.010000000000002,2.9531598864478807,-0.05,0.0
66.1,uav_03,1,passive_piecewise_source_clock_fit_v3,13.585047180069074,-0.7427113647358389,8.010000000000002,2.96,-0.05,0.0
66.2,uav_03,1,passive_piecewise_source_clock_fit_v3,13.89555391368532,-0.7427113647358389,8.010000000000002,2.96,-0.05,0.0
66.3,uav_03,1,passive_piecewise_source_clock_fit_v3,14.206060646711478,-0.7427113647358389,8.010000000000002,2.955696785555504,-0.05,0.0
66.4,uav_03,1,passive_piecewise_source_clock_fit_v3,14.5210871096876,-0.7427113647358389,8.010000000000002,2.95,-0.05,0.0
66.5,uav_03,1,passive_piecewise_source_clock_fit_v3,14.836722741986241,-0.7427113647358389,8.010000000000002,2.95,-0.05,0.0
66.6,uav_03,1,passive_piecewise_source_clock_fit_v3,15.134594615838516,-0.7427113647358389,8.010000000000002,2.95,-0.05,0.0
66.7,uav_03,1,passive_piecewise_source_clock_fit_v3,15.4210193080451,-0.7427113647358389,8.010000000000002,2.95,-0.05,0.0
66.8,uav_03,1,passive_piecewise_source_clock_fit_v3,15.707444000251646,-0.7427113647358389,8.010000000000002,2.95,-0.05,0.0
66.9,uav_03,1,passive_piecewise_source_clock_fit_v3,15.99386869245822,-0.7427113647358389,8.010000000000002,2.95,-0.05,0.0
67.0,uav_03,1,passive_piecewise_source_clock_fit_v3,16.28350448724869,-0.7427113647358389,8.010000000000002,2.95,-0.05,0.0
67.1,uav_03,1,passive_piecewise_source_clock_fit_v3,16.575506690369206,-0.7427113647358389,8.010000000000002,2.95,-0.05,0.0
67.2,uav_03,1,passive_piecewise_source_clock_fit_v3,16.859800321841753,-0.7427113647358389,8.010000000000002,2.95,-0.05,0.0
67.3,uav_03,1,passive_piecewise_source_clock_fit_v3,17.146225014048294,-0.7427113647358389,8.010000000000002,2.95,-0.05,0.0
67.4,uav_03,1,passive_piecewise_source_clock_fit_v3,17.43264970625487,-0.7427113647358389,8.010000000000002,2.95,-0.05,0.0
67.5,uav_03,1,passive_piecewise_source_clock_fit_v3,17.720143405757387,-0.7427113647358389,8.010000000000002,2.95,-0.05,0.0
67.6,uav_03,1,passive_piecewise_source_clock_fit_v3,18.015081579688587,-0.7427113647358389,8.010000000000002,2.95,-0.05068170524658915,0.0
67.7,uav_03,1,passive_piecewise_source_clock_fit_v3,18.300580222726015,-0.7427113647358389,8.010000000000002,2.94977327589649,-0.06,0.0
67.8,uav_03,1,passive_piecewise_source_clock_fit_v3,18.586078865763366,-0.7427113647358389,8.010000000000002,2.9402282570395712,-0.06,0.0
67.9,uav_03,1,passive_piecewise_source_clock_fit_v3,18.871577508800755,-0.7427113647358389,8.010000000000002,2.921366476365303,-0.05068323818265156,0.0
68.0,uav_03,1,passive_piecewise_source_clock_fit_v3,19.1597535506128,-0.7427113647358389,8.010000000000002,2.875243531948146,-0.05,0.0
68.1,uav_03,1,passive_piecewise_source_clock_fit_v3,19.437357974448783,-0.7427113647358389,8.010000000000002,2.810452403281693,-0.0329864009376267,0.0
68.2,uav_03,1,passive_piecewise_source_clock_fit_v3,19.705878084589894,-0.7427113647358389,8.010000000000002,2.72753363450704,-0.013896363223786706,0.0
68.3,uav_03,1,passive_piecewise_source_clock_fit_v3,19.965627554109656,-0.7342900849988988,8.010000000000002,2.641628464794765,0.012790511735078348,0.0
68.4,uav_03,1,passive_piecewise_source_clock_fit_v3,20.223497296216163,-0.7237091986169529,8.010000000000002,2.5485814389805475,0.055709280509726344,0.0
68.5,uav_03,1,passive_piecewise_source_clock_fit_v3,20.468463204675707,-0.7131283120663032,8.010000000000002,2.459818125370222,0.11012124975318538,0.0
68.6,uav_03,1,passive_piecewise_source_clock_fit_v3,20.707913679607913,-0.6956392190592602,8.010000000000002,2.3614491680263763,0.17362325671048773,0.0
68.7,uav_03,1,passive_piecewise_source_clock_fit_v3,20.943105667564826,-0.6670842034199734,8.010000000000002,2.2592557657237298,0.24252096399338915,0.0
68.8,uav_03,1,passive_piecewise_source_clock_fit_v3,21.17551997269765,-0.6337067981973071,8.010000000000002,2.146667875843502,0.31277707242462377,0.0
68.9,uav_03,1,passive_piecewise_source_clock_fit_v3,21.39607110184,-0.5935146311718196,8.010000000000002,2.026228832818526,0.38303318085586,0.0
69.0,uav_03,1,passive_piecewise_source_clock_fit_v3,21.60315065905375,-0.5490114240765108,8.010000000000002,1.8934214214258183,0.45328928928709084,0.0
69.1,uav_03,1,passive_piecewise_source_clock_fit_v3,21.79450879496906,-0.49761234043628794,8.010000000000002,1.7529092045633412,0.5235453977183294,0.0
69.2,uav_03,1,passive_piecewise_source_clock_fit_v3,21.972465960817573,-0.44198333186359384,8.010000000000002,1.6061396296794892,0.6000588641709391,0.0
69.3,uav_03,1,passive_piecewise_source_clock_fit_v3,22.133669076320047,-0.3728838936175746,8.010000000000002,1.4502939415427407,0.6736214005750508,0.0
69.4,uav_03,1,passive_piecewise_source_clock_fit_v3,22.28201858412372,-0.30220239134435745,8.010000000000002,1.2965420221170558,0.7436137230120405,0.0
69.5,uav_03,1,passive_piecewise_source_clock_fit_v3,22.415183705630827,-0.22155307225849388,8.010000000000002,1.1459932183358519,0.8138698314432691,0.0
69.6,uav_03,1,passive_piecewise_source_clock_fit_v3,22.534992576732918,-0.13254665831612833,8.010000000000002,1.0017481202509921,0.8904296455708617,0.0
69.7,uav_03,1,passive_piecewise_source_clock_fit_v3,22.642549945767605,-0.032804721089813416,8.010000000000002,0.8627456500464653,0.9669831115134417,0.0
69.8,uav_03,1,passive_piecewise_source_clock_fit_v3,22.737985746464506,0.07319586325471567,8.010000000000002,0.7392966716433237,1.0413566634997031,0.0
69.9,uav_03,1,passive_piecewise_source_clock_fit_v3,22.82256723936728,0.19684739179893934,8.010000000000002,0.6224239470934523,1.1236916748411254,0.0
70.0,uav_03,1,passive_piecewise_source_clock_fit_v3,22.896294425202342,0.3168855910301211,8.010000000000002,0.5227237275356751,1.2001037674722526,0.0
70.1,uav_03,1,passive_piecewise_source_clock_fit_v3,22.959705933084074,0.4460092061939305,8.010000000000002,0.4355673079843874,1.2844326920156126,0.0
70.2,uav_03,1,passive_piecewise_source_clock_fit_v3,23.011668305445163,0.586664454014695,8.010000000000002,0.3604491285551989,1.3694867102226298,0.0
70.3,uav_03,1,passive_piecewise_source_clock_fit_v3,23.052736083441335,0.7403267588245326,8.010000000000002,0.3077574723250987,1.4644850553498026,0.0
70.4,uav_03,1,passive_piecewise_source_clock_fit_v3,23.09259818202472,0.9052165569261031,8.010000000000002,0.2664437248211342,1.5494834004769755,0.0
70.5,uav_03,1,passive_piecewise_source_clock_fit_v3,23.123352584713714,1.074119696882354,8.010000000000002,0.23456934539844812,1.6272408728020693,0.0
70.6,uav_03,1,passive_piecewise_source_clock_fit_v3,23.15291831609776,1.2530376280538977,8.010000000000002,0.19987820813038173,1.66,0.0
70.7,uav_03,1,passive_piecewise_source_clock_fit_v3,23.176831722649542,1.3999111195712735,8.010000000000002,0.15485601290820422,1.656570675272136,0.0
70.8,uav_03,1,passive_piecewise_source_clock_fit_v3,23.18535433025276,1.5467846110886614,8.010000000000002,0.10185817605994585,1.621238784039964,0.0
70.9,uav_03,1,passive_piecewise_source_clock_fit_v3,23.193876936687303,1.6936581026060347,8.018523276798051,0.023290508817539204,1.5603370624136417,0.0
71.0,uav_03,1,passive_piecewise_source_clock_fit_v3,23.195301771889877,1.8242224294936764,8.02,-0.06356249606093889,1.483793753545155,0.0
71.1,uav_03,1,passive_piecewise_source_clock_fit_v3,23.189330021760554,1.9583736929786753,8.02,-0.16427066896963405,1.4042969982727744,0.0
71.2,uav_03,1,passive_piecewise_source_clock_fit_v3,23.17596168561072,2.0843211662052434,8.014977804777821,-0.27528853788832375,1.3147558525560339,0.0
71.3,uav_03,1,passive_piecewise_source_clock_fit_v3,23.15162437024806,2.2013122111510395,8.010000000000002,-0.38580397659667826,1.221830019502768,0.0
71.4,uav_03,1,passive_piecewise_source_clock_fit_v3,23.115275371529595,2.312250488689304,8.010000000000002,-0.4858814083826419,1.1341185916173582,0.0
71.5,uav_03,1,passive_piecewise_source_clock_fit_v3,23.071291157532862,2.4101661498168387,8.010000000000002,-0.5742111364630614,1.0457888635369388,0.0
71.6,uav_03,1,passive_piecewise_source_clock_fit_v3,23.0199103581694,2.5078001499003872,8.010000000000002,-0.6622867780891328,0.9574591354565192,0.0
71.7,uav_03,1,passive_piecewise_source_clock_fit_v3,22.960252109791416,2.595924244810821,8.010000000000002,-0.7417835333615216,0.8691294073760871,0.0
71.8,uav_03,1,passive_piecewise_source_clock_fit_v3,22.887494408935318,2.6911024553026377,8.010000000000002,-0.8190167173694314,0.7823561929593896,0.0
71.9,uav_03,1,passive_piecewise_source_clock_fit_v3,22.81322673530905,2.7688061932722805,8.018248622488265,-0.8959889799061286,0.7040110200938714,0.0
72.0,uav_03,1,passive_piecewise_source_clock_fit_v3,22.723771822187967,2.843466122250758,8.02,-0.9729612424428289,0.6270387575571711,0.0
72.1,uav_03,1,passive_piecewise_source_clock_fit_v3,22.630937231239088,2.9098213319332764,8.02,-1.0499335049795249,0.5650498712653563,0.0
72.2,uav_03,1,passive_piecewise_source_clock_fit_v3,22.523544162543825,2.974293446368315,8.02,-1.134665644904816,0.5140746417195466,0.0
72.3,uav_03,1,passive_piecewise_source_clock_fit_v3,22.411816730783286,3.0308984048701144,8.02,-1.2146780300529276,0.4726609849735362,0.0
72.4,uav_03,1,passive_piecewise_source_clock_fit_v3,22.29418579010803,3.0842269255264285,8.02,-1.2916502925896358,0.44063114027888656,0.0
72.5,uav_03,1,passive_piecewise_source_clock_fit_v3,22.167636560150044,3.1375554460580797,8.02,-1.3747003745171251,0.41176654182762495,-0.006077819390791678
72.6,uav_03,1,passive_piecewise_source_clock_fit_v3,22.032169039432926,3.184566095611492,8.02,-1.4555948176630271,0.3886012955842432,-0.0043006477921216126
72.7,uav_03,1,passive_piecewise_source_clock_fit_v3,21.892917152419898,3.227228912264173,8.02,-1.5325670801997375,0.3640373449250984,0.0
72.8,uav_03,1,passive_piecewise_source_clock_fit_v3,21.737811332072578,3.2715992338431366,8.02,-1.6126200238524702,0.32868998807376487,0.0
72.9,uav_03,1,passive_piecewise_source_clock_fit_v3,21.56769618187746,3.311268956530942,8.02,-1.6955895281045001,0.28720523594774994,0.0
73.0,uav_03,1,passive_piecewise_source_clock_fit_v3,21.39172443069196,3.3457591022717517,8.02,-1.7785590323565166,0.24572048382174175,0.0
73.1,uav_03,1,passive_piecewise_source_clock_fit_v3,21.199173014797047,3.3802492480125648,8.02,-1.8486464024564073,0.20423573169572848,0.0
73.2,uav_03,1,passive_piecewise_source_clock_fit_v3,21.005610435478115,3.4071878427576436,8.02,-1.9176857857530099,0.15593872446213586,0.0
73.3,uav_03,1,passive_piecewise_source_clock_fit_v3,20.80161966363064,3.4301812732409096,8.02,-1.9831006588344482,0.11126622744370114,0.0
73.4,uav_03,1,passive_piecewise_source_clock_fit_v3,20.591477418770058,3.444800210624173,8.02,-2.0453277870234725,0.062226844147106386,0.0
73.5,uav_03,1,passive_piecewise_source_clock_fit_v3,20.375353600875588,3.4562099359529026,8.02,-2.099236728723177,0.018610617021458595,0.0
73.6,uav_03,1,passive_piecewise_source_clock_fit_v3,20.15566152658303,3.458596205716569,8.02,-2.1509850361679175,-0.014591021700750361,0.0
73.7,uav_03,1,passive_piecewise_source_clock_fit_v3,19.935512508767104,3.458596205716569,8.02,-2.202840976325438,-0.045704585795262834,0.0
73.8,uav_03,1,passive_piecewise_source_clock_fit_v3,19.706777398485123,3.458596205716569,8.02,-2.244260867105127,-0.0671304335525634,0.0
73.9,uav_03,1,passive_piecewise_source_clock_fit_v3,19.4848706303469,3.458596205716569,8.02,-2.292511543588284,-0.07850230871765684,0.0
74.0,uav_03,1,passive_piecewise_source_clock_fit_v3,19.24806250451287,3.4492409241770825,8.02,-2.333757602636122,-0.08843940065903058,0.0
74.1,uav_03,1,passive_piecewise_source_clock_fit_v3,19.016446411280274,3.4475109617312913,8.02,-2.373505970401617,-0.09837649260040432,0.0
74.2,uav_03,1,passive_piecewise_source_clock_fit_v3,18.77831461306839,3.438295150100094,8.02,-2.4132543381671177,-0.1,0.0
74.3,uav_03,1,passive_piecewise_source_clock_fit_v3,18.52856487497258,3.4364257173521864,8.02,-2.445002049948949,-0.1,0.0
74.4,uav_03,1,passive_piecewise_source_clock_fit_v3,18.2788607502628,3.427238523517852,8.02,-2.483151073698118,-0.1,0.0
74.5,uav_03,1,passive_piecewise_source_clock_fit_v3,18.029574560446548,3.416223014582994,8.02,-2.514674581097707,-0.09177513963409767,0.0
74.6,uav_03,1,passive_piecewise_source_clock_fit_v3,17.780288370395475,3.414255228987803,8.02,-2.5444858569218307,-0.09,0.0
74.7,uav_03,1,passive_piecewise_source_clock_fit_v3,17.523187714276915,3.405277240514454,8.02,-2.5661980884973046,-0.09,0.0
74.8,uav_03,1,passive_piecewise_source_clock_fit_v3,17.27181568890081,3.3945809574610917,8.02,-2.593244486600033,-0.09,0.0
74.9,uav_03,1,passive_piecewise_source_clock_fit_v3,17.0151466591238,3.383960187962548,8.02,-2.61465831925366,-0.09,0.0
75.0,uav_03,1,passive_piecewise_source_clock_fit_v3,16.756304914306636,3.3809994962443155,8.02,-2.640730471160937,-0.09,0.0
75.1,uav_03,1,passive_piecewise_source_clock_fit_v3,16.497463169123236,3.3738038928724703,8.02,-2.6629823089609252,-0.09649115448046258,0.0
75.2,uav_03,1,passive_piecewise_source_clock_fit_v3,16.238621424772365,3.363183123085284,8.02,-2.6821443038145634,-0.1,0.0
75.3,uav_03,1,passive_piecewise_source_clock_fit_v3,15.979779680127528,3.352562353520736,8.02,-2.701306298668197,-0.1,0.0
75.4,uav_03,1,passive_piecewise_source_clock_fit_v3,15.715887701731447,3.3419415839047417,8.02,-2.7152341467609165,-0.1,0.0
75.5,uav_03,1,passive_piecewise_source_clock_fit_v3,15.44780160906881,3.331320814117558,8.02,-2.729630288375466,-0.1,0.0
75.6,uav_03,1,passive_piecewise_source_clock_fit_v3,15.180933422066438,3.3207482943078537,8.02,-2.7443526154599502,-0.09564738454005,0.0
75.7,uav_03,1,passive_piecewise_source_clock_fit_v3,14.914427524498011,3.310190127380806,8.02,-2.757754278082736,-0.09,0.0
75.8,uav_03,1,passive_piecewise_source_clock_fit_v3,14.64129424868803,3.299369403281374,8.02,-2.773638515272124,-0.09,0.0
75.9,uav_03,1,passive_piecewise_source_clock_fit_v3,14.355636019473176,3.2881946468999015,8.02,-2.783719264190038,-0.08628073580996193,0.0
76.0,uav_03,1,passive_piecewise_source_clock_fit_v3,14.067506321719351,3.2770198906193087,8.016199986892051,-2.79380001310795,-0.08,0.0
76.1,uav_03,1,passive_piecewise_source_clock_fit_v3,13.781692268727204,3.2701470536347466,8.010000000000002,-2.8038807620258623,-0.07611923797413758,0.0
76.2,uav_03,1,passive_piecewise_source_clock_fit_v3,13.489896079055061,3.265755621942521,8.010000000000002,-2.8139615109437757,-0.07,0.0
76.3,uav_03,1,passive_piecewise_source_clock_fit_v3,13.202000115614807,3.2545808655737707,8.010000000000002,-2.824042259861688,-0.0659577401383118,0.0
76.4,uav_03,1,passive_piecewise_source_clock_fit_v3,12.914746831168255,3.2433599430583357,8.010000000000002,-2.8341646553329305,-0.06,0.0
76.5,uav_03,1,passive_piecewise_source_clock_fit_v3,12.621261549646631,3.23212050030872,8.010000000000002,-2.844303757697513,-0.055696242302486786,0.0
76.6,uav_03,1,passive_piecewise_source_clock_fit_v3,12.325234912341921,3.225806076512154,8.010000000000002,-2.854384506615425,-0.05,0.0
76.7,uav_03,1,passive_piecewise_source_clock_fit_v3,12.028020542375979,3.2208562318077854,8.010000000000002,-2.86,-0.04553474446666036,0.0
76.8,uav_03,1,passive_piecewise_source_clock_fit_v3,11.745922119888732,3.210052865489797,8.010000000000002,-2.864210973504452,-0.04,0.0
76.9,uav_03,1,passive_piecewise_source_clock_fit_v3,11.472206596248043,3.1997016649658003,8.010000000000002,-2.87,-0.036451207526479026,0.0
77.0,uav_03,1,passive_piecewise_source_clock_fit_v3,11.195690640847381,3.1925503437686658,8.010000000000002,-2.8728866114425893,-0.03,0.0
77.1,uav_03,1,passive_piecewise_source_clock_fit_v3,10.925399215830344,3.1900845083845177,8.010000000000002,-2.88,-0.03,0.0
77.2,uav_03,1,passive_piecewise_source_clock_fit_v3,10.653600433611672,3.181465099783388,8.010000000000002,-2.881562249380725,-0.02843775061927501,0.0
77.3,uav_03,1,passive_piecewise_source_clock_fit_v3,10.374299293974326,3.180467352021853,8.010000000000002,-2.89,-0.02,0.0
77.4,uav_03,1,passive_piecewise_source_clock_fit_v3,10.095227682981092,3.1703798554042835,8.010000000000002,-2.890237887318862,-0.02,0.0
77.5,uav_03,1,passive_piecewise_source_clock_fit_v3,9.824936258269032,3.1703798554042835,8.010000000000002,-2.8995757062879295,-0.02,0.0
77.6,uav_03,1,passive_piecewise_source_clock_fit_v3,9.546044503885708,3.1604989948289703,8.010000000000002,-2.9,-0.011086474743003994,0.0
77.7,uav_03,1,passive_piecewise_source_clock_fit_v3,9.26674336424833,3.159294611025178,8.010000000000002,-2.908251344226065,-0.01,0.0
77.8,uav_03,1,passive_piecewise_source_clock_fit_v3,8.989689725001025,3.1509651332368476,8.010000000000002,-2.91,-0.01,0.0
77.9,uav_03,1,passive_piecewise_source_clock_fit_v3,8.720161227828733,3.1482093670399003,8.010000000000002,-2.91,-0.01,0.0
78.0,uav_03,1,passive_piecewise_source_clock_fit_v3,8.458468426464249,3.142167857840922,8.010000000000002,-2.91,-0.0045499539817398125,0.0
78.1,uav_03,1,passive_piecewise_source_clock_fit_v3,8.195907159703033,3.137124122660795,8.010000000000002,-2.914374976896955,0.0,0.0
78.2,uav_03,1,passive_piecewise_source_clock_fit_v3,7.9289558112284455,3.1334660942486354,8.010000000000002,-2.92,0.0,0.0
78.3,uav_03,1,passive_piecewise_source_clock_fit_v3,7.662004462753901,3.1260388782816904,8.010000000000002,-2.92,0.0,0.0
78.4,uav_03,1,passive_piecewise_source_clock_fit_v3,7.395053114279271,3.1260388782816904,8.010000000000002,-2.92,0.0,0.0
78.5,uav_03,1,passive_piecewise_source_clock_fit_v3,7.128101765804712,3.1259560710527006,8.010000000000002,-2.9200747004117362,0.0,0.0
78.6,uav_03,1,passive_piecewise_source_clock_fit_v3,6.861150417330184,3.116062567418494,8.010000000000002,-2.9289996312904303,0.0,0.0
78.7,uav_03,1,passive_piecewise_source_clock_fit_v3,6.5918048307423485,3.1149536342964117,8.010000000000002,-2.93,0.008004608251642007,0.0
78.8,uav_03,1,passive_piecewise_source_clock_fit_v3,6.324256645692557,3.1149536342964117,8.010000000000002,-2.93,0.01,0.0
78.9,uav_03,1,passive_piecewise_source_clock_fit_v3,6.057305297217946,3.108441691815221,8.010000000000002,-2.93,0.01587442392651752,0.0
79.0,uav_03,1,passive_piecewise_source_clock_fit_v3,5.764952267212602,3.103868389917307,8.010000000000002,-2.93,0.02,0.0
79.1,uav_03,1,passive_piecewise_source_clock_fit_v3,5.450763683512458,3.103868389917307,8.010000000000002,-2.93,0.02,0.0
79.2,uav_03,1,passive_piecewise_source_clock_fit_v3,5.1301519970328435,3.103868389917307,8.010000000000002,-2.93,0.02,0.0
79.3,uav_03,1,passive_piecewise_source_clock_fit_v3,4.812737888659855,3.103868389917307,8.010000000000002,-2.93,0.02,0.0
79.4,uav_03,1,passive_piecewise_source_clock_fit_v3,4.4985493049596315,3.0953710848779337,8.010000000000002,-2.93,0.02,0.0
79.5,uav_03,1,passive_piecewise_source_clock_fit_v3,4.184360721259476,3.0927831455382018,8.010000000000002,-2.93,0.02,0.0
79.6,uav_03,1,passive_piecewise_source_clock_fit_v3,3.8701721375593303,3.0927831455382018,8.010000000000002,-2.93,0.02,0.0
79.7,uav_03,1,passive_piecewise_source_clock_fit_v3,3.5559835538591407,3.0927831455382018,8.010000000000002,-2.93,0.02917803133978708,0.0
79.8,uav_03,1,passive_piecewise_source_clock_fit_v3,3.241794970158996,3.0927831455382018,8.010000000000002,-2.9396822352272083,0.03,0.0
79.9,uav_03,1,passive_piecewise_source_clock_fit_v3,2.9274707746478543,3.081697901552924,8.010000000000002,-2.94,0.03,0.0
80.0,uav_03,1,passive_piecewise_source_clock_fit_v3,2.6060467135485994,3.081697901552924,8.010000000000002,-2.94,0.03,0.0
80.1,uav_03,1,passive_piecewise_source_clock_fit_v3,2.2911570370974825,3.081697901552924,8.010000000000002,-2.94,0.03114214190362553,0.0
80.2,uav_03,1,passive_piecewise_source_clock_fit_v3,1.9762673606462864,3.081697901552924,8.010000000000002,-2.94,0.04,0.0
80.3,uav_03,1,passive_piecewise_source_clock_fit_v3,1.661377684195165,3.081697901552924,8.010000000000002,-2.94,0.04,0.0
80.4,uav_03,1,passive_piecewise_source_clock_fit_v3,1.3438586868753009,3.07867709259512,8.010000000000002,-2.94,0.04,0.0
80.5,uav_03,1,passive_piecewise_source_clock_fit_v3,1.0219497029154239,3.0706126571738195,8.010000000000002,-2.94,0.04,0.0
80.6,uav_03,1,passive_piecewise_source_clock_fit_v3,0.7070600273894208,3.0706126571738195,8.010000000000002,-2.94,0.04,0.0
80.7,uav_03,1,passive_piecewise_source_clock_fit_v3,0.39086877959461663,3.0706126571738195,8.010000000000002,-2.94,0.04,0.0
80.8,uav_03,1,passive_piecewise_source_clock_fit_v3,0.07428959979870461,3.0706126571738195,8.010000000000002,-2.94,0.04493564556862822,0.0
80.9,uav_03,1,passive_piecewise_source_clock_fit_v3,-0.23531100030161162,3.0706126571738195,8.010000000000002,-2.94,0.05,0.0
81.0,uav_03,1,passive_piecewise_source_clock_fit_v3,-0.5351942490156884,3.0706126571738195,8.010000000000002,-2.94,0.05,0.0
81.1,uav_03,1,passive_piecewise_source_clock_fit_v3,-0.8303701810691462,3.0706126571738195,8.010000000000002,-2.94,0.05,0.0
81.2,uav_03,1,passive_piecewise_source_clock_fit_v3,-1.125546113122605,3.0706126571738195,8.010000000000002,-2.94,0.05,0.0
81.3,uav_03,1,passive_piecewise_source_clock_fit_v3,-1.4207220451760196,3.0706126571738195,8.010000000000002,-2.94,0.05,0.0
81.4,uav_03,1,passive_piecewise_source_clock_fit_v3,-1.7158979766174094,3.0706126571738195,8.010000000000002,-2.94,0.05,0.0
81.5,uav_03,1,passive_piecewise_source_clock_fit_v3,-2.0152542774069406,3.0706126571738195,8.010000000000002,-2.94,0.05,0.0
81.6,uav_03,1,passive_piecewise_source_clock_fit_v3,-2.3158984687886823,3.0706126571738195,8.010000000000002,-2.94,0.05,0.0
81.7,uav_03,1,passive_piecewise_source_clock_fit_v3,-2.611074400842144,3.0706126571738195,8.010000000000002,-2.94,0.05,0.0
81.8,uav_03,1,passive_piecewise_source_clock_fit_v3,-2.9062503328955556,3.0706126571738195,8.010000000000002,-2.94,0.05,0.0
81.9,uav_03,1,passive_piecewise_source_clock_fit_v3,-3.1875193766887824,3.0706126571738195,8.010000000000002,-2.94,0.05,0.0
82.0,uav_03,1,passive_piecewise_source_clock_fit_v3,-3.4439705002859737,3.0706126571738195,8.010000000000002,-2.94,0.05,0.0
82.1,uav_03,1,passive_piecewise_source_clock_fit_v3,-3.689566136871836,3.0706126571738195,8.010000000000002,-2.94,0.05,0.0
82.2,uav_03,1,passive_piecewise_source_clock_fit_v3,-3.9512821328559995,3.0706126571738195,8.010000000000002,-2.94,0.05,0.0
82.3,uav_03,1,passive_piecewise_source_clock_fit_v3,-4.206171062784548,3.0706126571738195,8.010000000000002,-2.94,0.05,0.0
82.4,uav_03,1,passive_piecewise_source_clock_fit_v3,-4.459708434366341,3.0644579628542443,8.010000000000002,-2.94,0.05,0.0
82.5,uav_03,1,passive_piecewise_source_clock_fit_v3,-4.7132458059480955,3.059527412794714,8.010000000000002,-2.9359713855934704,0.05,0.0
82.6,uav_03,1,passive_piecewise_source_clock_fit_v3,-4.966783177529892,3.059527412794714,8.010000000000002,-2.93,0.05,0.0
82.7,uav_03,1,passive_piecewise_source_clock_fit_v3,-5.22126760296763,3.059527412794714,8.010000000000002,-2.93,0.05,0.0
82.8,uav_03,1,passive_piecewise_source_clock_fit_v3,-5.482983598951756,3.059527412794714,8.010000000000002,-2.93,0.05,0.0
82.9,uav_03,1,passive_piecewise_source_clock_fit_v3,-5.7394411515013415,3.059527412794714,8.010000000000002,-2.93,0.05,0.0
83.0,uav_03,1,passive_piecewise_source_clock_fit_v3,-5.993572365997836,3.059527412794714,8.010000000000002,-2.936510934808054,0.05,0.0
83.1,uav_03,1,passive_piecewise_source_clock_fit_v3,-6.257231891590791,3.059527412794714,8.010000000000002,-2.94,0.05,0.0
83.2,uav_03,1,passive_piecewise_source_clock_fit_v3,-6.5279726344713005,3.059527412794714,8.010000000000002,-2.94,0.05,0.0
83.3,uav_03,1,passive_piecewise_source_clock_fit_v3,-6.80202194256891,3.059527412794714,8.010000000000002,-2.94,0.05,0.0
83.4,uav_03,1,passive_piecewise_source_clock_fit_v3,-7.079102747684528,3.059527412794714,8.010000000000002,-2.9375193263422994,0.05,0.0
83.5,uav_03,1,passive_piecewise_source_clock_fit_v3,-7.349843490564953,3.059527412794714,8.010000000000002,-2.93,0.05153229459935139,0.0
83.6,uav_03,1,passive_piecewise_source_clock_fit_v3,-7.620584233445409,3.059527412794714,8.010000000000002,-2.9288321689179937,0.06,0.0
83.7,uav_03,1,passive_piecewise_source_clock_fit_v3,-7.891324976325901,3.059527412794714,8.010000000000002,-2.910728927034688,0.06,0.0
83.8,uav_03,1,passive_piecewise_source_clock_fit_v3,-8.162065719206389,3.0691573390955367,8.010000000000002,-2.901312842575691,0.06,0.0
83.9,uav_03,1,passive_piecewise_source_clock_fit_v3,-8.425339603148002,3.0706126571738195,8.010000000000002,-2.884522443268075,0.06,0.0
84.0,uav_03,1,passive_piecewise_source_clock_fit_v3,-8.693898577515046,3.0706126571738195,8.010000000000002,-2.8596288020771605,0.05320960069238679,0.0
84.1,uav_03,1,passive_piecewise_source_clock_fit_v3,-8.959002571899083,3.0706126571738195,8.010000000000002,-2.8266319190029416,0.05,0.0
84.2,uav_03,1,passive_piecewise_source_clock_fit_v3,-9.24108157985101,3.0706126571738195,8.015587067495517,-2.787651730017933,0.055587067495516784,0.0
84.3,uav_03,1,passive_piecewise_source_clock_fit_v3,-9.538518022136682,3.0706126571738195,8.02,-2.7465493139841906,0.06,0.0
84.4,uav_03,1,passive_piecewise_source_clock_fit_v3,-9.824575398495512,3.0706126571738195,8.02,-2.6930668263451896,0.06,0.0
84.5,uav_03,1,passive_piecewise_source_clock_fit_v3,-10.110028341144904,3.0706126571738195,8.02,-2.6375512016702802,0.06,0.0
84.6,uav_03,1,passive_piecewise_source_clock_fit_v3,-10.386022241555999,3.0706126571738195,8.02,-2.5722320672740806,0.06,0.0
84.7,uav_03,1,passive_piecewise_source_clock_fit_v3,-10.655242342217095,3.0706126571738195,8.02,-2.4998924522097545,0.06,0.0
84.8,uav_03,1,passive_piecewise_source_clock_fit_v3,-10.924462442286359,3.0706126571738195,8.02,-2.420060385309057,0.06,0.0
84.9,uav_03,1,passive_piecewise_source_clock_fit_v3,-11.17857919205141,3.0706126571738195,8.02,-2.321733174401557,0.06782668255984431,0.0
85.0,uav_03,1,passive_piecewise_source_clock_fit_v3,-11.427857062981706,3.0796592289840476,8.02,-2.218390867166799,0.07,0.0
85.1,uav_03,1,passive_piecewise_source_clock_fit_v3,-11.662645907801233,3.081697901552924,8.02,-2.1056095110356345,0.07,0.0
85.2,uav_03,1,passive_piecewise_source_clock_fit_v3,-11.889800661023962,3.081697901552924,8.02,-1.98860553565736,0.07,0.0
85.3,uav_03,1,passive_piecewise_source_clock_fit_v3,-12.106709615508057,3.081697901552924,8.02,-1.861373137094755,0.07,0.0
85.4,uav_03,1,passive_piecewise_source_clock_fit_v3,-12.312147074916787,3.0823114312762416,8.02,-1.732804951867799,0.07,0.0
85.5,uav_03,1,passive_piecewise_source_clock_fit_v3,-12.50535820375858,3.0927831455382018,8.02,-1.5929009799765659,0.07,0.0
85.6,uav_03,1,passive_piecewise_source_clock_fit_v3,-12.676694374565608,3.0927831455382018,8.02,-1.4416612214209619,0.07,0.0
85.7,uav_03,1,passive_piecewise_source_clock_fit_v3,-12.831090176035934,3.0927831455382018,8.02,-1.2816428214384377,0.07,0.0
85.8,uav_03,1,passive_piecewise_source_clock_fit_v3,-12.976150818360844,3.096358179605812,8.02,-1.121624421455936,0.07,0.0
85.9,uav_03,1,passive_piecewise_source_clock_fit_v3,-13.095911314867916,3.103868389917307,8.02,-0.9654989533752009,0.07,0.0
86.0,uav_03,1,passive_piecewise_source_clock_fit_v3,-13.20473433250935,3.103868389917307,8.02,-0.8024659710230831,0.07,0.0
86.1,uav_03,1,passive_piecewise_source_clock_fit_v3,-13.296170022646152,3.103868389917307,8.02,-0.6090656590668795,0.07,0.0
86.2,uav_03,1,passive_piecewise_source_clock_fit_v3,-13.360181599236247,3.103868389917307,8.02,-0.39244780107966054,0.06465671823089367,-0.0053432817691063395
86.3,uav_03,1,passive_piecewise_source_clock_fit_v3,-13.39881047103698,3.1100583975033977,8.02,-0.17273586502708688,0.06,-0.01
86.4,uav_03,1,passive_piecewise_source_clock_fit_v3,-13.417224291038627,3.1149536342964117,8.014163588785996,0.025055401852086073,0.05416358878599522,-0.004163588785995218
86.5,uav_03,1,passive_piecewise_source_clock_fit_v3,-13.415324102746222,3.1149536342964117,8.010000000000002,0.21652654279258277,0.05,0.0
86.6,uav_03,1,passive_piecewise_source_clock_fit_v3,-13.399185705909435,3.1149536342964117,8.010000000000002,0.3993021912012943,0.05,0.0
86.7,uav_03,1,passive_piecewise_source_clock_fit_v3,-13.366336623160484,3.1149536342964117,8.010000000000002,0.5407132645761973,0.04327389461865022,0.0
86.8,uav_03,1,passive_piecewise_source_clock_fit_v3,-13.313045708008472,3.1149536342964117,8.010000000000002,0.6432040309341904,0.04,0.0
86.9,uav_03,1,passive_piecewise_source_clock_fit_v3,-13.253437073954206,3.1149536342964117,8.01731923482625,0.7212346437837427,0.04,0.0
87.0,uav_03,1,passive_piecewise_source_clock_fit_v3,-13.18648023823207,3.1149536342964117,8.02,0.7780789977434799,0.032384200451304024,0.0
87.1,uav_03,1,passive_piecewise_source_clock_fit_v3,-13.119861814047633,3.1149536342964117,8.02,0.819917171137979,0.03,0.0
87.2,uav_03,1,passive_piecewise_source_clock_fit_v3,-13.047722602132426,3.1149536342964117,8.02,0.872841004712982,0.022859832547836342,0.0
87.3,uav_03,1,passive_piecewise_source_clock_fit_v3,-12.966808072928075,3.1149536342964117,8.02,0.9374308453337258,0.02,0.0
87.4,uav_03,1,passive_piecewise_source_clock_fit_v3,-12.8831341974486,3.107846326932712,8.02,1.0112920211454934,0.01358849735681332,0.0
87.5,uav_03,1,passive_piecewise_source_clock_fit_v3,-12.787790943414398,3.103868389917307,8.02,1.088377361909585,0.01,0.0
87.6,uav_03,1,passive_piecewise_source_clock_fit_v3,-12.685522873779124,3.103868389917307,8.02,1.1711455405078874,0.004317162165790298,0.0
87.7,uav_03,1,passive_piecewise_source_clock_fit_v3,-12.572991548102989,3.103868389917307,8.02,1.2578665488675058,0.0,0.0
87.8,uav_03,1,passive_piecewise_source_clock_fit_v3,-12.452129283869821,3.0983765680491966,8.02,1.3396333842018822,-0.009908346050470522,-0.004954173025235261
87.9,uav_03,1,passive_piecewise_source_clock_fit_v3,-12.326838453402607,3.0876951952247498,8.02,1.4213085655867241,-0.03835936248298854,-0.01
88.0,uav_03,1,passive_piecewise_source_clock_fit_v3,-12.19260205654418,3.0770138224326113,8.02,1.5038040657300584,-0.07690203286502922,-0.01
88.1,uav_03,1,passive_piecewise_source_clock_fit_v3,-12.0525369319791,3.0665562566621674,8.01634072071582,1.575614954989252,-0.11829639642089426,-0.01
88.2,uav_03,1,passive_piecewise_source_clock_fit_v3,-11.908868495449001,3.0533393885197224,8.010000000000002,1.6423288695252485,-0.16395554345328023,-0.01
88.3,uav_03,1,passive_piecewise_source_clock_fit_v3,-11.759082132589265,3.030962052886282,8.010000000000002,1.7134605666799236,-0.20576881429139582,-0.008077061902868062
88.4,uav_03,1,passive_piecewise_source_clock_fit_v3,-11.607451806633234,3.001785873799131,8.010000000000002,1.7773102698269942,-0.2320886485219984,0.0
88.5,uav_03,1,passive_piecewise_source_clock_fit_v3,-11.441685308511993,2.981642718952639,8.010000000000002,1.8406061783705985,-0.25,0.0
88.6,uav_03,1,passive_piecewise_source_clock_fit_v3,-11.274277021935815,2.9512741511325586,8.010000000000002,1.904528984215913,-0.25,0.0
88.7,uav_03,1,passive_piecewise_source_clock_fit_v3,-11.106868734214622,2.9209055829836106,8.010000000000002,1.968451790061252,-0.23329948855392801,0.0
88.8,uav_03,1,passive_piecewise_source_clock_fit_v3,-10.925022074964216,2.898831089311141,8.017482085129512,2.024892510777071,-0.2150358297409762,0.0
88.9,uav_03,1,passive_piecewise_source_clock_fit_v3,-10.73999186190359,2.878585377550958,8.02,2.0796834872159344,-0.18354434185604368,0.0
89.0,uav_03,1,passive_piecewise_source_clock_fit_v3,-10.55496164884299,2.858339665564494,8.02,2.128728719712325,-0.15276276817260506,0.0
89.1,uav_03,1,passive_piecewise_source_clock_fit_v3,-10.365225246970912,2.838093953636773,8.02,2.174387866744698,-0.12536727995318117,0.0
89.2,uav_03,1,passive_piecewise_source_clock_fit_v3,-10.158816469873043,2.8218582273138404,8.02,2.213204191381622,-0.09679580861837817,0.0
89.3,uav_03,1,passive_piecewise_source_clock_fit_v3,-9.935359142058672,2.8106961129903683,8.02,2.2478829666804176,-0.07105851665979121,0.0
89.4,uav_03,1,passive_piecewise_source_clock_fit_v3,-9.711666910018138,2.7995222647927287,8.02,2.2836520141388026,-0.050898657240798215,0.0
89.5,uav_03,1,passive_piecewise_source_clock_fit_v3,-9.484787176905565,2.788409709557157,8.02,2.3137259255173865,-0.03084938298840907,0.0
89.6,uav_03,1,passive_piecewise_source_clock_fit_v3,-9.252649589620678,2.7772971545027443,8.02,2.343799836895969,-0.02,0.0
89.7,uav_03,1,passive_piecewise_source_clock_fit_v3,-9.020512002335737,2.766184599479839,8.02,2.3738737482745593,-0.02,0.0
89.8,uav_03,1,passive_piecewise_source_clock_fit_v3,-8.783888555990023,2.7550720442442667,8.02,2.399298439768763,-0.02,0.0
89.9,uav_03,1,passive_piecewise_source_clock_fit_v3,-8.542078569166723,2.7439594891927612,8.02,2.4240215710317368,-0.02,0.0
90.0,uav_03,1,passive_piecewise_source_clock_fit_v3,-8.300268582254052,2.7328469341669477,8.02,2.4493969882735467,-0.024698494136773372,0.0
90.1,uav_03,1,passive_piecewise_source_clock_fit_v3,-8.058458595424067,2.7217343789313766,8.02,2.4694462625259352,-0.034723131262967735,0.0
90.2,uav_03,1,passive_piecewise_source_clock_fit_v3,-7.817182837885941,2.7106463747842624,8.02,2.4941768630535095,-0.04472562101783661,0.0
90.3,uav_03,1,passive_piecewise_source_clock_fit_v3,-7.571962617987122,2.6995856575604127,8.02,2.519406990512302,-0.054703495256151,0.0
90.4,uav_03,1,passive_piecewise_source_clock_fit_v3,-7.321653345580975,2.688524940128842,8.02,2.5393627389889333,-0.06,0.0
90.5,uav_03,1,passive_piecewise_source_clock_fit_v3,-7.066848542476204,2.677464222880768,8.02,2.5593184874655592,-0.06,0.0
90.6,uav_03,1,passive_piecewise_source_clock_fit_v3,-6.81253794310624,2.6664544002990636,8.02,2.5745912059119727,-0.06,0.0
90.7,uav_03,1,passive_piecewise_source_clock_fit_v3,-6.559229196420969,2.6554536406717544,8.02,2.589029984418817,-0.055485007790591415,0.0
90.8,uav_03,1,passive_piecewise_source_clock_fit_v3,-6.303627644340433,2.6443929234171266,8.02,2.608985732895446,-0.04550713355227699,0.0
90.9,uav_03,1,passive_piecewise_source_clock_fit_v3,-6.049004720802757,2.6333322062024416,8.02,2.624470740686039,-0.026587777941883883,-0.004470740686038706
91.0,uav_03,1,passive_piecewise_source_clock_fit_v3,-5.789068168657561,2.6272028871293713,8.02,2.6388972298487063,0.0033458447730594087,-0.01
91.1,uav_03,1,passive_piecewise_source_clock_fit_v3,-5.529131616361196,2.6272028871293713,8.02,2.6544264891626663,0.03327946748799847,-0.01
91.2,uav_03,1,passive_piecewise_source_clock_fit_v3,-5.26797851112888,2.6272028871293713,8.015707904709512,2.664292095290489,0.06716838116195518,-0.005707904709511205
91.3,uav_03,1,passive_piecewise_source_clock_fit_v3,-5.00916044927472,2.6272028871293713,8.010000000000002,2.674015631504105,0.10204689451231423,0.0
91.4,uav_03,1,passive_piecewise_source_clock_fit_v3,-4.751221565358238,2.6313897141925446,8.010000000000002,2.6837769370886084,0.12377693708860857,0.0
91.5,uav_03,1,passive_piecewise_source_clock_fit_v3,-4.490285257960321,2.642237475741095,8.010000000000002,2.6935627039313377,0.13,0.0
91.6,uav_03,1,passive_piecewise_source_clock_fit_v3,-4.2338037703580245,2.6493733754937545,8.013286240144954,2.7032862401449522,0.12342751971009579,0.0
91.7,uav_03,1,passive_piecewise_source_clock_fit_v3,-3.971111175129054,2.6527097861398734,8.02,2.713009776358569,0.10398044728286222,0.0
91.8,uav_03,1,passive_piecewise_source_clock_fit_v3,-3.7084185804458913,2.6604586198728595,8.02,2.722733312572185,0.07906674971126135,0.0
91.9,uav_03,1,passive_piecewise_source_clock_fit_v3,-3.4457259848042074,2.6604586198728595,8.02,2.7324568487858025,0.04017260485679022,0.0
92.0,uav_03,1,passive_piecewise_source_clock_fit_v3,-3.1830333894615603,2.6580416098169515,8.02,2.7421803849994175,0.003458845001747382,0.0
92.1,uav_03,1,passive_piecewise_source_clock_fit_v3,-2.920340794892159,2.6493733754937545,8.02,2.7519039212130316,-0.025711763639095567,0.0
92.2,uav_03,1,passive_piecewise_source_clock_fit_v3,-2.6571183513888417,2.647547558562625,8.02,2.7616470696843063,-0.054941209052919826,0.0
92.3,uav_03,1,passive_piecewise_source_clock_fit_v3,-2.3898245784481413,2.6366388878632105,8.02,2.771487782847958,-0.08297556569591634,0.0
92.4,uav_03,1,passive_piecewise_source_clock_fit_v3,-2.1157531905410734,2.624257546592614,8.02,2.781328496011612,-0.10132849601161212,0.0
92.5,uav_03,1,passive_piecewise_source_clock_fit_v3,-1.8487667974687765,2.60373630182118,8.02,2.79,-0.11116920917526331,0.0
92.6,uav_03,1,passive_piecewise_source_clock_fit_v3,-1.5743880298318944,2.592827630792806,8.02,2.7910099223389135,-0.12,0.0
92.7,uav_03,1,passive_piecewise_source_clock_fit_v3,-1.307944677762401,2.580994681837276,8.02,2.8008422133688775,-0.12,0.0
92.8,uav_03,1,passive_piecewise_source_clock_fit_v3,-1.0351539156894412,2.560035897194567,8.02,2.81,-0.12,0.0
92.9,uav_03,1,passive_piecewise_source_clock_fit_v3,-0.7598007101835131,2.549127226183205,8.02,2.8104320618298724,-0.11956793817012777,0.0
93.0,uav_03,1,passive_piecewise_source_clock_fit_v3,-0.48444750596772956,2.5382185555316408,8.02,2.8202727749935232,-0.11,0.0
93.1,uav_03,1,passive_piecewise_source_clock_fit_v3,-0.2090943017519098,2.5271840801120904,8.02,2.8301134881571763,-0.1098865118428237,0.0
93.2,uav_03,1,passive_piecewise_source_clock_fit_v3,0.0662589024638349,2.5053667384428975,8.02,2.8399542013208263,-0.10004579867917371,0.0
93.3,uav_03,1,passive_piecewise_source_clock_fit_v3,0.3473468021335594,2.4945496100640496,8.02,2.8496665351741575,-0.10966653517415732,0.0
93.4,uav_03,1,passive_piecewise_source_clock_fit_v3,0.6194127750167074,2.483783916053528,8.02,2.85,-0.11,0.0
93.5,uav_03,1,passive_piecewise_source_clock_fit_v3,0.8999276035226682,2.473018222400997,8.02,2.859090002338875,-0.11909000233887522,0.0
93.6,uav_03,1,passive_piecewise_source_clock_fit_v3,1.1750375426983068,2.46215397348324,8.02,2.86,-0.12,0.0
93.7,uav_03,1,passive_piecewise_source_clock_fit_v3,1.455402993121794,2.4418277408713007,8.02,2.86861346950359,-0.12861346950359012,0.0
93.8,uav_03,1,passive_piecewise_source_clock_fit_v3,1.7284850287429216,2.429525043976207,8.02,2.87,-0.13,0.0
93.9,uav_03,1,passive_piecewise_source_clock_fit_v3,2.0079837933298643,2.4187593499656854,8.02,2.878036936668308,-0.13803693666830802,0.0
94.0,uav_03,1,passive_piecewise_source_clock_fit_v3,2.2890985081274176,2.3994040659261553,8.012251329749335,2.88,-0.14774867025066626,0.0
94.1,uav_03,1,passive_piecewise_source_clock_fit_v3,2.5702132221711422,2.3861427179593697,8.010000000000002,2.8874604038330225,-0.15746040383302248,0.0
94.2,uav_03,1,passive_piecewise_source_clock_fit_v3,2.851327936889663,2.3674265346343044,8.010000000000002,2.89,-0.16,0.0
94.3,uav_03,1,passive_piecewise_source_clock_fit_v3,3.1360699040571602,2.35338717509523,8.010000000000002,2.8970091824956827,-0.16,0.0
94.4,uav_03,1,passive_piecewise_source_clock_fit_v3,3.4223019287800622,2.334779232038455,8.010000000000002,2.9,-0.16,0.0
94.5,uav_03,1,passive_piecewise_source_clock_fit_v3,3.7085339540233164,2.3203785934886625,8.010000000000002,2.9,-0.16,0.0
94.6,uav_03,1,passive_piecewise_source_clock_fit_v3,3.9947659787766656,2.3020178015600377,8.010000000000002,2.9066747498997865,-0.16,0.0
94.7,uav_03,1,passive_piecewise_source_clock_fit_v3,4.2809980039893505,2.2873700118821003,8.010000000000002,2.91,-0.16,0.0
94.8,uav_03,1,passive_piecewise_source_clock_fit_v3,4.571544452844972,2.276479154929406,8.010000000000002,2.916387915679065,-0.16,0.0
94.9,uav_03,1,passive_piecewise_source_clock_fit_v3,4.860216093509323,2.2586399828667507,8.010000000000002,2.92,-0.16,0.0
95.0,uav_03,1,passive_piecewise_source_clock_fit_v3,5.152361607829848,2.2435106141500514,8.010000000000002,2.92,-0.16,0.0
95.1,uav_03,1,passive_piecewise_source_clock_fit_v3,5.442328771783349,2.2258785523971074,8.010000000000002,2.9260173622399615,-0.16,0.0
95.2,uav_03,1,passive_piecewise_source_clock_fit_v3,5.734259165584304,2.2105020325347065,8.010000000000002,2.93,-0.16,0.0
95.3,uav_03,1,passive_piecewise_source_clock_fit_v3,6.020906741308975,2.1996757306517423,8.010000000000002,2.93,-0.16567229280325416,0.0
95.4,uav_03,1,passive_piecewise_source_clock_fit_v3,6.306270912750435,2.1830117863325995,8.010000000000002,2.93,-0.16464758063223675,0.0
95.5,uav_03,1,passive_piecewise_source_clock_fit_v3,6.595810728231637,2.1671291729488162,8.010000000000002,2.93,-0.16,0.0
95.6,uav_03,1,passive_piecewise_source_clock_fit_v3,6.882181365348564,2.156345747275545,8.010000000000002,2.93,-0.16,0.0
95.7,uav_03,1,passive_piecewise_source_clock_fit_v3,7.168232806430172,2.145557006964319,8.010000000000002,2.934492799061285,-0.1644927990612846,0.0
95.8,uav_03,1,passive_piecewise_source_clock_fit_v3,7.4577726213392035,2.1302005602886105,8.010000000000002,2.94,-0.17,0.0
95.9,uav_03,1,passive_piecewise_source_clock_fit_v3,7.747312436021466,2.113010449236198,8.010000000000002,2.94,-0.17,0.0
96.0,uav_03,1,passive_piecewise_source_clock_fit_v3,8.036852251502655,2.1022797926194583,8.010000000000002,2.94,-0.1735331787548087,0.0
96.1,uav_03,1,passive_piecewise_source_clock_fit_v3,8.326392066983804,2.087987108287709,8.010000000000002,2.94,-0.18,0.0
96.2,uav_03,1,passive_piecewise_source_clock_fit_v3,8.61314011783444,2.06973323463666,8.010000000000002,2.94,-0.18,0.0
96.3,uav_03,1,passive_piecewise_source_clock_fit_v3,8.897758446774821,2.0589308509319335,8.010000000000002,2.94,-0.18,0.0
96.4,uav_03,1,passive_piecewise_source_clock_fit_v3,9.194577944348074,2.045090616446058,8.010000000000002,2.94,-0.18,0.0
96.5,uav_03,1,passive_piecewise_source_clock_fit_v3,9.491397441921304,2.0258447075389294,8.010000000000002,2.94,-0.18,0.0
96.6,uav_03,1,passive_piecewise_source_clock_fit_v3,9.788216939494484,2.0148442578350685,8.010000000000002,2.94,-0.18,0.0
96.7,uav_03,1,passive_piecewise_source_clock_fit_v3,10.085036437067671,2.0012584073658872,8.010000000000002,2.94,-0.18,0.0
96.8,uav_03,1,passive_piecewise_source_clock_fit_v3,10.381855934640901,1.9817581144420664,8.010000000000002,2.94,-0.18,0.0
96.9,uav_03,1,passive_piecewise_source_clock_fit_v3,10.680111950031703,1.970781583748989,8.010000000000002,2.94,-0.18,0.0
97.0,uav_03,1,passive_piecewise_source_clock_fit_v3,10.980220045035948,1.9598680678719593,8.010000000000002,2.94,-0.18200281050351833,0.0
97.1,uav_03,1,passive_piecewise_source_clock_fit_v3,11.271181983285159,1.94673224853155,8.010000000000002,2.94,-0.19,0.0
97.2,uav_03,1,passive_piecewise_source_clock_fit_v3,11.575791477697626,1.9267819244789555,8.010000000000002,2.94,-0.19,0.0
97.3,uav_03,1,passive_piecewise_source_clock_fit_v3,11.871530839444043,1.9158215057701364,8.010000000000002,2.94,-0.19,0.0
97.4,uav_03,1,passive_piecewise_source_clock_fit_v3,12.162305928361441,1.9050450684071158,8.010000000000002,2.94,-0.19,0.0
97.5,uav_03,1,passive_piecewise_source_clock_fit_v3,12.453081017278796,1.892960495873428,8.010000000000002,2.94,-0.19,0.0
97.6,uav_03,1,passive_piecewise_source_clock_fit_v3,12.743856106196116,1.872406949558968,8.010000000000002,2.94,-0.19,0.0
97.7,uav_03,1,passive_piecewise_source_clock_fit_v3,13.035426499905045,1.861623537531853,8.010000000000002,2.9406292116560024,-0.19,0.0
97.8,uav_03,1,passive_piecewise_source_clock_fit_v3,13.338045986171526,1.8507432226325728,8.010000000000002,2.9495556552470776,-0.19,0.0
97.9,uav_03,1,passive_piecewise_source_clock_fit_v3,13.628821075088926,1.8397830251598017,8.010000000000002,2.94,-0.19,0.0
98.0,uav_03,1,passive_piecewise_source_clock_fit_v3,13.919596164006283,1.8182301507017287,8.010000000000002,2.94,-0.19,0.0
98.1,uav_03,1,passive_piecewise_source_clock_fit_v3,14.2103712529236,1.8073286663859012,8.010000000000002,2.94,-0.19960862039337005,0.0
98.2,uav_03,1,passive_piecewise_source_clock_fit_v3,14.501146341840922,1.7965522293328802,8.010000000000002,2.94,-0.2,0.0
98.3,uav_03,1,passive_piecewise_source_clock_fit_v3,14.800654857742321,1.7857757919388004,8.010000000000002,2.94,-0.2,0.0
98.4,uav_03,1,passive_piecewise_source_clock_fit_v3,15.088517401984761,1.76555810591483,8.010000000000002,2.94,-0.2,0.0
98.5,uav_03,1,passive_piecewise_source_clock_fit_v3,15.375050888356965,1.753436731813635,8.010000000000002,2.94,-0.2,0.0
98.6,uav_03,1,passive_piecewise_source_clock_fit_v3,15.661584374729141,1.7428174927438298,8.010000000000002,2.94,-0.2,0.0
98.7,uav_03,1,passive_piecewise_source_clock_fit_v3,15.955242189068638,1.724013160598368,8.010000000000002,2.94,-0.2,0.0
98.8,uav_03,1,passive_piecewise_source_clock_fit_v3,16.24429997492574,1.7104937706189423,8.010000000000002,2.94,-0.2,0.0
98.9,uav_03,1,passive_piecewise_source_clock_fit_v3,16.530833461297963,1.6998745318068165,8.010000000000002,2.94,-0.2,0.0
99.0,uav_03,1,passive_piecewise_source_clock_fit_v3,16.823274439536,1.6892552928731563,8.010000000000002,2.946122623197507,-0.2,0.0
99.1,uav_03,1,passive_piecewise_source_clock_fit_v3,17.111860367318652,1.6724401516415777,8.010000000000002,2.95,-0.2,0.0
99.2,uav_03,1,passive_piecewise_source_clock_fit_v3,17.397091473839,1.6570424231920577,8.010000000000002,2.9448181436694423,-0.2,0.0
99.3,uav_03,1,passive_piecewise_source_clock_fit_v3,17.688219128014186,1.6464231841222536,8.010000000000002,2.94,-0.20476147289708188,0.0
99.4,uav_03,1,passive_piecewise_source_clock_fit_v3,17.981710899965734,1.6308506258493025,8.010000000000002,2.94,-0.21,0.0
99.5,uav_03,1,passive_piecewise_source_clock_fit_v3,18.272445616413123,1.613873202084323,8.010000000000002,2.94,-0.21,0.0
99.6,uav_03,1,passive_piecewise_source_clock_fit_v3,18.566890124528868,1.6030982610624243,8.010000000000002,2.94,-0.21,0.0
99.7,uav_03,1,passive_piecewise_source_clock_fit_v3,18.86356367676021,1.5883714681817651,8.010000000000002,2.94,-0.21,0.0
99.8,uav_03,1,passive_piecewise_source_clock_fit_v3,19.154298393207572,1.5704631347084543,8.010000000000002,2.94,-0.21,0.0
99.9,uav_03,1,passive_piecewise_source_clock_fit_v3,19.448869855381556,1.5596545448547574,8.010000000000002,2.936964528369493,-0.21,0.0
100.0,uav_03,1,passive_piecewise_source_clock_fit_v3,19.74840752824305,1.5456706055175597,8.010000000000002,2.93,-0.21,0.0
100.1,uav_03,1,passive_piecewise_source_clock_fit_v3,20.039142244690453,1.526942215023875,8.010000000000002,2.93,-0.21,0.0
100.2,uav_03,1,passive_piecewise_source_clock_fit_v3,20.32987696113787,1.516167273850553,8.010000000000002,2.93,-0.21,0.0
100.3,uav_03,1,passive_piecewise_source_clock_fit_v3,20.622527334403756,1.5031914475966,8.010000000000002,2.93,-0.21198541870937418,0.0
100.4,uav_03,1,passive_piecewise_source_clock_fit_v3,20.921778813394745,1.4835030993985812,8.010000000000002,2.93,-0.22,0.0
100.5,uav_03,1,passive_piecewise_source_clock_fit_v3,21.216980565472706,1.4725626051451393,8.010000000000002,2.93,-0.22,0.0
100.6,uav_03,1,passive_piecewise_source_clock_fit_v3,21.512182317349,1.4599919812115305,8.010000000000002,2.93,-0.2185294596202544,0.0
100.7,uav_03,1,passive_piecewise_source_clock_fit_v3,21.808676947213026,1.4395963725165792,8.010000000000002,2.93,-0.21,0.0
100.8,uav_03,1,passive_piecewise_source_clock_fit_v3,22.112234449158798,1.4273152487184715,8.010000000000002,2.93,-0.21,0.0
100.9,uav_03,1,passive_piecewise_source_clock_fit_v3,22.407436201236802,1.4066301398880205,8.010000000000002,2.93,-0.21107880324435313,0.0
101.0,uav_03,1,passive_piecewise_source_clock_fit_v3,22.70263795331473,1.3946385162254096,8.010000000000002,2.93,-0.22,0.0
101.1,uav_03,1,passive_piecewise_source_clock_fit_v3,22.9986286207407,1.3736639072594619,8.010000000000002,2.93,-0.22,0.0
101.2,uav_03,1,passive_piecewise_source_clock_fit_v3,23.30248661303705,1.3619768655060522,8.010000000000002,2.93,-0.22,0.0
101.3,uav_03,1,passive_piecewise_source_clock_fit_v3,23.59490076231244,1.3408085270707546,8.010000000000002,2.93,-0.22,0.0
101.4,uav_03,1,passive_piecewise_source_clock_fit_v3,23.890522088211007,1.3294992080904788,8.010000000000002,2.93,-0.22,0.0
101.5,uav_03,1,passive_piecewise_source_clock_fit_v3,24.198138500747124,1.3077242324324125,8.010000000000002,2.929698167272489,-0.22,0.0
101.6,uav_03,1,passive_piecewise_source_clock_fit_v3,24.496424027252488,1.296365323614289,8.010000000000002,2.92,-0.22,0.0
101.7,uav_03,1,passive_piecewise_source_clock_fit_v3,24.794709553757897,1.274529423820408,8.010000000000002,2.92,-0.22,0.0
101.8,uav_03,1,passive_piecewise_source_clock_fit_v3,25.093206764645064,1.2634746418922318,8.010000000000002,2.92,-0.22,0.0
101.9,uav_03,1,passive_piecewise_source_clock_fit_v3,25.400929235592002,1.2522071188926434,8.010000000000002,2.92,-0.22,0.0
102.0,uav_03,1,passive_piecewise_source_clock_fit_v3,25.699264442181814,1.2302779916969218,8.010000000000002,2.92,-0.22,0.0
102.1,uav_03,1,passive_piecewise_source_clock_fit_v3,26.00049136192005,1.2188515295288702,8.010000000000002,2.92,-0.22,0.0
102.2,uav_03,1,passive_piecewise_source_clock_fit_v3,26.298776888425458,1.1969741718431852,8.010000000000002,2.92,-0.22,0.0
102.3,uav_03,1,passive_piecewise_source_clock_fit_v3,26.59723801424468,1.1857176450526836,8.010000000000002,2.92,-0.22,0.0
102.4,uav_03,1,passive_piecewise_source_clock_fit_v3,26.904826970747706,1.1637856487712135,8.010000000000002,2.92,-0.22,0.0
102.5,uav_03,1,passive_piecewise_source_clock_fit_v3,27.19216635603537,1.153136542599475,8.010000000000002,2.92,-0.22,0.0
102.6,uav_03,1,passive_piecewise_source_clock_fit_v3,27.47950574132307,1.1321094700812724,8.010000000000002,2.92,-0.22,0.0
102.7,uav_03,1,passive_piecewise_source_clock_fit_v3,27.76684512661078,1.120753085483063,8.010000000000002,2.92,-0.22,0.0
102.8,uav_03,1,passive_piecewise_source_clock_fit_v3,28.054184511898367,1.1005982886539236,8.010000000000002,2.92,-0.22,0.0
102.9,uav_03,1,passive_piecewise_source_clock_fit_v3,28.34941806082815,1.0883696283666555,8.010000000000002,2.92,-0.22,0.0
103.0,uav_03,1,passive_piecewise_source_clock_fit_v3,28.638511909926024,1.0777205218881953,8.010000000000002,2.912211795819404,-0.22,0.0
103.1,uav_03,1,passive_piecewise_source_clock_fit_v3,28.925851295213697,1.0588741387967564,8.010000000000002,2.91,-0.22,0.0
103.2,uav_03,1,passive_piecewise_source_clock_fit_v3,29.2131906805014,1.045337064802774,8.010000000000002,2.91,-0.22,0.0
103.3,uav_03,1,passive_piecewise_source_clock_fit_v3,29.500530065789036,1.0273629573384149,8.010000000000002,2.916607884250466,-0.22,0.0
103.4,uav_03,1,passive_piecewise_source_clock_fit_v3,29.791965786784665,1.0130218142851322,8.010000000000002,2.92,-0.22,0.0
103.5,uav_03,1,passive_piecewise_source_clock_fit_v3,30.086634344906393,0.9957200696352331,8.010000000000002,2.914119589593952,-0.22,0.0
103.6,uav_03,1,passive_piecewise_source_clock_fit_v3,30.381979956198,0.980207578164791,8.010000000000002,2.91,-0.22,0.0
103.7,uav_03,1,passive_piecewise_source_clock_fit_v3,30.677325567489653,0.9692617522711638,8.010000000000002,2.91,-0.22,0.0
103.8,uav_03,1,passive_piecewise_source_clock_fit_v3,30.97267117878126,0.9522156034106548,8.010000000000002,2.91,-0.22,0.0
103.9,uav_03,1,passive_piecewise_source_clock_fit_v3,31.268016790072867,0.9362848564986351,8.010000000000002,2.91,-0.22,0.0
104.0,uav_03,1,passive_piecewise_source_clock_fit_v3,31.5684294391097,0.9195175445991817,8.010000000000002,2.91,-0.22,0.0
104.1,uav_03,1,passive_piecewise_source_clock_fit_v3,31.868356640108317,0.9033079607261076,8.010000000000002,2.91,-0.22,0.0
104.2,uav_03,1,passive_piecewise_source_clock_fit_v3,32.1652129025551,0.892306148675407,8.010000000000002,2.91,-0.22,0.0
104.3,uav_03,1,passive_piecewise_source_clock_fit_v3,32.462038937379994,0.8757913736888895,8.010000000000002,2.91,-0.22,0.0
104.4,uav_03,1,passive_piecewise_source_clock_fit_v3,32.757384548671595,0.8592743868071085,8.010000000000002,2.91,-0.22,0.0
104.5,uav_03,1,passive_piecewise_source_clock_fit_v3,33.05594352696146,0.8428551332157425,8.010000000000002,2.91,-0.22,0.0
104.6,uav_03,1,passive_piecewise_source_clock_fit_v3,33.35800762944835,0.8259294056949169,8.010000000000002,2.90507100348938,-0.22,0.0
104.7,uav_03,1,passive_piecewise_source_clock_fit_v3,33.66007173193528,0.8147345854939548,8.010000000000002,2.894972154949989,-0.22,0.0
104.8,uav_03,1,passive_piecewise_source_clock_fit_v3,33.96213583442213,0.7978567001656608,8.010000000000002,2.879746612821201,-0.22,0.0
104.9,uav_03,1,passive_piecewise_source_clock_fit_v3,34.25915800526884,0.7812597007073379,8.010000000000002,2.859548915742421,-0.22,0.0
105.0,uav_03,1,passive_piecewise_source_clock_fit_v3,34.55661541057251,0.7641626633436955,8.010000000000002,2.8340268279954604,-0.22,0.0
105.1,uav_03,1,passive_piecewise_source_clock_fit_v3,34.853446831589565,0.7477848159207185,8.010000000000002,2.798307043169721,-0.22,0.0
105.2,uav_03,1,passive_piecewise_source_clock_fit_v3,35.140438873851075,0.7365899955200466,8.010000000000002,2.7579116490121565,-0.21447791225303905,0.0
105.3,uav_03,1,passive_piecewise_source_clock_fit_v3,35.42301496950252,0.71916423010339,8.010000000000002,2.711895318568255,-0.21,0.0
105.4,uav_03,1,passive_piecewise_source_clock_fit_v3,35.70559106515402,0.7031151107334296,8.010000000000002,2.6556812910455654,-0.21,0.0
105.5,uav_03,1,passive_piecewise_source_clock_fit_v3,35.969316706303815,0.6924633999897085,8.01532869428168,2.6033565285916014,-0.21,0.0
105.6,uav_03,1,passive_piecewise_source_clock_fit_v3,36.215951908889664,0.6770357839368901,8.02,2.5476391807956973,-0.21,0.0
105.7,uav_03,1,passive_piecewise_source_clock_fit_v3,36.459296877638316,0.6607205006027288,8.02,2.4782882630432668,-0.21,0.0
105.8,uav_03,1,passive_piecewise_source_clock_fit_v3,36.69945301354368,0.6503657818837385,8.02,2.40356031946289,-0.21,0.0
105.9,uav_03,1,passive_piecewise_source_clock_fit_v3,36.9312322247043,0.6400110629270324,8.02,2.3235404698531354,-0.20735404698531354,0.0
106.0,uav_03,1,passive_piecewise_source_clock_fit_v3,37.154634510847664,0.6274537658926388,8.02,2.2281435944154526,-0.2,0.0
106.1,uav_03,1,passive_piecewise_source_clock_fit_v3,37.36965987105588,0.6082163810283453,8.02,2.1267206109022134,-0.2,0.0
106.2,uav_03,1,passive_piecewise_source_clock_fit_v3,37.57630830551236,0.5978616620979827,8.02,2.031972817712075,-0.1993310681426729,0.0
106.3,uav_03,1,passive_piecewise_source_clock_fit_v3,37.774572174896555,0.5875068323785705,8.02,1.9198796993348584,-0.19,0.0
106.4,uav_03,1,passive_piecewise_source_clock_fit_v3,37.956648470064856,0.5770475203010906,8.02,1.8066555423948991,-0.19,0.0
106.5,uav_03,1,passive_piecewise_source_clock_fit_v3,38.137011030369344,0.5666866531515582,8.02,1.6857051609004183,-0.18120808930003218,0.0
106.6,uav_03,1,passive_piecewise_source_clock_fit_v3,38.30747700262373,0.5554025576728361,8.02,1.5444018753982123,-0.18,0.0
106.7,uav_03,1,passive_piecewise_source_clock_fit_v3,38.47648880018788,0.5336986054746427,8.02,1.400146976166854,-0.17072478401191815,0.0
106.8,uav_03,1,passive_piecewise_source_clock_fit_v3,38.62701549220849,0.5214730164134587,8.02,1.2463129395737673,-0.16042086263825117,0.0
106.9,uav_03,1,passive_piecewise_source_clock_fit_v3,38.75707195697059,0.5210064799105285,8.02,1.0917541189687843,-0.1501169412645856,0.0
107.0,uav_03,1,passive_piecewise_source_clock_fit_v3,38.876306824521315,0.5097139635111038,8.02,0.9473822784728613,-0.13981301989091868,0.0
107.1,uav_03,1,passive_piecewise_source_clock_fit_v3,38.984720094908745,0.49829181488141855,8.02,0.8041091822070203,-0.1295090985172517,0.0
107.2,uav_03,1,passive_piecewise_source_clock_fit_v3,39.07266313918445,0.48775074716704064,8.02,0.6804621257229989,-0.11920517714358324,0.0
107.3,uav_03,1,passive_piecewise_source_clock_fit_v3,39.14225623120313,0.48653276233698,8.02,0.5590125576991658,-0.11,0.0
107.4,uav_03,1,passive_piecewise_source_clock_fit_v3,39.21049594469891,0.4766655027879356,8.02,0.4559733439625075,-0.10859733439625076,0.0
107.5,uav_03,1,passive_piecewise_source_clock_fit_v3,39.26761587963172,0.4749769868044559,8.02,0.35781431657627694,-0.09847678957203462,0.0
107.6,uav_03,1,passive_piecewise_source_clock_fit_v3,39.310615380433944,0.46558025840883066,8.02,0.2834556305471807,-0.09,0.0
