t_s,agent_id,valid,east_m,north_m,up_m
0.0,uav_01,1,40.032157675668074,9.355946146480687,7.738911905230914
0.1,uav_01,1,40.032157675668074,9.355946146480687,7.739999771118164
0.2,uav_01,1,40.032157675668074,9.355946146480687,7.739999771118164
0.3,uav_01,1,40.032157675668074,9.355946146480687,7.739999771118164
0.4,uav_01,1,40.032157675668074,9.355946146480687,7.739999771118164
0.5,uav_01,1,40.02611385143322,9.355946146480687,7.746263835718968
0.6,uav_01,1,40.02250904821581,9.355946146480687,7.75
0.7,uav_01,1,40.02250904821581,9.355946146480687,7.75
0.8,uav_01,1,40.00908874548107,9.355946146480687,7.75
0.9,uav_01,1,39.985362820894764,9.355946146480687,7.75
1.0,uav_01,1,39.96601827543639,9.351208321563286,7.75
1.1,uav_01,1,39.93345031639255,9.344860902495409,7.75
1.2,uav_01,1,39.884307922491395,9.344860902495409,7.75
1.3,uav_01,1,39.83050215952483,9.344860902495409,7.754833304179073
1.4,uav_01,1,39.77153128669369,9.339296559963936,7.760000228881836
1.5,uav_01,1,39.70251427326083,9.333775658116304,7.760000228881836
1.6,uav_01,1,39.623886442640995,9.327798056861955,7.760000228881836
1.7,uav_01,1,39.539875840433744,9.322690413737199,7.760000228881836
1.8,uav_01,1,39.44585690860389,9.316299553987024,7.760000228881836
1.9,uav_01,1,39.34754951913593,9.30500508372296,7.760000228881836
2.0,uav_01,1,39.23735295006943,9.293707215390768,7.760000228881836
2.1,uav_01,1,39.11933792939237,9.27538197168988,7.760000228881836
2.2,uav_01,1,39.00132290871532,9.252784193743727,7.760000228881836
2.3,uav_01,1,38.87033254165877,9.237640059898856,7.760000228881836
2.4,uav_01,1,38.72597472088534,9.211006592675933,7.760000228881836
2.5,uav_01,1,38.58531553216085,9.184990859511446,7.760000228881836
2.6,uav_01,1,38.426494708754014,9.170487660027844,7.767302516268112
2.7,uav_01,1,38.252075261067574,9.167496994398865,7.770000457763672
2.8,uav_01,1,38.07615615394829,9.150594115348072,7.770000457763672
2.9,uav_01,1,37.9020667421182,9.137294838693027,7.770000457763672
3.0,uav_01,1,37.73338224513479,9.134241261655376,7.770000457763672
3.1,uav_01,1,37.55604328123041,9.134241261655376,7.770000457763672
3.2,uav_01,1,37.37184763986699,9.134241261655376,7.770000457763672
3.3,uav_01,1,37.18765199901348,9.134241261655376,7.770000457763672
3.4,uav_01,1,36.99803503594671,9.134241261655376,7.770000457763672
3.5,uav_01,1,36.798130206751686,9.136347475211213,7.770000457763672
3.6,uav_01,1,36.60325165046658,9.147522838958784,7.770000457763672
3.7,uav_01,1,36.392820786589596,9.167496994398865,7.770000457763672
3.8,uav_01,1,36.191082703013514,9.167496994398865,7.770000457763672
3.9,uav_01,1,35.98137236574126,9.167496994398865,7.770000457763672
4.0,uav_01,1,35.7546807382015,9.176065838621021,7.770000457763672
4.1,uav_01,1,35.51880834008318,9.17858223877797,7.770000457763672
4.2,uav_01,1,35.28126691861459,9.17858223877797,7.777356742386962
4.3,uav_01,1,35.03677482512302,9.17858223877797,7.780000686645508
4.4,uav_01,1,34.789731746340806,9.170765512502658,7.780000686645508
4.5,uav_01,1,34.53603193847633,9.167496994398865,7.780000686645508
4.6,uav_01,1,34.28599696132411,9.152538958837214,7.780000686645508
4.7,uav_01,1,34.02622830806235,9.138016342301619,7.780000686645508
4.8,uav_01,1,33.76639773184363,9.134241261655376,7.780000686645508
4.9,uav_01,1,33.503784151400936,9.113323895789394,7.780000686645508
5.0,uav_01,1,33.23418040713161,9.10098552891189,7.780000686645508
5.1,uav_01,1,32.95795411710845,9.08658870407164,7.780000686645508
5.2,uav_01,1,32.67909126533654,9.071259598456502,7.780000686645508
5.3,uav_01,1,32.40711545179866,9.051904853181474,7.780000686645508
5.4,uav_01,1,32.11661859607372,9.03728980662699,7.780000686645508
5.5,uav_01,1,31.825345526304325,9.034474063424913,7.780000686645508
5.6,uav_01,1,31.544342604455554,9.016506943217973,7.780000686645508
5.7,uav_01,1,31.249219601241997,9.002962985254468,7.780000686645508
5.8,uav_01,1,30.958878810118424,8.981823092327808,7.780000686645508
5.9,uav_01,1,30.6700565713898,8.968993193424957,7.780000686645508
6.0,uav_01,1,30.389667729909377,8.967962597937937,7.780000686645508
6.1,uav_01,1,30.126716560862576,8.949907762892842,7.780000686645508
6.2,uav_01,1,29.858954095942725,8.929261873815594,7.780000686645508
6.3,uav_01,1,29.602461440282028,8.916118803006844,7.786769134452642
6.4,uav_01,1,29.333277178248508,8.899055340287815,7.790000915527344
6.5,uav_01,1,29.0599419123337,8.884387669817048,7.790000915527344
6.6,uav_01,1,28.790388308718438,8.868848806760036,7.790000915527344
6.7,uav_01,1,28.520834705183994,8.852656536627249,7.790000915527344
6.8,uav_01,1,28.251281101380158,8.838642273232258,7.790000915527344
6.9,uav_01,1,27.981727498034292,8.820925403333392,7.790000915527344
7.0,uav_01,1,27.71184656856256,8.808410668584024,7.790000915527344
7.1,uav_01,1,27.439642929530784,8.789129229841665,7.790000915527344
7.2,uav_01,1,27.16132955285447,8.778069241077068,7.790000915527344
7.3,uav_01,1,26.889293380100842,8.757288081150264,7.790000915527344
7.4,uav_01,1,26.61725720862902,8.746870063028956,7.790000915527344
7.5,uav_01,1,26.34522103594435,8.726646377444858,7.790000915527344
7.6,uav_01,1,26.06523073831059,8.714948782801057,7.790000915527344
7.7,uav_01,1,25.79150006401904,8.704530764980706,7.797641516979638
7.8,uav_01,1,25.519463891581953,8.6863087579145,7.799999237060547
7.9,uav_01,1,25.241215860704166,8.6726094847054,7.799999237060547
8.0,uav_01,1,24.965742919409053,8.655721930202194,7.799999237060547
8.1,uav_01,1,24.675608182585556,8.640204623471067,7.799999237060547
8.2,uav_01,1,24.36818569154257,8.621777557063757,7.799999237060547
8.3,uav_01,1,24.052023839805884,8.605651084838266,7.799999237060547
8.4,uav_01,1,23.73941510376066,8.593796000127202,7.799999237060547
8.5,uav_01,1,23.421913109825184,8.572817537527142,7.799999237060547
8.6,uav_01,1,23.110644515283386,8.559000586470997,7.799999237060547
8.7,uav_01,1,22.791802378473317,8.547145501635535,7.799999237060547
8.8,uav_01,1,22.481571327894645,8.524205172814794,7.799999237060547
8.9,uav_01,1,22.16266431970565,8.511232592483978,7.799999237060547
9.0,uav_01,1,21.855563845139745,8.489561829963176,7.80156465577803
9.1,uav_01,1,21.563342845479603,8.478731805588604,7.809999465942383
9.2,uav_01,1,21.283363717229307,8.467532941490061,7.809999465942383
9.3,uav_01,1,21.013780307035304,8.446921594460317,7.809999465942383
9.4,uav_01,1,20.73292844228127,8.436512922766031,7.809999465942383
9.5,uav_01,1,20.45207657752723,8.426104250724768,7.809999465942383
9.6,uav_01,1,20.179136718376675,8.406605527981306,7.809999465942383
9.7,uav_01,1,19.90734459169612,8.394201662611342,7.809999465942383
9.8,uav_01,1,19.628818239540774,8.391529896919538,7.809999465942383
9.9,uav_01,1,19.347966374786733,8.370348894998653,7.809999465942383
10.0,uav_01,1,19.06711451003268,8.35827416417605,7.809999465942383
10.1,uav_01,1,18.78360384042066,8.346662709194685,7.809999465942383
10.2,uav_01,1,18.4964668556139,8.33074158722632,7.809999465942383
10.3,uav_01,1,18.21222887223816,8.315075678683362,7.809999465942383
10.4,uav_01,1,17.928985316733353,8.298267278727709,7.809999465942383
10.5,uav_01,1,17.64042023288138,8.291762698689075,7.809999465942383
10.6,uav_01,1,17.351855149029397,8.280364978537262,7.809999465942383
10.7,uav_01,1,17.063290065177426,8.258506965945585,7.809999465942383
10.8,uav_01,1,16.77735169661176,8.252471334351359,7.809999465942383
10.9,uav_01,1,16.495808524925728,8.233709373852921,7.809999465942383
11.0,uav_01,1,16.207243441073754,8.220778450069862,7.809999465942383
11.1,uav_01,1,15.918152530262352,8.201215577641852,7.809999465942383
11.2,uav_01,1,15.627664718822915,8.19199550045861,7.809999465942383
11.3,uav_01,1,15.342499233254431,8.18783570922885,7.809999465942383
11.4,uav_01,1,15.048322495112513,8.158739767715124,7.809999465942383
11.5,uav_01,1,14.748495419049334,8.156993888102093,7.809999465942383
11.6,uav_01,1,14.45507154455271,8.135906979645965,7.809999465942383
11.7,uav_01,1,14.161647670056109,8.124580715812623,7.809999465942383
11.8,uav_01,1,13.86843357957487,8.10307252713697,7.809999465942383
11.9,uav_01,1,13.58444854851514,8.09219792287511,7.809999465942383
12.0,uav_01,1,13.291024674018535,8.081323318613252,7.809999465942383
12.1,uav_01,1,12.997600799521908,8.070448714731333,7.809999465942383
12.2,uav_01,1,12.695670364610693,8.04845988255347,7.809999465942383
12.3,uav_01,1,12.388018081856627,8.036771679853867,7.809999465942383
12.4,uav_01,1,12.08053072296515,8.02536450210572,7.809999465942383
12.5,uav_01,1,11.782078646722157,8.013283056377034,7.809999465942383
12.6,uav_01,1,11.47341751830472,7.991464902624147,7.809999465942383
12.7,uav_01,1,11.156841955311975,7.980057724876,7.809999465942383
12.8,uav_01,1,10.849047923333005,7.968650547186119,7.809999465942383
12.9,uav_01,1,10.54125389135406,7.9552813682928685,7.809999465942383
13.0,uav_01,1,10.233459859375102,7.93475094772742,7.809999465942383
13.1,uav_01,1,9.929303600750352,7.923478590083597,7.809999465942383
13.2,uav_01,1,9.639177176174792,7.912726192861047,7.809999465942383
13.3,uav_01,1,9.355867894230261,7.900673742850296,7.809999465942383
13.4,uav_01,1,9.072774295057958,7.880649449136734,7.8108647912101
13.5,uav_01,1,8.791741892581596,7.870234086160847,7.819999694824219
13.6,uav_01,1,8.508432610637087,7.859734339946643,7.819999694824219
13.7,uav_01,1,8.225123328692579,7.849234593369934,7.819999694824219
13.8,uav_01,1,7.941814046748043,7.829116765262479,7.811323023680659
13.9,uav_01,1,7.658504764803534,7.817149856210192,7.809999465942383
14.0,uav_01,1,7.375195482859004,7.806650109622961,7.809999465942383
14.1,uav_01,1,7.091886200914487,7.796150363315029,7.809999465942383
14.2,uav_01,1,6.798659773189013,7.778117172874021,7.809999465942383
14.3,uav_01,1,6.505115122413698,7.763676340776193,7.809999465942383
14.4,uav_01,1,6.213711806292991,7.752876620722437,7.809999465942383
14.5,uav_01,1,5.922308490172267,7.74207690052638,7.809999465942383
14.6,uav_01,1,5.630905174051538,7.7312771805514195,7.809999465942383
14.7,uav_01,1,5.339501857930832,7.71453967900641,7.809999465942383
14.8,uav_01,1,5.048098541810119,7.698592496153743,7.815098484525314
14.9,uav_01,1,4.756695225689391,7.687792776150705,7.819999694824219
15.0,uav_01,1,4.465291909568681,7.676993055954649,7.819999694824219
15.1,uav_01,1,4.173888593447976,7.661397651139483,7.819999694824219
15.2,uav_01,1,3.874894506373295,7.644176783271487,7.819999694824219
15.3,uav_01,1,3.5671989722280615,7.632981110807881,7.819999694824219
15.4,uav_01,1,3.2621023447013817,7.621673901993829,7.815512418311006
15.5,uav_01,1,2.957005717174707,7.610366692954782,7.809999465942383
15.6,uav_01,1,2.6531172965688277,7.593730967856226,7.809999465942383
15.7,uav_01,1,2.3493050243617075,7.576759407927903,7.809999465942383
15.8,uav_01,1,2.0391865006006986,7.565452199093834,7.809999465942383
15.9,uav_01,1,1.7294631418560602,7.5541449902436355,7.809999465942383
16.0,uav_01,1,1.4243665143293875,7.549051333953235,7.809999465942383
16.1,uav_01,1,1.1192698868027022,7.5297447819561025,7.809999465942383
16.2,uav_01,1,0.8270529525831511,7.5157956012097475,7.809999465942383
16.3,uav_01,1,0.5500296949016727,7.505072237045043,7.809999465942383
16.4,uav_01,1,0.27844388139566395,7.4892834128043955,7.809999465942383
16.5,uav_01,1,0.0068580678896537905,7.475896432775584,7.809999465942383
16.6,uav_01,1,-0.2647277456163798,7.458067644334158,7.809999465942383
16.7,uav_01,1,-0.5363135591223982,7.449284135722772,7.809999465942383
16.8,uav_01,1,-0.8078993726283891,7.448760592743137,7.809999465942383
16.9,uav_01,1,-1.0794851861344132,7.428630068615767,7.809999465942383
17.0,uav_01,1,-1.3510709996404466,7.417806595758067,7.809999465942383
17.1,uav_01,1,-1.629869901391698,7.3994542643463035,7.809999465942383
17.2,uav_01,1,-1.903891254104747,7.386590827287829,7.809999465942383
17.3,uav_01,1,-2.1907259222847735,7.382772670235797,7.809999465942383
17.4,uav_01,1,-2.4969387132515735,7.368621520454262,7.809999465942383
17.5,uav_01,1,-2.8095635492881454,7.35302563869373,7.809999465942383
17.6,uav_01,1,-3.1221883853247343,7.3333619151014515,7.809999465942383
17.7,uav_01,1,-3.434813221361326,7.318767969627781,7.809999465942383
17.8,uav_01,1,-3.7532508432435883,7.31626120474882,7.818122531786042
17.9,uav_01,1,-4.067218958646372,7.297285127513682,7.819999694824219
18.0,uav_01,1,-4.379843794682967,7.284101709437097,7.819999694824219
18.1,uav_01,1,-4.69246863071957,7.26202552216087,7.819999694824219
18.2,uav_01,1,-5.014660014261316,7.2498440403711495,7.819999694824219
18.3,uav_01,1,-5.304054756839827,7.2391218020411605,7.819999694824219
18.4,uav_01,1,-5.581292569045952,7.219029646766327,7.819999694824219
18.5,uav_01,1,-5.858000597845315,7.207506729616492,7.819999694824219
18.6,uav_01,1,-6.134708626644696,7.197251632857918,7.819999694824219
18.7,uav_01,1,-6.41141665544408,7.186996535913573,7.819999694824219
18.8,uav_01,1,-6.688124684243471,7.170244604186347,7.819999694824219
18.9,uav_01,1,-6.969765013627973,7.155401097831551,7.819999694824219
19.0,uav_01,1,-7.251189369294468,7.145146000783178,7.819999694824219
19.1,uav_01,1,-7.52789739809386,7.134890903734806,7.819999694824219
19.2,uav_01,1,-7.804605426893226,7.124635806799278,7.819999694824219
19.3,uav_01,1,-8.085596561755208,7.114221973516251,7.819999694824219
19.4,uav_01,1,-8.381498218942253,7.100710447853434,7.819999694824219
19.5,uav_01,1,-8.68152613439189,7.08069335035171,7.819999694824219
19.6,uav_01,1,-8.986367197488219,7.069295938851386,7.819999694824219
19.7,uav_01,1,-9.281016209848485,7.057898527471929,7.819999694824219
19.8,uav_01,1,-9.5719389191517,7.046501116244565,7.819999694824219
19.9,uav_01,1,-9.865204568444586,7.035136980725048,7.819999694824219
20.0,uav_01,1,-10.147706704020486,7.023798670431266,7.819999694824219
20.1,uav_01,1,-10.421508599372604,7.012401259173913,7.819999694824219
20.2,uav_01,1,-10.6893577565499,7.001003847673591,7.819999694824219
20.3,uav_01,1,-10.948431591332625,6.989794868063907,7.819999694824219
20.4,uav_01,1,-11.18629957727827,6.978915578264643,7.819999694824219
20.5,uav_01,1,-11.410866244065174,6.972618632934836,7.819999694824219
20.6,uav_01,1,-11.635432910852064,6.968500560511059,7.819999694824219
20.7,uav_01,1,-11.853414180966645,6.9577504295791135,7.819999694824219
20.8,uav_01,1,-12.056265944087691,6.950448144570453,7.819999694824219
20.9,uav_01,1,-12.24734311549668,6.947335412084959,7.819999694824219
21.0,uav_01,1,-12.420289764940303,6.939362900191348,7.819999694824219
21.1,uav_01,1,-12.581483784647093,6.939362900191348,7.819999694824219
21.2,uav_01,1,-12.744405943927072,6.937255507644136,7.819999694824219
21.3,uav_01,1,-12.883499153664227,6.928277655812244,7.819999694824219
21.4,uav_01,1,-13.013546177832305,6.928277655812244,7.819999694824219
21.5,uav_01,1,-13.126855457594571,6.928277655812244,7.819999694824219
21.6,uav_01,1,-13.229501721617002,6.928277655812244,7.819999694824219
21.7,uav_01,1,-13.313240029016903,6.928277655812244,7.819999694824219
21.8,uav_01,1,-13.38111354010063,6.928277655812244,7.819999694824219
21.9,uav_01,1,-13.453855716756843,6.928277655812244,7.819999694824219
22.0,uav_01,1,-13.492846795267738,6.928277655812244,7.819999694824219
22.1,uav_01,1,-13.537667127176013,6.928277655812244,7.819334291631182
22.2,uav_01,1,-13.54667374785108,6.928277655812244,7.809999465942383
22.3,uav_01,1,-13.545805571085086,6.928277655812244,7.809999465942383
22.4,uav_01,1,-13.527166465864028,6.928277655812244,7.809999465942383
22.5,uav_01,1,-13.49073757176353,6.928277655812244,7.809999465942383
22.6,uav_01,1,-13.462927003615647,6.928277655812244,7.809999465942383
22.7,uav_01,1,-13.419451492232339,6.937557176052439,7.809999465942383
22.8,uav_01,1,-13.366379858603592,6.939362900191348,7.809999465942383
22.9,uav_01,1,-13.304742406447726,6.939362900191348,7.809999465942383
23.0,uav_01,1,-13.240991842418962,6.939362900191348,7.816687312637182
23.1,uav_01,1,-13.171329976533587,6.939362900191348,7.819999694824219
23.2,uav_01,1,-13.098472189626811,6.939362900191348,7.819999694824219
23.3,uav_01,1,-13.020785909325744,6.939362900191348,7.819999694824219
23.4,uav_01,1,-12.939317550344057,6.939362900191348,7.819999694824219
23.5,uav_01,1,-12.855099073060117,6.939362900191348,7.819999694824219
23.6,uav_01,1,-12.760222093894015,6.942604566622389,7.819999694824219
23.7,uav_01,1,-12.6531414522077,6.950448144570453,7.819999694824219
23.8,uav_01,1,-12.54331866411579,6.950448144570453,7.819999694824219
23.9,uav_01,1,-12.419682912559384,6.950448144570453,7.819999694824219
24.0,uav_01,1,-12.312602270873063,6.950448144570453,7.819999694824219
24.1,uav_01,1,-12.178989696817998,6.950448144570453,7.819999694824219
24.2,uav_01,1,-12.045138895027137,6.959775706272695,7.811585107643661
24.3,uav_01,1,-11.904872249746413,6.9699575246590735,7.809999465942383
24.4,uav_01,1,-11.762406891897657,6.987756103475856,7.809999465942383
24.5,uav_01,1,-11.600357076506707,7.002006555120119,7.809999465942383
24.6,uav_01,1,-11.42329233436958,7.020741911070118,7.809999465942383
24.7,uav_01,1,-11.236728815290961,7.0358667011164755,7.809999465942383
24.8,uav_01,1,-11.039841106960306,7.0555499407693185,7.809999465942383
24.9,uav_01,1,-10.832629208314154,7.069898582351606,7.817755896079475
25.0,uav_01,1,-10.622914620146677,7.0723858311653,7.819999694824219
25.1,uav_01,1,-10.405040750992935,7.081759975222354,7.819999694824219
25.2,uav_01,1,-10.193836816359477,7.083471075544405,7.819999694824219
25.3,uav_01,1,-9.966452542619974,7.083471075544405,7.819999694824219
25.4,uav_01,1,-9.736765136444694,7.083471075544405,7.819999694824219
25.5,uav_01,1,-9.494863875539242,7.072415218849657,7.819999694824219
25.6,uav_01,1,-9.250680736776873,7.071811280753708,7.819999694824219
25.7,uav_01,1,-9.006493358398071,7.060121895367735,7.819999694824219
25.8,uav_01,1,-8.760754197658716,7.050215342800917,7.819999694824219
25.9,uav_01,1,-8.506392345488031,7.0478283692430965,7.819999694824219
26.0,uav_01,1,-8.252030492536653,7.039130098421811,7.819999694824219
26.1,uav_01,1,-7.9945393197227395,7.035534842766505,7.819999694824219
26.2,uav_01,1,-7.730788400637856,7.028044854042707,7.819999694824219
26.3,uav_01,1,-7.467557202160411,7.023333693493782,7.819999694824219
26.4,uav_01,1,-7.202693278870602,7.0169596100574285,7.819999694824219
26.5,uav_01,1,-6.93539504014891,7.0169596100574285,7.819999694824219
26.6,uav_01,1,-6.679405962827236,7.01175612662644,7.819999694824219
26.7,uav_01,1,-6.425188009569635,7.0058743656783244,7.819999694824219
26.8,uav_01,1,-6.160098883975188,7.000718900020613,7.819999694824219
26.9,uav_01,1,-5.90015015692023,6.989657664710453,7.819999694824219
27.0,uav_01,1,-5.635755892959509,6.978596429429507,7.815392160150227
27.1,uav_01,1,-5.3661794358597055,6.962451755119843,7.809999465942383
27.2,uav_01,1,-5.101006720647311,6.940329284348138,7.809999465942383
27.3,uav_01,1,-4.83667514900476,6.9182068135421,7.809999465942383
27.4,uav_01,1,-4.5769794351068835,6.896895194420705,7.809999465942383
27.5,uav_01,1,-4.330161827666742,6.876891997381131,7.809999465942383
27.6,uav_01,1,-4.085013592730455,6.857467916624844,7.811938246906273
27.7,uav_01,1,-3.841216106231082,6.838043836137245,7.819999694824219
27.8,uav_01,1,-3.6129746463250876,6.818619755649644,7.819999694824219
27.9,uav_01,1,-3.3688661441972565,6.808310444217365,7.819999694824219
28.0,uav_01,1,-3.130456189270413,6.798598403801044,7.819999694824219
28.1,uav_01,1,-2.8882183017769,6.788886363610973,7.819999694824219
28.2,uav_01,1,-2.6430700668405924,6.784169480853014,7.819999694824219
28.3,uav_01,1,-2.3979218319042905,6.784169480853014,7.819999694824219
28.4,uav_01,1,-2.153242706234393,6.784169480853014,7.819999694824219
28.5,uav_01,1,-1.9081622757392216,6.784169480853014,7.819999694824219
28.6,uav_01,1,-1.6407563295317857,6.784169480853014,7.819999694824219
28.7,uav_01,1,-1.382842375001231,6.784169480853014,7.819999694824219
28.8,uav_01,1,-1.1074344492318735,6.794228835503858,7.819999694824219
28.9,uav_01,1,-0.8394343771822024,6.7952547248382915,7.819999694824219
29.0,uav_01,1,-0.5723272420862202,6.7952547248382915,7.819999694824219
29.1,uav_01,1,-0.29777852681970063,6.7952547248382915,7.819999694824219
29.2,uav_01,1,-0.028464343070882303,6.803301047986545,7.819999694824219
29.3,uav_01,1,0.2452082978141586,6.806339969217397,7.819999694824219
29.4,uav_01,1,0.5215260236720076,6.806339969217397,7.819999694824219
29.5,uav_01,1,0.7921543184927061,6.806339969217397,7.819999694824219
29.6,uav_01,1,1.0763519410628166,6.806339969217397,7.819999694824219
29.7,uav_01,1,1.3814638233948549,6.813426111523525,7.819999694824219
29.8,uav_01,1,1.692022609776275,6.8174252135965006,7.819999694824219
29.9,uav_01,1,2.0025813955759646,6.8174252135965006,7.819999694824219
30.0,uav_01,1,2.3131401821572974,6.8269355142217165,7.819999694824219
30.1,uav_01,1,2.632680092841039,6.8388288114305205,7.819999694824219
30.2,uav_01,1,2.934293582366482,6.839636864316173,7.819962561409733
30.3,uav_01,1,3.253726009460592,6.850680946339989,7.809999465942383
30.4,uav_01,1,3.556817817693041,6.8523382144077045,7.809999465942383
30.5,uav_01,1,3.8739314955408446,6.864090787916767,7.809999465942383
30.6,uav_01,1,4.171036006366462,6.872851434704373,7.809999465942383
30.7,uav_01,1,4.4525747932187665,6.875165863339578,7.809999465942383
30.8,uav_01,1,4.74922321783786,6.886159972816845,7.809999465942383
30.9,uav_01,1,5.042159967997311,6.8950219230687555,7.809999465942383
31.0,uav_01,1,5.32322281080039,6.89706294723541,7.809999465942383
31.1,uav_01,1,5.61817404632665,6.9061071674478605,7.809999465942383
31.2,uav_01,1,5.908488897676572,6.907965921968814,7.809999465942383
31.3,uav_01,1,6.210091002263699,6.918960031462271,7.809999465942383
31.4,uav_01,1,6.490519253001126,6.928277655812244,7.809999465942383
31.5,uav_01,1,6.784822131841957,6.929776077416305,7.809999465942383
31.6,uav_01,1,7.064539385855279,6.939362900191348,7.809999465942383
31.7,uav_01,1,7.336328805694835,6.939362900191348,7.809999465942383
31.8,uav_01,1,7.599553311978222,6.9492030714315645,7.818876488520623
31.9,uav_01,1,7.862575331546258,6.950448144570453,7.819999694824219
32.0,uav_01,1,8.132399808937787,6.958263442999018,7.819999694824219
32.1,uav_01,1,8.404189228777318,6.961533388555731,7.819999694824219
32.2,uav_01,1,8.670938644900703,6.967323814727953,7.819999694824219
32.3,uav_01,1,8.938119439632985,6.972618632934836,7.819999694824219
32.4,uav_01,1,9.209908859472547,6.976384186573062,7.819999694824219
32.5,uav_01,1,9.481698279312102,6.983703877313942,7.819999694824219
32.6,uav_01,1,9.75213862092292,6.985394560068495,7.819999694824219
32.7,uav_01,1,10.015862141390944,6.9947891212992195,7.819999694824219
32.8,uav_01,1,10.273325017137953,6.9947891212992195,7.819999694824219
32.9,uav_01,1,10.525318865202282,7.003236709311852,7.819999694824219
33.0,uav_01,1,10.782631441497005,7.0058743656783244,7.819999694824219
33.1,uav_01,1,11.042239841208602,7.0058743656783244,7.819999694824219
33.2,uav_01,1,11.30537855462207,7.009930319783071,7.819999694824219
33.3,uav_01,1,11.571105268084018,7.0169596100574285,7.819999694824219
33.4,uav_01,1,11.829731680843171,7.0169596100574285,7.819999694824219
33.5,uav_01,1,12.080965615356927,7.0169596100574285,7.819999694824219
33.6,uav_01,1,12.340281838395336,7.0169596100574285,7.819999694824219
33.7,uav_01,1,12.599890238106903,7.024781418416915,7.819999694824219
33.8,uav_01,1,12.883691355036813,7.028044854042707,7.819999694824219
33.9,uav_01,1,13.19695386624553,7.028044854042707,7.819999694824219
34.0,uav_01,1,13.519350929110315,7.036687131304296,7.819999694824219
34.1,uav_01,1,13.841747991975133,7.039130098421811,7.819999694824219
34.2,uav_01,1,14.164145054839963,7.039130098421811,7.819999694824219
34.3,uav_01,1,14.486542117704765,7.039276543486411,7.819999694824219
34.4,uav_01,1,14.808939180569547,7.050215342800917,7.819999694824219
34.5,uav_01,1,15.131336243434376,7.050215342800917,7.819999694824219
34.6,uav_01,1,15.453733306299187,7.050215342800917,7.819999694824219
34.7,uav_01,1,15.772726532601402,7.050215342800917,7.819999694824219
34.8,uav_01,1,16.08169658955121,7.054053705581536,7.819999694824219
34.9,uav_01,1,16.38912739782775,7.061300586786195,7.819999694824219
35.0,uav_01,1,16.698527615052523,7.061300586786195,7.819999694824219
35.1,uav_01,1,17.00336509519723,7.061300586786195,7.819999694824219
35.2,uav_01,1,17.308202575341962,7.061300586786195,7.819999694824219
35.3,uav_01,1,17.613040055486646,7.061300586786195,7.819999694824219
35.4,uav_01,1,17.91787753563134,7.066320734942759,7.819999694824219
35.5,uav_01,1,18.227269405717983,7.0723858311653,7.819999694824219
35.6,uav_01,1,18.537201123373045,7.0723858311653,7.819999694824219
35.7,uav_01,1,18.83618107705469,7.0723858311653,7.819999694824219
35.8,uav_01,1,19.121836492150365,7.0723858311653,7.819999694824219
35.9,uav_01,1,19.403444264876057,7.0723858311653,7.819999694824219
36.0,uav_01,1,19.682953542935113,7.0765807687253774,7.819999694824219
36.1,uav_01,1,19.948006748727188,7.083471075544405,7.819999694824219
36.2,uav_01,1,20.207062611907755,7.086754635217004,7.819999694824219
36.3,uav_01,1,20.461195702291658,7.100212061337367,7.819999694824219
36.4,uav_01,1,20.701747575900914,7.121471172240474,7.819999694824219
36.5,uav_01,1,20.938963207396483,7.144646775983243,7.819999694824219
36.6,uav_01,1,21.16101109052586,7.176535442086687,7.819999694824219
36.7,uav_01,1,21.3806291371853,7.209471837482882,7.819083348680378
36.8,uav_01,1,21.577646315720973,7.253811394415161,7.809999465942383
36.9,uav_01,1,21.783235041070288,7.317864954719548,7.809999465942383
37.0,uav_01,1,21.952569928254732,7.361345581618151,7.809999465942383
37.1,uav_01,1,22.120521397613956,7.42566502156786,7.809999465942383
37.2,uav_01,1,22.262251459690578,7.490508384968905,7.809999465942383
37.3,uav_01,1,22.41233360465198,7.57594338926507,7.809999465942383
37.4,uav_01,1,22.528003795641176,7.66241730284724,7.809999465942383
37.5,uav_01,1,22.64090450515365,7.748891216775351,7.809999465942383
37.6,uav_01,1,22.720863010396098,7.854288669224385,7.809999465942383
37.7,uav_01,1,22.804125465693982,7.962381061432437,7.809999465942383
37.8,uav_01,1,22.87436520145186,8.072236780339116,7.809999465942383
37.9,uav_01,1,22.934238534079505,8.201816316228992,7.809999465942383
38.0,uav_01,1,22.992497124342677,8.335682125140444,7.809999465942383
38.1,uav_01,1,23.034613547190034,8.478820748318016,7.809999465942383
38.2,uav_01,1,23.07345260637086,8.623842041105595,7.809999465942383
38.3,uav_01,1,23.112291666491846,8.787689921676865,7.809999465942383
38.4,uav_01,1,23.1346217374933,8.955022183153101,7.809999465942383
38.5,uav_01,1,23.16235689868447,9.141461991173804,7.801380808632049
38.6,uav_01,1,23.18310942528205,9.292609167373088,7.799999237060547
38.7,uav_01,1,23.1940910493444,9.466713219523394,7.799999237060547
38.8,uav_01,1,23.20369634485791,9.633636097105615,7.799999237060547
38.9,uav_01,1,23.196673472069456,9.797887349662533,7.799999237060547
39.0,uav_01,1,23.187151428758796,9.952620659419553,7.799999237060547
39.1,uav_01,1,23.15382335522241,10.086426919588927,7.799999237060547
39.2,uav_01,1,23.123608323087705,10.208529734487056,7.799999237060547
39.3,uav_01,1,23.0642814506309,10.328867670422591,7.799999237060547
39.4,uav_01,1,23.01275434694847,10.440515835380554,7.799999237060547
39.5,uav_01,1,22.93539606167132,10.54136962030364,7.799999237060547
39.6,uav_01,1,22.857008101139055,10.631429024536516,7.799999237060547
39.7,uav_01,1,22.773647903586312,10.710694048410307,7.799999237060547
39.8,uav_01,1,22.68474637552461,10.776507902256233,7.799999237060547
39.9,uav_01,1,22.590798608072067,10.837247517503622,7.799999237060547
40.0,uav_01,1,22.490007418641806,10.891704616202292,7.799999237060547
40.1,uav_01,1,22.381430645652202,10.941779740314574,7.799999237060547
40.2,uav_01,1,22.265068288671248,10.988362253001196,7.799999237060547
40.3,uav_01,1,22.143028804157314,11.0284223525045,7.799999237060547
40.4,uav_01,1,22.0198123847567,11.068482451959772,7.799999237060547
40.5,uav_01,1,21.88856496882167,11.108542551117294,7.799999237060547
40.6,uav_01,1,21.74037416655155,11.148602650620596,7.799999237060547
40.7,uav_01,1,21.592183364281393,11.179435991266695,7.799999237060547
40.8,uav_01,1,21.436893086449277,11.209481065805225,7.799999237060547
40.9,uav_01,1,21.26485169503334,11.23352407686159,7.799999237060547
41.0,uav_01,1,21.080898019090345,11.255770724230587,7.799999237060547
41.1,uav_01,1,20.88742748028885,11.278340296810805,7.799999237060547
41.2,uav_01,1,20.68396094912866,11.292844257776464,7.799999237060547
41.3,uav_01,1,20.47180642861573,11.30406073685864,7.799999237060547
41.4,uav_01,1,20.256176521836185,11.306949134361195,7.799999237060547
41.5,uav_01,1,20.03262472976986,11.306949134361195,7.799999237060547
41.6,uav_01,1,19.806711600543487,11.306949134361195,7.799999237060547
41.7,uav_01,1,19.580798470518335,11.306949134361195,7.799999237060547
41.8,uav_01,1,19.346903322846654,11.297778647639442,7.799999237060547
41.9,uav_01,1,19.110962030815198,11.28648400701305,7.799999237060547
42.0,uav_01,1,18.85814558271408,11.27518132036994,7.799999237060547
42.1,uav_01,1,18.60233616016574,11.263877561525325,7.799999237060547
42.2,uav_01,1,18.355260669502897,11.252573802377078,7.799999237060547
42.3,uav_01,1,18.10036594389252,11.241270043183736,7.799999237060547
42.4,uav_01,1,17.835442198899123,11.22996628436241,7.799999237060547
42.5,uav_01,1,17.56979395167588,11.218662525190872,7.799999237060547
42.6,uav_01,1,17.304145705726004,11.218267180509837,7.799999237060547
42.7,uav_01,1,17.038461177126045,11.20714025118477,7.799999237060547
42.8,uav_01,1,16.76330545483176,11.19584095475913,7.799999237060547
42.9,uav_01,1,16.502036555598487,11.184733826080302,7.799999237060547
43.0,uav_01,1,16.233784543262015,11.173541409477265,7.799999237060547
43.1,uav_01,1,15.956218829165657,11.15164854279209,7.799999237060547
43.2,uav_01,1,15.688115176507761,11.140648523141403,7.799999237060547
43.3,uav_01,1,15.410456179404518,11.129648503880736,7.799999237060547
43.4,uav_01,1,15.135078684561876,11.11873887053257,7.799999237060547
43.5,uav_01,1,14.857469936969451,11.107740841616547,7.799999237060547
43.6,uav_01,1,14.579810939866187,11.096740822344293,7.799999237060547
43.7,uav_01,1,14.302151942762965,11.08574080270744,7.799999237060547
43.8,uav_01,1,14.01535069800527,11.074740783055972,7.799999237060547
43.9,uav_01,1,13.75039915936227,11.064264256591168,7.799999237060547
44.0,uav_01,1,13.493494818017881,11.054086474415643,7.799999237060547
44.1,uav_01,1,13.223460319304362,11.043943353460984,7.799999237060547
44.2,uav_01,1,12.962138696212413,11.033800232758674,7.799999237060547
44.3,uav_01,1,12.700746783891914,11.029818028428014,7.799999237060547
44.4,uav_01,1,12.43588874990726,11.024599235369937,7.799999237060547
44.5,uav_01,1,12.171030716002727,11.01445611441528,7.799999237060547
44.6,uav_01,1,11.903270283103776,11.007647539669804,7.799999237060547
44.7,uav_01,1,11.631666019586023,11.005255116970062,7.799999237060547
44.8,uav_01,1,11.366807986031118,10.995111996324235,7.801307582195222
44.9,uav_01,1,11.101193755487552,10.985477051305422,7.809999465942383
45.0,uav_01,1,10.82093146930107,10.985298076879916,7.809999465942383
45.1,uav_01,1,10.521889492069961,10.974391806926317,7.809999465942383
45.2,uav_01,1,10.23217856340404,10.974205917071687,7.809999465942383
45.3,uav_01,1,9.933142605410811,10.963306562941039,7.809999465942383
45.4,uav_01,1,9.643425658878142,10.963113757644075,7.809999465942383
45.5,uav_01,1,9.34426865802468,10.952221318561934,7.809999465942383
45.6,uav_01,1,9.047516687769205,10.952113974865734,7.809999465942383
45.7,uav_01,1,8.748412362952664,10.941136074182829,7.809999465942383
45.8,uav_01,1,8.458763781872216,10.941136074182829,7.809999465942383
45.9,uav_01,1,8.159617488170648,10.941016519563142,7.809999465942383
46.0,uav_01,1,7.86521518137572,10.93005083019755,7.809999465942383
46.1,uav_01,1,7.558489547060401,10.93005083019755,7.809999465942383
46.2,uav_01,1,7.251012247687395,10.929187247175266,7.809999465942383
46.3,uav_01,1,6.9363870632938625,10.918965585818446,7.809999465942383
46.4,uav_01,1,6.63831264411451,10.918965585818446,7.809999465942383
46.5,uav_01,1,6.331587009799245,10.918965585818446,7.809999465942383
46.6,uav_01,1,6.024861375483924,10.918965585818446,7.809999465942383
46.7,uav_01,1,5.718135741168603,10.918965585818446,7.809999465942383
46.8,uav_01,1,5.411410106853314,10.918965585818446,7.809999465942383
46.9,uav_01,1,5.110376433514127,10.918965585818446,7.809999465942383
47.0,uav_01,1,4.828740922607431,10.918965585818446,7.809999465942383
47.1,uav_01,1,4.5573989194892395,10.916997195191941,7.809999465942383
47.2,uav_01,1,4.293980872227883,10.8968212463374,7.809999465942383
47.3,uav_01,1,4.021793602674562,10.896795097454063,7.809999465942383
47.4,uav_01,1,3.741693758419353,10.896795097454063,7.809999465942383
47.5,uav_01,1,3.467747676051423,10.896795097454063,7.809999465942383
47.6,uav_01,1,3.1955490264659843,10.896795097454063,7.809999465942383
47.7,uav_01,1,2.919454150733757,10.890759572421967,7.809999465942383
47.8,uav_01,1,2.6439956607120636,10.885709853074959,7.809999465942383
47.9,uav_01,1,2.371797011126628,10.885709853074959,7.809999465942383
48.0,uav_01,1,2.0947637943227595,10.885709853074959,7.809999465942383
48.1,uav_01,1,1.7982370969772892,10.885709853074959,7.809999465942383
48.2,uav_01,1,1.4823111144568046,10.885709853074959,7.809999465942383
48.3,uav_01,1,1.1623034862617694,10.885709853074959,7.809999465942383
48.4,uav_01,1,0.8361863429649806,10.885709853074959,7.809999465942383
48.5,uav_01,1,0.5152359106196176,10.885709853074959,7.809999465942383
48.6,uav_01,1,0.19930992809912784,10.885709853074959,7.809999465942383
48.7,uav_01,1,-0.11661605442137014,10.885709853074959,7.809999465942383
48.8,uav_01,1,-0.432542036941864,10.885709853074959,7.809999465942383
48.9,uav_01,1,-0.7411311767439378,10.885709853074959,7.809999465942383
49.0,uav_01,1,-1.0398983619236508,10.885709853074959,7.809999465942383
49.1,uav_01,1,-1.3359642269177459,10.885709853074959,7.809999465942383
49.2,uav_01,1,-1.6318283945771277,10.885709853074959,7.809999465942383
49.3,uav_01,1,-1.9214241825447262,10.885709853074959,7.809999465942383
49.4,uav_01,1,-2.208042594580123,10.885709853074959,7.809999465942383
49.5,uav_01,1,-2.4946610066155315,10.885709853074959,7.809999465942383
49.6,uav_01,1,-2.7812794186509158,10.885709853074959,7.815243607320701
49.7,uav_01,1,-3.07132314497455,10.885709853074959,7.819999694824219
49.8,uav_01,1,-3.3616723079335733,10.885709853074959,7.819999694824219
49.9,uav_01,1,-3.6482907199689656,10.885709853074959,7.819999694824219
50.0,uav_01,1,-3.9332701532959558,10.885709853074959,7.819999694824219
50.1,uav_01,1,-4.214596258830854,10.885709853074959,7.819999694824219
50.2,uav_01,1,-4.494107548338804,10.885709853074959,7.819999694824219
50.3,uav_01,1,-4.7736188378467395,10.885709853074959,7.819999694824219
50.4,uav_01,1,-5.053130127354651,10.885709853074959,7.819999694824219
50.5,uav_01,1,-5.332854279639406,10.885709853074959,7.819999694824219
50.6,uav_01,1,-5.621382061819958,10.885709853074959,7.819999694824219
50.7,uav_01,1,-5.90131262333072,10.885709853074959,7.819999694824219
50.8,uav_01,1,-6.180823912838643,10.885709853074959,7.819999694824219
50.9,uav_01,1,-6.460335202346604,10.885709853074959,7.819999694824219
51.0,uav_01,1,-6.739846491854554,10.885709853074959,7.819999694824219
51.1,uav_01,1,-7.027656172573763,10.885709853074959,7.819999694824219
51.2,uav_01,1,-7.330717899200325,10.885709853074959,7.819999694824219
51.3,uav_01,1,-7.633596361750931,10.871292787156397,7.819999694824219
51.4,uav_01,1,-7.933088127371745,10.863539364710574,7.819999694824219
51.5,uav_01,1,-8.232579892992577,10.863539364710574,7.819999694824219
51.6,uav_01,1,-8.53207165861342,10.863539364710574,7.819999694824219
51.7,uav_01,1,-8.83156342423424,10.863539364710574,7.819999694824219
51.8,uav_01,1,-9.13739150039417,10.863539364710574,7.819999694824219
51.9,uav_01,1,-9.438569054538124,10.863539364710574,7.819999694824219
52.0,uav_01,1,-9.730914087659386,10.863539364710574,7.819999694824219
52.1,uav_01,1,-10.023382247947474,10.863539364710574,7.819999694824219
52.2,uav_01,1,-10.312316205830664,10.863539364710574,7.819999694824219
52.3,uav_01,1,-10.591962520348883,10.879192339286732,7.819999694824219
52.4,uav_01,1,-10.861501703109289,10.885709853074959,7.819999694824219
52.5,uav_01,1,-11.120933754709482,10.910769629319253,7.819999694824219
52.6,uav_01,1,-11.370258675552531,10.93619887462628,7.819999694824219
52.7,uav_01,1,-11.609476464540037,10.96777616466816,7.819999694824219
52.8,uav_01,1,-11.830628666708675,11.010965470509054,7.819999694824219
52.9,uav_01,1,-12.0397543133681,11.06576679181478,7.819999694824219
53.0,uav_01,1,-12.238772828074241,11.132180128850543,7.819999694824219
53.1,uav_01,1,-12.398525457646764,11.195460208023592,7.819999694824219
53.2,uav_01,1,-12.5543469582995,11.263886103993311,7.819999694824219
53.3,uav_01,1,-12.692270981637568,11.340638011101195,7.819999694824219
53.4,uav_01,1,-12.812192951695101,11.420374566888679,7.819999694824219
53.5,uav_01,1,-12.920841709562367,11.504857193648261,7.819999694824219
53.6,uav_01,1,-13.02178836485619,11.598188715204753,7.819999694824219
53.7,uav_01,1,-13.112848448680833,11.700369131468983,7.819999694824219
53.8,uav_01,1,-13.189715532409922,11.81000689552061,7.819999694824219
53.9,uav_01,1,-13.258880512504842,11.920191403479146,7.819999694824219
54.0,uav_01,1,-13.31960807129339,12.049763306706794,7.819999694824219
54.1,uav_01,1,-13.379876288533632,12.178355131699245,7.819999694824219
54.2,uav_01,1,-13.429959538406838,12.334669119161997,7.819999694824219
54.3,uav_01,1,-13.479579565166134,12.48775201919399,7.819999694824219
54.4,uav_01,1,-13.529822727370698,12.666125370743332,7.819999694824219
54.5,uav_01,1,-13.571457735955057,12.840952426786343,7.819999694824219
54.6,uav_01,1,-13.602644106972116,13.02447394023445,7.819999694824219
54.7,uav_01,1,-13.623381841554162,13.209190847198972,7.819999694824219
54.8,uav_01,1,-13.643160027858373,13.382455922211054,7.829999923706055
54.9,uav_01,1,-13.642600483941143,13.543440359350473,7.829999923706055
55.0,uav_01,1,-13.63063275413311,13.692420427629422,7.829005408970955
55.1,uav_01,1,-13.600581556500144,13.830522909695075,7.819999694824219
55.2,uav_01,1,-13.568245123591234,13.963876816418088,7.819999694824219
55.3,uav_01,1,-13.518306170060647,14.082806200320805,7.819999694824219
55.4,uav_01,1,-13.458644950653591,14.182954104688779,7.819999694824219
55.5,uav_01,1,-13.390846823939308,14.281280602397688,7.819999694824219
55.6,uav_01,1,-13.31980434514702,14.3703009617041,7.819999694824219
55.7,uav_01,1,-13.230976331123715,14.455509305030317,7.819999694824219
55.8,uav_01,1,-13.13412186364689,14.522274574608964,7.819999694824219
55.9,uav_01,1,-13.033802133193303,14.587049234869475,7.819999694824219
56.0,uav_01,1,-12.917576773308298,14.642686959709682,7.819999694824219
56.1,uav_01,1,-12.801234907282042,14.697578008339994,7.819999694824219
56.2,uav_01,1,-12.683765211583685,14.74791438223497,7.819999694824219
56.3,uav_01,1,-12.561357024006268,14.788070198012521,7.819999694824219
56.4,uav_01,1,-12.430288013897487,14.828226014143581,7.819999694824219
56.5,uav_01,1,-12.29131465211736,14.868381830274645,7.819999694824219
56.6,uav_01,1,-12.144514050649942,14.900502680503205,7.819999694824219
56.7,uav_01,1,-11.989886208749224,14.930619542512337,7.819999694824219
56.8,uav_01,1,-11.832603396360321,14.96073640452147,7.819999694824219
56.9,uav_01,1,-11.671059009091294,14.985957171399628,7.819999694824219
57.0,uav_01,1,-11.501687381617302,15.00988488416063,7.819999694824219
57.1,uav_01,1,-11.3269287011255,15.031591202419495,7.817470586138745
57.2,uav_01,1,-11.148336772037082,15.03338886060651,7.809999465942383
57.3,uav_01,1,-10.951425914355925,15.044667599035492,7.809999465942383
57.4,uav_01,1,-10.752123285991448,15.064846935162983,7.809999465942383
57.5,uav_01,1,-10.552820657626958,15.064846935162983,7.809999465942383
57.6,uav_01,1,-10.344771101133249,15.064846935162983,7.809999465942383
57.7,uav_01,1,-10.136409261627849,15.064846935162983,7.809999465942383
57.8,uav_01,1,-9.9204793304337,15.047457074319466,7.809999465942383
57.9,uav_01,1,-9.6960796069847,15.0426764467986,7.809999465942383
58.0,uav_01,1,-9.463210090372918,15.035335872197997,7.809999465942383
58.1,uav_01,1,-9.239270298628838,15.031591202419495,7.809999465942383
58.2,uav_01,1,-9.016638827976028,15.031591202419495,7.809999465942383
58.3,uav_01,1,-8.77882794754217,15.031591202419495,7.809999465942383
58.4,uav_01,1,-8.517142190716767,15.02029289141138,7.809999465942383
58.5,uav_01,1,-8.251586313896093,15.003540525997028,7.809999465942383
58.6,uav_01,1,-7.989109780878213,14.998335469676006,7.809999465942383
58.7,uav_01,1,-7.7221027524023995,14.998335469676006,7.809999465942383
58.8,uav_01,1,-7.449256027568436,14.998335469676006,7.809999465942383
58.9,uav_01,1,-7.178440066627398,14.984364428260296,7.809999465942383
59.0,uav_01,1,-6.90511229936903,14.968903127286215,7.809999465942383
59.1,uav_01,1,-6.621654861795332,14.96507973693252,7.809999465942383
59.2,uav_01,1,-6.341671314893979,14.96507973693252,7.809999465942383
59.3,uav_01,1,-6.0537113327877625,14.96507973693252,7.809999465942383
59.4,uav_01,1,-5.758745418869785,14.947378543054308,7.809999465942383
59.5,uav_01,1,-5.462958686456167,14.93342570950314,7.809999465942383
59.6,uav_01,1,-5.167171954042526,14.931824004189032,7.809999465942383
59.7,uav_01,1,-4.871385221628902,14.931824004189032,7.809999465942383
59.8,uav_01,1,-4.565949860391921,14.931229763015772,7.809999465942383
59.9,uav_01,1,-4.269353598830999,14.90965351582465,7.809999465942383
60.0,uav_01,1,-3.963367323264018,14.908090511295395,7.809999465942383
60.1,uav_01,1,-3.657381048681556,14.898568271445544,7.809999465942383
60.2,uav_01,1,-3.353193986923995,14.898568271445544,7.809999465942383
60.3,uav_01,1,-3.0558023112801567,14.898568271445544,7.809999465942383
60.4,uav_01,1,-2.759364881651334,14.898568271445544,7.809999465942383
60.5,uav_01,1,-2.4598997099851276,14.898568271445544,7.809999465942383
60.6,uav_01,1,-2.1655666453084845,14.898568271445544,7.809999465942383
60.7,uav_01,1,-1.86799736196918,14.898568271445544,7.809999465942383
60.8,uav_01,1,-1.567251887071133,14.898568271445544,7.809999465942383
60.9,uav_01,1,-1.2693576563572602,14.890385471451735,7.809999465942383
61.0,uav_01,1,-0.9652134891395814,14.87639778308116,7.809999465942383
61.1,uav_01,1,-0.6649554361526139,14.87639778308116,7.809999465942383
61.2,uav_01,1,-0.376620221733747,14.87639778308116,7.809999465942383
61.3,uav_01,1,-0.10105325836218301,14.87639778308116,7.806926276032645
61.4,uav_01,1,0.16448689839104236,14.87639778308116,7.799999237060547
61.5,uav_01,1,0.4242685592898723,14.87639778308116,7.799999237060547
61.6,uav_01,1,0.6917537825276293,14.87639778308116,7.799999237060547
61.7,uav_01,1,0.9592390057653863,14.87639778308116,7.799999237060547
61.8,uav_01,1,1.2267242290030946,14.893661983617264,7.799999237060547
61.9,uav_01,1,1.4942094522408431,14.898568271445544,7.799999237060547
62.0,uav_01,1,1.7616946754786003,14.898568271445544,7.799999237060547
62.1,uav_01,1,2.0291798987163574,14.898568271445544,7.799999237060547
62.2,uav_01,1,2.2966651219541006,14.898568271445544,7.799999237060547
62.3,uav_01,1,2.563456573093312,14.898568271445544,7.799999237060547
62.4,uav_01,1,2.8282450932254513,14.898568271445544,7.799999237060547
62.5,uav_01,1,3.0917841526186884,14.898568271445544,7.799999237060547
62.6,uav_01,1,3.3531801056049977,14.898568271445544,7.799999237060547
62.7,uav_01,1,3.6164752887687137,14.898568271445544,7.799999237060547
62.8,uav_01,1,3.886316432448249,14.898568271445544,7.799999237060547
62.9,uav_01,1,4.15327242141008,14.898568271445544,7.799999237060547
63.0,uav_01,1,4.416846674004614,14.903134462843536,7.799999237060547
63.1,uav_01,1,4.6804209265991386,14.90965351582465,7.799999237060547
63.2,uav_01,1,4.9439951791936965,14.90965351582465,7.799999237060547
63.3,uav_01,1,5.207569431788234,14.90965351582465,7.799999237060547
63.4,uav_01,1,5.471143684382759,14.90965351582465,7.799999237060547
63.5,uav_01,1,5.766389385412438,14.929494906090746,7.799999237060547
63.6,uav_01,1,6.07116781475562,14.931824004189032,7.799999237060547
63.7,uav_01,1,6.3768123157790955,14.931824004189032,7.799999237060547
63.8,uav_01,1,6.682456816802569,14.931824004189032,7.799999237060547
63.9,uav_01,1,6.988101317826066,14.931824004189032,7.799999237060547
64.0,uav_01,1,7.303374544098196,14.931824004189032,7.799999237060547
64.1,uav_01,1,7.609038947325305,14.931824004189032,7.799999237060547
64.2,uav_01,1,7.914683448348823,14.931824004189032,7.799999237060547
64.3,uav_01,1,8.220327949372294,14.931824004189032,7.799999237060547
64.4,uav_01,1,8.527635264447193,14.931824004189032,7.799999237060547
64.5,uav_01,1,8.852619196256136,14.931824004189032,7.799999237060547
64.6,uav_01,1,9.173974958713195,14.931824004189032,7.799999237060547
64.7,uav_01,1,9.494604122846745,14.935055425997298,7.799999237060547
64.8,uav_01,1,9.81766728065812,14.942909248568137,7.799999237060547
64.9,uav_01,1,10.145198312667493,14.942909248568137,7.799999237060547
65.0,uav_01,1,10.471462807597955,14.942909248568137,7.799999237060547
65.1,uav_01,1,10.797558465033836,14.942909248568137,7.799999237060547
65.2,uav_01,1,11.1125701204201,14.942909248568137,7.799999237060547
65.3,uav_01,1,11.437683155145313,14.942909248568137,7.799999237060547
65.4,uav_01,1,11.75941463580833,14.942909248568137,7.799999237060547
65.5,uav_01,1,12.076414420745541,14.942909248568137,7.799999237060547
65.6,uav_01,1,12.393085866048379,14.942909248568137,7.799999237060547
65.7,uav_01,1,12.70975731135121,14.942909248568137,7.799999237060547
65.8,uav_01,1,13.036077384106308,14.942909248568137,7.799999237060547
65.9,uav_01,1,13.352748829409178,14.942909248568137,7.799999237060547
66.0,uav_01,1,13.669420274711975,14.942909248568137,7.799999237060547
66.1,uav_01,1,13.988127896654365,14.947587948281406,7.799999237060547
66.2,uav_01,1,14.312411792769987,14.96507973693252,7.799999237060547
66.3,uav_01,1,14.62414059078723,14.96507973693252,7.799999237060547
66.4,uav_01,1,14.922174244427593,14.96507973693252,7.799999237060547
66.5,uav_01,1,15.214340039975779,14.96507973693252,7.799999237060547
66.6,uav_01,1,15.506505835523951,14.96507973693252,7.799999237060547
66.7,uav_01,1,15.800365927806356,14.96507973693252,7.799999237060547
66.8,uav_01,1,16.09799349183221,14.96507973693252,7.799999237060547
66.9,uav_01,1,16.39015928738043,14.96507973693252,7.799999237060547
67.0,uav_01,1,16.68232508292858,14.96507973693252,7.799999237060547
67.1,uav_01,1,16.977145633003396,14.96507973693252,7.799999237060547
67.2,uav_01,1,17.285953930300675,14.96507973693252,7.799999237060547
67.3,uav_01,1,17.574272966477444,14.96507973693252,7.799999237060547
67.4,uav_01,1,17.82521825356084,14.96507973693252,7.799999237060547
67.5,uav_01,1,18.068674703824303,14.96507973693252,7.799999237060547
67.6,uav_01,1,18.317207695751783,14.96507973693252,7.799999237060547
67.7,uav_01,1,18.56427762754367,14.96507973693252,7.799999237060547
67.8,uav_01,1,18.807254774991602,14.96507973693252,7.802004265377175
67.9,uav_01,1,19.05023192243961,14.96507973693252,7.809999465942383
68.0,uav_01,1,19.293209069887556,14.96507973693252,7.809999465942383
68.1,uav_01,1,19.530035022424347,14.96507973693252,7.809999465942383
68.2,uav_01,1,19.76083365811126,14.96507973693252,7.809999465942383
68.3,uav_01,1,19.985604977187947,14.96507973693252,7.809999465942383
68.4,uav_01,1,20.205068207428432,14.965906052973583,7.809999465942383
68.5,uav_01,1,20.424531437668886,14.974911047293507,7.809999465942383
68.6,uav_01,1,20.654817265060426,14.993162292031831,7.809999465942383
68.7,uav_01,1,20.87688868097675,15.006056239224572,7.809999465942383
68.8,uav_01,1,21.09542281215451,15.03071134001992,7.809999465942383
68.9,uav_01,1,21.308322842488543,15.062095390356822,7.809999465942383
69.0,uav_01,1,21.51266032303149,15.099328527605724,7.809999465942383
69.1,uav_01,1,21.712156363172976,15.141001194342183,7.809999465942383
69.2,uav_01,1,21.891914423318568,15.191667663857945,7.809999465942383
69.3,uav_01,1,22.050090972121094,15.254435764531735,7.809999465942383
69.4,uav_01,1,22.205476071385007,15.317203865205531,7.809999465942383
69.5,uav_01,1,22.33976444258675,15.385246444523078,7.809999465942383
69.6,uav_01,1,22.466944349608404,15.469965299958176,7.809999465942383
69.7,uav_01,1,22.589896457469415,15.559690442613782,7.809999465942383
69.8,uav_01,1,22.69827182297269,15.657763194179784,7.809999465942383
69.9,uav_01,1,22.79333349431714,15.770220423356616,7.812923699276854
70.0,uav_01,1,22.87065385996764,15.88180156743936,7.819999694824219
70.1,uav_01,1,22.93748195217596,16.00907018030897,7.819999694824219
70.2,uav_01,1,22.99381777036134,16.145729590872737,7.819999694824219
70.3,uav_01,1,23.03966131361348,16.290957922894794,7.819999694824219
70.4,uav_01,1,23.079943117534143,16.441125726030247,7.819999694824219
70.5,uav_01,1,23.114872564229266,16.609253248476303,7.819999694824219
70.6,uav_01,1,23.145118219388948,16.77635134733337,7.819999694824219
70.7,uav_01,1,23.175410942102218,16.953091533947706,7.819999694824219
70.8,uav_01,1,23.192341105880157,17.13878999763102,7.819999694824219
70.9,uav_01,1,23.209584498337197,17.31628379683738,7.819999694824219
71.0,uav_01,1,23.21459902816557,17.499101680618562,7.819999694824219
71.1,uav_01,1,23.21459902816557,17.666307176428067,7.819999694824219
71.2,uav_01,1,23.197736415653765,17.817976549182696,7.819999694824219
71.3,uav_01,1,23.168678082882096,17.96870503851839,7.819999694824219
71.4,uav_01,1,23.119716066231256,18.10886820454575,7.819999694824219
71.5,uav_01,1,23.068974552187093,18.236548921189236,7.819999694824219
71.6,uav_01,1,23.00068173761372,18.337123357499237,7.819999694824219
71.7,uav_01,1,22.924499024189494,18.435497816000012,7.819999694824219
71.8,uav_01,1,22.84831630942337,18.52302362664689,7.819999694824219
71.9,uav_01,1,22.772133596004036,18.599661150483755,7.819999694824219
72.0,uav_01,1,22.667896660159098,18.665502465748343,7.819999694824219
72.1,uav_01,1,22.563145429343372,18.731146823830663,7.819999694824219
72.2,uav_01,1,22.449294368251543,18.786336448423622,7.819999694824219
72.3,uav_01,1,22.326046255938365,18.84104008039562,7.819999694824219
72.4,uav_01,1,22.193401093661194,18.895743712028864,7.819999694824219
72.5,uav_01,1,22.060081345413312,18.94042616420867,7.819999694824219
72.6,uav_01,1,21.922998238893985,18.982708278615473,7.819999694824219
72.7,uav_01,1,21.77274895043163,19.015306699558625,7.819999694824219
72.8,uav_01,1,21.62024913678966,19.046225408397465,7.819999694824219
72.9,uav_01,1,21.46147973876273,19.077144117236315,7.819999694824219
73.0,uav_01,1,21.294417813897233,19.10806282607515,7.819999694824219
73.1,uav_01,1,21.123976845484194,19.133336466761197,7.819999694824219
73.2,uav_01,1,20.94506501192414,19.158814999373732,7.819999694824219
73.3,uav_01,1,20.757300285578758,19.177472551764033,7.819999694824219
73.4,uav_01,1,20.56998927546286,19.180688218948013,7.819999694824219
73.5,uav_01,1,20.379486277347347,19.188557796143137,7.819999694824219
73.6,uav_01,1,20.181644894027993,19.188557796143137,7.819999694824219
73.7,uav_01,1,19.98143396325922,19.188557796143137,7.819999694824219
73.8,uav_01,1,19.78441472971782,19.188557796143137,7.819999694824219
73.9,uav_01,1,19.5794544824397,19.179434417888142,7.819999694824219
74.0,uav_01,1,19.3738691957953,19.177472551764033,7.819999694824219
74.1,uav_01,1,19.168283909150905,19.177472551764033,7.819999694824219
74.2,uav_01,1,18.95331204046201,19.166688370581735,7.819999694824219
74.3,uav_01,1,18.73420536324694,19.151153735235408,7.819999694824219
74.4,uav_01,1,18.5175258811501,19.144216819020546,7.819999694824219
74.5,uav_01,1,18.294808487082438,19.14089521284181,7.819999694824219
74.6,uav_01,1,18.07172809972325,19.121629290059982,7.819999694824219
74.7,uav_01,1,17.8404446525526,19.111787808203566,7.819999694824219
74.8,uav_01,1,17.58806848940267,19.110961086277058,7.819999694824219
74.9,uav_01,1,17.31985946480856,19.090481548951157,7.819999694824219
75.0,uav_01,1,17.040700450623802,19.078151451859707,7.819999694824219
75.1,uav_01,1,16.770413494711477,19.055628307403566,7.819999694824219
75.2,uav_01,1,16.490252289529753,19.04444962079008,7.819999694824219
75.3,uav_01,1,16.2016702683387,19.04294555422036,7.819999694824219
75.4,uav_01,1,15.929013501820043,19.021137237708665,7.819999694824219
75.5,uav_01,1,15.632559173689963,19.009735477368622,7.819999694824219
75.6,uav_01,1,15.342668008668857,18.998250855847402,7.819999694824219
75.7,uav_01,1,15.052056349778583,18.984451981866155,7.819999694824219
75.8,uav_01,1,14.757958196757912,18.964001156617663,7.819999694824219
75.9,uav_01,1,14.459144997878036,18.95228322421336,7.819999694824219
76.0,uav_01,1,14.156748908261163,18.94056529151655,7.819999694824219
76.1,uav_01,1,13.856834322479333,18.92884735898848,7.819999694824219
76.2,uav_01,1,13.550854670858103,18.917129426516745,7.819999694824219
76.3,uav_01,1,13.244875019197332,18.89939629782374,7.819999694824219
76.4,uav_01,1,12.938895367419587,18.882608316980193,7.814002500495843
76.5,uav_01,1,12.632915715915308,18.870890384441026,7.809999465942383
76.6,uav_01,1,12.32693606398112,18.867085712693534,7.809999465942383
76.7,uav_01,1,12.028468408061043,18.858827446141895,7.809999465942383
76.8,uav_01,1,11.737032518634733,18.847666488135715,7.809999465942383
76.9,uav_01,1,11.439735799429751,18.8365596017396,7.809999465942383
77.0,uav_01,1,11.147335967960906,18.82545271524575,7.809999465942383
77.1,uav_01,1,10.850001574377465,18.814345829050286,7.809999465942383
77.2,uav_01,1,10.557639416585797,18.811659491585665,7.809999465942383
77.3,uav_01,1,10.26026734795404,18.80321730053712,7.809999465942383
77.4,uav_01,1,9.96057592101612,18.792110414043265,7.809999465942383
77.5,uav_01,1,9.662776719130754,18.789489002827455,7.809999465942383
77.6,uav_01,1,9.363685629380816,18.781074262770105,7.809999465942383
77.7,uav_01,1,9.086011779552454,18.770529358516175,7.809999465942383
77.8,uav_01,1,8.81642293457872,18.767318514463074,7.809999465942383
77.9,uav_01,1,8.547334561531512,18.76154707041651,7.809999465942383
78.0,uav_01,1,8.278246188484344,18.756233270083968,7.809999465942383
78.1,uav_01,1,8.009157815437163,18.752686906093672,7.809999465942383
78.2,uav_01,1,7.740069442389931,18.74514802609869,7.809999465942383
78.3,uav_01,1,7.470981069342763,18.743826741912677,7.809999465942383
78.4,uav_01,1,7.201892696295556,18.734062781719583,7.809999465942383
78.5,uav_01,1,6.932804323248387,18.734062781719583,7.809999465942383
78.6,uav_01,1,6.663715950201188,18.724993873049883,7.809999465942383
78.7,uav_01,1,6.394627577154001,18.72297753734048,7.809999465942383
78.8,uav_01,1,6.110970455720793,18.72297753734048,7.809999465942383
78.9,uav_01,1,5.811546175330609,18.71558203400863,7.809999465942383
79.0,uav_01,1,5.507346057856641,18.711892293355202,7.809999465942383
79.1,uav_01,1,5.203145940382673,18.711892293355202,7.809999465942383
79.2,uav_01,1,4.9058757276681355,18.711892293355202,7.809999465942383
79.3,uav_01,1,4.590205967744056,18.703741833626562,7.809999465942383
79.4,uav_01,1,4.280896960508372,18.700807048976095,7.809999465942383
79.5,uav_01,1,3.9766968430344036,18.700807048976095,7.809999465942383
79.6,uav_01,1,3.672496725560402,18.700807048976095,7.809999465942383
79.7,uav_01,1,3.370282478110896,18.691975231591616,7.809999465942383
79.8,uav_01,1,3.0588671055085506,18.689721804596992,7.809999465942383
79.9,uav_01,1,2.7530536599202167,18.689721804596992,7.809999465942383
80.0,uav_01,1,2.44907228011673,18.689721804596992,7.809999465942383
80.1,uav_01,1,2.1450909003133116,18.689721804596992,7.809999465942383
80.2,uav_01,1,1.8326485084701942,18.68000100407011,7.818768802035714
80.3,uav_01,1,1.5274795132540688,18.678636560611714,7.819999694824219
80.4,uav_01,1,1.2234981334506108,18.678636560611714,7.819999694824219
80.5,uav_01,1,0.9195167536470852,18.678636560611714,7.819999694824219
80.6,uav_01,1,0.6155353738436702,18.678636560611714,7.819999694824219
80.7,uav_01,1,0.31155399404018,18.678636560611714,7.819999694824219
80.8,uav_01,1,0.0231293567985153,18.678636560611714,7.819999694824219
80.9,uav_01,1,-0.26499951318491743,18.678636560611714,7.819999694824219
81.0,uav_01,1,-0.5455229422675603,18.678636560611714,7.819999694824219
81.1,uav_01,1,-0.8246789782069093,18.678636560611714,7.819999694824219
81.2,uav_01,1,-1.1101854656431278,18.678636560611714,7.819999694824219
81.3,uav_01,1,-1.3926396789090207,18.678636560611714,7.819999694824219
81.4,uav_01,1,-1.6717957148484013,18.67281941295819,7.819999694824219
81.5,uav_01,1,-1.9465320832798185,18.667551316232608,7.819999694824219
81.6,uav_01,1,-2.2204591579036395,18.667551316232608,7.819999694824219
81.7,uav_01,1,-2.505880149761802,18.667551316232608,7.816753067830855
81.8,uav_01,1,-2.802484033202474,18.667551316232608,7.809999465942383
81.9,uav_01,1,-3.101519539247907,18.667551316232608,7.809999465942383
82.0,uav_01,1,-3.411498597187735,18.667551316232608,7.809999465942383
82.1,uav_01,1,-3.724808046711563,18.667551316232608,7.809999465942383
82.2,uav_01,1,-4.041105340519741,18.667551316232608,7.809999465942383
82.3,uav_01,1,-4.351084398459592,18.667551316232608,7.809999465942383
82.4,uav_01,1,-4.661063456399425,18.667551316232608,7.809999465942383
82.5,uav_01,1,-4.9710425143392625,18.667551316232608,7.809999465942383
82.6,uav_01,1,-5.2810215722791,18.667551316232608,7.809999465942383
82.7,uav_01,1,-5.596435200211974,18.667551316232608,7.809999465942383
82.8,uav_01,1,-5.900597128578566,18.667551316232608,7.809999465942383
82.9,uav_01,1,-6.188148574869403,18.667551316232608,7.809999465942383
83.0,uav_01,1,-6.471643388350581,18.667551316232608,7.809999465942383
83.1,uav_01,1,-6.759219838640254,18.667551316232608,7.809999465942383
83.2,uav_01,1,-7.048281642765346,18.667551316232608,7.809999465942383
83.3,uav_01,1,-7.331776456246532,18.667551316232608,7.809999465942383
83.4,uav_01,1,-7.6152712697277645,18.667551316232608,7.809999465942383
83.5,uav_01,1,-7.898766083209013,18.667551316232608,7.809999465942383
83.6,uav_01,1,-8.182260896690181,18.667551316232608,7.809999465942383
83.7,uav_01,1,-8.465755710171427,18.667551316232608,7.8110979195695105
83.8,uav_01,1,-8.74967294269521,18.667551316232608,7.819999694824219
83.9,uav_01,1,-9.03987690924855,18.667551316232608,7.819999694824219
84.0,uav_01,1,-9.322708708631815,18.667551316232608,7.819999694824219
84.1,uav_01,1,-9.607879654704181,18.667551316232608,7.819999694824219
84.2,uav_01,1,-9.883616698382244,18.667551316232608,7.819999694824219
84.3,uav_01,1,-10.15928194679261,18.667551316232608,7.819999694824219
84.4,uav_01,1,-10.425799152388942,18.667551316232608,7.819999694824219
84.5,uav_01,1,-10.691958703137153,18.667551316232608,7.819999694824219
84.6,uav_01,1,-10.949256069392467,18.667551316232608,7.819999694824219
84.7,uav_01,1,-11.197190667684415,18.667551316232608,7.819999694824219
84.8,uav_01,1,-11.43576249688567,18.677404597856373,7.819999694824219
84.9,uav_01,1,-11.659327478560346,18.678636560611714,7.819999694824219
85.0,uav_01,1,-11.870479931947223,18.678636560611714,7.819999694824219
85.1,uav_01,1,-12.072541643848856,18.678636560611714,7.819999694824219
85.2,uav_01,1,-12.252945025859603,18.678636560611714,7.819999694824219
85.3,uav_01,1,-12.43775123046138,18.678636560611714,7.819999694824219
85.4,uav_01,1,-12.612384511027068,18.684898920237504,7.819999694824219
85.5,uav_01,1,-12.766293059741022,18.689721804596992,7.819999694824219
85.6,uav_01,1,-12.907463278777868,18.689721804596992,7.819999694824219
85.7,uav_01,1,-13.040093020151303,18.689721804596992,7.819999694824219
85.8,uav_01,1,-13.15771333517241,18.693437870940997,7.819999694824219
85.9,uav_01,1,-13.258763559781867,18.700807048976095,7.819999694824219
86.0,uav_01,1,-13.355056452202607,18.700807048976095,7.819999694824219
86.1,uav_01,1,-13.429168943492314,18.700807048976095,7.819999694824219
86.2,uav_01,1,-13.491141291753634,18.703566217458825,7.819999694824219
86.3,uav_01,1,-13.532080095769771,18.711892293355202,7.819999694824219
86.4,uav_01,1,-13.548975763811388,18.711892293355202,7.817613792103174
86.5,uav_01,1,-13.55181791500223,18.711892293355202,7.809999465942383
86.6,uav_01,1,-13.526012898297946,18.711892293355202,7.809999465942383
86.7,uav_01,1,-13.478018688157327,18.711892293355202,7.809999465942383
86.8,uav_01,1,-13.425818733555507,18.714308269120167,7.812178967868971
86.9,uav_01,1,-13.358484024115574,18.720595320465378,7.819999694824219
87.0,uav_01,1,-13.288407882812018,18.711892293355202,7.819999694824219
87.1,uav_01,1,-13.208175641831389,18.711892293355202,7.819999694824219
87.2,uav_01,1,-13.120426042672808,18.711892293355202,7.819999694824219
87.3,uav_01,1,-13.03024119098965,18.709094447807356,7.819999694824219
87.4,uav_01,1,-12.932741636984826,18.69789278905426,7.819999694824219
87.5,uav_01,1,-12.829966267979929,18.68669113040884,7.819999694824219
87.6,uav_01,1,-12.712966802897048,18.6754894719419,7.819999694824219
87.7,uav_01,1,-12.590286213209312,18.664287813188807,7.819999694824219
87.8,uav_01,1,-12.45378683704833,18.649706237137995,7.819999694824219
87.9,uav_01,1,-12.317358283955203,18.63103776501357,7.819999694824219
88.0,uav_01,1,-12.180209291928804,18.620700453339854,7.819999694824219
88.1,uav_01,1,-12.039338316193735,18.609226273042978,7.819999694824219
88.2,uav_01,1,-11.892012768340491,18.58963389034131,7.819999694824219
88.3,uav_01,1,-11.743499054142234,18.5795970427119,7.819999694824219
88.4,uav_01,1,-11.578779888145446,18.569560194751755,7.811601701617158
88.5,uav_01,1,-11.412793972057711,18.559523346765765,7.817451679017633
88.6,uav_01,1,-11.240530384903035,18.549486499036007,7.819999694824219
88.7,uav_01,1,-11.060443223790148,18.53328567273745,7.819999694824219
88.8,uav_01,1,-10.876985105812935,18.513211976947204,7.819999694824219
88.9,uav_01,1,-10.689986898153556,18.4931382813318,7.819999694824219
89.0,uav_01,1,-10.49302548920584,18.469298933698678,7.819999694824219
89.1,uav_01,1,-10.281946402951728,18.436229749379947,7.819999694824219
89.2,uav_01,1,-10.059990978442075,18.39839068729503,7.819999694824219
89.3,uav_01,1,-9.827787318682798,18.356566386578464,7.819999694824219
89.4,uav_01,1,-9.596404042682433,18.30956066593682,7.819999694824219
89.5,uav_01,1,-9.369559865229723,18.254732535412597,7.819999694824219
89.6,uav_01,1,-9.130797510365337,18.205660161835556,7.819999694824219
89.7,uav_01,1,-8.892035155500961,18.142354257086804,7.819999694824219
89.8,uav_01,1,-8.653272800636566,18.085205825003964,7.819999694824219
89.9,uav_01,1,-8.409321888808224,18.02805739292638,7.819999694824219
90.0,uav_01,1,-8.162069651657974,17.971244104309587,7.819999694824219
90.1,uav_01,1,-7.91687064607137,17.914902604583176,7.819999694824219
90.2,uav_01,1,-7.660877411253083,17.858710702734104,7.819999694824219
90.3,uav_01,1,-7.4096873852865315,17.802796810538585,7.819999694824219
90.4,uav_01,1,-7.165939658836547,17.746788783818044,7.819999694824219
90.5,uav_01,1,-6.915349598841695,17.697538616434382,7.819999694824219
90.6,uav_01,1,-6.654844331134466,17.645490224105192,7.819999694824219
90.7,uav_01,1,-6.397041226527221,17.58929832225612,7.819999694824219
90.8,uav_01,1,-6.136269378559967,17.5257052772438,7.813322970063925
90.9,uav_01,1,-5.878732854212792,17.458274994865203,7.809999465942383
91.0,uav_01,1,-5.629068620776269,17.393748653906794,7.809999465942383
91.1,uav_01,1,-5.392818061430436,17.33200291479613,7.809999465942383
91.2,uav_01,1,-5.15831262698745,17.265601805558543,7.809999465942383
91.3,uav_01,1,-4.919754503624285,17.199105300108,7.809999465942383
91.4,uav_01,1,-4.681196380018204,17.13457261767003,7.809999465942383
91.5,uav_01,1,-4.442638257219183,17.06620768541988,7.809999465942383
91.6,uav_01,1,-4.204080134420111,17.00354342978152,7.809999465942383
91.7,uav_01,1,-3.9648049240282806,16.93413392781578,7.809999465942383
91.8,uav_01,1,-3.717411314455601,16.883378773640572,7.809999465942383
91.9,uav_01,1,-3.478757137199539,16.822582944801823,7.809999465942383
92.0,uav_01,1,-3.2322727241335945,16.77078322091103,7.809999465942383
92.1,uav_01,1,-2.971783451657102,16.726050954366265,7.809999465942383
92.2,uav_01,1,-2.692272153229351,16.663870339244806,7.809999465942383
92.3,uav_01,1,-2.423871316924882,16.623203293446814,7.809999465942383
92.4,uav_01,1,-2.1436263833224616,16.56212484155567,7.809999465942383
92.5,uav_01,1,-1.8695951702281943,16.522676885314684,7.809999465942383
92.6,uav_01,1,-1.5876637363636854,16.470280327158346,7.809999465942383
92.7,uav_01,1,-1.3119711283358013,16.414029814273388,7.809999465942383
92.8,uav_01,1,-1.0293693376333768,16.36745573898642,7.809999465942383
92.9,uav_01,1,-0.745397824542124,16.322455329058624,7.809999465942383
93.0,uav_01,1,-0.4614263114508441,16.27745491882538,7.809999465942383
93.1,uav_01,1,-0.18155480009036762,16.22309564544388,7.809999465942383
93.2,uav_01,1,0.09549602111787517,16.178115282047532,7.809999465942383
93.3,uav_01,1,0.3808021568311804,16.13425230962024,7.809999465942383
93.4,uav_01,1,0.6503239353655428,16.09038933753616,7.809999465942383
93.5,uav_01,1,0.9258774282627729,16.036985604808187,7.809999465942383
93.6,uav_01,1,1.2108715203042295,15.99157814868782,7.809999465942383
93.7,uav_01,1,1.489113659564237,15.947715176319655,7.809999465942383
93.8,uav_01,1,1.773899724433274,15.913034460719029,7.809999465942383
93.9,uav_01,1,2.052349892236866,15.862011720514387,7.809999465942383
94.0,uav_01,1,2.3369279287682168,15.816126259431625,7.809999465942383
94.1,uav_01,1,2.6066256039737272,15.782152007473695,7.809999465942383
94.2,uav_01,1,2.874437193123963,15.751121664924645,7.809999465942383
94.3,uav_01,1,3.142961291465096,15.706420628415497,7.809999465942383
94.4,uav_01,1,3.411485389464284,15.661126553146985,7.809999465942383
94.5,uav_01,1,3.6800094876071285,15.61999248081211,7.809999465942383
94.6,uav_01,1,3.9475581456422275,15.579007832195023,7.809999465942383
94.7,uav_01,1,4.214645526737476,15.54171980399505,7.809999465942383
94.8,uav_01,1,4.483169625144702,15.508045016429623,7.809999465942383
94.9,uav_01,1,4.751693722879458,15.466910944388237,7.809999465942383
95.0,uav_01,1,5.021280392658711,15.425776872053365,7.809999465942383
95.1,uav_01,1,5.298991374059108,15.38460780223388,7.809999465942383
95.2,uav_01,1,5.582259629949547,15.342614898509595,7.809999465942383
95.3,uav_01,1,5.850823740487579,15.300099990360746,7.809999465942383
95.4,uav_01,1,6.136595594419588,15.267592048935684,7.80096472196627
95.5,uav_01,1,6.423439317244912,15.22613934136473,7.799999237060547
95.6,uav_01,1,6.6944312809770565,15.183616395000694,7.799999237060547
95.7,uav_01,1,6.977829506619918,15.14109344838345,7.799999237060547
95.8,uav_01,1,7.264673229445253,15.106767476507214,7.799999237060547
95.9,uav_01,1,7.538038821466623,15.059390332463982,7.799999237060547
96.0,uav_01,1,7.819063418820278,15.013524608714608,7.799999237060547
96.1,uav_01,1,8.105907141645595,14.977835113999989,7.799999237060547
96.2,uav_01,1,8.403273775972707,14.93123506354329,7.799999237060547
96.3,uav_01,1,8.702014704506583,14.880768569537484,7.799999237060547
96.4,uav_01,1,9.010895655889382,14.84181430928532,7.799999237060547
96.5,uav_01,1,9.326503093862978,14.789835557421505,7.799999237060547
96.6,uav_01,1,9.634228375209704,14.740407559479811,7.799999237060547
96.7,uav_01,1,9.948069340986633,14.693620555995976,7.799999237060547
96.8,uav_01,1,10.252511926702473,14.647173346545964,7.799999237060547
96.9,uav_01,1,10.567143027241123,14.600416057554611,7.799999237060547
97.0,uav_01,1,10.88246831420119,14.5425438097134,7.799999237060547
97.1,uav_01,1,11.18745042767171,14.49594342345777,7.799999237060547
97.2,uav_01,1,11.486606559881817,14.451595232268762,7.799999237060547
97.3,uav_01,1,11.777820554061176,14.408424417788009,7.799999237060547
97.4,uav_01,1,12.068768434799468,14.36494786768307,7.799999237060547
97.5,uav_01,1,12.350599914967475,14.310997544777946,7.799999237060547
97.6,uav_01,1,12.641813909146837,14.26782673065937,7.799999237060547
97.7,uav_01,1,12.933027903326163,14.224655916167292,7.799999237060547
97.8,uav_01,1,13.224241897505443,14.171264284304783,7.799999237060547
97.9,uav_01,1,13.524097491578855,14.127229043178,7.808955741731591
98.0,uav_01,1,13.799544568736193,14.09369396508414,7.809999465942383
98.1,uav_01,1,14.088235251219952,14.033286267384275,7.809999465942383
98.2,uav_01,1,14.371927216620923,13.996518334190844,7.809999465942383
98.3,uav_01,1,14.65030648502777,13.941556216212195,7.809999465942383
98.4,uav_01,1,14.921325933672899,13.894287621825407,7.809999465942383
98.5,uav_01,1,15.195221483846817,13.846796267121682,7.809999465942383
98.6,uav_01,1,15.472503297668059,13.800991481464836,7.809999465942383
98.7,uav_01,1,15.749785111489308,13.755117891185474,7.809999465942383
98.8,uav_01,1,16.026184027092818,13.707826225731866,7.809999465942383
98.9,uav_01,1,16.30185617689144,13.66390140042516,7.809999465942383
99.0,uav_01,1,16.57913799071267,13.614768708886375,7.809999465942383
99.1,uav_01,1,16.856419804533935,13.572223024488954,7.809999465942383
99.2,uav_01,1,17.13476207535041,13.52064470612524,7.809999465942383
99.3,uav_01,1,17.42937209497813,13.466488664831836,7.809999465942383
99.4,uav_01,1,17.726726536674228,13.421143981411738,7.809999465942383
99.5,uav_01,1,18.041581567840197,13.37477666974007,7.809076932091332
99.6,uav_01,1,18.34635115685661,13.31936936983565,7.799999237060547
99.7,uav_01,1,18.643689128247257,13.270975723587464,7.799999237060547
99.8,uav_01,1,18.949567222862434,13.208284921804333,7.799999237060547
99.9,uav_01,1,19.25368159022677,13.168197405347469,7.799999237060547
100.0,uav_01,1,19.551674784640642,13.102457641120477,7.799999237060547
100.1,uav_01,1,19.857552879255817,13.04577678658846,7.799999237060547
100.2,uav_01,1,20.162576912084738,12.992001656140172,7.799999237060547
100.3,uav_01,1,20.464462998388175,12.944398324212852,7.799999237060547
100.4,uav_01,1,20.76234917461007,12.888730885441937,7.799999237060547
100.5,uav_01,1,21.055632768331737,12.833063446566333,7.799999237060547
100.6,uav_01,1,21.35604196771527,12.780391178814163,7.799999237060547
100.7,uav_01,1,21.656451167098826,12.73281381300634,7.799999237060547
100.8,uav_01,1,21.95686036648235,12.677146373949721,7.799999237060547
100.9,uav_01,1,22.256569381037362,12.62160868318968,7.799999237060547
101.0,uav_01,1,22.555186203008965,12.569369149878376,7.799999237060547
101.1,uav_01,1,22.852858845293046,12.518547174860288,7.799999237060547
101.2,uav_01,1,23.14129093690336,12.461886161515256,7.799999237060547
101.3,uav_01,1,23.421849431661226,12.423741478996105,7.799999237060547
101.4,uav_01,1,23.695043244650275,12.364349048042676,7.799999237060547
101.5,uav_01,1,23.96823705763919,12.313724766587272,7.799999237060547
101.6,uav_01,1,24.24143087062815,12.263100484786237,7.799999237060547
101.7,uav_01,1,24.50630294769685,12.212476203324847,7.799999237060547
101.8,uav_01,1,24.778169869153878,12.170452321089327,7.799999237060547
101.9,uav_01,1,25.05136368214286,12.122312884427464,7.799999237060547
102.0,uav_01,1,25.324557495131838,12.071688602748821,7.799999237060547
102.1,uav_01,1,25.59775130812081,12.02106432115097,7.799999237060547
102.2,uav_01,1,25.86680300626403,11.970440039709635,7.799999237060547
102.3,uav_01,1,26.143810361611095,11.922232572689367,7.799999237060547
102.4,uav_01,1,26.448005796588532,11.872804897166832,7.799999237060547
102.5,uav_01,1,26.762617665253977,11.814505627291444,7.799999237060547
102.6,uav_01,1,27.07722953391943,11.756206357370896,7.799999237060547
102.7,uav_01,1,27.391841402584873,11.697907087669844,7.799999237060547
102.8,uav_01,1,27.700681738015508,11.646238693220367,7.799999237060547
102.9,uav_01,1,28.011416511092374,11.59239379225301,7.799999237060547
103.0,uav_01,1,28.319256563543433,11.54187461721631,7.799999237060547
103.1,uav_01,1,28.629128557210862,11.478940075039795,7.799999237060547
103.2,uav_01,1,28.943110927396063,11.41795786793192,7.799999237060547
103.3,uav_01,1,29.240930408373885,11.371559520726835,7.799999237060547
103.4,uav_01,1,29.518783938374757,11.32103422456608,7.799999237060547
103.5,uav_01,1,29.799042095836548,11.2686465242537,7.799999237060547
103.6,uav_01,1,30.08175219398001,11.2162588240414,7.799999237060547
103.7,uav_01,1,30.364462292123545,11.170316237354973,7.799999237060547
103.8,uav_01,1,30.642091492789877,11.122568667602058,7.799999237060547
103.9,uav_01,1,30.920233860958255,11.070180967203957,7.804717062756551
104.0,uav_01,1,31.20696696175795,11.01779326678362,7.809999465942383
104.1,uav_01,1,31.48831457370952,10.969419863432563,7.809999465942383
104.2,uav_01,1,31.758715526565364,10.924103110344277,7.809999465942383
104.3,uav_01,1,32.04274485524284,10.871470949625682,7.809999465942383
104.4,uav_01,1,32.33106095638668,10.820492267889927,7.809999465942383
104.5,uav_01,1,32.62164629394571,10.773150644837735,7.809999465942383
104.6,uav_01,1,32.91065083853792,10.713982702386884,7.809999465942383
104.7,uav_01,1,33.19186245494263,10.677173518738263,7.809999465942383
104.8,uav_01,1,33.47410505034715,10.613741572965859,7.809999465942383
104.9,uav_01,1,33.76469038790627,10.559894548544618,7.809999465942383
105.0,uav_01,1,34.05479456243255,10.506600328724748,7.809999465942383
105.1,uav_01,1,34.33621243420089,10.463285743386212,7.809999465942383
105.2,uav_01,1,34.62679777176002,10.40943871899583,7.809999465942383
105.3,uav_01,1,34.914999166114306,10.356033452090442,7.809999465942383
105.4,uav_01,1,35.19918419015378,10.301697583619111,7.809999465942383
105.5,uav_01,1,35.48474825210811,10.257252096281995,7.809999465942383
105.6,uav_01,1,35.77042039585514,10.20340125140991,7.809999465942383
105.7,uav_01,1,36.047436453460115,10.158645034440717,7.809999465942383
105.8,uav_01,1,36.32358619175046,10.105084223681379,7.809999465942383
105.9,uav_01,1,36.5997359300408,10.050383087773659,7.809999465942383
106.0,uav_01,1,36.86760825304477,10.014701687122848,7.818578514913176
106.1,uav_01,1,37.12608439392525,9.963151304413929,7.819999694824219
106.2,uav_01,1,37.391214292384646,9.917670001896424,7.819999694824219
106.3,uav_01,1,37.62624664199884,9.864834276675086,7.819999694824219
106.4,uav_01,1,37.86057397646597,9.819427442994982,7.819999694824219
106.5,uav_01,1,38.087684232662475,9.776314295363006,7.819999694824219
106.6,uav_01,1,38.305416619780004,9.73325381623526,7.819999694824219
106.7,uav_01,1,38.51405765285021,9.690193336917872,7.819999694824219
106.8,uav_01,1,38.71360733249374,9.654704200673617,7.819999694824219
106.9,uav_01,1,38.89775417726106,9.622408841204615,7.819999694824219
107.0,uav_01,1,39.06975115831157,9.583182387417645,7.819999694824219
107.1,uav_01,1,39.23841099316142,9.546732877887528,7.819999694824219
107.2,uav_01,1,39.38516854962271,9.52072836387926,7.819999694824219
107.3,uav_01,1,39.51634842127637,9.493227403328635,7.819999694824219
107.4,uav_01,1,39.63938417577398,9.466258561685345,7.819999694824219
107.5,uav_01,1,39.7517536632417,9.443744389780429,7.819999694824219
107.6,uav_01,1,39.85012168269949,9.420897095071805,7.819999694824219
0.0,uav_02,1,38.58486347281639,-8.546723316257873,7.729999542236328
0.1,uav_02,1,38.58486347281639,-8.546723316257873,7.729999542236328
0.2,uav_02,1,38.58486347281639,-8.546723316257873,7.738346131368997
0.3,uav_02,1,38.57629634887457,-8.546723316257873,7.739999771118164
0.4,uav_02,1,38.57521484399297,-8.546723316257873,7.739999771118164
0.5,uav_02,1,38.57521484399297,-8.546723316257873,7.739999771118164
0.6,uav_02,1,38.574754366294854,-8.547252356045135,7.739999771118164
0.7,uav_02,1,38.56361727272197,-8.557808560636976,7.739999771118164
0.8,uav_02,1,38.54329202808922,-8.557808560636976,7.741542477640702
0.9,uav_02,1,38.52096432333233,-8.557808560636976,7.75
1.0,uav_02,1,38.4884032959111,-8.563336187494796,7.75
1.1,uav_02,1,38.44723436900287,-8.58278164531319,7.75
1.2,uav_02,1,38.39930120899673,-8.591064293380466,7.75
1.3,uav_02,1,38.35136804899059,-8.599044721478592,7.75
1.4,uav_02,1,38.29667468981972,-8.629497857912781,7.75
1.5,uav_02,1,38.21998163377094,-8.649008203638262,7.75
1.6,uav_02,1,38.14328857697385,-8.664915145858874,7.75
1.7,uav_02,1,38.062460697688884,-8.700332433802439,7.75
1.8,uav_02,1,37.968599793307526,-8.744388503683801,7.75
1.9,uav_02,1,37.876489845570504,-8.78844457333505,7.75
2.0,uav_02,1,37.764287804695925,-8.832101196165581,7.75185989639145
2.1,uav_02,1,37.6628189808969,-8.87541114698023,7.760000228881836
2.2,uav_02,1,37.55594382895955,-8.925982624242947,7.760000228881836
2.3,uav_02,1,37.44906867702221,-8.966912006944172,7.760000228881836
2.4,uav_02,1,37.3335158722815,-9.01781108730662,7.760000228881836
2.5,uav_02,1,37.201863882112015,-9.068972815734401,7.760000228881836
2.6,uav_02,1,37.061077019317565,-9.120134543908224,7.760000228881836
2.7,uav_02,1,36.91857681631255,-9.171296272012112,7.760000228881836
2.8,uav_02,1,36.770368421776894,-9.22245800034899,7.765916430133283
2.9,uav_02,1,36.60903030350717,-9.273619728613715,7.770000457763672
3.0,uav_02,1,36.44403477432871,-9.324781456717604,7.770000457763672
3.1,uav_02,1,36.271363015527015,-9.37318385577654,7.770000457763672
3.2,uav_02,1,36.07487724871214,-9.427354577128002,7.770000457763672
3.3,uav_02,1,35.86666704315758,-9.492448892316075,7.770000457763672
3.4,uav_02,1,35.64773096681599,-9.55096920563683,7.770000457763672
3.5,uav_02,1,35.42361148209926,-9.60948951894293,7.770000457763672
3.6,uav_02,1,35.19341091365883,-9.661023316358023,7.770000457763672
3.7,uav_02,1,34.959104179722054,-9.715444901190681,7.770000457763672
3.8,uav_02,1,34.71763911989389,-9.765741061828695,7.770000457763672
3.9,uav_02,1,34.473145136303316,-9.82140028343843,7.770000457763672
4.0,uav_02,1,34.23688672061547,-9.870458807299372,7.770000457763672
4.1,uav_02,1,33.99392485976111,-9.923452202832857,7.770000457763672
4.2,uav_02,1,33.765792591014275,-9.984142308353043,7.770000457763672
4.3,uav_02,1,33.534016888251024,-10.038281762488399,7.777107626542958
4.4,uav_02,1,33.3063071285882,-10.089963215656518,7.780000686645508
4.5,uav_02,1,33.08138871173849,-10.160785816625072,7.780000686645508
4.6,uav_02,1,32.846667071680336,-10.232213283600672,7.780000686645508
4.7,uav_02,1,32.60800490194673,-10.299113502883504,7.780000686645508
4.8,uav_02,1,32.37408974816479,-10.371467537453134,7.780000686645508
4.9,uav_02,1,32.13722865681004,-10.443821571902522,7.780000686645508
5.0,uav_02,1,31.894316766559104,-10.518811220805347,7.780000686645508
5.1,uav_02,1,31.648450465343927,-10.600494889419931,7.780000686645508
5.2,uav_02,1,31.386128114204823,-10.678108205619044,7.780000686645508
5.3,uav_02,1,31.110377027049452,-10.760219364111705,7.780000686645508
5.4,uav_02,1,30.840744554294545,-10.849290457840675,7.780000686645508
5.5,uav_02,1,30.568410950705385,-10.92960351780904,7.780000686645508
5.6,uav_02,1,30.28879208922969,-11.006425217072278,7.780000686645508
5.7,uav_02,1,30.009173228233855,-11.0869032159506,7.780000686645508
5.8,uav_02,1,29.72955436764947,-11.181627942591494,7.780000686645508
5.9,uav_02,1,29.449935506173773,-11.266596513877406,7.780000686645508
6.0,uav_02,1,29.170316645321936,-11.353339307108225,7.780000686645508
6.1,uav_02,1,28.90658204591432,-11.433869886600618,7.780000686645508
6.2,uav_02,1,28.66339762790983,-11.512683223633456,7.780000686645508
6.3,uav_02,1,28.425006190856443,-11.588238073115628,7.780000686645508
6.4,uav_02,1,28.186844972268872,-11.66352842586388,7.780000686645508
6.5,uav_02,1,27.956673929113254,-11.729638919136132,7.780000686645508
6.6,uav_02,1,27.719480507148514,-11.803817376773365,7.787278964901489
6.7,uav_02,1,27.48668321534971,-11.879372225987701,7.790000915527344
6.8,uav_02,1,27.252346260494,-11.95014088692344,7.790000915527344
6.9,uav_02,1,27.013954823440606,-12.02254198077824,7.790000915527344
7.0,uav_02,1,26.776872830978277,-12.106036774077987,7.790000915527344
7.1,uav_02,1,26.546701787822652,-12.181591623627853,7.790000915527344
7.2,uav_02,1,26.308429139732677,-12.257146472847042,7.790000915527344
7.3,uav_02,1,26.052915576462937,-12.338127941744094,7.790000915527344
7.4,uav_02,1,25.783035013080426,-12.42366283172014,7.790000915527344
7.5,uav_02,1,25.51098407567382,-12.509885591375337,7.790000915527344
7.6,uav_02,1,25.238048873650946,-12.5963886062865,7.790000915527344
7.7,uav_02,1,24.964389928050483,-12.675992526620899,7.790000915527344
7.8,uav_02,1,24.69672351446925,-12.765652933512191,7.790000915527344
7.9,uav_02,1,24.420940244102812,-12.85658579278604,7.790000915527344
8.0,uav_02,1,24.14341308987797,-12.943318188381891,7.795771033755756
8.1,uav_02,1,23.86975414427753,-13.030050583917005,7.799999237060547
8.2,uav_02,1,23.596095198677073,-13.11678297949554,7.799999237060547
8.3,uav_02,1,23.314261442902048,-13.206106267395992,7.799999237060547
8.4,uav_02,1,23.01351815236248,-13.299604142559517,7.799999237060547
8.5,uav_02,1,22.710035672064176,-13.394549220418643,7.799999237060547
8.6,uav_02,1,22.41046398705806,-13.48949429814757,7.799999237060547
8.7,uav_02,1,22.110892302051955,-13.58443937574468,7.799999237060547
8.8,uav_02,1,21.81132061704584,-13.669660733646937,7.799999237060547
8.9,uav_02,1,21.50260394780457,-13.773750897472587,7.799999237060547
9.0,uav_02,1,21.202528618210195,-13.869274609323668,7.799999237060547
9.1,uav_02,1,20.902956933204074,-13.964219686920785,7.799999237060547
9.2,uav_02,1,20.603521751653417,-14.059121501709566,7.799999237060547
9.3,uav_02,1,20.302796444642514,-14.15374067783489,7.799999237060547
9.4,uav_02,1,19.99720584622978,-14.248226893878082,7.802915175694391
9.5,uav_02,1,19.696491156926427,-14.338526295611965,7.809999465942383
9.6,uav_02,1,19.39364120992208,-14.429966069481123,7.809999465942383
9.7,uav_02,1,19.090889800777244,-14.530946526119381,7.809999465942383
9.8,uav_02,1,18.78774482047182,-14.62543274237723,7.809999465942383
9.9,uav_02,1,18.489620940158396,-14.719918958599589,7.809999465942383
10.0,uav_02,1,18.184975013502918,-14.81440517490899,7.809999465942383
10.1,uav_02,1,17.883724550708134,-14.908891391079797,7.809999465942383
10.2,uav_02,1,17.592791727031962,-14.998789351983413,7.809999465942383
10.3,uav_02,1,17.326197817490893,-15.084749011892951,7.809999465942383
10.4,uav_02,1,17.05356462769134,-15.16990532493152,7.809999465942383
10.5,uav_02,1,16.775613516680313,-15.240763694993902,7.809999465942383
10.6,uav_02,1,16.503501299816094,-15.324755728867007,7.809999465942383
10.7,uav_02,1,16.229359922200036,-15.414289019736367,7.809999465942383
10.8,uav_02,1,15.95648052282063,-15.499445332873423,7.809999465942383
10.9,uav_02,1,15.683106327899104,-15.584601645990277,7.809999465942383
11.0,uav_02,1,15.413764277072216,-15.669757959096016,7.809999465942383
11.1,uav_02,1,15.142580422172893,-15.754914272244188,7.809999465942383
11.2,uav_02,1,14.86917172194659,-15.837936733181756,7.809999465942383
11.3,uav_02,1,14.618368006831432,-15.914159425337935,7.809999465942383
11.4,uav_02,1,14.368244033256046,-15.983318428532792,7.809999465942383
11.5,uav_02,1,14.11812006073516,-16.069528156820226,7.809999465942383
11.6,uav_02,1,13.875939357255302,-16.14661191574837,7.809999465942383
11.7,uav_02,1,13.629165066320713,-16.21518239933857,7.809999465942383
11.8,uav_02,1,13.379808926253839,-16.294070215620447,7.809999465942383
11.9,uav_02,1,13.137543708304431,-16.375765508446662,7.809999465942383
12.0,uav_02,1,12.89624002063432,-16.4523963781555,7.809999465942383
12.1,uav_02,1,12.640392687707049,-16.52752558319677,7.809999465942383
12.2,uav_02,1,12.398606180462949,-16.59457759420043,7.809999465942383
12.3,uav_02,1,12.148486315998607,-16.671203742596397,7.809999465942383
12.4,uav_02,1,11.891249937718241,-16.750013650800444,7.809999465942383
12.5,uav_02,1,11.635187118289691,-16.823107254507818,7.809999465942383
12.6,uav_02,1,11.374579375008047,-16.906503430173608,7.809999465942383
12.7,uav_02,1,11.115334986688493,-16.99211382856795,7.809999465942383
12.8,uav_02,1,10.86023323529961,-17.07296477957412,7.809999465942383
12.9,uav_02,1,10.599231596386995,-17.15381573066375,7.809999465942383
13.0,uav_02,1,10.330732476246144,-17.234666681600377,7.809999465942383
13.1,uav_02,1,10.07438481283331,-17.31551763275956,7.809999465942383
13.2,uav_02,1,9.810486448650732,-17.395916039119403,7.809999465942383
13.3,uav_02,1,9.546588085662261,-17.46666062133842,7.809999465942383
13.4,uav_02,1,9.291028214414897,-17.54698524132725,7.809999465942383
13.5,uav_02,1,9.00477729322767,-17.63508576805877,7.809999465942383
13.6,uav_02,1,8.7055775181963,-17.719256589353837,7.809999465942383
13.7,uav_02,1,8.395536916378502,-17.82464862717528,7.809999465942383
13.8,uav_02,1,8.084910311327123,-17.9198629071542,7.809999465942383
13.9,uav_02,1,7.776363574936836,-18.014392849402316,7.809999465942383
14.0,uav_02,1,7.467582794068733,-18.109610905981196,7.809999465942383
14.1,uav_02,1,7.164426704937286,-18.20482896278966,7.809999465942383
14.2,uav_02,1,6.8536339554206736,-18.296101457377073,7.809999465942383
14.3,uav_02,1,6.5428412062991494,-18.38417983179791,7.809999465942383
14.4,uav_02,1,6.232135034811552,-18.479371363311536,7.809999465942383
14.5,uav_02,1,5.932699355294371,-18.568130762161548,7.809999465942383
14.6,uav_02,1,5.624127654426975,-18.66574683438305,7.809999465942383
14.7,uav_02,1,5.310239087761239,-18.764770119366023,7.809999465942383
14.8,uav_02,1,4.99974124533765,-18.859897825216322,7.809999465942383
14.9,uav_02,1,4.697605207677329,-18.95502553083509,7.809999465942383
15.0,uav_02,1,4.388394187419221,-19.050153236742624,7.819392834990325
15.1,uav_02,1,4.077896345278168,-19.13419569792976,7.819999694824219
15.2,uav_02,1,3.767398501882075,-19.229323403856476,7.819999694824219
15.3,uav_02,1,3.462123364683361,-19.32373355961803,7.819999694824219
15.4,uav_02,1,3.1838475441846006,-19.411744843707947,7.819999694824219
15.5,uav_02,1,2.8912353833161735,-19.491730670493126,7.819999694824219
15.6,uav_02,1,2.6121346115753603,-19.58876796976642,7.819999694824219
15.7,uav_02,1,2.3178435725792235,-19.676381860734022,7.819999694824219
15.8,uav_02,1,2.0321430943135943,-19.76391235944087,7.818871242498991
15.9,uav_02,1,1.7492116248512937,-19.850870626669103,7.809999465942383
16.0,uav_02,1,1.47198634195792,-19.937582598299024,7.809999465942383
16.1,uav_02,1,1.1860136694437866,-20.015013164510446,7.809999465942383
16.2,uav_02,1,0.9000409981107305,-20.10262705579503,7.809999465942383
16.3,uav_02,1,0.6150857028839273,-20.189929251245207,7.809999465942383
16.4,uav_02,1,0.3513350825805886,-20.27073493794056,7.809999465942383
16.5,uav_02,1,0.11460062043829147,-20.338991647915176,7.809999465942383
16.6,uav_02,1,-0.14082574266282,-20.42200889953798,7.809999465942383
16.7,uav_02,1,-0.39581920192824416,-20.50259781983229,7.809999465942383
16.8,uav_02,1,-0.6478855210929003,-20.579823769052965,7.809999465942383
16.9,uav_02,1,-0.8969696036445332,-20.65704971832227,7.809999465942383
17.0,uav_02,1,-1.1423695310304356,-20.732281396786284,7.809999465942383
17.1,uav_02,1,-1.3944358507264543,-20.80041637243314,7.809999465942383
17.2,uav_02,1,-1.6465021692980226,-20.877642321481222,7.809999465942383
17.3,uav_02,1,-1.8909232936406983,-20.954868270841356,7.809999465942383
17.4,uav_02,1,-2.140986179898212,-21.03209421997121,7.809999465942383
17.5,uav_02,1,-2.3992143546636213,-21.112906052155452,7.809999465942383
17.6,uav_02,1,-2.6782348146340693,-21.192139618473046,7.809999465942383
17.7,uav_02,1,-2.961398204874043,-21.27958596384491,7.809999465942383
17.8,uav_02,1,-3.2403547409586855,-21.37186553604478,7.809999465942383
17.9,uav_02,1,-3.5239944281980615,-21.458764667005486,7.809999465942383
18.0,uav_02,1,-3.807634115367328,-21.540627553875133,7.809999465942383
18.1,uav_02,1,-4.090235061472266,-21.6211594440253,7.814305839716639
18.2,uav_02,1,-4.372501332764366,-21.707637799266713,7.819999694824219
18.3,uav_02,1,-4.656141020125435,-21.79453693019247,7.819999694824219
18.4,uav_02,1,-4.939780707173004,-21.881436061208284,7.819999694824219
18.5,uav_02,1,-5.228078582907266,-21.96976232836334,7.819999694824219
18.6,uav_02,1,-5.520445607343149,-22.057275583190965,7.819999694824219
18.7,uav_02,1,-5.818526619164001,-22.149167915038955,7.819999694824219
18.8,uav_02,1,-6.129129331265885,-22.24877470884742,7.819999694824219
18.9,uav_02,1,-6.434453889479595,-22.342317467380575,7.819999694824219
19.0,uav_02,1,-6.739778447864965,-22.43586022571989,7.819999694824219
19.1,uav_02,1,-7.038617102710892,-22.52940298432394,7.819999694824219
19.2,uav_02,1,-7.340778936014916,-22.614886530836966,7.819999694824219
19.3,uav_02,1,-7.646103494625739,-22.69673644453599,7.819999694824219
19.4,uav_02,1,-7.951428052463699,-22.79713518420012,7.819999694824219
19.5,uav_02,1,-8.227487181352812,-22.888529108279393,7.819999694824219
19.6,uav_02,1,-8.515578832596267,-22.975259725017075,7.819999694824219
19.7,uav_02,1,-8.791401796218983,-23.052755232006856,7.819999694824219
19.8,uav_02,1,-9.063843930531004,-23.136867968931643,7.819999694824219
19.9,uav_02,1,-9.336286064842987,-23.223214712981665,7.819999694824219
20.0,uav_02,1,-9.601786272834435,-23.301585923906618,7.819999694824219
20.1,uav_02,1,-9.864833851343302,-23.37713932511154,7.819999694824219
20.2,uav_02,1,-10.126392619560301,-23.4595957474216,7.819999694824219
20.3,uav_02,1,-10.38257835430274,-23.531677279696382,7.819999694824219
20.4,uav_02,1,-10.630386141682449,-23.596437337762467,7.819999694824219
20.5,uav_02,1,-10.86617139908586,-23.672985124020222,7.819999694824219
20.6,uav_02,1,-11.089702523501058,-23.74557804898546,7.819999694824219
20.7,uav_02,1,-11.307847511920794,-23.8132986227812,7.819999694824219
20.8,uav_02,1,-11.52599250034054,-23.87755423157775,7.819999694824219
20.9,uav_02,1,-11.73755863813769,-23.93354703850577,7.819999694824219
21.0,uav_02,1,-11.932064534097996,-23.993066692428922,7.819999694824219
21.1,uav_02,1,-12.113852025000398,-24.04528030046805,7.819999694824219
21.2,uav_02,1,-12.290804520714708,-24.097493908572954,7.819999694824219
21.3,uav_02,1,-12.447428709925218,-24.148498408677007,7.819999694824219
21.4,uav_02,1,-12.61815419487432,-24.190269294980038,7.819999694824219
21.5,uav_02,1,-12.75449481231374,-24.232040181633934,7.819999694824219
21.6,uav_02,1,-12.896808859099233,-24.275641156701028,7.819999694824219
21.7,uav_02,1,-13.023801824181882,-24.30945120829849,7.819999694824219
21.8,uav_02,1,-13.131222652653967,-24.331994130750612,7.819999694824219
21.9,uav_02,1,-13.2285903522495,-24.365459153870095,7.819999694824219
22.0,uav_02,1,-13.30637679407651,-24.387688140758,7.81986366236159
22.1,uav_02,1,-13.374110108377959,-24.39862259327929,7.809999465942383
22.2,uav_02,1,-13.421868415945672,-24.399342757741557,7.809999465942383
22.3,uav_02,1,-13.440538839020368,-24.420793081643673,7.809999465942383
22.4,uav_02,1,-13.439708482408525,-24.41983909049912,7.809999465942383
22.5,uav_02,1,-13.420281677275636,-24.39862259327929,7.809999465942383
22.6,uav_02,1,-13.401629591933776,-24.398550273997476,7.809999465942383
22.7,uav_02,1,-13.356844234577315,-24.38825955430418,7.809999465942383
22.8,uav_02,1,-13.312058877220844,-24.36840032066153,7.809999465942383
22.9,uav_02,1,-13.25963661497902,-24.35659287093231,7.809999465942383
23.0,uav_02,1,-13.198948837278188,-24.3463021515225,7.809999465942383
23.1,uav_02,1,-13.129995543930736,-24.32882649170767,7.809999465942383
23.2,uav_02,1,-13.05833897193253,-24.314635468094174,7.815764392354935
23.3,uav_02,1,-12.986682400416754,-24.298748857707412,7.819999694824219
23.4,uav_02,1,-12.90248846040902,-24.282968784665847,7.819999694824219
23.5,uav_02,1,-12.810935805845888,-24.272678065195798,7.819999694824219
23.6,uav_02,1,-12.725147817766626,-24.26243096946098,7.819999694824219
23.7,uav_02,1,-12.626195259688132,-24.252297429027642,7.819999694824219
23.8,uav_02,1,-12.52099709046875,-24.24222563976477,7.819999694824219
23.9,uav_02,1,-12.41546802999547,-24.232153850186833,7.819999694824219
24.0,uav_02,1,-12.292736832365213,-24.2220820606089,7.819999694824219
24.1,uav_02,1,-12.170005634734974,-24.212010271359535,7.811656508589542
24.2,uav_02,1,-12.040106705646469,-24.20193848184686,7.809999465942383
24.3,uav_02,1,-11.902323375951916,-24.191866692268924,7.809999465942383
24.4,uav_02,1,-11.75665564619201,-24.175586853163278,7.809999465942383
24.5,uav_02,1,-11.603103516076786,-24.15544327436523,7.809999465942383
24.6,uav_02,1,-11.445847642069657,-24.13536880517312,7.809999465942383
24.7,uav_02,1,-11.282141501671601,-24.11816595921594,7.809999465942383
24.8,uav_02,1,-11.096535311454621,-24.103825532964297,7.809999465942383
24.9,uav_02,1,-10.897325089580653,-24.08458707895692,7.809999465942383
25.0,uav_02,1,-10.691139466293972,-24.073143514461865,7.809999465942383
25.1,uav_02,1,-10.47580780572286,-24.061699949702607,7.809999465942383
25.2,uav_02,1,-10.262525606050163,-24.054980021465305,7.814260756425354
25.3,uav_02,1,-10.034547662808961,-24.054980021465305,7.819999694824219
25.4,uav_02,1,-9.804965862078403,-24.054980021465305,7.819999694824219
25.5,uav_02,1,-9.57574038653785,-24.0607786191277,7.819999694824219
25.6,uav_02,1,-9.34204711880477,-24.072222183886954,7.819999694824219
25.7,uav_02,1,-9.103633528990562,-24.08384052153023,7.819999694824219
25.8,uav_02,1,-8.849245512171603,-24.09570691853449,7.819999694824219
25.9,uav_02,1,-8.59676850919352,-24.107642546236097,7.819999694824219
26.0,uav_02,1,-8.339453936227928,-24.11957817361185,7.819999694824219
26.1,uav_02,1,-8.071010383463362,-24.131513801245486,7.819999694824219
26.2,uav_02,1,-7.810365104906396,-24.143449428947086,7.819999694824219
26.3,uav_02,1,-7.540441200163268,-24.155385056254868,7.819999694824219
26.4,uav_02,1,-7.269036943389011,-24.167320683956472,7.819999694824219
26.5,uav_02,1,-6.991012146519468,-24.176917708453978,7.819999694824219
26.6,uav_02,1,-6.723245156522668,-24.179870320510044,7.817336082151448
26.7,uav_02,1,-6.457837138045468,-24.194324762264834,7.809999465942383
26.8,uav_02,1,-6.1975523642526325,-24.213324636450093,7.809999465942383
26.9,uav_02,1,-5.937267589868222,-24.227541656815482,7.809999465942383
27.0,uav_02,1,-5.6742569093280535,-24.24969272636601,7.809999465942383
27.1,uav_02,1,-5.4070494142386725,-24.27496586235427,7.809999465942383
27.2,uav_02,1,-5.144055636136325,-24.305080109281736,7.809999465942383
27.3,uav_02,1,-4.876831238609149,-24.330333826173575,7.809999465942383
27.4,uav_02,1,-4.613854362944557,-24.35737455423202,7.809999465942383
27.5,uav_02,1,-4.343929412318339,-24.374616546007605,7.809999465942383
27.6,uav_02,1,-4.078286844814314,-24.40441820251287,7.809999465942383
27.7,uav_02,1,-3.825549280105386,-24.42297594556931,7.809999465942383
27.8,uav_02,1,-3.579186462628259,-24.431878326022776,7.809999465942383
27.9,uav_02,1,-3.3324235282856898,-24.43233801883955,7.809999465942383
28.0,uav_02,1,-3.068463366364559,-24.45255548972546,7.809999465942383
28.1,uav_02,1,-2.8289495304005734,-24.454048814387157,7.818445186432686
28.2,uav_02,1,-2.576787747275646,-24.462434378908984,7.819999694824219
28.3,uav_02,1,-2.3151773945237335,-24.465134058766264,7.819999694824219
28.4,uav_02,1,-2.0624150469120135,-24.465134058766264,7.819999694824219
28.5,uav_02,1,-1.8160522299605353,-24.465134058766264,7.819999694824219
28.6,uav_02,1,-1.5657904181337283,-24.465134058766264,7.819999694824219
28.7,uav_02,1,-1.3029374148535147,-24.465134058766264,7.819999694824219
28.8,uav_02,1,-1.0247786056706445,-24.465134058766264,7.819999694824219
28.9,uav_02,1,-0.7447746070604896,-24.465134058766264,7.819999694824219
29.0,uav_02,1,-0.46477060845034046,-24.465134058766264,7.819999694824219
29.1,uav_02,1,-0.18182195527495648,-24.465134058766264,7.819999694824219
29.2,uav_02,1,0.10488601759342409,-24.465134058766264,7.819999694824219
29.3,uav_02,1,0.3908060540249156,-24.465134058766264,7.819999694824219
29.4,uav_02,1,0.681226570112078,-24.465134058766264,7.819999694824219
29.5,uav_02,1,0.9575180255015526,-24.465134058766264,7.819999694824219
29.6,uav_02,1,1.2441992683097682,-24.465134058766264,7.819999694824219
29.7,uav_02,1,1.5254674883783381,-24.46177079177284,7.816965621909384
29.8,uav_02,1,1.8086578139029144,-24.454048814387157,7.809999465942383
29.9,uav_02,1,2.089639284044424,-24.454048814387157,7.809999465942383
30.0,uav_02,1,2.3684674664319214,-24.449101016746326,7.809999465942383
30.1,uav_02,1,2.643824306915083,-24.431878326022776,7.809999465942383
30.2,uav_02,1,2.930995565376796,-24.431878326022776,7.809999465942383
30.3,uav_02,1,3.2052220898136805,-24.431878326022776,7.809999465942383
30.4,uav_02,1,3.493523664321626,-24.430703039709282,7.809999465942383
30.5,uav_02,1,3.765879479236848,-24.419091815322343,7.809999465942383
30.6,uav_02,1,4.046860950298153,-24.39862259327929,7.809999465942383
30.7,uav_02,1,4.32778020674804,-24.39862259327929,7.809999465942383
30.8,uav_02,1,4.605436475693704,-24.39862259327929,7.809999465942383
30.9,uav_02,1,4.8878985072149685,-24.39862259327929,7.809999465942383
31.0,uav_02,1,5.164203677821728,-24.39862259327929,7.809999465942383
31.1,uav_02,1,5.439946273095453,-24.38945688439264,7.809999465942383
31.2,uav_02,1,5.715688867472901,-24.38753734890018,7.809999465942383
31.3,uav_02,1,5.998494904712405,-24.371307065207525,7.809999465942383
31.4,uav_02,1,6.276822685515156,-24.3653668605358,7.809999465942383
31.5,uav_02,1,6.5525652800875225,-24.3653668605358,7.809999465942383
31.6,uav_02,1,6.833999692621886,-24.3653668605358,7.809999465942383
31.7,uav_02,1,7.113699097934881,-24.359352852337643,7.809999465942383
31.8,uav_02,1,7.397830513220715,-24.354281616156698,7.809999465942383
31.9,uav_02,1,7.687042415955748,-24.348850594598378,7.809999465942383
32.0,uav_02,1,7.978158409249191,-24.343196372171416,7.809999465942383
32.1,uav_02,1,8.269666743943512,-24.337992907185296,7.809999465942383
32.2,uav_02,1,8.560584671896809,-24.33211112779231,7.809999465942383
32.3,uav_02,1,8.852291072015165,-24.32713521957134,7.809999465942383
32.4,uav_02,1,9.143010933173281,-24.321025883413206,7.809999465942383
32.5,uav_02,1,9.439048378223223,-24.321025883413206,7.809999465942383
32.6,uav_02,1,9.731051878016334,-24.316391310504613,7.814180410440948
32.7,uav_02,1,10.02540955310796,-24.30994063942793,7.819999694824219
32.8,uav_02,1,10.319977991228178,-24.305799822524982,7.819999694824219
32.9,uav_02,1,10.589375811579266,-24.298855395048825,7.819999694824219
33.0,uav_02,1,10.845745508626841,-24.298855395048825,7.819999694824219
33.1,uav_02,1,11.119413541114605,-24.297955761296034,7.819999694824219
33.2,uav_02,1,11.379400035157522,-24.287999203023833,7.819999694824219
33.3,uav_02,1,11.64785337733059,-24.28777015066972,7.819999694824219
33.4,uav_02,1,11.91650608730797,-24.28777015066972,7.819999694824219
33.5,uav_02,1,12.185158797285364,-24.28030001723084,7.819999694824219
33.6,uav_02,1,12.453811507262731,-24.276684906684437,7.819999694824219
33.7,uav_02,1,12.717927014536542,-24.276684906684437,7.819999694824219
33.8,uav_02,1,12.98146829839404,-24.276684906684437,7.819999694824219
33.9,uav_02,1,13.257324070111101,-24.27346256419539,7.819999694824219
34.0,uav_02,1,13.554871186343451,-24.265599662305334,7.819999694824219
34.1,uav_02,1,13.864575561355728,-24.265599662305334,7.819999694824219
34.2,uav_02,1,14.17427993636799,-24.261649682690226,7.819999694824219
34.3,uav_02,1,14.483984311380217,-24.254514417926234,7.819999694824219
34.4,uav_02,1,14.793688686392494,-24.254514417926234,7.819999694824219
34.5,uav_02,1,15.103393061404772,-24.254514417926234,7.819999694824219
34.6,uav_02,1,15.413097436417024,-24.24899350756426,7.819999694824219
34.7,uav_02,1,15.72280181142928,-24.243429173940953,7.819999694824219
34.8,uav_02,1,16.032506186441534,-24.243429173940953,7.819999694824219
34.9,uav_02,1,16.34070128920465,-24.243429173940953,7.819999694824219
35.0,uav_02,1,16.646909843815145,-24.243429173940953,7.819999694824219
35.1,uav_02,1,16.95253600938415,-24.236281236645553,7.819999694824219
35.2,uav_02,1,17.262893050744562,-24.232343929561846,7.819999694824219
35.3,uav_02,1,17.570944405733993,-24.232343929561846,7.819999694824219
35.4,uav_02,1,17.869798549542,-24.232343929561846,7.819999694824219
35.5,uav_02,1,18.172548108048577,-24.232343929561846,7.819999694824219
35.6,uav_02,1,18.485366856492185,-24.232343929561846,7.819999694824219
35.7,uav_02,1,18.793449068009966,-24.223838829848223,7.819999694824219
35.8,uav_02,1,19.091462089590657,-24.221258685182743,7.819999694824219
35.9,uav_02,1,19.385456292395396,-24.221258685182743,7.819999694824219
36.0,uav_02,1,19.66655971977856,-24.221258685182743,7.819999694824219
36.1,uav_02,1,19.930515064379545,-24.213486334875086,7.819999694824219
36.2,uav_02,1,20.18950152815855,-24.20285962710918,7.819999694824219
36.3,uav_02,1,20.442521138869616,-24.192232919225578,7.819999694824219
36.4,uav_02,1,20.686690344536803,-24.17520947047196,7.819999694824219
36.5,uav_02,1,20.91684051513722,-24.15395605508229,7.819999694824219
36.6,uav_02,1,21.13882891263775,-24.127222971586352,7.819999694824219
36.7,uav_02,1,21.356446903258256,-24.090321716702316,7.815470027851053
36.8,uav_02,1,21.557271897287464,-24.043252290592278,7.809999465942383
36.9,uav_02,1,21.738493108203272,-23.991201331093706,7.809999465942383
37.0,uav_02,1,21.90738761614029,-23.941299562131093,7.809999465942383
37.1,uav_02,1,22.05910898196008,-23.889548069663245,7.809999465942383
37.2,uav_02,1,22.203479591919518,-23.821191392957765,7.809999465942383
37.3,uav_02,1,22.339474666875724,-23.75283471625229,7.809999465942383
37.4,uav_02,1,22.44482877597204,-23.676457955770246,7.809999465942383
37.5,uav_02,1,22.54660153276646,-23.59133176666035,7.809999465942383
37.6,uav_02,1,22.63840456657183,-23.509300102143985,7.809999465942383
37.7,uav_02,1,22.719453788069686,-23.422107213459945,7.809999465942383
37.8,uav_02,1,22.793152253309444,-23.321239336732333,7.809999465942383
37.9,uav_02,1,22.859499961878686,-23.213821702139477,7.809999465942383
38.0,uav_02,1,22.918179370565287,-23.105323040151237,7.809999465942383
38.1,uav_02,1,22.963791581559455,-22.979554485405675,7.809999465942383
38.2,uav_02,1,23.0114905956642,-22.848031896695623,7.809999465942383
38.3,uav_02,1,23.049747256217405,-22.683964535401806,7.809999465942383
38.4,uav_02,1,23.087906468043478,-22.54100775739909,7.809999465942383
38.5,uav_02,1,23.116840975354286,-22.377328551991045,7.809999465942383
38.6,uav_02,1,23.145460383546,-22.21292531610346,7.809999465942383
38.7,uav_02,1,23.165072738880546,-22.048522080215875,7.809999465942383
38.8,uav_02,1,23.18415234479358,-21.8841188443283,7.809999465942383
38.9,uav_02,1,23.18565314443761,-21.71971560844074,7.809999465942383
39.0,uav_02,1,23.18565314443761,-21.57525848818303,7.809999465942383
39.1,uav_02,1,23.167993082880237,-21.428918143274046,7.809999465942383
39.2,uav_02,1,23.12967681833103,-21.290270876922694,7.800495547658832
39.3,uav_02,1,23.089664799596207,-21.16330447697972,7.799999237060547
39.4,uav_02,1,23.029907136762937,-21.048521371597605,7.799999237060547
39.5,uav_02,1,22.969352410242728,-20.946480536970498,7.799999237060547
39.6,uav_02,1,22.889328370188128,-20.85552748132122,7.799999237060547
39.7,uav_02,1,22.80809171284038,-20.77508078289737,7.799999237060547
39.8,uav_02,1,22.714930677793678,-20.696434395299484,7.799999237060547
39.9,uav_02,1,22.604897624410135,-20.629687534125434,7.799999237060547
40.0,uav_02,1,22.49738974612434,-20.572368889026087,7.799999237060547
40.1,uav_02,1,22.38870115149944,-20.518478486705952,7.799999237060547
40.2,uav_02,1,22.25109507059159,-20.473308570466273,7.799999237060547
40.3,uav_02,1,22.110648921595324,-20.424875718866033,7.799999237060547
40.4,uav_02,1,21.963213835506952,-20.375353664259215,7.799999237060547
40.5,uav_02,1,21.81257792541883,-20.341476227179754,7.799999237060547
40.6,uav_02,1,21.6485514297264,-20.30759879010029,7.799999237060547
40.7,uav_02,1,21.47162932580905,-20.273721353020825,7.799999237060547
40.8,uav_02,1,21.29470722225061,-20.248442134552707,7.799999237060547
40.9,uav_02,1,21.109940448911424,-20.232643311389435,7.799999237060547
41.0,uav_02,1,20.91584123047897,-20.20577231731253,7.799999237060547
41.1,uav_02,1,20.722745915663893,-20.186229778447775,7.799999237060547
41.2,uav_02,1,20.522527319174973,-20.186229778447775,7.799999237060547
41.3,uav_02,1,20.319686777960374,-20.186229778447775,7.799999237060547
41.4,uav_02,1,20.117081684136966,-20.186229778447775,7.799999237060547
41.5,uav_02,1,19.899503618347996,-20.186229778447775,7.799999237060547
41.6,uav_02,1,19.678404199113803,-20.186229778447775,7.799999237060547
41.7,uav_02,1,19.460940730445447,-20.190881373319062,7.799999237060547
41.8,uav_02,1,19.234392055257768,-20.210402408252406,7.799999237060547
41.9,uav_02,1,19.000219132316467,-20.219485511191262,7.799999237060547
42.0,uav_02,1,18.767565189778576,-20.222055558251302,7.799999237060547
42.1,uav_02,1,18.54572177818582,-20.242050755332386,7.799999237060547
42.2,uav_02,1,18.33023835803468,-20.25195345392058,7.799999237060547
42.3,uav_02,1,18.098887653350467,-20.25274124393475,7.799999237060547
42.4,uav_02,1,17.866165558361104,-20.268605969219163,7.799999237060547
42.5,uav_02,1,17.633443463962916,-20.281661549291336,7.799999237060547
42.6,uav_02,1,17.40072136995473,-20.285996976678238,7.799999237060547
42.7,uav_02,1,17.171815753104685,-20.294766427343216,7.799999237060547
42.8,uav_02,1,16.93935143695062,-20.311369644662086,7.799999237060547
42.9,uav_02,1,16.691148563971137,-20.319252709421725,7.799999237060547
43.0,uav_02,1,16.449807132421967,-20.320926885467273,7.799999237060547
43.1,uav_02,1,16.208465700872836,-20.340732282291842,7.799999237060547
43.2,uav_02,1,15.94450174326264,-20.351908684004727,7.799999237060547
43.3,uav_02,1,15.664746309557264,-20.352508442165213,7.799999237060547
43.4,uav_02,1,15.374272856857297,-20.37490237900124,7.799999237060547
43.5,uav_02,1,15.08362001042236,-20.3857641749087,7.799999237060547
43.6,uav_02,1,14.793909421965663,-20.387929282811008,7.799999237060547
43.7,uav_02,1,14.51097311912436,-20.409434273243086,7.799999237060547
43.8,uav_02,1,14.2123836009595,-20.41901990765219,7.799999237060547
43.9,uav_02,1,13.913691747630581,-20.423577577935216,7.799999237060547
44.0,uav_02,1,13.62068151249353,-20.443898783947933,7.799999237060547
44.1,uav_02,1,13.321865379145226,-20.452275640395676,7.799999237060547
44.2,uav_02,1,13.029139256803948,-20.45865936875452,7.799999237060547
44.3,uav_02,1,12.73920592767243,-20.477656164204607,7.799999237060547
44.4,uav_02,1,12.44927259911796,-20.485531373139167,7.799999237060547
44.5,uav_02,1,12.159339269990898,-20.488777751000566,7.799999237060547
44.6,uav_02,1,11.869405941431891,-20.499881166472115,7.799999237060547
44.7,uav_02,1,11.582329901144083,-20.50770186150355,7.799999237060547
44.8,uav_02,1,11.293441700988238,-20.511002752990226,7.802977039736967
44.9,uav_02,1,10.989957326765003,-20.518787105882655,7.809999465942383
45.0,uav_02,1,10.702928735294574,-20.522124339786185,7.809999465942383
45.1,uav_02,1,10.419213259527696,-20.52987235026176,7.809999465942383
45.2,uav_02,1,10.128759906575764,-20.53281828105841,7.809999465942383
45.3,uav_02,1,9.841497305927529,-20.540957594247036,7.809999465942383
45.4,uav_02,1,9.557834628390175,-20.543025558047695,7.809999465942383
45.5,uav_02,1,9.284851491978918,-20.55204283862614,7.809999465942383
45.6,uav_02,1,8.989358132806236,-20.55323283532615,7.809999465942383
45.7,uav_02,1,8.702095532157978,-20.563128083005246,7.809999465942383
45.8,uav_02,1,8.414902512789055,-20.563128083005246,7.809999465942383
45.9,uav_02,1,8.130013983220529,-20.563128083005246,7.809999465942383
46.0,uav_02,1,7.851875921106414,-20.573555012476124,7.809999465942383
46.1,uav_02,1,7.565186319257702,-20.574213326990524,7.809999465942383
46.2,uav_02,1,7.272873257424937,-20.574213326990524,7.809999465942383
46.3,uav_02,1,6.9769533604826055,-20.58383133041084,7.809999465942383
46.4,uav_02,1,6.680603934652312,-20.585298571369627,7.809999465942383
46.5,uav_02,1,6.392448108590363,-20.585298571369627,7.809999465942383
46.6,uav_02,1,6.097553711815152,-20.585298571369627,7.809999465942383
46.7,uav_02,1,5.8012042859848405,-20.59450771063222,7.809999465942383
46.8,uav_02,1,5.496928168923281,-20.596383815748734,7.809999465942383
46.9,uav_02,1,5.206694528979099,-20.596383815748734,7.809999465942383
47.0,uav_02,1,4.912156008493967,-20.596383815748734,7.809999465942383
47.1,uav_02,1,4.615806582663654,-20.596383815748734,7.809999465942383
47.2,uav_02,1,4.317070609367539,-20.596383815748734,7.809999465942383
47.3,uav_02,1,4.027526212516531,-20.604458316592304,7.809999465942383
47.4,uav_02,1,3.7410725948170853,-20.60746906012784,7.809999465942383
47.5,uav_02,1,3.4546189771176596,-20.60746906012784,7.809999465942383
47.6,uav_02,1,3.168165359418223,-20.60746906012784,7.809999465942383
47.7,uav_02,1,2.8817117417187714,-20.60746906012784,7.809999465942383
47.8,uav_02,1,2.595258124019372,-20.60746906012784,7.809999465942383
47.9,uav_02,1,2.30880450631995,-20.60746906012784,7.809999465942383
48.0,uav_02,1,2.023419427139112,-20.612221202318974,7.809999465942383
48.1,uav_02,1,1.7347076802400072,-20.61855430411312,7.809999465942383
48.2,uav_02,1,1.439649086683445,-20.61855430411312,7.809999465942383
48.3,uav_02,1,1.144196713283749,-20.61855430411312,7.809999465942383
48.4,uav_02,1,0.8456857110509449,-20.61855430411312,7.809999465942383
48.5,uav_02,1,0.5471747088181478,-20.61855430411312,7.809999465942383
48.6,uav_02,1,0.24866370658537218,-20.61855430411312,7.809999465942383
48.7,uav_02,1,-0.049847295647439074,-20.61855430411312,7.809999465942383
48.8,uav_02,1,-0.3515032644359807,-20.61855430411312,7.809999465942383
48.9,uav_02,1,-0.6565179275652876,-20.61855430411312,7.809999465942383
49.0,uav_02,1,-0.9550289297980626,-20.61855430411312,7.809999465942383
49.1,uav_02,1,-1.253539932030874,-20.61855430411312,7.809999465942383
49.2,uav_02,1,-1.5479032147672087,-20.61855430411312,7.809999465942383
49.3,uav_02,1,-1.8314910690966222,-20.621350220106265,7.809999465942383
49.4,uav_02,1,-2.1099525676031536,-20.62963954849222,7.809999465942383
49.5,uav_02,1,-2.389515641137552,-20.62963954849222,7.809999465942383
49.6,uav_02,1,-2.6765241920684555,-20.62963954849222,7.809999465942383
49.7,uav_02,1,-2.9549856905750014,-20.62963954849222,7.809999465942383
49.8,uav_02,1,-3.23344718908151,-20.62963954849222,7.819070606718643
49.9,uav_02,1,-3.5119086875880385,-20.62963954849222,7.819999694824219
50.0,uav_02,1,-3.790370186094551,-20.62963954849222,7.819999694824219
50.1,uav_02,1,-4.067101267454698,-20.62963954849222,7.819999694824219
50.2,uav_02,1,-4.344800620867233,-20.62963954849222,7.819999694824219
50.3,uav_02,1,-4.637241054623143,-20.62963954849222,7.819999694824219
50.4,uav_02,1,-4.938982302532163,-20.62963954849222,7.819999694824219
50.5,uav_02,1,-5.240553963043833,-20.62963954849222,7.819999694824219
50.6,uav_02,1,-5.5421256235555,-20.62963954849222,7.819999694824219
50.7,uav_02,1,-5.843697284067131,-20.62963954849222,7.819999694824219
50.8,uav_02,1,-6.1511533587843035,-20.62963954849222,7.819999694824219
50.9,uav_02,1,-6.450525329647998,-20.62963954849222,7.819999694824219
51.0,uav_02,1,-6.7484122656020595,-20.62963954849222,7.819999694824219
51.1,uav_02,1,-7.056106809630077,-20.62963954849222,7.819999694824219
51.2,uav_02,1,-7.361204214077649,-20.62963954849222,7.819999694824219
51.3,uav_02,1,-7.668343049616936,-20.62963954849222,7.819999694824219
51.4,uav_02,1,-7.971830707887092,-20.62963954849222,7.819999694824219
51.5,uav_02,1,-8.271713745652551,-20.62963954849222,7.819999694824219
51.6,uav_02,1,-8.57159678341802,-20.62963954849222,7.819999694824219
51.7,uav_02,1,-8.865113264979389,-20.62963954849222,7.819999694824219
51.8,uav_02,1,-9.161714230125492,-20.62963954849222,7.819999694824219
51.9,uav_02,1,-9.46159726789096,-20.62963954849222,7.819999694824219
52.0,uav_02,1,-9.767921916008056,-20.62963954849222,7.819999694824219
52.1,uav_02,1,-10.064545342171705,-20.62963954849222,7.819999694824219
52.2,uav_02,1,-10.346707236773192,-20.62224297615386,7.819999694824219
52.3,uav_02,1,-10.617677947893004,-20.611256270332262,7.819999694824219
52.4,uav_02,1,-10.877457341844009,-20.600342507404072,7.819999694824219
52.5,uav_02,1,-11.127228798769236,-20.582531809122074,7.819999694824219
52.6,uav_02,1,-11.367700744936451,-20.560762419423675,7.819999694824219
52.7,uav_02,1,-11.593193885696126,-20.532468125380596,7.819999694824219
52.8,uav_02,1,-11.805592742025109,-20.493489685779295,7.819999694824219
52.9,uav_02,1,-12.014022265304687,-20.443827100837318,7.819999694824219
53.0,uav_02,1,-12.212140551228828,-20.383480370506252,7.819999694824219
53.1,uav_02,1,-12.391659815884978,-20.318172201467664,7.819999694824219
53.2,uav_02,1,-12.552580059411861,-20.252864032429077,7.819999694824219
53.3,uav_02,1,-12.696588789097385,-20.178716830197935,7.819999694824219
53.4,uav_02,1,-12.827527251504332,-20.096176735708603,7.819999694824219
53.5,uav_02,1,-12.945560359244697,-20.011363378121,7.819999694824219
53.6,uav_02,1,-13.047467165353549,-19.91728632078189,7.819999694824219
53.7,uav_02,1,-13.134636864445689,-19.815541599872493,7.819999694824219
53.8,uav_02,1,-13.213743413210208,-19.713111614512986,7.819999694824219
53.9,uav_02,1,-13.284590527766147,-19.601192421068962,7.819999694824219
54.0,uav_02,1,-13.346778036266551,-19.479324263752428,7.819999694824219
54.1,uav_02,1,-13.400902394524111,-19.348192406684394,7.819999694824219
54.2,uav_02,1,-13.454037730379639,-19.21592426921486,7.819999694824219
54.3,uav_02,1,-13.500891675740569,-19.06922283637254,7.819999694824219
54.4,uav_02,1,-13.540111573364022,-18.91475703100234,7.819999694824219
54.5,uav_02,1,-13.571624356229913,-18.751153390547827,7.819999694824219
54.6,uav_02,1,-13.604095024609226,-18.58103153663254,7.819999694824219
54.7,uav_02,1,-13.63248821630128,-18.410909682893266,7.819999694824219
54.8,uav_02,1,-13.650997534506603,-18.240787829195767,7.824061249442424
54.9,uav_02,1,-13.665982068172543,-18.07471557639145,7.829999923706055
55.0,uav_02,1,-13.668975096555037,-17.918823311055753,7.829999923706055
55.1,uav_02,1,-13.656983591696925,-17.769966688849916,7.829999923706055
55.2,uav_02,1,-13.633788519124831,-17.626493498688333,7.829999923706055
55.3,uav_02,1,-13.598718791000866,-17.498902108346314,7.827979996388589
55.4,uav_02,1,-13.565622590905054,-17.371691416982145,7.819999694824219
55.5,uav_02,1,-13.505623148355411,-17.24763216492748,7.819999694824219
55.6,uav_02,1,-13.435427081060881,-17.128798817024375,7.819999694824219
55.7,uav_02,1,-13.349151032114635,-17.021707525107075,7.819999694824219
55.8,uav_02,1,-13.268545147519244,-16.93381207245394,7.819999694824219
55.9,uav_02,1,-13.170659459436154,-16.844255593973006,7.819999694824219
56.0,uav_02,1,-13.061735823465515,-16.767380540720477,7.819999694824219
56.1,uav_02,1,-12.941774238728323,-16.703186912922774,7.819999694824219
56.2,uav_02,1,-12.810774704535,-16.643770239182313,7.819999694824219
56.3,uav_02,1,-12.668737221961972,-16.584353565132673,7.819999694824219
56.4,uav_02,1,-12.51992716392602,-16.535744332541615,7.819999694824219
56.5,uav_02,1,-12.373592987310534,-16.481614835492817,7.819999694824219
56.6,uav_02,1,-12.218714658400966,-16.44433926080066,7.819999694824219
56.7,uav_02,1,-12.045347968851134,-16.40098856491278,7.819999694824219
56.8,uav_02,1,-11.869125173924756,-16.365766952907368,7.819999694824219
56.9,uav_02,1,-11.684257221807647,-16.341955784890743,7.819999694824219
57.0,uav_02,1,-11.498244272032938,-16.30936513367882,7.819999694824219
57.1,uav_02,1,-11.30330311082383,-16.29613672787874,7.819999694824219
57.2,uav_02,1,-11.09843026644709,-16.274468721335598,7.819999694824219
57.3,uav_02,1,-10.883625740089265,-16.26255579577342,7.819999694824219
57.4,uav_02,1,-10.682240066525445,-16.262053313928547,7.819999694824219
57.5,uav_02,1,-10.480418166210407,-16.243939182510278,7.811829127843413
57.6,uav_02,1,-10.27847215424741,-16.239882825564166,7.809999465942383
57.7,uav_02,1,-10.070379580241687,-16.239882825564166,7.809999465942383
57.8,uav_02,1,-9.859653307431484,-16.252010993131407,7.809999465942383
57.9,uav_02,1,-9.644517205788718,-16.262053313928547,7.809999465942383
58.0,uav_02,1,-9.42146920940056,-16.266122076500768,7.809999465942383
58.1,uav_02,1,-9.198528605272907,-16.273138558307654,7.809999465942383
58.2,uav_02,1,-8.984192874171521,-16.275211999560756,7.809999465942383
58.3,uav_02,1,-8.755906078419173,-16.284223802686757,7.809999465942383
58.4,uav_02,1,-8.527523050412006,-16.284303124124083,7.809999465942383
58.5,uav_02,1,-8.286809836999433,-16.294545857303724,7.809999465942383
58.6,uav_02,1,-8.04407151434177,-16.30487476246856,7.809999465942383
58.7,uav_02,1,-7.795272149167823,-16.30639429105114,7.809999465942383
58.8,uav_02,1,-7.557732160025257,-16.314368826637445,7.809999465942383
58.9,uav_02,1,-7.304960813004997,-16.317479535430248,7.809999465942383
59.0,uav_02,1,-7.055339748623181,-16.32395526761276,7.809999465942383
59.1,uav_02,1,-6.80745417133878,-16.328564779415526,7.809999465942383
59.2,uav_02,1,-6.555556461484159,-16.33354170865437,7.809999465942383
59.3,uav_02,1,-6.299979099836299,-16.343877551446607,7.809999465942383
59.4,uav_02,1,-6.039085043749073,-16.350735268173732,7.809999465942383
59.5,uav_02,1,-5.77372280842189,-16.353641008456606,7.809999465942383
59.6,uav_02,1,-5.493140044896051,-16.36182051215901,7.809999465942383
59.7,uav_02,1,-5.2045591078710025,-16.365104328595823,7.809999465942383
59.8,uav_02,1,-4.912817488706096,-16.376537042865596,7.809999465942383
59.9,uav_02,1,-4.617748604997512,-16.38399100091722,7.809999465942383
60.0,uav_02,1,-4.325402108768632,-16.388317227026047,7.809999465942383
60.1,uav_02,1,-4.026870104956683,-16.395076245296327,7.809999465942383
60.2,uav_02,1,-3.7327085376466846,-16.395076245296327,7.809999465942383
60.3,uav_02,1,-3.434781849010705,-16.400444880886432,7.809999465942383
60.4,uav_02,1,-3.136249407320907,-16.406161489281605,7.809999465942383
60.5,uav_02,1,-2.8377961539236893,-16.406161489281605,7.809999465942383
60.6,uav_02,1,-2.531017871305942,-16.406161489281605,7.809999465942383
60.7,uav_02,1,-2.236051177910715,-16.412756026082405,7.809999465942383
60.8,uav_02,1,-1.9389533336085687,-16.417246733660708,7.809999465942383
60.9,uav_02,1,-1.6334681884619486,-16.417246733660708,7.809999465942383
61.0,uav_02,1,-1.3270216880085783,-16.417246733660708,7.809999465942383
61.1,uav_02,1,-1.0337881278069083,-16.417246733660708,7.809999465942383
61.2,uav_02,1,-0.733425943377564,-16.417246733660708,7.809999465942383
61.3,uav_02,1,-0.42697944292422335,-16.417246733660708,7.809999465942383
61.4,uav_02,1,-0.12053294247087742,-16.417246733660708,7.809999465942383
61.5,uav_02,1,0.16277537306041595,-16.417246733660708,7.809999465942383
61.6,uav_02,1,0.4374438094672439,-16.417246733660708,7.803438860768879
61.7,uav_02,1,0.7115185361693486,-16.417246733660708,7.799999237060547
61.8,uav_02,1,0.9855932628714023,-16.417246733660708,7.799999237060547
61.9,uav_02,1,1.2596679895734737,-16.417246733660708,7.799999237060547
62.0,uav_02,1,1.5337427162755786,-16.417246733660708,7.799999237060547
62.1,uav_02,1,1.8078174429776628,-16.417246733660708,7.799999237060547
62.2,uav_02,1,2.0818921696797266,-16.417246733660708,7.799999237060547
62.3,uav_02,1,2.3559668963818003,-16.416468491314458,7.799999237060547
62.4,uav_02,1,2.630041623083894,-16.40631098727299,7.799999237060547
62.5,uav_02,1,2.904116349785987,-16.406161489281605,7.799999237060547
62.6,uav_02,1,3.179539592033323,-16.406161489281605,7.799999237060547
62.7,uav_02,1,3.4558414424323933,-16.406161489281605,7.799999237060547
62.8,uav_02,1,3.7323134123231805,-16.406161489281605,7.799999237060547
62.9,uav_02,1,4.007311993320969,-16.399608844336797,7.799999237060547
63.0,uav_02,1,4.282764789864375,-16.395076245296327,7.799999237060547
63.1,uav_02,1,4.559236759755179,-16.395076245296327,7.799999237060547
63.2,uav_02,1,4.839188761598214,-16.395076245296327,7.799999237060547
63.3,uav_02,1,5.121829326989029,-16.391916955489464,7.799999237060547
63.4,uav_02,1,5.39830129687981,-16.38399100091722,7.799999237060547
63.5,uav_02,1,5.674773266770606,-16.38399100091722,7.799999237060547
63.6,uav_02,1,5.952668652850851,-16.38399100091722,7.799999237060547
63.7,uav_02,1,6.253448192021057,-16.383257343211287,7.799999237060547
63.8,uav_02,1,6.577082892534991,-16.372905756538117,7.799999237060547
63.9,uav_02,1,6.891707543298677,-16.372905756538117,7.799999237060547
64.0,uav_02,1,7.20633219406234,-16.372905756538117,7.799999237060547
64.1,uav_02,1,7.526238434410181,-16.372905756538117,7.799999237060547
64.2,uav_02,1,7.851737402588984,-16.369296681606656,7.799999237060547
64.3,uav_02,1,8.159854773805671,-16.36182051215901,7.799999237060547
64.4,uav_02,1,8.47447942456938,-16.36182051215901,7.799999237060547
64.5,uav_02,1,8.789104075333077,-16.36182051215901,7.799999237060547
64.6,uav_02,1,9.103629012901763,-16.36182051215901,7.799999237060547
64.7,uav_02,1,9.40998397454246,-16.36182051215901,7.799999237060547
64.8,uav_02,1,9.714090915033301,-16.36182051215901,7.799999237060547
64.9,uav_02,1,10.017724660458887,-16.35600834185084,7.799999237060547
65.0,uav_02,1,10.315475108045081,-16.350735268173732,7.799999237060547
65.1,uav_02,1,10.613324156682559,-16.350735268173732,7.799999237060547
65.2,uav_02,1,10.912370185914638,-16.350735268173732,7.799999237060547
65.3,uav_02,1,11.211416215146674,-16.350735268173732,7.799999237060547
65.4,uav_02,1,11.51543085887143,-16.350735268173732,7.799999237060547
65.5,uav_02,1,11.81915690106306,-16.350735268173732,7.799999237060547
65.6,uav_02,1,12.114274862706363,-16.350735268173732,7.799999237060547
65.7,uav_02,1,12.403550952625533,-16.350735268173732,7.799999237060547
65.8,uav_02,1,12.690586706842158,-16.350735268173732,7.799999237060547
65.9,uav_02,1,12.98136443836656,-16.350735268173732,7.799999237060547
66.0,uav_02,1,13.274306842727658,-16.350735268173732,7.799999237060547
66.1,uav_02,1,13.561342596944256,-16.350735268173732,7.799999237060547
66.2,uav_02,1,13.84837835116092,-16.34777830731853,7.799999237060547
66.3,uav_02,1,14.139782779294608,-16.339650023794626,7.799999237060547
66.4,uav_02,1,14.439952188937555,-16.339650023794626,7.799999237060547
66.5,uav_02,1,14.719134241263053,-16.339650023794626,7.799999237060547
66.6,uav_02,1,15.006475675534158,-16.339650023794626,7.799999237060547
66.7,uav_02,1,15.296424917892207,-16.339650023794626,7.799999237060547
66.8,uav_02,1,15.588377605651976,-16.339650023794626,7.799999237060547
66.9,uav_02,1,15.889010673811914,-16.339650023794626,7.799999237060547
67.0,uav_02,1,16.180479237360075,-16.339650023794626,7.799999237060547
67.1,uav_02,1,16.481341303647646,-16.339650023794626,7.799999237060547
67.2,uav_02,1,16.770721523338562,-16.339650023794626,7.799999237060547
67.3,uav_02,1,17.06204099321642,-16.339650023794626,7.799999237060547
67.4,uav_02,1,17.35350955676459,-16.339650023794626,7.799999237060547
67.5,uav_02,1,17.644978120312746,-16.339650023794626,7.799999237060547
67.6,uav_02,1,17.936446683860908,-16.339650023794626,7.799999237060547
67.7,uav_02,1,18.23376459283063,-16.339650023794626,7.799999237060547
67.8,uav_02,1,18.543990528592253,-16.339650023794626,7.799999237060547
67.9,uav_02,1,18.84835974622421,-16.339650023794626,7.799999237060547
68.0,uav_02,1,19.151200349078593,-16.339650023794626,7.799999237060547
68.1,uav_02,1,19.454040951932942,-16.339650023794626,7.799999237060547
68.2,uav_02,1,19.73967813885128,-16.339650023794626,7.808914395487845
68.3,uav_02,1,20.022980638071786,-16.339650023794626,7.809999465942383
68.4,uav_02,1,20.297440582594398,-16.32949087108127,7.809999465942383
68.5,uav_02,1,20.562011051049904,-16.318267273107974,7.809999465942383
68.6,uav_02,1,20.816692044597527,-16.29660781416339,7.809999465942383
68.7,uav_02,1,21.04506870393315,-16.274851010100818,7.809999465942383
68.8,uav_02,1,21.267979590473665,-16.24369463255279,7.809999465942383
68.9,uav_02,1,21.482389093758194,-16.202345575224903,7.809999465942383
69.0,uav_02,1,21.68010551522373,-16.150771932568738,7.809999465942383
69.1,uav_02,1,21.860022920859898,-16.106021011894697,7.809999465942383
69.2,uav_02,1,22.036230215390688,-16.05530802794066,7.809999465942383
69.3,uav_02,1,22.1915458628591,-15.994750441659935,7.809999465942383
69.4,uav_02,1,22.333311510820412,-15.923854942524292,7.809999465942383
69.5,uav_02,1,22.46658216510131,-15.842560578996958,7.809999465942383
69.6,uav_02,1,22.580021696047364,-15.757321260030572,7.809999465942383
69.7,uav_02,1,22.679336316996796,-15.668770770744642,7.809999465942383
69.8,uav_02,1,22.767372975675176,-15.578661957747734,7.809999465942383
69.9,uav_02,1,22.838909766964978,-15.483406311991198,7.809999465942383
70.0,uav_02,1,22.898972712911352,-15.377008062440577,7.809999465942383
70.1,uav_02,1,22.957621491133064,-15.276803453021724,7.809999465942383
70.2,uav_02,1,23.000523595206282,-15.158507595240959,7.809999465942383
70.3,uav_02,1,23.043425699279492,-15.040211737460208,7.818518278777749
70.4,uav_02,1,23.079176713464452,-14.913700040010607,7.812588015184708
70.5,uav_02,1,23.107415513583437,-14.778557610219917,7.809999465942383
70.6,uav_02,1,23.133156775783494,-14.6347844483808,7.809999465942383
70.7,uav_02,1,23.162844507056544,-14.486914626154835,7.809999465942383
70.8,uav_02,1,23.188755200933258,-14.335188053128844,7.813214563127379
70.9,uav_02,1,23.198130511766895,-14.173619571163652,7.819999694824219
71.0,uav_02,1,23.207815413188225,-14.006715800302072,7.819999694824219
71.1,uav_02,1,23.21459902816557,-13.846478564777202,7.819999694824219
71.2,uav_02,1,23.20872391079869,-13.701828629898703,7.819999694824219
71.3,uav_02,1,23.186380277043444,-13.560595310367994,7.819999694824219
71.4,uav_02,1,23.154315469408374,-13.43053058283658,7.819999694824219
71.5,uav_02,1,23.10963416994551,-13.30845266278404,7.819999694824219
71.6,uav_02,1,23.05185613540153,-13.193653052585383,7.819999694824219
71.7,uav_02,1,22.987669692068774,-13.097001723496094,7.819999694824219
71.8,uav_02,1,22.909096068508582,-13.006729011879045,7.819999694824219
71.9,uav_02,1,22.823590557164767,-12.91717518618096,7.819999694824219
72.0,uav_02,1,22.725551478989637,-12.838803238344855,7.819999694824219
72.1,uav_02,1,22.61637924829801,-12.767175092360345,7.819999694824219
72.2,uav_02,1,22.496073865109157,-12.709346511743844,7.819999694824219
72.3,uav_02,1,22.364635330151803,-12.6538418516553,7.819999694824219
72.4,uav_02,1,22.229553756768972,-12.611362415822414,7.819999694824219
72.5,uav_02,1,22.07800742984265,-12.56609021974452,7.819999694824219
72.6,uav_02,1,21.922144076826818,-12.518338122646457,7.819999694824219
72.7,uav_02,1,21.746964401752997,-12.470675064292438,7.819999694824219
72.8,uav_02,1,21.58734533108593,-12.436884062472693,7.819999694824219
72.9,uav_02,1,21.404316190321307,-12.41425923404193,7.819999694824219
73.0,uav_02,1,21.238427259480442,-12.38135871164459,7.819999694824219
73.1,uav_02,1,21.035748544974407,-12.359592998116412,7.819999694824219
73.2,uav_02,1,20.841927541470056,-12.348482971688307,7.819999694824219
73.3,uav_02,1,20.63885336805321,-12.337372944882521,7.820454277904989
73.4,uav_02,1,20.43485885276947,-12.326791605424042,7.82952298388414
73.5,uav_02,1,20.213013614012343,-12.326791605424042,7.819999694824219
73.6,uav_02,1,20.001104752650015,-12.326791605424042,7.819999694824219
73.7,uav_02,1,19.770324340989635,-12.326791605424042,7.819999694824219
73.8,uav_02,1,19.56661758431988,-12.326791605424042,7.819999694824219
73.9,uav_02,1,19.364117473275623,-12.336061811905465,7.819999694824219
74.0,uav_02,1,19.154816748435813,-12.345752981663832,7.819999694824219
74.1,uav_02,1,18.943936210153165,-12.35544415119191,7.819999694824219
74.2,uav_02,1,18.733055671638084,-12.365135320786742,7.819999694824219
74.3,uav_02,1,18.5189599452437,-12.37482649054511,7.819999694824219
74.4,uav_02,1,18.299644186037533,-12.384517660221775,7.819999694824219
74.5,uav_02,1,18.079540050870953,-12.39420882966802,7.819999694824219
74.6,uav_02,1,17.8517890685159,-12.40389999942639,7.819999694824219
74.7,uav_02,1,17.624038087299155,-12.413591169184759,7.819999694824219
74.8,uav_02,1,17.396287106142868,-12.423282338665702,7.819999694824219
74.9,uav_02,1,17.152028920659582,-12.433675916343656,7.819999694824219
75.0,uav_02,1,16.882240076638787,-12.444887585446095,7.819999694824219
75.1,uav_02,1,16.602449799731986,-12.456367913116463,7.819999694824219
75.2,uav_02,1,16.329652082529865,-12.467848240935764,7.819999694824219
75.3,uav_02,1,16.037844992619902,-12.479328568877511,7.819999694824219
75.4,uav_02,1,15.74575001919093,-12.490808896505772,7.819999694824219
75.5,uav_02,1,15.463991438340551,-12.511508179592871,7.819999694824219
75.6,uav_02,1,15.1842011616646,-12.52485479634647,7.819999694824219
75.7,uav_02,1,14.880506971853922,-12.53625240421652,7.819999694824219
75.8,uav_02,1,14.588950626211394,-12.547723075141203,7.819999694824219
75.9,uav_02,1,14.303100757774164,-12.559047592260772,7.819999694824219
76.0,uav_02,1,14.010562423771333,-12.570268574985574,7.819999694824219
76.1,uav_02,1,13.717678576809924,-12.581484984950693,7.819999694824219
76.2,uav_02,1,13.424794728543512,-12.592701394526818,7.819999694824219
76.3,uav_02,1,13.141555237770673,-12.603917804487105,7.819999694824219
76.4,uav_02,1,12.858214393997642,-12.604175228390703,7.819999694824219
76.5,uav_02,1,12.555567751356097,-12.626350624023514,7.819999694824219
76.6,uav_02,1,12.253259338087878,-12.63717844449454,7.819999694824219
76.7,uav_02,1,11.960375489852659,-12.638217954636293,7.819999694824219
76.8,uav_02,1,11.6678197797893,-12.659966694978062,7.819999694824219
76.9,uav_02,1,11.380877467331175,-12.670434177238027,7.819999694824219
77.0,uav_02,1,11.110867336340295,-12.670434177238027,7.819999694824219
77.1,uav_02,1,10.840857206557606,-12.670434177238027,7.819999694824219
77.2,uav_02,1,10.562993199129608,-12.688480710865488,7.819999694824219
77.3,uav_02,1,10.283982730993248,-12.700883116122974,7.819999694824219
77.4,uav_02,1,10.004972262856866,-12.703689909981513,7.819999694824219
77.5,uav_02,1,9.737779806919434,-12.703689909981513,7.819999694824219
77.6,uav_02,1,9.466248582859903,-12.715777912087217,7.819999694824219
77.7,uav_02,1,9.182625689657561,-12.725860398345896,7.819999694824219
77.8,uav_02,1,8.89959462396842,-12.730377127192162,7.819999694824219
77.9,uav_02,1,8.624811673107848,-12.736945642725003,7.819999694824219
78.0,uav_02,1,8.354568771585894,-12.736945642725003,7.819999694824219
78.1,uav_02,1,8.087548720468947,-12.736945642725003,7.819999694824219
78.2,uav_02,1,7.8205286693519325,-12.737279834238208,7.819999694824219
78.3,uav_02,1,7.553508618235022,-12.757071934245602,7.819999694824219
78.4,uav_02,1,7.286488567118045,-12.759116131089385,7.819999694824219
78.5,uav_02,1,7.019468516001102,-12.766800888629207,7.813067115652172
78.6,uav_02,1,6.752448464884136,-12.77020137546849,7.809999465942383
78.7,uav_02,1,6.485428413767156,-12.77020137546849,7.809999465942383
78.8,uav_02,1,6.218408362650233,-12.77020137546849,7.809999465942383
78.9,uav_02,1,5.951388311533251,-12.77020137546849,7.809999465942383
79.0,uav_02,1,5.679486679122772,-12.774040781786047,7.809999465942383
79.1,uav_02,1,5.381647865135716,-12.792371863832873,7.809999465942383
79.2,uav_02,1,5.068000254700458,-12.792371863832873,7.809999465942383
79.3,uav_02,1,4.7543526442652455,-12.795322295872866,7.809999465942383
79.4,uav_02,1,4.437667932801885,-12.803457108211978,7.809999465942383
79.5,uav_02,1,4.117408795942506,-12.803457108211978,7.809999465942383
79.6,uav_02,1,3.8037611855072933,-12.803457108211978,7.809999465942383
79.7,uav_02,1,3.4901135750720353,-12.803457108211978,7.809999465942383
79.8,uav_02,1,3.176465964636822,-12.803457108211978,7.809999465942383
79.9,uav_02,1,2.8628183542015644,-12.803457108211978,7.809999465942383
80.0,uav_02,1,2.5422381032895736,-12.803457108211978,7.809999465942383
80.1,uav_02,1,2.2197002214953616,-12.818437595742036,7.809999465942383
80.2,uav_02,1,1.898980030241332,-12.825627596576362,7.809999465942383
80.3,uav_02,1,1.5782598389873708,-12.825627596576362,7.809999465942383
80.4,uav_02,1,1.2489285650136057,-12.825627596576362,7.809999465942383
80.5,uav_02,1,0.9271708290271572,-12.825627596576362,7.809999465942383
80.6,uav_02,1,0.6064506377731617,-12.825627596576362,7.809999465942383
80.7,uav_02,1,0.28573044651916135,-12.825627596576362,7.809999465942383
80.8,uav_02,1,-0.03498974473482905,-12.827639531200173,7.809999465942383
80.9,uav_02,1,-0.3503214034135754,-12.836712840955467,7.809999465942383
81.0,uav_02,1,-0.6455443559703241,-12.836712840955467,7.809999465942383
81.1,uav_02,1,-0.9335109702640756,-12.836712840955467,7.809999465942383
81.2,uav_02,1,-1.2276583484600618,-12.836712840955467,7.809999465942383
81.3,uav_02,1,-1.5147943315557084,-12.836712840955467,7.809999465942383
81.4,uav_02,1,-1.8097723423209318,-12.836712840955467,7.809999465942383
81.5,uav_02,1,-2.0960050248396325,-12.836712840955467,7.809999465942383
81.6,uav_02,1,-2.3822377073582954,-12.836712840955467,7.809999465942383
81.7,uav_02,1,-2.668470389877073,-12.836712840955467,7.809999465942383
81.8,uav_02,1,-2.9462277216064985,-12.836712840955467,7.809999465942383
81.9,uav_02,1,-3.2474071950797763,-12.836712840955467,7.809999465942383
82.0,uav_02,1,-3.52305263175421,-12.836712840955467,7.809999465942383
82.1,uav_02,1,-3.7847291652968953,-12.836712840955467,7.809999465942383
82.2,uav_02,1,-4.044509212728682,-12.836712840955467,7.809999465942383
82.3,uav_02,1,-4.308720028257388,-12.836712840955467,7.809999465942383
82.4,uav_02,1,-4.575606544330284,-12.836712840955467,7.809999465942383
82.5,uav_02,1,-4.836330896404877,-12.836712840955467,7.809999465942383
82.6,uav_02,1,-5.097055248479557,-12.836712840955467,7.809999465942383
82.7,uav_02,1,-5.3577796005542115,-12.836712840955467,7.809999465942383
82.8,uav_02,1,-5.618503952628826,-12.836712840955467,7.817196784903724
82.9,uav_02,1,-5.879228304703522,-12.836712840955467,7.819999694824219
83.0,uav_02,1,-6.144420592801186,-12.836712840955467,7.819999694824219
83.1,uav_02,1,-6.421262382657708,-12.836712840955467,7.819999694824219
83.2,uav_02,1,-6.717256035838528,-12.836712840955467,7.819999694824219
83.3,uav_02,1,-7.025871334661157,-12.836712840955467,7.819999694824219
83.4,uav_02,1,-7.334486633483776,-12.836712840955467,7.819999694824219
83.5,uav_02,1,-7.647504168457499,-12.836712840955467,7.819999694824219
83.6,uav_02,1,-7.961365858581277,-12.836712840955467,7.819999694824219
83.7,uav_02,1,-8.269981157403919,-12.836712840955467,7.819999694824219
83.8,uav_02,1,-8.578596456226562,-12.836712840955467,7.819999694824219
83.9,uav_02,1,-8.88158270219995,-12.836712840955467,7.819999694824219
84.0,uav_02,1,-9.180242668552197,-12.836712840955467,7.819999694824219
84.1,uav_02,1,-9.477402461929742,-12.836712840955467,7.819999694824219
84.2,uav_02,1,-9.77277047897674,-12.836712840955467,7.819999694824219
84.3,uav_02,1,-10.052993300693998,-12.836712840955467,7.819999694824219
84.4,uav_02,1,-10.334157839268883,-12.836712840955467,7.819999694824219
84.5,uav_02,1,-10.612360597877597,-12.836712840955467,7.819999694824219
84.6,uav_02,1,-10.873520727959965,-12.836712840955467,7.819999694824219
84.7,uav_02,1,-11.136299796069709,-12.836712840955467,7.819999694824219
84.8,uav_02,1,-11.379513149394615,-12.836712840955467,7.819999694824219
84.9,uav_02,1,-11.615420131571772,-12.836712840955467,7.819999694824219
85.0,uav_02,1,-11.851327113748859,-12.827802415318118,7.819999694824219
85.1,uav_02,1,-12.064704340085534,-12.825627596576362,7.819999694824219
85.2,uav_02,1,-12.261916333776185,-12.825627596576362,7.819999694824219
85.3,uav_02,1,-12.442438715032543,-12.825627596576362,7.819999694824219
85.4,uav_02,1,-12.60525079372244,-12.810722057346522,7.819999694824219
85.5,uav_02,1,-12.76862309075395,-12.803457108211978,7.819999694824219
85.6,uav_02,1,-12.918076798630906,-12.803457108211978,7.819999694824219
85.7,uav_02,1,-13.046261749042513,-12.803457108211978,7.819999694824219
85.8,uav_02,1,-13.161636355445662,-12.803457108211978,7.819999694824219
85.9,uav_02,1,-13.268155811194768,-12.803457108211978,7.819999694824219
86.0,uav_02,1,-13.361713634642808,-12.803457108211978,7.819999694824219
86.1,uav_02,1,-13.438304082885262,-12.803457108211978,7.819999694824219
86.2,uav_02,1,-13.49411945703548,-12.799152748957866,7.819999694824219
86.3,uav_02,1,-13.529057227466994,-12.792371863832873,7.819999694824219
86.4,uav_02,1,-13.54667374785108,-12.792371863832873,7.819999694824219
86.5,uav_02,1,-13.53916193542281,-12.792371863832873,7.816106921544591
86.6,uav_02,1,-13.51223315345274,-12.792371863832873,7.809999465942383
86.7,uav_02,1,-13.469703165059183,-12.783604055125116,7.809999465942383
86.8,uav_02,1,-13.413619001147602,-12.77020137546849,7.809999465942383
86.9,uav_02,1,-13.345869106654693,-12.77020137546849,7.814016314898282
87.0,uav_02,1,-13.274213664642524,-12.77020137546849,7.819999694824219
87.1,uav_02,1,-13.195104236076592,-12.77020137546849,7.819999694824219
87.2,uav_02,1,-13.114566636147249,-12.77020137546849,7.819999694824219
87.3,uav_02,1,-13.033935614193664,-12.77020137546849,7.819999694824219
87.4,uav_02,1,-12.946640935046828,-12.77020137546849,7.819999694824219
87.5,uav_02,1,-12.858891275552411,-12.77020137546849,7.819999694824219
87.6,uav_02,1,-12.754137660328105,-12.77020137546849,7.819999694824219
87.7,uav_02,1,-12.649384045103785,-12.760966802938164,7.819999694824219
87.8,uav_02,1,-12.530393153850863,-12.759116131089385,7.819999694824219
87.9,uav_02,1,-12.408180602549063,-12.744871053859697,7.819999694824219
88.0,uav_02,1,-12.280687733806385,-12.736945642725003,7.819999694824219
88.1,uav_02,1,-12.14538455705926,-12.736945642725003,7.819999694824219
88.2,uav_02,1,-11.99671520371956,-12.736945642725003,7.819999694824219
88.3,uav_02,1,-11.826656979875716,-12.736945642725003,7.819999694824219
88.4,uav_02,1,-11.644504007330026,-12.746976635751926,7.815475111308842
88.5,uav_02,1,-11.453477485418084,-12.764626812925034,7.814970766327545
88.6,uav_02,1,-11.251893979156707,-12.77020137546849,7.819999694824219
88.7,uav_02,1,-11.043803745636536,-12.77020137546849,7.819999694824219
88.8,uav_02,1,-10.831291944420023,-12.77020137546849,7.819999694824219
88.9,uav_02,1,-10.612140138018216,-12.77020137546849,7.819999694824219
89.0,uav_02,1,-10.382397740073841,-12.77020137546849,7.819999694824219
89.1,uav_02,1,-10.15722868765465,-12.77020137546849,7.819999694824219
89.2,uav_02,1,-9.936907740528484,-12.743998451279106,7.819999694824219
89.3,uav_02,1,-9.722774632146152,-12.736945642725003,7.819999694824219
89.4,uav_02,1,-9.503307480952785,-12.713304606349102,7.819999694824219
89.5,uav_02,1,-9.281455575185278,-12.696274634860133,7.819999694824219
89.6,uav_02,1,-9.053554191118979,-12.678704256467713,7.819999694824219
89.7,uav_02,1,-8.828103134826872,-12.650978774687715,7.819999694824219
89.8,uav_02,1,-8.606251229059373,-12.619118253219423,7.819999694824219
89.9,uav_02,1,-8.379564241630618,-12.598367718351959,7.819999694824219
90.0,uav_02,1,-8.148468506373954,-12.58265762161574,7.819999694824219
90.1,uav_02,1,-7.917372771005273,-12.561417274095982,7.819999694824219
90.2,uav_02,1,-7.679114438296439,-12.535547612316144,7.819999694824219
90.3,uav_02,1,-7.427573491657273,-12.506548375194276,7.819999694824219
90.4,uav_02,1,-7.172595096030976,-12.484014300144366,7.819999694824219
90.5,uav_02,1,-6.917616700404697,-12.461480225333874,7.819999694824219
90.6,uav_02,1,-6.659330719070681,-12.439027002763348,7.819999694824219
90.7,uav_02,1,-6.400101817773576,-12.41659682938877,7.819999694824219
90.8,uav_02,1,-6.140629723726817,-12.388899974130645,7.819999694824219
90.9,uav_02,1,-5.880496399068727,-12.355098861714762,7.819999694824219
91.0,uav_02,1,-5.620707838365257,-12.315771382398683,7.819999694824219
91.1,uav_02,1,-5.3509541828467935,-12.276411392503906,7.819999694824219
91.2,uav_02,1,-5.092998861068397,-12.237848634313103,7.819999694824219
91.3,uav_02,1,-4.849095307185414,-12.195523222420906,7.819999694824219
91.4,uav_02,1,-4.604006180713115,-12.149359803593388,7.819999694824219
91.5,uav_02,1,-4.355617036707835,-12.101006493581595,7.819999694824219
91.6,uav_02,1,-4.104179298945094,-12.059290751543271,7.819999694824219
91.7,uav_02,1,-3.856932660948723,-12.020053759639543,7.819999694824219
91.8,uav_02,1,-3.6043524171770955,-11.988766953009085,7.819999694824219
91.9,uav_02,1,-3.3582482851895863,-11.957480146378614,7.819999694824219
92.0,uav_02,1,-3.103638030450768,-11.926193339748158,7.819999694824219
92.1,uav_02,1,-2.8403941536305424,-11.8949065331177,7.819999694824219
92.2,uav_02,1,-2.58610015086356,-11.863619726487231,7.819999694824219
92.3,uav_02,1,-2.314260719542029,-11.8512169918131,7.819999694824219
92.4,uav_02,1,-2.044014604487528,-11.830208376387816,7.819999694824219
92.5,uav_02,1,-1.7654531559826165,-11.798110919448899,7.819999694824219
92.6,uav_02,1,-1.4859113022634043,-11.784762281378452,7.819999694824219
92.7,uav_02,1,-1.2150099095232725,-11.763760700353496,7.819999694824219
92.8,uav_02,1,-0.9385448588414553,-11.731940997733572,7.819999694824219
92.9,uav_02,1,-0.6592661203293554,-11.708561759617107,7.819999694824219
93.0,uav_02,1,-0.37119197211841515,-11.686412534055348,7.819999694824219
93.1,uav_02,1,-0.08201074348865023,-11.664263308796286,7.819999694824219
93.2,uav_02,1,0.1901429101182065,-11.632332649923294,7.819999694824219
93.3,uav_02,1,0.4730021668733525,-11.60918999056157,7.819999694824219
93.4,uav_02,1,0.7471483042867287,-11.587569643142952,7.819999694824219
93.5,uav_02,1,1.027545528414176,-11.556925224578805,7.819999694824219
93.6,uav_02,1,1.3018341780489395,-11.533298905984852,7.81209459016391
93.7,uav_02,1,1.581728532803624,-11.51170615962634,7.809999465942383
93.8,uav_02,1,1.8636443496110777,-11.490113412977045,7.809999465942383
93.9,uav_02,1,2.1524330307736896,-11.4685206665155,7.809999465942383
94.0,uav_02,1,2.430503180477946,-11.446927920156995,7.809999465942383
94.1,uav_02,1,2.7157617954102595,-11.418016727703245,7.809999465942383
94.2,uav_02,1,2.994837681692452,-11.392657182811133,7.809999465942383
94.3,uav_02,1,3.277422766337447,-11.371188056762328,7.809999465942383
94.4,uav_02,1,3.5597172650875795,-11.349860062763831,7.809999465942383
94.5,uav_02,1,3.837566024043745,-11.328578823871384,7.809999465942383
94.6,uav_02,1,4.120087450675492,-11.307297584998153,7.809999465942383
94.7,uav_02,1,4.402912170194265,-11.286016346137295,7.809999465942383
94.8,uav_02,1,4.688558254286527,-11.260255959960283,7.809999465942383
94.9,uav_02,1,4.980518922542348,-11.232435310487325,7.809999465942383
95.0,uav_02,1,5.259947922552836,-11.207774619009772,7.809999465942383
95.1,uav_02,1,5.533849554296255,-11.181958552072036,7.809999465942383
95.2,uav_02,1,5.820959938723621,-11.166101390938342,7.809999465942383
95.3,uav_02,1,6.107852126726511,-11.136359351908379,7.809999465942383
95.4,uav_02,1,6.392337866459122,-11.113497628870613,7.809999465942383
95.5,uav_02,1,6.6695421734104325,-11.084084753302278,7.809999465942383
95.6,uav_02,1,6.9549437548680935,-11.072204381246285,7.809999465942383
95.7,uav_02,1,7.240345336325867,-11.040616099640742,7.809999465942383
95.8,uav_02,1,7.525746917783525,-11.0194615211031,7.809999465942383
95.9,uav_02,1,7.802259144544392,-10.988094021642308,7.809999465942383
96.0,uav_02,1,8.086901453246682,-10.956362153647945,7.809999465942383
96.1,uav_02,1,8.372303034704348,-10.94302430748357,7.809999465942383
96.2,uav_02,1,8.65770461616211,-10.923757962179579,7.809999465942383
96.3,uav_02,1,8.943106197619784,-10.894422282408353,7.809999465942383
96.4,uav_02,1,9.246447174066805,-10.869554979151532,7.809999465942383
96.5,uav_02,1,9.556427078607369,-10.846772654258197,7.809999465942383
96.6,uav_02,1,9.85870535079043,-10.81501618351039,7.809999465942383
96.7,uav_02,1,10.174621377635052,-10.789742930315505,7.809999465942383
96.8,uav_02,1,10.486199355278016,-10.766770690581703,7.809999465942383
96.9,uav_02,1,10.796123447501575,-10.733811592854396,7.809999465942383
97.0,uav_02,1,11.106047539725077,-10.709740966365954,7.809999465942383
97.1,uav_02,1,11.413565817745459,-10.686947050726141,7.809999465942383
97.2,uav_02,1,11.733051789384103,-10.65289599656417,7.809999465942383
97.3,uav_02,1,12.042774480974094,-10.629938685063737,7.809999465942383
97.4,uav_02,1,12.346921856896703,-10.606802567980612,7.809999465942383
97.5,uav_02,1,12.648000696677853,-10.573992772583061,7.809999465942383
97.6,uav_02,1,12.949722051987665,-10.550937980119581,7.809999465942383
97.7,uav_02,1,13.259807003692503,-10.518274306945992,7.809999465942383
97.8,uav_02,1,13.560885843473661,-10.495957695966414,7.809999465942383
97.9,uav_02,1,13.862797976604687,-10.47268372012375,7.809999465942383
98.0,uav_02,1,14.172692150488304,-10.440239230358166,7.809999465942383
98.1,uav_02,1,14.473770990269463,-10.417922619704392,7.809999465942383
98.2,uav_02,1,14.774849830050735,-10.395606008735191,7.809999465942383
98.3,uav_02,1,15.075298918345414,-10.372224769051687,7.809999465942383
98.4,uav_02,1,15.369602728751797,-10.340460925337819,7.809999465942383
98.5,uav_02,1,15.647861414691965,-10.309523227496625,7.809999465942383
98.6,uav_02,1,15.935024791824349,-10.29904661113503,7.809999465942383
98.7,uav_02,1,16.214027414024425,-10.269818320178635,7.809999465942383
98.8,uav_02,1,16.492286099964574,-10.247565806639138,7.809999465942383
98.9,uav_02,1,16.770544785904722,-10.219028168875353,7.809999465942383
99.0,uav_02,1,17.048803471844792,-10.202370126144233,7.809999465942383
99.1,uav_02,1,17.331138493386693,-10.179481124763061,7.8043029989860555
99.2,uav_02,1,17.612476908936966,-10.1541647888479,7.799999237060547
99.3,uav_02,1,17.898968588573688,-10.12881024136028,7.799999237060547
99.4,uav_02,1,18.189716501742126,-10.105599555852333,7.799999237060547
99.5,uav_02,1,18.478044155935706,-10.086754635863498,7.799999237060547
99.6,uav_02,1,18.781286153572793,-10.057417621594583,7.799999237060547
99.7,uav_02,1,19.087227346631465,-10.035198226540103,7.799999237060547
99.8,uav_02,1,19.38699462756759,-10.012978831342066,7.799999237060547
99.9,uav_02,1,19.68676190850376,-9.990759436037326,7.799999237060547
100.0,uav_02,1,19.990089042685998,-9.964450149090787,7.799999237060547
100.1,uav_02,1,20.295945097828277,-9.935235401549276,7.799999237060547
100.2,uav_02,1,20.595712378764468,-9.913016006347759,7.799999237060547
100.3,uav_02,1,20.89910336572591,-9.890796611046495,7.799999237060547
100.4,uav_02,1,21.196122059670515,-9.869227527290027,7.799999237060547
100.5,uav_02,1,21.469101805567462,-9.848993681795497,7.799999237060547
100.6,uav_02,1,21.733694332197345,-9.82938151482876,7.799999237060547
100.7,uav_02,1,21.99857923267333,-9.809769348153031,7.799999237060547
100.8,uav_02,1,22.27170700158899,-9.790157181477305,7.799999237060547
100.9,uav_02,1,22.537120539539146,-9.7705450144867,7.799999237060547
101.0,uav_02,1,22.801713066168986,-9.743349179572485,7.799999237060547
101.1,uav_02,1,23.066305592798837,-9.720235436677179,7.799999237060547
101.2,uav_02,1,23.335272195516694,-9.700623270001445,7.799999237060547
101.3,uav_02,1,23.604303891366865,-9.681073023615081,7.799999237060547
101.4,uav_02,1,23.869306139176228,-9.661583690325866,7.799999237060547
101.5,uav_02,1,24.143716204811938,-9.641805800458277,7.799999237060547
101.6,uav_02,1,24.42913503392262,-9.620649943135565,7.799999237060547
101.7,uav_02,1,24.727117379096253,-9.598562851355585,7.799999237060547
101.8,uav_02,1,25.025099724269914,-9.576475759554725,7.799999237060547
101.9,uav_02,1,25.323082069443576,-9.554388667401794,7.799999237060547
102.0,uav_02,1,25.62150330606486,-9.531797336135153,7.799999237060547
102.1,uav_02,1,25.92869538724314,-9.499591780640019,7.799999237060547
102.2,uav_02,1,26.22667773241676,-9.488127391668025,7.799999237060547
102.3,uav_02,1,26.524660077590347,-9.46566115528021,7.799999237060547
102.4,uav_02,1,26.822642422764094,-9.432530517414053,7.799999237060547
102.5,uav_02,1,27.12124036045729,-9.399978516139578,7.799999237060547
102.6,uav_02,1,27.442079342235832,-9.387669144712692,7.799999237060547
102.7,uav_02,1,27.761039594524295,-9.36252499260806,7.799999237060547
102.8,uav_02,1,28.079999846812647,-9.331537759848931,7.799999237060547
102.9,uav_02,1,28.398960099101096,-9.316743086310076,7.799999237060547
103.0,uav_02,1,28.71792035138944,-9.289391637708428,7.799999237060547
103.1,uav_02,1,29.040749713529433,-9.262818997864928,7.799999237060547
103.2,uav_02,1,29.365489483418543,-9.245817027907469,7.799999237060547
103.3,uav_02,1,29.684449735706874,-9.216258282808797,7.799999237060547
103.4,uav_02,1,30.001926510616176,-9.187557703387137,7.799999237060547
103.5,uav_02,1,30.318312380694156,-9.164106502535446,7.799999237060547
103.6,uav_02,1,30.63373931893534,-9.140726379892671,7.799999237060547
103.7,uav_02,1,30.948679370603468,-9.117382346465682,7.799999237060547
103.8,uav_02,1,31.2636194222715,-9.094038312718382,7.799999237060547
103.9,uav_02,1,31.586917954234806,-9.070694279217893,7.799999237060547
104.0,uav_02,1,31.903148153059924,-9.047350245790906,7.799999237060547
104.1,uav_02,1,32.21808820472794,-9.024006211981067,7.799999237060547
104.2,uav_02,1,32.53302825639601,-8.989576934164011,7.809999465942383
104.3,uav_02,1,32.847968308064104,-8.966232900737026,7.809999465942383
104.4,uav_02,1,33.16020597247303,-8.94308917401303,7.809999465942383
104.5,uav_02,1,33.45224555498724,-8.921442572226384,7.809999465942383
104.6,uav_02,1,33.73422052718276,-8.900541981330939,7.809999465942383
104.7,uav_02,1,34.01619549937834,-8.879641390435488,7.809999465942383
104.8,uav_02,1,34.29817047157393,-8.858740799175173,7.809999465942383
104.9,uav_02,1,34.580145443769524,-8.837840208250757,7.809999465942383
105.0,uav_02,1,34.846453121471356,-8.816939617035567,7.809999465942383
105.1,uav_02,1,35.11751714634404,-8.796039026066031,7.809999465942383
105.2,uav_02,1,35.38366782688891,-8.77513843517058,7.809999465942383
105.3,uav_02,1,35.647450865185924,-8.754237844023063,7.809999465942383
105.4,uav_02,1,35.91123390348301,-8.733337252985853,7.809999465942383
105.5,uav_02,1,36.164940347208095,-8.707227629211015,7.809999465942383
105.6,uav_02,1,36.40583221994213,-8.686248956562586,7.809999465942383
105.7,uav_02,1,36.641024544817434,-8.67273604426591,7.809999465942383
105.8,uav_02,1,36.871990771698876,-8.655148090825344,7.812189515637259
105.9,uav_02,1,37.08976144372133,-8.643790045458358,7.819999694824219
106.0,uav_02,1,37.307294667894645,-8.624047225088106,7.819999694824219
106.1,uav_02,1,37.51635451250334,-8.614039414212122,7.819999694824219
106.2,uav_02,1,37.70939341195014,-8.594828425254397,7.819999694824219
106.3,uav_02,1,37.89395893173272,-8.591064293380466,7.819999694824219
106.4,uav_02,1,38.070751425409924,-8.591064293380466,7.819999694824219
106.5,uav_02,1,38.239770893487474,-8.58509341548113,7.819999694824219
106.6,uav_02,1,38.40781181745653,-8.569324812174417,7.819999694824219
106.7,uav_02,1,38.56399029309707,-8.557808560636976,7.819999694824219
106.8,uav_02,1,38.703900730537654,-8.557808560636976,7.819999694824219
106.9,uav_02,1,38.8384094702111,-8.551602586616506,7.819999694824219
107.0,uav_02,1,38.95683296093991,-8.546723316257873,7.819999694824219
107.1,uav_02,1,39.060670943671234,-8.546723316257873,7.819999694824219
107.2,uav_02,1,39.147733727414476,-8.531933334144796,7.819999694824219
107.3,uav_02,1,39.22090095274725,-8.52455282789349,7.819999694824219
107.4,uav_02,1,39.29085617146755,-8.52455282789349,7.819999694824219
107.5,uav_02,1,39.33839675508595,-8.52455282789349,7.819999694824219
107.6,uav_02,1,39.37705376317971,-8.52455282789349,7.819999694824219
0.0,uav_03,1,39.308510574242234,0.4101540373009598,7.729999542236328
0.1,uav_03,1,39.308510574242234,0.4101540373009598,7.735241198667198
0.2,uav_03,1,39.308510574242234,0.4101540373009598,7.739999771118164
0.3,uav_03,1,39.308510574242234,0.4101540373009598,7.739999771118164
0.4,uav_03,1,39.308510574242234,0.4101540373009598,7.739999771118164
0.5,uav_03,1,39.308510574242234,0.4101540373009598,7.739999771118164
0.6,uav_03,1,39.2952767640288,0.4025519192492122,7.746857799493931
0.7,uav_03,1,39.28223165220431,0.3990687929218549,7.75
0.8,uav_03,1,39.26487183569445,0.3990687929218549,7.75
0.9,uav_03,1,39.24484505711557,0.3990687929218549,7.75
1.0,uav_03,1,39.208666379110475,0.3897903882736348,7.75
1.1,uav_03,1,39.16927529584902,0.3879835485427499,7.75
1.2,uav_03,1,39.12150559196848,0.37826952656443985,7.75
1.3,uav_03,1,39.063715765443355,0.3669752653467561,7.75
1.4,uav_03,1,39.00473242452155,0.35568100408035624,7.759140337962661
1.5,uav_03,1,38.92774728397096,0.354727815799262,7.760000228881836
1.6,uav_03,1,38.849102829042515,0.33362763642887805,7.760000228881836
1.7,uav_03,1,38.76109361651132,0.311039114297331,7.760000228881836
1.8,uav_03,1,38.66307191870486,0.28845059177611926,7.760000228881836
1.9,uav_03,1,38.5646063764617,0.25477682526130624,7.760000228881836
2.0,uav_03,1,38.44703677548936,0.2316429467942556,7.760000228881836
2.1,uav_03,1,38.34397389196988,0.18858539852222495,7.760000228881836
2.2,uav_03,1,38.22543255428375,0.15710684281713205,7.760000228881836
2.3,uav_03,1,38.09827488788543,0.1256650426728786,7.760000228881836
2.4,uav_03,1,37.97056207170071,0.08498509472535215,7.760000228881836
2.5,uav_03,1,37.8353346297552,0.051696198399091634,7.760000228881836
2.6,uav_03,1,37.691511127353635,0.012225538537170393,7.760000228881836
2.7,uav_03,1,37.53909156518586,-0.02227264626852231,7.7666977676853675
2.8,uav_03,1,37.38401171733196,-0.05371444641277547,7.770000457763672
2.9,uav_03,1,37.218112889145,-0.08515624655703011,7.770000457763672
3.0,uav_03,1,37.03502194081055,-0.11659804670128446,7.770000457763672
3.1,uav_03,1,36.84731103084303,-0.148125773973195,7.770000457763672
3.2,uav_03,1,36.65854671372903,-0.1754073110398108,7.770000457763672
3.3,uav_03,1,36.45902356376232,-0.1926442194751873,7.770000457763672
3.4,uav_03,1,36.253824586387665,-0.21101182945840435,7.770000457763672
3.5,uav_03,1,36.04561701379174,-0.23970323847274744,7.770000457763672
3.6,uav_03,1,35.83377800281492,-0.2580479159154659,7.770000457763672
3.7,uav_03,1,35.62148165088798,-0.27419998784464517,7.770000457763672
3.8,uav_03,1,35.38830099404671,-0.30399916590568404,7.770000457763672
3.9,uav_03,1,35.15684332603326,-0.325431141655714,7.770000457763672
4.0,uav_03,1,34.93298989592899,-0.34686311765891803,7.770000457763672
4.1,uav_03,1,34.70514615159282,-0.36835890042222863,7.770000457763672
4.2,uav_03,1,34.44850376011593,-0.39157418586157944,7.770000457763672
4.3,uav_03,1,34.204627624698695,-0.42631290199538063,7.77114471231456
4.4,uav_03,1,33.953310908631146,-0.46960005165056173,7.780000686645508
4.5,uav_03,1,33.70685318906151,-0.5044818194682885,7.780000686645508
4.6,uav_03,1,33.43623921672714,-0.5491089005686762,7.780000686645508
4.7,uav_03,1,33.17404533687447,-0.5952904906955365,7.780000686645508
4.8,uav_03,1,32.91185145682069,-0.6494483067547318,7.780000686645508
4.9,uav_03,1,32.64965757579799,-0.6940753877948121,7.780000686645508
5.0,uav_03,1,32.385923877436916,-0.7387024685616818,7.780000686645508
5.1,uav_03,1,32.11332063920263,-0.7853134611171337,7.780000686645508
5.2,uav_03,1,31.83713711787741,-0.8398587757628465,7.780000686645508
5.3,uav_03,1,31.560275822738447,-0.8829080941497328,7.780000686645508
5.4,uav_03,1,31.27920730739721,-0.9254354804851809,7.780000686645508
5.5,uav_03,1,30.995951578427974,-0.984773147532213,7.780000686645508
5.6,uav_03,1,30.718238652889042,-1.0259581952562808,7.780000686645508
5.7,uav_03,1,30.42294860060144,-1.0793427928284594,7.780000686645508
5.8,uav_03,1,30.134312822518755,-1.1292218187318215,7.780000686645508
5.9,uav_03,1,29.84567704443607,-1.181907131269893,7.780000686645508
6.0,uav_03,1,29.557041266353394,-1.2324854423792724,7.780000686645508
6.1,uav_03,1,29.279412413956813,-1.2874795688610727,7.780000686645508
6.2,uav_03,1,29.019857628760974,-1.3349436072677083,7.780000686645508
6.3,uav_03,1,28.76519286292035,-1.3777612494599152,7.780000686645508
6.4,uav_03,1,28.505849888955144,-1.427714250364281,7.780000686645508
6.5,uav_03,1,28.25367033346395,-1.477001298047625,7.780601456880572
6.6,uav_03,1,28.001490777972744,-1.51696369898408,7.789614184654417
6.7,uav_03,1,27.740988508740454,-1.5664880090920938,7.790000915527344
6.8,uav_03,1,27.480113106831105,-1.616441010297274,7.790000915527344
6.9,uav_03,1,27.225654855223453,-1.6663940112946487,7.790000915527344
7.0,uav_03,1,26.96801093006497,-1.7163470121990125,7.790000915527344
7.1,uav_03,1,26.707135527749422,-1.761116680001286,7.790000915527344
7.2,uav_03,1,26.442764013451594,-1.805837213317895,7.790000915527344
7.3,uav_03,1,26.174648455361847,-1.8542410529037654,7.790000915527344
7.4,uav_03,1,25.904632084769307,-1.9020858644007592,7.790000915527344
7.5,uav_03,1,25.62662601215673,-1.9624962373939931,7.790000915527344
7.6,uav_03,1,25.359589265188127,-2.01336060873299,7.790000915527344
7.7,uav_03,1,25.084904641103765,-2.0566054359081334,7.790000915527344
7.8,uav_03,1,24.810220018101862,-2.109202657489475,7.790000915527344
7.9,uav_03,1,24.535535393877524,-2.161799878718455,7.7900328896081215
8.0,uav_03,1,24.260850770949997,-2.214397099947431,7.799520888592877
8.1,uav_03,1,23.986166146786896,-2.2669943215312913,7.799999237060547
8.2,uav_03,1,23.71148152372377,-2.31016824837148,7.799999237060547
8.3,uav_03,1,23.421469418764804,-2.3640384600378868,7.799999237060547
8.4,uav_03,1,23.118229238457488,-2.422103562789137,7.799999237060547
8.5,uav_03,1,22.81321527334918,-2.480508313521062,7.799999237060547
8.6,uav_03,1,22.50813304702718,-2.527827820267713,7.799999237060547
8.7,uav_03,1,22.193538716776107,-2.5855584388154362,7.799999237060547
8.8,uav_03,1,21.888524751687196,-2.6348219158877146,7.799999237060547
8.9,uav_03,1,21.58351078765529,-2.6993109847741863,7.799999237060547
9.0,uav_03,1,21.280639101546928,-2.741737585232844,7.799999237060547
9.1,uav_03,1,20.980470703057076,-2.8087663303358945,7.799999237060547
9.2,uav_03,1,20.667596071378686,-2.866743680815651,7.799999237060547
9.3,uav_03,1,20.367887013324307,-2.919682103339522,7.803460699159378
9.4,uav_03,1,20.076854335380762,-2.9687019401591326,7.809999465942383
9.5,uav_03,1,19.781340309991606,-3.024797524158212,7.809999465942383
9.6,uav_03,1,19.491343323936185,-3.076526412134265,7.809999465942383
9.7,uav_03,1,19.187692908955878,-3.125958971306978,7.809999465942383
9.8,uav_03,1,18.892026669257465,-3.1822270249062643,7.809999465942383
9.9,uav_03,1,18.599689335270924,-3.238495078573488,7.809999465942383
10.0,uav_03,1,18.296038920290602,-3.289839916439757,7.809999465942383
10.1,uav_03,1,17.996820232589933,-3.339945941460893,7.809999465942383
10.2,uav_03,1,17.712875536086433,-3.3943163019879012,7.809999465942383
10.3,uav_03,1,17.441272838933834,-3.4415853114070476,7.809999465942383
10.4,uav_03,1,17.17380454600698,-3.484606026657049,7.809999465942383
10.5,uav_03,1,16.912449992630165,-3.5327421553950327,7.809999465942383
10.6,uav_03,1,16.65037098061896,-3.573610282141775,7.809999465942383
10.7,uav_03,1,16.380304609088782,-3.6236550318767744,7.809999465942383
10.8,uav_03,1,16.118737705474242,-3.6736997819587014,7.809999465942383
10.9,uav_03,1,15.857383152936064,-3.7237445317406066,7.809999465942383
11.0,uav_03,1,15.589402750773898,-3.7661768877514694,7.809999465942383
11.1,uav_03,1,15.325025418554429,-3.8127487872253316,7.809999465942383
11.2,uav_03,1,15.058918635165785,-3.862793537154304,7.809999465942383
11.3,uav_03,1,14.786173289519933,-3.909449624879648,7.809999465942383
11.4,uav_03,1,14.502588268633003,-3.956587242021197,7.809999465942383
11.5,uav_03,1,14.21100620171985,-4.011283333782863,7.809999465942383
11.6,uav_03,1,13.925360402020244,-4.06200637054929,7.809999465942383
11.7,uav_03,1,13.637236957329975,-4.109432131145412,7.809999465942383
11.8,uav_03,1,13.343708782038156,-4.163824479179786,7.809999465942383
11.9,uav_03,1,13.054534353533274,-4.215077970723187,7.809999465942383
12.0,uav_03,1,12.772671385758384,-4.262131418233242,7.809999465942383
12.1,uav_03,1,12.47750405948065,-4.31367696160582,7.809999465942383
12.2,uav_03,1,12.18233673320293,-4.360438357286696,7.809999465942383
12.3,uav_03,1,11.88517549643512,-4.41257153835184,7.809999465942383
12.4,uav_03,1,11.586503587386275,-4.463887171631501,7.809999465942383
12.5,uav_03,1,11.289834211986307,-4.52541605285501,7.809999465942383
12.6,uav_03,1,10.978875678390958,-4.574752638500228,7.809999465942383
12.7,uav_03,1,10.677711941307289,-4.627687567548422,7.809999465942383
12.8,uav_03,1,10.377764388213674,-4.677650232292695,7.809999465942383
12.9,uav_03,1,10.077825366637244,-4.7346416513479275,7.809999465942383
13.0,uav_03,1,9.769046597056281,-4.78663746179753,7.809999465942383
13.1,uav_03,1,9.466792977965412,-4.837539245162639,7.809999465942383
13.2,uav_03,1,9.159238923061023,-4.894530664256739,7.809999465942383
13.3,uav_03,1,8.857379697068032,-4.945506286260211,7.809999465942383
13.4,uav_03,1,8.55570843522097,-4.997070805254732,7.809999465942383
13.5,uav_03,1,8.255408539782005,-5.040899098566813,7.809999465942383
13.6,uav_03,1,7.953567690716446,-5.094947534190058,7.809999465942383
13.7,uav_03,1,7.649218566319243,-5.155750947136873,7.8162003018984665
13.8,uav_03,1,7.34427088100003,-5.205169326419553,7.819999694824219
13.9,uav_03,1,7.044766351140872,-5.25785807666303,7.819999694824219
14.0,uav_03,1,6.74213013786667,-5.306948857145668,7.819999694824219
14.1,uav_03,1,6.443063492049642,-5.360140690499653,7.812922837025969
14.2,uav_03,1,6.139989393362148,-5.41682461969824,7.809999465942383
14.3,uav_03,1,5.850938703101692,-5.470387265804572,7.809999465942383
14.4,uav_03,1,5.58208106960174,-5.514485928194782,7.809999465942383
14.5,uav_03,1,5.314874211784409,-5.560425595146141,7.809999465942383
14.6,uav_03,1,5.043957054343975,-5.60589502050494,7.809999465942383
14.7,uav_03,1,4.773039896903534,-5.649745161031899,7.809999465942383
14.8,uav_03,1,4.506724477864217,-5.6999475660613355,7.809999465942383
14.9,uav_03,1,4.25050283829832,-5.748551281299852,7.81144167734824
15.0,uav_03,1,3.9791035414804887,-5.789267131872857,7.819999694824219
15.1,uav_03,1,3.6994471214175997,-5.839469537165089,7.819999694824219
15.2,uav_03,1,3.4364147756947396,-5.880122297489979,7.819999694824219
15.3,uav_03,1,3.16683420853657,-5.920284221597862,7.819999694824219
15.4,uav_03,1,2.8866473857424886,-5.977427644315127,7.819999694824219
15.5,uav_03,1,2.604344977087918,-6.019377768507106,7.819999694824219
15.6,uav_03,1,2.3163347048677334,-6.073135848121558,7.819999694824219
15.7,uav_03,1,2.0251343760408216,-6.117386684096006,7.813834497295544
15.8,uav_03,1,1.7396274114597947,-6.1693864810688925,7.809999465942383
15.9,uav_03,1,1.4537756281708198,-6.227633459728243,7.809999465942383
16.0,uav_03,1,1.163674579252696,-6.2755281457027,7.809999465942383
16.1,uav_03,1,0.8724742504257728,-6.324266484620615,7.809999465942383
16.2,uav_03,1,0.5858666051980301,-6.378227470393279,7.809999465942383
16.3,uav_03,1,0.299722221595338,-6.427205000141324,7.809999465942383
16.4,uav_03,1,0.005002158394567635,-6.475716423252728,7.809999465942383
16.5,uav_03,1,-0.29222123713892045,-6.531585353434754,7.809999465942383
16.6,uav_03,1,-0.5911937977449736,-6.582879063114547,7.809999465942383
16.7,uav_03,1,-0.8955418340379959,-6.633294762277414,7.809999465942383
16.8,uav_03,1,-1.19510956622817,-6.684200029843044,7.809999465942383
16.9,uav_03,1,-1.4945892778006495,-6.735004171120074,7.809999465942383
17.0,uav_03,1,-1.7989373140936804,-6.785520996571544,7.809999465942383
17.1,uav_03,1,-2.0927104394717153,-6.836713579962732,7.809999465942383
17.2,uav_03,1,-2.3883361304040682,-6.886841963300045,7.809999465942383
17.3,uav_03,1,-2.6926841666971217,-6.938422988805395,7.809999465942383
17.4,uav_03,1,-2.989862646122189,-6.987100084094647,7.809999465942383
17.5,uav_03,1,-3.278309027297345,-7.041853740673652,7.809999465942383
17.6,uav_03,1,-3.5638834201846485,-7.094365879870965,7.809999465942383
17.7,uav_03,1,-3.845111489384479,-7.141694117334125,7.809999465942383
17.8,uav_03,1,-4.1253835771357865,-7.1946125869121484,7.809999465942383
17.9,uav_03,1,-4.410957970023079,-7.243540695374651,7.809999465942383
18.0,uav_03,1,-4.695754372866428,-7.289220115991737,7.809999465942383
18.1,uav_03,1,-4.977094478961634,-7.341820866240538,7.812611000359921
18.2,uav_03,1,-5.255539958992297,-7.392346002625356,7.819999694824219
18.3,uav_03,1,-5.541114351879605,-7.436572561092139,7.819999694824219
18.4,uav_03,1,-5.828156363440298,-7.489762988136406,7.819999694824219
18.5,uav_03,1,-6.124567926305734,-7.5435242274326075,7.819999694824219
18.6,uav_03,1,-6.419956854887348,-7.59012949777647,7.819999694824219
18.7,uav_03,1,-6.723784957457909,-7.644691039740408,7.819999694824219
18.8,uav_03,1,-7.0276130600284406,-7.691646213594274,7.819999694824219
18.9,uav_03,1,-7.327804025029855,-7.7458578520482035,7.819999694824219
19.0,uav_03,1,-7.615972008893886,-7.793162929412087,7.819999694824219
19.1,uav_03,1,-7.919800111464457,-7.849463909400291,7.819999694824219
19.2,uav_03,1,-8.223628214034987,-7.905764889608998,7.819999694824219
19.3,uav_03,1,-8.522600950964312,-7.959276721042907,7.819999694824219
19.4,uav_03,1,-8.809483864612695,-8.003946405503662,7.819999694824219
19.5,uav_03,1,-9.097899334547202,-8.0500308949487,7.819999694824219
19.6,uav_03,1,-9.370294753684272,-8.101322744065373,7.819999694824219
19.7,uav_03,1,-9.646725852660378,-8.1441751118385,7.819999694824219
19.8,uav_03,1,-9.9078176084756,-8.18855678518484,7.819999694824219
19.9,uav_03,1,-10.168909365426742,-8.240965091531578,7.819999694824219
20.0,uav_03,1,-10.429317855072773,-8.283817459019541,7.819999694824219
20.1,uav_03,1,-10.681004721281353,-8.32665617896413,7.819999694824219
20.2,uav_03,1,-10.930691052443525,-8.369154395004468,7.819999694824219
20.3,uav_03,1,-11.16388862116156,-8.401343642843267,7.819999694824219
20.4,uav_03,1,-11.397006260402453,-8.443772177494925,7.819999694824219
20.5,uav_03,1,-11.605869435553434,-8.475659841112856,7.819999694824219
20.6,uav_03,1,-11.801645787375891,-8.506124678248574,7.819999694824219
20.7,uav_03,1,-11.99550535330624,-8.536496127317585,7.819999694824219
20.8,uav_03,1,-12.177675839174348,-8.566867576386596,7.819999694824219
20.9,uav_03,1,-12.34389638676729,-8.597239025455606,7.819999694824219
21.0,uav_03,1,-12.502508759029478,-8.618026679394852,7.819999694824219
21.1,uav_03,1,-12.654453028020342,-8.635811435229243,7.819999694824219
21.2,uav_03,1,-12.792944580935787,-8.663313842454006,7.819999694824219
21.3,uav_03,1,-12.921800773385444,-8.681653861173192,7.819999694824219
21.4,uav_03,1,-13.035530589902816,-8.692723863654294,7.819999694824219
21.5,uav_03,1,-13.14127217143321,-8.712971496247079,7.819999694824219
21.6,uav_03,1,-13.236830979330115,-8.723962377464725,7.819999694824219
21.7,uav_03,1,-13.326730604610011,-8.735496670313744,7.819999694824219
21.8,uav_03,1,-13.396367420493766,-8.747037375002408,7.819999694824219
21.9,uav_03,1,-13.456637793711591,-8.758578080073377,7.819999694824219
22.0,uav_03,1,-13.51249370164736,-8.76842820147701,7.818474584232239
22.1,uav_03,1,-13.540760965217627,-8.76842820147701,7.809999465942383
22.2,uav_03,1,-13.556322375303347,-8.76842820147701,7.809999465942383
22.3,uav_03,1,-13.551044772030343,-8.76842820147701,7.809999465942383
22.4,uav_03,1,-13.528094657159466,-8.765008152078703,7.809999465942383
22.5,uav_03,1,-13.494790053447426,-8.757342957097904,7.809999465942383
22.6,uav_03,1,-13.451808443718095,-8.753281325273182,7.809999465942383
22.7,uav_03,1,-13.399089875338303,-8.742016054671701,7.809999465942383
22.8,uav_03,1,-13.33640928805047,-8.730750784162657,7.809999465942383
22.9,uav_03,1,-13.26777202352339,-8.719485513410481,7.809999465942383
23.0,uav_03,1,-13.194972720982074,-8.70343850551118,7.809999465942383
23.1,uav_03,1,-13.116530132768606,-8.690831491610929,7.814475575882899
23.2,uav_03,1,-13.033612116367221,-8.690831491610929,7.819999694824219
23.3,uav_03,1,-12.945364205291607,-8.685509675174707,7.819999694824219
23.4,uav_03,1,-12.852327474349632,-8.679746247231824,7.819999694824219
23.5,uav_03,1,-12.748938622299566,-8.669254789726798,7.819999694824219
23.6,uav_03,1,-12.642333461514692,-8.657575758867441,7.819999694824219
23.7,uav_03,1,-12.538323275495541,-8.657575758867441,7.819999694824219
23.8,uav_03,1,-12.428796666928434,-8.657575758867441,7.818093880214901
23.9,uav_03,1,-12.300499324764274,-8.656590358784722,7.809999465942383
24.0,uav_03,1,-12.187821623756745,-8.64663230803802,7.809999465942383
24.1,uav_03,1,-12.049511627852413,-8.626858000443043,7.809999465942383
24.2,uav_03,1,-11.910831379416287,-8.624320026123954,7.809999465942383
24.3,uav_03,1,-11.772151131915495,-8.601634416595964,7.809999465942383
24.4,uav_03,1,-11.622269362923685,-8.591064293380466,7.809999465942383
24.5,uav_03,1,-11.46694130428273,-8.575273436044602,7.809999465942383
24.6,uav_03,1,-11.30296880842396,-8.553408684139283,7.809999465942383
24.7,uav_03,1,-11.118880024554642,-8.538275677840623,7.809999465942383
24.8,uav_03,1,-10.915856227957214,-8.52455282789349,7.809999465942383
24.9,uav_03,1,-10.708731488910402,-8.520047175970895,7.814064107996893
25.0,uav_03,1,-10.501172690845818,-8.504174447195334,7.819999694824219
25.1,uav_03,1,-10.284767284858908,-8.491297095150001,7.819999694824219
25.2,uav_03,1,-10.070990975211561,-8.501153896736918,7.819999694824219
25.3,uav_03,1,-9.846251489713318,-8.513467583514386,7.819999694824219
25.4,uav_03,1,-9.616977001747314,-8.51867781703433,7.819999694824219
25.5,uav_03,1,-9.38246623407997,-8.52455282789349,7.819999694824219
25.6,uav_03,1,-9.145808731688842,-8.52455282789349,7.819999694824219
25.7,uav_03,1,-8.905551699799956,-8.536574477123425,7.819999694824219
25.8,uav_03,1,-8.664040502026623,-8.553210171776387,7.819999694824219
25.9,uav_03,1,-8.410408272271544,-8.557808560636976,7.819999694824219
26.0,uav_03,1,-8.15524599611823,-8.57268639459682,7.819999694824219
26.1,uav_03,1,-7.8967826387760525,-8.579979049001361,7.819999694824219
26.2,uav_03,1,-7.635145507616605,-8.58837002770697,7.819999694824219
26.3,uav_03,1,-7.373508376457133,-8.591064293380466,7.819999694824219
26.4,uav_03,1,-7.111871245297706,-8.591064293380466,7.819999694824219
26.5,uav_03,1,-6.843594648205683,-8.591064293380466,7.819999694824219
26.6,uav_03,1,-6.592939520595354,-8.609701203683478,7.819999694824219
26.7,uav_03,1,-6.3548774864971955,-8.62159791424768,7.819999694824219
26.8,uav_03,1,-6.112470252478958,-8.624320026123954,7.8133947844984375
26.9,uav_03,1,-5.873159762667774,-8.64315984997028,7.809999465942383
27.0,uav_03,1,-5.632565743743307,-8.657575758867441,7.809999465942383
27.1,uav_03,1,-5.387789175815829,-8.670166009348725,7.809999465942383
27.2,uav_03,1,-5.145758862902176,-8.700296955409687,7.809999465942383
27.3,uav_03,1,-4.907884667337862,-8.728314342406879,7.809999465942383
27.4,uav_03,1,-4.663108098687166,-8.749473603152516,7.809999465942383
27.5,uav_03,1,-4.418331530040211,-8.779574181297138,7.809999465942383
27.6,uav_03,1,-4.173554962631853,-8.799661478908995,7.809999465942383
27.7,uav_03,1,-3.918021057745496,-8.811157749033084,7.809999465942383
27.8,uav_03,1,-3.6469781591801667,-8.831133271990328,7.809999465942383
27.9,uav_03,1,-3.3811307900849785,-8.843876722021468,7.809999465942383
28.0,uav_03,1,-3.1093743734244765,-8.84602491134309,7.817840756464237
28.1,uav_03,1,-2.843100521184282,-8.854471982430892,7.819999694824219
28.2,uav_03,1,-2.5717705876687815,-8.857110155328368,7.819999694824219
28.3,uav_03,1,-2.298144381064785,-8.857110155328368,7.819999694824219
28.4,uav_03,1,-2.0245181744607916,-8.857110155328368,7.819999694824219
28.5,uav_03,1,-1.7508919678567854,-8.857110155328368,7.819999694824219
28.6,uav_03,1,-1.477265761252808,-8.857110155328368,7.819999694824219
28.7,uav_03,1,-1.1928728359137717,-8.857110155328368,7.819999694824219
28.8,uav_03,1,-0.9035512878864176,-8.849711929146096,7.819999694824219
28.9,uav_03,1,-0.6080459506068538,-8.84602491134309,7.819999694824219
29.0,uav_03,1,-0.3093314216888548,-8.84602491134309,7.819999694824219
29.1,uav_03,1,-0.01798189895863475,-8.84602491134309,7.819999694824219
29.2,uav_03,1,0.2707754785920712,-8.84602491134309,7.819999694824219
29.3,uav_03,1,0.5675149086549137,-8.84602491134309,7.819999694824219
29.4,uav_03,1,0.8662294368069541,-8.84602491134309,7.819999694824219
29.5,uav_03,1,1.1563448675198473,-8.836145465339076,7.819999694824219
29.6,uav_03,1,1.454009866450946,-8.834939666963985,7.819999694824219
29.7,uav_03,1,1.7373267512481954,-8.834939666963985,7.819999694824219
29.8,uav_03,1,2.0115144470012924,-8.825525806646246,7.811507256171582
29.9,uav_03,1,2.292475064553576,-8.823854422584882,7.809999465942383
30.0,uav_03,1,2.560656574025491,-8.815677814682608,7.809999465942383
30.1,uav_03,1,2.831430109798821,-8.812769178205777,7.809999465942383
30.2,uav_03,1,3.1047353303300533,-8.805829822965503,7.809999465942383
30.3,uav_03,1,3.378040551206797,-8.79536320494142,7.809999465942383
30.4,uav_03,1,3.656308898924306,-8.790598689841392,7.809999465942383
30.5,uav_03,1,3.9342996208094068,-8.78551521297778,7.809999465942383
30.6,uav_03,1,4.207604841456601,-8.779513445462287,7.809999465942383
30.7,uav_03,1,4.478512017266254,-8.775759057748575,7.809999465942383
30.8,uav_03,1,4.746093433760844,-8.765605723762606,7.809999465942383
30.9,uav_03,1,5.014582888180474,-8.757342957097904,7.809999465942383
31.0,uav_03,1,5.277678391353816,-8.756608579989622,7.809999465942383
31.1,uav_03,1,5.540773893371693,-8.746532957719145,7.809999465942383
31.2,uav_03,1,5.812399672158895,-8.746257712718801,7.809999465942383
31.3,uav_03,1,6.076613527318275,-8.737466957869598,7.809999465942383
31.4,uav_03,1,6.3464817503724635,-8.735172468733522,7.809999465942383
31.5,uav_03,1,6.612453160461279,-8.728400957789262,7.809999465942383
31.6,uav_03,1,6.880563827214905,-8.724087224354417,7.809999465942383
31.7,uav_03,1,7.148292793908328,-8.719334957627405,7.809999465942383
31.8,uav_03,1,7.4233338958571435,-8.713001979975312,7.809999465942383
31.9,uav_03,1,7.720510248162665,-8.704749652731937,7.809999465942383
32.0,uav_03,1,8.025090508146128,-8.690831491610929,7.809999465942383
32.1,uav_03,1,8.335727972118688,-8.690831491610929,7.809999465942383
32.2,uav_03,1,8.641658205853727,-8.690831491610929,7.809999465942383
32.3,uav_03,1,8.952433438153534,-8.684996071852646,7.809999465942383
32.4,uav_03,1,9.267640364036318,-8.679746247231824,7.8156492079801065
32.5,uav_03,1,9.5724547910303,-8.666366151889639,7.819999694824219
32.6,uav_03,1,9.873071691702439,-8.657575758867441,7.819999694824219
32.7,uav_03,1,10.18025549967832,-8.657575758867441,7.819999694824219
32.8,uav_03,1,10.484454901208968,-8.657575758867441,7.819999694824219
32.9,uav_03,1,10.782162183429879,-8.64989426296768,7.819999694824219
33.0,uav_03,1,11.076623084576752,-8.646490514488336,7.819999694824219
33.1,uav_03,1,11.3719684118175,-8.646490514488336,7.819999694824219
33.2,uav_03,1,11.668117807131502,-8.631970053332287,7.819999694824219
33.3,uav_03,1,11.958043298338698,-8.624320026123954,7.819999694824219
33.4,uav_03,1,12.25076796893609,-8.624320026123954,7.819999694824219
33.5,uav_03,1,12.546917364250078,-8.624320026123954,7.819999694824219
33.6,uav_03,1,12.843066759564085,-8.624320026123954,7.819999694824219
33.7,uav_03,1,13.139216154878106,-8.624320026123954,7.819999694824219
33.8,uav_03,1,13.4289659104981,-8.624320026123954,7.819999694824219
33.9,uav_03,1,13.711139967533489,-8.624320026123954,7.819999694824219
34.0,uav_03,1,13.990626953061607,-8.619309475911235,7.819999694824219
34.1,uav_03,1,14.27011393858971,-8.613234781744849,7.819999694824219
34.2,uav_03,1,14.5496009241178,-8.613234781744849,7.819999694824219
34.3,uav_03,1,14.829087909645896,-8.613234781744849,7.819999694824219
34.4,uav_03,1,15.108574895174018,-8.609030931046778,7.819999694824219
34.5,uav_03,1,15.388061880702145,-8.591064293380466,7.819999694824219
34.6,uav_03,1,15.668112550358225,-8.591064293380466,7.819999694824219
34.7,uav_03,1,15.956615244559664,-8.591064293380466,7.819999694824219
34.8,uav_03,1,16.236171464738714,-8.591064293380466,7.819999694824219
34.9,uav_03,1,16.52784433921184,-8.591064293380466,7.819999694824219
35.0,uav_03,1,16.819297767606763,-8.591064293380466,7.819999694824219
35.1,uav_03,1,17.128220040099503,-8.591064293380466,7.819999694824219
35.2,uav_03,1,17.427819290720187,-8.591064293380466,7.819999694824219
35.3,uav_03,1,17.728623604996564,-8.591064293380466,7.819999694824219
35.4,uav_03,1,18.029649159331527,-8.591064293380466,7.819999694824219
35.5,uav_03,1,18.330674713666514,-8.591064293380466,7.819999694824219
35.6,uav_03,1,18.640732840486425,-8.591064293380466,7.819999694824219
35.7,uav_03,1,18.942374449788684,-8.580615744175589,7.819999694824219
35.8,uav_03,1,19.23424368289391,-8.579979049001361,7.819999694824219
35.9,uav_03,1,19.537063421865078,-8.579979049001361,7.819999694824219
36.0,uav_03,1,19.832429045833745,-8.579979049001361,7.819999694824219
36.1,uav_03,1,20.098513554889422,-8.557808560636976,7.819999694824219
36.2,uav_03,1,20.373499805927356,-8.557113120732383,7.819999694824219
36.3,uav_03,1,20.629218899183552,-8.524106491264249,7.819999694824219
36.4,uav_03,1,20.883787563684013,-8.512145863629446,7.819999694824219
36.5,uav_03,1,21.119074021101653,-8.487795562064397,7.819999694824219
36.6,uav_03,1,21.344338406383535,-8.442596491688285,7.819016467470044
36.7,uav_03,1,21.558445341391018,-8.397397421628547,7.809999465942383
36.8,uav_03,1,21.75325762490119,-8.349813491301179,7.809999465942383
36.9,uav_03,1,21.933257211194434,-8.287069399845207,7.809999465942383
37.0,uav_03,1,22.082243261678165,-8.226656784171192,7.809999465942383
37.1,uav_03,1,22.222669326598222,-8.156409657596548,7.809999465942383
37.2,uav_03,1,22.347541005339117,-8.085928272837563,7.809999465942383
37.3,uav_03,1,22.462715340983447,-8.008161132584297,7.809999465942383
37.4,uav_03,1,22.570504787219875,-7.921141480038081,7.809999465942383
37.5,uav_03,1,22.660849581167287,-7.8305225565270495,7.809999465942383
37.6,uav_03,1,22.739724549436755,-7.725924356302137,7.809999465942383
37.7,uav_03,1,22.81225726829588,-7.616028976761496,7.809999465942383
37.8,uav_03,1,22.873604465700407,-7.5175296263495595,7.809999465942383
37.9,uav_03,1,22.932385661124684,-7.396050141776728,7.809999465942383
38.0,uav_03,1,22.97777769960411,-7.269878945572549,7.809999465942383
38.1,uav_03,1,23.023539214122,-7.130656517475012,7.809999465942383
38.2,uav_03,1,23.060453475483637,-6.971283066604319,7.809999465942383
38.3,uav_03,1,23.08819729717197,-6.811909615733649,7.809999465942383
38.4,uav_03,1,23.115941117592023,-6.662789751941364,7.809999465942383
38.5,uav_03,1,23.143684937966146,-6.4944547188215695,7.809999465942383
38.6,uav_03,1,23.163305383240395,-6.324456371100339,7.809999465942383
38.7,uav_03,1,23.18180126392788,-6.154458023379118,7.809999465942383
38.8,uav_03,1,23.18565314443761,-5.992871872622035,7.809999465942383
38.9,uav_03,1,23.18565314443761,-5.833498421751347,7.809999465942383
39.0,uav_03,1,23.171855323644333,-5.683458042983975,7.809999465942383
39.1,uav_03,1,23.14451276262754,-5.533642497762339,7.802453099181173
39.2,uav_03,1,23.10637219909695,-5.391303767795485,7.799999237060547
39.3,uav_03,1,23.057626189211597,-5.2611495644050335,7.799999237060547
39.4,uav_03,1,22.99006270973818,-5.134076193367145,7.799999237060547
39.5,uav_03,1,22.919232037891586,-5.037612216081137,7.799999237060547
39.6,uav_03,1,22.838750093740952,-4.9445331317626335,7.799999237060547
39.7,uav_03,1,22.74724023762387,-4.863024658889654,7.799999237060547
39.8,uav_03,1,22.645068990586466,-4.782615468156403,7.799999237060547
39.9,uav_03,1,22.532749234382056,-4.714609543168932,7.799999237060547
40.0,uav_03,1,22.414879617118896,-4.658184703461836,7.799999237060547
40.1,uav_03,1,22.295519469745283,-4.602534234081807,7.799999237060547
40.2,uav_03,1,22.159892156490546,-4.548714089317092,7.799999237060547
40.3,uav_03,1,22.022632687326688,-4.506068887778435,7.799999237060547
40.4,uav_03,1,21.87564651424579,-4.470758582744821,7.799999237060547
40.5,uav_03,1,21.720643871204356,-4.428203080383509,7.799999237060547
40.6,uav_03,1,21.5603934221367,-4.394812798875598,7.799999237060547
40.7,uav_03,1,21.376327782608982,-4.361422517367687,7.799999237060547
40.8,uav_03,1,21.192262143081283,-4.330131657740169,7.799999237060547
40.9,uav_03,1,21.00811970031942,-4.310118543224093,7.799999237060547
41.0,uav_03,1,20.823074709876522,-4.2980536768504445,7.799999237060547
41.1,uav_03,1,20.634647469504063,-4.278904280318488,7.799999237060547
41.2,uav_03,1,20.446220229131633,-4.278904280318488,7.799999237060547
41.3,uav_03,1,20.248857284728786,-4.268638108951999,7.799999237060547
41.4,uav_03,1,20.0431975162333,-4.267819035939384,7.799999237060547
41.5,uav_03,1,19.83826639304554,-4.2764601189767895,7.799999237060547
41.6,uav_03,1,19.632301453943118,-4.278904280318488,7.799999237060547
41.7,uav_03,1,19.419777072189692,-4.278904280318488,7.799999237060547
41.8,uav_03,1,19.198955867517473,-4.291486472236113,7.799999237060547
41.9,uav_03,1,18.97463772444563,-4.306589325101549,7.799999237060547
42.0,uav_03,1,18.745285873039897,-4.312160013061977,7.799999237060547
42.1,uav_03,1,18.502739530709245,-4.32183404202655,7.799999237060547
42.2,uav_03,1,18.250717230509277,-4.339218684670284,7.799999237060547
42.3,uav_03,1,17.998694930309327,-4.3454157458054645,7.799999237060547
42.4,uav_03,1,17.74232886714204,-4.355396786818875,7.799999237060547
42.5,uav_03,1,17.48061340213255,-4.372627923440916,7.799999237060547
42.6,uav_03,1,17.218897936493125,-4.378671478548952,7.799999237060547
42.7,uav_03,1,16.95270509570333,-4.3889595316111985,7.799999237060547
42.8,uav_03,1,16.690340290676975,-4.4060371622115495,7.799999237060547
42.9,uav_03,1,16.424618640567303,-4.411927211292441,7.799999237060547
43.0,uav_03,1,16.15085102213788,-4.421941160020632,7.799999237060547
43.1,uav_03,1,15.892387916191277,-4.438407582173342,7.799999237060547
43.2,uav_03,1,15.640812654759825,-4.4520328064933485,7.799999237060547
43.3,uav_03,1,15.385550905262944,-4.469893412462889,7.799999237060547
43.4,uav_03,1,15.135516171836175,-4.478438676779416,7.799999237060547
43.5,uav_03,1,14.878043616648187,-4.479978831969336,7.799999237060547
43.6,uav_03,1,14.620571061460199,-4.50037941791122,7.799999237060547
43.7,uav_03,1,14.356496585165512,-4.510611234102944,7.799999237060547
43.8,uav_03,1,14.09830907403228,-4.520802500793246,7.799999237060547
43.9,uav_03,1,13.83367907494383,-4.531002793653236,7.799999237060547
44.0,uav_03,1,13.573715336204073,-4.541203086703689,7.799999237060547
44.1,uav_03,1,13.300209051471805,-4.551802306748302,7.799999237060547
44.2,uav_03,1,13.016767318919914,-4.562885452568077,7.799999237060547
44.3,uav_03,1,12.72072150681717,-4.574130465813323,7.799999237060547
44.4,uav_03,1,12.429783960110905,-4.585375479209034,7.799999237060547
44.5,uav_03,1,12.1331818943879,-4.596620492344353,7.799999237060547
44.6,uav_03,1,11.836282030205455,-4.600376363374263,7.799999237060547
44.7,uav_03,1,11.542651287646542,-4.608025274623235,7.799999237060547
44.8,uav_03,1,11.242223847606196,-4.619270288018946,7.799999237060547
44.9,uav_03,1,10.94574117360926,-4.622546852132473,7.8071877404376435
45.0,uav_03,1,10.652110431109634,-4.630675070431262,7.809999465942383
45.1,uav_03,1,10.350080586149247,-4.633632096511578,7.809999465942383
45.2,uav_03,1,10.051807859957083,-4.642209771581318,7.809999465942383
45.3,uav_03,1,9.748022369007012,-4.653549277717998,7.809999465942383
45.4,uav_03,1,9.44996293703351,-4.6558025848759605,7.809999465942383
45.5,uav_03,1,9.14573482589764,-4.665143045790426,7.809999465942383
45.6,uav_03,1,8.83976673993123,-4.6668878292550655,7.809999465942383
45.7,uav_03,1,8.550943822220225,-4.6668878292550655,7.809999465942383
45.8,uav_03,1,8.249380805447972,-4.67690757744896,7.809999465942383
45.9,uav_03,1,7.943652300548104,-4.677973073240343,7.809999465942383
46.0,uav_03,1,7.6285281056423395,-4.688492466351625,7.809999465942383
46.1,uav_03,1,7.341393021012062,-4.689058317619449,7.809999465942383
46.2,uav_03,1,7.065577504736789,-4.689058317619449,7.809999465942383
46.3,uav_03,1,6.7908171369494035,-4.697350193487754,7.809999465942383
46.4,uav_03,1,6.516056769162035,-4.700143561998553,7.809999465942383
46.5,uav_03,1,6.24694289250796,-4.700143561998553,7.809999465942383
46.6,uav_03,1,5.976184661039515,-4.700143561998553,7.809999465942383
46.7,uav_03,1,5.70142429325214,-4.704826118733085,7.809999465942383
46.8,uav_03,1,5.426663925464785,-4.711228805983831,7.809999465942383
46.9,uav_03,1,5.154408487927053,-4.711228805983831,7.809999465942383
47.0,uav_03,1,4.886791818713393,-4.711228805983831,7.809999465942383
47.1,uav_03,1,4.611381004778065,-4.711228805983831,7.809999465942383
47.2,uav_03,1,4.3299246290778655,-4.711658132422317,7.809999465942383
47.3,uav_03,1,4.036103923181594,-4.722207152725264,7.809999465942383
47.4,uav_03,1,3.742283215993696,-4.722314050362937,7.809999465942383
47.5,uav_03,1,3.4570846316236774,-4.722314050362937,7.809999465942383
47.6,uav_03,1,3.1724458222565644,-4.722314050362937,7.809999465942383
47.7,uav_03,1,2.8878070128894606,-4.722314050362937,7.809999465942383
47.8,uav_03,1,2.603168203522396,-4.722314050362937,7.809999465942383
47.9,uav_03,1,2.325284593028644,-4.730075052647413,7.809999465942383
48.0,uav_03,1,2.0451503085563676,-4.733399294742042,7.809999465942383
48.1,uav_03,1,1.7556516356464436,-4.733399294742042,7.809999465942383
48.2,uav_03,1,1.4505297763486915,-4.733399294742042,7.809999465942383
48.3,uav_03,1,1.135394733513345,-4.733399294742042,7.809999465942383
48.4,uav_03,1,0.8191169063371084,-4.733399294742042,7.809999465942383
48.5,uav_03,1,0.5028390791608965,-4.733399294742042,7.809999465942383
48.6,uav_03,1,0.18656125198466333,-4.742219029074691,7.809999465942383
48.7,uav_03,1,-0.12148597003092554,-4.74448453872732,7.809999465942383
48.8,uav_03,1,-0.4363457735443834,-4.74448453872732,7.809999465942383
48.9,uav_03,1,-0.7713003400048635,-4.74448453872732,7.809999465942383
49.0,uav_03,1,-1.088198684172495,-4.74448453872732,7.809999465942383
49.1,uav_03,1,-1.4036539051981112,-4.74448453872732,7.809999465942383
49.2,uav_03,1,-1.708830755845547,-4.74448453872732,7.809999465942383
49.3,uav_03,1,-2.0088059055380576,-4.74448453872732,7.809999465942383
49.4,uav_03,1,-2.308781055230585,-4.74448453872732,7.809999465942383
49.5,uav_03,1,-2.609806931363636,-4.74448453872732,7.809999465942383
49.6,uav_03,1,-2.918379982067879,-4.745723868582998,7.809999465942383
49.7,uav_03,1,-3.2183551317604113,-4.7555697831064245,7.809999465942383
49.8,uav_03,1,-3.5183302814529176,-4.7555697831064245,7.811175510438384
49.9,uav_03,1,-3.8191606293715155,-4.7555697831064245,7.819999694824219
50.0,uav_03,1,-4.125436646049844,-4.7555697831064245,7.819999694824219
50.1,uav_03,1,-4.422599730368568,-4.7555697831064245,7.819999694824219
50.2,uav_03,1,-4.698242864559637,-4.7555697831064245,7.819999694824219
50.3,uav_03,1,-4.961848812652181,-4.7555697831064245,7.819999694824219
50.4,uav_03,1,-5.225454760744743,-4.7555697831064245,7.819999694824219
50.5,uav_03,1,-5.489060708837306,-4.7555697831064245,7.819999694824219
50.6,uav_03,1,-5.752666656929848,-4.7555697831064245,7.819999694824219
50.7,uav_03,1,-6.016272605022393,-4.7555697831064245,7.819999694824219
50.8,uav_03,1,-6.282946552568945,-4.7555697831064245,7.819999694824219
50.9,uav_03,1,-6.55313312865976,-4.7555697831064245,7.819999694824219
51.0,uav_03,1,-6.816739076752293,-4.7555697831064245,7.819999694824219
51.1,uav_03,1,-7.080345024844856,-4.7555697831064245,7.819999694824219
51.2,uav_03,1,-7.343950972937417,-4.7555697831064245,7.819999694824219
51.3,uav_03,1,-7.625637076023547,-4.7555697831064245,7.819999694824219
51.4,uav_03,1,-7.922450926605547,-4.7555697831064245,7.819999694824219
51.5,uav_03,1,-8.230055635978395,-4.7555697831064245,7.819999694824219
51.6,uav_03,1,-8.532246996730475,-4.7555697831064245,7.819999694824219
51.7,uav_03,1,-8.832320718066777,-4.7555697831064245,7.819999694824219
51.8,uav_03,1,-9.132394439403082,-4.7555697831064245,7.819999694824219
51.9,uav_03,1,-9.432468160739417,-4.764365326966272,7.819999694824219
52.0,uav_03,1,-9.732541882075719,-4.7666550274855295,7.819999694824219
52.1,uav_03,1,-10.024897598775501,-4.757787862913326,7.819999694824219
52.2,uav_03,1,-10.305685107879587,-4.7555697831064245,7.819999694824219
52.3,uav_03,1,-10.585282612787175,-4.746433778662876,7.819999694824219
52.4,uav_03,1,-10.869785811640883,-4.734760070893146,7.819999694824219
52.5,uav_03,1,-11.137208623228476,-4.72304781202645,7.819999694824219
52.6,uav_03,1,-11.39270687207726,-4.689378558998393,7.819999694824219
52.7,uav_03,1,-11.637012140805618,-4.654241782669382,7.819999694824219
52.8,uav_03,1,-11.869485761175467,-4.616810442451792,7.819999694824219
52.9,uav_03,1,-12.082023456927542,-4.558249148355729,7.819999694824219
53.0,uav_03,1,-12.283821013615908,-4.497286543596581,7.819999694824219
53.1,uav_03,1,-12.469606706176162,-4.423984665386464,7.819999694824219
53.2,uav_03,1,-12.624314955545408,-4.3415421948983495,7.819999694824219
53.3,uav_03,1,-12.756356929709877,-4.261776254390155,7.819999694824219
53.4,uav_03,1,-12.874895256622644,-4.190749515576044,7.819999694824219
53.5,uav_03,1,-12.985914709503742,-4.10244601005409,7.819999694824219
53.6,uav_03,1,-13.080029418532787,-4.004431630574378,7.819999694824219
53.7,uav_03,1,-13.159281551634113,-3.9063166243715184,7.819999694824219
53.8,uav_03,1,-13.229906140711096,-3.801038231115803,7.819999694824219
53.9,uav_03,1,-13.298225803929189,-3.68722208098894,7.819999694824219
54.0,uav_03,1,-13.358510083336085,-3.560252274379717,7.819999694824219
54.1,uav_03,1,-13.406840809345967,-3.429575577899348,7.819999694824219
54.2,uav_03,1,-13.449540599008971,-3.305632333390511,7.819999694824219
54.3,uav_03,1,-13.492397208900954,-3.157919315047178,7.819999694824219
54.4,uav_03,1,-13.537031851703832,-3.004072184962233,7.819999694824219
54.5,uav_03,1,-13.574203030841188,-2.8439257395955977,7.819999694824219
54.6,uav_03,1,-13.602435564743539,-2.6735097451913066,7.819999694824219
54.7,uav_03,1,-13.630313948436266,-2.5026868700071163,7.819999694824219
54.8,uav_03,1,-13.641738377512382,-2.3413159147374523,7.828526467828537
54.9,uav_03,1,-13.651031171838454,-2.1902125747237853,7.829999923706055
55.0,uav_03,1,-13.645293344658779,-2.0493768496593288,7.829999923706055
55.1,uav_03,1,-13.628841072193667,-1.9105832635484659,7.829999923706055
55.2,uav_03,1,-13.60345183862957,-1.7796063391058976,7.829999923706055
55.3,uav_03,1,-13.562677832686164,-1.6588970299193064,7.823317151179321
55.4,uav_03,1,-13.50844857279067,-1.5452512476564348,7.819999694824219
55.5,uav_03,1,-13.442476733426728,-1.4391934915817428,7.819999694824219
55.6,uav_03,1,-13.372605140690064,-1.3439653532875733,7.819999694824219
55.7,uav_03,1,-13.295452457180852,-1.2522224894015035,7.819999694824219
55.8,uav_03,1,-13.200370970229645,-1.1779752470865616,7.819999694824219
55.9,uav_03,1,-13.092607261590556,-1.1091680992930564,7.819999694824219
56.0,uav_03,1,-12.99108922011204,-1.0403609514995413,7.819999694824219
56.1,uav_03,1,-12.874046252335441,-0.9814494557135656,7.819999694824219
56.2,uav_03,1,-12.73637391600831,-0.9138319002916252,7.819999694824219
56.3,uav_03,1,-12.605909990896492,-0.8770073904756959,7.819999694824219
56.4,uav_03,1,-12.453318826485193,-0.8305144285721169,7.819999694824219
56.5,uav_03,1,-12.288818648944279,-0.7842126904318274,7.819999694824219
56.6,uav_03,1,-12.118451511430715,-0.7485048357333823,7.819999694824219
56.7,uav_03,1,-11.926103669837758,-0.7127969810349349,7.819999694824219
56.8,uav_03,1,-11.744066006470923,-0.6804877986864871,7.819999694824219
56.9,uav_03,1,-11.543554967316584,-0.6566825620887312,7.819999694824219
57.0,uav_03,1,-11.336353514032044,-0.632877325764055,7.819999694824219
57.1,uav_03,1,-11.11896696445692,-0.6149228836862545,7.819999694824219
57.2,uav_03,1,-10.896849358546724,-0.6096884337618872,7.819999694824219
57.3,uav_03,1,-10.680734213706637,-0.6026186767670351,7.819999694824219
57.4,uav_03,1,-10.457570951421086,-0.5986031893827823,7.819999694824219
57.5,uav_03,1,-10.241871633441693,-0.5986031893827823,7.813856264713794
57.6,uav_03,1,-10.021759845360018,-0.6052210765845468,7.809999465942383
57.7,uav_03,1,-9.794205664191622,-0.6096884337618872,7.809999465942383
57.8,uav_03,1,-9.56122566247388,-0.6159221222836228,7.809999465942383
57.9,uav_03,1,-9.324190057051457,-0.6207736781409923,7.809999465942383
58.0,uav_03,1,-9.08206303932393,-0.6266231677748844,7.809999465942383
58.1,uav_03,1,-8.83554600950027,-0.6318589221262702,7.809999465942383
58.2,uav_03,1,-8.589028979676625,-0.6373242132879497,7.809999465942383
58.3,uav_03,1,-8.345976421958666,-0.6478746360894293,7.809999465942383
58.4,uav_03,1,-8.110089575148006,-0.6540294108844801,7.809999465942383
58.5,uav_03,1,-7.880013683525683,-0.6566168539472175,7.809999465942383
58.6,uav_03,1,-7.651095280029276,-0.6651146548697581,7.809999465942383
58.7,uav_03,1,-7.420512660681931,-0.6651146548697581,7.809999465942383
58.8,uav_03,1,-7.1814165279117805,-0.6748957756244831,7.809999465942383
58.9,uav_03,1,-6.942293812252264,-0.6847074360806426,7.809999465942383
59.0,uav_03,1,-6.703171096431463,-0.6872851436279681,7.809999465942383
59.1,uav_03,1,-6.458860458914366,-0.6932455124021002,7.809999465942383
59.2,uav_03,1,-6.215277037337541,-0.698370387613246,7.809999465942383
59.3,uav_03,1,-5.973183461778051,-0.7017835887532407,7.809999465942383
59.4,uav_03,1,-5.723415471937898,-0.709455631992351,7.809999465942383
59.5,uav_03,1,-5.464142442813014,-0.7108180483500761,7.809999465942383
59.6,uav_03,1,-5.191851162338092,-0.72124583621076,7.809999465942383
59.7,uav_03,1,-4.919642574798152,-0.7316261203567339,7.809999465942383
59.8,uav_03,1,-4.665504045404426,-0.7316261203567339,7.809999465942383
59.9,uav_03,1,-4.394274574795584,-0.7414439551200573,7.809999465942383
60.0,uav_03,1,-4.121983293274796,-0.7427113647358389,7.809999465942383
60.1,uav_03,1,-3.8570929793460267,-0.7427113647358389,7.809999465942383
60.2,uav_03,1,-3.587049359713578,-0.7505568300190327,7.809999465942383
60.3,uav_03,1,-3.314758078436786,-0.7537966091149438,7.809999465942383
60.4,uav_03,1,-3.0424667975670325,-0.7537966091149438,7.809999465942383
60.5,uav_03,1,-2.752842556233467,-0.7601226281423926,7.809999465942383
60.6,uav_03,1,-2.447426578121854,-0.7648818531002218,7.809999465942383
60.7,uav_03,1,-2.1402829224194275,-0.7648818531002218,7.809999465942383
60.8,uav_03,1,-1.827873897857838,-0.7648818531002218,7.809999465942383
60.9,uav_03,1,-1.5187591391784834,-0.7648818531002218,7.809999465942383
61.0,uav_03,1,-1.2034379047533694,-0.7648818531002218,7.809999465942383
61.1,uav_03,1,-0.8860561268717349,-0.7648818531002218,7.809999465942383
61.2,uav_03,1,-0.578030915729701,-0.7648818531002218,7.809999465942383
61.3,uav_03,1,-0.26094119993185544,-0.7648818531002218,7.809999465942383
61.4,uav_03,1,0.054369181625807325,-0.7648818531002218,7.80912114142244
61.5,uav_03,1,0.3480308924781999,-0.7648818531002218,7.799999237060547
61.6,uav_03,1,0.6434045640997567,-0.7648818531002218,7.799999237060547
61.7,uav_03,1,0.938778235721293,-0.7648818531002218,7.799999237060547
61.8,uav_03,1,1.2341519073427907,-0.7648818531002218,7.799999237060547
61.9,uav_03,1,1.5299994814671252,-0.7648818531002218,7.799999237060547
62.0,uav_03,1,1.834547878038154,-0.7648818531002218,7.799999237060547
62.1,uav_03,1,2.1296885372528567,-0.7646141467319706,7.799999237060547
62.2,uav_03,1,2.4156465924577892,-0.7537966091149438,7.799999237060547
62.3,uav_03,1,2.7110202640793064,-0.7537966091149438,7.799999237060547
62.4,uav_03,1,3.0063939357008644,-0.7537966091149438,7.799999237060547
62.5,uav_03,1,3.291516060207764,-0.7537966091149438,7.799999237060547
62.6,uav_03,1,3.5711221476527033,-0.7537966091149438,7.799999237060547
62.7,uav_03,1,3.8503665656512958,-0.7537966091149438,7.799999237060547
62.8,uav_03,1,4.141975840238876,-0.7456401108940278,7.799999237060547
62.9,uav_03,1,4.4256600956837335,-0.7427113647358389,7.799999237060547
63.0,uav_03,1,4.704904513682327,-0.7427113647358389,7.799999237060547
63.1,uav_03,1,4.978992966127221,-0.7427113647358389,7.799999237060547
63.2,uav_03,1,5.253744720856073,-0.73752385681301,7.799999237060547
63.3,uav_03,1,5.5329891388546235,-0.7316261203567339,7.799999237060547
63.4,uav_03,1,5.815467291521208,-0.7316261203567339,7.799999237060547
63.5,uav_03,1,6.104817499820001,-0.7316261203567339,7.799999237060547
63.6,uav_03,1,6.399060285924786,-0.7316261203567339,7.799999237060547
63.7,uav_03,1,6.701972694929902,-0.7286456804406984,7.799999237060547
63.8,uav_03,1,7.009345364864714,-0.7205408763714559,7.799999237060547
63.9,uav_03,1,7.30966359060853,-0.7205408763714559,7.799999237060547
64.0,uav_03,1,7.609981816352381,-0.7205408763714559,7.799999237060547
64.1,uav_03,1,7.910300042096216,-0.7205408763714559,7.799999237060547
64.2,uav_03,1,8.210618267840061,-0.7173360765875434,7.799999237060547
64.3,uav_03,1,8.510936493583865,-0.709455631992351,7.799999237060547
64.4,uav_03,1,8.814122299291725,-0.709455631992351,7.799999237060547
64.5,uav_03,1,9.116816713820578,-0.709455631992351,7.799999237060547
64.6,uav_03,1,9.400451465481872,-0.709455631992351,7.799999237060547
64.7,uav_03,1,9.678170416103676,-0.709455631992351,7.799999237060547
64.8,uav_03,1,9.956774886954793,-0.709455631992351,7.799999237060547
64.9,uav_03,1,10.243206840580317,-0.709455631992351,7.799999237060547
65.0,uav_03,1,10.518630593263012,-0.709455631992351,7.799999237060547
65.1,uav_03,1,10.796202283802613,-0.709455631992351,7.799999237060547
65.2,uav_03,1,11.073921234424416,-0.709455631992351,7.799999237060547
65.3,uav_03,1,11.365648149350731,-0.7014088037100327,7.799999237060547
65.4,uav_03,1,11.642342361551318,-0.698370387613246,7.799999237060547
65.5,uav_03,1,11.916726713741939,-0.698370387613246,7.799999237060547
65.6,uav_03,1,12.205310523019254,-0.698370387613246,7.799999237060547
65.7,uav_03,1,12.509944603704461,-0.698370387613246,7.799999237060547
65.8,uav_03,1,12.82641019913921,-0.698370387613246,7.799999237060547
65.9,uav_03,1,13.140855204549165,-0.698370387613246,7.799999237060547
66.0,uav_03,1,13.458064251830773,-0.698370387613246,7.799999237060547
66.1,uav_03,1,13.77176580402263,-0.698370387613246,7.799999237060547
66.2,uav_03,1,14.075075275045785,-0.698370387613246,7.799999237060547
66.3,uav_03,1,14.391072388598811,-0.698370387613246,7.799999237060547
66.4,uav_03,1,14.703658762054532,-0.698370387613246,7.799999237060547
66.5,uav_03,1,15.014289748065192,-0.698370387613246,7.799999237060547
66.6,uav_03,1,15.311144078755419,-0.698370387613246,7.799999237060547
66.7,uav_03,1,15.598820126275324,-0.698370387613246,7.799999237060547
66.8,uav_03,1,15.892949265268353,-0.698370387613246,7.799999237060547
66.9,uav_03,1,16.181547369587072,-0.698370387613246,7.799999237060547
67.0,uav_03,1,16.468086677516787,-0.698370387613246,7.799999237060547
67.1,uav_03,1,16.752993090452797,-0.698370387613246,7.799999237060547
67.2,uav_03,1,17.044560458884444,-0.698370387613246,7.799999237060547
67.3,uav_03,1,17.334860666517862,-0.698370387613246,7.799999237060547
67.4,uav_03,1,17.62139997444761,-0.698370387613246,7.799999237060547
67.5,uav_03,1,17.907939282377352,-0.698370387613246,7.799999237060547
67.6,uav_03,1,18.194210486396454,-0.698370387613246,7.799999237060547
67.7,uav_03,1,18.48385389988592,-0.698370387613246,7.799999237060547
67.8,uav_03,1,18.77528682924705,-0.698370387613246,7.799999237060547
67.9,uav_03,1,19.06089971743974,-0.698370387613246,7.799999237060547
68.0,uav_03,1,19.34398994643072,-0.698370387613246,7.80261382338717
68.1,uav_03,1,19.62038951590182,-0.698370387613246,7.809999465942383
68.2,uav_03,1,19.893485002066516,-0.6964723685138606,7.809999465942383
68.3,uav_03,1,20.151457933675175,-0.6872851436279681,7.809999465942383
68.4,uav_03,1,20.408649442080648,-0.6854895999647685,7.809999465942383
68.5,uav_03,1,20.65671682577629,-0.6647170067198961,7.809999465942383
68.6,uav_03,1,20.88704979949167,-0.6541318863844592,7.809999465942383
68.7,uav_03,1,21.124672345880693,-0.6215764828565444,7.809999465942383
68.8,uav_03,1,21.357306712932143,-0.5882009243746976,7.809999465942383
68.9,uav_03,1,21.570834722984277,-0.5548101628474138,7.809999465942383
69.0,uav_03,1,21.77443759700208,-0.4995241935049217,7.809999465942383
69.1,uav_03,1,21.95874548797446,-0.4438729244197162,7.809999465942383
69.2,uav_03,1,22.13320659451131,-0.3882216549472576,7.809999465942383
69.3,uav_03,1,22.28701881534579,-0.3110462649033227,7.809999465942383
69.4,uav_03,1,22.432407628308056,-0.2331399830931662,7.809999465942383
69.5,uav_03,1,22.558436091583808,-0.15522820606439464,7.809999465942383
69.6,uav_03,1,22.66502436808819,-0.06613815469738249,7.809999465942383
69.7,uav_03,1,22.774223700023306,0.03822693773915509,7.809999465942383
69.8,uav_03,1,22.855228621917398,0.15605249510865601,7.809999465942383
69.9,uav_03,1,22.92701761142542,0.2738780521692162,7.809999465942383
70.0,uav_03,1,22.994299559363732,0.3968817194249162,7.809999465942383
70.1,uav_03,1,23.042716946326536,0.541558754607334,7.809999465942383
70.2,uav_03,1,23.08720663079222,0.6907483012577864,7.809999465942383
70.3,uav_03,1,23.126261441103804,0.8415009486801253,7.809999465942383
70.4,uav_03,1,23.15145386920755,1.0118350296405159,7.809999465942383
70.5,uav_03,1,23.176932348691338,1.1885733657649553,7.809999465942383
70.6,uav_03,1,23.19610252714566,1.3657622639657647,7.809999465942383
70.7,uav_03,1,23.218078937692795,1.527583439564481,7.814535115152906
70.8,uav_03,1,23.233896284441258,1.6745157039876168,7.819999694824219
70.9,uav_03,1,23.233896284441258,1.8189997254319208,7.819999694824219
71.0,uav_03,1,23.231879590647033,1.9561365054853501,7.819999694824219
71.1,uav_03,1,23.214827555837807,2.093273285845627,7.819999694824219
71.2,uav_03,1,23.197775521028586,2.2207458587526263,7.819999694824219
71.3,uav_03,1,23.1661452015847,2.339712707216983,7.819999694824219
71.4,uav_03,1,23.132244984602448,2.456555905125808,7.819999694824219
71.5,uav_03,1,23.07840461978916,2.562290704845062,7.819999694824219
71.6,uav_03,1,23.014037386892063,2.6558327571747222,7.819999694824219
71.7,uav_03,1,22.950459059786354,2.7422223794479805,7.819999694824219
71.8,uav_03,1,22.875690768891562,2.825505793975407,7.819999694824219
71.9,uav_03,1,22.790189487120575,2.908663468144559,7.819999694824219
72.0,uav_03,1,22.695762484054963,2.981566442500045,7.819999694824219
72.1,uav_03,1,22.593603570804003,3.04558627522269,7.819999694824219
72.2,uav_03,1,22.48977994782151,3.107693535280651,7.819999694824219
72.3,uav_03,1,22.36904668648039,3.150914438086569,7.819999694824219
72.4,uav_03,1,22.24831342390194,3.204138556482168,7.819999694824219
72.5,uav_03,1,22.127580162627737,3.2468184450902835,7.819999694824219
72.6,uav_03,1,21.97974140174518,3.2998787755288252,7.819999694824219
72.7,uav_03,1,21.839820330418753,3.3332982962249003,7.819999694824219
72.8,uav_03,1,21.677113289085746,3.3766895587644368,7.819999694824219
72.9,uav_03,1,21.489293807672965,3.4121785455898763,7.819999694824219
73.0,uav_03,1,21.308497288496074,3.446682492909616,7.819999694824219
73.1,uav_03,1,21.127937939803296,3.4699612805970674,7.819999694824219
73.2,uav_03,1,20.917711604408556,3.492407925243585,7.819999694824219
73.3,uav_03,1,20.707485269134082,3.5039092411530346,7.819999694824219
73.4,uav_03,1,20.4960507027522,3.5154105570131686,7.819999694824219
73.5,uav_03,1,20.27454170936894,3.5251076712035445,7.819999694824219
73.6,uav_03,1,20.04584463718555,3.5251076712035445,7.819999694824219
73.7,uav_03,1,19.814799843338946,3.5251076712035445,7.819999694824219
73.8,uav_03,1,19.58179173268884,3.5225625710719535,7.819999694824219
73.9,uav_03,1,19.3515893226565,3.5115426541496917,7.819999694824219
74.0,uav_03,1,19.119285372203276,3.5005227369240255,7.819999694824219
74.1,uav_03,1,18.879491195363688,3.489502819781816,7.819999694824219
74.2,uav_03,1,18.637709198901668,3.478482902866517,7.819999694824219
74.3,uav_03,1,18.390254212361597,3.467462985640851,7.819999694824219
74.4,uav_03,1,18.144837745243482,3.456443068491678,7.819999694824219
74.5,uav_03,1,17.87990273816291,3.4454231515833436,7.819999694824219
74.6,uav_03,1,17.62875641892634,3.4344032343576765,7.819999694824219
74.7,uav_03,1,17.369172040870225,3.425340472973081,7.819999694824219
74.8,uav_03,1,17.108657465798245,3.4237679982883042,7.819999694824219
74.9,uav_03,1,16.857992084738914,3.413142978831162,7.819999694824219
75.0,uav_03,1,16.59847923655941,3.4018659334865884,7.819999694824219
75.1,uav_03,1,16.330619754797432,3.380807695255682,7.819999694824219
75.2,uav_03,1,16.08092247949681,3.370182675460577,7.819999694824219
75.3,uav_03,1,15.813196382803094,3.359557655665475,7.819999694824219
75.4,uav_03,1,15.545003012792423,3.3489326362219622,7.819999694824219
75.5,uav_03,1,15.27680964278176,3.3383076164690966,7.819999694824219
75.6,uav_03,1,15.00274062905975,3.3366585191217224,7.819999694824219
75.7,uav_03,1,14.733106025708416,3.3113885569392774,7.819999694824219
75.8,uav_03,1,14.458458013400131,3.3034027863782347,7.819999694824219
75.9,uav_03,1,14.170493913797806,3.286888557852908,7.819999694824219
76.0,uav_03,1,13.885849778511234,3.2728811997643836,7.819999694824219
76.1,uav_03,1,13.596316632870932,3.2701470536347466,7.819999694824219
76.2,uav_03,1,13.304403677799998,3.2530689220786653,7.819999694824219
76.3,uav_03,1,13.012490723470357,3.2393435155005097,7.819999694824219
76.4,uav_03,1,12.72057776837622,3.236891320891259,7.819999694824219
76.5,uav_03,1,12.436342652123333,3.2192492863044215,7.819999694824219
76.6,uav_03,1,12.13864084455614,3.2058058312366366,7.819999694824219
76.7,uav_03,1,11.836997457911249,3.203635588147771,7.819999694824219
76.8,uav_03,1,11.562227696123232,3.203635588147771,7.819999694824219
76.9,uav_03,1,11.285263458605373,3.1876325311419866,7.819999694824219
77.0,uav_03,1,11.005850553806091,3.1741934728564045,7.819999694824219
77.1,uav_03,1,10.73782552134641,3.1703798554042835,7.819999694824219
77.2,uav_03,1,10.461263373197811,3.1703798554042835,7.819999694824219
77.3,uav_03,1,10.177260468231706,3.16021601203913,7.819999694824219
77.4,uav_03,1,9.901635573758357,3.143857346985094,7.819999694824219
77.5,uav_03,1,9.62808328608545,3.137124122660795,7.819999694824219
77.6,uav_03,1,9.348670381286171,3.137124122660795,7.819999694824219
77.7,uav_03,1,9.069739663552674,3.1328352336777945,7.819999694824219
77.8,uav_03,1,8.79335784246323,3.1149536342964117,7.819999694824219
77.9,uav_03,1,8.5219569103679,3.1146782607464814,7.819751274633095
78.0,uav_03,1,8.254898738624638,3.104780797775598,7.810822567996289
78.1,uav_03,1,7.987840566881344,3.103868389917307,7.809999465942383
78.2,uav_03,1,7.720782395138063,3.103868389917307,7.809999465942383
78.3,uav_03,1,7.459477144638212,3.103868389917307,7.809999465942383
78.4,uav_03,1,7.1963146804749325,3.093024968334062,7.809999465942383
78.5,uav_03,1,6.9255712847698145,3.081697901552924,7.809999465942383
78.6,uav_03,1,6.652549709536149,3.081697901552924,7.809999465942383
78.7,uav_03,1,6.385491537792878,3.079839534889657,7.809999465942383
78.8,uav_03,1,6.118433366049615,3.0706126571738195,7.809999465942383
78.9,uav_03,1,5.851375194306315,3.0706126571738195,7.809999465942383
79.0,uav_03,1,5.557652418291719,3.0706126571738195,7.809999465942383
79.1,uav_03,1,5.244590866869848,3.0706126571738195,7.809999465942383
79.2,uav_03,1,4.93027655744586,3.0706126571738195,7.809999465942383
79.3,uav_03,1,4.615962248021958,3.068757540472923,7.809999465942383
79.4,uav_03,1,4.300350046007591,3.0484421688094363,7.809999465942383
79.5,uav_03,1,3.9776850017217624,3.0484421688094363,7.809999465942383
79.6,uav_03,1,3.6633706922978635,3.0484421688094363,7.809999465942383
79.7,uav_03,1,3.3490563828739073,3.045260282996939,7.809999465942383
79.8,uav_03,1,3.0347420734499617,3.0373569244303313,7.809999465942383
79.9,uav_03,1,2.7175010649265547,3.0373569244303313,7.809999465942383
80.0,uav_03,1,2.4024273398055898,3.0373569244303313,7.809999465942383
80.1,uav_03,1,2.092876512143231,3.0373569244303313,7.809999465942383
80.2,uav_03,1,1.7726507199338333,3.031371064040332,7.809999465942383
80.3,uav_03,1,1.4531965192424718,3.0262716800512264,7.809999465942383
80.4,uav_03,1,1.131944389828742,3.0262716800512264,7.809999465942383
80.5,uav_03,1,0.8135165249705651,3.0262716800512264,7.809999465942383
80.6,uav_03,1,0.4985008422463377,3.0262716800512264,7.809999465942383
80.7,uav_03,1,0.1834851595220429,3.0262716800512264,7.809999465942383
80.8,uav_03,1,-0.1232414035847407,3.0262716800512264,7.809999465942383
80.9,uav_03,1,-0.4426975947173457,3.0262716800512264,7.809999465942383
81.0,uav_03,1,-0.7412544007454491,3.0262716800512264,7.809999465942383
81.1,uav_03,1,-1.0365484504187386,3.0262716800512264,7.809999465942383
81.2,uav_03,1,-1.3318425000920584,3.0262716800512264,7.809999465942383
81.3,uav_03,1,-1.6271365497654056,3.0262716800512264,7.81827035282189
81.4,uav_03,1,-1.930287673894698,3.0262716800512264,7.819999694824219
81.5,uav_03,1,-2.227373276564286,3.0173860688118155,7.819999694824219
81.6,uav_03,1,-2.52266732623763,3.015186436065948,7.819999694824219
81.7,uav_03,1,-2.817961375910935,3.015186436065948,7.819999694824219
81.8,uav_03,1,-3.113255425584204,3.015186436065948,7.819999694824219
81.9,uav_03,1,-3.394054048196476,3.015186436065948,7.819999694824219
82.0,uav_03,1,-3.65442144360911,3.015186436065948,7.814596225676068
82.1,uav_03,1,-3.9069145259717075,3.015186436065948,7.809999465942383
82.2,uav_03,1,-4.160553353084364,3.015186436065948,7.809999465942383
82.3,uav_03,1,-4.414192180197025,3.015186436065948,7.809999465942383
82.4,uav_03,1,-4.667831007309695,3.015186436065948,7.809999465942383
82.5,uav_03,1,-4.9289613376622325,3.015186436065948,7.809999465942383
82.6,uav_03,1,-5.184757288987244,3.015186436065948,7.809999465942383
82.7,uav_03,1,-5.4383961160998835,3.015186436065948,7.809999465942383
82.8,uav_03,1,-5.692034943212521,3.015186436065948,7.809999465942383
82.9,uav_03,1,-5.945673770325232,3.015186436065948,7.809999465942383
83.0,uav_03,1,-6.199682690759469,3.015186436065948,7.809999465942383
83.1,uav_03,1,-6.472504484388425,3.015186436065948,7.809999465942383
83.2,uav_03,1,-6.735820499389285,3.015186436065948,7.809999465942383
83.3,uav_03,1,-7.004775794070388,3.015186436065948,7.809999465942383
83.4,uav_03,1,-7.275624876583865,3.015186436065948,7.809999465942383
83.5,uav_03,1,-7.556514274818287,3.015186436065948,7.809999465942383
83.6,uav_03,1,-7.83662029788651,3.015186436065948,7.809999465942383
83.7,uav_03,1,-8.107469380399987,3.015186436065948,7.809999465942383
83.8,uav_03,1,-8.378318462913445,3.015186436065948,7.812368225064007
83.9,uav_03,1,-8.647793630908323,3.015186436065948,7.819999694824219
84.0,uav_03,1,-8.910367999116962,3.0157176309632736,7.819999694824219
84.1,uav_03,1,-9.181217081630402,3.0257555888064567,7.819999694824219
84.2,uav_03,1,-9.46488996424603,3.0262716800512264,7.819999694824219
84.3,uav_03,1,-9.753827654158224,3.0262716800512264,7.819999694824219
84.4,uav_03,1,-10.040802437623105,3.0262716800512264,7.819999694824219
84.5,uav_03,1,-10.32984439782116,3.0262716800512264,7.819999694824219
84.6,uav_03,1,-10.608613271332855,3.0262716800512264,7.819999694824219
84.7,uav_03,1,-10.877080562420506,3.0262716800512264,7.819999694824219
84.8,uav_03,1,-11.136433288965021,3.0262716800512264,7.819999694824219
84.9,uav_03,1,-11.392759028585502,3.028010522574039,7.819999694824219
85.0,uav_03,1,-11.632161545177798,3.0373569244303313,7.819999694824219
85.1,uav_03,1,-11.868196846248681,3.0373569244303313,7.819999694824219
85.2,uav_03,1,-12.090034534735844,3.0373569244303313,7.819999694824219
85.3,uav_03,1,-12.302855400416528,3.0412858560942557,7.819999694824219
85.4,uav_03,1,-12.504730549142224,3.0484421688094363,7.819999694824219
85.5,uav_03,1,-12.690943139677549,3.0484421688094363,7.819999694824219
85.6,uav_03,1,-12.860629683269735,3.0484421688094363,7.819999694824219
85.7,uav_03,1,-13.013356579961883,3.0622608976651335,7.819999694824219
85.8,uav_03,1,-13.144192043143269,3.0706126571738195,7.819999694824219
85.9,uav_03,1,-13.260447091407087,3.0706126571738195,7.819999694824219
86.0,uav_03,1,-13.357796860413098,3.0706126571738195,7.819999694824219
86.1,uav_03,1,-13.44033126788975,3.0706126571738195,7.819999694824219
86.2,uav_03,1,-13.502522770870788,3.0706126571738195,7.819999694824219
86.3,uav_03,1,-13.5351172461736,3.0706126571738195,7.819999694824219
86.4,uav_03,1,-13.546251027395428,3.0706126571738195,7.819999694824219
86.5,uav_03,1,-13.537161242361428,3.081541510375677,7.819999694824219
86.6,uav_03,1,-13.50730925307245,3.081697901552924,7.819999694824219
86.7,uav_03,1,-13.457171397979808,3.081697901552924,7.819999694824219
86.8,uav_03,1,-13.3968046745834,3.081697901552924,7.819999694824219
86.9,uav_03,1,-13.326209084232453,3.081697901552924,7.819999694824219
87.0,uav_03,1,-13.248391950627218,3.081697901552924,7.819999694824219
87.1,uav_03,1,-13.179645092669064,3.081697901552924,7.819999694824219
87.2,uav_03,1,-13.095937734355129,3.081697901552924,7.819999694824219
87.3,uav_03,1,-13.011811618356411,3.081216792356876,7.819999694824219
87.4,uav_03,1,-12.918732493265377,3.0706126571738195,7.819999694824219
87.5,uav_03,1,-12.81642350081233,3.0706126571738195,7.819999694824219
87.6,uav_03,1,-12.705090552157552,3.0706126571738195,7.819999694824219
87.7,uav_03,1,-12.584804595652479,3.0706126571738195,7.819999694824219
87.8,uav_03,1,-12.463893967709298,3.0706126571738195,7.819999694824219
87.9,uav_03,1,-12.327022291554465,3.052275115729158,7.819999694824219
88.0,uav_03,1,-12.18751002731285,3.0396729950392265,7.819999694824219
88.1,uav_03,1,-12.044635801730832,3.021181151445967,7.819999694824219
88.2,uav_03,1,-11.896543251898194,3.000811751455412,7.819999694824219
88.3,uav_03,1,-11.74127520700183,2.9805579380314366,7.814380380439823
88.4,uav_03,1,-11.583296870926905,2.9551641352510414,7.809999465942383
88.5,uav_03,1,-11.421727863827146,2.924929868551673,7.809999465942383
88.6,uav_03,1,-11.251413666704842,2.897810763370571,7.812941836524214
88.7,uav_03,1,-11.0711143415029,2.8752536723206807,7.819999694824219
88.8,uav_03,1,-10.879536878012017,2.844872952212554,7.819999694824219
88.9,uav_03,1,-10.70223761285729,2.814878834477925,7.819999694824219
89.0,uav_03,1,-10.499504381271752,2.7946250211924264,7.819999694824219
89.1,uav_03,1,-10.313404846660662,2.774371207906935,7.819999694824219
89.2,uav_03,1,-10.103180737668136,2.76220699510066,7.819999694824219
89.3,uav_03,1,-9.882078406504347,2.7420992164956526,7.819999694824219
89.4,uav_03,1,-9.651607832183231,2.7289602711168257,7.819999694824219
89.5,uav_03,1,-9.419377352706489,2.717843269080437,7.819999694824219
89.6,uav_03,1,-9.187146873229816,2.7158848409807304,7.819999694824219
89.7,uav_03,1,-8.9549163937531,2.706694509713275,7.819999694824219
89.8,uav_03,1,-8.722685914276385,2.695577507744208,7.819999694824219
89.9,uav_03,1,-8.482400860785123,2.6844605057078197,7.819999694824219
90.0,uav_03,1,-8.240494110754637,2.6733435040013247,7.819999694824219
90.1,uav_03,1,-7.998587361650077,2.6715438642519644,7.819999694824219
90.2,uav_03,1,-7.749167528033308,2.662222336206815,7.819999694824219
90.3,uav_03,1,-7.498689496430439,2.6511541616092718,7.819999694824219
90.4,uav_03,1,-7.248280060249794,2.640089018450151,7.819999694824219
90.5,uav_03,1,-6.9978706240692325,2.619759618541859,7.819999694824219
90.6,uav_03,1,-6.749190110350774,2.6069498854629125,7.819999694824219
90.7,uav_03,1,-6.491194050214243,2.595900721098452,7.819999694824219
90.8,uav_03,1,-6.23115348245194,2.5848355776094882,7.819999694824219
90.9,uav_03,1,-5.979026160515971,2.5828619100067787,7.819999694824219
91.0,uav_03,1,-5.720720974379519,2.573790535332942,7.819999694824219
91.1,uav_03,1,-5.452802151412303,2.571776666021501,7.819999694824219
91.2,uav_03,1,-5.194410018547765,2.571776666021501,7.819999694824219
91.3,uav_03,1,-4.940505027766844,2.5803811835597625,7.819999694824219
91.4,uav_03,1,-4.6798665453226915,2.5828619100067787,7.819999694824219
91.5,uav_03,1,-4.4240322364251075,2.5908621205965288,7.819999694824219
91.6,uav_03,1,-4.163919744616318,2.6016452113485298,7.819999694824219
91.7,uav_03,1,-3.9011220303077616,2.612428301837776,7.819999694824219
91.8,uav_03,1,-3.638324315580228,2.6161176427502664,7.819999694824219
91.9,uav_03,1,-3.3755266016927417,2.6161176427502664,7.819999694824219
92.0,uav_03,1,-3.1127288874963446,2.6161176427502664,7.819999694824219
92.1,uav_03,1,-2.8499311727688172,2.6161176427502664,7.819999694824219
92.2,uav_03,1,-2.5808847886002737,2.6101878898370936,7.819999694824219
92.3,uav_03,1,-2.3109901181446735,2.5992977223345517,7.819999694824219
92.4,uav_03,1,-2.040183877755219,2.5883846860916773,7.819999694824219
92.5,uav_03,1,-1.7647204881835754,2.5774716500403043,7.819999694824219
92.6,uav_03,1,-1.4892570986119527,2.5665586139997583,7.819999694824219
92.7,uav_03,1,-1.2148463171919557,2.550683136427428,7.819999694824219
92.8,uav_03,1,-0.9406620712401124,2.533739674565227,7.819999694824219
92.9,uav_03,1,-0.6651986816684585,2.5228266383223534,7.819999694824219
93.0,uav_03,1,-0.38973529209682395,2.5119136022371085,7.819999694824219
93.1,uav_03,1,-0.11055995247158966,2.501000566230436,7.819999694824219
93.2,uav_03,1,0.16998806128998334,2.486062615675891,7.819999694824219
93.3,uav_03,1,0.4427098837817598,2.468231618309644,7.816591618447818
93.4,uav_03,1,0.7175767120411094,2.460924223411932,7.809999465942383
93.5,uav_03,1,0.9988039176008794,2.4546294940320865,7.809999465942383
93.6,uav_03,1,1.2775660350451388,2.435921612669498,7.809999465942383
93.7,uav_03,1,1.5516096996938067,2.427668490668444,7.809999465942383
93.8,uav_03,1,1.8328369053705487,2.4232652154616834,7.809999465942383
93.9,uav_03,1,2.1140641102208813,2.4036116070293496,7.809999465942383
94.0,uav_03,1,2.3966588520177172,2.3912704521669137,7.809999465942383
94.1,uav_03,1,2.686167149415947,2.370986359021425,7.809999465942383
94.2,uav_03,1,2.967675170538683,2.3611570251814684,7.809999465942383
94.3,uav_03,1,3.2529155928132423,2.3588638484646625,7.809999465942383
94.4,uav_03,1,3.54824545534744,2.3279012924379803,7.809999465942383
94.5,uav_03,1,3.8345920183503877,2.326849264546165,7.809999465942383
94.6,uav_03,1,4.121292684086655,2.3053239792647164,7.809999465942383
94.7,uav_03,1,4.416933774355787,2.29407028837968,7.809999465942383
94.8,uav_03,1,4.703389390769583,2.2723080169339323,7.809999465942383
94.9,uav_03,1,4.996835456075081,2.261432590256838,7.809999465942383
95.0,uav_03,1,5.292717289755084,2.2613898269510044,7.809999465942383
95.1,uav_03,1,5.579205128090447,2.2289785880758752,7.809999465942383
95.2,uav_03,1,5.874851560668885,2.2281340942075163,7.809999465942383
95.3,uav_03,1,6.166948761309685,2.2072845961847265,7.809999465942383
95.4,uav_03,1,6.456744693911734,2.195883952190978,7.809999465942383
95.5,uav_03,1,6.746400371663971,2.1851490013518213,7.809999465942383
95.6,uav_03,1,7.027892482699055,2.1744140508458725,7.809999465942383
95.7,uav_03,1,7.31606309834519,2.1546503270350126,7.809999465942383
95.8,uav_03,1,7.60571877609746,2.141858905157388,7.809999465942383
95.9,uav_03,1,7.89537445384981,2.131123954403733,7.809999465942383
96.0,uav_03,1,8.185030131602067,2.1203890035645756,7.809999465942383
96.1,uav_03,1,8.47468580935439,2.1096540529964023,7.809999465942383
96.2,uav_03,1,8.764341487106707,2.098919102280083,7.809999465942383
96.3,uav_03,1,9.063066902011187,2.0810388178269768,7.809999465942383
96.4,uav_03,1,9.362520215934838,2.0660222998349784,7.809999465942383
96.5,uav_03,1,9.659458488817192,2.055017448338496,7.809999465942383
96.6,uav_03,1,9.956396761699526,2.0440125966939773,7.809999465942383
96.7,uav_03,1,10.253335034581928,2.0330077452866777,7.809999465942383
96.8,uav_03,1,10.550273307464282,2.0220028937987635,7.809999465942383
96.9,uav_03,1,10.85288348273977,2.0044816311725127,7.809999465942383
97.0,uav_03,1,11.15236327581597,1.9889611367598061,7.809999465942383
97.1,uav_03,1,11.448244191323262,1.9779954719164183,7.809999465942383
97.2,uav_03,1,11.750564039957304,1.9669906204915575,7.809999465942383
97.3,uav_03,1,12.049651201762304,1.9560642704619031,7.809999465942383
97.4,uav_03,1,12.341580243353048,1.9452450663146974,7.809999465942383
97.5,uav_03,1,12.637218366753457,1.9344643167880902,7.809999465942383
97.6,uav_03,1,12.933011761796394,1.9185346350195154,7.809999465942383
97.7,uav_03,1,13.223903207291952,1.9018175733404719,7.809999465942383
97.8,uav_03,1,13.518746231705894,1.8910368238418378,7.809999465942383
97.9,uav_03,1,13.815334725735342,1.880256074121484,7.809999465942383
98.0,uav_03,1,14.10622617123086,1.8694753245407882,7.809999465942383
98.1,uav_03,1,14.403430577038836,1.8586945750746082,7.809999465942383
98.2,uav_03,1,14.704414871150313,1.8445918611764835,7.809999465942383
98.3,uav_03,1,14.987793404936008,1.826075839823607,7.809999465942383
98.4,uav_03,1,15.277849160022486,1.8154089990455027,7.809999465942383
98.5,uav_03,1,15.57190807826529,1.8047855106552486,7.809999465942383
98.6,uav_03,1,15.858556223895677,1.7925144764757228,7.809999465942383
98.7,uav_03,1,16.14623648453475,1.7724532897067784,7.809999465942383
98.8,uav_03,1,16.44150114260886,1.7618298015932858,7.809999465942383
98.9,uav_03,1,16.728377575991654,1.7512063131280935,7.809762859255519
99.0,uav_03,1,17.024272435446157,1.740582824662904,7.800179189961256
99.1,uav_03,1,17.3087696966784,1.7197076234221005,7.799999237060547
99.2,uav_03,1,17.603840560654728,1.708342980783734,7.799999237060547
99.3,uav_03,1,17.891546564796364,1.6977194926527857,7.799999237060547
99.4,uav_03,1,18.188260830146195,1.6870141751136525,7.799999237060547
99.5,uav_03,1,18.480598981803624,1.6675352050343974,7.799999237060547
99.6,uav_03,1,18.77145003867377,1.6543816684690145,7.799999237060547
99.7,uav_03,1,19.06230109554394,1.6517013931891174,7.799999237060547
99.8,uav_03,1,19.359935189120392,1.6283224351961616,7.799999237060547
99.9,uav_03,1,19.65365183673647,1.6184456604456294,7.799999237060547
100.0,uav_03,1,19.9445028936066,1.6040836545394044,7.799999237060547
100.1,uav_03,1,20.247322009614045,1.5894001605052095,7.799999237060547
100.2,uav_03,1,20.53978456952085,1.5720518877927092,7.799999237060547
100.3,uav_03,1,20.826704691669285,1.5567564107709875,7.799999237060547
100.4,uav_03,1,21.124346034439366,1.539904853759486,7.799999237060547
100.5,uav_03,1,21.42330836157316,1.523917981901885,7.799999237060547
100.6,uav_03,1,21.718628241603117,1.5072677572604918,7.799999237060547
100.7,uav_03,1,22.018791896064172,1.4909429933857987,7.799999237060547
100.8,uav_03,1,22.31891662911534,1.4745735129618311,7.799999237060547
100.9,uav_03,1,22.614236509145343,1.4579680048697106,7.799999237060547
101.0,uav_03,1,22.9095563891753,1.4521669967281898,7.799999237060547
101.1,uav_03,1,23.209231322528005,1.4371565208754036,7.799999237060547
101.2,uav_03,1,23.508760321545058,1.418911263984702,7.799999237060547
101.3,uav_03,1,23.810732670129436,1.4050201519103418,7.799999237060547
101.4,uav_03,1,24.118080385521235,1.3856555312412142,7.799999237060547
101.5,uav_03,1,24.415795992391846,1.3722523240702387,7.799999237060547
101.6,uav_03,1,24.71033481457411,1.3479581011055861,7.799999237060547
101.7,uav_03,1,25.006800542883205,1.3324832362600658,7.799999237060547
101.8,uav_03,1,25.311010657774094,1.314754445130951,7.799999237060547
101.9,uav_03,1,25.609415546234885,1.299331657052435,7.799999237060547
102.0,uav_03,1,25.907820434695623,1.2815507891563156,7.799999237060547
102.1,uav_03,1,26.20997806947529,1.2704915833148143,7.799999237060547
102.2,uav_03,1,26.514278839069387,1.2551469104752044,7.799999237060547
102.3,uav_03,1,26.81268372753013,1.237287927187003,7.799999237060547
102.4,uav_03,1,27.108396654323144,1.2221948650097596,7.799999237060547
102.5,uav_03,1,27.401676690690888,1.204496397365293,7.799999237060547
102.6,uav_03,1,27.695476310133298,1.1938430295875528,7.799999237060547
102.7,uav_03,1,27.9829306771678,1.1802581891490314,7.799999237060547
102.8,uav_03,1,28.2703850442023,1.161451049777127,7.799999237060547
102.9,uav_03,1,28.557839411236777,1.1487299623330427,7.799999237060547
103.0,uav_03,1,28.846717620877463,1.1290590699667034,7.799999237060547
103.1,uav_03,1,29.14239677275805,1.1184057024051817,7.799999237060547
103.2,uav_03,1,29.429851139792532,1.1069802441291277,7.799999237060547
103.3,uav_03,1,29.71722964056259,1.0860165343107708,7.799999237060547
103.4,uav_03,1,30.002308351671246,1.0754512107763248,7.799999237060547
103.5,uav_03,1,30.29461313516278,1.0539674706682653,7.799999237060547
103.6,uav_03,1,30.6082530627969,1.0425871376282925,7.799999237060547
103.7,uav_03,1,30.90471639227567,1.021260904245949,7.799999237060547
103.8,uav_03,1,31.20018018908595,1.0096014816909824,7.799999237060547
103.9,uav_03,1,31.48684773689441,0.9986512757149655,7.799999237060547
104.0,uav_03,1,31.781459153883237,0.9777301575274986,7.799999237060547
104.1,uav_03,1,32.07692295069352,0.9656656197776569,7.799999237060547
104.2,uav_03,1,32.37238674750388,0.9547154141462831,7.799999237060547
104.3,uav_03,1,32.66785054431423,0.9341994108630299,7.799999237060547
104.4,uav_03,1,32.96331434112456,0.9217297581993777,7.799999237060547
104.5,uav_03,1,33.2787785066565,0.9012179621019177,7.808505022632402
104.6,uav_03,1,33.58347502354744,0.8883758696296681,7.809999465942383
104.7,uav_03,1,33.87726673054292,0.877176569564242,7.809999465942383
104.8,uav_03,1,34.17819634767903,0.8562202435238915,7.809999465942383
104.9,uav_03,1,34.47178950699959,0.8436927253375248,7.809999465942383
105.0,uav_03,1,34.77291767318166,0.8324934252168085,7.809999465942383
105.1,uav_03,1,35.06631228238544,0.8111949319637736,7.809999465942383
105.2,uav_03,1,35.35874935685485,0.8092228302228147,7.809999465942383
105.3,uav_03,1,35.64219751527658,0.7885682206410424,7.809999465942383
105.4,uav_03,1,35.91579849727059,0.7766109811424797,7.809999465942383
105.5,uav_03,1,36.18281889753261,0.756053358913696,7.809999465942383
105.6,uav_03,1,36.42874105633385,0.7445441848333347,7.809999465942383
105.7,uav_03,1,36.67218340202081,0.7256592802303176,7.809999465942383
105.8,uav_03,1,36.90883690155295,0.7127412158446417,7.817035701482285
105.9,uav_03,1,37.13710626323422,0.709455631992351,7.819999694824219
106.0,uav_03,1,37.356991486279554,0.6904149419017879,7.819999694824219
106.1,uav_03,1,37.56849257028254,0.676199899248863,7.819999694824219
106.2,uav_03,1,37.7758693834059,0.6664116333882975,7.819999694824219
106.3,uav_03,1,37.97236332972034,0.6498616597446588,7.819999694824219
106.4,uav_03,1,38.1496956156517,0.6360614281027923,7.819999694824219
106.5,uav_03,1,38.32132373099669,0.617887635394723,7.819999694824219
106.6,uav_03,1,38.492965125029244,0.6096884337618872,7.819999694824219
106.7,uav_03,1,38.65353246072691,0.6031687753974745,7.819999694824219
106.8,uav_03,1,38.78963975843461,0.5839166411997446,7.819999694824219
106.9,uav_03,1,38.91550398622173,0.5764327010183994,7.819999694824219
107.0,uav_03,1,39.02739611786389,0.5678641929444953,7.819999694824219
107.1,uav_03,1,39.12282835812973,0.5496364835833132,7.819999694824219
107.2,uav_03,1,39.21234099760561,0.5431769682749115,7.819999694824219
107.3,uav_03,1,39.283370880116486,0.5431769682749115,7.819999694824219
107.4,uav_03,1,39.33310012395567,0.53187666058835,7.819999694824219
107.5,uav_03,1,39.37139089331896,0.5210064799105285,7.819999694824219
107.6,uav_03,1,39.403035604370096,0.5210064799105285,7.819999694824219
