t_s,agent_id,valid,east_m,north_m,up_m
0.0,uav_01,1,5.933906235531139,-11.960978545245677,7.729999542236328
0.1,uav_01,1,5.933906235531139,-11.960978545245677,7.736986978801698
0.2,uav_01,1,5.933906235531139,-11.960978545245677,7.739999771118164
0.3,uav_01,1,5.933906235531139,-11.960978545245677,7.739999771118164
0.4,uav_01,1,5.933906235531139,-11.960978545245677,7.739999771118164
0.5,uav_01,1,5.933906235531139,-11.960978545245677,7.746477198533301
0.6,uav_01,1,5.933906235531139,-11.960978545245677,7.75
0.7,uav_01,1,5.921842796687749,-11.95404874311625,7.75
0.8,uav_01,1,5.914608979255451,-11.936284116962264,7.75
0.9,uav_01,1,5.908795226623051,-11.907684666689605,7.75
1.0,uav_01,1,5.899302728402119,-11.887967074508888,7.75
1.1,uav_01,1,5.889773146490561,-11.864292133718356,7.75
1.2,uav_01,1,5.880179700875116,-11.818626927987923,7.75
1.3,uav_01,1,5.86513748428234,-11.769706895162516,7.755636672899805
1.4,uav_01,1,5.845930033935878,-11.719375613472502,7.760000228881836
1.5,uav_01,1,5.8267225829911204,-11.658062264319705,7.760000228881836
1.6,uav_01,1,5.807515132046362,-11.585766847532275,7.760000228881836
1.7,uav_01,1,5.783048800539836,-11.508531256482843,7.760000228881836
1.8,uav_01,1,5.749023646164641,-11.425305360612196,7.760000228881836
1.9,uav_01,1,5.715777820246912,-11.33703611355223,7.760000228881836
2.0,uav_01,1,5.676718298634088,-11.23699261059075,7.760000228881836
2.1,uav_01,1,5.63388493377126,-11.126960485170075,7.760000228881836
2.2,uav_01,1,5.590787212137669,-11.011692002450612,7.760000228881836
2.3,uav_01,1,5.547981862065303,-10.896854690164654,7.760000228881836
2.4,uav_01,1,5.509882280738932,-10.776634789163618,7.760000228881836
2.5,uav_01,1,5.471782699449202,-10.640065373891753,7.760000228881836
2.6,uav_01,1,5.433683117455574,-10.492695025466329,7.760000228881836
2.7,uav_01,1,5.391259339241652,-10.334523743835998,7.7644820012527624
2.8,uav_01,1,5.347835326612977,-10.175203299016639,7.770000457763672
2.9,uav_01,1,5.3097357453935805,-10.017316328803496,7.770000457763672
3.0,uav_01,1,5.263926182641443,-9.844724924063398,7.770000457763672
3.1,uav_01,1,5.2072127635023095,-9.655833124103157,7.770000457763672
3.2,uav_01,1,5.150526580251079,-9.468549110302458,7.770000457763672
3.3,uav_01,1,5.093979850379756,-9.28772600135409,7.770000457763672
3.4,uav_01,1,5.034358460438975,-9.092827522021759,7.770000457763672
3.5,uav_01,1,4.968387275711821,-8.894654136491237,7.770000457763672
3.6,uav_01,1,4.902416090984664,-8.68591060859808,7.770000457763672
3.7,uav_01,1,4.834042764950178,-8.474876351281287,7.770000457763672
3.8,uav_01,1,4.760825094078088,-8.274973365369304,7.770000457763672
3.9,uav_01,1,4.694853909350931,-8.058419499492965,7.770000457763672
4.0,uav_01,1,4.627153102512134,-7.839878481957305,7.770000457763672
4.1,uav_01,1,4.552196405408303,-7.6138207044134045,7.770000457763672
4.2,uav_01,1,4.479694204013807,-7.395165308307964,7.770000457763672
4.3,uav_01,1,4.4086534820548415,-7.180459665201883,7.770000457763672
4.4,uav_01,1,4.346396659182419,-6.9556622584271075,7.770000457763672
4.5,uav_01,1,4.267641900431858,-6.730864851652336,7.770000457763672
4.6,uav_01,1,4.195091585963955,-6.50606744518344,7.770000457763672
4.7,uav_01,1,4.130680306837192,-6.281270038496602,7.770000457763672
4.8,uav_01,1,4.05645432533852,-6.04959698854806,7.770000457763672
4.9,uav_01,1,3.9816396220837773,-5.8205899807813966,7.770000457763672
5.0,uav_01,1,3.9149639544919634,-5.5906512916518105,7.770000457763672
5.1,uav_01,1,3.8415465598223455,-5.351361718753179,7.770000457763672
5.2,uav_01,1,3.757354806777375,-5.105623534908665,7.770000457763672
5.3,uav_01,1,3.678744226039033,-4.855630338906454,7.770000457763672
5.4,uav_01,1,3.5940442575489424,-4.594593569908209,7.770000457763672
5.5,uav_01,1,3.516067478913953,-4.329419848831917,7.770000457763672
5.6,uav_01,1,3.4348698559572273,-4.071857225989945,7.773338671971523
5.7,uav_01,1,3.3471459801862578,-3.8104810650245717,7.780000686645508
5.8,uav_01,1,3.2628398881864324,-3.549573404440222,7.780000686645508
5.9,uav_01,1,3.1848631104928704,-3.2991693572022474,7.780000686645508
6.0,uav_01,1,3.1068863322856277,-3.045759664315915,7.780000686645508
6.1,uav_01,1,3.028909553734597,-2.7993954162464005,7.780000686645508
6.2,uav_01,1,2.9504142556193926,-2.5513929255458456,7.780000686645508
6.3,uav_01,1,2.8707835782201205,-2.3046075619236035,7.780000686645508
6.4,uav_01,1,2.7997838049865953,-2.0630750482181286,7.780000686645508
6.5,uav_01,1,2.734811537429199,-1.8271794492713704,7.780000686645508
6.6,uav_01,1,2.659465937346964,-1.6092549215384848,7.780000686645508
6.7,uav_01,1,2.5906402772860857,-1.395757529985554,7.780000686645508
6.8,uav_01,1,2.524580952482537,-1.1841139396965306,7.786212533863342
6.9,uav_01,1,2.467215681645048,-0.9989924632899544,7.790000915527344
7.0,uav_01,1,2.410442633542831,-0.8187508044657135,7.790000915527344
7.1,uav_01,1,2.364537751544952,-0.6509955099264779,7.790000915527344
7.2,uav_01,1,2.320395428715549,-0.50851515926989,7.790000915527344
7.3,uav_01,1,2.2766451453554803,-0.3845778947329973,7.790000915527344
7.4,uav_01,1,2.2480781583534983,-0.2656862235623596,7.790000915527344
7.5,uav_01,1,2.2230542905598623,-0.15965438486340805,7.790000915527344
7.6,uav_01,1,2.1912972723031676,-0.07673976852100028,7.790000915527344
7.7,uav_01,1,2.1653320297538095,-0.0071334158723210025,7.790000915527344
7.8,uav_01,1,2.140242998735036,0.061466262892479896,7.790000915527344
7.9,uav_01,1,2.122932836625478,0.12112885084154065,7.790000915527344
8.0,uav_01,1,2.1226981656450357,0.17098248032363172,7.790000915527344
8.1,uav_01,1,2.107609768682049,0.20336634542546594,7.790000915527344
8.2,uav_01,1,2.1034009093693466,0.21814564018176905,7.790000915527344
8.3,uav_01,1,2.1034009093693466,0.22170488482531037,7.790000915527344
8.4,uav_01,1,2.1158632779976823,0.2073869530571944,7.790000915527344
8.5,uav_01,1,2.1226981656450357,0.17682698521077694,7.790000915527344
8.6,uav_01,1,2.1365885908421443,0.13436143066166945,7.790000915527344
8.7,uav_01,1,2.163902101624112,0.07999028970792654,7.790000915527344
8.8,uav_01,1,2.1786005459874005,0.022513212820232456,7.790000915527344
8.9,uav_01,1,2.196622443151218,-0.02575404257446473,7.798307702159433
9.0,uav_01,1,2.216633727711294,-0.09097568995185906,7.799999237060547
9.1,uav_01,1,2.236645012271369,-0.14991801823666986,7.799999237060547
9.2,uav_01,1,2.2475689987340393,-0.19695476018970387,7.799999237060547
9.3,uav_01,1,2.2568025569838612,-0.22942478697685148,7.799999237060547
9.4,uav_01,1,2.265615029580069,-0.25979856089487074,7.799999237060547
9.5,uav_01,1,2.2674275856559736,-0.2818955816828841,7.799999237060547
9.6,uav_01,1,2.2674275856559736,-0.28821635031228615,7.799999237060547
9.7,uav_01,1,2.2674275856559736,-0.2764669442243853,7.799999237060547
9.8,uav_01,1,2.2631949971536343,-0.2611830689613639,7.799999237060547
9.9,uav_01,1,2.251075319545332,-0.24340796923129154,7.799999237060547
10.0,uav_01,1,2.2384817019280163,-0.2075100217120046,7.799999237060547
10.1,uav_01,1,2.23371086089683,-0.1607974762786341,7.799999237060547
10.2,uav_01,1,2.208116796385064,-0.12813201699504387,7.799999237060547
10.3,uav_01,1,2.1905810790571665,-0.06769201240676559,7.799999237060547
10.4,uav_01,1,2.181140377686309,-0.0037944123161561955,7.799999237060547
10.5,uav_01,1,2.1715579977419046,0.06226038469051846,7.799999237060547
10.6,uav_01,1,2.1439869303096706,0.1387694370334632,7.799999237060547
10.7,uav_01,1,2.1330577733015237,0.21598700248606295,7.799999237060547
10.8,uav_01,1,2.1234562897531992,0.3136330491044046,7.799999237060547
10.9,uav_01,1,2.1050114457100704,0.42307285357631047,7.799999237060547
11.0,uav_01,1,2.0946046940352026,0.5333836618309049,7.799999237060547
11.1,uav_01,1,2.0850032093445967,0.6637979703047814,7.799999237060547
11.2,uav_01,1,2.0754017257694746,0.7961709400535345,7.799999237060547
11.3,uav_01,1,2.0744550256413894,0.9285439098022995,7.799999237060547
11.4,uav_01,1,2.0744550256413894,1.0719590005195454,7.799999237060547
11.5,uav_01,1,2.0832248052786304,1.2274115217327963,7.799999237060547
11.6,uav_01,1,2.075243840395347,1.404411039137359,7.799999237060547
11.7,uav_01,1,2.0744550256413894,1.5718728627516099,7.799999237060547
11.8,uav_01,1,2.0654955507764896,1.7395921267513237,7.799999237060547
11.9,uav_01,1,2.0557568901652177,1.9282162028188505,7.799999237060547
12.0,uav_01,1,2.055157769365701,2.128924164709923,7.799999237060547
12.1,uav_01,1,2.0274690497294254,2.330320452179848,7.799999237060547
12.2,uav_01,1,2.016892278477387,2.542423972864946,7.799999237060547
12.3,uav_01,1,2.0071536179172913,2.7550089430692473,7.799999237060547
12.4,uav_01,1,1.9888440273989985,2.9574571571521293,7.809363788843527
12.5,uav_01,1,1.9876173730863658,3.17358584132165,7.809999465942383
12.6,uav_01,1,1.979863861832458,3.372886786167991,7.809999465942383
12.7,uav_01,1,1.9779687456340975,3.585649073578907,7.809999465942383
12.8,uav_01,1,1.9779687456340975,3.8027659338897406,7.809999465942383
12.9,uav_01,1,1.9779687456340975,4.019882794200565,7.809999465942383
13.0,uav_01,1,1.9779687456340975,4.236999654511394,7.809999465942383
13.1,uav_01,1,1.9824741481080004,4.4592927419795565,7.809999465942383
13.2,uav_01,1,1.9876173730863658,4.682318619512152,7.809999465942383
13.3,uav_01,1,1.9876173730863658,4.903119014687063,7.809999465942383
13.4,uav_01,1,1.9928782216159813,5.129420235420059,7.809999465942383
13.5,uav_01,1,2.0069146293620546,5.353740261040079,7.809999465942383
13.6,uav_01,1,2.0069146293620546,5.580967425854696,7.809999465942383
13.7,uav_01,1,2.0069146293620546,5.805760380135538,7.809999465942383
13.8,uav_01,1,2.0084218643630103,6.020664941081227,7.809999465942383
13.9,uav_01,1,2.016563256814323,6.235605015698036,7.809999465942383
14.0,uav_01,1,2.0176093472314607,6.442393344437895,7.8110836763306075
14.1,uav_01,1,2.0262118856377436,6.6559893385746465,7.819999694824219
14.2,uav_01,1,2.0267968311737476,6.839935138558399,7.819999694824219
14.3,uav_01,1,2.035860513090012,7.023473801907552,7.819999694824219
14.4,uav_01,1,2.036118467396493,7.196546232967368,7.819999694824219
14.5,uav_01,1,2.055157769365701,7.365422535299047,7.819999694824219
14.6,uav_01,1,2.055157769365701,7.526469970060884,7.819999694824219
14.7,uav_01,1,2.056287464818103,7.674180672494803,7.819999694824219
14.8,uav_01,1,2.0663510956073092,7.799588402855323,7.819999694824219
14.9,uav_01,1,2.0744550256413894,7.912957300500984,7.819999694824219
15.0,uav_01,1,2.0768297304460606,8.014287365084067,7.819999694824219
15.1,uav_01,1,2.0841036530936576,8.10357859671846,7.819999694824219
15.2,uav_01,1,2.087308364588592,8.180830995587177,7.816678202305841
15.3,uav_01,1,2.0973719960740183,8.237727230146382,7.809999465942383
15.4,uav_01,1,2.1034009093693466,8.271512489573297,7.809999465942383
15.5,uav_01,1,2.110216284107358,8.291762698689075,7.809999465942383
15.6,uav_01,1,2.1226981656450357,8.291762698689075,7.809999465942383
15.7,uav_01,1,2.1226981656450357,8.284012513087996,7.809999465942383
15.8,uav_01,1,2.1226981656450357,8.252801834103245,7.809999465942383
15.9,uav_01,1,2.1237072620374224,8.221773200693988,7.809999465942383
16.0,uav_01,1,2.1323467930973035,8.18903445742917,7.809999465942383
16.1,uav_01,1,2.1323467930973035,8.126518013928965,7.809999465942383
16.2,uav_01,1,2.1412658790801475,8.074248647973924,7.809999465942383
16.3,uav_01,1,2.167014038122651,8.022151611506757,7.809999465942383
16.4,uav_01,1,2.1787012976111875,7.961139171792746,7.809999465942383
16.5,uav_01,1,2.202779502811941,7.914128863538474,7.809999465942383
16.6,uav_01,1,2.2384146530814935,7.862305773395909,7.809999465942383
16.7,uav_01,1,2.2764668606516114,7.815797277548816,7.809999465942383
16.8,uav_01,1,2.3353647380496074,7.772079350876111,7.809999465942383
16.9,uav_01,1,2.388330140225848,7.728361424029994,7.809999465942383
17.0,uav_01,1,2.4492502081255503,7.6846434970736714,7.809999465942383
17.1,uav_01,1,2.522383399018288,7.648441432791785,7.809999465942383
17.2,uav_01,1,2.604894065974901,7.615652987671614,7.809999465942383
17.3,uav_01,1,2.69678220852651,7.582864542551444,7.809999465942383
17.4,uav_01,1,2.7919127269628445,7.557124672476862,7.809999465942383
17.5,uav_01,1,2.888499964794576,7.52979631426854,7.809999465942383
17.6,uav_01,1,2.993129421784716,7.5051998880448,7.809999465942383
17.7,uav_01,1,3.100368277709041,7.481632621365171,7.809999465942383
17.8,uav_01,1,3.2072649679951186,7.4576722423636514,7.809999465942383
17.9,uav_01,1,3.3265000487498337,7.4464905792342995,7.809999465942383
18.0,uav_01,1,3.4458086489934434,7.4270180254081035,7.810085728487103
18.1,uav_01,1,3.5725047201192255,7.417314007315613,7.818839924486723
18.2,uav_01,1,3.7075051911195622,7.416028402979284,7.819999694824219
18.3,uav_01,1,3.8437738550121385,7.416028402979284,7.819999694824219
18.4,uav_01,1,3.9749177187160862,7.416028402979284,7.819999694824219
18.5,uav_01,1,4.1066625539738695,7.4297908692060854,7.819999694824219
18.6,uav_01,1,4.244299875746734,7.452895236484922,7.819999694824219
18.7,uav_01,1,4.390343282538613,7.470808656563378,7.819999694824219
18.8,uav_01,1,4.546075120069885,7.5050714128881575,7.819999694824219
18.9,uav_01,1,4.691573985122481,7.539334169212937,7.819999694824219
19.0,uav_01,1,4.826839878082184,7.578083707833244,7.819999694824219
19.1,uav_01,1,4.956070279178355,7.618944925847779,7.819999694824219
19.2,uav_01,1,5.080811028474239,7.6532076821725585,7.819999694824219
19.3,uav_01,1,5.200100629478802,7.687470438497337,7.824955771211441
19.4,uav_01,1,5.314316233698218,7.721733194822119,7.829999923706055
19.5,uav_01,1,5.418298865688081,7.7559959511468985,7.829999923706055
19.6,uav_01,1,5.512906620009554,7.7905873269075405,7.829999923706055
19.7,uav_01,1,5.604434746593335,7.818430213610038,7.829999923706055
19.8,uav_01,1,5.682640662369366,7.841886792786481,7.829999923706055
19.9,uav_01,1,5.74670475245591,7.865343371825211,7.829999923706055
20.0,uav_01,1,5.807954771930585,7.888799951188599,7.821756103420635
20.1,uav_01,1,5.860691109041116,7.912256530296505,7.819999694824219
20.2,uav_01,1,5.902359454752918,7.935540805903799,7.819999694824219
20.3,uav_01,1,5.9336184326276795,7.958984934694176,7.819999694824219
20.4,uav_01,1,5.943554862983408,7.9708234423080615,7.819999694824219
20.5,uav_01,1,5.943554862983408,7.982493851225266,7.819999694824219
20.6,uav_01,1,5.942553902473951,7.993611100918598,7.819999694824219
20.7,uav_01,1,5.931561402543815,8.004444336015153,7.819999694824219
20.8,uav_01,1,5.903273567419246,8.014631592362067,7.819999694824219
20.9,uav_01,1,5.874985731083335,8.014631592362067,7.819999694824219
21.0,uav_01,1,5.846697896038668,8.014631592362067,7.819999694824219
21.1,uav_01,1,5.818410060994001,8.014631592362067,7.819999694824219
21.2,uav_01,1,5.7901222259493395,8.003908406946902,7.819999694824219
21.3,uav_01,1,5.761834389609476,7.982603995285826,7.819999694824219
21.4,uav_01,1,5.733546554488854,7.960937525391972,7.819999694824219
21.5,uav_01,1,5.7139341614495525,7.929303897475748,7.819999694824219
21.6,uav_01,1,5.687846331526609,7.888968356942485,7.819999694824219
21.7,uav_01,1,5.668701052935886,7.8486564396254765,7.819999694824219
21.8,uav_01,1,5.65124474320992,7.801365035173228,7.819999694824219
21.9,uav_01,1,5.639117914189716,7.745103437629688,7.819999694824219
22.0,uav_01,1,5.621571745842473,7.679871646893698,7.819999694824219
22.1,uav_01,1,5.598875815403177,7.605669663107646,7.81638403716417
22.2,uav_01,1,5.586555626682197,7.525447913890202,7.809999465942383
22.3,uav_01,1,5.581653714385514,7.443474057077441,7.809999465942383
22.4,uav_01,1,5.556316325517666,7.3531721887102295,7.809999465942383
22.5,uav_01,1,5.538860015791699,7.2528950019212255,7.809999465942383
22.6,uav_01,1,5.521403706065734,7.1526178151322215,7.809999465942383
22.7,uav_01,1,5.503601021275926,7.041496247779039,7.809999465942383
22.8,uav_01,1,5.48554963370628,6.919292141537653,7.809999465942383
22.9,uav_01,1,5.4739325576536935,6.7870320227344445,7.809999465942383
23.0,uav_01,1,5.458987788184903,6.658595068384189,7.816106329927203
23.1,uav_01,1,5.451474834123527,6.515535049307144,7.819999694824219
23.2,uav_01,1,5.446774702453624,6.3595276563231655,7.819999694824219
23.3,uav_01,1,5.441826206671259,6.198805064484516,7.819999694824219
23.4,uav_01,1,5.441826206671259,6.032397178511781,7.819999694824219
23.5,uav_01,1,5.444738309813275,5.862643596583925,7.819999694824219
23.6,uav_01,1,5.4537909277562475,5.68583521799191,7.819999694824219
23.7,uav_01,1,5.462997299846264,5.503871003334631,7.819999694824219
23.8,uav_01,1,5.4729732046402075,5.29503966196681,7.819999694824219
23.9,uav_01,1,5.4863275818954484,5.067997700492945,7.819999694824219
24.0,uav_01,1,5.510835222803588,4.840955738715098,7.819999694824219
24.1,uav_01,1,5.537579992397465,4.608791933427732,7.819999694824219
24.2,uav_01,1,5.568802653713859,4.369800394792004,7.819999694824219
24.3,uav_01,1,5.598481031722902,4.130808856187785,7.819999694824219
24.4,uav_01,1,5.625997942915588,3.884102476001356,7.819999694824219
24.5,uav_01,1,5.657015638862397,3.6431585800069874,7.819999694824219
24.6,uav_01,1,5.6963016510523925,3.3952454067444044,7.819999694824219
24.7,uav_01,1,5.711060799362619,3.1584244004527697,7.819999694824219
24.8,uav_01,1,5.730329858657695,2.915856789392118,7.819999694824219
24.9,uav_01,1,5.750505092295362,2.672475285921154,7.829959911571909
25.0,uav_01,1,5.770279942560323,2.4512642708145562,7.829999923706055
25.1,uav_01,1,5.780367558781668,2.2098114651287575,7.829999923706055
25.2,uav_01,1,5.7904551761356045,1.9896091523272954,7.829999923706055
25.3,uav_01,1,5.8022601417469195,1.7733529419913272,7.829999923706055
25.4,uav_01,1,5.8202790371631545,1.573852417876881,7.829999923706055
25.5,uav_01,1,5.830366653634037,1.3652397006160413,7.829999923706055
25.6,uav_01,1,5.840146392863957,1.1692586943209546,7.829999923706055
25.7,uav_01,1,5.849091601714422,1.0071494717092362,7.829999923706055
25.8,uav_01,1,5.857652663737551,0.8606880121212362,7.829999923706055
25.9,uav_01,1,5.866213724677016,0.7229875643702772,7.829999923706055
26.0,uav_01,1,5.874774785616483,0.5949480992381021,7.829999923706055
26.1,uav_01,1,5.8833358475963795,0.4754948825060756,7.829999923706055
26.2,uav_01,1,5.891896908866566,0.371789900915203,7.829999923706055
26.3,uav_01,1,5.895311722979761,0.2734324380362635,7.8246661447411485
26.4,uav_01,1,5.899370403870002,0.18440095719032662,7.819999694824219
26.5,uav_01,1,5.904960351803182,0.10594067258343101,7.819999694824219
26.6,uav_01,1,5.906763493862276,0.031911269226333173,7.819999694824219
26.7,uav_01,1,5.914608979255451,-0.02559438863108969,7.819999694824219
26.8,uav_01,1,5.914629526564436,-0.06657048215103809,7.819999694824219
26.9,uav_01,1,5.932903241710553,-0.11905685439386421,7.819999694824219
27.0,uav_01,1,5.933906235531139,-0.13185879474420453,7.819999694824219
27.1,uav_01,1,5.933906235531139,-0.13302293097395163,7.819999694824219
27.2,uav_01,1,5.933906235531139,-0.13302293097395163,7.819999694824219
27.3,uav_01,1,5.933906235531139,-0.10855133484794885,7.819999694824219
27.4,uav_01,1,5.933906235531139,-0.07705951142766132,7.819999694824219
27.5,uav_01,1,5.933906235531139,-0.03858642876483026,7.819999694824219
27.6,uav_01,1,5.933906235531139,0.009795958487241862,7.819999694824219
27.7,uav_01,1,5.938959201881384,0.05647701125650355,7.819999694824219
27.8,uav_01,1,5.948361132725249,0.1052061634258138,7.819999694824219
27.9,uav_01,1,5.968192900726172,0.1559845736109604,7.819999694824219
28.0,uav_01,1,5.992861021639765,0.2081302542009786,7.819999694824219
28.1,uav_01,1,6.018592160444962,0.259054640596834,7.819999694824219
28.2,uav_01,1,6.060765163312941,0.2980680655926119,7.819999694824219
28.3,uav_01,1,6.117238953155645,0.33995421895570843,7.819999694824219
28.4,uav_01,1,6.177286840783546,0.3781419266240885,7.819999694824219
28.5,uav_01,1,6.2444873179871605,0.41263623543913586,7.819999694824219
28.6,uav_01,1,6.329567072938937,0.4471305440641134,7.819999694824219
28.7,uav_01,1,6.419053436816434,0.4724320974007551,7.819999694824219
28.8,uav_01,1,6.513032764152671,0.5033420718363245,7.811977865976733
28.9,uav_01,1,6.605871755652086,0.5353407009600318,7.809999465942383
29.0,uav_01,1,6.71206770715586,0.5511675456956938,7.809999465942383
29.1,uav_01,1,6.822810798239643,0.569278211583985,7.809999465942383
29.2,uav_01,1,6.93966883592205,0.5975089660965771,7.809999465942383
29.3,uav_01,1,7.065335427715888,0.6162312777153808,7.809999465942383
29.4,uav_01,1,7.205085446512138,0.6328942101878152,7.809999465942383
29.5,uav_01,1,7.34303323029088,0.6429441665053752,7.809999465942383
29.6,uav_01,1,7.4855378989658785,0.6429441665053752,7.809999465942383
29.7,uav_01,1,7.638409183335288,0.6429441665053752,7.809999465942383
29.8,uav_01,1,7.788318415977845,0.6429441665053752,7.809999465942383
29.9,uav_01,1,7.943997170529773,0.6363802268045212,7.809999465942383
30.0,uav_01,1,8.104425565465682,0.6183372240973788,7.809999465942383
30.1,uav_01,1,8.263469204167025,0.6049156192829036,7.809999465942383
30.2,uav_01,1,8.415633728352313,0.5741964341047134,7.809999465942383
30.3,uav_01,1,8.576062122986873,0.543477248926522,7.809999465942383
30.4,uav_01,1,8.736490518875591,0.5026184287860677,7.809999465942383
30.5,uav_01,1,8.88073965954869,0.4616595154240772,7.809999465942383
30.6,uav_01,1,9.023342676941718,0.4291492050275715,7.809999465942383
30.7,uav_01,1,9.16594569505362,0.3984300195792683,7.809999465942383
30.8,uav_01,1,9.308548713491668,0.3677108342773672,7.809999465942383
30.9,uav_01,1,9.44299298800773,0.33768394316174616,7.809999465942383
31.0,uav_01,1,9.567091160398979,0.30829002725913296,7.809999465942383
31.1,uav_01,1,9.685861215472956,0.2790498582117537,7.809999465942383
31.2,uav_01,1,9.801642348719676,0.25152666531951806,7.809999465942383
31.3,uav_01,1,9.903445252896578,0.23203321940335514,7.810340877964035
31.4,uav_01,1,10.005248157073472,0.21253977348719352,7.81913359906487
31.5,uav_01,1,10.091755199283256,0.19304632725886867,7.819999694824219
31.6,uav_01,1,10.176590952563071,0.1735528812610442,7.819999694824219
31.7,uav_01,1,10.245473229405913,0.15405943534488237,7.819999694824219
31.8,uav_01,1,10.304858256942904,0.13456598925921648,7.819999694824219
31.9,uav_01,1,10.358267844027221,0.11850511491776386,7.819999694824219
32.0,uav_01,1,10.395602688734257,0.10622205141688953,7.819999694824219
32.1,uav_01,1,10.414588108444832,0.08654589180362633,7.819999694824219
32.2,uav_01,1,10.432365179488613,0.07507111609187368,7.819999694824219
32.3,uav_01,1,10.43727818986035,0.06359634006218347,7.819999694824219
32.4,uav_01,1,10.424414129886488,0.05212156414989681,7.819999694824219
32.5,uav_01,1,10.40443877470456,0.04434097712259287,7.819999694824219
32.6,uav_01,1,10.380908937980772,0.04434097712259287,7.819999694824219
32.7,uav_01,1,10.347052374393352,0.04881422899080852,7.819999694824219
32.8,uav_01,1,10.311334245030904,0.0602890047855942,7.819999694824219
32.9,uav_01,1,10.285942842796628,0.07701609595699542,7.819999694824219
33.0,uav_01,1,10.255934528171684,0.10008720085368622,7.819999694824219
33.1,uav_01,1,10.220995444126261,0.1356668382577315,7.819999694824219
33.2,uav_01,1,10.190623259626344,0.18219270513783617,7.819999694824219
33.3,uav_01,1,10.166530755424542,0.23621801781655155,7.819999694824219
33.4,uav_01,1,10.132418320079202,0.29457875349203344,7.819999694824219
33.5,uav_01,1,10.106595618924493,0.3699605489090011,7.819999694824219
33.6,uav_01,1,10.094195110828025,0.45166557870082824,7.819999694824219
33.7,uav_01,1,10.058747820780926,0.5333706085841388,7.819999694824219
33.8,uav_01,1,10.044930287060483,0.6356181155089179,7.819999694824219
33.9,uav_01,1,10.015868903310661,0.7515255810356251,7.819999694824219
34.0,uav_01,1,9.986277786455824,0.8652489917339572,7.819999694824219
34.1,uav_01,1,9.97622791951965,0.977585395556945,7.819999694824219
34.2,uav_01,1,9.94723532092291,1.1119722996644859,7.819999694824219
34.3,uav_01,1,9.927740196964413,1.2467601911004418,7.819999694824219
34.4,uav_01,1,9.908693027386724,1.393375307513085,7.819999694824219
34.5,uav_01,1,9.89894546602236,1.5601023052964567,7.819999694824219
34.6,uav_01,1,9.889197903442284,1.7071720794175782,7.819999694824219
34.7,uav_01,1,9.880195097975914,1.8760113545666328,7.819999694824219
34.8,uav_01,1,9.881038787630564,2.0561632026200285,7.819999694824219
34.9,uav_01,1,9.889843725428182,2.247433038189509,7.819999694824219
35.0,uav_01,1,9.890773137955286,2.4458210184391844,7.819999694824219
35.1,uav_01,1,9.90122778182818,2.635058944748436,7.819999694824219
35.2,uav_01,1,9.919529681110564,2.8420420293180513,7.819999694824219
35.3,uav_01,1,9.930495050649247,3.0420254024504456,7.819999694824219
35.4,uav_01,1,9.95864639486171,3.261753628397007,7.819999694824219
35.5,uav_01,1,9.978411384686408,3.4725093578506625,7.819402011811265
35.6,uav_01,1,10.007716066720578,3.703385405365025,7.809999465942383
35.7,uav_01,1,10.045624974999255,3.9243761159087045,7.809999465942383
35.8,uav_01,1,10.074407455743968,4.155377318468271,7.809999465942383
35.9,uav_01,1,10.103105527692902,4.375564036277798,7.809999465942383
36.0,uav_01,1,10.129630941972456,4.588888126945456,7.809999465942383
36.1,uav_01,1,10.155073608026628,4.793504492001883,7.809999465942383
36.2,uav_01,1,10.166821755190355,4.99762522427239,7.809999465942383
36.3,uav_01,1,10.180910263995914,5.201745956475768,7.809999465942383
36.4,uav_01,1,10.197830956011387,5.405866688679163,7.809999465942383
36.5,uav_01,1,10.211500049056975,5.609987420882572,7.809999465942383
36.6,uav_01,1,10.219960394756784,5.809367091847776,7.809999465942383
36.7,uav_01,1,10.229295775782118,5.994047754396889,7.809999465942383
36.8,uav_01,1,10.246216467797593,6.17872841663642,7.809999465942383
36.9,uav_01,1,10.25499006087792,6.363409079208494,7.809999465942383
37.0,uav_01,1,10.270409223005121,6.548089741793353,7.809999465942383
37.1,uav_01,1,10.275788846828503,6.730669428359628,7.809999465942383
37.2,uav_01,1,10.282148341050101,6.919463199272875,7.809999465942383
37.3,uav_01,1,10.292017895537022,7.097106897910084,7.809999465942383
37.4,uav_01,1,10.301831240050273,7.266224189238239,7.809999465942383
37.5,uav_01,1,10.311676598834339,7.4358931858388715,7.809999465942383
37.6,uav_01,1,10.32154615277078,7.581291299748257,7.809999465942383
37.7,uav_01,1,10.331415706322566,7.7088769705573785,7.809999465942383
37.8,uav_01,1,10.333680614284416,7.824869756223438,7.809999465942383
37.9,uav_01,1,10.34150618708595,7.929269656528518,7.809999465942383
38.0,uav_01,1,10.343329243107837,8.022076671708591,7.809999465942383
38.1,uav_01,1,10.343329243107837,8.11097948508811,7.809999465942383
38.2,uav_01,1,10.351272267369968,8.180238163129893,7.809999465942383
38.3,uav_01,1,10.352977870560107,8.227810242605473,7.809999465942383
38.4,uav_01,1,10.352977870560107,8.280244892447396,7.809999465942383
38.5,uav_01,1,10.352977870560107,8.300372379268904,7.809999465942383
38.6,uav_01,1,10.352977870560107,8.319723298891658,7.809999465942383
38.7,uav_01,1,10.352977870560107,8.308487080639386,7.809999465942383
38.8,uav_01,1,10.352977870560107,8.29475427004297,7.809999465942383
38.9,uav_01,1,10.352977870560107,8.267997687449498,7.809999465942383
39.0,uav_01,1,10.346232538049112,8.235257962254517,7.809999465942383
39.1,uav_01,1,10.343329243107837,8.203094965779721,7.809999465942383
39.2,uav_01,1,10.343329243107837,8.15098392819635,7.809999465942383
39.3,uav_01,1,10.33790569802892,8.094328664168799,7.809999465942383
39.4,uav_01,1,10.328823433287114,8.042155898159983,7.809999465942383
39.5,uav_01,1,10.319740621357877,7.985049663943116,7.809999465942383
39.6,uav_01,1,10.310617880173073,7.917837192080442,7.809999465942383
39.7,uav_01,1,10.301495138687331,7.844469797432433,7.809999465942383
39.8,uav_01,1,10.292372397651995,7.767984645078871,7.809999465942383
39.9,uav_01,1,10.283249656016787,7.684136193884375,7.809999465942383
40.0,uav_01,1,10.27080305220809,7.598378360889084,7.809999465942383
40.1,uav_01,1,10.244507534559366,7.501038231071182,7.809999465942383
40.2,uav_01,1,10.225723012396022,7.383387507491703,7.809999465942383
40.3,uav_01,1,10.205851817876038,7.271991570835693,7.809999465942383
40.4,uav_01,1,10.17792975094352,7.140519227225056,7.809288044961421
40.5,uav_01,1,10.158857433943405,7.008387489736353,7.799999237060547
40.6,uav_01,1,10.139785116943287,6.865959117361762,7.799999237060547
40.7,uav_01,1,10.12071279994317,6.723129782353627,7.799999237060547
40.8,uav_01,1,10.101877012347561,6.569201887539019,7.799999237060547
40.9,uav_01,1,10.092092735025261,6.394047960679271,7.799999237060547
41.0,uav_01,1,10.063495850313974,6.2296808995617186,7.799999237060547
41.1,uav_01,1,10.044423533313855,6.043428412909731,7.799999237060547
41.2,uav_01,1,10.005675586541129,5.8643162883148,7.799999237060547
41.3,uav_01,1,9.975674231306822,5.660394236843693,7.799999237060547
41.4,uav_01,1,9.92677786958212,5.4559643809669005,7.799999237060547
41.5,uav_01,1,9.886725932775395,5.240794131884423,7.799999237060547
41.6,uav_01,1,9.837028511208919,5.027152185800507,7.799999237060547
41.7,uav_01,1,9.779806117374468,4.81186850672763,7.799999237060547
41.8,uav_01,1,9.736788940133444,4.5952184049166975,7.799999237060547
41.9,uav_01,1,9.67055890588271,4.368604005440976,7.799999237060547
42.0,uav_01,1,9.616397461906418,4.141989606310509,7.799999237060547
42.1,uav_01,1,9.54204029116354,3.916812971263943,7.799999237060547
42.2,uav_01,1,9.488970424261836,3.700379498155897,7.799999237060547
42.3,uav_01,1,9.445558622871067,3.5013923336661215,7.799999237060547
42.4,uav_01,1,9.384961386160105,3.2925330532876997,7.799999237060547
42.5,uav_01,1,9.324364149449144,3.074794092769576,7.799999237060547
42.6,uav_01,1,9.270503932038851,2.855989132255375,7.799999237060547
42.7,uav_01,1,9.21281830485065,2.6371841719756612,7.799999237060547
42.8,uav_01,1,9.156974326727108,2.418379211620783,7.799999237060547
42.9,uav_01,1,9.105033838125008,2.195252827940078,7.799999237060547
43.0,uav_01,1,9.05032385099346,1.9696840463262846,7.799999237060547
43.1,uav_01,1,8.989726614282505,1.7508790860928694,7.799999237060547
43.2,uav_01,1,8.928794113426802,1.5289480382195086,7.799999237060547
43.3,uav_01,1,8.864407965842119,1.2757670171425342,7.799999237060547
43.4,uav_01,1,8.797493440987731,1.0241388596747134,7.799999237060547
43.5,uav_01,1,8.721182513260686,0.7725107025850513,7.799999237060547
43.6,uav_01,1,8.635489251718646,0.5208825454951979,7.799999237060547
43.7,uav_01,1,8.568831641586804,0.2692543880168563,7.799999237060547
43.8,uav_01,1,8.474747701060874,0.019679285724154505,7.799999237060547
43.9,uav_01,1,8.388744222023146,-0.22131366769760227,7.799999237060547
44.0,uav_01,1,8.31211004467188,-0.49325756234698065,7.799999237060547
44.1,uav_01,1,8.235929918116101,-0.7462188133065205,7.799999237060547
44.2,uav_01,1,8.159749792730727,-1.0079758886646482,7.799999237060547
44.3,uav_01,1,8.082231504674985,-1.2751566197247028,7.799999237060547
44.4,uav_01,1,8.012774442985595,-1.5456356390631187,7.799999237060547
44.5,uav_01,1,7.9440442479387245,-1.8269243908883133,7.799999237060547
44.6,uav_01,1,7.8846721683221,-2.098185991436771,7.799999237060547
44.7,uav_01,1,7.825760573323673,-2.3798653009358497,7.799999237060547
44.8,uav_01,1,7.757200349536093,-2.650793133772033,7.799999237060547
44.9,uav_01,1,7.698288753214818,-2.9328062109923017,7.799999237060547
45.0,uav_01,1,7.639377158202344,-3.214371940204872,7.800402798977056
45.1,uav_01,1,7.580465561929385,-3.4863897478764683,7.809999465942383
45.2,uav_01,1,7.520933376365022,-3.7783993231800563,7.809999465942383
45.3,uav_01,1,7.454391096788089,-4.054169309746101,7.809999465942383
45.4,uav_01,1,7.397439603810671,-4.3267992638079,7.809999465942383
45.5,uav_01,1,7.3404881120595515,-4.599429217869664,7.809999465942383
45.6,uav_01,1,7.283536619037595,-4.8720591719234365,7.809999465942383
45.7,uav_01,1,7.226545583402384,-5.144734557357947,7.809958481010682
45.8,uav_01,1,7.160102175518681,-5.4282697097061385,7.800120675443504
45.9,uav_01,1,7.112795647481699,-5.698808950864484,7.799999237060547
46.0,uav_01,1,7.0470754526626,-5.981852966728004,7.799999237060547
46.1,uav_01,1,6.989612960457415,-6.255070004324828,7.799999237060547
46.2,uav_01,1,6.932661468661561,-6.537838026664307,7.799999237060547
46.3,uav_01,1,6.87718041010952,-6.80437610554707,7.799999237060547
46.4,uav_01,1,6.822634384794133,-7.074526767585157,7.799999237060547
46.5,uav_01,1,6.768210279903986,-7.3371074096252205,7.799999237060547
46.6,uav_01,1,6.720495082271021,-7.597638617686461,7.799999237060547
46.7,uav_01,1,6.6690106993113645,-7.865213648010355,7.799999237060547
46.8,uav_01,1,6.620139614201695,-8.123406451446117,7.799999237060547
46.9,uav_01,1,6.569811118347384,-8.379232241667053,7.799999237060547
47.0,uav_01,1,6.5197841447612115,-8.634711614839178,7.799999237060547
47.1,uav_01,1,6.474430724452677,-8.884821574615387,7.799999237060547
47.2,uav_01,1,6.429077304144148,-9.131207691651626,7.803358592909316
47.3,uav_01,1,6.3833390502067155,-9.372930213641794,7.809999465942383
47.4,uav_01,1,6.3364680130869635,-9.617806398596969,7.809999465942383
47.5,uav_01,1,6.289007289255576,-9.857726556241134,7.809999465942383
47.6,uav_01,1,6.243699444347402,-10.092699857122383,7.809999465942383
47.7,uav_01,1,6.205730864742725,-10.310809091179282,7.809999465942383
47.8,uav_01,1,6.167762285399521,-10.526804462250128,7.809999465942383
47.9,uav_01,1,6.129793706904533,-10.732074154031336,7.809999465942383
48.0,uav_01,1,6.091875604857855,-10.926371694877732,7.809999465942383
48.1,uav_01,1,6.055468226383094,-11.110440605781967,7.809999465942383
48.2,uav_01,1,6.026991792354042,-11.291926386504544,7.809999465942383
48.3,uav_01,1,5.999455274639506,-11.444901819755419,7.809999465942383
48.4,uav_01,1,5.980086488653045,-11.59948548069955,7.809999465942383
48.5,uav_01,1,5.960519536513917,-11.74292780384203,7.809999465942383
48.6,uav_01,1,5.942253723771551,-11.863579934729524,7.809999465942383
48.7,uav_01,1,5.931034261059084,-11.961441873713769,7.809999465942383
0.0,uav_02,1,17.93679949915209,-11.960978545245677,7.729999542236328
0.1,uav_02,1,17.93679949915209,-11.960978545245677,7.729999542236328
0.2,uav_02,1,17.93679949915209,-11.960978545245677,7.736204165490672
0.3,uav_02,1,17.93679949915209,-11.960978545245677,7.739999771118164
0.4,uav_02,1,17.93679949915209,-11.960978545245677,7.739999771118164
0.5,uav_02,1,17.93679949915209,-11.960978545245677,7.739999771118164
0.6,uav_02,1,17.92940583380964,-11.960978545245677,7.739999771118164
0.7,uav_02,1,17.927150870328667,-11.95207983490262,7.739999771118164
0.8,uav_02,1,17.927150870328667,-11.931287524007613,7.748392099877726
0.9,uav_02,1,17.91870181242321,-11.918015745655781,7.75
1.0,uav_02,1,17.908701385849024,-11.896415078286145,7.75
1.1,uav_02,1,17.89951197847852,-11.856132479941083,7.75
1.2,uav_02,1,17.883196506815498,-11.82426138977266,7.75
1.3,uav_02,1,17.872291620532604,-11.778864346129902,7.75
1.4,uav_02,1,17.85780314160788,-11.728539955929623,7.75
1.5,uav_02,1,17.84028214459236,-11.678215565531797,7.75
1.6,uav_02,1,17.818809426485362,-11.618810962751526,7.75
1.7,uav_02,1,17.795591523109056,-11.548356816417607,7.75
1.8,uav_02,1,17.77371960186934,-11.475403296059483,7.752254737018976
1.9,uav_02,1,17.738677608021245,-11.39488427161498,7.760000228881836
2.0,uav_02,1,17.703635615178413,-11.313906605393305,7.760000228881836
2.1,uav_02,1,17.66859362114738,-11.223322702818264,7.760000228881836
2.2,uav_02,1,17.62107713985468,-11.124047136192388,7.760000228881836
2.3,uav_02,1,17.570017444393002,-10.985091627374173,7.760000228881836
2.4,uav_02,1,17.528372152486007,-10.866574391597702,7.760000228881836
2.5,uav_02,1,17.47835222065035,-10.73416018730531,7.760000228881836
2.6,uav_02,1,17.435500036032202,-10.581039170109651,7.760000228881836
2.7,uav_02,1,17.38913433008402,-10.42510642848461,7.760000228881836
2.8,uav_02,1,17.352276548401818,-10.256701851731174,7.760000228881836
2.9,uav_02,1,17.297361950389803,-10.080023755127895,7.760000228881836
3.0,uav_02,1,17.24010717567233,-9.898454047393548,7.760000228881836
3.1,uav_02,1,17.185536540630917,-9.709460844670595,7.760000228881836
3.2,uav_02,1,17.12778283909558,-9.521461126396554,7.764746744539766
3.3,uav_02,1,17.066088878909156,-9.335181163323282,7.770000457763672
3.4,uav_02,1,16.999325922578993,-9.143894891015957,7.770000457763672
3.5,uav_02,1,16.936809409631465,-8.941778573063955,7.770000457763672
3.6,uav_02,1,16.867177878282295,-8.733583320173796,7.770000457763672
3.7,uav_02,1,16.789388426136235,-8.525388067447894,7.770000457763672
3.8,uav_02,1,16.71871221555625,-8.312696902815219,7.770000457763672
3.9,uav_02,1,16.64621388602364,-8.093544005068365,7.770000457763672
4.0,uav_02,1,16.57206867204176,-7.8743911074049455,7.770000457763672
4.1,uav_02,1,16.487685610006828,-7.655025655239381,7.770000457763672
4.2,uav_02,1,16.40918420271092,-7.437066994629634,7.770000457763672
4.3,uav_02,1,16.33817731553499,-7.222921230880041,7.770000457763672
4.4,uav_02,1,16.267170428180258,-7.0073300084803956,7.770000457763672
4.5,uav_02,1,16.195678175622295,-6.782986827308446,7.770000457763672
4.6,uav_02,1,16.115795428022363,-6.558643646478971,7.770000457763672
4.7,uav_02,1,16.04450113678732,-6.334300465298925,7.770000457763672
4.8,uav_02,1,15.973494249460726,-6.109957284107163,7.770000457763672
4.9,uav_02,1,15.8954444377551,-5.877522534858382,7.770000457763672
5.0,uav_02,1,15.821831846285429,-5.642981936330804,7.770000457763672
5.1,uav_02,1,15.739830179383718,-5.402125423450652,7.770000457763672
5.2,uav_02,1,15.65871696807812,-5.162544406620028,7.770000457763672
5.3,uav_02,1,15.578880357745787,-4.919742223045325,7.770000457763672
5.4,uav_02,1,15.493147362829378,-4.662772746485827,7.770000457763672
5.5,uav_02,1,15.407042790229642,-4.404131450375398,7.770000457763672
5.6,uav_02,1,15.320938217629905,-4.151323199831087,7.770000457763672
5.7,uav_02,1,15.239160814065373,-3.898514949320708,7.770000457763672
5.8,uav_02,1,15.154131986156802,-3.6457066987697564,7.770000457763672
5.9,uav_02,1,15.062624501201853,-3.392898448436,7.774316467586648
6.0,uav_02,1,14.976519928602116,-3.1447809096095654,7.780000686645508
6.1,uav_02,1,14.894416711698401,-2.902964322079126,7.780000686645508
6.2,uav_02,1,14.814607934237827,-2.662969047576414,7.780000686645508
6.3,uav_02,1,14.733977413188681,-2.430629680636098,7.780000686645508
6.4,uav_02,1,14.66283078430743,-2.2064199299044773,7.780000686645508
6.5,uav_02,1,14.597779849949266,-1.9822101791728535,7.780000686645508
6.6,uav_02,1,14.530242894848879,-1.766568946793425,7.780000686645508
6.7,uav_02,1,14.458029353780672,-1.5719415770900675,7.780000686645508
6.8,uav_02,1,14.392978419422512,-1.3711241297315426,7.780000686645508
6.9,uav_02,1,14.329346593619624,-1.1822051522324608,7.780000686645508
7.0,uav_02,1,14.273588649469204,-1.0101568604073352,7.781102911294357
7.1,uav_02,1,14.217830706387685,-0.831093405575038,7.790000915527344
7.2,uav_02,1,14.162418042931556,-0.6815979918170629,7.790000915527344
7.3,uav_02,1,14.115770220118394,-0.5316158605803636,7.790000915527344
7.4,uav_02,1,14.06901528774203,-0.40269642992715515,7.790000915527344
7.5,uav_02,1,14.03164864102551,-0.27481246864294784,7.790000915527344
7.6,uav_02,1,14.002975705367527,-0.1759860352711327,7.790000915527344
7.7,uav_02,1,13.974922746207477,-0.0792964622812272,7.790000915527344
7.8,uav_02,1,13.946869787047431,0.00807037990986377,7.790000915527344
7.9,uav_02,1,13.918816826776537,0.07605512233444275,7.790000915527344
8.0,uav_02,1,13.905802363877951,0.13187602389737035,7.790000915527344
8.1,uav_02,1,13.896451377934222,0.16899874217770985,7.790000915527344
8.2,uav_02,1,13.894024356700024,0.18531880515629015,7.790000915527344
8.3,uav_02,1,13.894024356700024,0.18844915208182247,7.790000915527344
8.4,uav_02,1,13.900327732994851,0.17396533751937446,7.790000915527344
8.5,uav_02,1,13.909659573246252,0.15252275858931683,7.790000915527344
8.6,uav_02,1,13.918991414303381,0.11805218373403738,7.790000915527344
8.7,uav_02,1,13.933676270573145,0.07516702549302517,7.790000915527344
8.8,uav_02,1,13.957376179893444,0.026495778942221482,7.790000915527344
8.9,uav_02,1,13.97593282072212,-0.02711066857337151,7.794891401942594
9.0,uav_02,1,13.989667314688806,-0.07565893720056742,7.799999237060547
9.1,uav_02,1,14.004245130628982,-0.12323831961927939,7.799999237060547
9.2,uav_02,1,14.017346050358796,-0.17251449766787033,7.799999237060547
9.3,uav_02,1,14.032601776620256,-0.2115861556037566,7.799999237060547
9.4,uav_02,1,14.042078428141455,-0.24042946922661448,7.799999237060547
9.5,uav_02,1,14.04840240416323,-0.25863617875109823,7.799999237060547
9.6,uav_02,1,14.04840240416323,-0.26604586194790325,7.799999237060547
9.7,uav_02,1,14.04840240416323,-0.26604586194790325,7.799999237060547
9.8,uav_02,1,14.045659889094816,-0.25659328969227896,7.799999237060547
9.9,uav_02,1,14.03351961176888,-0.2297833806452111,7.799999237060547
10.0,uav_02,1,14.016964870933514,-0.2073916867159444,7.799999237060547
10.1,uav_02,1,14.005075459209884,-0.15812307151631247,7.799999237060547
10.2,uav_02,1,13.988269852453778,-0.11757639994136107,7.799999237060547
10.3,uav_02,1,13.97874453297409,-0.05191494799475868,7.799999237060547
10.4,uav_02,1,13.965204956973196,0.011505062697224277,7.799999237060547
10.5,uav_02,1,13.940374823680143,0.06847309634644194,7.799999237060547
10.6,uav_02,1,13.929053792057895,0.1383212535870512,7.80184673152791
10.7,uav_02,1,13.911649208790083,0.22791235360550388,7.809999465942383
10.8,uav_02,1,13.902110716307858,0.32654075178977443,7.809999465942383
10.9,uav_02,1,13.891120090744879,0.4268374958463704,7.809999465942383
11.0,uav_02,1,13.874727100424334,0.53796641754736,7.808608564877042
11.1,uav_02,1,13.87349523731497,0.659927516612971,7.799999237060547
11.2,uav_02,1,13.865078471600913,0.7914320475253359,7.799999237060547
11.3,uav_02,1,13.865078471600913,0.9238655193387202,7.799999237060547
11.4,uav_02,1,13.865078471600913,1.0640306521923573,7.799999237060547
11.5,uav_02,1,13.865078471600913,1.2039389133176708,7.799999237060547
11.6,uav_02,1,13.865078471600913,1.3643357484038467,7.799999237060547
11.7,uav_02,1,13.865078471600913,1.5247325831121277,7.799999237060547
11.8,uav_02,1,13.856137595729427,1.6941175165736733,7.799999237060547
11.9,uav_02,1,13.855429844148647,1.8749722714416521,7.799999237060547
12.0,uav_02,1,13.830672733288296,2.0567553506941367,7.799999237060547
12.1,uav_02,1,13.818572893423474,2.2567163726078663,7.799999237060547
12.2,uav_02,1,13.801695806821346,2.4511888472847643,7.799999237060547
12.3,uav_02,1,13.790309617494371,2.6436650489347056,7.799999237060547
12.4,uav_02,1,13.78788944786931,2.852125370588329,7.807144530401163
12.5,uav_02,1,13.77475733556156,3.0662931964273374,7.809999465942383
12.6,uav_02,1,13.768592191593621,3.2804990651722523,7.809999465942383
12.7,uav_02,1,13.762678852364834,3.494704934032706,7.809999465942383
12.8,uav_02,1,13.758943564141353,3.7153296483890204,7.809999465942383
12.9,uav_02,1,13.758943564141353,3.940245810572245,7.809999465942383
13.0,uav_02,1,13.763877828682325,4.170830916710287,7.809999465942383
13.1,uav_02,1,13.768592191593621,4.4011633793177936,7.809999465942383
13.2,uav_02,1,13.768592191593621,4.626079541501017,7.809999465942383
13.3,uav_02,1,13.776502571862007,4.855539795194142,7.809999465942383
13.4,uav_02,1,13.78788944786931,5.088599894625806,7.809999465942383
13.5,uav_02,1,13.78788944786931,5.318554828585542,7.809999465942383
13.6,uav_02,1,13.78788944786931,5.550059352491838,7.809999465942383
13.7,uav_02,1,13.79136062793564,5.777575860536866,7.809999465942383
13.8,uav_02,1,13.797538075321578,5.997407302228373,7.809999465942383
13.9,uav_02,1,13.800822279727727,6.216689317879476,7.809999465942383
14.0,uav_02,1,13.807186704145,6.433457835916299,7.809999465942383
14.1,uav_02,1,13.810364337186307,6.63926354843507,7.809999465942383
14.2,uav_02,1,13.816835331597266,6.83410645517601,7.809999465942383
14.3,uav_02,1,13.819906394176872,7.017986556264465,7.809999465942383
14.4,uav_02,1,13.826483960420688,7.195476091255779,7.809999465942383
14.5,uav_02,1,13.829738458369002,7.372347272181093,7.809999465942383
14.6,uav_02,1,13.843153062773151,7.530934528033972,7.809999465942383
14.7,uav_02,1,13.855429844148647,7.667483264629813,7.809999465942383
14.8,uav_02,1,13.855429844148647,7.794790956145129,7.809999465942383
14.9,uav_02,1,13.859707299106423,7.903667230348779,7.809999465942383
15.0,uav_02,1,13.865078471600913,8.000870625896042,7.809999465942383
15.1,uav_02,1,13.86986740574397,8.086401142982394,7.809999465942383
15.2,uav_02,1,13.874727100424334,8.16025878162117,7.809999465942383
15.3,uav_02,1,13.880027512391573,8.228533149919091,7.809999465942383
15.4,uav_02,1,13.884375727876604,8.276493351400502,7.809999465942383
15.5,uav_02,1,13.88908147178235,8.291762698689075,7.809999465942383
15.6,uav_02,1,13.894024356700024,8.291762698689075,7.809999465942383
15.7,uav_02,1,13.897401853939684,8.284001930266516,7.809999465942383
15.8,uav_02,1,13.903672984152292,8.26024007718063,7.809999465942383
15.9,uav_02,1,13.90570529943391,8.22699682322581,7.809999465942383
16.0,uav_02,1,13.913321611604559,8.184500562275604,7.809999465942383
16.1,uav_02,1,13.913962211711763,8.132889373730396,7.809999465942383
16.2,uav_02,1,13.922946717442127,8.081278184844612,7.809999465942383
16.3,uav_02,1,13.931931221899058,8.029666996324586,7.809999465942383
16.4,uav_02,1,13.949212586004098,7.978055807466877,7.809999465942383
16.5,uav_02,1,13.97596201307985,7.924247013021003,7.809999465942383
16.6,uav_02,1,14.004987789032961,7.8779071303846955,7.809999465942383
16.7,uav_02,1,14.042283477073196,7.823884689134345,7.809999465942383
16.8,uav_02,1,14.097577598739788,7.77743249465092,7.818493993075306
16.9,uav_02,1,14.155931183101838,7.732737799114343,7.819999694824219
17.0,uav_02,1,14.214284768444022,7.697636138069833,7.819999694824219
17.1,uav_02,1,14.289491901020337,7.664115116263392,7.819999694824219
17.2,uav_02,1,14.37580042452924,7.630594094456947,7.811186070665845
17.3,uav_02,1,14.463330802144737,7.5970730726505,7.809999465942383
17.4,uav_02,1,14.559518861618454,7.563552050844056,7.809999465942383
17.5,uav_02,1,14.659828688075002,7.5318110197105685,7.809999465942383
17.6,uav_02,1,14.76512652731523,7.51830595559164,7.809999465942383
17.7,uav_02,1,14.877945834088406,7.492835656292425,7.809999465942383
17.8,uav_02,1,14.992950159755836,7.469076388447548,7.809999465942383
17.9,uav_02,1,15.113011669617359,7.45455921490708,7.809999465942383
18.0,uav_02,1,15.241117524712372,7.439506955375131,7.814409564614475
18.1,uav_02,1,15.373386778225832,7.423179417282499,7.819999694824219
18.2,uav_02,1,15.507876399413357,7.416028402979284,7.819999694824219
18.3,uav_02,1,15.6494201843856,7.418059891401035,7.819999694824219
18.4,uav_02,1,15.789997898448506,7.429333474294183,7.819999694824219
18.5,uav_02,1,15.923015715453245,7.449483718203329,7.819999694824219
18.6,uav_02,1,16.073009752210567,7.460254164943768,7.819999694824219
18.7,uav_02,1,16.218859178294693,7.482465645130301,7.819999694824219
18.8,uav_02,1,16.37423366296163,7.515976562271571,7.819999694824219
18.9,uav_02,1,16.500708714947056,7.5605193549288625,7.819999694824219
19.0,uav_02,1,16.636610282540204,7.594022143472911,7.819999694824219
19.1,uav_02,1,16.76297427925,7.62781722807592,7.820263381171108
19.2,uav_02,1,16.889012179952978,7.6721129645462876,7.829999923706055
19.3,uav_02,1,17.00525809449931,7.705615753090332,7.829999923706055
19.4,uav_02,1,17.111712022822303,7.738579189780714,7.829999923706055
19.5,uav_02,1,17.208857235300606,7.761516143326685,7.829999923706055
19.6,uav_02,1,17.30398994550549,7.79407557115284,7.829999923706055
19.7,uav_02,1,17.38044631703682,7.8165048391025715,7.829999923706055
19.8,uav_02,1,17.456585865830277,7.849080922619341,7.829999923706055
19.9,uav_02,1,17.523259948881147,7.871040976172231,7.829999923706055
20.0,uav_02,1,17.580468566208438,7.8930010301005575,7.829999923706055
20.1,uav_02,1,17.628211719138278,7.914961083644256,7.829956310897843
20.2,uav_02,1,17.666439905554,7.9369211371879524,7.820051000825957
20.3,uav_02,1,17.704353792978512,7.947867762805273,7.819999694824219
20.4,uav_02,1,17.714567983638137,7.969571246220363,7.819999694824219
20.5,uav_02,1,17.724125029563,7.980910957690422,7.819999694824219
20.6,uav_02,1,17.724529681490665,7.991688576354233,7.819999694824219
20.7,uav_02,1,17.707325336796305,8.00234408301531,7.819999694824219
20.8,uav_02,1,17.6887913947899,8.012990843813196,7.819999694824219
20.9,uav_02,1,17.670257452634782,8.014631592362067,7.819999694824219
21.0,uav_02,1,17.644266309231984,8.014631592362067,7.819999694824219
21.1,uav_02,1,17.61646539565227,8.014631592362067,7.819999694824219
21.2,uav_02,1,17.581970595531047,8.00694102984608,7.819999694824219
21.3,uav_02,1,17.55752717283408,7.996294268833263,7.819999694824219
21.4,uav_02,1,17.52713208360616,7.972020315346224,7.819999694824219
21.5,uav_02,1,17.501162032248157,7.946455145149876,7.819999694824219
21.6,uav_02,1,17.477901447442537,7.913963325342463,7.819999694824219
21.7,uav_02,1,17.455407919999082,7.872912708436941,7.819999694824219
21.8,uav_02,1,17.434179295692076,7.824133859206825,7.819999694824219
21.9,uav_02,1,17.410328825752597,7.766202844054661,7.819999694824219
22.0,uav_02,1,17.392613592355488,7.710882689442187,7.819999694824219
22.1,uav_02,1,17.37603871588108,7.63833734549455,7.819999694824219
22.2,uav_02,1,17.366831754384695,7.557327054175734,7.819999694824219
22.3,uav_02,1,17.349116520987586,7.486091858535142,7.819999694824219
22.4,uav_02,1,17.33140128759048,7.395518604307008,7.811277062790702
22.5,uav_02,1,17.32137400997966,7.287206398272494,7.809999465942383
22.6,uav_02,1,17.299026738019936,7.183244215291987,7.809999465942383
22.7,uav_02,1,17.277674834433128,7.06994347735469,7.809999465942383
22.8,uav_02,1,17.25839056318143,6.940819022480561,7.809999465942383
22.9,uav_02,1,17.25174690890647,6.806132473704298,7.816681884021105
23.0,uav_02,1,17.23204249753748,6.663899836176185,7.819999694824219
23.1,uav_02,1,17.222801025178516,6.517989408328054,7.819999694824219
23.2,uav_02,1,17.215991551137915,6.348608904661335,7.819999694824219
23.3,uav_02,1,17.213152396355095,6.17698883296882,7.819999694824219
23.4,uav_02,1,17.213152396355095,5.992429390698409,7.819999694824219
23.5,uav_02,1,17.220323874838712,5.809862709551344,7.819999694824219
23.6,uav_02,1,17.23009317077353,5.613524848819172,7.819999694824219
23.7,uav_02,1,17.246836206174994,5.416035078186101,7.819999694824219
23.8,uav_02,1,17.25174690890647,5.222437167636691,7.819999694824219
23.9,uav_02,1,17.264902437499302,5.022137982726732,7.819999694824219
24.0,uav_02,1,17.283542794849218,4.8258678523104495,7.819999694824219
24.1,uav_02,1,17.308104017149073,4.612718489125297,7.819999694824219
24.2,uav_02,1,17.336064552511708,4.394277870102976,7.819999694824219
24.3,uav_02,1,17.364025087874342,4.180120052871357,7.819999694824219
24.4,uav_02,1,17.391985623938357,3.9602918533321847,7.819999694824219
24.5,uav_02,1,17.419946159970763,3.740719174172115,7.819999694824219
24.6,uav_02,1,17.4478006138965,3.522498814999437,7.819999694824219
24.7,uav_02,1,17.471930338684807,3.3011657649173642,7.8241006895476355
24.8,uav_02,1,17.49109377702462,3.0765292278381766,7.829999923706055
24.9,uav_02,1,17.510411152057507,2.8434963984270127,7.829999923706055
25.0,uav_02,1,17.533638543345866,2.619447952579732,7.829999923706055
25.1,uav_02,1,17.55085437775177,2.399601227969014,7.829999923706055
25.2,uav_02,1,17.558714648332757,2.175599010732294,7.829999923706055
25.3,uav_02,1,17.574091828416584,1.9647597839907733,7.829999923706055
25.4,uav_02,1,17.583750515808102,1.753920557410481,7.829999923706055
25.5,uav_02,1,17.593409203448044,1.5567312636177515,7.829999923706055
25.6,uav_02,1,17.603067890278197,1.3700593716823048,7.829999923706055
25.7,uav_02,1,17.616444452036298,1.1818763349545893,7.829999923706055
25.8,uav_02,1,17.63151781947968,1.0114009275935785,7.829999923706055
25.9,uav_02,1,17.64068321087517,0.8497931181857512,7.829999923706055
26.0,uav_02,1,17.652356545383853,0.7081350465404681,7.829999923706055
26.1,uav_02,1,17.66663791403475,0.5794481960071066,7.829999923706055
26.2,uav_02,1,17.66663791403475,0.44609942985255663,7.829999923706055
26.3,uav_02,1,17.667696146866394,0.3314846048059667,7.828903128272812
26.4,uav_02,1,17.67686153746619,0.22750525735134705,7.819999694824219
26.5,uav_02,1,17.68593517031044,0.1432648052236695,7.819999694824219
26.6,uav_02,1,17.68593517031044,0.05902435272564856,7.819999694824219
26.7,uav_02,1,17.69463657118367,0.0054413117377222,7.819999694824219
26.8,uav_02,1,17.695583797762705,-0.059216651265232866,7.819999694824219
26.9,uav_02,1,17.70435585278584,-0.09674592913972933,7.819999694824219
27.0,uav_02,1,17.705232426586125,-0.1204094962489003,7.819999694824219
27.1,uav_02,1,17.705232426586125,-0.12193768659484666,7.819999694824219
27.2,uav_02,1,17.705232426586125,-0.1003234105045053,7.819999694824219
27.3,uav_02,1,17.705232426586125,-0.08871706547102821,7.819999694824219
27.4,uav_02,1,17.705232426586125,-0.05438680660952568,7.819999694824219
27.5,uav_02,1,17.705624871547272,0.0013526322587294084,7.819999694824219
27.6,uav_02,1,17.714881054038393,0.03672509243022999,7.819999694824219
27.7,uav_02,1,17.716433824170004,0.09224988827160556,7.819999694824219
27.8,uav_02,1,17.735181594237368,0.13532826334111409,7.819999694824219
27.9,uav_02,1,17.75345185112194,0.1773094150120576,7.819999694824219
28.0,uav_02,1,17.780845378066637,0.21929056631061344,7.819999694824219
28.1,uav_02,1,17.81686053436898,0.26127171796011606,7.819999694824219
28.2,uav_02,1,17.853401046987578,0.30325286963105974,7.819999694824219
28.3,uav_02,1,17.897524331619024,0.33652222566674783,7.819999694824219
28.4,uav_02,1,17.957338517033644,0.3680080893267376,7.819999694824219
28.5,uav_02,1,18.0147286437158,0.3994939529867302,7.819999694824219
28.6,uav_02,1,18.08162395858091,0.42403789011592596,7.819999694824219
28.7,uav_02,1,18.16023375805333,0.4513804359276057,7.814269450789476
28.8,uav_02,1,18.241957628510306,0.47697860092969957,7.809999465942383
28.9,uav_02,1,18.332296171284106,0.49780796360372426,7.809999465942383
29.0,uav_02,1,18.43236039659936,0.5231049056890251,7.809999465942383
29.1,uav_02,1,18.5389709310359,0.5469374735097282,7.809999465942383
29.2,uav_02,1,18.657228651959898,0.5605151199397254,7.809999465942383
29.3,uav_02,1,18.775486373481623,0.5839099074157516,7.809999465942383
29.4,uav_02,1,18.896979121325902,0.6096884337618872,7.809999465942383
29.5,uav_02,1,19.033430337780207,0.6109127328510026,7.809999465942383
29.6,uav_02,1,19.170395308409706,0.6207736781409923,7.809999465942383
29.7,uav_02,1,19.31594327194902,0.6207736781409923,7.809999465942383
29.8,uav_02,1,19.479608478317935,0.6207736781409923,7.809999465942383
29.9,uav_02,1,19.642885533526464,0.6207736781409923,7.809999465942383
30.0,uav_02,1,19.801930527272987,0.6101697345221496,7.809999465942383
30.1,uav_02,1,19.979664580031596,0.5769389914328109,7.809999465942383
30.2,uav_02,1,20.148587856388964,0.553830891219148,7.809999465942383
30.3,uav_02,1,20.32676258708708,0.5196375466263788,7.809999465942383
30.4,uav_02,1,20.49541383010542,0.4846753536466964,7.809999465942383
30.5,uav_02,1,20.664065073123748,0.44016561306174157,7.809999465942383
30.6,uav_02,1,20.831503041731256,0.40597226846897233,7.809999465942383
30.7,uav_02,1,20.991718931708167,0.371778923876205,7.809999465942383
30.8,uav_02,1,21.153952424936914,0.33786764729299845,7.809999465942383
30.9,uav_02,1,21.28565355924987,0.3054439574273683,7.809999465942383
31.0,uav_02,1,21.41359624737525,0.2750074119173549,7.809999465942383
31.1,uav_02,1,21.542014471475355,0.25329647563257957,7.810499884934273
31.2,uav_02,1,21.661666889678685,0.221609723295422,7.819999694824219
31.3,uav_02,1,21.77215350371852,0.20045350135205783,7.819999694824219
31.4,uav_02,1,21.856218451823203,0.17929727940869372,7.819999694824219
31.5,uav_02,1,21.94744922408058,0.15814105712386567,7.819999694824219
31.6,uav_02,1,22.0236725986237,0.14608912739496235,7.819999694824219
31.7,uav_02,1,22.089847349801968,0.12691385725844967,7.819999694824219
31.8,uav_02,1,22.14725629384955,0.1057576352266904,7.819999694824219
31.9,uav_02,1,22.189124071739663,0.09223462324318453,7.819999694824219
32.0,uav_02,1,22.22561641767575,0.08175317027754168,7.819999694824219
32.1,uav_02,1,22.240087597898075,0.07128523527577081,7.819999694824219
32.2,uav_02,1,22.240087597898075,0.060817300126333705,7.819999694824219
32.3,uav_02,1,22.240087597898075,0.05034936515726346,7.819999694824219
32.4,uav_02,1,22.23232439336375,0.04434097712259287,7.819999694824219
32.5,uav_02,1,22.210757458169848,0.04049873945095404,7.819999694824219
32.6,uav_02,1,22.18342349751504,0.033255732743487906,7.819999694824219
32.7,uav_02,1,22.15608953653769,0.03586335195579158,7.819999694824219
32.8,uav_02,1,22.12875557483427,0.046331287034518824,7.819999694824219
32.9,uav_02,1,22.10127865920559,0.058281715959076566,7.819999694824219
33.0,uav_02,1,22.072778136878526,0.08011108950665854,7.819999694824219
33.1,uav_02,1,22.04370312311037,0.10368712416985204,7.819999694824219
33.2,uav_02,1,22.014812458748512,0.1381649088403327,7.819999694824219
33.3,uav_02,1,21.98570901252022,0.18274724925673044,7.819999694824219
33.4,uav_02,1,21.957829505912798,0.22873576552482994,7.819999694824219
33.5,uav_02,1,21.938427207967727,0.2859302081378313,7.819999694824219
33.6,uav_02,1,21.91769592873987,0.354330576457955,7.819999694824219
33.7,uav_02,1,21.88997398462532,0.4339368707726654,7.819999694824219
33.8,uav_02,1,21.870571686680254,0.5247490907987852,7.819999694824219
33.9,uav_02,1,21.85111292377793,0.6253512814968212,7.819999694824219
34.0,uav_02,1,21.83307348943434,0.727775400019881,7.819999694824219
34.1,uav_02,1,21.81882927046141,0.8360458686688135,7.819999694824219
34.2,uav_02,1,21.791304407590133,0.9624157662455027,7.819999694824219
34.3,uav_02,1,21.76848187107088,1.0920299786203649,7.819999694824219
34.4,uav_02,1,21.744832998274536,1.229888048742323,7.819999694824219
34.5,uav_02,1,21.731308379326347,1.371796290004748,7.819999694824219
34.6,uav_02,1,21.715185693864154,1.530048731429846,7.819999694824219
34.7,uav_02,1,21.709413056486817,1.6975152914076024,7.819999694824219
34.8,uav_02,1,21.709413056486817,1.8688676182973905,7.819999694824219
34.9,uav_02,1,21.709413056486817,2.050399670767689,7.819999694824219
35.0,uav_02,1,21.709413056486817,2.225948767332036,7.819999694824219
35.1,uav_02,1,21.709413056486817,2.3968892413533993,7.819999694824219
35.2,uav_02,1,21.711464144843365,2.569852362082359,7.819999694824219
35.3,uav_02,1,21.721244340762674,2.75079266353848,7.819999694824219
35.4,uav_02,1,21.73874870251797,2.9418437815504705,7.819999694824219
35.5,uav_02,1,21.756253064273267,3.1328948995624977,7.819999694824219
35.6,uav_02,1,21.77375742602856,3.3331953147462388,7.819999694824219
35.7,uav_02,1,21.798415954784375,3.5343017545144395,7.819999694824219
35.8,uav_02,1,21.82467249679544,3.7354081945380697,7.819999694824219
35.9,uav_02,1,21.85092903956839,3.9426741651480457,7.819999694824219
36.0,uav_02,1,21.87804592196188,4.1552959094337165,7.819999694824219
36.1,uav_02,1,21.906519350840252,4.378660280665252,7.819999694824219
36.2,uav_02,1,21.930948147263926,4.612379689291877,7.819999694824219
36.3,uav_02,1,21.954993590063822,4.8460990979341325,7.819999694824219
36.4,uav_02,1,21.979345353417834,5.079818506371652,7.819999694824219
36.5,uav_02,1,21.998719642768656,5.313537914809171,7.815078481709099
36.6,uav_02,1,22.01330722838568,5.547257323246698,7.809999465942383
36.7,uav_02,1,22.02299437305848,5.769889406023715,7.809999465942383
36.8,uav_02,1,22.032681517731024,5.986937737436031,7.809999465942383
36.9,uav_02,1,22.042368662414773,6.203895484588103,7.809999465942383
37.0,uav_02,1,22.05191570344522,6.4122975833116636,7.809999465942383
37.1,uav_02,1,22.061253800840095,6.610979984467696,7.809999465942383
37.2,uav_02,1,22.070512929548133,6.797748309497884,7.809999465942383
37.3,uav_02,1,22.07977205846185,6.9743263767109545,7.809999465942383
37.4,uav_02,1,22.085709549063715,7.140241102622897,7.809999465942383
37.5,uav_02,1,22.088561282436665,7.298894796369003,7.809999465942383
37.6,uav_02,1,22.097820411527863,7.449974530265551,7.809999465942383
37.7,uav_02,1,22.109152274261486,7.577627542840043,7.809999465942383
37.8,uav_02,1,22.124304061615092,7.703346697851011,7.809999465942383
37.9,uav_02,1,22.124304061615092,7.818875594946186,7.809999465942383
38.0,uav_02,1,22.124304061615092,7.923542039760453,7.809999465942383
38.1,uav_02,1,22.124304061615092,8.011502179801282,7.809999465942383
38.2,uav_02,1,22.124304061615092,8.091359790338135,7.809999465942383
38.3,uav_02,1,22.124304061615092,8.169434882137018,7.809999465942383
38.4,uav_02,1,22.124304061615092,8.23156774799322,7.809999465942383
38.5,uav_02,1,22.124304061615092,8.260935456764775,7.809999465942383
38.6,uav_02,1,22.124304061615092,8.275095163593084,7.809999465942383
38.7,uav_02,1,22.124304061615092,8.28561377370439,7.809999465942383
38.8,uav_02,1,22.124304061615092,8.266194761913853,7.809999465942383
38.9,uav_02,1,22.124304061615092,8.2473456632536,7.809999465942383
39.0,uav_02,1,22.124304061615092,8.214050392603042,7.809999465942383
39.1,uav_02,1,22.124304061615092,8.176763539356621,7.809999465942383
39.2,uav_02,1,22.124304061615092,8.126345499280964,7.809999465942383
39.3,uav_02,1,22.122488192763786,8.074884339163487,7.809999465942383
39.4,uav_02,1,22.104970996343702,8.014425888771232,7.809999465942383
39.5,uav_02,1,22.09626673138985,7.964424526784766,7.809999465942383
39.6,uav_02,1,22.087497501056845,7.895987822883954,7.809999465942383
39.7,uav_02,1,22.078720700307635,7.833432008788206,7.809999465942383
39.8,uav_02,1,22.069943898943226,7.758874748971235,7.809999465942383
39.9,uav_02,1,22.055921903104426,7.678205884680671,7.809999465942383
40.0,uav_02,1,22.038368301492675,7.597537020424463,7.809999465942383
40.1,uav_02,1,22.020361638421964,7.501936612667874,7.809999465942383
40.2,uav_02,1,22.00139707257131,7.386193211464934,7.809999465942383
40.3,uav_02,1,21.981956410548698,7.270342556906604,7.809999465942383
40.4,uav_02,1,21.95881061666202,7.143241900162206,7.806159316982202
40.5,uav_02,1,21.933426459051198,7.009230421532382,7.799999237060547
40.6,uav_02,1,21.91398579702858,6.870797383860954,7.799999237060547
40.7,uav_02,1,21.89846537603223,6.725618282379285,7.799999237060547
40.8,uav_02,1,21.880761158469237,6.571266546132913,7.799999237060547
40.9,uav_02,1,21.855663812331887,6.399083501851348,7.799999237060547
41.0,uav_02,1,21.836223150309273,6.220401530536131,7.799999237060547
41.1,uav_02,1,21.813149098677037,6.040620873880482,7.799999237060547
41.2,uav_02,1,21.789147271111357,5.861236389307799,7.799999237060547
41.3,uav_02,1,21.76224161109731,5.681308109651613,7.799999237060547
41.4,uav_02,1,21.719378241618816,5.494375131701667,7.799999237060547
41.5,uav_02,1,21.681497464352272,5.305461843897355,7.799999237060547
41.6,uav_02,1,21.63634712339373,5.108344728797288,7.799999237060547
41.7,uav_02,1,21.59108215550903,4.912580721066325,7.799999237060547
41.8,uav_02,1,21.53684649021991,4.715262577652228,7.799999237060547
41.9,uav_02,1,21.49146531330093,4.507771572814587,7.799999237060547
42.0,uav_02,1,21.438023789636798,4.3000682638735706,7.799999237060547
42.1,uav_02,1,21.376152338528,4.092364955211775,7.799999237060547
42.2,uav_02,1,21.317019261217943,3.873614767182195,7.799999237060547
42.3,uav_02,1,21.257153336474534,3.635346577467584,7.799999237060547
42.4,uav_02,1,21.188484191244786,3.3924192340704606,7.799999237060547
42.5,uav_02,1,21.135355748523963,3.159460324995759,7.799999237060547
42.6,uav_02,1,21.066818348344345,2.8967474743311534,7.799999237060547
42.7,uav_02,1,20.996336798756293,2.641618076886722,7.799999237060547
42.8,uav_02,1,20.944864085880674,2.3871227647022746,7.799999237060547
42.9,uav_02,1,20.86573091269963,2.1318133647217414,7.799999237060547
43.0,uav_02,1,20.804189406267785,1.867046896337314,7.799999237060547
43.1,uav_02,1,20.73382304972698,1.6112068937018402,7.799999237060547
43.2,uav_02,1,20.664169641686943,1.3482697936399866,7.799999237060547
43.3,uav_02,1,20.59277871140662,1.086649471362172,7.799999237060547
43.4,uav_02,1,20.513573470091647,0.8277156880665332,7.799999237060547
43.5,uav_02,1,20.434368228408548,0.5715179803027048,7.799999237060547
43.6,uav_02,1,20.35516298609053,0.3017885049757174,7.799999237060547
43.7,uav_02,1,20.270024579533015,0.04084396376264243,7.799999237060547
43.8,uav_02,1,20.174832414289394,-0.21932746740671688,7.799999237060547
43.9,uav_02,1,20.089244618910918,-0.4849897130731844,7.799999237060547
44.0,uav_02,1,20.010039377060174,-0.7536533560973978,7.799999237060547
44.1,uav_02,1,19.936754750396297,-1.012416554637678,7.799999237060547
44.2,uav_02,1,19.86981843117313,-1.2634520412120738,7.799999237060547
44.3,uav_02,1,19.801241062462573,-1.5110038136916413,7.799999237060547
44.4,uav_02,1,19.740768011335657,-1.7640470655793188,7.799999237060547
44.5,uav_02,1,19.686619070119608,-2.0088019555734276,7.799999237060547
44.6,uav_02,1,19.624601708651625,-2.253692356527278,7.799999237060547
44.7,uav_02,1,19.57134287046828,-2.508645367058563,7.799999237060547
44.8,uav_02,1,19.51808403345339,-2.7541518699347844,7.799999237060547
44.9,uav_02,1,19.46482519547274,-3.0074661437419925,7.799999237060547
45.0,uav_02,1,19.40488840093161,-3.262419154273278,7.799999237060547
45.1,uav_02,1,19.348658892493052,-3.517372164563484,7.806120249098421
45.2,uav_02,1,19.293718029581186,-3.7803771230985532,7.809999465942383
45.3,uav_02,1,19.236543591881297,-4.054074329159665,7.809999465942383
45.4,uav_02,1,19.17853714543007,-4.325649713542653,7.809999465942383
45.5,uav_02,1,19.11519804355936,-4.604475891539695,7.809999465942383
45.6,uav_02,1,19.052875624598343,-4.887114561238857,7.809999465942383
45.7,uav_02,1,18.994869178138966,-5.16479463849603,7.809999465942383
45.8,uav_02,1,18.936862731834946,-5.448667244355988,7.804413057604058
45.9,uav_02,1,18.87376010197495,-5.7299560525622715,7.799999237060547
46.0,uav_02,1,18.811683642254767,-6.0066106888928426,7.799999237060547
46.1,uav_02,1,18.75367719594746,-6.290456794249752,7.799999237060547
46.2,uav_02,1,18.702357795138113,-6.571471557466183,7.799999237060547
46.3,uav_02,1,18.652460613153398,-6.831954914839602,7.799999237060547
46.4,uav_02,1,18.598798814283537,-7.091804518896889,7.799999237060547
46.5,uav_02,1,18.54513701569281,-7.362028431455794,7.799999237060547
46.6,uav_02,1,18.493907439027538,-7.616116075479987,7.799999237060547
46.7,uav_02,1,18.44746204592995,-7.866691603984446,7.799999237060547
46.8,uav_02,1,18.394822480486457,-8.132674456276817,7.799999237060547
46.9,uav_02,1,18.349787077047335,-8.389191991741267,7.799999237060547
47.0,uav_02,1,18.296125277631464,-8.63579871958055,7.799999237060547
47.1,uav_02,1,18.25101935502981,-8.882405447769052,7.799999237060547
47.2,uav_02,1,18.2063011894854,-9.129012175652939,7.799999237060547
47.3,uav_02,1,18.1598266222108,-9.376691466141834,7.8077696042495415
47.4,uav_02,1,18.111849298681783,-9.621694902245634,7.809999465942383
47.5,uav_02,1,18.063556363055515,-9.865821999205139,7.809999465942383
47.6,uav_02,1,18.02272734860614,-10.092798596638865,7.809999465942383
47.7,uav_02,1,17.99156688091905,-10.323319012631282,7.809999465942383
47.8,uav_02,1,17.947623439904675,-10.547751289838956,7.809999465942383
47.9,uav_02,1,17.914318101375933,-10.752465863134589,7.809999465942383
48.0,uav_02,1,17.87783858229574,-10.943585197434912,7.809999465942383
48.1,uav_02,1,17.84690424086393,-11.139577155124183,7.809999465942383
48.2,uav_02,1,17.81798340464028,-11.313284314601972,7.809999465942383
48.3,uav_02,1,17.78911367397854,-11.470603159233017,7.809999465942383
48.4,uav_02,1,17.760337533329764,-11.61642914569423,7.809999465942383
48.5,uav_02,1,17.73887865086412,-11.751213498479013,7.809999465942383
48.6,uav_02,1,17.719707090536794,-11.866744074667851,7.809999465942383
48.7,uav_02,1,17.700535530209464,-11.96863372288733,7.809999465942383
0.0,uav_03,1,29.939692761401886,-11.960978545245677,7.733529659394966
0.1,uav_03,1,29.939692761401886,-11.960978545245677,7.739999771118164
0.2,uav_03,1,29.939692761401886,-11.960978545245677,7.739999771118164
0.3,uav_03,1,29.939692761401886,-11.960978545245677,7.739999771118164
0.4,uav_03,1,29.939692761401886,-11.960978545245677,7.739999771118164
0.5,uav_03,1,29.939692761401886,-11.960978545245677,7.739999771118164
0.6,uav_03,1,29.939692761401886,-11.960978545245677,7.748620033503184
0.7,uav_03,1,29.93219795753423,-11.960978545245677,7.75
0.8,uav_03,1,29.93004413394962,-11.953312636686581,7.75
0.9,uav_03,1,29.93004413394962,-11.936451128233818,7.75
1.0,uav_03,1,29.93004413394962,-11.910394019770083,7.75
1.1,uav_03,1,29.921703041096503,-11.889675566843877,7.75
1.2,uav_03,1,29.903835618261834,-11.863531086297137,7.75
1.3,uav_03,1,29.888321124453334,-11.817172685942982,7.753242501139145
1.4,uav_03,1,29.87584797092524,-11.781021104929039,7.760000228881836
1.5,uav_03,1,29.856854685963206,-11.734133510261891,7.760000228881836
1.6,uav_03,1,29.83518886099437,-11.676509902098589,7.760000228881836
1.7,uav_03,1,29.809219488586887,-11.608150280166795,7.760000228881836
1.8,uav_03,1,29.785489065858762,-11.53177587752213,7.760000228881836
1.9,uav_03,1,29.7475024962497,-11.4528548574243,7.760000228881836
2.0,uav_03,1,29.7095159273818,-11.36556982569343,7.760000228881836
2.1,uav_03,1,29.66961674568109,-11.273890020179865,7.760000228881836
2.2,uav_03,1,29.62352896380136,-11.165862466331735,7.760000228881836
2.3,uav_03,1,29.58104136009261,-11.05408407763811,7.760000228881836
2.4,uav_03,1,29.529552184676188,-10.918795811809408,7.760000228881836
2.5,uav_03,1,29.478063009259767,-10.792307831739073,7.760000228881836
2.6,uav_03,1,29.430781613343893,-10.650334464607361,7.760000228881836
2.7,uav_03,1,29.384733285879197,-10.497200778120263,7.760000228881836
2.8,uav_03,1,29.333244110462775,-10.331565183048637,7.760000228881836
2.9,uav_03,1,29.281754935046358,-10.158857688878557,7.766379935792371
3.0,uav_03,1,29.230265759629937,-9.981390979963919,7.770000457763672
3.1,uav_03,1,29.179084593104115,-9.788000150102356,7.770000457763672
3.2,uav_03,1,29.111233681145816,-9.595377556497768,7.770000457763672
3.3,uav_03,1,29.038353798126906,-9.383670201001369,7.770000457763672
3.4,uav_03,1,28.96542619613166,-9.179265453619037,7.770000457763672
3.5,uav_03,1,28.882849966684155,-8.963011839940675,7.770000457763672
3.6,uav_03,1,28.809922364688912,-8.73559260366559,7.770000457763672
3.7,uav_03,1,28.73244711917595,-8.50817336739052,7.770000457763672
3.8,uav_03,1,28.638683059256287,-8.277257563375102,7.770000457763672
3.9,uav_03,1,28.548732023015145,-8.037868893747177,7.770000457763672
4.0,uav_03,1,28.460803568240365,-7.798480224036703,7.770000457763672
4.1,uav_03,1,28.377818343897328,-7.569308233881828,7.770000457763672
4.2,uav_03,1,28.30344245274459,-7.356588972816619,7.770000457763672
4.3,uav_03,1,28.22714443733791,-7.148984367068408,7.770000457763672
4.4,uav_03,1,28.152346286791264,-6.936431756960473,7.770000457763672
4.5,uav_03,1,28.08419703534798,-6.731518022050413,7.770000457763672
4.6,uav_03,1,28.0078990199413,-6.51724222735185,7.770000457763672
4.7,uav_03,1,27.93160100561966,-6.302966432653299,7.770000457763672
4.8,uav_03,1,27.85530299049909,-6.081263950925152,7.770000457763672
4.9,uav_03,1,27.779004975092416,-5.863329599270904,7.770000457763672
5.0,uav_03,1,27.70270695968574,-5.644317988285312,7.770000457763672
5.1,uav_03,1,27.629359941755503,-5.420302384852301,7.770000457763672
5.2,uav_03,1,27.555731125821097,-5.195161146172985,7.770000457763672
5.3,uav_03,1,27.461742116812783,-4.96515954182713,7.770000457763672
5.4,uav_03,1,27.381306107250374,-4.729435009112365,7.770155947517213
5.5,uav_03,1,27.292099453267475,-4.493710476039625,7.779401686340049
5.6,uav_03,1,27.211235526569027,-4.248401041733645,7.780000686645508
5.7,uav_03,1,27.130949538803844,-4.019924715956602,7.780000686645508
5.8,uav_03,1,27.043776751315427,-3.786536877496311,7.780000686645508
5.9,uav_03,1,26.960728935450053,-3.550812344536287,7.780000686645508
6.0,uav_03,1,26.875012073337288,-3.3150878116852125,7.780000686645508
6.1,uav_03,1,26.79050833209626,-3.0847664227283973,7.780000686645508
6.2,uav_03,1,26.710222344145492,-2.859290782508758,7.780000686645508
6.3,uav_03,1,26.631529480944206,-2.6285898377509738,7.780000686645508
6.4,uav_03,1,26.551197117712853,-2.389514470154941,7.780000686645508
6.5,uav_03,1,26.466166168110686,-2.1560211125470485,7.780000686645508
6.6,uav_03,1,26.39118697925057,-1.9252931765273869,7.780000686645508
6.7,uav_03,1,26.314187757342054,-1.7015091100698383,7.780000686645508
6.8,uav_03,1,26.233987003412665,-1.4929516626523742,7.784380163120172
6.9,uav_03,1,26.165035643631555,-1.2881044856850252,7.790000915527344
7.0,uav_03,1,26.100712913892785,-1.095718506120161,7.790000915527344
7.1,uav_03,1,26.041611748479593,-0.9144312859831382,7.790000915527344
7.2,uav_03,1,25.982510583068073,-0.7446789511214105,7.790000915527344
7.3,uav_03,1,25.924113975452727,-0.588705522116031,7.790000915527344
7.4,uav_03,1,25.876962916118302,-0.4464975477638293,7.790000915527344
7.5,uav_03,1,25.83910186085709,-0.316169609346491,7.790000915527344
7.6,uav_03,1,25.8010854731919,-0.1960584830291189,7.790000915527344
7.7,uav_03,1,25.763069086168507,-0.09670211101416482,7.790000915527344
7.8,uav_03,1,25.729424416985527,-0.015245120331835817,7.790000915527344
7.9,uav_03,1,25.709366499845924,0.062395252655326805,7.790000915527344
8.0,uav_03,1,25.695779747694452,0.11852934108403643,7.790000915527344
8.1,uav_03,1,25.680709678540524,0.1576816295941765,7.790000915527344
8.2,uav_03,1,25.674999175207283,0.17736390809654448,7.790000915527344
8.3,uav_03,1,25.674999175207283,0.17736390809654448,7.790000915527344
8.4,uav_03,1,25.678206230672163,0.16999477839567764,7.790000915527344
8.5,uav_03,1,25.690185556325705,0.1456499871897426,7.790000915527344
8.6,uav_03,1,25.706275756743032,0.10854907016524573,7.790000915527344
8.7,uav_03,1,25.717378724614953,0.05781425532125375,7.790000915527344
8.8,uav_03,1,25.735799623171292,0.01381607949554731,7.791507965158742
8.9,uav_03,1,25.75422052172762,-0.039093037831943324,7.799999237060547
9.0,uav_03,1,25.772641420283954,-0.09133811491197141,7.799999237060547
9.1,uav_03,1,25.79120212250537,-0.133826028501644,7.799999237060547
9.2,uav_03,1,25.818833469685433,-0.18673514582913145,7.799999237060547
9.3,uav_03,1,25.828640668678478,-0.22940524115991892,7.799999237060547
9.4,uav_03,1,25.83781149064483,-0.26186034910561873,7.799999237060547
9.5,uav_03,1,25.839025851493904,-0.2842702804211813,7.799999237060547
9.6,uav_03,1,25.839025851493904,-0.28821635031228615,7.799999237060547
9.7,uav_03,1,25.839025851493904,-0.28821635031228615,7.799999237060547
9.8,uav_03,1,25.83269383772661,-0.27366673501253314,7.799999237060547
9.9,uav_03,1,25.823551501215274,-0.2459664634312902,7.799999237060547
10.0,uav_03,1,25.809089734376364,-0.21445575525004565,7.799999237060547
10.1,uav_03,1,25.790805060997126,-0.17741526387260625,7.799999237060547
10.2,uav_03,1,25.776827235448383,-0.1304528780137933,7.799999237060547
10.3,uav_03,1,25.763884343062067,-0.07356859769518355,7.799999237060547
10.4,uav_03,1,25.745225736961164,-0.013257917949559696,7.799999237060547
10.5,uav_03,1,25.725667642588586,0.05121629219045791,7.799999237060547
10.6,uav_03,1,25.709643609276203,0.13607293786303512,7.799999237060547
10.7,uav_03,1,25.69536804944196,0.22786542725464942,7.799999237060547
10.8,uav_03,1,25.675393938456942,0.3249737680562005,7.799999237060547
10.9,uav_03,1,25.6603851872807,0.4339449868697358,7.799999237060547
11.0,uav_03,1,25.650398131744097,0.5547790836975506,7.799999237060547
11.1,uav_03,1,25.64041107634377,0.687476058564982,7.799999237060547
11.2,uav_03,1,25.636404662655902,0.8251647925936564,7.799999237060547
11.3,uav_03,1,25.636404662655902,0.9701134626176899,7.799999237060547
11.4,uav_03,1,25.636404662655902,1.1216243862331121,7.799999237060547
11.5,uav_03,1,25.636404662655902,1.271516493464864,7.799999237060547
11.6,uav_03,1,25.636404662655902,1.426311279152943,7.799999237060547
11.7,uav_03,1,25.631294931404952,1.5904365565909355,7.799999237060547
11.8,uav_03,1,25.622107149302764,1.7646701311294644,7.799999237060547
11.9,uav_03,1,25.612881543015707,1.9448571638356305,7.799999237060547
12.0,uav_03,1,25.59985309540995,2.1337823152974935,7.799999237060547
12.1,uav_03,1,25.588161522652253,2.331284770037716,7.799999237060547
12.2,uav_03,1,25.579291129020003,2.522071039878711,7.799999237060547
12.3,uav_03,1,25.55668186270259,2.71576834807901,7.802625345144521
12.4,uav_03,1,25.54745937092916,2.921928767432873,7.809999465942383
12.5,uav_03,1,25.538248855558674,3.1403124487042757,7.809999465942383
12.6,uav_03,1,25.530269753825188,3.3440373316485976,7.809999465942383
12.7,uav_03,1,25.530269753825188,3.5660964862679783,7.809999465942383
12.8,uav_03,1,25.530269753825188,3.7881556408873625,7.809999465942383
12.9,uav_03,1,25.530269753825188,4.010214795506758,7.809999465942383
13.0,uav_03,1,25.530269753825188,4.232273950126137,7.809999465942383
13.1,uav_03,1,25.538919260744574,4.464270464728477,7.809999465942383
13.2,uav_03,1,25.539918382648608,4.687477503744018,7.809999465942383
13.3,uav_03,1,25.547678338800583,4.918452020754731,7.809999465942383
13.4,uav_03,1,25.549567010100876,5.142681057361903,7.809999465942383
13.5,uav_03,1,25.556548834600633,5.367428340758384,7.809999465942383
13.6,uav_03,1,25.5592156389243,5.594631092487416,7.809999465942383
13.7,uav_03,1,25.565759793084574,5.81493051988691,7.816782092773455
13.8,uav_03,1,25.568864266376565,6.030696410881435,7.819999694824219
13.9,uav_03,1,25.580967424645333,6.2470219562871065,7.819999694824219
14.0,uav_03,1,25.588161522652253,6.457275595888094,7.819999694824219
14.1,uav_03,1,25.588161522652253,6.656917530909563,7.819999694824219
14.2,uav_03,1,25.588161522652253,6.852190070546147,7.819999694824219
14.3,uav_03,1,25.593388760902425,7.035451531365924,7.819999694824219
14.4,uav_03,1,25.59781015010452,7.203258352593762,7.819999694824219
14.5,uav_03,1,25.602692649923046,7.367147536155854,7.819999694824219
14.6,uav_03,1,25.61230806476273,7.521711197175126,7.819999694824219
14.7,uav_03,1,25.621963756999772,7.660345450747128,7.819999694824219
14.8,uav_03,1,25.626756035203634,7.787878228156631,7.819999694824219
14.9,uav_03,1,25.63162651332236,7.898713869447006,7.819999694824219
15.0,uav_03,1,25.641282204869274,7.992950334853881,7.81494441221995
15.1,uav_03,1,25.64605329010817,8.081697216032724,7.809999465942383
15.2,uav_03,1,25.65094496120598,8.15920408155545,7.809999465942383
15.3,uav_03,1,25.65570191893159,8.214507995147558,7.809999465942383
15.4,uav_03,1,25.660607717523547,8.253245196222743,7.809999465942383
15.5,uav_03,1,25.66535054638386,8.28082420967894,7.809999465942383
15.6,uav_03,1,25.67018312668559,8.291762698689075,7.809999465942383
15.7,uav_03,1,25.674999175207283,8.275345916830208,7.809999465942383
15.8,uav_03,1,25.679692737346155,8.247722161028806,7.809999465942383
15.9,uav_03,1,25.684647802659548,8.21526192137593,7.809999465942383
16.0,uav_03,1,25.69359608216336,8.166293954537899,7.809999465942383
16.1,uav_03,1,25.703945058935236,8.111267023895811,7.809999465942383
16.2,uav_03,1,25.70828018089313,8.056240093219463,7.809999465942383
16.3,uav_03,1,25.72212491343337,8.00121316258305,7.809999465942383
16.4,uav_03,1,25.74547925670486,7.946186231901029,7.809999465942383
16.5,uav_03,1,25.774051727284142,7.891475031692429,7.809999465942383
16.6,uav_03,1,25.810002444224985,7.841773034945481,7.809999465942383
16.7,uav_03,1,25.85688697217207,7.7986807780785306,7.809999465942383
16.8,uav_03,1,25.90707200165587,7.755588521346295,7.809999465942383
16.9,uav_03,1,25.966362214230625,7.712496264738453,7.809999465942383
17.0,uav_03,1,26.032000553623057,7.672571572163556,7.809999465942383
17.1,uav_03,1,26.1026095620669,7.640252379609026,7.809999465942383
17.2,uav_03,1,26.187001712904678,7.6079331870544955,7.809999465942383
17.3,uav_03,1,26.275277642857223,7.575613994499965,7.809999465942383
17.4,uav_03,1,26.37842360404515,7.545213645970758,7.809999465942383
17.5,uav_03,1,26.48177756782213,7.522402776849608,7.809999465942383
17.6,uav_03,1,26.586145728164052,7.493225344021034,7.809999465942383
17.7,uav_03,1,26.686538889208446,7.483613591263302,7.809999465942383
17.8,uav_03,1,26.80179510122457,7.456925778887526,7.809999465942383
17.9,uav_03,1,26.918920455974504,7.435155059295124,7.809999465942383
18.0,uav_03,1,27.040912273294396,7.421522600640446,7.809999465942383
18.1,uav_03,1,27.16951374787739,7.416028402979284,7.809999465942383
18.2,uav_03,1,27.302558720587548,7.416028402979284,7.812301395205198
18.3,uav_03,1,27.437354731746844,7.416028402979284,7.819999694824219
18.4,uav_03,1,27.57957837646065,7.416028402979284,7.819999694824219
18.5,uav_03,1,27.729824051138205,7.416028402979284,7.819999694824219
18.6,uav_03,1,27.866934797081893,7.439257295701145,7.819999694824219
18.7,uav_03,1,28.02023814435676,7.45609817531803,7.819999694824219
18.8,uav_03,1,28.18352793093322,7.479908355325546,7.819999694824219
18.9,uav_03,1,28.346554760190433,7.525852213366262,7.819999694824219
19.0,uav_03,1,28.504030292360717,7.561807030873043,7.819999694824219
19.1,uav_03,1,28.66295979125262,7.590152652945293,7.819999694824219
19.2,uav_03,1,28.820552952478305,7.629448376151494,7.819999694824219
19.3,uav_03,1,28.968615114543304,7.667343933080712,7.825570411023042
19.4,uav_03,1,29.11246231658859,7.700396950958867,7.829999923706055
19.5,uav_03,1,29.251052294185445,7.727409978376714,7.829999923706055
19.6,uav_03,1,29.38530968330617,7.755417742336076,7.829999923706055
19.7,uav_03,1,29.512512543163943,7.789396958441836,7.829999923706055
19.8,uav_03,1,29.635808872782334,7.817877677803405,7.829999923706055
19.9,uav_03,1,29.753907462528808,7.841792277586355,7.829999923706055
20.0,uav_03,1,29.85328688074158,7.86570687722178,7.829999923706055
20.1,uav_03,1,29.946955890345617,7.889621477196457,7.829999923706055
20.2,uav_03,1,30.013413273153883,7.913536076886461,7.829999923706055
20.3,uav_03,1,30.075075200708188,7.937150402476136,7.819999694824219
20.4,uav_03,1,30.10629820363798,7.9500952781023315,7.819999694824219
20.5,uav_03,1,30.134283951013277,7.97215024652165,7.819999694824219
20.6,uav_03,1,30.14231395023989,7.984050596381595,7.819999694824219
20.7,uav_03,1,30.139479008303294,7.995718150072185,7.819999694824219
20.8,uav_03,1,30.126161398338706,8.003546348376789,7.819999694824219
20.9,uav_03,1,30.10603010189016,8.007761617481659,7.819999694824219
21.0,uav_03,1,30.081812803334632,8.009937211684155,7.819999694824219
21.1,uav_03,1,30.05611888154081,8.003546348376789,7.819999694824219
21.2,uav_03,1,30.026147499951932,7.992241140327163,7.819999694824219
21.3,uav_03,1,29.996559032368033,7.969112428606672,7.819999694824219
21.4,uav_03,1,29.97067365358532,7.939372889874249,7.819999694824219
21.5,uav_03,1,29.946647812018675,7.904679822377593,7.819999694824219
21.6,uav_03,1,29.921741145872836,7.865194583895822,7.819999694824219
21.7,uav_03,1,29.900345504664408,7.818477759241535,7.819999694824219
21.8,uav_03,1,29.88298526672976,7.763752786365842,7.819999694824219
21.9,uav_03,1,29.86888869719073,7.70016799653664,7.819999694824219
22.0,uav_03,1,29.855618260853785,7.6303602825810675,7.819999694824219
22.1,uav_03,1,29.830904554296986,7.559028389565291,7.819999694824219
22.2,uav_03,1,29.81354431636234,7.478836679896145,7.819999694824219
22.3,uav_03,1,29.796184078427693,7.389083904962254,7.819999694824219
22.4,uav_03,1,29.77895722479799,7.3000207295342,7.811705001156262
22.5,uav_03,1,29.754603577482282,7.194277365488049,7.809999465942383
22.6,uav_03,1,29.734615547640455,7.084579529328783,7.809999465942383
22.7,uav_03,1,29.722192934173567,6.973034123859017,7.8154200614305696
22.8,uav_03,1,29.70859502564303,6.84864323547746,7.819999694824219
22.9,uav_03,1,29.69847706138366,6.717576102895006,7.819999694824219
23.0,uav_03,1,29.691551540925694,6.5843645170439045,7.819999694824219
23.1,uav_03,1,29.676280487974584,6.434902792057048,7.819999694824219
23.2,uav_03,1,29.669531177655703,6.278334164678783,7.819999694824219
23.3,uav_03,1,29.671303609089986,6.119729202396566,7.819999694824219
23.4,uav_03,1,29.67917980510797,5.952722666825991,7.819999694824219
23.5,uav_03,1,29.680470896670066,5.784232804493864,7.819999694824219
23.6,uav_03,1,29.69847706138366,5.596350451754352,7.819999694824219
23.7,uav_03,1,29.69847706138366,5.408468099014846,7.819999694824219
23.8,uav_03,1,29.716520805049115,5.211940923335592,7.819999694824219
23.9,uav_03,1,29.74524790626456,4.9990728092766386,7.819999694824219
24.0,uav_03,1,29.7653442514709,4.795786494618725,7.819999694824219
24.1,uav_03,1,29.79441601798526,4.560437100116187,7.819999694824219
24.2,uav_03,1,29.823824387571744,4.33498029670751,7.819999694824219
24.3,uav_03,1,29.862755503217155,4.109733099096199,7.819999694824219
24.4,uav_03,1,29.882641128115868,3.8841641599561343,7.819999694824219
24.5,uav_03,1,29.91203873224757,3.647741180457398,7.819999694824219
24.6,uav_03,1,29.94070868821876,3.413668557820601,7.819999694824219
24.7,uav_03,1,29.960296302983657,3.1878773725321823,7.820676638316041
24.8,uav_03,1,29.97895619697667,2.9547065129826815,7.829999923706055
24.9,uav_03,1,29.98916144356096,2.7239751579767617,7.829999923706055
25.0,uav_03,1,30.00778977680526,2.503560525760811,7.829999923706055
25.1,uav_03,1,30.017382253560353,2.283145893893251,7.829999923706055
25.2,uav_03,1,30.027419044153,2.0632417323192387,7.829999923706055
25.3,uav_03,1,30.046215833309844,1.8542937901824204,7.829999923706055
25.4,uav_03,1,30.055808308820062,1.6559206214025464,7.829999923706055
25.5,uav_03,1,30.065676644745036,1.4578643853087743,7.829999923706055
25.6,uav_03,1,30.084641889893515,1.270764367914383,7.829999923706055
25.7,uav_03,1,30.094229122194,1.0945290435644586,7.829999923706055
25.8,uav_03,1,30.103514087210662,0.9238500857143669,7.829999923706055
25.9,uav_03,1,30.121547711417374,0.7869371748532289,7.829999923706055
26.0,uav_03,1,30.131397948077705,0.641158773102629,7.829999923706055
26.1,uav_03,1,30.140513692401488,0.5125703990147016,7.829999923706055
26.2,uav_03,1,30.156944923890034,0.3868941810365081,7.829999923706055
26.3,uav_03,1,30.16161120651558,0.2845954263960617,7.822970158828404
26.4,uav_03,1,30.167860926203677,0.19033826313635208,7.819999694824219
26.5,uav_03,1,30.176976671159768,0.10264913545017211,7.819999694824219
26.6,uav_03,1,30.180908462791272,0.031071938550823776,7.819999694824219
26.7,uav_03,1,30.18547912732483,-0.031507237467726504,7.819999694824219
26.8,uav_03,1,30.19055709024354,-0.08110795038629731,7.819999694824219
26.9,uav_03,1,30.19482799391568,-0.11448763506073942,7.819999694824219
27.0,uav_03,1,30.200205719066957,-0.13302293097395163,7.819999694824219
27.1,uav_03,1,30.200205719066957,-0.13302293097395163,7.819999694824219
27.2,uav_03,1,30.205069087519036,-0.11626045545340387,7.819999694824219
27.3,uav_03,1,30.209854346519222,-0.082324043146492,7.819999694824219
27.4,uav_03,1,30.209854346519222,-0.048387630839579004,7.819999694824219
27.5,uav_03,1,30.209854346519222,-0.008183047054827797,7.819999694824219
27.6,uav_03,1,30.215507668820464,0.043560567259264854,7.819999694824219
27.7,uav_03,1,30.23120459633001,0.093399296683472,7.819999694824219
27.8,uav_03,1,30.244644990795035,0.13771246553929312,7.819999694824219
27.9,uav_03,1,30.26525454013978,0.18093733259457756,7.819999694824219
28.0,uav_03,1,30.298540419775,0.22382852319217883,7.819999694824219
28.1,uav_03,1,30.335873033306793,0.2667197135868843,7.819999694824219
28.2,uav_03,1,30.377861116636986,0.3042622655257325,7.819999694824219
28.3,uav_03,1,30.428866879589176,0.33643065837869546,7.819999694824219
28.4,uav_03,1,30.48889032159145,0.36859905123165976,7.819999694824219
28.5,uav_03,1,30.557931441934244,0.40076744423601673,7.819999694824219
28.6,uav_03,1,30.6359902410998,0.4290369854014605,7.819999694824219
28.7,uav_03,1,30.719759673096178,0.450424127530732,7.816835796078779
28.8,uav_03,1,30.8076323400118,0.4745130939527742,7.809999465942383
28.9,uav_03,1,30.90641037239066,0.5032544394484655,7.809999465942383
29.0,uav_03,1,31.004782829982393,0.5235703527495483,7.809999465942383
29.1,uav_03,1,31.111189687444536,0.5442409144717856,7.809999465942383
29.2,uav_03,1,31.22612937132416,0.5747147841308442,7.809999465942383
29.3,uav_03,1,31.341069056389415,0.5764327010183994,7.809999465942383
29.4,uav_03,1,31.463544714848798,0.6024067907054721,7.809999465942383
29.5,uav_03,1,31.594054773178602,0.6096884337618872,7.809999465942383
29.6,uav_03,1,31.73852097796179,0.6096884337618872,7.809999465942383
29.7,uav_03,1,31.87348282242126,0.6096884337618872,7.809999465942383
29.8,uav_03,1,32.010186576309565,0.6096884337618872,7.809999465942383
29.9,uav_03,1,32.15518591309454,0.6013856922259811,7.809999465942383
30.0,uav_03,1,32.29611925289895,0.5838986159551658,7.809999465942383
30.1,uav_03,1,32.4477231762852,0.5667758604745274,7.809999465942383
30.2,uav_03,1,32.59846559376065,0.5319027110557807,7.809999465942383
30.3,uav_03,1,32.73077226092076,0.4915814459175603,7.809999465942383
30.4,uav_03,1,32.868517971288156,0.4575090616830226,7.809999465942383
30.5,uav_03,1,32.99871984632576,0.41638703169696367,7.809999465942383
30.6,uav_03,1,33.12786241135264,0.38433244627166685,7.809999465942383
30.7,uav_03,1,33.24805333593098,0.3522778611827373,7.809999465942383
30.8,uav_03,1,33.3592926212319,0.3202232760938104,7.809999465942383
30.9,uav_03,1,33.46159877743731,0.28818359929692855,7.809999465942383
31.0,uav_03,1,33.56704965238322,0.2661559982751538,7.809999465942383
31.1,uav_03,1,33.656161182597366,0.23234419742086837,7.819999694824219
31.2,uav_03,1,33.74431540614109,0.20961412864264495,7.819999694824219
31.3,uav_03,1,33.81356051370479,0.1868840595063143,7.819999694824219
31.4,uav_03,1,33.881880960497114,0.1641539907459494,7.819999694824219
31.5,uav_03,1,33.9400657182255,0.14142392193790448,7.819999694824219
31.6,uav_03,1,33.98952650914161,0.11869385283139358,7.819999694824219
31.7,uav_03,1,34.03567679776585,0.09786549111696533,7.819999694824219
31.8,uav_03,1,34.06535327317029,0.08650045661240145,7.819999694824219
31.9,uav_03,1,34.09065949374453,0.07287089528337193,7.819999694824219
32.0,uav_03,1,34.098251440136934,0.05542622110787084,7.819999694824219
32.1,uav_03,1,34.096755356830435,0.05370738093533425,7.819999694824219
32.2,uav_03,1,34.08860281268466,0.043042420289911454,7.819999694824219
32.3,uav_03,1,34.08630945768339,0.033255732743487906,7.819999694824219
32.4,uav_03,1,34.0584610214642,0.03279774271264556,7.819999694824219
32.5,uav_03,1,34.03061258398715,0.022208194994304372,7.819999694824219
32.6,uav_03,1,34.0027641478246,0.03287315597249061,7.819999694824219
32.7,uav_03,1,33.97491571166205,0.033255732743487906,7.819999694824219
32.8,uav_03,1,33.9470672754995,0.043117833549756596,7.819999694824219
32.9,uav_03,1,33.91921883816908,0.05378279419250015,7.819999694824219
33.0,uav_03,1,33.89036471577948,0.0742395731023198,7.819999694824219
33.1,uav_03,1,33.8609030910139,0.10640926896164025,7.819999694824219
33.2,uav_03,1,33.83977999227126,0.14058996231211546,7.819999694824219
33.3,uav_03,1,33.81101754643542,0.185040850786158,7.819999694824219
33.4,uav_03,1,33.7904204305752,0.24121830868288982,7.819999694824219
33.5,uav_03,1,33.7705649634533,0.3091223353129584,7.819999694824219
33.6,uav_03,1,33.7508051638165,0.37766768663444156,7.819999694824219
33.7,uav_03,1,33.74050265803293,0.45793960703003733,7.819999694824219
33.8,uav_03,1,33.72064719091104,0.5499380961251081,7.819999694824219
33.9,uav_03,1,33.700846410453835,0.6533490085951354,7.819999694824219
34.0,uav_03,1,33.68160252013359,0.7638948929419521,7.819999694824219
34.1,uav_03,1,33.66264880662232,0.8735863545640611,7.819999694824219
34.2,uav_03,1,33.64369509186482,0.9933532325042986,7.819999694824219
34.3,uav_03,1,33.62474137710731,1.1135378996454761,7.819999694824219
34.4,uav_03,1,33.60597953682706,1.2444131186116596,7.819999694824219
34.5,uav_03,1,33.5964825764157,1.3860019864137991,7.819999694824219
34.6,uav_03,1,33.577528861658195,1.5493204560104643,7.819999694824219
34.7,uav_03,1,33.577225527549096,1.6912116283142271,7.819999694824219
34.8,uav_03,1,33.56807210733359,1.86430320902554,7.819999694824219
34.9,uav_03,1,33.567576898725676,2.0385095767040426,7.819999694824219
35.0,uav_03,1,33.567576898725676,2.198189251584276,7.819999694824219
35.1,uav_03,1,33.57422532335512,2.3656240339835377,7.819999694824219
35.2,uav_03,1,33.58237848704374,2.534232109985086,7.819999694824219
35.3,uav_03,1,33.59053712825601,2.7029534596713827,7.819999694824219
35.4,uav_03,1,33.598733233698006,2.8749891370997163,7.819999694824219
35.5,uav_03,1,33.607687265409446,3.053901693716111,7.819999694824219
35.6,uav_03,1,33.62407947575695,3.2328142503325052,7.819999694824219
35.7,uav_03,1,33.64047168610445,3.4203452405119363,7.819999694824219
35.8,uav_03,1,33.656863896451945,3.608674247247647,7.819999694824219
35.9,uav_03,1,33.677852569820516,3.802284100189775,7.819999694824219
36.0,uav_03,1,33.702440884759405,3.996417505492026,7.816741187710317
36.1,uav_03,1,33.727235575137065,4.188349493951559,7.809999465942383
36.2,uav_03,1,33.75221359141821,4.394507802426371,7.809999465942383
36.3,uav_03,1,33.76968095737174,4.605223269904883,7.809999465942383
36.4,uav_03,1,33.79562344060388,4.825675743671579,7.809999465942383
36.5,uav_03,1,33.81426431673108,5.029053617333201,7.809999465942383
36.6,uav_03,1,33.83173168268462,5.237369672340437,7.809999465942383
36.7,uav_03,1,33.849199048638155,5.441501656905732,7.809999465942383
36.8,uav_03,1,33.86185107701304,5.647715363312184,7.809999465942383
36.9,uav_03,1,33.87058475992353,5.853949696404271,7.809999465942383
37.0,uav_03,1,33.87931844309661,6.051201133999824,7.809999465942383
37.1,uav_03,1,33.888052125747045,6.241848461837328,7.809999465942383
37.2,uav_03,1,33.89563025267009,6.432226752583914,7.809999465942383
37.3,uav_03,1,33.89632698500945,6.621214053912756,7.809999465942383
37.4,uav_03,1,33.90569016521935,6.813900332855262,7.809999465942383
37.5,uav_03,1,33.91492750757462,6.985997948514586,7.809999465942383
37.6,uav_03,1,33.91492750757462,7.156692229095719,7.809999465942383
37.7,uav_03,1,33.92405067446449,7.318290954327185,7.809999465942383
37.8,uav_03,1,33.92457613639804,7.46949679505327,7.809999465942383
37.9,uav_03,1,33.93312840750669,7.600447640839622,7.809999465942383
38.0,uav_03,1,33.9342247638503,7.720037491071639,7.809999465942383
38.1,uav_03,1,33.9342247638503,7.8383677450644775,7.809999465942383
38.2,uav_03,1,33.9342247638503,7.93901439419875,7.809999465942383
38.3,uav_03,1,33.9342247638503,8.021814248618854,7.809999465942383
38.4,uav_03,1,33.9342247638503,8.112369562758577,7.809999465942383
38.5,uav_03,1,33.9342247638503,8.155527904652164,7.809999465942383
38.6,uav_03,1,33.9342247638503,8.190489701419859,7.809999465942383
38.7,uav_03,1,33.92457613639804,8.22511772321258,7.809999465942383
38.8,uav_03,1,33.92457613639804,8.202445301826964,7.809999465942383
38.9,uav_03,1,33.92352805726482,8.189587238450274,7.809999465942383
39.0,uav_03,1,33.91492750757462,8.162733735995763,7.809999465942383
39.1,uav_03,1,33.91288945333968,8.116118006834148,7.809999465942383
39.2,uav_03,1,33.90527888012235,8.069392959285723,7.809999465942383
39.3,uav_03,1,33.90211444562314,8.018624091727629,7.809999465942383
39.4,uav_03,1,33.891819095900836,7.955104186558867,7.809999465942383
39.5,uav_03,1,33.88598162384666,7.88438860013004,7.809999465942383
39.6,uav_03,1,33.87593323422115,7.813719346013583,7.809999465942383
39.7,uav_03,1,33.86101345138677,7.729719238537602,7.809999465942383
39.8,uav_03,1,33.857035740118704,7.635093169914696,7.809999465942383
39.9,uav_03,1,33.836142660205766,7.540467101413695,7.809999465942383
40.0,uav_03,1,33.8128676925701,7.4196080699494065,7.809999465942383
40.1,uav_03,1,33.792276992745634,7.298984561018629,7.809999465942383
40.2,uav_03,1,33.772001604305565,7.172464051081558,7.809999465942383
40.3,uav_03,1,33.75196863090078,7.035405581007027,7.809999465942383
40.4,uav_03,1,33.74142770021762,6.897441442654408,7.800181128629643
40.5,uav_03,1,33.72158913352472,6.748181919688203,7.799999237060547
40.6,uav_03,1,33.70211638089313,6.597476953846361,7.799999237060547
40.7,uav_03,1,33.69120963614867,6.423988105713506,7.799999237060547
40.8,uav_03,1,33.672453690392054,6.240035921136258,7.799999237060547
40.9,uav_03,1,33.65921361799201,6.054226526836455,7.799999237060547
41.0,uav_03,1,33.633142371067564,5.858777331003925,7.799999237060547
41.1,uav_03,1,33.61714632290674,5.665874101562754,7.799999237060547
41.2,uav_03,1,33.58305059039957,5.483009184964422,7.799999237060547
41.3,uav_03,1,33.557853429515326,5.30942356569263,7.799999237060547
41.4,uav_03,1,33.52428216146231,5.1262169920318,7.799999237060547
41.5,uav_03,1,33.48355517758956,4.943010418078896,7.799999237060547
41.6,uav_03,1,33.45353718216478,4.754145873003392,7.799999237060547
41.7,uav_03,1,33.419326291092126,4.562023998149352,7.799999237060547
41.8,uav_03,1,33.37074645118238,4.369174972909473,7.799999237060547
41.9,uav_03,1,33.316100865876614,4.178683553389372,7.799999237060547
42.0,uav_03,1,33.2741367814067,3.9936473542416953,7.799999237060547
42.1,uav_03,1,33.232172696936786,3.7911558778378325,7.799999237060547
42.2,uav_03,1,33.18227535054379,3.58866440143397,7.799999237060547
42.3,uav_03,1,33.13720714107692,3.3794716784545034,7.799999237060547
42.4,uav_03,1,33.08652387640583,3.1577110165008015,7.799999237060547
42.5,uav_03,1,33.038254041769285,2.9311203689367002,7.799999237060547
42.6,uav_03,1,32.98859515426764,2.70452972137259,7.799999237060547
42.7,uav_03,1,32.93895762134375,2.47793907397793,7.799999237060547
42.8,uav_03,1,32.894133725542694,2.251348426638242,7.799999237060547
42.9,uav_03,1,32.84652638473753,2.021559897939829,7.799999237060547
43.0,uav_03,1,32.792737709310245,1.7870818872166134,7.799999237060547
43.1,uav_03,1,32.738949034657374,1.5588646975731355,7.799999237060547
43.2,uav_03,1,32.685160359035734,1.3219744750332154,7.799999237060547
43.3,uav_03,1,32.63129351619549,1.0849705556310756,7.799999237060547
43.4,uav_03,1,32.56285466012986,0.8266183102210642,7.799999237060547
43.5,uav_03,1,32.49071927246529,0.5533501239946756,7.799999237060547
43.6,uav_03,1,32.41709032669584,0.2709202414362873,7.799999237060547
43.7,uav_03,1,32.334649883972695,-0.0013861710689565127,7.799999237060547
43.8,uav_03,1,32.257961427268334,-0.2762773278433993,7.799999237060547
43.9,uav_03,1,32.186327060952884,-0.5588456249655601,7.799999237060547
44.0,uav_03,1,32.10165928705011,-0.8337110027180505,7.799999237060547
44.1,uav_03,1,32.02952389938554,-1.1103611666583433,7.799999237060547
44.2,uav_03,1,31.962740229162208,-1.4063463975730723,7.799999237060547
44.3,uav_03,1,31.901806153277768,-1.6845789997695833,7.799999237060547
44.4,uav_03,1,31.842062138596006,-1.9618686246836574,7.799999237060547
44.5,uav_03,1,31.78907136524369,-2.246274992176428,7.799999237060547
44.6,uav_03,1,31.732887674411163,-2.5306813593967843,7.799999237060547
44.7,uav_03,1,31.680403493241617,-2.8071289233169545,7.799999237060547
44.8,uav_03,1,31.630893871652294,-3.0884088498817808,7.799999237060547
44.9,uav_03,1,31.58138425006296,-3.372815217374556,7.807704091859353
45.0,uav_03,1,31.531874628473638,-3.657221584867324,7.809999465942383
45.1,uav_03,1,31.48236500688431,-3.941627952360072,7.809999465942383
45.2,uav_03,1,31.424661538019382,-4.226034319518403,7.809999465942383
45.3,uav_03,1,31.377357426631384,-4.489414263260359,7.809999465942383
45.4,uav_03,1,31.3338445261371,-4.747149567792728,7.809999465942383
45.5,uav_03,1,31.290795564183213,-4.997751234887958,7.809999465942383
45.6,uav_03,1,31.247746602229327,-5.245044558744839,7.809999465942383
45.7,uav_03,1,31.201045110151465,-5.496534249910545,7.809999465942383
45.8,uav_03,1,31.152000049498124,-5.750716451050909,7.809999465942383
45.9,uav_03,1,31.109016164345583,-5.999430334545204,7.809999465942383
46.0,uav_03,1,31.06630415175705,-6.254078917290455,7.809999465942383
46.1,uav_03,1,31.02325518980316,-6.50137224130728,7.809999465942383
46.2,uav_03,1,30.98020622784927,-6.757887242958067,7.801680398979422
46.3,uav_03,1,30.937157265895383,-7.015072299696573,7.799999237060547
46.4,uav_03,1,30.90007170759355,-7.265318577990209,7.799999237060547
46.5,uav_03,1,30.860761225296585,-7.5124100988550575,7.799999237060547
46.6,uav_03,1,30.817754115657387,-7.763888782399777,7.799999237060547
46.7,uav_03,1,30.777552010241926,-8.017601152426458,7.799999237060547
46.8,uav_03,1,30.743146322291427,-8.262634534460709,7.799999237060547
46.9,uav_03,1,30.708030043015466,-8.5006217176335,7.799999237060547
47.0,uav_03,1,30.665022933376264,-8.747674622426546,7.799999237060547
47.1,uav_03,1,30.630280631359625,-8.975736761731342,7.799999237060547
47.2,uav_03,1,30.595874943159323,-9.203025433972766,7.799999237060547
47.3,uav_03,1,30.56146925583589,-9.437403232920445,7.806394485354168
47.4,uav_03,1,30.527063568129883,-9.662802024243128,7.809999465942383
47.5,uav_03,1,30.49038156932283,-9.894592389543122,7.809999465942383
47.6,uav_03,1,30.454700560810547,-10.141056904261552,7.809999465942383
47.7,uav_03,1,30.41645744987831,-10.393340605980443,7.809999465942383
47.8,uav_03,1,30.38104769561299,-10.634028420204917,7.809999465942383
47.9,uav_03,1,30.34904557742591,-10.857375121868673,7.809999465942383
48.0,uav_03,1,30.317043459238835,-11.067295720869087,7.809999465942383
48.1,uav_03,1,30.29536834246754,-11.263688834946505,7.809999465942383
48.2,uav_03,1,30.27257769346695,-11.452868683375174,7.809999465942383
48.3,uav_03,1,30.243200003085803,-11.612192437302124,7.809999465942383
48.4,uav_03,1,30.2256065686272,-11.757831828947783,7.809999465942383
48.5,uav_03,1,30.211085077107953,-11.881147577305427,7.809999465942383
48.6,uav_03,1,30.195429159788695,-11.988307596955357,7.809999465942383
48.7,uav_03,1,30.18521292147636,-12.076609051791035,7.809999465942383
0.0,uav_04,1,41.93293739757057,-11.960978545245677,7.734399821948762
0.1,uav_04,1,41.93293739757057,-11.960978545245677,7.739999771118164
0.2,uav_04,1,41.92958061099552,-11.960978545245677,7.739999771118164
0.3,uav_04,1,41.92328876874714,-11.960978545245677,7.739999771118164
0.4,uav_04,1,41.92328876874714,-11.960978545245677,7.739999771118164
0.5,uav_04,1,41.92328876874714,-11.960978545245677,7.742731768362436
0.6,uav_04,1,41.92328876874714,-11.960978545245677,7.75
0.7,uav_04,1,41.92328876874714,-11.958502244178835,7.75
0.8,uav_04,1,41.92328876874714,-11.945492814138843,7.75
0.9,uav_04,1,41.92161395214318,-11.921950255353385,7.75
1.0,uav_04,1,41.912217461508234,-11.892832572576722,7.75
1.1,uav_04,1,41.90285382445744,-11.876846424231369,7.75
1.2,uav_04,1,41.89211708287936,-11.824119800514332,7.751153455731013
1.3,uav_04,1,41.873848061911175,-11.789196375068098,7.760000228881836
1.4,uav_04,1,41.86283253576139,-11.742993161242465,7.760000228881836
1.5,uav_04,1,41.843365947790694,-11.68551015933004,7.760000228881836
1.6,uav_04,1,41.822447795463205,-11.616747368985882,7.760000228881836
1.7,uav_04,1,41.794784144397035,-11.538469755005204,7.760000228881836
1.8,uav_04,1,41.77207576411647,-11.458329904534116,7.760000228881836
1.9,uav_04,1,41.73314258841745,-11.36691026536978,7.760000228881836
2.0,uav_04,1,41.69420941360484,-11.266267618912845,7.760000228881836
2.1,uav_04,1,41.65548265521316,-11.164063798969876,7.760000228881836
2.2,uav_04,1,41.619338197162826,-11.053756907591271,7.760000228881836
2.3,uav_04,1,41.58882105460619,-10.936008600847265,7.760000228881836
2.4,uav_04,1,41.54223539100969,-10.817167263374236,7.760000228881836
2.5,uav_04,1,41.49626960912863,-10.688002386959376,7.760000228881836
2.6,uav_04,1,41.45928946421565,-10.548845296894415,7.760000228881836
2.7,uav_04,1,41.43133806632256,-10.409688206829465,7.760000228881836
2.8,uav_04,1,41.38483862035162,-10.249221388675876,7.760000228881836
2.9,uav_04,1,41.33825295675513,-10.098929527185224,7.769268627770528
3.0,uav_04,1,41.29166729315862,-9.929281728247448,7.770000457763672
3.1,uav_04,1,41.25363487089582,-9.759269289164454,7.770000457763672
3.2,uav_04,1,41.19822909519259,-9.561697105708882,7.770000457763672
3.3,uav_04,1,41.13782105221951,-9.353489913446618,7.770000457763672
3.4,uav_04,1,41.077151762143465,-9.165425997297701,7.770000457763672
3.5,uav_04,1,41.016482473299185,-8.946391455104532,7.770000457763672
3.6,uav_04,1,40.936080464411255,-8.736251683702415,7.770000457763672
3.7,uav_04,1,40.865299626549614,-8.504942027207166,7.770000457763672
3.8,uav_04,1,40.79315748432304,-8.282653319938287,7.770000457763672
3.9,uav_04,1,40.71591354663149,-8.05031151598911,7.770000457763672
4.0,uav_04,1,40.648382823505315,-7.815342026501664,7.770000457763672
4.1,uav_04,1,40.56449979420421,-7.576969426272365,7.770000457763672
4.2,uav_04,1,40.498338096685,-7.355932721079946,7.770000457763672
4.3,uav_04,1,40.428904100079876,-7.141475777108286,7.770000457763672
4.4,uav_04,1,40.36669131585651,-6.9182674191594415,7.770000457763672
4.5,uav_04,1,40.29604361171613,-6.695059061554884,7.770000457763672
4.6,uav_04,1,40.225395906380705,-6.47185070360707,7.770000457763672
4.7,uav_04,1,40.154748202064205,-6.248642345642058,7.770000457763672
4.8,uav_04,1,40.0908745083847,-6.009868756161356,7.770000457763672
4.9,uav_04,1,40.017145074833714,-5.780055141347638,7.770000457763672
5.0,uav_04,1,39.94280508827191,-5.550942987319209,7.770000457763672
5.1,uav_04,1,39.87647839987642,-5.317588794970631,7.770000457763672
5.2,uav_04,1,39.803890793892776,-5.079490479263405,7.770000457763672
5.3,uav_04,1,39.72008595035148,-4.836071299132383,7.770000457763672
5.4,uav_04,1,39.647654108323124,-4.596823980766675,7.770000457763672
5.5,uav_04,1,39.57358495217536,-4.355695561960718,7.770000457763672
5.6,uav_04,1,39.49314179738192,-4.107244099535643,7.771081120193339
5.7,uav_04,1,39.42070995632302,-3.867996781242763,7.780000686645508
5.8,uav_04,1,39.34827811526413,-3.628749462598615,7.780000686645508
5.9,uav_04,1,39.26693892184056,-3.3895021443180195,7.780000686645508
6.0,uav_04,1,39.2020785076194,-3.1502548260434278,7.780000686645508
6.1,uav_04,1,39.12326453412543,-2.919874730455873,7.780000686645508
6.2,uav_04,1,39.048902120833986,-2.6910294692565477,7.780000686645508
6.3,uav_04,1,38.97929563673511,-2.448811932757447,7.780000686645508
6.4,uav_04,1,38.900763546068255,-2.2011812759273424,7.780000686645508
6.5,uav_04,1,38.8267931635227,-1.9534638832393045,7.780000686645508
6.6,uav_04,1,38.75492185641611,-1.7259370394398723,7.780000686645508
6.7,uav_04,1,38.69245620585004,-1.5018117796330066,7.780000686645508
6.8,uav_04,1,38.62120360030591,-1.289635112621248,7.780390109077836
6.9,uav_04,1,38.56059405572611,-1.0879594884865829,7.790000915527344
7.0,uav_04,1,38.50764427415658,-0.8830435689313273,7.790000915527344
7.1,uav_04,1,38.452735802019234,-0.7178986405212263,7.790000915527344
7.2,uav_04,1,38.41366838389588,-0.5567410558855299,7.790000915527344
7.3,uav_04,1,38.359827401257505,-0.4104938219198964,7.790000915527344
7.4,uav_04,1,38.32005296959545,-0.27740975066086715,7.790000915527344
7.5,uav_04,1,38.283898634276454,-0.15987690633269508,7.790000915527344
7.6,uav_04,1,38.25809050499248,-0.056503217245006,7.790000915527344
7.7,uav_04,1,38.233562761052454,0.031246981228455414,7.790000915527344
7.8,uav_04,1,38.20845220947555,0.10016277395358114,7.790000915527344
7.9,uav_04,1,38.19891835141606,0.1630692939900819,7.790000915527344
8.0,uav_04,1,38.18775979768659,0.20767913355327403,7.790000915527344
8.1,uav_04,1,38.17962109514038,0.22851559993614093,7.790000915527344
8.2,uav_04,1,38.17962109514038,0.23279012920441533,7.790000915527344
8.3,uav_04,1,38.17962109514038,0.22762669503640756,7.790000915527344
8.4,uav_04,1,38.18596449782416,0.21077304553570608,7.790000915527344
8.5,uav_04,1,38.20076748622861,0.1820757758231943,7.790000915527344
8.6,uav_04,1,38.20909354745172,0.15277353504912936,7.790000915527344
8.7,uav_04,1,38.217419609783214,0.11451050899234516,7.790000915527344
8.8,uav_04,1,38.233275735467565,0.06759624255602426,7.797803890089242
8.9,uav_04,1,38.2499278580652,0.026899212105840817,7.799999237060547
9.0,uav_04,1,38.26657998105596,-0.01136381415033276,7.799999237060547
9.1,uav_04,1,38.279669740094825,-0.05781239437599754,7.799999237060547
9.2,uav_04,1,38.29247539870016,-0.10748706601574072,7.799999237060547
9.3,uav_04,1,38.314701887699044,-0.13642291286019403,7.799999237060547
9.4,uav_04,1,38.314701887699044,-0.16733241234351454,7.799999237060547
9.5,uav_04,1,38.31472724675017,-0.19959266615272142,7.799999237060547
9.6,uav_04,1,38.32401829063411,-0.22094150372996374,7.799999237060547
9.7,uav_04,1,38.324350515151316,-0.22170488482531037,7.799999237060547
9.8,uav_04,1,38.31559719715916,-0.22170488482531037,7.799999237060547
9.9,uav_04,1,38.314701887699044,-0.2022353704873945,7.799999237060547
10.0,uav_04,1,38.29831588336097,-0.17129574049784457,7.799999237060547
10.1,uav_04,1,38.287491788039105,-0.13900562347106965,7.799999237060547
10.2,uav_04,1,38.2781233177048,-0.10671550644429609,7.799999237060547
10.3,uav_04,1,38.261402320144825,-0.049083580604577494,7.807619694272057
10.4,uav_04,1,38.249456906240844,0.0005364967386582292,7.809999465942383
10.5,uav_04,1,38.23954248833906,0.054852355448400295,7.809999465942383
10.6,uav_04,1,38.22163602805922,0.13035423214565567,7.809999465942383
10.7,uav_04,1,38.20995777481879,0.22000712090836336,7.809999465942383
10.8,uav_04,1,38.19998973285948,0.311624858650845,7.809999465942383
10.9,uav_04,1,38.19891835141606,0.4134639110598208,7.809999465942383
11.0,uav_04,1,38.18048620085107,0.5377104404164933,7.809999465942383
11.1,uav_04,1,38.17008560620332,0.6527295699665452,7.809999465942383
11.2,uav_04,1,38.16997246768811,0.7788109642228443,7.799999237060547
11.3,uav_04,1,38.16997246768811,0.9164095455585856,7.799999237060547
11.4,uav_04,1,38.16997246768811,1.0572704530385915,7.799999237060547
11.5,uav_04,1,38.16997246768811,1.204056756793987,7.799999237060547
11.6,uav_04,1,38.16997246768811,1.350843060911119,7.799999237060547
11.7,uav_04,1,38.16997246768811,1.5060232834219327,7.799999237060547
11.8,uav_04,1,38.162235585072516,1.6719853382118477,7.799999237060547
11.9,uav_04,1,38.15310964140666,1.8397411141203257,7.799999237060547
12.0,uav_04,1,38.1372921836616,2.0228725609685796,7.799999237060547
12.1,uav_04,1,38.12520912579487,2.2045104817616212,7.799999237060547
12.2,uav_04,1,38.11043703631454,2.4022114505238084,7.799999237060547
12.3,uav_04,1,38.097308609455,2.594247238106302,7.805309400104727
12.4,uav_04,1,38.08819176825476,2.788135993591019,7.809999465942383
12.5,uav_04,1,38.083134815133086,2.9926570156622074,7.809999465942383
12.6,uav_04,1,38.083134815133086,3.1952523515741262,7.809999465942383
12.7,uav_04,1,38.083134815133086,3.407665643127586,7.809999465942383
12.8,uav_04,1,38.083134815133086,3.627149243146349,7.809999465942383
12.9,uav_04,1,38.083134815133086,3.848746846315609,7.809999465942383
13.0,uav_04,1,38.083134815133086,4.075721328666931,7.809999465942383
13.1,uav_04,1,38.083134815133086,4.2864467578442556,7.809999465942383
13.2,uav_04,1,38.083134815133086,4.516381957987679,7.809999465942383
13.3,uav_04,1,38.083134815133086,4.746317158131118,7.809999465942383
13.4,uav_04,1,38.09186584820837,4.966221332017141,7.809999465942383
13.5,uav_04,1,38.09278344258536,5.193602854058462,7.809999465942383
13.6,uav_04,1,38.09278344258536,5.426674150349553,7.809999465942383
13.7,uav_04,1,38.101340935309736,5.650573078560165,7.809999465942383
13.8,uav_04,1,38.10243207140877,5.881335962195091,7.809999465942383
13.9,uav_04,1,38.10243207140877,6.105011874124066,7.809999465942383
14.0,uav_04,1,38.11102609557535,6.317738802771678,7.809999465942383
14.1,uav_04,1,38.112080698861035,6.529209321656093,7.809999465942383
14.2,uav_04,1,38.112080698861035,6.730716656802826,7.809999465942383
14.3,uav_04,1,38.12079166215258,6.931057148252671,7.809999465942383
14.4,uav_04,1,38.12172932768446,7.111292140005287,7.809999465942383
14.5,uav_04,1,38.130606331175834,7.280793011394966,7.809999465942383
14.6,uav_04,1,38.140445405526584,7.450353722869798,7.809999465942383
14.7,uav_04,1,38.141026582589,7.598711291397988,7.809999465942383
14.8,uav_04,1,38.15048423891638,7.734867601961739,7.809999465942383
14.9,uav_04,1,38.15067934124028,7.84840037596373,7.809999465942383
15.0,uav_04,1,38.16052307101762,7.961036543010828,7.809999465942383
15.1,uav_04,1,38.16997246768811,8.051058662566447,7.809999465942383
15.2,uav_04,1,38.17056190440624,8.129547234647317,7.809999465942383
15.3,uav_04,1,38.17962109514038,8.195600907205126,7.809999465942383
15.4,uav_04,1,38.181457496410815,8.239501221262227,7.809999465942383
15.5,uav_04,1,38.19891835141606,8.26959221032469,7.809999465942383
15.6,uav_04,1,38.19891835141606,8.26959221032469,7.809999465942383
15.7,uav_04,1,38.19891835141606,8.26959221032469,7.809999465942383
15.8,uav_04,1,38.19891835141606,8.260534851920658,7.809999465942383
15.9,uav_04,1,38.19891835141606,8.217854857561674,7.809999465942383
16.0,uav_04,1,38.20522582536184,8.174094284399198,7.809999465942383
16.1,uav_04,1,38.21412661825383,8.12680260778288,7.809999465942383
16.2,uav_04,1,38.22302741093682,8.075672301901422,7.809999465942383
16.3,uav_04,1,38.235992171510965,8.019872930135271,7.809999465942383
16.4,uav_04,1,38.25379375697966,7.962326445954789,7.809999465942383
16.5,uav_04,1,38.274655331453964,7.910254637755882,7.809999465942383
16.6,uav_04,1,38.306018852410666,7.858328809675506,7.809999465942383
16.7,uav_04,1,38.34824471274503,7.8098158014167645,7.809999465942383
16.8,uav_04,1,38.40051031759931,7.756764204209584,7.813155087638845
16.9,uav_04,1,38.45957543677423,7.711524523730831,7.819999694824219
17.0,uav_04,1,38.52551213527479,7.670232198503751,7.819999694824219
17.1,uav_04,1,38.60789697560383,7.632130406613326,7.816236018736271
17.2,uav_04,1,38.69266774826938,7.591287433203092,7.809999465942383
17.3,uav_04,1,38.7834886358834,7.56197905598881,7.809999465942383
17.4,uav_04,1,38.88755666479685,7.534513156660642,7.809999465942383
17.5,uav_04,1,38.989572671139854,7.5020921870875865,7.809999465942383
17.6,uav_04,1,39.09389276149605,7.472129023445883,7.809999465942383
17.7,uav_04,1,39.19800650984902,7.44525041593548,7.809999465942383
17.8,uav_04,1,39.314886010196986,7.426550209213999,7.809999465942383
17.9,uav_04,1,39.423872362447334,7.416918386619976,7.809999465942383
18.0,uav_04,1,39.54807655860084,7.3985447253831955,7.809999465942383
18.1,uav_04,1,39.67304361374487,7.3866297322992835,7.816520159134503
18.2,uav_04,1,39.79837744767204,7.382772670235797,7.819999694824219
18.3,uav_04,1,39.927864260426496,7.382772670235797,7.819999694824219
18.4,uav_04,1,40.06446957658853,7.385608445012304,7.819999694824219
18.5,uav_04,1,40.20338057981564,7.396622620548639,7.819999694824219
18.6,uav_04,1,40.32075049835685,7.415886265394492,7.819999694824219
18.7,uav_04,1,40.475998844522806,7.4473287837381585,7.819999694824219
18.8,uav_04,1,40.60362909254723,7.480565646098057,7.819999694824219
18.9,uav_04,1,40.74762101015968,7.513915145881455,7.819999694824219
19.0,uav_04,1,40.89275850573419,7.547264645664859,7.819999694824219
19.1,uav_04,1,41.01042364094042,7.580614145448263,7.819999694824219
19.2,uav_04,1,41.13571829564034,7.62451583820161,7.819999694824219
19.3,uav_04,1,41.25229226173786,7.658398389394171,7.829547243370961
19.4,uav_04,1,41.35916319032141,7.691747889177574,7.829999923706055
19.5,uav_04,1,41.456331080074165,7.725097388960977,7.829999923706055
19.6,uav_04,1,41.55308941040547,7.758446888744377,7.829999923706055
19.7,uav_04,1,41.642454831072115,7.781580096286596,7.829999923706055
19.8,uav_04,1,41.722546036473084,7.815713809093956,7.829999923706055
19.9,uav_04,1,41.79211991541019,7.838765817874063,7.829999923706055
20.0,uav_04,1,41.85231351766921,7.8618178269947725,7.829999923706055
20.1,uav_04,1,41.909668583391436,7.884869835748267,7.828528937163535
20.2,uav_04,1,41.94795004471022,7.907887607428055,7.819999694824219
20.3,uav_04,1,41.97363804925566,7.93078909957938,7.819999694824219
20.4,uav_04,1,41.983670316682385,7.950980617654796,7.819999694824219
20.5,uav_04,1,41.99082916502648,7.962506622119003,7.819999694824219
20.6,uav_04,1,41.98754384029053,7.977839591037946,7.819999694824219
20.7,uav_04,1,41.977404978773286,7.996798817961185,7.819999694824219
20.8,uav_04,1,41.9629341673801,8.003546348376789,7.819999694824219
20.9,uav_04,1,41.93776810430363,8.009086521812593,7.819999694824219
21.0,uav_04,1,41.9072522841548,8.014631592362067,7.819999694824219
21.1,uav_04,1,41.876736464005965,8.007888959299851,7.819999694824219
21.2,uav_04,1,41.84622064294876,7.996202485240463,7.819999694824219
21.3,uav_04,1,41.815704822337146,7.976570918055905,7.819999694824219
21.4,uav_04,1,41.79262774526122,7.944651647126736,7.819999694824219
21.5,uav_04,1,41.76432180949173,7.909592224900911,7.819999694824219
21.6,uav_04,1,41.74377109869343,7.868184151980858,7.819999694824219
21.7,uav_04,1,41.725912613895126,7.819076912640742,7.819999694824219
21.8,uav_04,1,41.70823757209122,7.768310067233467,7.819999694824219
21.9,uav_04,1,41.690562529892055,7.705126218364417,7.819999694824219
22.0,uav_04,1,41.67288748720495,7.634052634842985,7.819999694824219
22.1,uav_04,1,41.66277581245323,7.562979051340449,7.819999694824219
22.2,uav_04,1,41.65386408114409,7.485079715232606,7.816920868360933
22.3,uav_04,1,41.629546681692325,7.39388393074439,7.809999465942383
22.4,uav_04,1,41.6119967557489,7.3002369673411325,7.809999465942383
22.5,uav_04,1,41.59432171306179,7.1890747812169815,7.809999465942383
22.6,uav_04,1,41.57664667037468,7.087541090255799,7.809999465942383
22.7,uav_04,1,41.558991747146855,6.9666533548553184,7.809999465942383
22.8,uav_04,1,41.54899467954431,6.84503178946723,7.809999465942383
22.9,uav_04,1,41.54699227617025,6.715588019979148,7.817066346376906
23.0,uav_04,1,41.535011069094786,6.59072626683975,7.819999694824219
23.1,uav_04,1,41.52253222726555,6.445390134460674,7.819999694824219
23.2,uav_04,1,41.51804639244229,6.288223714542733,7.819999694824219
23.3,uav_04,1,41.51804639244229,6.132181674268571,7.819999694824219
23.4,uav_04,1,41.51804639244229,5.970034822092341,7.819999694824219
23.5,uav_04,1,41.51989794313902,5.807887970091214,7.819999694824219
23.6,uav_04,1,41.52974250046738,5.642212612729329,7.819999694824219
23.7,uav_04,1,41.54699227617025,5.449590050749325,7.819999694824219
23.8,uav_04,1,41.54705889828063,5.2536786281422145,7.819999694824219
23.9,uav_04,1,41.56712097592485,5.03773628093453,7.819999694824219
24.0,uav_04,1,41.59575640074742,4.821195378361082,7.819999694824219
24.1,uav_04,1,41.60717850784515,4.59388764435008,7.819999694824219
24.2,uav_04,1,41.63685590315128,4.3677387512956765,7.819999694824219
24.3,uav_04,1,41.66653329719494,4.148918437989048,7.819999694824219
24.4,uav_04,1,41.69621069123859,3.910245317527342,7.819999694824219
24.5,uav_04,1,41.72584494085499,3.673901922462411,7.819999694824219
24.6,uav_04,1,41.755324264999324,3.4481112716978792,7.819999694824219
24.7,uav_04,1,41.783055719593435,3.2133226995965467,7.819999694824219
24.8,uav_04,1,41.8039384137787,2.956398186487688,7.823151411255544
24.9,uav_04,1,41.821199698558964,2.7069538460470532,7.829999923706055
25.0,uav_04,1,41.83690403020846,2.461523529220445,7.829999923706055
25.1,uav_04,1,41.85215544849501,2.2220098719626415,7.829999923706055
25.2,uav_04,1,41.862809010054704,1.9772137669640562,7.829999923706055
25.3,uav_04,1,41.88959371150011,1.7509506213481398,7.829999923706055
25.4,uav_04,1,41.89434288501919,1.5306341269783497,7.829999923706055
25.5,uav_04,1,41.904418320975495,1.321893234373,7.829999923706055
25.6,uav_04,1,41.9149239228331,1.1196562359147904,7.829999923706055
25.7,uav_04,1,41.92440945120914,0.9561883266869835,7.829999923706055
25.8,uav_04,1,41.93342266881629,0.802532531136968,7.829999923706055
25.9,uav_04,1,41.94243588521155,0.678269834879771,7.829999923706055
26.0,uav_04,1,41.95144910160681,0.5336416786387752,7.829999923706055
26.1,uav_04,1,41.952234652475106,0.417026664269576,7.829999923706055
26.2,uav_04,1,41.95982690802399,0.3031191927651125,7.829999923706055
26.3,uav_04,1,41.96884012471148,0.20519706396999293,7.822789568993034
26.4,uav_04,1,41.97153190875079,0.11926269341836096,7.819999694824219
26.5,uav_04,1,41.97717093893952,0.049810092507971415,7.819999694824219
26.6,uav_04,1,41.98118053757422,-0.006380689860062891,7.819999694824219
26.7,uav_04,1,41.98118053757422,-0.06239853695450551,7.819999694824219
26.8,uav_04,1,41.98118053757422,-0.11121293787346641,7.819999694824219
26.9,uav_04,1,41.98118053757422,-0.14107298060043014,7.819999694824219
27.0,uav_04,1,41.98118053757422,-0.16627866371743952,7.819999694824219
27.1,uav_04,1,41.98118053757422,-0.1658591071813247,7.819999694824219
27.2,uav_04,1,41.98118053757422,-0.1559057594877992,7.819999694824219
27.3,uav_04,1,41.98118053757422,-0.13671140457851616,7.819999694824219
27.4,uav_04,1,41.98118053757422,-0.10058648782810675,7.819999694824219
27.5,uav_04,1,41.98118053757422,-0.05379588348258516,7.819999694824219
27.6,uav_04,1,41.98626831812705,-0.01571978048917022,7.819999694824219
27.7,uav_04,1,41.999034314686334,0.023567103673839792,7.819999694824219
27.8,uav_04,1,42.010126421302175,0.07488290666406217,7.819999694824219
27.9,uav_04,1,42.01676074855452,0.12609671081559656,7.819999694824219
28.0,uav_04,1,42.04015466376763,0.17163176399609079,7.819999694824219
28.1,uav_04,1,42.07371687065162,0.21716681743502034,7.819999694824219
28.2,uav_04,1,42.113350710041395,0.2627018707067316,7.819999694824219
28.3,uav_04,1,42.16169753131782,0.30823692391904306,7.819999694824219
28.4,uav_04,1,42.22114829061971,0.34846831483009194,7.819999694824219
28.5,uav_04,1,42.28547520427303,0.38261960480818025,7.819999694824219
28.6,uav_04,1,42.35997041049697,0.41677089478626655,7.819999694824219
28.7,uav_04,1,42.44423256589799,0.44462049876897886,7.819999694824219
28.8,uav_04,1,42.53735616505176,0.46700576645433767,7.814356590273002
28.9,uav_04,1,42.63337177200515,0.49526940480119863,7.809999465942383
29.0,uav_04,1,42.73939818117614,0.5281646348306439,7.809999465942383
29.1,uav_04,1,42.85392658712134,0.5491379338738968,7.809999465942383
29.2,uav_04,1,42.97353883986789,0.5659438084989391,7.809999465942383
29.3,uav_04,1,43.10259053239705,0.5935945921754932,7.809999465942383
29.4,uav_04,1,43.23620700622583,0.6096884337618872,7.809999465942383
29.5,uav_04,1,43.374593544290114,0.61516872906979,7.809999465942383
29.6,uav_04,1,43.5224195220924,0.6207736781409923,7.809999465942383
29.7,uav_04,1,43.679684939663,0.6207736781409923,7.809999465942383
29.8,uav_04,1,43.82907444765682,0.6159561596177376,7.809999465942383
29.9,uav_04,1,43.96544839487488,0.6096884337618872,7.809999465942383
30.0,uav_04,1,44.1044001436044,0.6012621731200024,7.809999465942383
30.1,uav_04,1,44.241871288913586,0.5713295353202624,7.809999465942383
30.2,uav_04,1,44.373171471753345,0.5413968975205234,7.809999465942383
30.3,uav_04,1,44.52080770423853,0.5114642597207835,7.809999465942383
30.4,uav_04,1,44.63549673609318,0.4720684172721895,7.809999465942383
30.5,uav_04,1,44.75566768799672,0.44051373974220376,7.809999465942383
30.6,uav_04,1,44.87725046798079,0.40333329394900524,7.809999465942383
30.7,uav_04,1,44.988144510240275,0.3695632197636217,7.809999465942383
30.8,uav_04,1,45.09235832147888,0.33963058196388407,7.809999465942383
30.9,uav_04,1,45.19506718147849,0.3101302012691092,7.809999465942383
31.0,uav_04,1,45.29127579302033,0.2836407449396723,7.809999465942383
31.1,uav_04,1,45.373609498844445,0.26383978560436333,7.8106628483593745
31.2,uav_04,1,45.448285887054986,0.23524138461690014,7.819262585365174
31.3,uav_04,1,45.51537609142195,0.2153586989243084,7.819999694824219
31.4,uav_04,1,45.58175510339562,0.1962930981243978,7.819999694824219
31.5,uav_04,1,45.64325043521983,0.17722749743964225,7.819999694824219
31.6,uav_04,1,45.694267213381586,0.15816189689422314,7.819999694824219
31.7,uav_04,1,45.73575409545875,0.1390962962597742,7.819999694824219
31.8,uav_04,1,45.77724097753591,0.1200306954095553,7.819999694824219
31.9,uav_04,1,45.81872785961308,0.1009650948641352,7.819999694824219
32.0,uav_04,1,45.82911054084665,0.09083334611589335,7.819999694824219
32.1,uav_04,1,45.8381372959098,0.07224318241476699,7.819999694824219
32.2,uav_04,1,45.840631747463966,0.05821952156961632,7.819999694824219
32.3,uav_04,1,45.83317653788698,0.04686098156609285,7.819999694824219
32.4,uav_04,1,45.823290032588666,0.035502441347797994,7.819999694824219
32.5,uav_04,1,45.789610634589295,0.033255732743487906,7.819999694824219
32.6,uav_04,1,45.75823345411438,0.033255732743487906,7.819999694824219
32.7,uav_04,1,45.72857393774961,0.033255732743487906,7.819999694824219
32.8,uav_04,1,45.707559017574056,0.043187452233156384,7.819999694824219
32.9,uav_04,1,45.66113858376293,0.06475100759681246,7.819999694824219
33.0,uav_04,1,45.629946759831874,0.08746808780892054,7.819999694824219
33.1,uav_04,1,45.59917102419444,0.12231302526764458,7.819999694824219
33.2,uav_04,1,45.5687177353898,0.17030536691769305,7.819999694824219
33.3,uav_04,1,45.545921473356394,0.22067520084659403,7.819999694824219
33.4,uav_04,1,45.516977538847904,0.2841391512383268,7.819999694824219
33.5,uav_04,1,45.4924327486696,0.3606972184509443,7.819999694824219
33.6,uav_04,1,45.465237342306,0.4503494023059371,7.819999694824219
33.7,uav_04,1,45.44419155776117,0.5470668460315415,7.819999694824219
33.8,uav_04,1,45.423145773216355,0.6508175828569364,7.819999694824219
33.9,uav_04,1,45.40209998966573,0.7757001653932415,7.819999694824219
34.0,uav_04,1,45.38153663195315,0.8881081650882938,7.819999694824219
34.1,uav_04,1,45.36141959563915,1.0105855565003434,7.819999694824219
34.2,uav_04,1,45.33295872738314,1.146927424367579,7.819999694824219
34.3,uav_04,1,45.31167697665988,1.2952159073004375,7.819999694824219
34.4,uav_04,1,45.30079359282343,1.4449229920546502,7.819999694824219
34.5,uav_04,1,45.290770095584975,1.6165474735946086,7.819999694824219
34.6,uav_04,1,45.29065994977702,1.778505312556994,7.819999694824219
34.7,uav_04,1,45.29065994977702,1.9627601860691692,7.819999694824219
34.8,uav_04,1,45.29065994977702,2.1493460800163358,7.819999694824219
34.9,uav_04,1,45.29065994977702,2.354359741436638,7.819999694824219
35.0,uav_04,1,45.29211815838085,2.546506316442444,7.819999694824219
35.1,uav_04,1,45.30316932514919,2.7471084351962127,7.819999694824219
35.2,uav_04,1,45.32095180714459,2.955885701654575,7.819999694824219
35.3,uav_04,1,45.333244637972335,3.166157935168106,7.819999694824219
35.4,uav_04,1,45.36082863328634,3.3779399794439695,7.819999694824219
35.5,uav_04,1,45.38139228819129,3.600770698566725,7.819999694824219
35.6,uav_04,1,45.4102904270269,3.8317036096817114,7.819999694824219
35.7,uav_04,1,45.440454964674004,4.054497759953288,7.819999694824219
35.8,uav_04,1,45.47648484985338,4.286903912639201,7.819999694824219
35.9,uav_04,1,45.49557138522186,4.51715203553376,7.819999694824219
36.0,uav_04,1,45.51382058120859,4.73230402738878,7.81957054408177
36.1,uav_04,1,45.53955309262425,4.9392514024803305,7.810680471618288
36.2,uav_04,1,45.557365162608015,5.146198777571894,7.809999465942383
36.3,uav_04,1,45.5813694880033,5.345277017146821,7.809999465942383
36.4,uav_04,1,45.58976741862231,5.5490082836117205,7.809999465942383
36.5,uav_04,1,45.599181557834854,5.750547738051223,7.809999465942383
36.6,uav_04,1,45.612700620116456,5.947640476116947,7.809999465942383
36.7,uav_04,1,45.62127812387985,6.141786508183871,7.809999465942383
36.8,uav_04,1,45.629855628285426,6.32902460957388,7.809999465942383
36.9,uav_04,1,45.63843313168433,6.515777219566987,7.809999465942383
37.0,uav_04,1,45.64701063508324,6.693160683931185,7.809999465942383
37.1,uav_04,1,45.655779651398085,6.855845532024013,7.809999465942383
37.2,uav_04,1,45.65730781490164,7.027696204138744,7.809999465942383
37.3,uav_04,1,45.66393027360771,7.186513316096969,7.809999465942383
37.4,uav_04,1,45.67279221791042,7.332530056713237,7.809999465942383
37.5,uav_04,1,45.681671019609006,7.475341199485437,7.809999465942383
37.6,uav_04,1,45.6862536986296,7.603746534649904,7.809999465942383
37.7,uav_04,1,45.69343338591183,7.716356841133011,7.809999465942383
37.8,uav_04,1,45.70555095490529,7.825690744021815,7.809999465942383
37.9,uav_04,1,45.70555095490529,7.923206829774091,7.809999465942383
38.0,uav_04,1,45.70555095490529,8.005105234656998,7.809999465942383
38.1,uav_04,1,45.70555095490529,8.086492435190841,7.809999465942383
38.2,uav_04,1,45.70555095490529,8.160210549769173,7.809999465942383
38.3,uav_04,1,45.70555095490529,8.204307327842553,7.809999465942383
38.4,uav_04,1,45.70555095490529,8.258875779017607,7.809999465942383
38.5,uav_04,1,45.70555095490529,8.291762698689075,7.809999465942383
38.6,uav_04,1,45.70555095490529,8.291762698689075,7.809999465942383
38.7,uav_04,1,45.70555095490529,8.291762698689075,7.809999465942383
38.8,uav_04,1,45.70555095490529,8.291762698689075,7.809999465942383
38.9,uav_04,1,45.70555095490529,8.259973836536698,7.809999465942383
39.0,uav_04,1,45.68731791542526,8.227085240525838,7.809999465942383
39.1,uav_04,1,45.6862536986296,8.173493585512812,7.809999465942383
39.2,uav_04,1,45.676980101610425,8.127207514910758,7.809999465942383
39.3,uav_04,1,45.676451950717514,8.05809297419527,7.809999465942383
39.4,uav_04,1,45.666271545389385,7.998825106799896,7.809999465942383
39.5,uav_04,1,45.656160131526924,7.927804922983206,7.809999465942383
39.6,uav_04,1,45.64597401886544,7.845885630764931,7.809999465942383
39.7,uav_04,1,45.63578790741201,7.761412748984757,7.809999465942383
39.8,uav_04,1,45.62284166035123,7.667790700523065,7.809999465942383
39.9,uav_04,1,45.602469435996824,7.566591426134458,7.809999465942383
40.0,uav_04,1,45.58209721164242,7.449563865645563,7.809999465942383
40.1,uav_04,1,45.56182200661128,7.328125725166829,7.809999465942383
40.2,uav_04,1,45.54173843437441,7.201219376105896,7.809999465942383
40.3,uav_04,1,45.52680037643356,7.068925920785089,7.804739246755167
40.4,uav_04,1,45.5113603991503,6.92472452664552,7.799999237060547
40.5,uav_04,1,45.49134706712653,6.768615193722307,7.799999237060547
40.6,uav_04,1,45.47748312288413,6.607662911970488,7.799999237060547
40.7,uav_04,1,45.47398388233934,6.439234292878803,7.799999237060547
40.8,uav_04,1,45.45338749354967,6.258897734767107,7.799999237060547
40.9,uav_04,1,45.430590996678305,6.074952269616139,7.799999237060547
41.0,uav_04,1,45.41057766465454,5.882296425473356,7.799999237060547
41.1,uav_04,1,45.38504135214263,5.694391106234804,7.799999237060547
41.2,uav_04,1,45.36526771305147,5.515931781960651,7.799999237060547
41.3,uav_04,1,45.333423618357315,5.340377985425642,7.799999237060547
41.4,uav_04,1,45.29477421973203,5.160463281313425,7.799999237060547
41.5,uav_04,1,45.25829088765347,4.975632069854156,7.799999237060547
41.6,uav_04,1,45.21613883716902,4.790000855147274,7.799999237060547
41.7,uav_04,1,45.17369369223327,4.5949410811583915,7.799999237060547
41.8,uav_04,1,45.13124854729751,4.399881307506351,7.799999237060547
41.9,uav_04,1,45.08880340236176,4.204821533854319,7.799999237060547
42.0,uav_04,1,45.046358257426,4.002401518434691,7.799999237060547
42.1,uav_04,1,44.99866633584431,3.8036167419569686,7.799999237060547
42.2,uav_04,1,44.950872923434325,3.599294450619981,7.799999237060547
42.3,uav_04,1,44.90235259313752,3.3825858914381284,7.799999237060547
42.4,uav_04,1,44.85373514389829,3.158630486246202,7.799999237060547
42.5,uav_04,1,44.809447105650804,2.9277372442793865,7.799999237060547
42.6,uav_04,1,44.749640162024356,2.69684400239703,7.799999237060547
42.7,uav_04,1,44.70240970465661,2.465950760739615,7.799999237060547
42.8,uav_04,1,44.64864147325497,2.233860595660277,7.799999237060547
42.9,uav_04,1,44.60243826006212,1.9924722062342555,7.799999237060547
43.0,uav_04,1,44.54764278585673,1.7510838171595529,7.799999237060547
43.1,uav_04,1,44.501967755883754,1.509695428084866,7.799999237060547
43.2,uav_04,1,44.4476567799422,1.2683070386576563,7.799999237060547
43.3,uav_04,1,44.381292612315484,1.0139637963752761,7.799999237060547
43.4,uav_04,1,44.311281435005526,0.75997660111946,7.799999237060547
43.5,uav_04,1,44.241005992146604,0.48472678588905094,7.799999237060547
43.6,uav_04,1,44.16098355772143,0.20813342348305888,7.799999237060547
43.7,uav_04,1,44.08118614570124,-0.04718730024137964,7.799999237060547
43.8,uav_04,1,44.01144524530097,-0.33151064156215193,7.799999237060547
43.9,uav_04,1,43.93997968080839,-0.5981632055539409,7.799999237060547
44.0,uav_04,1,43.86124573213084,-0.8749825877181749,7.799999237060547
44.1,uav_04,1,43.79097028927192,-1.151801969962869,7.799999237060547
44.2,uav_04,1,43.723511468286546,-1.4291604265220177,7.799999237060547
44.3,uav_04,1,43.66547153289825,-1.70434542895805,7.799999237060547
44.4,uav_04,1,43.610458532302886,-1.969786630152561,7.799999237060547
44.5,uav_04,1,43.560698651309934,-2.2412631061172363,7.799999237060547
44.6,uav_04,1,43.50545864528912,-2.506443503512211,7.799999237060547
44.7,uav_04,1,43.45778301619394,-2.7803145623815677,7.799999237060547
44.8,uav_04,1,43.410107387098776,-3.0541856212508924,7.799999237060547
44.9,uav_04,1,43.3624317580036,-3.3280566800537144,7.801688886932482
45.0,uav_04,1,43.31323938796752,-3.6019277385958026,7.809999465942383
45.1,uav_04,1,43.257431870989834,-3.875798797465146,7.809999465942383
45.2,uav_04,1,43.20995814691033,-4.147074643575111,7.809999465942383
45.3,uav_04,1,43.163850096000914,-4.404180490076963,7.809999465942383
45.4,uav_04,1,43.118493163550546,-4.685012805485769,7.809999465942383
45.5,uav_04,1,43.07313623110018,-4.945564188928436,7.809999465942383
45.6,uav_04,1,43.01904005680968,-5.216156027840743,7.809999465942383
45.7,uav_04,1,42.972773737376016,-5.477752199799149,7.809999465942383
45.8,uav_04,1,42.927416804925656,-5.73830358324182,7.809999465942383
45.9,uav_04,1,42.882349439275416,-6.005175912374063,7.809999465942383
46.0,uav_04,1,42.837104966191625,-6.275477491324625,7.803418203657714
46.1,uav_04,1,42.79174803374126,-6.546450929987882,7.799999237060547
46.2,uav_04,1,42.74639110129089,-6.811455423476231,7.799999237060547
46.3,uav_04,1,42.70025530773343,-7.081965670529,7.799999237060547
46.4,uav_04,1,42.65750164282974,-7.359559176322003,7.799999237060547
46.5,uav_04,1,42.61470653793647,-7.634424461220002,7.799999237060547
46.6,uav_04,1,42.57129508699121,-7.9143876777088815,7.799999237060547
46.7,uav_04,1,42.528657756265844,-8.19023297727297,7.799999237060547
46.8,uav_04,1,42.48508853176082,-8.459020316358124,7.799999237060547
46.9,uav_04,1,42.4468095683307,-8.729059568579883,7.799999237060547
47.0,uav_04,1,42.404408898857206,-8.992930242377376,7.8042711396074065
47.1,uav_04,1,42.360603012492156,-9.252156148817578,7.809999465942383
47.2,uav_04,1,42.32628797997478,-9.505032210863511,7.809999465942383
47.3,uav_04,1,42.29039142200732,-9.750498878568315,7.809999465942383
47.4,uav_04,1,42.25430226150507,-9.979808892679255,7.809999465942383
47.5,uav_04,1,42.22759703770157,-10.193455476382988,7.809999465942383
47.6,uav_04,1,42.18656733934537,-10.397887831094994,7.809999465942383
47.7,uav_04,1,42.159196314466655,-10.613946874939566,7.809999465942383
47.8,uav_04,1,42.13182528871969,-10.810247890509766,7.809999465942383
47.9,uav_04,1,42.10445426409241,-10.987617482251833,7.809999465942383
48.0,uav_04,1,42.07728098080122,-11.155523640016943,7.809999465942383
48.1,uav_04,1,42.05918443516449,-11.33224714097774,7.809999465942383
48.2,uav_04,1,42.03223103336062,-11.48034664262658,7.809999465942383
48.3,uav_04,1,42.013047897960334,-11.617689439887393,7.809999465942383
48.4,uav_04,1,42.010126421302175,-11.73678457756694,7.809999465942383
48.5,uav_04,1,41.988428095814456,-11.86116039447725,7.809999465942383
48.6,uav_04,1,41.98118053757422,-11.964504372981745,7.809999465942383
48.7,uav_04,1,41.97486649927684,-12.045013368656964,7.809999465942383
0.0,uav_05,1,53.93583065982037,-11.960978545245677,7.730681454259858
0.1,uav_05,1,53.93583065982037,-11.960978545245677,7.739999771118164
0.2,uav_05,1,53.93583065982037,-11.960978545245677,7.739999771118164
0.3,uav_05,1,53.93583065982037,-11.960978545245677,7.739999771118164
0.4,uav_05,1,53.93583065982037,-11.960978545245677,7.739999771118164
0.5,uav_05,1,53.93583065982037,-11.960978545245677,7.739999771118164
0.6,uav_05,1,53.93583065982037,-11.960978545245677,7.748686121307187
0.7,uav_05,1,53.92776614874651,-11.951713281715296,7.75
0.8,uav_05,1,53.9261820323681,-11.932089869210877,7.75
0.9,uav_05,1,53.9261820323681,-11.927722812502187,7.75
1.0,uav_05,1,53.911951605954904,-11.903198950101125,7.75
1.1,uav_05,1,53.90020538394944,-11.871445351425402,7.75
1.2,uav_05,1,53.89102067970475,-11.839788616638348,7.75
1.3,uav_05,1,53.87606873618226,-11.78825405415301,7.75
1.4,uav_05,1,53.86298694877714,-11.743165319042898,7.755496570546815
1.5,uav_05,1,53.84409992104059,-11.694774657192575,7.760000228881836
1.6,uav_05,1,53.820913428785445,-11.631407092340616,7.760000228881836
1.7,uav_05,1,53.798593241031234,-11.56351853450534,7.760000228881836
1.8,uav_05,1,53.77101558680602,-11.485592699323709,7.760000228881836
1.9,uav_05,1,53.740415000655126,-11.401102612979498,7.760000228881836
2.0,uav_05,1,53.70364479575138,-11.313663483883323,7.760000228881836
2.1,uav_05,1,53.66412104410866,-11.217282887913282,7.760000228881836
2.2,uav_05,1,53.61736066383437,-11.109979826365134,7.760000228881836
2.3,uav_05,1,53.57404231452496,-10.985557946119167,7.760000228881836
2.4,uav_05,1,53.53019705198993,-10.861741433387701,7.760000228881836
2.5,uav_05,1,53.48845687435924,-10.722389399830652,7.760000228881836
2.6,uav_05,1,53.43634020079888,-10.578137606780762,7.760000228881836
2.7,uav_05,1,53.395909399379725,-10.42174571910157,7.760000228881836
2.8,uav_05,1,53.35029568819232,-10.253213736820028,7.760000228881836
2.9,uav_05,1,53.2997571861802,-10.079023694873719,7.765847807246084
3.0,uav_05,1,53.24921868416808,-9.897824192548551,7.770000457763672
3.1,uav_05,1,53.19577597947184,-9.71638535225472,7.770000457763672
3.2,uav_05,1,53.1420487131811,-9.54149247655754,7.770000457763672
3.3,uav_05,1,53.08919061789534,-9.36942892474226,7.770000457763672
3.4,uav_05,1,53.0327536909773,-9.193253677788617,7.770000457763672
3.5,uav_05,1,52.97108591304174,-9.007920904179542,7.770000457763672
3.6,uav_05,1,52.90751719495119,-8.817798559102933,7.770000457763672
3.7,uav_05,1,52.83810172971835,-8.631953265796673,7.770000457763672
3.8,uav_05,1,52.77621090248098,-8.420172952052868,7.770000457763672
3.9,uav_05,1,52.70573344251974,-8.237988014899585,7.770000457763672
4.0,uav_05,1,52.64344976845939,-8.036975505029348,7.770000457763672
4.1,uav_05,1,52.56707230853001,-7.826097869237058,7.770000457763672
4.2,uav_05,1,52.49103972815258,-7.611667535012668,7.770000457763672
4.3,uav_05,1,52.42105106396537,-7.382962249599213,7.770000457763672
4.4,uav_05,1,52.3391810808415,-7.140686062593865,7.770000457763672
4.5,uav_05,1,52.2587906891125,-6.895233635319941,7.770000457763672
4.6,uav_05,1,52.181102510923395,-6.657905264934936,7.770000457763672
4.7,uav_05,1,52.10341433337289,-6.407218284293982,7.770000457763672
4.8,uav_05,1,52.01853016516153,-6.15887635389199,7.770000457763672
4.9,uav_05,1,51.93838935018101,-5.905084817247009,7.770000457763672
5.0,uav_05,1,51.85338039359541,-5.648475461432078,7.770000457763672
5.1,uav_05,1,51.77336436698913,-5.383383627634705,7.770000457763672
5.2,uav_05,1,51.68896752673267,-5.134795195565618,7.770000457763672
5.3,uav_05,1,51.60349239785422,-4.886460181467733,7.770000457763672
5.4,uav_05,1,51.51779082104907,-4.6348351479965215,7.770000457763672
5.5,uav_05,1,51.43190651879906,-4.374654188415392,7.770000457763672
5.6,uav_05,1,51.346022216184885,-4.119426854934302,7.770000457763672
5.7,uav_05,1,51.26690619763225,-3.867265330645043,7.777015380919222
5.8,uav_05,1,51.183902239779954,-3.6151038060838547,7.780000686645508
5.9,uav_05,1,51.09801793716578,-3.3629422816726997,7.780000686645508
6.0,uav_05,1,51.01858413527444,-3.1181916937608807,7.780000686645508
6.1,uav_05,1,50.93589796076084,-2.8769937137519093,7.780000686645508
6.2,uav_05,1,50.85757223236981,-2.639965992374472,7.780000686645508
6.3,uav_05,1,50.78393509367247,-2.407312648305263,7.780000686645508
6.4,uav_05,1,50.71072672889292,-2.187806433065887,7.780000686645508
6.5,uav_05,1,50.64215286730462,-1.9722103814558818,7.780000686645508
6.6,uav_05,1,50.573958627928356,-1.7609310647209895,7.780000686645508
6.7,uav_05,1,50.504389601512294,-1.5611731377622133,7.780000686645508
6.8,uav_05,1,50.443474037720726,-1.3686342947964756,7.780000686645508
6.9,uav_05,1,50.38856776396484,-1.186865645019271,7.782741214765161
7.0,uav_05,1,50.3336614908286,-1.0050199041885488,7.790000915527344
7.1,uav_05,1,50.278755216931295,-0.8473162776231731,7.790000915527344
7.2,uav_05,1,50.22489005257531,-0.6905806367725507,7.790000915527344
7.3,uav_05,1,50.179070691635715,-0.5414038928259531,7.790000915527344
7.4,uav_05,1,50.140723931343594,-0.40207615375963957,7.790000915527344
7.5,uav_05,1,50.09463361523541,-0.2838222160341706,7.790000915527344
7.6,uav_05,1,50.06646824302966,-0.16492112275234316,7.790000915527344
7.7,uav_05,1,50.04760380130235,-0.06739158433365051,7.790000915527344
7.8,uav_05,1,50.01004515294745,0.008660305418428355,7.790000915527344
7.9,uav_05,1,49.99057766157206,0.07402641755259827,7.790000915527344
8.0,uav_05,1,49.97171322111155,0.13904610983172186,7.790000915527344
8.1,uav_05,1,49.961546660361805,0.1740869887319509,7.790000915527344
8.2,uav_05,1,49.95211444003324,0.1968525258311291,7.790000915527344
8.3,uav_05,1,49.950947286195365,0.19953439646092744,7.790000915527344
8.4,uav_05,1,49.95901234875706,0.18100260252789765,7.790000915527344
8.5,uav_05,1,49.96845555922057,0.1593041208451866,7.790000915527344
8.6,uav_05,1,49.98555299517173,0.12881174929001196,7.790000915527344
8.7,uav_05,1,49.99699060667879,0.08770614074365438,7.790000915527344
8.8,uav_05,1,50.01367720750632,0.035987294614806604,7.7975068270114605
8.9,uav_05,1,50.03960159957476,-0.018258909080853165,7.799999237060547
9.0,uav_05,1,50.05426612013028,-0.05680536076017359,7.799999237060547
9.1,uav_05,1,50.07033646624059,-0.11219470050453037,7.799999237060547
9.2,uav_05,1,50.08280116855947,-0.1551565379748198,7.799999237060547
9.3,uav_05,1,50.098346353671666,-0.18750724055636805,7.799999237060547
9.4,uav_05,1,50.10532533365858,-0.21964753233147397,7.799999237060547
9.5,uav_05,1,50.11081855592209,-0.24541238077040997,7.799999237060547
9.6,uav_05,1,50.114973962482,-0.2608295826140542,7.799999237060547
9.7,uav_05,1,50.11024572222515,-0.2606136187049018,7.799999237060547
9.8,uav_05,1,50.10532533365858,-0.24488263687742826,7.799999237060547
9.9,uav_05,1,50.0972380078271,-0.21885291648729627,7.799999237060547
10.0,uav_05,1,50.0823267036469,-0.18677694215325463,7.799999237060547
10.1,uav_05,1,50.06966127696016,-0.15084173580743584,7.799999237060547
10.2,uav_05,1,50.05406539574297,-0.10460779082125872,7.799999237060547
10.3,uav_05,1,50.041806076319304,-0.047115309172965386,7.799999237060547
10.4,uav_05,1,50.02508521098842,0.017526936885768715,7.799999237060547
10.5,uav_05,1,50.01147073687946,0.07961138650726104,7.799999237060547
10.6,uav_05,1,49.99522457947733,0.15838836201748957,7.804109600890782
10.7,uav_05,1,49.98069535783983,0.2512741042101204,7.809999465942383
10.8,uav_05,1,49.96536394839982,0.34976712768042884,7.809999465942383
10.9,uav_05,1,49.9552579466602,0.4603963425711703,7.809999465942383
11.0,uav_05,1,49.94515194477459,0.5898199771967556,7.803992939863202
11.1,uav_05,1,49.941298657371945,0.72914859034402,7.799999237060547
11.2,uav_05,1,49.941298657371945,0.8607680278989904,7.799999237060547
11.3,uav_05,1,49.941298657371945,0.9957886123415892,7.799999237060547
11.4,uav_05,1,49.941298657371945,1.1294326725889818,7.799999237060547
11.5,uav_05,1,49.941298657371945,1.2666261630262456,7.799999237060547
11.6,uav_05,1,49.937141504861806,1.4177325544403125,7.799999237060547
11.7,uav_05,1,49.93165002991967,1.575235516447663,7.799999237060547
11.8,uav_05,1,49.92688843947903,1.7314568805236836,7.799999237060547
11.9,uav_05,1,49.91081995470794,1.9033440521513867,7.799999237060547
12.0,uav_05,1,49.90133446045251,2.0760180354433913,7.799999237060547
12.1,uav_05,1,49.88373315652753,2.25801621722738,7.799999237060547
12.2,uav_05,1,49.87476937064556,2.4400143990113543,7.799999237060547
12.3,uav_05,1,49.85817917723681,2.6309619340892825,7.799999237060547
12.4,uav_05,1,49.846989118913434,2.8346474761785494,7.807743403023723
12.5,uav_05,1,49.84481237736465,3.0578449881143492,7.809999465942383
12.6,uav_05,1,49.8368886530027,3.2950421943908053,7.809999465942383
12.7,uav_05,1,49.83516374991238,3.5251176157515145,7.809999465942383
12.8,uav_05,1,49.83516374991238,3.762953702976558,7.809999465942383
12.9,uav_05,1,49.83516374991238,4.002452079333646,7.809999465942383
13.0,uav_05,1,49.83516374991238,4.241950455643015,7.809999465942383
13.1,uav_05,1,49.83516374991238,4.492149547889343,7.809999465942383
13.2,uav_05,1,49.84475572483275,4.732032452638551,7.809999465942383
13.3,uav_05,1,49.84502807369568,4.9716412890963015,7.809999465942383
13.4,uav_05,1,49.854461006188075,5.215733514554376,7.809999465942383
13.5,uav_05,1,49.854575889681584,5.445494704056902,7.809999465942383
13.6,uav_05,1,49.86410444503586,5.664440588492452,7.809999465942383
13.7,uav_05,1,49.86410963364034,5.894327805724297,7.809999465942383
13.8,uav_05,1,49.86410963364034,6.111631917822846,7.809999465942383
13.9,uav_05,1,49.873312450965415,6.3305159446803625,7.809999465942383
14.0,uav_05,1,49.87375826109261,6.528591617062725,7.809999465942383
14.1,uav_05,1,49.88272093549539,6.735940068807296,7.809999465942383
14.2,uav_05,1,49.88340688991603,6.923620247013807,7.809999465942383
14.3,uav_05,1,49.892129418849166,7.0997029928853825,7.809999465942383
14.4,uav_05,1,49.893055517368296,7.2686614155679,7.809999465942383
14.5,uav_05,1,49.90064941812823,7.416234851744795,7.809999465942383
14.6,uav_05,1,49.90959502652711,7.552203664600966,7.809999465942383
14.7,uav_05,1,49.91235277364399,7.678702621730982,7.809999465942383
14.8,uav_05,1,49.92332245771265,7.795731723050981,7.809999465942383
14.9,uav_05,1,49.93165002991967,7.897797164686431,7.809999465942383
15.0,uav_05,1,49.93165002991967,7.985609004823429,7.809999465942383
15.1,uav_05,1,49.93502581352812,8.067829404711885,7.809999465942383
15.2,uav_05,1,49.941298657371945,8.143908362049935,7.809999465942383
15.3,uav_05,1,49.94326840256954,8.201047608104375,7.809999465942383
15.4,uav_05,1,49.950947286195365,8.24077704700415,7.809999465942383
15.5,uav_05,1,49.951692833445215,8.271305318920673,7.809999465942383
15.6,uav_05,1,49.96059591364763,8.291762698689075,7.809999465942383
15.7,uav_05,1,49.96059591364763,8.291762698689075,7.809999465942383
15.8,uav_05,1,49.96961355460224,8.260681779000768,7.809999465942383
15.9,uav_05,1,49.97024454247106,8.229007538245405,7.809999465942383
16.0,uav_05,1,49.978277550392164,8.197564024231461,7.809999465942383
16.1,uav_05,1,49.97989316992332,8.139876875223134,7.809999465942383
16.2,uav_05,1,49.99409687974393,8.084687667352236,7.809999465942383
16.3,uav_05,1,50.00583343559504,8.031897265947181,7.809999465942383
16.4,uav_05,1,50.02120738330281,7.979106864690598,7.809999465942383
16.5,uav_05,1,50.04653785574278,7.9239696823408385,7.809999465942383
16.6,uav_05,1,50.083530936139425,7.865795670960802,7.809999465942383
16.7,uav_05,1,50.124663825153775,7.806724045214016,7.817510321888906
16.8,uav_05,1,50.18155946075333,7.756707276888124,7.819999694824219
16.9,uav_05,1,50.24325879402369,7.709449976038859,7.819999694824219
17.0,uav_05,1,50.31410868897911,7.67270569480846,7.819999694824219
17.1,uav_05,1,50.39601292759979,7.626177475291169,7.819858191612656
17.2,uav_05,1,50.489333049274336,7.590734499759153,7.809999465942383
17.3,uav_05,1,50.59216527034888,7.555291524227135,7.809999465942383
17.4,uav_05,1,50.6971850267042,7.524717992708776,7.809999465942383
17.5,uav_05,1,50.810153540981375,7.51011558263829,7.809999465942383
17.6,uav_05,1,50.921271695620725,7.478819858080243,7.809999465942383
17.7,uav_05,1,51.047369896368075,7.448110800929336,7.809999465942383
17.8,uav_05,1,51.156329445923575,7.4272469846808455,7.809999465942383
17.9,uav_05,1,51.29235479677112,7.416748407711247,7.809999465942383
18.0,uav_05,1,51.420100965583224,7.396604596169137,7.818760775601672
18.1,uav_05,1,51.56194705386346,7.384874211301142,7.819999694824219
18.2,uav_05,1,51.71421809358985,7.391085524637791,7.819999694824219
18.3,uav_05,1,51.84857685640498,7.3938579146149,7.819999694824219
18.4,uav_05,1,51.98789273204772,7.407870278891779,7.819999694824219
18.5,uav_05,1,52.13304802822698,7.435060207342991,7.819999694824219
18.6,uav_05,1,52.27312139354948,7.4662978160887254,7.819999694824219
18.7,uav_05,1,52.40466894839539,7.49752354947885,7.819999694824219
18.8,uav_05,1,52.53150412737335,7.528749282868973,7.819999694824219
18.9,uav_05,1,52.65833930635131,7.559975016259094,7.819999694824219
19.0,uav_05,1,52.78259412282926,7.591200749649219,7.819999694824219
19.1,uav_05,1,52.898378255659686,7.622426483039344,7.822063651961873
19.2,uav_05,1,53.00709412317116,7.655263444530472,7.829999923706055
19.3,uav_05,1,53.11499654563755,7.695028632556825,7.829999923706055
19.4,uav_05,1,53.2144282853453,7.716103683209712,7.829999923706055
19.5,uav_05,1,53.30502484139029,7.747329416599838,7.829999923706055
19.6,uav_05,1,53.3924735149814,7.780679558255561,7.829999923706055
19.7,uav_05,1,53.47352281661096,7.804418808416787,7.829999923706055
19.8,uav_05,1,53.544350551589076,7.838618008340801,7.829999923706055
19.9,uav_05,1,53.614121003871574,7.861867583198087,7.829999923706055
20.0,uav_05,1,53.6733035889138,7.885117157685531,7.829999923706055
20.1,uav_05,1,53.721898305428105,7.908366732254469,7.8279306470412795
20.2,uav_05,1,53.759844010091804,7.928759556746847,7.819999694824219
20.3,uav_05,1,53.790018682589604,7.943595883209432,7.819999694824219
20.4,uav_05,1,53.810398496085114,7.96302541454632,7.819999694824219
20.5,uav_05,1,53.810398496085114,7.974495208808051,7.819999694824219
20.6,uav_05,1,53.80301546458074,7.985617017393309,7.819999694824219
20.7,uav_05,1,53.783902619196425,7.996596327552135,7.819999694824219
20.8,uav_05,1,53.761282669200504,8.007575637567811,7.819999694824219
20.9,uav_05,1,53.73261340180307,8.014631592362067,7.819999694824219
21.0,uav_05,1,53.70394413393345,8.014631592362067,7.819999694824219
21.1,uav_05,1,53.675274865637036,8.010920105820594,7.819999694824219
21.2,uav_05,1,53.646605598239596,7.999940795923738,7.819999694824219
21.3,uav_05,1,53.61793633084216,7.985461867532144,7.819999694824219
21.4,uav_05,1,53.58926706302495,7.960109563322573,7.819999694824219
21.5,uav_05,1,53.56097128492222,7.927600733688679,7.819999694824219
21.6,uav_05,1,53.53588816445021,7.893786658313314,7.819999694824219
21.7,uav_05,1,53.5194981022649,7.851157222750646,7.819999694824219
21.8,uav_05,1,53.50845610003798,7.799126408208288,7.819999694824219
21.9,uav_05,1,53.47279287040326,7.737666539688202,7.819999694824219
22.0,uav_05,1,53.463804796840265,7.6762066711681225,7.819999694824219
22.1,uav_05,1,53.446730091734544,7.605373099886707,7.819999694824219
22.2,uav_05,1,53.428898476917176,7.533669919886107,7.819999694824219
22.3,uav_05,1,53.411066862099815,7.446587065260348,7.813062532988001
22.4,uav_05,1,53.39924494306384,7.35490661074881,7.809999465942383
22.5,uav_05,1,53.380065862523516,7.24529806910863,7.809999465942383
22.6,uav_05,1,53.35736219378477,7.130392551238656,7.809999465942383
22.7,uav_05,1,53.34291471044255,7.012418561204155,7.809999465942383
22.8,uav_05,1,53.33338702626495,6.881063051749831,7.809999465942383
22.9,uav_05,1,53.31975159041952,6.749707542295499,7.814256906574657
23.0,uav_05,1,53.30468303059239,6.604610781490603,7.819999694824219
23.1,uav_05,1,53.29515534661846,6.444857860048851,7.819999694824219
23.2,uav_05,1,53.28937258212613,6.287307252081033,7.819999694824219
23.3,uav_05,1,53.28937258212613,6.118949303383807,7.819999694824219
23.4,uav_05,1,53.29287561432255,5.943808624227653,7.819999694824219
23.5,uav_05,1,53.29902121094955,5.760896628570917,7.819999694824219
23.6,uav_05,1,53.30234492072435,5.566388079806414,7.819999694824219
23.7,uav_05,1,53.315517000891916,5.368121664723558,7.819999694824219
23.8,uav_05,1,53.331561582550975,5.15790098581204,7.819999694824219
23.9,uav_05,1,53.345146512155175,4.950506184251904,7.819999694824219
24.0,uav_05,1,53.37265818599158,4.731633430759589,7.819999694824219
24.1,uav_05,1,53.403721908517554,4.5060014702191715,7.819999694824219
24.2,uav_05,1,53.4276390939211,4.280369509911897,7.819999694824219
24.3,uav_05,1,53.45709769828839,4.049626097335109,7.819999694824219
24.4,uav_05,1,53.49117623241578,3.818020344729687,7.819999694824219
24.5,uav_05,1,53.52079351249402,3.587839491790497,7.819999694824219
24.6,uav_05,1,53.53986647020266,3.3577551613617915,7.819999694824219
24.7,uav_05,1,53.56248278405219,3.1404053882367506,7.819999694824219
24.8,uav_05,1,53.58606306660284,2.92794837970134,7.8237472786773585
24.9,uav_05,1,53.60116124114327,2.712714513092933,7.829999923706055
25.0,uav_05,1,53.612675910419036,2.504411697907472,7.829999923706055
25.1,uav_05,1,53.628940604998235,2.2961088826458522,7.829999923706055
25.2,uav_05,1,53.6380059726963,2.0892798463314946,7.829999923706055
25.3,uav_05,1,53.64777086310278,1.8913921716933522,7.829999923706055
25.4,uav_05,1,53.66578533774012,1.6936380696523672,7.829999923706055
25.5,uav_05,1,53.674850705255885,1.5061655358744779,7.829999923706055
25.6,uav_05,1,53.68391607277166,1.3285716114044877,7.829999923706055
25.7,uav_05,1,53.69305723233661,1.1593295137062984,7.829999923706055
25.8,uav_05,1,53.70225005778899,0.9903442964328004,7.829999923706055
25.9,uav_05,1,53.71145144581319,0.8459759398396864,7.829999923706055
26.0,uav_05,1,53.72065283316563,0.693059074544986,7.829999923706055
26.1,uav_05,1,53.736147597701006,0.5561791410870504,7.829999923706055
26.2,uav_05,1,53.74285809980578,0.4360387762691691,7.829999923706055
26.3,uav_05,1,53.74285809980578,0.3197532370433147,7.824404289159203
26.4,uav_05,1,53.7478097550955,0.21484554591304067,7.819999694824219
26.5,uav_05,1,53.75701114273837,0.13005301678467426,7.819999694824219
26.6,uav_05,1,53.76215535608147,0.056322787961663255,7.819999694824219
26.7,uav_05,1,53.7658642536016,-0.014481522565226758,7.819999694824219
26.8,uav_05,1,53.77180398353374,-0.07309624041926951,7.819999694824219
26.9,uav_05,1,53.77180398353374,-0.10933854909896666,7.819999694824219
27.0,uav_05,1,53.77180398353374,-0.12193768659484666,7.819999694824219
27.1,uav_05,1,53.77180398353374,-0.12193768659484666,7.819999694824219
27.2,uav_05,1,53.77180398353374,-0.11015731185251891,7.819999694824219
27.3,uav_05,1,53.77180398353374,-0.08099212406888907,7.819999694824219
27.4,uav_05,1,53.77180398353374,-0.046631879381947655,7.819999694824219
27.5,uav_05,1,53.77180398353374,-0.005276935262677161,7.819999694824219
27.6,uav_05,1,53.77821264698678,0.04789959427846809,7.819999694824219
27.7,uav_05,1,53.78775228718402,0.09546208450087615,7.819999694824219
27.8,uav_05,1,53.8026438480769,0.1373748931209412,7.819999694824219
27.9,uav_05,1,53.82064638089948,0.178740871868224,7.819999694824219
28.0,uav_05,1,53.84760207444718,0.22010685077376893,7.819999694824219
28.1,uav_05,1,53.883607139357366,0.26147282952302037,7.819999694824219
28.2,uav_05,1,53.92279406200398,0.2991831936888797,7.819999694824219
28.3,uav_05,1,53.967800393420866,0.3302076777761866,7.819999694824219
28.4,uav_05,1,54.01469385874628,0.3612321618634953,7.819999694824219
28.5,uav_05,1,54.071181001133624,0.39225664600140886,7.819999694824219
28.6,uav_05,1,54.14319113114482,0.422600514173256,7.819999694824219
28.7,uav_05,1,54.215201261156,0.44328350344232453,7.819999694824219
28.8,uav_05,1,54.30253024995634,0.46337509471861543,7.810994127912008
28.9,uav_05,1,54.38967260832567,0.48339854955221134,7.809999465942383
29.0,uav_05,1,54.48359704125762,0.5034140500048041,7.809999465942383
29.1,uav_05,1,54.58529439492143,0.5301837079243971,7.809999465942383
29.2,uav_05,1,54.69476466958628,0.5488536318055315,7.809999465942383
29.3,uav_05,1,54.80800473421114,0.5634605515244823,7.809999465942383
29.4,uav_05,1,54.924310074727906,0.5799543765216396,7.809999465942383
29.5,uav_05,1,55.04838833594338,0.5924063082897688,7.809999465942383
29.6,uav_05,1,55.18023951722433,0.6096884337618872,7.809999465942383
29.7,uav_05,1,55.319611904678986,0.6096884337618872,7.809999465942383
29.8,uav_05,1,55.458984292133636,0.6096884337618872,7.809999465942383
29.9,uav_05,1,55.61972462466523,0.6096884337618872,7.809999465942383
30.0,uav_05,1,55.79115316675445,0.6096884337618872,7.809999465942383
30.1,uav_05,1,55.9731645026567,0.5762446233871135,7.809999465942383
30.2,uav_05,1,56.15501213661207,0.5523065951195991,7.809999465942383
30.3,uav_05,1,56.327292993403034,0.517377361290292,7.809999465942383
30.4,uav_05,1,56.5011123220638,0.4824481274609859,7.809999465942383
30.5,uav_05,1,56.679479323868314,0.447518893631683,7.809999465942383
30.6,uav_05,1,56.84664511578624,0.4097064524756686,7.809999465942383
30.7,uav_05,1,57.0200748656548,0.36657518159396557,7.809999465942383
30.8,uav_05,1,57.169750944805905,0.3321828121229481,7.809999465942383
30.9,uav_05,1,57.31326753053188,0.29920576292680523,7.809999465942383
31.0,uav_05,1,57.45396329689198,0.2702949539871098,7.809999465942383
31.1,uav_05,1,57.587180945345274,0.24861972686981132,7.812859590503574
31.2,uav_05,1,57.70037801942824,0.22402168538323342,7.819999694824219
31.3,uav_05,1,57.811246606044655,0.19418402880089536,7.819999694824219
31.4,uav_05,1,57.91289764191634,0.17250880186974543,7.819999694824219
31.5,uav_05,1,58.00722853676208,0.15301349706651932,7.819999694824219
31.6,uav_05,1,58.09651381550422,0.14024359218280708,7.819999694824219
31.7,uav_05,1,58.16107910850499,0.1185683650127224,7.819999694824219
31.8,uav_05,1,58.217755729335956,0.09831521642199942,7.819999694824219
31.9,uav_05,1,58.27152462030959,0.08735690585337492,7.819999694824219
32.0,uav_05,1,58.29919725048563,0.0763405540934486,7.819999694824219
32.1,uav_05,1,58.31734118111254,0.06532420198677065,7.819999694824219
32.2,uav_05,1,58.32498297770293,0.05430784991982681,7.819999694824219
32.3,uav_05,1,58.31630778366911,0.04329149816724422,7.819999694824219
32.4,uav_05,1,58.313747267442466,0.033255732743487906,7.819999694824219
32.5,uav_05,1,58.28577481714146,0.033255732743487906,7.819999694824219
32.6,uav_05,1,58.26513033418309,0.033255732743487906,7.819999694824219
32.7,uav_05,1,58.22744929113793,0.03402964260912768,7.819999694824219
32.8,uav_05,1,58.19872243022071,0.04503100901393653,7.819999694824219
32.9,uav_05,1,58.17058030465103,0.05619066330481375,7.819999694824219
33.0,uav_05,1,58.14277190145371,0.07748992184740215,7.819999694824219
33.1,uav_05,1,58.115192168814936,0.10912269870186046,7.819999694824219
33.2,uav_05,1,58.08739631338475,0.1410571716048239,7.819999694824219
33.3,uav_05,1,58.0595879115047,0.18263868670797195,7.819999694824219
33.4,uav_05,1,58.031779508487055,0.23443421626521854,7.819999694824219
33.5,uav_05,1,58.0115970523968,0.2876823619320713,7.819999694824219
33.6,uav_05,1,57.98581133228699,0.3575820729046454,7.819999694824219
33.7,uav_05,1,57.97173817852881,0.43212947704700044,7.819999694824219
33.8,uav_05,1,57.94949178446125,0.5141314333952965,7.819999694824219
33.9,uav_05,1,57.92788689306604,0.6058603468869215,7.819999694824219
34.0,uav_05,1,57.90954257752488,0.7007008225923904,7.819999694824219
34.1,uav_05,1,57.89123129170185,0.8012215528754354,7.819999694824219
34.2,uav_05,1,57.868320248012495,0.9116947524866947,7.819999694824219
34.3,uav_05,1,57.84496009260352,1.0274021774147684,7.819999694824219
34.4,uav_05,1,57.82664880678049,1.147261458924478,7.819999694824219
34.5,uav_05,1,57.81145832369338,1.280658679100209,7.819999694824219
34.6,uav_05,1,57.79967486395784,1.4249035931524252,7.819999694824219
34.7,uav_05,1,57.78563324225784,1.564101426175353,7.819999694824219
34.8,uav_05,1,57.78399139553932,1.7151380352830365,7.819999694824219
34.9,uav_05,1,57.77598461480558,1.8842802731504453,7.819999694824219
35.0,uav_05,1,57.77598461480558,2.0610012626670917,7.819999694824219
35.1,uav_05,1,57.77717427760339,2.2527364171315565,7.819999694824219
35.2,uav_05,1,57.78691052471206,2.4526153337980565,7.819999694824219
35.3,uav_05,1,57.796587654818445,2.6431213806146663,7.819999694824219
35.4,uav_05,1,57.807738595932314,2.8463009800308465,7.819999694824219
35.5,uav_05,1,57.828734691852176,3.059065616149261,7.819999694824219
35.6,uav_05,1,57.85477421449053,3.2736691433480556,7.819999694824219
35.7,uav_05,1,57.86791878536291,3.4976319180066513,7.819999694824219
35.8,uav_05,1,57.89715946126514,3.7236593730453107,7.819999694824219
35.9,uav_05,1,57.92618667309874,3.957103563476428,7.819999694824219
36.0,uav_05,1,57.95422689353943,4.180861130054333,7.819999694824219
36.1,uav_05,1,57.98175074519389,4.39287866058965,7.819999694824219
36.2,uav_05,1,58.008700294350476,4.614232446470265,7.819999694824219
36.3,uav_05,1,58.027149820617865,4.835471006995237,7.819895747327948
36.4,uav_05,1,58.05467367342713,5.0462841362581665,7.810386802382569
36.5,uav_05,1,58.06459572616181,5.26720856003303,7.809999465942383
36.6,uav_05,1,58.082097232147284,5.488562345890204,7.809999465942383
36.7,uav_05,1,58.09259358845303,5.700894013125766,7.809999465942383
36.8,uav_05,1,58.10176820623552,5.911707142462,7.809999465942383
36.9,uav_05,1,58.11094282329197,6.122520271724968,7.809999465942383
37.0,uav_05,1,58.120381126623954,6.331701032873028,7.809999465942383
37.1,uav_05,1,58.13009375877478,6.543717821470087,7.809999465942383
37.2,uav_05,1,58.13987885829291,6.74147325106099,7.809999465942383
37.3,uav_05,1,58.14966395881028,6.9245094448491376,7.809999465942383
37.4,uav_05,1,58.159389819433244,7.103293068971815,7.809999465942383
37.5,uav_05,1,58.169153754016286,7.274476941029489,7.809999465942383
37.6,uav_05,1,58.178938853878975,7.4431074825512455,7.809999465942383
37.7,uav_05,1,58.18122699111043,7.585898392951654,7.809999465942383
37.8,uav_05,1,58.196493860900304,7.712032823837775,7.809999465942383
37.9,uav_05,1,58.20052424738612,7.826768426951,7.809999465942383
38.0,uav_05,1,58.20052424738612,7.925674993534002,7.809999465942383
38.1,uav_05,1,58.20052424738612,8.011186680870573,7.809999465942383
38.2,uav_05,1,58.20052424738612,8.093577902773346,7.809999465942383
38.3,uav_05,1,58.20052424738612,8.16334785222073,7.809999465942383
38.4,uav_05,1,58.20052424738612,8.214092679320935,7.809999465942383
38.5,uav_05,1,58.20052424738612,8.25055033715201,7.809999465942383
38.6,uav_05,1,58.20052424738612,8.27749543364052,7.809999465942383
38.7,uav_05,1,58.20052424738612,8.291762698689075,7.809999465942383
38.8,uav_05,1,58.20052424738612,8.287004841390447,7.809999465942383
38.9,uav_05,1,58.20052424738612,8.267999623151388,7.809999465942383
39.0,uav_05,1,58.20052424738612,8.25601509045349,7.809999465942383
39.1,uav_05,1,58.20052424738612,8.223440783978074,7.809999465942383
39.2,uav_05,1,58.20052424738612,8.169514546383336,7.809999465942383
39.3,uav_05,1,58.20052424738612,8.126311462936789,7.809999465942383
39.4,uav_05,1,58.18208230188244,8.061920551937732,7.809999465942383
39.5,uav_05,1,58.18122699111043,8.007851377436404,7.809999465942383
39.6,uav_05,1,58.172581637152724,7.943950808220432,7.809999465942383
39.7,uav_05,1,58.16318061496216,7.869498066880954,7.809999465942383
39.8,uav_05,1,58.15377959378722,7.793892670996485,7.809999465942383
39.9,uav_05,1,58.13647603707458,7.709208105563259,7.809999465942383
40.0,uav_05,1,58.11767399374426,7.622801938741436,7.809999465942383
40.1,uav_05,1,58.09839764904382,7.516650718167191,7.809999465942383
40.2,uav_05,1,58.08654137341801,7.403460360469916,7.809999465942383
40.3,uav_05,1,58.06046908461591,7.299116140903831,7.809999465942383
40.4,uav_05,1,58.03912858934913,7.1585452317711,7.809999465942383
40.5,uav_05,1,58.01077048469279,7.020666584769209,7.801111267711924
40.6,uav_05,1,57.98991514270953,6.874168063265915,7.799999237060547
40.7,uav_05,1,57.970132733115854,6.726436857193595,7.799999237060547
40.8,uav_05,1,57.95035032352219,6.557328364061396,7.799999237060547
40.9,uav_05,1,57.93056791392851,6.386869279860375,7.799999237060547
41.0,uav_05,1,57.91079888545724,6.216219292538014,7.799999237060547
41.1,uav_05,1,57.891962203894686,6.032267912610745,7.799999237060547
41.2,uav_05,1,57.86456156925488,5.853247271327301,7.799999237060547
41.3,uav_05,1,57.82848830224208,5.684139469915599,7.799999237060547
41.4,uav_05,1,57.791835266460616,5.487786125072149,7.799999237060547
41.5,uav_05,1,57.75518223052781,5.296507835252551,7.799999237060547
41.6,uav_05,1,57.711696331310186,5.100108121658031,7.799999237060547
41.7,uav_05,1,57.66598754322531,4.900552941045401,7.799999237060547
41.8,uav_05,1,57.614095009158014,4.6935474585957095,7.799999237060547
41.9,uav_05,1,57.55911545576646,4.489418635227404,7.799999237060547
42.0,uav_05,1,57.50413590259277,4.283528427615524,7.799999237060547
42.1,uav_05,1,57.44878753552408,4.066185203518235,7.799999237060547
42.2,uav_05,1,57.38851649750939,3.846331261062414,7.799999237060547
42.3,uav_05,1,57.3270637677087,3.626602121612551,7.799999237060547
42.4,uav_05,1,57.26713259491307,3.4051248758295403,7.799999237060547
42.5,uav_05,1,57.20510154155028,3.178051893284997,7.799999237060547
42.6,uav_05,1,57.148944742254535,2.938076080591423,7.799999237060547
42.7,uav_05,1,57.08988105405913,2.7089227754811662,7.799999237060547
42.8,uav_05,1,57.026982516219405,2.4723561481382346,7.799999237060547
42.9,uav_05,1,56.96849715009164,2.2331142459819415,7.799999237060547
43.0,uav_05,1,56.9050202895571,1.9881376486061284,7.799999237060547
43.1,uav_05,1,56.847187364761844,1.7518386444850158,7.799999237060547
43.2,uav_05,1,56.78210164443504,1.5136350369061566,7.799999237060547
43.3,uav_05,1,56.71720998749532,1.2603448594793323,7.799999237060547
43.4,uav_05,1,56.65168612593692,1.0253072382446768,7.799999237060547
43.5,uav_05,1,56.57727041951254,0.7806370443982193,7.799999237060547
43.6,uav_05,1,56.49383828897327,0.5463257588502953,7.799999237060547
43.7,uav_05,1,56.419551817871096,0.2909997011678677,7.799999237060547
43.8,uav_05,1,56.33727476751503,0.04737468129075806,7.799999237060547
43.9,uav_05,1,56.25391417328353,-0.19737708207682975,7.799999237060547
44.0,uav_05,1,56.17841212284629,-0.4514496957258515,7.799999237060547
44.1,uav_05,1,56.11180191742939,-0.707062007095059,7.799999237060547
44.2,uav_05,1,56.0304650970576,-0.952085248609307,7.799999237060547
44.3,uav_05,1,55.95049235877374,-1.2234327074055047,7.799999237060547
44.4,uav_05,1,55.879993675036644,-1.495064332044754,7.799999237060547
44.5,uav_05,1,55.81166945331412,-1.764197731631425,7.799999237060547
44.6,uav_05,1,55.75115532219878,-2.0423040927540015,7.799999237060547
44.7,uav_05,1,55.692591704110804,-2.3135497751838776,7.799999237060547
44.8,uav_05,1,55.62599404442225,-2.58268317477051,7.799999237060547
44.9,uav_05,1,55.57396185541065,-2.8705343815153226,7.799999237060547
45.0,uav_05,1,55.50864285725289,-3.1431204626452995,7.808558153740056
45.1,uav_05,1,55.440318635530375,-3.4218700604986756,7.809999465942383
45.2,uav_05,1,55.389234023165386,-3.7006334515251798,7.809999465942383
45.3,uav_05,1,55.32402079563369,-3.978242558756248,7.809999465942383
45.4,uav_05,1,55.2733070412435,-4.246005232170458,7.809999465942383
45.5,uav_05,1,55.20806860143207,-4.531839853641251,7.809999465942383
45.6,uav_05,1,55.140443876193395,-4.810673930675106,7.809999465942383
45.7,uav_05,1,55.08131077796527,-5.088151054779354,7.809999465942383
45.8,uav_05,1,55.023346727336765,-5.375397992071474,7.809999465942383
45.9,uav_05,1,54.965804944871046,-5.652169130829445,7.809999465942383
46.0,uav_05,1,54.89945369697354,-5.929358245191235,7.809999465942383
46.1,uav_05,1,54.84028838028374,-6.216554327582428,7.801231791771937
46.2,uav_05,1,54.78546351341824,-6.489501996980083,7.799999237060547
46.3,uav_05,1,54.74685056675962,-6.73613950655749,7.799999237060547
46.4,uav_05,1,54.69328888348224,-6.991447275913416,7.799999237060547
46.5,uav_05,1,54.642671372325715,-7.252605084005636,7.799999237060547
46.6,uav_05,1,54.590187102948995,-7.5036867212053,7.799999237060547
46.7,uav_05,1,54.535946232970055,-7.752750211571652,7.799999237060547
46.8,uav_05,1,54.48965880674005,-8.010951360403036,7.799999237060547
46.9,uav_05,1,54.43886972106666,-8.26014869147397,7.799999237060547
47.0,uav_05,1,54.39439397448484,-8.502092670098786,7.799999237060547
47.1,uav_05,1,54.34193724513383,-8.753205947136228,7.799999237060547
47.2,uav_05,1,54.298079268994414,-8.98456112293396,7.799999237060547
47.3,uav_05,1,54.25448758723377,-9.214939205782283,7.799999237060547
47.4,uav_05,1,54.21097453668255,-9.452625101056501,7.806966650484853
47.5,uav_05,1,54.17325248270724,-9.679220930197257,7.809999465942383
47.6,uav_05,1,54.13363348961546,-9.89909301325108,7.809999465942383
47.7,uav_05,1,54.09013865235578,-10.110064705789693,7.809999465942383
47.8,uav_05,1,54.04956761689604,-10.309948417430855,7.809999465942383
47.9,uav_05,1,54.01477174659381,-10.507564051240545,7.809999465942383
48.0,uav_05,1,53.981000357247495,-10.697453577530434,7.809999465942383
48.1,uav_05,1,53.95490531018815,-10.887159105583088,7.809999465942383
48.2,uav_05,1,53.92902408495651,-11.055656118684489,7.809999465942383
48.3,uav_05,1,53.895207143969685,-11.21650637259362,7.809999465942383
48.4,uav_05,1,53.864307005018325,-11.385257054097425,7.809999465942383
48.5,uav_05,1,53.84106144168461,-11.559185950487842,7.809999465942383
48.6,uav_05,1,53.809707184641724,-11.710386264652824,7.809999465942383
48.7,uav_05,1,53.78800155505111,-11.84398104603862,7.809999465942383
0.0,uav_06,1,65.93872392344132,-11.960978545245677,7.731345044075429
0.1,uav_06,1,65.93872392344132,-11.960978545245677,7.739999771118164
0.2,uav_06,1,65.93872392344132,-11.960978545245677,7.739999771118164
0.3,uav_06,1,65.93869467163766,-11.960978545245677,7.739999771118164
0.4,uav_06,1,65.9291777916,-11.960978545245677,7.739999771118164
0.5,uav_06,1,65.92907529598905,-11.960978545245677,7.739999771118164
0.6,uav_06,1,65.92907529598905,-11.960978545245677,7.74962067266165
0.7,uav_06,1,65.92907529598905,-11.95046514860182,7.75
0.8,uav_06,1,65.92907529598905,-11.929169235416666,7.75
0.9,uav_06,1,65.92018789995778,-11.917512143328006,7.75
1.0,uav_06,1,65.91067101981194,-11.89651895760177,7.75
1.1,uav_06,1,65.9012254104592,-11.855162848552716,7.75
1.2,uav_06,1,65.89199423892651,-11.82208676688851,7.75
1.3,uav_06,1,65.87539403264178,-11.7735377026229,7.75
1.4,uav_06,1,65.85733828273104,-11.721677377376475,7.757174885965984
1.5,uav_06,1,65.83298066423508,-11.66981705187283,7.760000228881836
1.6,uav_06,1,65.81157815545728,-11.604902734662032,7.760000228881836
1.7,uav_06,1,65.78846204323807,-11.532298279184191,7.760000228881836
1.8,uav_06,1,65.75693880921243,-11.459693823544407,7.760000228881836
1.9,uav_06,1,65.7246461659654,-11.378314451095386,7.760000228881836
2.0,uav_06,1,65.69116633549955,-11.284965865430731,7.760000228881836
2.1,uav_06,1,65.64602696136417,-11.191617279766081,7.760000228881836
2.2,uav_06,1,65.59990040496733,-11.093752438953715,7.760000228881836
2.3,uav_06,1,65.54944893740564,-10.974843549968258,7.760000228881836
2.4,uav_06,1,65.50017754130155,-10.837433070791333,7.760000228881836
2.5,uav_06,1,65.45355139836774,-10.691919528155786,7.760000228881836
2.6,uav_06,1,65.40077831512266,-10.540301151647377,7.760000228881836
2.7,uav_06,1,65.35422488480893,-10.36837004418849,7.760000228881836
2.8,uav_06,1,65.30488077608477,-10.186478115894065,7.760000228881836
2.9,uav_06,1,65.25210769283969,-10.01381367442487,7.760000228881836
3.0,uav_06,1,65.19039698960276,-9.823511132541606,7.769263539473725
3.1,uav_06,1,65.12761319382015,-9.619954333971144,7.770000457763672
3.2,uav_06,1,65.06996839273451,-9.432309110681139,7.770000457763672
3.3,uav_06,1,65.01520454065555,-9.254041941746049,7.770000457763672
3.4,uav_06,1,64.95177153032179,-9.065814835541703,7.770000457763672
3.5,uav_06,1,64.87158469190436,-8.867700365343486,7.770000457763672
3.6,uav_06,1,64.79706543218587,-8.668460588035396,7.770000457763672
3.7,uav_06,1,64.73115216172334,-8.469220810727313,7.770000457763672
3.8,uav_06,1,64.65409323875694,-8.269981033687968,7.770000457763672
3.9,uav_06,1,64.5780100212018,-8.063776020198791,7.770000457763672
4.0,uav_06,1,64.51053279312488,-7.847683642816818,7.770000457763672
4.1,uav_06,1,64.43158186302026,-7.633238613429253,7.770000457763672
4.2,uav_06,1,64.34976367234484,-7.419724439299609,7.770000457763672
4.3,uav_06,1,64.27411935824736,-7.202981560781958,7.770000457763672
4.4,uav_06,1,64.19668258765176,-6.980092844529504,7.770000457763672
4.5,uav_06,1,64.12511817436642,-6.749156725685876,7.770000457763672
4.6,uav_06,1,64.05021968080065,-6.531414300627998,7.770000457763672
4.7,uav_06,1,63.96269209325187,-6.305309642819989,7.770000457763672
4.8,uav_06,1,63.89086679194804,-6.078905252844984,7.770000457763672
4.9,uav_06,1,63.81035682852997,-5.842523110840106,7.770000457763672
5.0,uav_06,1,63.72984686390349,-5.606140968835246,7.770000457763672
5.1,uav_06,1,63.64933689921417,-5.369758826512004,7.770000457763672
5.2,uav_06,1,63.561729724894306,-5.141530621430326,7.770000457763672
5.3,uav_06,1,63.47567210241324,-4.891553982108817,7.770000457763672
5.4,uav_06,1,63.395113859660675,-4.631758196823987,7.770000457763672
5.5,uav_06,1,63.29550801327424,-4.371830222087993,7.770000457763672
5.6,uav_06,1,63.20878220432176,-4.111902247527233,7.770000457763672
5.7,uav_06,1,63.11539541464686,-3.8519742730757716,7.7776151365873565
5.8,uav_06,1,63.0245642423165,-3.5920462983167645,7.780000686645508
5.9,uav_06,1,62.92831182860043,-3.3321183237790186,7.780000686645508
6.0,uav_06,1,62.83785662159711,-3.08127912949464,7.780000686645508
6.1,uav_06,1,62.757426008524014,-2.8326523710618208,7.780000686645508
6.2,uav_06,1,62.67044625715341,-2.584025612629012,7.780000686645508
6.3,uav_06,1,62.59500379250143,-2.3590451798477705,7.780000686645508
6.4,uav_06,1,62.51676623570481,-2.144617640345901,7.780000686645508
6.5,uav_06,1,62.449993048718625,-1.9317837566262397,7.780000686645508
6.6,uav_06,1,62.38275968951467,-1.7315485315694477,7.780000686645508
6.7,uav_06,1,62.316843610495525,-1.5443335734453927,7.780000686645508
6.8,uav_06,1,62.25509320511011,-1.3619045302571147,7.780000686645508
6.9,uav_06,1,62.19334279972469,-1.1794754870688309,7.783111593367989
7.0,uav_06,1,62.133766782134224,-1.004540863138324,7.790000915527344
7.1,uav_06,1,62.08083786288663,-0.8525166604814245,7.790000915527344
7.2,uav_06,1,62.02842904948435,-0.7016875477064833,7.790000915527344
7.3,uav_06,1,61.98432161724528,-0.5699332386171492,7.790000915527344
7.4,uav_06,1,61.93686028264861,-0.42816041226415985,7.790000915527344
7.5,uav_06,1,61.896890532621946,-0.2914622667527605,7.790000915527344
7.6,uav_06,1,61.84743128321478,-0.1653330402787187,7.790000915527344
7.7,uav_06,1,61.817498842000916,-0.06313126567591983,7.790000915527344
7.8,uav_06,1,61.78906471465295,0.01624945699100734,7.790000915527344
7.9,uav_06,1,61.776931214656884,0.08378930243887067,7.790000915527344
8.0,uav_06,1,61.749812498353165,0.1378719357729464,7.790000915527344
8.1,uav_06,1,61.74157073215489,0.1682728150895602,7.790000915527344
8.2,uav_06,1,61.74157073215489,0.17736390809654448,7.790000915527344
8.3,uav_06,1,61.743882733264535,0.17470766566311188,7.790000915527344
8.4,uav_06,1,61.753476596802734,0.158498693800734,7.790000915527344
8.5,uav_06,1,61.764991094177226,0.1259174181059676,7.790000915527344
8.6,uav_06,1,61.782031114335524,0.09119245711272561,7.790000915527344
8.7,uav_06,1,61.79315424545923,0.04583188984635839,7.791731634434952
8.8,uav_06,1,61.81206013551194,-0.008470236182973068,7.799999237060547
8.9,uav_06,1,61.830966025564656,-0.06130313402273754,7.799999237060547
9.0,uav_06,1,61.84987191561737,-0.10598924425635765,7.799999237060547
9.1,uav_06,1,61.867890351402636,-0.1592717801179536,7.799999237060547
9.2,uav_06,1,61.87803506689938,-0.2019187099878639,7.799999237060547
9.3,uav_06,1,61.89643770968082,-0.23447531002189984,7.799999237060547
9.4,uav_06,1,61.90559740844152,-0.2664031947553881,7.799999237060547
9.5,uav_06,1,61.90559740844152,-0.2876311578892976,7.799999237060547
9.6,uav_06,1,61.90559740844152,-0.29845243514415987,7.799999237060547
9.7,uav_06,1,61.90559740844152,-0.28954384881268563,7.799999237060547
9.8,uav_06,1,61.89751442766041,-0.2696433841320127,7.799999237060547
9.9,uav_06,1,61.895948780989244,-0.2572306413164128,7.799999237060547
10.0,uav_06,1,61.874160967381606,-0.21324082812225859,7.799999237060547
10.1,uav_06,1,61.860150480390274,-0.1759163105877959,7.799999237060547
10.2,uav_06,1,61.85091204083526,-0.12187006767933722,7.799999237060547
10.3,uav_06,1,61.829609522204464,-0.07204651792843147,7.799999237060547
10.4,uav_06,1,61.80727931646681,-0.015856816497897025,7.805948633903941
10.5,uav_06,1,61.7882780270796,0.049634545861084636,7.809999465942383
10.6,uav_06,1,61.78016524470627,0.1280757747288921,7.809999465942383
10.7,uav_06,1,61.76398911461804,0.2158377248765068,7.809999465942383
10.8,uav_06,1,61.74592741384221,0.30967955728704,7.809999465942383
10.9,uav_06,1,61.73118703209545,0.4084117515611748,7.809999465942383
11.0,uav_06,1,61.71718172294164,0.5188437082653048,7.809999465942383
11.1,uav_06,1,61.70763319221262,0.6452512706364089,7.804825910958578
11.2,uav_06,1,61.70297622097466,0.7712743156477868,7.799999237060547
11.3,uav_06,1,61.70297622097466,0.9029567570303098,7.799999237060547
11.4,uav_06,1,61.70297622097466,1.041819980609156,7.799999237060547
11.5,uav_06,1,61.70297622097466,1.179330744343211,7.799999237060547
11.6,uav_06,1,61.70297622097466,1.3267798583885972,7.799999237060547
11.7,uav_06,1,61.70297622097466,1.4853599656965801,7.799999237060547
11.8,uav_06,1,61.701999902976574,1.6363926225327268,7.799999237060547
11.9,uav_06,1,61.69314577864746,1.7975850852340332,7.799999237060547
12.0,uav_06,1,61.67561934472543,1.9687411068175604,7.799999237060547
12.1,uav_06,1,61.666061623905684,2.139897128726353,7.799999237060547
12.2,uav_06,1,61.65021510570479,2.335467022856423,7.799999237060547
12.3,uav_06,1,61.63888656240557,2.5154649047054667,7.799999237060547
12.4,uav_06,1,61.63012334531226,2.698827869534088,7.799999237060547
12.5,uav_06,1,61.62096160531094,2.9043633323983546,7.805000674864884
12.6,uav_06,1,61.61113988437354,3.1300455202943445,7.809999465942383
12.7,uav_06,1,61.60104316173298,3.3620466618774887,7.809999465942383
12.8,uav_06,1,61.596841312143944,3.600820383432046,7.809999465942383
12.9,uav_06,1,61.596841312143944,3.8444215824974903,7.809999465942383
13.0,uav_06,1,61.596841312143944,4.0880227814389585,7.809999465942383
13.1,uav_06,1,61.60408046811717,4.3316239802455065,7.809999465942383
13.2,uav_06,1,61.60648993959622,4.584057010400633,7.809999465942383
13.3,uav_06,1,61.61462528578053,4.829911622237703,7.809999465942383
13.4,uav_06,1,61.616138568419636,5.073512821044238,7.809999465942383
13.5,uav_06,1,61.62487937399497,5.320141936066376,7.809999465942383
13.6,uav_06,1,61.62578719587191,5.552998186078483,7.809999465942383
13.7,uav_06,1,61.6344302723941,5.7744772981010914,7.809999465942383
13.8,uav_06,1,61.63543582469533,6.003019140013134,7.809999465942383
13.9,uav_06,1,61.643884012333835,6.2147881427156975,7.809999465942383
14.0,uav_06,1,61.64508445214759,6.443438872138402,7.809999465942383
14.1,uav_06,1,61.66175186375558,6.646124339910726,7.809999465942383
14.2,uav_06,1,61.66438170842328,6.8349662086019665,7.809999465942383
14.3,uav_06,1,61.66438170842328,7.022297372147883,7.809999465942383
14.4,uav_06,1,61.66438170842328,7.200251289007757,7.809999465942383
14.5,uav_06,1,61.67206211909176,7.351114872876907,7.809999465942383
14.6,uav_06,1,61.680935024813536,7.501763924952257,7.809999465942383
14.7,uav_06,1,61.68974814070898,7.632725367948366,7.809999465942383
14.8,uav_06,1,61.69332759215124,7.7482164070549855,7.809999465942383
14.9,uav_06,1,61.697725744892736,7.854542030281094,7.809999465942383
15.0,uav_06,1,61.70653886114438,7.947609144002565,7.809999465942383
15.1,uav_06,1,61.712624848426934,8.02861178492834,7.809999465942383
15.2,uav_06,1,61.714516464703124,8.105267894780624,7.809999465942383
15.3,uav_06,1,61.7222734758792,8.166019875378586,7.809999465942383
15.4,uav_06,1,61.72249406829321,8.226011544589317,7.809999465942383
15.5,uav_06,1,61.73130718505112,8.256387534888296,7.809999465942383
15.6,uav_06,1,61.73192210470261,8.26798501127623,7.809999465942383
15.7,uav_06,1,61.73941917241611,8.26959221032469,7.809999465942383
15.8,uav_06,1,61.74157073215489,8.261837680286062,7.809999465942383
15.9,uav_06,1,61.74757279419964,8.237819780758652,7.809999465942383
16.0,uav_06,1,61.751219360978304,8.189329023879493,7.809999465942383
16.1,uav_06,1,61.75564601041966,8.133311026485634,7.809999465942383
16.2,uav_06,1,61.76822628131443,8.082178812973181,7.809999465942383
16.3,uav_06,1,61.78309688762594,8.027678454171712,7.809999465942383
16.4,uav_06,1,61.79636629175578,7.968829141625852,7.809999465942383
16.5,uav_06,1,61.823069666655755,7.917696928204932,7.809999465942383
16.6,uav_06,1,61.85151469918963,7.866147215496974,7.809999465942383
16.7,uav_06,1,61.900017393953625,7.81042279370124,7.811053684746707
16.8,uav_06,1,61.94576450877994,7.760012902685692,7.819999694824219
16.9,uav_06,1,62.0114978242939,7.702815094030411,7.819999694824219
17.0,uav_06,1,62.08500956591422,7.654553866333604,7.819999694824219
17.1,uav_06,1,62.16295065783324,7.611381490054037,7.815408936500917
17.2,uav_06,1,62.26281127643318,7.575185569279118,7.809999465942383
17.3,uav_06,1,62.36605882937802,7.531940671811336,7.809999465942383
17.4,uav_06,1,62.467562424106326,7.491708483350168,7.809999465942383
17.5,uav_06,1,62.58826229339479,7.464521664645607,7.809999465942383
17.6,uav_06,1,62.713881979194724,7.432813246898916,7.809999465942383
17.7,uav_06,1,62.83476129941618,7.418330633578145,7.809999465942383
17.8,uav_06,1,62.961898839463736,7.391141587509075,7.809999465942383
17.9,uav_06,1,63.09783652349915,7.367156277053781,7.809999465942383
18.0,uav_06,1,63.236202317165215,7.353281393666971,7.816603700827621
18.1,uav_06,1,63.38562805659145,7.349516937492308,7.819999694824219
18.2,uav_06,1,63.53646822871046,7.349516937492308,7.819999694824219
18.3,uav_06,1,63.68907731333924,7.349516937492308,7.819999694824219
18.4,uav_06,1,63.855081204808414,7.365353268505412,7.819999694824219
18.5,uav_06,1,64.01783328198164,7.38756403877741,7.819999694824219
18.6,uav_06,1,64.16866668909871,7.406667823001574,7.819999694824219
18.7,uav_06,1,64.32398610279925,7.438158194134099,7.819999694824219
18.8,uav_06,1,64.47883251942456,7.475674858326847,7.819999694824219
18.9,uav_06,1,64.6315545651153,7.523117628347499,7.819999694824219
19.0,uav_06,1,64.77729236930578,7.55451210127201,7.819999694824219
19.1,uav_06,1,64.92303017257542,7.585906574196523,7.82108209162893
19.2,uav_06,1,65.06775932650584,7.617301047121032,7.829999923706055
19.3,uav_06,1,65.19527990520771,7.648695520045538,7.829999923706055
19.4,uav_06,1,65.33187340608342,7.68008999297005,7.829999923706055
19.5,uav_06,1,65.45996969006373,7.71148446589456,7.829999923706055
19.6,uav_06,1,65.57150448425244,7.742878938819069,7.829999923706055
19.7,uav_06,1,65.6838854978227,7.766300168474329,7.829999923706055
19.8,uav_06,1,65.79114833521015,7.797073651812966,7.829999923706055
19.9,uav_06,1,65.88930608410817,7.821478421620085,7.829999923706055
20.0,uav_06,1,65.97031624313527,7.843570424603419,7.829999923706055
20.1,uav_06,1,66.04723201098318,7.865662427503193,7.829999923706055
20.2,uav_06,1,66.1091498567167,7.887754430709051,7.829999923706055
20.3,uav_06,1,66.15906341549719,7.909704677267398,7.822327038667956
20.4,uav_06,1,66.19234172263519,7.931753682526637,7.819999694824219
20.5,uav_06,1,66.21386905052988,7.945440284110508,7.819999694824219
20.6,uav_06,1,66.21853413601092,7.964852444340907,7.819999694824219
20.7,uav_06,1,66.21853413601092,7.978488522779438,7.819999694824219
20.8,uav_06,1,66.20475658906788,7.989290325417559,7.819999694824219
20.9,uav_06,1,66.18599872639489,7.992461103997683,7.819999694824219
21.0,uav_06,1,66.16089148430419,7.992461103997683,7.819999694824219
21.1,uav_06,1,66.1327546909611,7.992461103997683,7.819999694824219
21.2,uav_06,1,66.104617897618,7.985786049608662,7.819999694824219
21.3,uav_06,1,66.07648110348758,7.975010658082048,7.819999694824219
21.4,uav_06,1,66.04834430956065,7.952124569402481,7.819999694824219
21.5,uav_06,1,66.02020751621755,7.9197983952054525,7.819999694824219
21.6,uav_06,1,65.99680192159907,7.887472221008425,7.819999694824219
21.7,uav_06,1,65.97801402490583,7.844808202028807,7.819999694824219
21.8,uav_06,1,65.95492973177817,7.790702216559853,7.819999694824219
21.9,uav_06,1,65.93066993545415,7.731911456217787,7.819999694824219
22.0,uav_06,1,65.91181207498653,7.662540270403728,7.819999694824219
22.1,uav_06,1,65.89654181295934,7.590832194271528,7.819999694824219
22.2,uav_06,1,65.88037708283257,7.514227111255307,7.819999694824219
22.3,uav_06,1,65.85523849495485,7.41673159807994,7.816736770407308
22.4,uav_06,1,65.83642903951984,7.312812873789125,7.809999465942383
22.5,uav_06,1,65.81768358448858,7.1973817239572035,7.809999465942383
22.6,uav_06,1,65.79882572402096,7.086286032583624,7.809999465942383
22.7,uav_06,1,65.7821813280629,6.964947122844686,7.809999465942383
22.8,uav_06,1,65.77104255575529,6.834473662305589,7.811893401016072
22.9,uav_06,1,65.7539592753179,6.696140043847185,7.819999694824219
23.0,uav_06,1,65.74469727772458,6.556595393180601,7.819999694824219
23.1,uav_06,1,65.7361027346033,6.406853891771711,7.819999694824219
23.2,uav_06,1,65.7361027346033,6.247238177576328,7.819999694824219
23.3,uav_06,1,65.7361027346033,6.087622463747518,7.819999694824219
23.4,uav_06,1,65.7452589288741,5.9069677709863315,7.819999694824219
23.5,uav_06,1,65.74575136342673,5.726069962106387,7.819999694824219
23.6,uav_06,1,65.75413429637884,5.545172152884261,7.819999694824219
23.7,uav_06,1,65.77139259790204,5.3550874442930905,7.819999694824219
23.8,uav_06,1,65.79029866517875,5.159597957621336,7.819999694824219
23.9,uav_06,1,65.80951361872376,4.960914574665164,7.819999694824219
24.0,uav_06,1,65.83652887558756,4.734969674725135,7.819999694824219
24.1,uav_06,1,65.86543320280833,4.5202799023388796,7.819999694824219
24.2,uav_06,1,65.89433753002909,4.301095480519011,7.819999694824219
24.3,uav_06,1,65.92324185834468,4.07085764372793,7.819999694824219
24.4,uav_06,1,65.95214618584177,3.847237052760748,7.819999694824219
24.5,uav_06,1,65.98105051306254,3.617031045219418,7.819999694824219
24.6,uav_06,1,66.00216559394599,3.3948337493942278,7.819999694824219
24.7,uav_06,1,66.02140098983477,3.1651443648480866,7.827843823724588
24.8,uav_06,1,66.04047688052805,2.9350246524076082,7.829999923706055
24.9,uav_06,1,66.0593887810524,2.7152298845119787,7.829999923706055
25.0,uav_06,1,66.07121182485331,2.498332836240054,7.829999923706055
25.1,uav_06,1,66.0874977148888,2.289301685140453,7.829999923706055
25.2,uav_06,1,66.09973923351748,2.0756239834105905,7.829999923706055
25.3,uav_06,1,66.11560664769277,1.8661120488062168,7.829999923706055
25.4,uav_06,1,66.12826664181318,1.6600598528289097,7.829999923706055
25.5,uav_06,1,66.13770603240333,1.4678163169784495,7.829999923706055
25.6,uav_06,1,66.15294573385819,1.283453825729835,7.829999923706055
25.7,uav_06,1,66.16623344121616,1.1055148808005046,7.829999923706055
25.8,uav_06,1,66.17555630270112,0.9401885746421712,7.829999923706055
25.9,uav_06,1,66.18473123221334,0.7875783959823335,7.829999923706055
26.0,uav_06,1,66.19811551541729,0.650674138959936,7.829999923706055
26.1,uav_06,1,66.2126211630142,0.5249302767365971,7.829999923706055
26.2,uav_06,1,66.22494949176054,0.4028716940535809,7.8266753564754525
26.3,uav_06,1,66.23783139228661,0.29068517747822953,7.819999694824219
26.4,uav_06,1,66.23783139228661,0.19084282876152164,7.819999694824219
26.5,uav_06,1,66.23945513950753,0.10887909955942594,7.819999694824219
26.6,uav_06,1,66.24856673435175,0.036849862810842196,7.819999694824219
26.7,uav_06,1,66.2571286485623,-0.024410317488779407,7.819999694824219
26.8,uav_06,1,66.2571286485623,-0.06632493835398401,7.819999694824219
26.9,uav_06,1,66.26654450251162,-0.09896490241771744,7.819999694824219
27.0,uav_06,1,66.26677727601457,-0.12144023340550936,7.819999694824219
27.1,uav_06,1,66.27623091590692,-0.12193768659484666,7.819999694824219
27.2,uav_06,1,66.27642590483799,-0.10016583088018205,7.819999694824219
27.3,uav_06,1,66.27642590483799,-0.06703529905994426,7.819999694824219
27.4,uav_06,1,66.27642590483799,-0.03370545091130447,7.819999694824219
27.5,uav_06,1,66.27642590483799,-0.0003756027626622624,7.819999694824219
27.6,uav_06,1,66.2859870604785,0.032954245385978784,7.819999694824219
27.7,uav_06,1,66.3052398517697,0.08830300059832179,7.819999694824219
27.8,uav_06,1,66.30537178856594,0.13281858891040318,7.819999694824219
27.9,uav_06,1,66.33348192386359,0.1760836603633138,7.819999694824219
28.0,uav_06,1,66.36130745350019,0.20837228770025146,7.819999694824219
28.1,uav_06,1,66.38912034461175,0.2502285613211104,7.819999694824219
28.2,uav_06,1,66.43341576405112,0.2833656190385053,7.819999694824219
28.3,uav_06,1,66.4797705809682,0.31531966271499035,7.819999694824219
28.4,uav_06,1,66.54109726880081,0.34727370639147703,7.819999694824219
28.5,uav_06,1,66.60599401274821,0.3792277500679658,7.819999694824219
28.6,uav_06,1,66.67762136242979,0.40344904552703453,7.819999694824219
28.7,uav_06,1,66.75814201127473,0.42475174130432486,7.813415248925523
28.8,uav_06,1,66.84706213425922,0.4459409668630898,7.809999465942383
28.9,uav_06,1,66.93860855424954,0.4669763809520557,7.809999465942383
29.0,uav_06,1,67.03917174290724,0.48784729704904095,7.809999465942383
29.1,uav_06,1,67.14770905538593,0.5086302625794161,7.809999465942383
29.2,uav_06,1,67.25990499694377,0.5294132281556566,7.809999465942383
29.3,uav_06,1,67.38054186238934,0.5466865809558249,7.809999465942383
29.4,uav_06,1,67.50716872622498,0.5598939148831674,7.809999465942383
29.5,uav_06,1,67.637489736691,0.5764327010183994,7.809999465942383
29.6,uav_06,1,67.78096293281352,0.5778610291503584,7.809999465942383
29.7,uav_06,1,67.91727394200096,0.5867833787818632,7.809999465942383
29.8,uav_06,1,68.06199035906764,0.5764327010183994,7.809999465942383
29.9,uav_06,1,68.20670677613433,0.5764327010183994,7.809999465942383
30.0,uav_06,1,68.35642702451251,0.5562370397560922,7.809999465942383
30.1,uav_06,1,68.50944985630164,0.5442616943234226,7.809999465942383
30.2,uav_06,1,68.654133536255,0.503478169061982,7.809999465942383
30.3,uav_06,1,68.80644556246297,0.46928934714571224,7.809999465942383
30.4,uav_06,1,68.94275472644277,0.4362610697171684,7.809999465942383
30.5,uav_06,1,69.07691162282836,0.3935355477148827,7.809999465942383
30.6,uav_06,1,69.21944303520628,0.3591192704809771,7.809999465942383
30.7,uav_06,1,69.33825699504602,0.3260909930524323,7.809999465942383
30.8,uav_06,1,69.45324862032484,0.29306271562389014,7.809999465942383
30.9,uav_06,1,69.5518871679357,0.2694284090122403,7.809999465942383
31.0,uav_06,1,69.6463211449012,0.23857131300696782,7.809999465942383
31.1,uav_06,1,69.73297842364043,0.21494805033085518,7.818047320799293
31.2,uav_06,1,69.81800536637991,0.1932398532987089,7.819999694824219
31.3,uav_06,1,69.88830727272826,0.17153165649018723,7.819999694824219
31.4,uav_06,1,69.9472780104309,0.1498234597667656,7.819999694824219
31.5,uav_06,1,70.00396263901794,0.12811526275925478,7.819999694824219
31.6,uav_06,1,70.05388831922592,0.10640706592609767,7.819999694824219
31.7,uav_06,1,70.10112550933839,0.09223303358273623,7.819999694824219
31.8,uav_06,1,70.12929299503224,0.08137893528767286,7.819999694824219
31.9,uav_06,1,70.15434324921736,0.0634529638689735,7.819999694824219
32.0,uav_06,1,70.16482299845569,0.04849969398731522,7.819999694824219
32.1,uav_06,1,70.16482299845569,0.04434097712259287,7.819999694824219
32.2,uav_06,1,70.15287003497838,0.037474637198013666,7.819999694824219
32.3,uav_06,1,70.13359879679517,0.02640433882518089,7.819999694824219
32.4,uav_06,1,70.12027802268094,0.02217048836438294,7.819999694824219
32.5,uav_06,1,70.09283004005223,0.02217048836438294,7.819999694824219
32.6,uav_06,1,70.06021200966049,0.02217048836438294,7.819999694824219
32.7,uav_06,1,70.0313051530703,0.02896209825760517,7.819999694824219
32.8,uav_06,1,70.00829672352226,0.04003239663043806,7.819999694824219
32.9,uav_06,1,69.97725464850902,0.05786441264372457,7.819999694824219
33.0,uav_06,1,69.95064526852494,0.0864273144827703,7.819999694824219
33.1,uav_06,1,69.92636679588402,0.11876731746566663,7.819999694824219
33.2,uav_06,1,69.89829172410315,0.1570224633084472,7.819999694824219
33.3,uav_06,1,69.87507976257346,0.20018787588032572,7.819999694824219
33.4,uav_06,1,69.85629411357311,0.2541774901869339,7.819999694824219
33.5,uav_06,1,69.83750846457276,0.3189256091571439,7.819999694824219
33.6,uav_06,1,69.82292191661408,0.3884980469058293,7.819999694824219
33.7,uav_06,1,69.80564249857007,0.46403751916553015,7.819999694824219
33.8,uav_06,1,69.78115151894288,0.5480500644732431,7.819999694824219
33.9,uav_06,1,69.76579755952898,0.6451722429285531,7.819999694824219
34.0,uav_06,1,69.7533548728973,0.7452192348077836,7.819999694824219
34.1,uav_06,1,69.73500227795753,0.853678810533402,7.819999694824219
34.2,uav_06,1,69.71679732487789,0.9687143280901749,7.819999694824219
34.3,uav_06,1,69.69859237179824,1.0855286091113026,7.819999694824219
34.4,uav_06,1,69.6803874187186,1.2121731946702399,7.819999694824219
34.5,uav_06,1,69.66263840323806,1.3481242611439097,7.819999694824219
34.6,uav_06,1,69.65353592734502,1.4840753276175798,7.819999694824219
34.7,uav_06,1,69.64443345017123,1.6407346500450661,7.819999694824219
34.8,uav_06,1,69.63533097418775,1.787874606823898,7.819999694824219
34.9,uav_06,1,69.63414845704443,1.9524818240235327,7.819999694824219
35.0,uav_06,1,69.63414845704443,2.1282779318998575,7.819999694824219
35.1,uav_06,1,69.63414845704443,2.3085211368593024,7.819999694824219
35.2,uav_06,1,69.64079581802103,2.498624988069024,7.819999694824219
35.3,uav_06,1,69.65011495024629,2.6913453780061394,7.819999694824219
35.4,uav_06,1,69.65945897456581,2.8914891433907486,7.819999694824219
35.5,uav_06,1,69.67456716957682,3.09606549269768,7.819999694824219
35.6,uav_06,1,69.69331073131103,3.3069143019690523,7.819999694824219
35.7,uav_06,1,69.71205429304523,3.5222578272935645,7.819999694824219
35.8,uav_06,1,69.73570372702082,3.7376013528183045,7.819999694824219
35.9,uav_06,1,69.75919004396589,3.9582631345867103,7.81520198555085
36.0,uav_06,1,69.78228578343936,4.179373648040037,7.809999465942383
36.1,uav_06,1,69.81066681543359,4.4015360404117745,7.809999465942383
36.2,uav_06,1,69.8395484283156,4.633809282627415,7.809999465942383
36.3,uav_06,1,69.86863823698462,4.8677568865973315,7.809999465942383
36.4,uav_06,1,69.88925120534701,5.101704490342502,7.809999465942383
36.5,uav_06,1,69.90323420230385,5.3356520940876795,7.809999465942383
36.6,uav_06,1,69.92262740802089,5.569599697832868,7.809999465942383
36.7,uav_06,1,69.93325592588974,5.7934776104686305,7.809999465942383
36.8,uav_06,1,69.93768624421969,6.010234453478742,7.809999465942383
36.9,uav_06,1,69.94738284702562,6.227896613875692,7.809999465942383
37.0,uav_06,1,69.95255318216543,6.434363294434684,7.809999465942383
37.1,uav_06,1,69.95703740434458,6.633028184788759,7.809999465942383
37.2,uav_06,1,69.9664937713335,6.823655600918583,7.809999465942383
37.3,uav_06,1,69.97185043844112,7.002559125622767,7.809999465942383
37.4,uav_06,1,69.97560900569879,7.174732652870588,7.809999465942383
37.5,uav_06,1,69.98149906589337,7.3346595043913165,7.809999465942383
37.6,uav_06,1,69.98791388828579,7.475018299421421,7.809999465942383
37.7,uav_06,1,70.00079632216907,7.6119805348976355,7.809999465942383
37.8,uav_06,1,70.00079632216907,7.738434354096222,7.809999465942383
37.9,uav_06,1,70.00079632216907,7.851560025223295,7.809999465942383
38.0,uav_06,1,70.00079632216907,7.946200180878139,7.809999465942383
38.1,uav_06,1,70.00079632216907,8.029740074006307,7.809999465942383
38.2,uav_06,1,70.00079632216907,8.100812006304803,7.809999465942383
38.3,uav_06,1,70.00079632216907,8.161773686022348,7.809999465942383
38.4,uav_06,1,70.00079632216907,8.2227353657399,7.809999465942383
38.5,uav_06,1,70.00079632216907,8.254474139329771,7.809999465942383
38.6,uav_06,1,70.00079632216907,8.284954979188546,7.809999465942383
38.7,uav_06,1,70.00079632216907,8.291762698689075,7.809999465942383
38.8,uav_06,1,70.00079632216907,8.277830547122548,7.809999465942383
38.9,uav_06,1,69.99027992083676,8.263551098723543,7.809999465942383
39.0,uav_06,1,69.98149906589337,8.243158524241485,7.809999465942383
39.1,uav_06,1,69.97785104859523,8.204295318552749,7.809999465942383
39.2,uav_06,1,69.97185043844112,8.155938883210734,7.809999465942383
39.3,uav_06,1,69.96897231708911,8.102337456157395,7.809999465942383
39.4,uav_06,1,69.96220180961768,8.027295367529495,7.809999465942383
39.5,uav_06,1,69.95913108751229,7.960208265746417,7.809999465942383
39.6,uav_06,1,69.94942818023719,7.8897323393708305,7.809999465942383
39.7,uav_06,1,69.93967045660122,7.807542625511161,7.809999465942383
39.8,uav_06,1,69.92656954141978,7.7178579611123554,7.809999465942383
39.9,uav_06,1,69.91050638235998,7.624206986679548,7.809999465942383
40.0,uav_06,1,69.89718727663426,7.5192200902274395,7.809999465942383
40.1,uav_06,1,69.87767182982978,7.411331247104415,7.809999465942383
40.2,uav_06,1,69.85779854698973,7.294942327629301,7.809999465942383
40.3,uav_06,1,69.83709513719582,7.152226274497509,7.809999465942383
40.4,uav_06,1,69.82159046243157,7.000868846367647,7.804267374783129
40.5,uav_06,1,69.79827376414723,6.843781818257172,7.799999237060547
40.6,uav_06,1,69.78125797643995,6.678344026145066,7.799999237060547
40.7,uav_06,1,69.7626028453086,6.499824243186566,7.799999237060547
40.8,uav_06,1,69.75057411859525,6.318569980147306,7.799999237060547
40.9,uav_06,1,69.73018101377671,6.125709193100083,7.799999237060547
41.0,uav_06,1,69.71024163226541,5.9190286820130025,7.799999237060547
41.1,uav_06,1,69.69481144628118,5.708575542091418,7.799999237060547
41.2,uav_06,1,69.65953116467765,5.527780543693112,7.799999237060547
41.3,uav_06,1,69.63367848718075,5.340522988276194,7.799999237060547
41.4,uav_06,1,69.59936490633784,5.153265433204576,7.799999237060547
41.5,uav_06,1,69.56505132657863,4.966007877821703,7.799999237060547
41.6,uav_06,1,69.52445320986203,4.7799329515274405,7.799999237060547
41.7,uav_06,1,69.48709715866599,4.5870384110485185,7.799999237060547
41.8,uav_06,1,69.44411447635575,4.3899251948777485,7.799999237060547
41.9,uav_06,1,69.39590842312992,4.192811978666998,7.799999237060547
42.0,uav_06,1,69.3508223629623,3.9931779932197746,7.799999237060547
42.1,uav_06,1,69.30047584478949,3.7862091163036706,7.799999237060547
42.2,uav_06,1,69.2575134576946,3.579172714130052,7.799999237060547
42.3,uav_06,1,69.20335647014248,3.3614006131040473,7.799999237060547
42.4,uav_06,1,69.15629751869963,3.1270232289377873,7.799999237060547
42.5,uav_06,1,69.10131276463078,2.9011863518418526,7.799999237060547
42.6,uav_06,1,69.04541191685477,2.667131667651144,7.799999237060547
42.7,uav_06,1,68.9972481445266,2.440532338660191,7.799999237060547
42.8,uav_06,1,68.95066410522749,2.1902244108780606,7.799999237060547
42.9,uav_06,1,68.8970066306416,1.9495812151672902,7.799999237060547
43.0,uav_06,1,68.84110578364631,1.7063474166102535,7.799999237060547
43.1,uav_06,1,68.79161473105445,1.4675191655162836,7.799999237060547
43.2,uav_06,1,68.73287474306076,1.218064874722923,7.799999237060547
43.3,uav_06,1,68.67156099167175,0.9596567171335233,7.799999237060547
43.4,uav_06,1,68.61147441468532,0.6950299605580326,7.799999237060547
43.5,uav_06,1,68.52999395096876,0.42735119773659314,7.799999237060547
43.6,uav_06,1,68.4535877910922,0.15967243508461135,7.799999237060547
43.7,uav_06,1,68.37481539387731,-0.11703995911837338,7.799999237060547
43.8,uav_06,1,68.3026028875716,-0.3849480894997628,7.799999237060547
43.9,uav_06,1,68.22302840920352,-0.6623716057845843,7.799999237060547
44.0,uav_06,1,68.15121537618064,-0.9310884324134885,7.799999237060547
44.1,uav_06,1,68.08030587701998,-1.22100554528568,7.799999237060547
44.2,uav_06,1,68.01010620981418,-1.4995437277378578,7.799999237060547
44.3,uav_06,1,67.9525876946483,-1.7638742754534706,7.799999237060547
44.4,uav_06,1,67.89683880030098,-2.020711895274465,7.799999237060547
44.5,uav_06,1,67.85028861915934,-2.2881178559670676,7.799999237060547
44.6,uav_06,1,67.79465567028761,-2.545088686262429,7.799999237060547
44.7,uav_06,1,67.74753962805266,-2.811844532973184,7.799999237060547
44.8,uav_06,1,67.70098944691104,-3.079250493665736,7.799999237060547
44.9,uav_06,1,67.65443926576941,-3.346656454029064,7.799999237060547
45.0,uav_06,1,67.60788908462779,-3.605183307579079,7.799999237060547
45.1,uav_06,1,67.56133890348615,-3.870383130970596,7.807658333496206
45.2,uav_06,1,67.50773750542206,-4.13778909166319,7.809999465942383
45.3,uav_06,1,67.46019701456048,-4.403305919089337,7.809999465942383
45.4,uav_06,1,67.41663541400317,-4.657286510893933,7.809999465942383
45.5,uav_06,1,67.3735151335437,-4.904989521683797,7.809999465942383
45.6,uav_06,1,67.33039485308424,-5.148779686242139,7.809999465942383
45.7,uav_06,1,67.28489339192488,-5.394781743580547,7.809999465942383
45.8,uav_06,1,67.2345056633419,-5.6591837980386845,7.808593421851726
45.9,uav_06,1,67.19139910340638,-5.907186313766863,7.799999237060547
46.0,uav_06,1,67.14863518890114,-6.162668427137551,7.799999237060547
46.1,uav_06,1,67.10554684813025,-6.411068648507513,7.799999237060547
46.2,uav_06,1,67.06242656767077,-6.658771659297363,7.799999237060547
46.3,uav_06,1,67.01930628721132,-6.913140516580453,7.799999237060547
46.4,uav_06,1,66.97958824740304,-7.181021068889088,7.799999237060547
46.5,uav_06,1,66.93683554586461,-7.452159371837874,7.799999237060547
46.6,uav_06,1,66.88854107376814,-7.729836751488158,7.799999237060547
46.7,uav_06,1,66.84519572379706,-8.012673758779034,7.799999237060547
46.8,uav_06,1,66.8016007570275,-8.290099740598638,7.799999237060547
46.9,uav_06,1,66.7582759405986,-8.561816118643122,7.799999237060547
47.0,uav_06,1,66.7196403630373,-8.828145061063793,7.799999237060547
47.1,uav_06,1,66.68100478481107,-9.094474003484473,7.799999237060547
47.2,uav_06,1,66.64236920729546,-9.349312968439987,7.805181910649433
47.3,uav_06,1,66.60373362972979,-9.599204616311473,7.809999465942383
47.4,uav_06,1,66.56500599519582,-9.849249636462517,7.809999465942383
47.5,uav_06,1,66.52613888964927,-10.08897419104568,7.809999465942383
47.6,uav_06,1,66.49241520806073,-10.317739339225383,7.809999465942383
47.7,uav_06,1,66.46322800447702,-10.541292557865624,7.809999465942383
47.8,uav_06,1,66.43404080152655,-10.752544646706287,7.809999465942383
47.9,uav_06,1,66.4048535985761,-10.95374254343794,7.809999465942383
48.0,uav_06,1,66.37566639484199,-11.142269643827255,7.809999465942383
48.1,uav_06,1,66.35771500596475,-11.313887567309052,7.809999465942383
48.2,uav_06,1,66.33683046032695,-11.474535807893337,7.809999465942383
48.3,uav_06,1,66.31331851959602,-11.624502789644303,7.809999465942383
48.4,uav_06,1,66.29410857477265,-11.761488824282733,7.809999465942383
48.5,uav_06,1,66.27520937707513,-11.879284890263923,7.809999465942383
48.6,uav_06,1,66.26159461797396,-11.975357384720756,7.809999465942383
48.7,uav_06,1,66.25219590900164,-12.056075103718378,7.809999465942383
