t,agent_id,valid,east_m,north_m,up_m,ve_m_s,vn_m_s,vu_m_s
0.0,uav_01,1,-0.03536779165710958,0.023307297290710634,7.28662915473367,0.01,-0.02,-1.6578916821093683
0.0,uav_02,1,15.950873850135482,0.023307297290710634,7.190158803903321,0.01,-0.02,-1.797769365339483
0.0,uav_03,1,31.963641336299165,0.023307297290710634,7.168327322923886,0.01,-0.02,-1.816497554816963
0.1,uav_01,1,-0.03536779165710958,0.023307297290710634,7.1132222899804125,0.01,-0.02,-1.784462951669931
0.1,uav_02,1,15.950873850135482,0.023307297290710634,7.014664464065847,0.01,-0.02,-1.9363175283690695
0.1,uav_03,1,31.959476487714923,0.023307297290710634,6.980503737987977,0.01,-0.02,-1.92
0.2,uav_01,1,-0.03536779165710958,0.023307297290710634,6.932830393928873,0.014842755892840377,-0.02,-1.7806289764286385
0.2,uav_02,1,15.950873850135482,0.023307297290710634,6.811154153012393,0.02,-0.02,-1.8958098619532386
0.2,uav_03,1,31.954799389013143,0.023307297290710634,6.7895364674521,0.014761238555152646,-0.02,-1.8866713301139315
0.3,uav_01,1,-0.03536779165710958,0.023307297290710634,6.760143109207321,0.02,-0.02,-1.7177228225215222
0.3,uav_02,1,15.950873850135482,0.023307297290710634,6.633441058651235,0.02,-0.02,-1.8116299751505855
0.3,uav_03,1,31.954799389013143,0.023307297290710634,6.607041263274632,0.02,-0.02,-1.7854765381024904
0.4,uav_01,1,-0.03536779165710958,0.023307297290710634,6.594416109748957,0.02,-0.02,-1.6085880891710265
0.4,uav_02,1,15.950873850135482,0.023307297290710634,6.493940477939416,0.02,-0.02,-1.6899474805347785
0.4,uav_03,1,31.958968317452715,0.023307297290710634,6.429845955670022,0.02,-0.02,-1.634560899454137
0.5,uav_01,1,-0.03536779165710958,0.023307297290710634,6.437784613335684,0.02,-0.02,-1.472598972446638
0.5,uav_02,1,15.950873850135482,0.023307297290710634,6.347270519260197,0.027045592546237743,-0.02,-1.547270519260196
0.5,uav_03,1,31.963641336299165,0.023307297290710634,6.268430543241922,0.02,-0.02,-1.473659246124716
0.6,uav_01,1,-0.03536779165710958,0.023307297290710634,6.281460871537298,0.025609937747335776,-0.02,-1.3102409960426276
0.6,uav_02,1,15.950873850135482,0.023307297290710634,6.216731867477301,0.03,-0.02,-1.405629449807608
0.6,uav_03,1,31.963641336299165,0.023307297290710634,6.111148854541896,0.025632224675578946,-0.02,-1.294252180515158
0.7,uav_01,1,-0.03536779165710958,0.023307297290710634,6.13644780808636,0.03,-0.013572908314335413,-1.1435936247150313
0.7,uav_02,1,15.950873850135482,0.023307297290710634,6.0913141893052885,0.03,-0.0158081563789492,-1.2629305020631871
0.7,uav_03,1,31.963641336299165,0.023307297290710634,5.97296026710272,0.03,-0.02,-1.1172803561369598
0.8,uav_01,1,-0.03536779165710958,0.023307297290710634,6.010412926604701,0.022764811509518215,-0.01,-0.9814721726427732
0.8,uav_02,1,15.950873850135482,0.023307297290710634,5.976778209758133,0.03,-0.01,-1.1186572332625677
0.8,uav_03,1,31.963641336299165,0.023307297290710634,5.858875755234881,0.022887575523488267,-0.02,-0.9462012083758123
0.9,uav_01,1,-0.03536779165710958,0.023307297290710634,5.9084603633244335,0.02,-0.017948848519507423,-0.828716120726896
0.9,uav_02,1,15.950873850135482,0.023307297290710634,5.88406498583005,0.028551362348186504,-0.011448637651813497,-0.9782704352227976
0.9,uav_03,1,31.963641336299165,0.023307297290710634,5.750211130737188,0.02,-0.02,-0.7803166961057827
1.0,uav_01,1,-0.03536779165710958,0.023307297290710634,5.812417278401551,0.02,-0.02,-0.6793157664024112
1.0,uav_02,1,15.950873850135482,0.023307297290710634,5.776129505524501,0.02,-0.02,-0.8239928228584409
1.0,uav_03,1,31.963641336299165,0.023307297290710634,5.660153128235007,0.02,-0.02,-0.6277679744112643
1.1,uav_01,1,-0.03536779165710958,0.023307297290710634,5.733591816721255,0.02,-0.02,-0.5271836334425095
1.1,uav_02,1,15.951912373744568,0.023307297290710634,5.700603667469092,0.02,-0.02,-0.6835564180709088
1.1,uav_03,1,31.963641336299165,0.023307297290710634,5.593761264113403,0.02,-0.02,-0.4787762829312736
1.2,uav_01,1,-0.03536779165710958,0.023307297290710634,5.6859082508867305,0.02,-0.02,-0.41417980212815453
1.2,uav_02,1,15.959715798678015,0.023307297290710634,5.619450847001134,0.02,-0.02,-0.5371435018357918
1.2,uav_03,1,31.963641336299165,0.023307297290710634,5.545308075238141,0.02,-0.02,-0.36273938057154137
1.3,uav_01,1,-0.03536779165710958,0.023307297290710634,5.641769460438956,0.02955763489026099,-0.02,-0.2757507464266072
1.3,uav_02,1,15.959715798678015,0.023307297290710634,5.564848036595293,0.02,-0.02,-0.41325611893469855
1.3,uav_03,1,31.963641336299165,0.023307297290710634,5.5071756742159925,0.02,-0.02,-0.24332094120197723
1.4,uav_01,1,-0.03536779165710958,0.023307297290710634,5.609323272310296,0.03,-0.03,-0.14593963386177983
1.4,uav_02,1,15.959715798678015,0.023307297290710634,5.521772908216033,0.02,-0.02205677294599184,-0.2753187246480979
1.4,uav_03,1,31.963641336299165,0.023307297290710634,5.477489077317485,0.02,-0.02750364089417128,-0.12995630926994461
1.5,uav_01,1,-0.03536779165710958,0.023307297290710634,5.5889708409727135,0.03102915902728664,-0.03102915902728664,-0.01867925069984696
1.5,uav_02,1,15.959715798678015,0.023307297290710634,5.484302560520715,0.02,-0.03,-0.142966643384656
1.5,uav_03,1,31.963641336299165,0.014507664979148351,5.462071484281912,0.02,-0.03,-0.012786327101034098
1.6,uav_01,1,-0.03507055829009005,0.023307297290710634,5.580336162790167,0.04,-0.04,0.08403395348202779
1.6,uav_02,1,15.959715798678015,0.019264814702783926,5.466357701594377,0.01635770159437686,-0.03,-0.013577015943768603
1.6,uav_03,1,31.963641336299165,0.012208583957157997,5.460000000000001,0.02,-0.03864261159174873,0.11371133910098474
1.7,uav_01,1,-0.02652584437109036,0.02238223086242941,5.591666979586696,0.04,-0.04,0.20916838772682875
1.7,uav_02,1,15.959715798678015,0.012208583957157997,5.464489252770785,0.0055107472292146315,-0.03,0.10387103324942443
1.7,uav_03,1,31.963641336299165,0.012208583957157997,5.469464375350406,0.01053562464959289,-0.04,0.23410812885447818
1.8,uav_01,1,-0.02652584437109036,0.013400305777642781,5.607852504547743,0.04,-0.04,0.29818877501259283
1.8,uav_02,1,15.955094330095873,0.012208583957157997,5.480453507074621,0.0,-0.03,0.22749428891042517
1.8,uav_03,1,31.963641336299165,0.012208583957157997,5.496445967149094,0.01,-0.04,0.33696854621334393
1.9,uav_01,1,-0.02652584437109036,0.012208583957157997,5.631380852913437,0.04,-0.04,0.3883964606826013
1.9,uav_02,1,15.950873850135482,0.012208583957157997,5.502058542752137,-0.006029271376068449,-0.03,0.34632198513675294
1.9,uav_03,1,31.963641336299165,0.012208583957157997,5.524419439970348,0.0018601866765509418,-0.03186018667655094,0.43953794655793965
2.0,uav_01,1,-0.02652584437109036,0.012208583957157997,5.663936107762468,0.045984026940617026,-0.04,0.48582429634678725
2.0,uav_02,1,15.950873850135482,0.012208583957157997,5.533200166762325,-0.015800041690580958,-0.03,0.4538004585963905
2.0,uav_03,1,31.957015552725323,0.012208583957157997,5.567467897961322,0.0,-0.037493579592264584,0.5424293755149103
2.1,uav_01,1,-0.021943340944555627,0.012208583957157997,5.711096110124299,0.05518268502071674,-0.04,0.5870095352278842
2.1,uav_02,1,15.945575962877863,0.012208583957157997,5.579958826298344,-0.02,-0.03599176525966865,0.5659094178563551
2.1,uav_03,1,31.954799389013143,0.012208583957157997,5.626743835664974,0.0,-0.04,0.6556970320524529
2.2,uav_01,1,-0.01768389582855479,0.012208583957157997,5.763071194919974,0.06,-0.04,0.6784519915332912
2.2,uav_02,1,15.942031902849463,0.012208583957157997,5.641156669539974,-0.025879524219996067,-0.04,0.6687952421999607
2.2,uav_03,1,31.954799389013143,0.00412859706055,5.690960783106356,0.0,-0.04,0.7528011187233653
2.3,uav_01,1,-0.015453428710526896,0.012208583957157997,5.8201807773412515,0.06252259716765636,-0.04252259716765636,0.7677485688442199
2.3,uav_02,1,15.93698856965215,0.012208583957157997,5.709927101168081,-0.03570387159544023,-0.04,0.7727425875498425
2.3,uav_03,1,31.954799389013143,0.001109871412216364,5.761273195396827,0.0,-0.04640914942460342,0.8440914942460341
2.4,uav_01,1,-0.008841948542535574,0.009538984398723029,5.901647912700346,0.07240532363337195,-0.05,0.8740532363337193
2.4,uav_02,1,15.928992355282631,0.006939614264428491,5.777978961407597,-0.044747370175949736,-0.044747370175949736,0.8674737017594973
2.4,uav_03,1,31.95046164392643,0.001109871412216364,5.8341528307845225,0.0,-0.05,0.9339645709588623
2.5,uav_01,1,-0.008841948542535574,0.001109871412216364,5.975660180448793,0.08,-0.05,0.9562890893875491
2.5,uav_02,1,15.920897245485463,0.001109871412216364,5.8590271670235055,-0.053902716702350424,-0.05,0.9590271670235043
2.5,uav_03,1,31.945957440470607,0.001109871412216364,5.914319817146182,-0.003431981714618195,-0.05,1.024319817146182
2.6,uav_01,1,-0.008841948542535574,0.001109871412216364,6.058927516706392,0.08,-0.05,1.0488083518959923
2.6,uav_02,1,15.912319570658674,0.001109871412216364,5.956038312832131,-0.06360383128321302,-0.05,1.0560383128321302
2.6,uav_03,1,31.943902127286265,0.001109871412216364,6.005569531570838,-0.01,-0.05232450287007617,1.1085960229606093
2.7,uav_01,1,-0.0008618654643211005,0.001109871412216364,6.159277793167509,0.08902525392431887,-0.05902525392431887,1.1312272853188698
2.7,uav_02,1,15.90472736960736,0.001109871412216364,6.046284819698821,-0.07219040164156841,-0.05219040164156841,1.1375232131325472
2.7,uav_03,1,31.93711549318459,0.0005951368964601469,6.095565342579307,-0.01,-0.06,1.1732464498379291
2.8,uav_01,1,0.0,-0.0093839758814843,6.283460149604656,0.09945501246705472,-0.06,1.1967300748023282
2.8,uav_02,1,15.895360422091022,-0.001980190306411828,6.173409945377578,-0.08278416211479811,-0.05721583788520189,1.2139208105739905
2.8,uav_03,1,31.93614079313523,-0.009988841921336273,6.223228306561639,-0.011102358880136543,-0.05889764111986345,1.2444094355205462
2.9,uav_01,1,0.007639823211871878,-0.009988841921336273,6.393685167505378,0.10864043062544818,-0.06,1.2432021531272408
2.9,uav_02,1,15.883732419931105,-0.009988841921336273,6.295610676672937,-0.09296755638941133,-0.052967556389411335,1.2618702255576453
2.9,uav_03,1,31.92827354464205,-0.009988841921336273,6.349056686044691,-0.02,-0.051465898926514854,1.2829317978530297
3.0,uav_01,1,0.015776278765290797,-0.009988841921336273,6.504110452408715,0.11,-0.06,1.2656850754014524
3.0,uav_02,1,15.869361227948385,-0.009988841921336273,6.408450976436741,-0.10218853664898017,-0.06,1.2921885366489803
3.0,uav_03,1,31.92757208678675,-0.009988841921336273,6.470313284872561,-0.02,-0.06,1.3
3.1,uav_01,1,0.024031376634600247,-0.009988841921336273,6.623324748281486,0.11717882679088353,-0.06,1.27
3.1,uav_02,1,15.860286440291098,-0.009988841921336273,6.5271631000928965,-0.11,-0.06,1.2987740642790788
3.1,uav_03,1,31.91943159735603,-0.009988841921336273,6.590329476101559,-0.02,-0.06,1.2999529319854917
3.2,uav_01,1,0.033053237164099795,-0.009988841921336273,6.755969948585882,0.12,-0.06,1.2478530887878732
3.2,uav_02,1,15.846027763742624,-0.009988841921336273,6.640046298237652,-0.11,-0.06,1.2907109786973106
3.2,uav_03,1,31.918808154916398,-0.010771407990813052,6.738461154506381,-0.02,-0.06,1.2771796151645398
3.3,uav_01,1,0.04155023745692259,-0.01774925889820197,6.873906125803665,0.12,-0.06,1.2190234685490837
3.3,uav_02,1,15.83739463987619,-0.009988841921336273,6.750102427294178,-0.11,-0.06,1.273316262117637
3.3,uav_03,1,31.9105896488135,-0.02108755525488891,6.8694983527164375,-0.02,-0.06,1.2325006335706015
3.4,uav_01,1,0.05060469156925144,-0.02108755525488891,6.996790193416796,0.11276748388193371,-0.06,1.1666049032916022
3.4,uav_02,1,15.824158963727566,-0.009988841921336273,6.856521856821301,-0.11,-0.06,1.2367223627610378
3.4,uav_03,1,31.908874218207735,-0.02108755525488891,7.0032812598890875,-0.02,-0.06,1.174479160073942
3.5,uav_01,1,0.05917063148209806,-0.02108755525488891,7.113044300339644,0.11,-0.06,1.0877167747452667
3.5,uav_02,1,15.808488104586967,-0.01611220503283629,6.966206194474688,-0.11,-0.06,1.1868969027626557
3.5,uav_03,1,31.900455031524878,-0.022710158662222885,7.114619743375377,-0.02,-0.05853802566246245,1.0953802566246247
3.6,uav_01,1,0.068352068855139,-0.029194401649376873,7.223043119061198,0.11,-0.05269568809388015,0.9869568809388015
3.6,uav_02,1,15.79679247124247,-0.02108755525488891,7.071141669768066,-0.11,-0.06,1.121643747673951
3.6,uav_03,1,31.89290575424146,-0.03218626858844154,7.220244547981199,-0.02,-0.05,0.9877309972206805
3.7,uav_01,1,0.07802902987324024,-0.03218626858844154,7.324238205925099,0.10175131045276671,-0.05,0.8775131045276671
3.7,uav_02,1,15.787433167350686,-0.023777284929123618,7.164234608043289,-0.10757653919567113,-0.05757653919567112,1.0457653919567114
3.7,uav_03,1,31.891725460101284,-0.03218626858844154,7.312013921151548,-0.02,-0.05,0.8866511987205027
3.8,uav_01,1,0.08752156861109978,-0.03218626858844154,7.420860404312981,0.091015510631891,-0.05,0.7611706169508011
3.8,uav_02,1,15.773529622296119,-0.03218626858844154,7.245714488568014,-0.1,-0.05,0.9637140625751826
3.8,uav_03,1,31.884063805698926,-0.03280964328784405,7.394493311472551,-0.02,-0.05,0.7938216967252432
3.9,uav_01,1,0.09590126167525206,-0.04157765838206426,7.489231846593083,0.09,-0.05,0.6738447686660367
3.9,uav_02,1,15.766313820815617,-0.03218626858844154,7.327323225275923,-0.1,-0.05,0.873944452196484
3.9,uav_03,1,31.884063805698926,-0.04320147317701427,7.469398065397526,-0.02,-0.05,0.6908276600784002
4.0,uav_01,1,0.10420595297923269,-0.04328498192199418,7.554978486263336,0.0821459305338092,-0.05,0.5814593053380921
4.0,uav_02,1,15.75110691971789,-0.03218626858844154,7.403723638707771,-0.09203454516152872,-0.05,0.7803454516152871
4.0,uav_03,1,31.875756430602312,-0.04328498192199418,7.535767894554436,-0.010604586492223294,-0.05,0.6054412784300096
4.1,uav_01,1,0.10610337371481238,-0.04328498192199418,7.620896486226852,0.08,-0.04151725229552458,0.4921380183641966
4.1,uav_02,1,15.740152837385441,-0.04142003742258901,7.486557400351861,-0.09,-0.05,0.6768032495601741
4.1,uav_03,1,31.875221858412903,-0.04328498192199418,7.5861974008747,-0.01,-0.042300433187550134,0.5307038986879512
4.2,uav_01,1,0.11318773767965011,-0.04328498192199418,7.670061107218086,0.07198777855638266,-0.04,0.4239144498946786
4.2,uav_02,1,15.732465693484414,-0.04328498192199418,7.5490953668302705,-0.07597275233420854,-0.05,0.5898637616710427
4.2,uav_03,1,31.86847398802838,-0.04328498192199418,7.645789932063488,-0.0023683446560852917,-0.04,0.4489467572486823
4.3,uav_01,1,0.12142129436559276,-0.04328498192199418,7.709296589246622,0.07,-0.04,0.35873096881840877
4.3,uav_02,1,15.717540389431228,-0.04328498192199418,7.604734331472292,-0.07,-0.04305313370554174,0.504425069644334
4.3,uav_03,1,31.86637990987037,-0.04328498192199418,7.683074293125644,0.0,-0.04,0.3896199870301224
4.4,uav_01,1,0.12378726954336718,-0.04328498192199418,7.740045446492,0.06331818450266655,-0.03331818450266655,0.29990910701599927
4.4,uav_02,1,15.706228508180885,-0.04328498192199418,7.653435798807281,-0.06331284023854408,-0.04,0.43318988166980854
4.4,uav_03,1,31.86637990987037,-0.04328498192199418,7.718371971428405,0.0,-0.035407007142898475,0.3370350357144924
4.5,uav_01,1,0.12980620213594726,-0.05084015107852723,7.770421743303415,0.06,-0.03,0.20512027455414822
4.5,uav_02,1,15.697326570104241,-0.04328498192199418,7.697020026964822,-0.05324499325879492,-0.04,0.3627149528115644
4.5,uav_03,1,31.86637990987037,-0.04828216248549422,7.753507459144095,0.0,-0.034502486381365494,0.2784825953304415
4.6,uav_01,1,0.13262921682938636,-0.054383695255546816,7.787634313203451,0.05236568679654824,-0.03,0.03258236233786829
4.6,uav_02,1,15.694457363762728,-0.05043805952318895,7.735779844514302,-0.04355503887142465,-0.04,0.30777519435712325
4.6,uav_03,1,31.86263977505559,-0.054383695255546816,7.778459979897627,0.0,-0.03577001005118621,0.17232016081897944
4.7,uav_01,1,0.13997895731529875,-0.054383695255546816,7.7816876449857,0.05,-0.03,-0.20949652034321528
4.7,uav_02,1,15.688604237736426,-0.054383695255546816,7.769859175259586,-0.033380274913471786,-0.04,0.2171830240481896
4.7,uav_03,1,31.85753796258435,-0.054383695255546816,7.789999999999999,0.0,-0.03,-0.013279959910432515
4.8,uav_01,1,0.14147116411540558,-0.054383695255546816,7.752728475747678,0.040909491915892736,-0.02090949191589274,-0.4863532101867889
4.8,uav_02,1,15.680051914442231,-0.054383695255546816,7.786292167396943,-0.02370783260305663,-0.03370783260305663,0.06674098685501936
4.8,uav_03,1,31.85753796258435,-0.054383695255546816,7.778823702639159,0.00558814868042,-0.02441185131958,-0.24411556833007997
4.9,uav_01,1,0.14147116411540558,-0.054383695255546816,7.691112572574531,0.03158751036779024,-0.02,-0.7539621993340829
4.9,uav_02,1,15.676773467934176,-0.054383695255546816,7.789999999999999,-0.013608141022473302,-0.03,-0.12783717955053397
4.9,uav_03,1,31.85753796258435,-0.054383695255546816,7.7451026144911,0.01,-0.02,-0.5180573521850731
5.0,uav_01,1,0.14930116297844753,-0.054383695255546816,7.600300384662531,0.03,-0.02,-1.056809871642954
5.0,uav_02,1,15.670568858790396,-0.054383695255546816,7.761931028570652,-0.01,-0.022982757142663127,-0.38244831429075865
5.0,uav_03,1,31.85753796258435,-0.054383695255546816,7.673488339246273,0.01,-0.02,-0.8248547702322584
5.1,uav_01,1,0.15031311265794117,-0.054383695255546816,7.474592412960816,0.03,-0.02,-1.3689016686780247
5.1,uav_02,1,15.667931520648153,-0.054383695255546816,7.710822466900697,-0.0021644933801395812,-0.02,-0.6793941853560918
5.1,uav_03,1,31.850531780543506,-0.054383695255546816,7.570762001692528,0.01,-0.02,-1.1397901950916693
5.2,uav_01,1,0.15031311265794117,-0.054383695255546816,7.338069528597731,0.021204635239848724,-0.02,-1.6174748485240844
5.2,uav_02,1,15.660346755763356,-0.054383695255546816,7.622796549498629,0.0,-0.02,-0.9887666738377485
5.2,uav_03,1,31.84869601529833,-0.054383695255546816,7.437897306444004,0.01,-0.02,-1.4414519553513796
5.3,uav_01,1,0.15031311265794117,-0.054383695255546816,7.183644651749047,0.02,-0.02,-1.842501668118991
5.3,uav_02,1,15.659089573362136,-0.054383695255546816,7.5055566882417075,0.0,-0.02,-1.305350549180954
5.3,uav_03,1,31.84869601529833,-0.054383695255546816,7.289205476781477,0.01,-0.02,-1.6843664425289435
5.4,uav_01,1,0.15031311265794117,-0.054383695255546816,7.001079264162084,0.02,-0.02,-2.0463667726298107
5.4,uav_02,1,15.659089573362136,-0.054383695255546816,7.342954549082563,0.0004403406823399121,-0.02,-1.600568176376158
5.4,uav_03,1,31.84869601529833,-0.054383695255546816,7.101731641426154,0.01,-0.02,-1.9322317915110234
5.5,uav_01,1,0.15031311265794117,-0.054383695255546816,6.809201870998688,0.02,-0.02,-2.2139794377629656
5.5,uav_02,1,15.659089573362136,-0.054383695255546816,7.168975474064465,0.01,-0.02,-1.8543441879253582
5.5,uav_03,1,31.84869601529833,-0.054383695255546816,6.8899169049666344,0.01,-0.02,-2.1500830950333643
5.6,uav_01,1,0.15031311265794117,-0.054383695255546816,6.582689123785938,0.02,-0.02,-2.372594049704823
5.6,uav_02,1,15.657405269647347,-0.054383695255546816,6.958092176688086,0.01,-0.02,-2.0861931201330166
5.6,uav_03,1,31.84869601529833,-0.054383695255546816,6.6439216934124286,0.01,-0.02,-2.333292416068267
5.7,uav_01,1,0.15031311265794117,-0.054383695255546816,6.3474437835820785,0.02,-0.02,-2.491524735223886
5.7,uav_02,1,15.650247624819603,-0.054383695255546816,6.722445145923861,0.01,-0.02,-2.277535774397483
5.7,uav_03,1,31.84869601529833,-0.054383695255546816,6.392187739548151,0.01,-0.02,-2.46712490418074
5.8,uav_01,1,0.15031311265794117,-0.054383695255546816,6.112258921153266,0.014317650813587157,-0.02,-2.56977644430489
5.8,uav_02,1,15.650247624819603,-0.054383695255546816,6.471043600296264,0.01,-0.02,-2.4261883498642125
5.8,uav_03,1,31.84869601529833,-0.054383695255546816,6.163778572849263,0.01,-0.02,-2.5584885708602947
5.9,uav_01,1,0.15031311265794117,-0.054383695255546816,5.898428666371403,0.01,-0.02,-2.6195329487747303
5.9,uav_02,1,15.650247624819603,-0.054383695255546816,6.215667152351637,0.01,-0.02,-2.5326536780321254
5.9,uav_03,1,31.84869601529833,-0.054383695255546816,5.948058952541733,0.01,-0.02,-2.608909472490369
6.0,uav_01,1,0.15031311265794117,-0.054383695255546816,5.6893613145673125,0.01,-0.01812449313212273,-2.6518755068678774
6.0,uav_02,1,15.650247624819603,-0.054383695255546816,5.95916717942923,0.013493570021952716,-0.02,-2.6074678501097637
6.0,uav_03,1,31.84869601529833,-0.054383695255546816,5.712429830182639,0.017214237300667734,-0.02,-2.641642711902003
6.1,uav_01,1,0.15031311265794117,-0.054383695255546816,5.418900936429071,0.01,-0.01,-2.6581074420899657
6.1,uav_02,1,15.650247624819603,-0.054383695255546816,5.677774541726907,0.02,-0.02,-2.648312996909118
6.1,uav_03,1,31.84869601529833,-0.054383695255546816,5.464751069172322,0.02,-0.02,-2.6564907011417658
6.2,uav_01,1,0.15031311265794117,-0.054383695255546816,5.201109646624793,0.01,-0.01,-2.6500410980231406
6.2,uav_02,1,15.650247624819603,-0.054383695255546816,5.388078737991097,0.02,-0.02,-2.66
6.2,uav_03,1,31.84869601529833,-0.054383695255546816,5.218387874593837,0.02,-0.02,-2.654384736096068
6.3,uav_01,1,0.15031311265794117,-0.054383695255546816,4.915218764837338,0.010547453154172664,-0.01,-2.6383576405374822
6.3,uav_02,1,15.650247624819603,-0.054383695255546816,5.09849427251052,0.02,-0.02,-2.6487773535192978
6.3,uav_03,1,31.84869601529833,-0.054383695255546816,4.971794123752701,0.02,-0.02,-2.640503268426126
6.4,uav_01,1,0.15031311265794117,-0.054383695255546816,4.669691454010174,0.019641057258882457,-0.01,-2.6110768282233523
6.4,uav_02,1,15.650247624819603,-0.054383695255546816,4.811322800656442,0.02,-0.02,-2.627505392641218
6.4,uav_03,1,31.84869601529833,-0.054383695255546816,4.705340965476529,0.02,-0.02,-2.6161489961640587
6.5,uav_01,1,0.15031311265794117,-0.054383695255546816,4.42168734062561,0.02,-0.01,-2.5835208156250675
6.5,uav_02,1,15.650247624819603,-0.054383695255546816,4.555434485070625,0.02,-0.02,-2.602165517508149
6.5,uav_03,1,31.84869601529833,-0.054383695255546816,4.436516762878079,0.02,-0.02,-2.5862796403197867
6.6,uav_01,1,0.15031311265794117,-0.054383695255546816,4.146773554924895,0.02,-0.019354863272119383,-2.5519354101836416
6.6,uav_02,1,15.650247624819603,-0.054383695255546816,4.287828882141705,0.02,-0.02,-2.571980986904634
6.6,uav_03,1,31.84869601529833,-0.054383695255546816,4.176837313190153,0.02,-0.02,-2.556942766906556
6.7,uav_01,1,0.15031311265794117,-0.054383695255546816,3.859482239157075,0.02,-0.02,-2.5299445256239723
6.7,uav_02,1,15.650247624819603,-0.054383695255546816,4.049001397961927,0.02,-0.02,-2.54644842047882
6.7,uav_03,1,31.84869601529833,-0.054383695255546816,3.928942205419571,0.02,-0.02,-2.529894220541957
6.8,uav_01,1,0.15031311265794117,-0.054383695255546816,3.6373626150493528,0.02,-0.02,-2.5061459944695734
6.8,uav_02,1,15.650247624819603,-0.054383695255546816,3.805379220464074,0.02,-0.02,-2.518962507017053
6.8,uav_03,1,31.84869601529833,-0.054383695255546816,3.703466378788067,0.02,-0.02,-2.507587852617097
6.9,uav_01,1,0.15031311265794117,-0.054383695255546816,3.3896763895507456,0.02,-0.02,-2.4841396991292286
6.9,uav_02,1,15.650247624819603,-0.054383695255546816,3.517741224640443,0.02,-0.02,-2.489057017280034
6.9,uav_03,1,31.84869601529833,-0.054383695255546816,3.4046600464607693,0.02,-0.02,-2.4818969266508284
7.0,uav_01,1,0.15031311265794117,-0.054383695255546816,3.1513762398394647,0.02,-0.02,-2.4649100991871573
7.0,uav_02,1,15.650247624819603,-0.054383695255546816,3.2775688773835148,0.02,-0.02,-2.4705822213371933
7.0,uav_03,1,31.84869601529833,-0.054383695255546816,3.1502193909456073,0.02,-0.02,-2.4623245685342776
7.1,uav_01,1,0.15031311265794117,-0.054383695255546816,2.884942886387769,0.02,-0.02,-2.4442263758759823
7.1,uav_02,1,15.650247624819603,-0.054383695255546816,3.0378149499758087,0.02,-0.02,-2.4521396115366008
7.1,uav_03,1,31.84869601529833,-0.054383695255546816,2.905104376980382,0.02,-0.02,-2.4466041750792153
7.2,uav_01,1,0.15031311265794117,-0.054383695255546816,2.616100074434083,0.02,-0.02,-2.41433200893209
7.2,uav_02,1,15.650247624819603,-0.054383695255546816,2.7898964527578256,0.01639585811031299,-0.02,-2.400354439213443
7.2,uav_03,1,31.84869601529833,-0.054383695255546816,2.6931827760588494,0.02,-0.02,-2.4175277325082476
7.3,uav_01,1,0.15031311265794117,-0.054383695255546816,2.348044865887452,0.010721794635498083,-0.02,-2.2615487141679695
7.3,uav_02,1,15.650247624819603,-0.054383695255546816,2.5572697216134284,0.01,-0.02,-2.257269721613428
7.3,uav_03,1,31.84869601529833,-0.054383695255546816,2.4396467917583577,0.01781073007645034,-0.02,-2.269646791758358
7.4,uav_01,1,0.15031311265794117,-0.054383695255546816,2.140856434434571,0.018597434798428573,-0.02,-2.0350641300392858
7.4,uav_02,1,15.650247624819603,-0.054383695255546816,2.3731634243517217,0.01,-0.02,-2.0624287940924098
7.4,uav_03,1,31.847448702463467,-0.054383695255546816,2.2303757951020318,0.01,-0.02,-2.050501060136042
7.5,uav_01,1,0.15031311265794117,-0.054383695255546816,1.938774273305691,0.02,-0.02,-1.7476673501347026
7.5,uav_02,1,15.650247624819603,-0.054383695255546816,2.1945534835615055,0.01,-0.02,-1.8118302253422591
7.5,uav_03,1,31.839854066755798,-0.054383695255546816,2.0387214099666053,0.01,-0.02,-1.7920869452410781
7.6,uav_01,1,0.15031311265794117,-0.054383695255546816,1.7769583564905305,0.02,-0.02,-1.5012304275737525
7.6,uav_02,1,15.650247624819603,-0.054383695255546816,2.044180307466873,0.01,-0.02,-1.5862704612003105
7.6,uav_03,1,31.839854066755798,-0.054383695255546816,1.880075832592036,0.01,-0.02,-1.5401204399991146
7.7,uav_01,1,0.15031311265794117,-0.054383695255546816,1.6186652479745736,0.02,-0.011244349864971599,-1.2411087466242898
7.7,uav_02,1,15.650247624819603,-0.054383695255546816,1.880407616718275,0.01,-0.011275476044892232,-1.323162377167198
7.7,uav_03,1,31.839854066755798,-0.054383695255546816,1.7158284462026898,0.01,-0.019652370516890758,-1.2816568924053782
7.8,uav_01,1,0.15031311265794117,-0.054383695255546816,1.4838585031223899,0.02,-0.0003215419268657888,-0.9777170062447789
7.8,uav_02,1,15.650247624819603,-0.054383695255546816,1.7833261231502293,0.01,-0.01,-1.136652246300459
7.8,uav_03,1,31.839854066755798,-0.054383695255546816,1.617704253685007,0.01,-0.011475354473750603,-1.0854085073700146
7.9,uav_01,1,0.15031311265794117,-0.054383695255546816,1.377553462454296,0.02,0.0010485160910163225,-0.75335939809023
7.9,uav_02,1,15.650247624819603,-0.054383695255546816,1.6886208020844489,0.01,-0.005329163825858947,-0.9472416041688968
7.9,uav_03,1,31.839854066755798,-0.054383695255546816,1.5040948678908899,0.018718648373555483,-0.0012813516264445195,-0.8581897357817794
8.0,uav_01,1,0.15031311265794117,-0.05306514871976585,1.3028718951675518,0.02,0.03356405241622429,-0.5486156855026542
8.0,uav_02,1,15.646804105192233,-0.054383695255546816,1.598843789577323,0.01,0.007789052605669419,-0.7521094739433059
8.0,uav_03,1,31.839854066755798,-0.054383695255546816,1.4250264644085782,0.02,0.01624338389785551,-0.667566161021445
8.1,uav_01,1,0.14891891241089728,-0.04153493454306304,1.2421159898164025,0.02,0.06788401018359738,-0.3647711674124884
8.1,uav_02,1,15.64140567753358,-0.05094644047854569,1.5283211055949442,0.01,0.02929095474502416,-0.5742542715298551
8.1,uav_03,1,31.839854066755798,-0.04501328088886652,1.3509004462089604,0.011557206601280076,0.04532838019615977,-0.47802971882304135
8.2,uav_01,1,0.14147116411540558,-0.0299959580696454,1.1980265185224892,0.02,0.11493370369377547,-0.2161856296574287
8.2,uav_02,1,15.64140567753358,-0.040738494703873224,1.46852800706897,0.01,0.059177594344824266,-0.41328962262070296
8.2,uav_03,1,31.839854066755798,-0.03450276556812023,1.3004358807641039,0.017912823847179064,0.08165129538871624,-0.31548199459795595
8.3,uav_01,1,0.14147116411540558,-0.008025305270152399,1.178230842988576,0.02,0.1706149420685435,-0.0670009588514891
8.3,uav_02,1,15.64140567753358,-0.03069653981036157,1.425973239239607,0.01,0.09671126793398814,-0.26986619619803554
8.3,uav_03,1,31.839854066755798,-0.022799384911977,1.2646271029955687,0.02,0.13228816167405172,-0.16159314731265523
8.4,uav_01,1,0.14147116411540558,0.006695800306177481,1.17,0.02,0.2350988558525779,0.07019771170515576
8.4,uav_02,1,15.64140567753358,-0.020345908031732994,1.3986635437804964,0.01,0.144009368658512,-0.13131303457322407
8.4,uav_03,1,31.839854066755798,-0.010955238245754359,1.2508707282505411,0.02,0.19477563049675373,-0.012190195507574636
8.5,uav_01,1,0.14147116411540558,0.03363503946111056,1.1762035672424465,0.02,0.3017124853485632,0.1941196198334565
8.5,uav_02,1,15.64140567753358,-0.010289810853888776,1.3805423492318574,0.01,0.1983729523044299,-0.013525270007068602
8.5,uav_03,1,31.831298124581956,0.011490577270050591,1.2403234639417373,0.02,0.2580592163495776,0.11611843269915523
8.6,uav_01,1,0.14147116411540558,0.0738251784067106,1.1977584405073327,0.02387922025366634,0.3771545417756644,0.3087922025366634
8.6,uav_02,1,15.640991296650485,0.013769018722270631,1.3804686533529364,0.01,0.2632805734705502,0.1151551868822932
8.6,uav_03,1,31.83101211946978,0.04253568365744102,1.258216585886342,0.02,0.32375805060219787,0.2201912223748824
8.7,uav_01,1,0.14147116411540558,0.12189487964454403,1.2288279393752803,0.03,0.45765587875055974,0.41706984843819966
8.7,uav_02,1,15.632791742201274,0.0446460942413834,1.3897421233463056,0.01,0.32819486342413606,0.2171633568093566
8.7,uav_03,1,31.83101211946978,0.07754512977865607,1.2792457183199466,0.02,0.3973600141198152,0.3358514507597096
8.8,uav_01,1,0.14147116411540558,0.1756888624786014,1.2772966056384634,0.03,0.5436745690215408,0.524593211276926
8.8,uav_02,1,15.632563728991045,0.08124422739895787,1.4122014842222375,0.02,0.40385259738891527,0.3255037105555932
8.8,uav_03,1,31.83101211946978,0.11866905681337488,1.3069410915788229,0.02898036385960752,0.47184291087686014,0.42082327473646763
8.9,uav_01,1,0.14147116411540558,0.2358640573379197,1.3315147780203167,0.035252463003386095,0.6220197040270887,0.6120197040270887
8.9,uav_02,1,15.632563728991045,0.1292305855628817,1.4543499594687785,0.021087489867194772,0.47869991893755814,0.4297874088047529
8.9,uav_03,1,31.83101211946978,0.17531150934028378,1.3569566084018658,0.03,0.545739251762613,0.5239132168037327
9.0,uav_01,1,0.14147116411540558,0.2973295770632587,1.3913781303286121,0.035517409953055336,0.700343310422502,0.690343310422502
9.0,uav_02,1,15.632563728991045,0.18647896156681362,1.497018542654613,0.03,0.5612296682473809,0.5226333767783033
9.0,uav_03,1,31.83101211946978,0.24597438858908258,1.4107282809673138,0.03,0.6309363612436891,0.6209363612436891
9.1,uav_01,1,0.14147116411540558,0.36347915312084467,1.4564966623245497,0.03,0.7802818997994854,0.7740671372744211
9.1,uav_02,1,15.632563728991045,0.23174147861683303,1.537800312876936,0.03,0.6264805006030988,0.5960405631784861
9.1,uav_03,1,31.83101211946978,0.3175294945360304,1.4850957742711548,0.03,0.7265517097771985,0.7158237420241764
9.2,uav_01,1,0.14147116411540558,0.4434619913285644,1.5321318312146728,0.03,0.8621318312146729,0.8585616277463758
9.2,uav_02,1,15.632563728991045,0.30244674463096904,1.6017212982881028,0.03,0.7217212982881033,0.6917212982881032
9.2,uav_03,1,31.83101211946978,0.38096070659477627,1.5422476357494148,0.03,0.800032674534961,0.7811401551421875
9.3,uav_01,1,0.14147116411540558,0.5379333076781785,1.6278908883356638,0.03,0.9536807896317013,0.947890888335664
9.3,uav_02,1,15.632563728991045,0.38677117570055364,1.687482899596902,0.03,0.808418262046515,0.7774828995969022
9.3,uav_03,1,31.83101211946978,0.46132408834890215,1.6238919688289832,0.03,0.8838919688289825,0.8731284649326052
9.4,uav_01,1,0.14147116411540558,0.6354035346343397,1.7256521843593586,0.03,1.0332015886249883,1.0332015886249883
9.4,uav_02,1,15.632563728991045,0.48153320043848313,1.7744719898217942,0.03,0.9028639909527063,0.8628639909527063
9.4,uav_03,1,31.83101211946978,0.5525462000768073,1.7068470839448902,0.03,0.958308519062124,0.948308519062124
9.5,uav_01,1,0.1380310618455563,0.7435101376143247,1.8327972750167554,0.026109338634840388,1.111125290921277,1.1150159522864365
9.5,uav_02,1,15.632563728991045,0.5785482219804704,1.8702750449439483,0.03,0.9880222621723986,0.9502750449439485
9.5,uav_03,1,31.83101211946978,0.6554467126444523,1.817241217666013,0.03,1.0495609962721926,1.0307208855752823
9.6,uav_01,1,0.13262921682938636,0.8533671057010805,1.9413327232534268,0.02,1.1875551488356177,1.1975551488356178
9.6,uav_02,1,15.630088800054315,0.6870001005804754,1.9707898446160925,0.03,1.0723926142662492,1.0423926142662492
9.6,uav_03,1,31.83101211946978,0.7579182086468709,1.9118883627928387,0.03,1.1173218539549872,1.105510690234271
9.7,uav_01,1,0.13262921682938636,0.9523655264196659,2.041746373972707,0.02,1.2524264994129755,1.2624264994129755
9.7,uav_02,1,15.623721781705026,0.812021863800579,2.0943302318652544,0.03,1.1595534879101694,1.1295534879101694
9.7,uav_03,1,31.83101211946978,0.8735520756727677,2.0332901153801206,0.03,1.1988600769200801,1.1888600769200801
9.8,uav_01,1,0.13262921682938636,1.0504352685088933,2.154206290043744,0.02,1.316689308596425,1.326689308596425
9.8,uav_02,1,15.623721781705026,0.9429438010678698,2.2230153584533996,0.03,1.2453435723022668,1.2153435723022668
9.8,uav_03,1,31.83101211946978,0.9867937496095984,2.1541258045951586,0.021990322723449335,1.2740774182124053,1.272087095488956
9.9,uav_01,1,0.13262921682938636,1.1699249753563203,2.2717010534821203,0.02,1.3887391098351514,1.3987391098351514
9.9,uav_02,1,15.623721781705026,1.0786842649439663,2.355975320749457,0.024924975326964808,1.3306001973842816,1.3056752220573167
9.9,uav_03,1,31.83101211946978,1.1234049971919566,2.2896267414619778,0.02,1.3574626101304477,1.3574626101304477
10.0,uav_01,1,0.13262921682938636,1.2852680611001057,2.390423156491204,0.02,1.4535590167953092,1.4635590167953092
10.0,uav_02,1,15.623721781705026,1.2275983226921743,2.500847479018542,0.02,1.4161985594391668,1.3961985594391668
10.0,uav_03,1,31.83101211946978,1.2575469214261428,2.4277575078699556,0.02,1.4406545047219728,1.4328040041973091
10.1,uav_01,1,0.13262921682938636,1.4192231460001221,2.5288316006851836,0.02,1.529967775385416,1.528863825299768
10.1,uav_02,1,15.623721781705026,1.3824911177111017,2.6576521885995614,0.02,1.5085913131597364,1.4755710213464617
10.1,uav_03,1,31.824811431903594,1.3975269846198848,2.5651920999599764,0.02,1.5161024533119873,1.5061024533119873
10.2,uav_01,1,0.12892397272361966,1.5581016684443367,2.667048472213814,0.01580947048663659,1.6035242361069073,1.5851431770801805
10.2,uav_02,1,15.623721781705026,1.553190450635019,2.8256617699774,0.02,1.5978308849887002,1.5506020243651126
10.2,uav_03,1,31.82217017092724,1.5183488661388285,2.686617663155645,0.02,1.5783088315778229,1.558731623683367
10.3,uav_01,1,0.12378726954336718,1.6955946017475068,2.8016384531975413,0.012449320776325972,1.6671452454342817,1.634695924657956
10.3,uav_02,1,15.623721781705026,1.7147719592639874,2.9809532945358157,0.02,1.6754766472679081,1.611607485450931
10.3,uav_03,1,31.82217017092724,1.6353398528146215,2.804613291086436,0.02,1.6373066455432184,1.6029799841574137
10.4,uav_01,1,0.12378726954336718,1.8526501703707534,2.960013201835084,0.02,1.730592894765324,1.6888274123044364
10.4,uav_02,1,15.61751829028297,1.8826077577121092,3.149271621710528,0.02,1.749111844233747,1.6720958664860688
10.4,uav_03,1,31.82217017092724,1.771177867467707,2.9354458312862888,0.02,1.7018152770954296,1.6518152770954295
10.5,uav_01,1,0.12378726954336718,2.013946222209493,3.115273366321428,0.02,1.7850911221071428,1.7342426017559525
10.5,uav_02,1,15.614879833162489,2.077140859637883,3.338192387095246,0.027677354838624744,1.8160641290317485,1.7283867741931238
10.5,uav_03,1,31.82217017092724,1.9321883359524927,3.0986510364397586,0.02,1.7562170121465865,1.7062170121465865
10.6,uav_01,1,0.12378726954336718,2.178036856864751,3.281590261928478,0.02008369799623572,1.8404184899811786,1.7803347919849428
10.6,uav_02,1,15.614879833162489,2.26829527867616,3.5293394599046644,0.03,1.8797798199682212,1.7814831833068512
10.6,uav_03,1,31.82217017092724,2.0959937385526675,3.2560954256277674,0.028593848566339307,1.8115630913980358,1.7529692428316965
10.7,uav_01,1,0.12378726954336718,2.3433979152126634,3.4481098363125695,0.028847886121714163,1.8842394306085708,1.8153915444868567
10.7,uav_02,1,15.614879833162489,2.4757654379522416,3.719677910474876,0.03887099502638197,1.943225970158292,1.825483980105528
10.7,uav_03,1,31.82217017092724,2.2667255779685735,3.4267826875421616,0.03,1.866352427644893,1.7909016184299287
10.8,uav_01,1,0.12378726954336718,2.553756020801112,3.649389389896123,0.03,1.9466492810198281,1.8577661873465523
10.8,uav_02,1,15.614879833162489,2.688730335711273,3.9210915578557475,0.04,1.9976556731199335,1.868124538495947
10.8,uav_03,1,31.82217017092724,2.4598529953282546,3.6133019331285685,0.03,1.927767311042856,1.8318448740285707
10.9,uav_01,1,0.12378726954336718,2.7411675468928505,3.8276292217926144,0.03,1.9852903624826557,1.8864677718619918
10.9,uav_02,1,15.623721781705026,2.9032460417777393,4.134840222571192,0.04,2.041273742781893,1.9005094971127572
10.9,uav_03,1,31.82217017092724,2.645648150471358,3.7901177628334652,0.03,1.9694984763859926,1.8694984763859928
11.0,uav_01,1,0.12378726954336718,2.9454888241019725,4.031001328387939,0.03,2.0352503320969846,1.9171501992581907
11.0,uav_02,1,15.623721781705026,3.1253205828074258,4.335716392215401,0.04,2.09392909805385,1.92157163922154
11.0,uav_03,1,31.82217017092724,2.846256796768824,3.9883251197680285,0.03,2.017081279942007,1.9022487679652043
11.1,uav_01,1,0.12378726954336718,3.121009016692709,4.191045828441973,0.03,2.0696938586193627,1.9348469293096813
11.1,uav_02,1,15.623721781705026,3.354874560945699,4.551759936082793,0.04,2.144763990412419,1.9415879968041396
11.1,uav_03,1,31.82217017092724,3.0279305421773897,4.163349078656995,0.03,2.060837269664249,1.9223349078656995
11.2,uav_01,1,0.12378726954336718,3.3291761409998326,4.393195576992094,0.03,2.109180109903256,1.954590054951628
11.2,uav_02,1,15.623721781705026,3.592080914385464,4.765484129905191,0.04,2.1768226194857787,1.95
11.2,uav_03,1,31.82217017092724,3.2277392726265504,4.352853011164556,0.03,2.102570602232911,1.9412853011164555
11.3,uav_01,1,0.12378726954336718,3.5392479943630186,4.587881386308808,0.03,2.147576277261762,1.9668940693154404
11.3,uav_02,1,15.623721781705026,3.8191258032169064,4.970052789737984,0.04,2.2050052789737986,1.9474973605131007
11.3,uav_03,1,31.82217017092724,3.439857526926729,4.548330043204921,0.03,2.141666008640984,1.955416502160246
11.4,uav_01,1,0.12378726954336718,3.7624690152181914,4.789004720632143,0.03,2.1808507080948214,1.97
11.4,uav_02,1,15.623721781705026,4.025519849212113,5.154299933113436,0.04,2.2217149966556717,1.9365700066886564
11.4,uav_03,1,31.82217017092724,3.6434179291696807,4.7317390549478775,0.03,2.173760858242182,1.96
11.5,uav_01,1,0.12378726954336718,3.9771172497588885,4.989024125040699,0.03,2.1966201964305094,1.9633798035694905
11.5,uav_02,1,15.623721781705026,4.235837557358057,5.335512310791723,0.04,2.23,1.9176731533812417
11.5,uav_03,1,31.82217017092724,3.8610013845548536,4.9277829126141794,0.03,2.198778291261418,1.96
11.6,uav_01,1,0.12378726954336718,4.203516036864557,5.196390447815102,0.03,2.206819522390755,1.9463609552184897
11.6,uav_02,1,15.623721781705026,4.413301546220438,5.495408314427858,0.04,2.23,1.893688752835821
11.6,uav_03,1,31.82217017092724,4.099521207417164,5.142690549779949,0.03,2.2151345274889978,1.949730945022005
11.7,uav_01,1,0.12378726954336718,4.426254338707408,5.390551285601478,0.03,2.21,1.9204173071597783
11.7,uav_02,1,15.623721781705026,4.625310291986698,5.678504123213307,0.032074793839334564,2.222074793839335,1.8582991753573384
11.7,uav_03,1,31.82217017092724,4.327065786820817,5.342580413127015,0.03,2.22,1.9246129380309476
11.8,uav_01,1,0.12378726954336718,4.657357733077133,5.588539032641501,0.03,2.2032347877557106,1.8897043632671313
11.8,uav_02,1,15.623721781705026,4.813978827215621,5.84009965490252,0.03,2.2073579310628926,1.8183948276572315
11.8,uav_03,1,31.82217017092724,4.552717283713368,5.541022639970779,0.03,2.214948868001461,1.8897954720058443
11.9,uav_01,1,0.11717720468071534,4.895105240604858,5.7995160219685316,0.03,2.185048397803147,1.8426209945078673
11.9,uav_02,1,15.623721781705026,5.00664890951344,6.000015718109041,0.03500087322828006,2.18999825354344,1.7699947606303197
11.9,uav_03,1,31.82217017092724,4.790025773608132,5.749096916709003,0.03,2.1985161140306313,1.8470322280612625
12.0,uav_01,1,0.11494532100083159,5.135377123384646,5.999402046879317,0.03,2.163399772568965,1.7801993177068947
12.0,uav_02,1,15.623721781705026,5.199719246795997,6.156577384715483,0.04,2.1652050256187816,1.7141087948328677
12.0,uav_03,1,31.82217017092724,5.030952832128375,5.955319657556581,0.03,2.176808457099307,1.7904253712979215
12.1,uav_01,1,0.11494532100083159,5.374717697756205,6.202566941982586,0.03,2.1236701174773502,1.7064227055853625
12.1,uav_02,1,15.62558827745554,5.386448701801654,6.305886243982599,0.04,2.1315561778864476,1.6531123557728948
12.1,uav_03,1,31.82217017092724,5.270035258242052,6.152596976913231,0.03,2.147900503847795,1.7184345089781878
12.2,uav_01,1,0.11494532100083159,5.604865012644782,6.3891172302915225,0.03994807237008952,2.080207710519642,1.6204154210392838
12.2,uav_02,1,15.632563728991045,5.589748137637809,6.461383570691302,0.041336473168206274,2.0933176341589688,1.5779717414861436
12.2,uav_03,1,31.82217017092724,5.50987855902088,6.347087065173287,0.03817150362073823,2.107313985517047,1.6427994746548322
12.3,uav_01,1,0.12378726954336718,5.8276475928944915,6.5676907943524245,0.04,2.0269236822590293,1.5248728037650494
12.3,uav_02,1,15.632563728991045,5.778658375267781,6.604422730515766,0.05,2.048230907793694,1.4967566642884398
12.3,uav_03,1,31.82217017092724,5.737023602231005,6.521548608086671,0.04,2.055766059972915,1.5503789079512473
12.4,uav_01,1,0.12378726954336718,6.048855103344001,6.725875686369104,0.04,1.9625913463610851,1.4172994509047172
12.4,uav_02,1,15.632563728991045,5.950849192793285,6.726905505355299,0.05,1.9992377978578801,1.406935962739447
12.4,uav_03,1,31.83061817126742,5.962822129337566,6.692871287129268,0.04,1.9926732673265242,1.4444554455442071
12.5,uav_01,1,0.12378726954336718,6.233380268376527,6.863834266938698,0.04,1.8979353947253161,1.3064606766719706
12.5,uav_02,1,15.632563728991045,6.11312693559421,6.847466740227397,0.04350221731817344,1.9510133039090407,1.3185243904999078
12.5,uav_03,1,31.83101211946978,6.175160460421611,6.852060230098197,0.04,1.928732166093418,1.3180982491401274
12.6,uav_01,1,0.12378726954336718,6.442039072475225,6.999983763205175,0.04,1.822512177596118,1.1800162367948237
12.6,uav_02,1,15.632563728991045,6.272731835663503,6.958330247088089,0.04,1.8941044633304065,1.2261566949956098
12.6,uav_03,1,31.83101211946978,6.384237786656613,6.988424312196803,0.04,1.8436817658523985,1.1915756878031978
12.7,uav_01,1,0.12378726954336718,6.6066592369455845,7.1111242915368695,0.04,1.7389779167846635,1.0686712918200627
12.7,uav_02,1,15.634542320984025,6.425091089569624,7.054615062865469,0.04,1.8298604031100711,1.1309094711589915
12.7,uav_03,1,31.83101211946978,6.582057055132641,7.119067940649828,0.04,1.744398957650142,1.057465161050205
12.8,uav_01,1,0.12378726954336718,6.767180096203551,7.2105575221226985,0.04,1.6485840707975457,0.9511592920368094
12.8,uav_02,1,15.640951982464907,6.561866699586172,7.1343557172591625,0.04,1.7646180495152313,1.036670515966445
12.8,uav_03,1,31.83101211946978,6.7823181551964185,7.236603305853091,0.04,1.6433966941469091,0.918076032976291
12.9,uav_01,1,0.12378726954336718,6.923564174589879,7.3047789187341685,0.04,1.5552210812658314,0.8382652975189977
12.9,uav_02,1,15.64140567753358,6.724371030287157,7.234664823641143,0.04,1.6825469624754281,0.9267292833005708
12.9,uav_03,1,31.83101211946978,6.955778581978929,7.339695970523249,0.04,1.5370044771963884,0.7937049249160273
13.0,uav_01,1,0.13186368844989682,7.090833479424908,7.393073667103172,0.04,1.4486579161210333,0.7195237077331368
13.0,uav_02,1,15.64140567753358,6.864323292293518,7.312275215757405,0.04,1.6008053158251054,0.8269663789901265
13.0,uav_03,1,31.834168512210123,7.1153596313435425,7.42498855565147,0.04,1.4307322696905462,0.6878718570195377
13.1,uav_01,1,0.13262921682938636,7.213129584512771,7.460349761628065,0.04,1.3494753575579024,0.6421065181684268
13.1,uav_02,1,15.64140567753358,7.0056284240634366,7.386347832161503,0.04,1.5062717307779347,0.7320652097981224
13.1,uav_03,1,31.839854066755798,7.253801114461396,7.490249616587529,0.04,1.325286371564235,0.6039647786731761
13.2,uav_01,1,0.13262921682938636,7.357043572452708,7.525108755053111,0.04,1.229782489893777,0.5523368674203327
13.2,uav_02,1,15.64140567753358,7.149796507572376,7.4605742405437105,0.04,1.404210419252399,0.6392821993203627
13.2,uav_03,1,31.839854066755798,7.381862849853314,7.552540807276302,0.04,1.2099020625368737,0.5199347083579159
13.3,uav_01,1,0.13262921682938636,7.480005365606492,7.58283174715129,0.04,1.1143365056974224,0.47289100379828164
13.3,uav_02,1,15.64583636138845,7.293110709447697,7.530065891900584,0.04,1.2898682161988313,0.5499121441325542
13.3,uav_03,1,31.839854066755798,7.519034786417789,7.606845293294157,0.04,1.0795712960940238,0.4364165893881805
13.4,uav_01,1,0.13262921682938636,7.597378997892923,7.637139570190785,0.04,0.9982929455802719,0.3980046017329003
13.4,uav_02,1,15.650247624819603,7.4166280657217305,7.581425659549968,0.04,1.178578417080075,0.47571894472005
13.4,uav_03,1,31.839854066755798,7.627662878725778,7.6575361551181285,0.03649276897637446,0.9579132277164936,0.3689566138582468
13.5,uav_01,1,0.13262921682938636,7.708258331801952,7.682969783945129,0.03175755401371781,0.8710906481646137,0.33878777006858907
13.5,uav_02,1,15.650247624819603,7.5188893501421745,7.621779773791565,0.04,1.0817285429002435,0.4158642714501217
13.5,uav_03,1,31.839854066755798,7.720386669313666,7.698369903565584,0.03,0.8493103535928612,0.31605016072402786
13.6,uav_01,1,0.1406573855818791,7.806432106608004,7.726318555145367,0.03,0.7501239733502432,0.2846018060682924
13.6,uav_02,1,15.650247624819603,7.610188172325315,7.662586788996945,0.04,0.9822396330091637,0.36611981650458186
13.6,uav_03,1,31.841751141765204,7.809075449627591,7.72643661858112,0.03,0.7463990652025548,0.27141784189183815
13.7,uav_01,1,0.14147116411540558,7.880325576700437,7.755378080955877,0.03,0.646947036495124,0.23770319840687454
13.7,uav_02,1,15.650247624819603,7.7017055845697495,7.699234646151026,0.04,0.87229606154692,0.31114803077346
13.7,uav_03,1,31.84869601529833,7.8788010953575185,7.753920978299678,0.03,0.6443160868012892,0.23215804340064458
13.8,uav_01,1,0.14147116411540558,7.950700896599846,7.77754135403975,0.03,0.5247518757615076,0.17737593788075384
13.8,uav_02,1,15.658285107622218,7.784328198973441,7.736360685719676,0.04,0.7700081142708866,0.2736393142803224
13.8,uav_03,1,31.84869601529833,7.938816085538947,7.78076631359294,0.03,0.5357852752388345,0.1773179024247128
13.9,uav_01,1,0.14147116411540558,7.995429792218632,7.796462518337116,0.03,0.4194561491458661,0.1123811858200966
13.9,uav_02,1,15.659089573362136,7.855998931731964,7.756370595756468,0.04,0.6699617233394326,0.22907351060883302
13.9,uav_03,1,31.84869601529833,7.984181429983934,7.797116080895254,0.03,0.445861555076109,0.1200937168666148
14.0,uav_01,1,0.14147116411540558,8.040643964641252,7.808415812068283,0.02158418793171636,0.30742606724888,0.02425769138544727
14.0,uav_02,1,15.659089573362136,7.936343544975483,7.785580576397898,0.03147314120070064,0.5476776944084076,0.16883884720420383
14.0,uav_03,1,31.84869601529833,8.028411882633698,7.8081605191114285,0.03,0.3320737706628478,0.036555327997135886
14.1,uav_01,1,0.14147116411540558,8.072974678755301,7.802402201831731,0.02,0.22161981648557705,-0.06597798168269219
14.1,uav_02,1,15.659089573362136,7.990337153772498,7.797667308438126,0.03,0.4379922987424881,0.10632884093311804
14.1,uav_03,1,31.84869601529833,8.06225667979628,7.809999999999999,0.022287859990874542,0.23287859990874543,-0.057121400091254576
14.2,uav_01,1,0.14854213043894432,8.098724516524923,7.792002932057879,0.02,0.14402052440515903,-0.201958951189682
14.2,uav_02,1,15.659089573362136,8.038727333577114,7.80798408835388,0.03,0.3221750281073125,0.01814320481507388
14.2,uav_03,1,31.84869601529833,8.097049248972246,7.793676859419712,0.02,0.15286900796899627,-0.1861004137718641
14.3,uav_01,1,0.15031311265794117,8.118211455031767,7.769672041918133,0.02,0.09612006986355406,-0.338415776436627
14.3,uav_02,1,15.659089573362136,8.07321415154769,7.809999999999999,0.022330279743349363,0.22330279743349363,-0.07669720256650639
14.3,uav_03,1,31.84869601529833,8.116603504519832,7.771845199996108,0.02,0.10974199999351138,-0.3068256000207636
14.4,uav_01,1,0.15031311265794117,8.13269359854215,7.726997695268019,0.02,0.053598156214414425,-0.5154087579815314
14.4,uav_02,1,15.666364175904816,8.099235741281182,7.793545247879538,0.02,0.14240836757838737,-0.21518326484322525
14.4,uav_03,1,31.84869601529833,8.13005563003888,7.743105451065601,0.02,0.0731054510656004,-0.4502491074383981
14.5,uav_01,1,0.15031311265794117,8.144567039963274,7.666209029449826,0.02,0.025403009816608802,-0.7405668920173032
14.5,uav_02,1,15.667931520648153,8.122959597616656,7.763254888941643,0.02,0.08542481490273565,-0.39155562933069876
14.5,uav_03,1,31.84869601529833,8.140269300487677,7.696016537932644,0.02,0.043147582266470086,-0.635376595068829
14.6,uav_01,1,0.15031311265794117,8.156397448012122,7.578380196551695,0.02,0.01204224406129963,-0.9989438984675093
14.6,uav_02,1,15.667931520648153,8.135996480565282,7.712118123538088,0.02,0.051270874122852125,-0.5919511305552698
14.6,uav_03,1,31.85100440487856,8.150462932027999,7.629114197309206,0.02,0.0273892746636508,-0.8452681334087301
14.7,uav_01,1,0.15031311265794117,8.158664076151473,7.481431599203465,0.02,0.0034526332669553702,-1.226778901792205
14.7,uav_02,1,15.667931520648153,8.14631860479532,7.647863349467562,0.02,0.03224667127644609,-0.795286615959093
14.7,uav_03,1,31.85753796258435,8.158664076151473,7.548813723849616,0.02,0.01823447698746796,-1.0759035983258332
14.8,uav_01,1,0.15031311265794117,8.164502385272364,7.366355132134671,0.02,0.0,-1.451508692616661
14.8,uav_02,1,15.667931520648153,8.158025845687469,7.5551754415159715,0.02,0.02057504905733005,-1.0650487245094187
14.8,uav_03,1,31.85753796258435,8.159950548953912,7.433772335861936,0.02,0.008840881132995502,-1.320137090542117
14.9,uav_01,1,0.15031311265794117,8.169762789485025,7.224536241711253,0.015560955394779634,-0.0044390446052203665,-1.6765370705252889
14.9,uav_02,1,15.667931520648153,8.158799269656935,7.428294659011738,0.02,0.009878189929409862,-1.3430452517647535
14.9,uav_03,1,31.85753796258435,8.169762789485025,7.280087431446224,0.02,0.0,-1.5948688528306627
15.0,uav_01,1,0.15031311265794117,8.169762789485025,7.06278367097728,0.01,-0.01,-1.887829433605254
15.0,uav_02,1,15.667931520648153,8.169762789485025,7.277725876072036,0.019318104226224247,-0.0006818957737757527,-1.6077292901181697
15.0,uav_03,1,31.85753796258435,8.169762789485025,7.1005028092285105,0.017394884696237428,-0.002605115303762573,-1.8473125366827765
15.1,uav_01,1,0.15031311265794117,8.169762789485025,6.885683831173361,0.01,-0.01,-2.07655671613712
15.1,uav_02,1,15.667931520648153,8.169762789485025,7.13347037072557,0.01130390948475391,-0.00869609051524609,-1.8160983533963984
15.1,uav_03,1,31.85753796258435,8.169762789485025,6.903899225034874,0.01,-0.01,-2.0580863785415366
15.2,uav_01,1,0.15031311265794117,8.169762789485025,6.689253991498974,0.01,-0.011852091295501176,-2.239633460728019
15.2,uav_02,1,15.667931520648153,8.169762789485025,6.884487792256145,0.01,-0.01,-2.081177711768249
15.2,uav_03,1,31.85753796258435,8.169762789485025,6.71055633929512,0.01,-0.01179289366840361,-2.2186862986944575
15.3,uav_01,1,0.15031311265794117,8.169762789485025,6.482895473149806,0.01,-0.02,-2.3830101728880946
15.3,uav_02,1,15.667931520648153,8.169762789485025,6.647556008570143,0.01,-0.01314973875781984,-2.2772460813672977
15.3,uav_03,1,31.85753796258435,8.169762789485025,6.502946327230514,0.01,-0.02,-2.3646540727501386
15.4,uav_01,1,0.15031311265794117,8.169762789485025,6.248926917656774,0.01,-0.01955707670627087,-2.4939863096435624
15.4,uav_02,1,15.667931520648153,8.169762789485025,6.397671655549898,0.01,-0.02,-2.42616417222505
15.4,uav_03,1,31.85753796258435,8.169762789485025,6.277483080300432,0.010500676787982686,-0.019499323212017312,-2.484506091091844
15.5,uav_01,1,0.15031311265794117,8.169762789485025,5.983018063304801,0.01,-0.01,-2.5862266007758157
15.5,uav_02,1,15.667931520648153,8.169762789485025,6.135316695805145,0.01,-0.015589103684813282,-2.5352871705214937
15.5,uav_03,1,31.85753796258435,8.169762789485025,6.013808111794813,0.01902993006647458,-0.01,-2.5758204196011523
15.6,uav_01,1,0.15031311265794117,8.169762789485025,5.71190743938523,0.01,-0.008589164421675177,-2.64282167115665
15.6,uav_02,1,15.672452124312024,8.169762789485025,5.857070350615624,0.01,-0.01,-2.610676072934856
15.6,uav_03,1,31.85753796258435,8.169762789485025,5.727236897897028,0.01,-0.008355265303731875,-2.6349342040888044
15.7,uav_01,1,0.1507975650515741,8.169762789485025,5.465206635817914,0.01,0.0,-2.66
15.7,uav_02,1,15.676773467934176,8.169762789485025,5.572059104649739,0.01,-0.0041503372092495695,-2.651699325581501
15.7,uav_03,1,31.85753796258435,8.169762789485025,5.44311540095412,0.01,0.0,-2.66
15.8,uav_01,1,0.1579039943798297,8.169762789485025,5.2482028631689985,0.01,0.0,-2.66
15.8,uav_02,1,15.676773467934176,8.169762789485025,5.284432175805167,0.01,0.0,-2.66
15.8,uav_03,1,31.85753796258435,8.169762789485025,5.153749443519171,0.01,0.0,-2.6568055349451547
15.9,uav_01,1,0.15915505994396037,8.169762789485025,4.97281462598252,0.01,0.0,-2.651215356517871
15.9,uav_02,1,15.676773467934176,8.169762789485025,4.997339927251935,0.01,0.0,-2.6528644417500717
15.9,uav_03,1,31.85753796258435,8.169762789485025,4.884904622222922,0.01,0.0,-2.64119702988513
16.0,uav_01,1,0.15915505994396037,8.169762789485025,4.676620165707595,0.01,0.009406422653300184,-2.6217807320400994
16.0,uav_02,1,15.676773467934176,8.169762789485025,4.710052678295968,0.01,0.007775826729778922,-2.626672519810663
16.0,uav_03,1,31.85753796258435,8.169762789485025,4.634946234723536,0.01,0.001802150611058543,-2.616395698777883
16.1,uav_01,1,0.15915505994396037,8.169762789485025,4.396765329207173,0.01,0.010124410415108672,-2.599626768754674
16.1,uav_02,1,15.676773467934176,8.169762789485025,4.420764417219226,0.01,0.01,-2.6030195864606838
16.1,uav_03,1,31.85753796258435,8.169762789485025,4.311173465588219,0.01,0.014400982755991876,-2.5867970517320242
16.2,uav_01,1,0.1583879231185873,8.170725725683583,4.116574510551739,0.01,0.02,-2.567397167839082
16.2,uav_02,1,15.676773467934176,8.169762789485025,4.141882915157184,0.01,0.019158349417031442,-2.5725249517489055
16.2,uav_03,1,31.85753796258435,8.17442124905774,4.050870271303867,0.01,0.02,-2.5616054054849124
16.3,uav_01,1,0.15031311265794117,8.180861502029966,3.8342850424362123,0.01,0.02137365221399181,-2.534505391144033
16.3,uav_02,1,15.676773467934176,8.180618441558147,3.855912967573984,0.01,0.02,-2.5406569963971095
16.3,uav_03,1,31.85753796258435,8.180861502029966,3.7930372574109024,0.01,0.024113951638042228,-2.537658145085873
16.4,uav_01,1,0.15031311265794117,8.180861502029966,3.563955869513764,0.01,0.031841765219449404,-2.4668482260499105
16.4,uav_02,1,15.676773467934176,8.180861502029966,3.5772466469052255,0.01,0.03102026824758196,-2.4903074516479715
16.4,uav_03,1,31.85753796258435,8.180861502029966,3.538923059907876,0.01,0.033887574618927864,-2.46557395533501
16.5,uav_01,1,0.15031311265794117,8.182086087806809,3.334622758493802,0.01,0.04331007497906927,-2.2902093251883766
16.5,uav_02,1,15.675684672222436,8.182228195484756,3.31167784362434,0.01,0.052462796206579086,-2.275520853107893
16.5,uav_03,1,31.85753796258435,8.18525030392425,3.285095985185658,0.01,0.04790866790119521,-2.28114165123506
16.6,uav_01,1,0.15031311265794117,8.19196021536352,3.0965185654007157,0.01,0.07334814345992849,-2.001451919831037
16.6,uav_02,1,15.667931520648153,8.19196021536352,3.0724397374404098,0.01,0.07563403938393845,-1.975537619288595
16.6,uav_03,1,31.85753796258435,8.19196021536352,3.065307205781491,0.01,0.06711359944938183,-2.026852807983963
16.7,uav_01,1,0.15031311265794117,8.194286259854556,2.894371765303593,0.01,0.09628733553465998,-1.7013182016765067
16.7,uav_02,1,15.667931520648153,8.194304395186887,2.8740939847714273,0.01,0.10422423708571443,-1.6829727993428552
16.7,uav_03,1,31.85753796258435,8.195959537494545,2.8651386091387763,0.01,0.09081023181020395,-1.7391045031047632
16.8,uav_01,1,0.15031311265794117,8.204763457951087,2.7369631505546606,0.01,0.12153578996302261,-1.4416052509244348
16.8,uav_02,1,15.667931520648153,8.204678578854114,2.7195696117945336,0.01,0.12145931344324762,-1.4335171639188093
16.8,uav_03,1,31.85753796258435,8.206059295852718,2.709449797483633,0.01,0.11540669366884893,-1.4897129823049642
16.9,uav_01,1,0.15031311265794117,8.21770054433448,2.5892508696432133,0.01,0.13159608695052202,-1.1948860870885156
16.9,uav_02,1,15.667931520648153,8.218115064420072,2.5768232183692508,0.01,0.13178282935621147,-1.1807777541633475
16.9,uav_03,1,31.85753796258435,8.215970844738633,2.5787618307675038,0.01,0.13163370532557664,-1.2624247775117377
17.0,uav_01,1,0.15031311265794117,8.23582197252304,2.4831220962568845,0.01,0.13975983874947046,-1.01528354751165
17.0,uav_02,1,15.667931520648153,8.236051088953726,2.4717802679253396,0.01,0.13986305631343549,-1.0030127611044197
17.0,uav_03,1,31.85753796258435,8.224981398321601,2.473220590933432,0.01,0.1397522622358899,-1.0756979685745327
17.1,uav_01,1,0.15031311265794117,8.247737451130124,2.3779552953289156,0.01,0.12974441191611435,-0.805655002573944
17.1,uav_02,1,15.667931520648153,8.247874532907307,2.3669672040209404,0.010379099497382353,0.12962090050261765,-0.7931762090471177
17.1,uav_03,1,31.84869601529833,8.236735565756836,2.358457265472715,0.01,0.13,-0.866743115997955
17.2,uav_01,1,0.15031311265794117,8.257853344707549,2.3050395021308425,0.01,0.12062993776635521,-0.6507089420280385
17.2,uav_02,1,15.667931520648153,8.257970311412995,2.294196401119535,0.019475449860058044,0.12052455013994195,-0.6294419025189553
17.2,uav_03,1,31.84869601529833,8.257571019683898,2.273979413684848,0.01,0.13,-0.6884009844457907
17.3,uav_01,1,0.14258035656517723,8.268258911972685,2.23878126253625,0.01874553392339292,0.11125446607660708,-0.5000714572257132
17.3,uav_02,1,15.667931520648153,8.269887865727393,2.2191470801686584,0.020426459915671123,0.11,-0.44680155063246657
17.3,uav_03,1,31.84869601529833,8.268225981358059,2.2089889571540446,0.018715863263707812,0.12128413673629218,-0.5318303245169672
17.4,uav_01,1,0.14147116411540558,8.278510557547714,2.190088393259277,0.027982321348144587,0.11,-0.36026517977783123
17.4,uav_02,1,15.667931520648153,8.280200651937093,2.1819795783159,0.03901021084204969,0.11,-0.3074234186846273
17.4,uav_03,1,31.84869601529833,8.278505578952744,2.152132986355098,0.027977835607483695,0.1120221643925163,-0.39033246588774456
17.5,uav_01,1,0.14147116411540558,8.290178486618757,2.146019248927092,0.03849518776822706,0.10150481223177295,-0.2110673712448212
17.5,uav_02,1,15.667931520648153,8.292021185181145,2.1396890619676787,0.05046640704848275,0.0998445309838391,-0.15797890278990812
17.5,uav_03,1,31.84869601529833,8.290066615598892,2.1148168258547693,0.046788782763486796,0.10160560861825661,-0.23408412927384903
17.6,uav_01,1,0.14147116411540558,8.300611063561991,2.1242100093555547,0.0478949953222223,0.0921050046777777,-0.09526005613333242
17.6,uav_02,1,15.667931520648153,8.302164657313579,2.1214104168173975,0.07788437477390277,0.09070520840869908,-0.03916770931308804
17.6,uav_03,1,31.84869601529833,8.300505095345551,2.0866014478205326,0.06559903478631166,0.09220048260684417,-0.10860627388897426
17.7,uav_01,1,0.1477991353607517,8.310890431214629,2.1128432390044964,0.0714702829865083,0.08284323900449723,0.008724370950530455
17.7,uav_02,1,15.676673959057315,8.31392115353338,2.119999999999999,0.10966237456419177,0.08011254181193608,0.07876204006870315
17.7,uav_03,1,31.85492307048526,8.310763759079329,2.0729573712831617,0.09112788615051551,0.0829573712831615,-0.0025310841147764968
17.8,uav_01,1,0.15031311265794117,8.320994919452703,2.1099999999999994,0.09878287722681857,0.07373904092439382,0.11513150890727428
17.8,uav_02,1,15.683877813586925,8.32296367577999,2.128034819043082,0.14213927617232514,0.07196518095691873,0.1764178285169754
17.8,uav_03,1,31.863095877441395,8.314046060455377,2.0700000000000003,0.12514339738637328,0.07371415065340668,0.10543019215911985
17.9,uav_01,1,0.15573167544163177,8.32514477378893,2.1222564919432587,0.12838473791488794,0.06387175402837068,0.22741070568792243
17.9,uav_02,1,15.692620815504702,8.333938189207927,2.1458458285293562,0.18169165705871176,0.062077085735322064,0.2871520569114573
17.9,uav_03,1,31.871941568667665,8.321027242980167,2.0825801654930314,0.16516033098606245,0.06370991725348439,0.22548099295818735
18.0,uav_01,1,0.16980311857843303,8.331827676215443,2.1480639923539004,0.16408532313853344,0.05397866921536664,0.3362346386309669
18.0,uav_02,1,15.707783850824475,8.336243487122482,2.1726078357240075,0.22014378096534343,0.05246405475866415,0.3928953976546944
18.0,uav_03,1,31.88460692380584,8.331035000208644,2.105921376404706,0.20122850187294178,0.05469287453176456,0.3283783801505899
18.1,uav_01,1,0.1823100698284048,8.343111015796568,2.1847507200796836,0.19856304005976308,0.04381231998007897,0.4418768001992103
18.1,uav_02,1,15.726062382781622,8.344980620448112,2.2114888151916388,0.2614888151916385,0.03425559240418076,0.4987220379790962
18.1,uav_03,1,31.900841437759187,8.336243487122482,2.1379500810421526,0.23346256078161473,0.04551247973946176,0.4248752026053824
18.2,uav_01,1,0.19604324089591754,8.347342200456035,2.22929879800765,0.2275792788045902,0.034140240398469926,0.5385975960153007
18.2,uav_02,1,15.749230698775355,8.347342200456035,2.2638942730793445,0.30657856089945423,0.022684287820109162,0.5931571217989084
18.2,uav_03,1,31.922285896012628,8.341137329253405,2.182046889508025,0.2720468895080249,0.03559062209839502,0.5240937790160498
18.3,uav_01,1,0.21893651970028527,8.347342200456035,2.2852223754207817,0.2634815836138543,0.01825920819307286,0.6387039590346357
18.3,uav_02,1,15.771312930700075,8.353602442413491,2.3138430686656126,0.34256204577707544,0.014359488555731142,0.6764051144426886
18.3,uav_03,1,31.94820682557593,8.347342200456035,2.235087984596987,0.31672532306465784,0.02163733846767109,0.6218133076616446
18.4,uav_01,1,0.24155211330620838,8.3546611376157,2.3561608103371503,0.30637760590694274,0.003405598523264314,0.7459440147673569
18.4,uav_02,1,15.794334084306463,8.358440913789588,2.365915652904894,0.37619728306555883,0.006760543386888225,0.7523945661311177
18.4,uav_03,1,31.976473813516737,8.352711454333546,2.3038640849736645,0.3641886321240464,0.005162273575190726,0.7283772642480928
18.5,uav_01,1,0.2733406439166319,8.358440913789588,2.4382815151960098,0.3491407575980045,-0.007285189399501128,0.8528518939950113
18.5,uav_02,1,15.819692618965998,8.358440913789588,2.4232752639439674,0.4124564479579754,-0.0008188159859918222,0.8240940799299591
18.5,uav_03,1,32.00484226979129,8.358440913789588,2.3842589977303783,0.42319424829778396,-0.005532374716297324,0.8353237471629733
18.6,uav_01,1,0.3038361785801705,8.358440913789588,2.5387678981685733,0.3993839490842862,-0.025753579633714496,0.9508911083517152
18.6,uav_02,1,15.847401550978978,8.358440913789588,2.4859513445579142,0.4594635084184357,-0.016487836139478566,0.9024391806973928
18.6,uav_03,1,32.044165394592106,8.358440913789588,2.4759268947199287,0.48107049706662713,-0.02242819882665085,0.9359268947199288
18.7,uav_01,1,0.3478231034790642,8.358440913789588,2.6467567458982337,0.4447026983592934,-0.03867567458982335,1.0567567458982334
18.7,uav_02,1,15.88804343498671,8.358440913789588,2.564900877749265,0.5089405266495592,-0.03298017554985308,0.9784107899743388
18.7,uav_03,1,32.091948125371495,8.358440913789588,2.5872451946658646,0.5351114521208479,-0.04404458084833915,1.0332006138175263
18.8,uav_01,1,0.3951960295183089,8.358440913789588,2.7633028684728003,0.49695584930581854,-0.05878233972232742,1.1545205287504734
18.8,uav_02,1,15.930161513799247,8.358440913789588,2.653149833427246,0.5565749167136231,-0.05062996668544925,1.0578348500845216
18.8,uav_03,1,32.14608936350354,8.349868322132037,2.7049634596363434,0.5963437052561873,-0.07317185262809361,1.1295155578842808
18.9,uav_01,1,0.4435373101442693,8.347342200456035,2.893528436938497,0.541357091130191,-0.08054283645207638,1.2524427640343436
18.9,uav_02,1,15.968016083922683,8.354137410913317,2.74652974895668,0.5993873953986167,-0.07163243723917007,1.131019832637787
18.9,uav_03,1,32.21075505447961,8.347342200456035,2.8319636997052373,0.6524848748771824,-0.10549092492630942,1.2264727747789284
19.0,uav_01,1,0.49932212314685304,8.34646917556223,3.0310124012990904,0.593933000463961,-0.10235980027837666,1.3462928007423378
19.0,uav_02,1,16.008159744510507,8.3449973955148,2.845352181328759,0.6405634088869828,-0.09845072710958624,1.2011268177739656
19.0,uav_03,1,32.26867467991345,8.338624267445757,2.9521137547457705,0.6992745210560656,-0.14141961684485244,1.318549042112131
19.1,uav_01,1,0.5575974430895726,8.334558482785305,3.1827729686298576,0.6460727916346286,-0.13455459372597145,1.4321455832692571
19.1,uav_02,1,16.065219025130457,8.334765574408225,2.957310894252273,0.6879896435010492,-0.13399482175052457,1.2919844652515737
19.1,uav_03,1,32.33919218189684,8.318280861433104,3.0932909518849585,0.7585532650935538,-0.1742766325467769,1.404737686791405
19.2,uav_01,1,0.6228682765969382,8.32056357244129,3.3430214962597287,0.690319217581165,-0.166191530548699,1.514446904613631
19.2,uav_02,1,16.12323264268463,8.324536433839587,3.0782217631593105,0.743288705263724,-0.16164435263186205,1.3743849403516322
19.2,uav_03,1,32.41528228073342,8.304224602052601,3.252737806700612,0.8230951226802449,-0.1976983742267483,1.4907934969069931
19.3,uav_01,1,0.6911005379056375,8.299948514698896,3.513231435881473,0.740807858970368,-0.19810589422777605,1.588913753198144
19.3,uav_02,1,16.2052145291368,8.31192278833591,3.234348096921849,0.8057392387687395,-0.19191307958957982,1.4576523183583192
19.3,uav_03,1,32.498087925971895,8.282120141976057,3.410740678503351,0.8862962714013404,-0.2187654238004468,1.5750616952017873
19.4,uav_01,1,0.7665949897412805,8.284357594670672,3.6873704692509714,0.7834989339414049,-0.22337473348535122,1.6602484009121072
19.4,uav_02,1,16.269073750263647,8.291883222867073,3.3697662682350296,0.8599065072940122,-0.2099688357646707,1.529875343058683
19.4,uav_03,1,32.5904465215566,8.269773355950132,3.588129047373675,0.9394497198157867,-0.22988994396315737,1.6393396637789441
19.5,uav_01,1,0.8422722102202357,8.261614080851045,3.865173449709645,0.8281037360304568,-0.23362074720609136,1.7181037360304567
19.5,uav_02,1,16.351377860688643,8.281531378411596,3.5187344466727817,0.9157754175022934,-0.2192959029170489,1.5950713204193423
19.5,uav_03,1,32.67310981464206,8.249143149080867,3.7470618997057605,0.9954336116608568,-0.23,1.6954336116608566
19.6,uav_01,1,0.918414331255175,8.241082815636329,4.031662468225776,0.871480548494617,-0.24,1.7643506856182711
19.6,uav_02,1,16.43357774358118,8.261676818333356,3.676072224646663,0.9629624190137247,-0.22859248380274494,1.6601473866192145
19.6,uav_03,1,32.76272632503159,8.228536899995067,3.904875799099228,1.042610529146832,-0.2214778941706336,1.742610529146832
19.7,uav_01,1,1.0006493784843618,8.222847163199997,4.201243205175014,0.9065120850276338,-0.23782930499078875,1.808682780036845
19.7,uav_02,1,16.524955715413466,8.238736671942785,3.8517603827634943,1.0235624880341747,-0.2210729186609709,1.7146354066951455
19.7,uav_03,1,32.873564582712284,8.215165942758379,4.0936472818478045,1.095457578291057,-0.20181696868357724,1.795457578291057
19.8,uav_01,1,1.082607136448185,8.210961451788346,4.37735795257443,0.9357595689630376,-0.2285601077592406,1.8443196767222783
19.8,uav_02,1,16.621560816991778,8.227242236243367,4.017792792956151,1.0710535535989307,-0.21178928928021384,1.7610535535989307
19.8,uav_03,1,32.97108936743703,8.195771506218122,4.267377062520157,1.133132013162138,-0.1917169967094655,1.8331320131621383
19.9,uav_01,1,1.1755527437996687,8.187627755034168,4.577083915364015,0.9758553550574761,-0.2160964299616826,1.8758553550574761
19.9,uav_02,1,16.73202054312156,8.20611931685929,4.205183165262336,1.1144851478360747,-0.20137871304098137,1.8044851478360746
19.9,uav_03,1,33.08731280440027,8.182497149105641,4.46199919170462,1.165578819742835,-0.17294745350477672,1.8655788197428351
20.0,uav_01,1,1.272125310648406,8.166863122608861,4.782252306893966,1.0078378460340949,-0.19738738465530173,1.9026126153446983
20.0,uav_02,1,16.831805015575267,8.194151384409182,4.382489154718776,1.1521029799407945,-0.18394851002960272,1.8421029799407946
20.0,uav_03,1,33.19523045964053,8.172077002944748,4.640382742091306,1.193744643488101,-0.15417023767459928,1.8858297623254006
20.1,uav_01,1,1.37122004273127,8.155814279107636,4.978785964828213,1.0325676823593797,-0.18486463528124078,1.91
20.1,uav_02,1,16.94843008267254,8.173483643857645,4.578151157045523,1.1849712353229773,-0.16335250978468172,1.8749712353229773
20.1,uav_03,1,33.31335703907823,8.160671118820785,4.843832876676881,1.2245749315015322,-0.13361671233231182,1.898191643833844
20.2,uav_01,1,1.4571484654799967,8.145952039091478,5.134536132954844,1.0407268066477422,-0.16854638670451572,1.9092731933522578
20.2,uav_02,1,17.057743702854037,8.161068280595979,4.7588421801043115,1.2135013968585755,-0.14433240209428302,1.895667597905717
20.2,uav_03,1,33.42299983116111,8.150084398932574,5.034606700093096,1.2454606700093098,-0.12226966499534514,1.9077303350046548
20.3,uav_01,1,1.5460021964667043,8.125673453324284,5.317247273947124,1.0498623636973563,-0.15027527260528764,1.9001376363026437
20.3,uav_02,1,17.176391574591893,8.149612062095148,4.9631182603655395,1.236311826036554,-0.13184408698172306,1.9
20.3,uav_03,1,33.549218999934254,8.138587711394633,5.233689325885003,1.2580889118886844,-0.09573326433394679,1.893822176222631
20.4,uav_01,1,1.641841645616586,8.115482887095407,5.489223158043882,1.0410935179976906,-0.13218703599538104,1.8732805539930717
20.4,uav_02,1,17.307931552918085,8.13767205140998,5.1782785285214965,1.2578278528521496,-0.11217214714785032,1.9
20.4,uav_03,1,33.667356283521436,8.127995573371269,5.422649696564205,1.26,-0.0747350303435794,1.8823675151717896
20.5,uav_01,1,1.7331294835407203,8.105176166602178,5.673857856093939,1.0318071071953032,-0.11361421439060622,1.8454213215859094
20.5,uav_02,1,17.440920778800518,8.136466649484367,5.383488604594806,1.269657294978674,-0.08102811506397813,1.880685410042652
20.5,uav_03,1,33.794743172274956,8.125367936150816,5.6205422358556145,1.252076724428652,-0.05415344885730374,1.8562301732859556
20.6,uav_01,1,1.8186850071430842,8.10317051027232,5.825324150754509,1.0235931027358607,-0.10359310273586067,1.8143724109434427
20.6,uav_02,1,17.571451609149893,8.125367936150816,5.584041302357444,1.2597979348821278,-0.05959586976425547,1.8593938046463834
20.6,uav_03,1,33.900403666360496,8.125367936150816,5.782719606358319,1.2435410733495622,-0.04354107334956218,1.8241642933982487
20.7,uav_01,1,1.9004970510758508,8.098185176047663,5.975344442568983,1.0065245616996341,-0.09101637446642277,1.7730491233992682
20.7,uav_02,1,17.70509024848998,8.125367936150816,5.797962123063352,1.2480042085485166,-0.03900210427425833,1.8250105213712917
20.7,uav_03,1,34.00889537944351,8.125367936150816,5.9492425912057305,1.2295534114520283,-0.03477670572601422,1.789106822904057
20.8,uav_01,1,1.9832201790966542,8.092071796938768,6.133946858320896,0.9810088569465171,-0.07400590463101142,1.7220177138930342
20.8,uav_02,1,17.837465680185414,8.125367936150816,5.9946143690812494,1.2245345733029607,-0.03,1.7708909555049346
20.8,uav_03,1,34.11245009980586,8.125367936150816,6.10956814901191,1.2045404113306863,-0.03,1.7468106169960296
20.9,uav_01,1,2.070503418677689,8.089665321790969,6.296860198369948,0.9513270121482478,-0.06,1.6648222712594336
20.9,uav_02,1,17.963894099846982,8.125367936150816,6.1945285669564,1.1895226901279057,-0.03261932746802358,1.711664707723835
20.9,uav_03,1,34.2041836648538,8.123319642646978,6.25137389760306,1.1726179064463385,-0.03369104677683074,1.695235812892677
21.0,uav_01,1,2.1509736703120494,8.080973083605215,6.4503073810531815,0.9136539434208808,-0.05873078868417616,1.5985770981575855
21.0,uav_02,1,18.091137425286707,8.121614787031127,6.377487325888313,1.1464735703792204,-0.043381607405194894,1.6329471407584408
21.0,uav_03,1,34.29891999116972,8.114269222817262,6.391485520517423,1.1395630822007579,-0.050087383559848424,1.6293009315212126
21.1,uav_01,1,2.222413246782871,8.080973083605215,6.579581297938727,0.8732558443941477,-0.05065116887882954,1.525860519909466
21.1,uav_02,1,18.209821358758152,8.114269222817262,6.557455454140042,1.0989201705812364,-0.058431931767505496,1.5378403411624726
21.1,uav_03,1,34.391656870931484,8.114269222817262,6.528640032331348,1.0992235199025446,-0.0581552960194911,1.5647576318440712
21.2,uav_01,1,2.3021541758260318,8.080973083605215,6.723876977487053,0.828163444535296,-0.0583673110929408,1.427959577977651
21.2,uav_02,1,18.32410589570761,8.108814687149932,6.7237184918328445,1.0355980371446727,-0.07491456612218964,1.425939772655914
21.2,uav_03,1,34.49940566804599,8.114269222817262,6.690506369000045,1.0410601116249827,-0.0763132961250058,1.460276871312468
21.3,uav_01,1,2.3686710774672446,8.073709358185356,6.841625175659422,0.7807320675745337,-0.06654465540424438,1.3314641351490675
21.3,uav_02,1,18.4274047523777,8.10317051027232,6.877494321915905,0.9612528390420482,-0.09107061741655767,1.303576295500654
21.3,uav_03,1,34.593417666351414,8.105773182169639,6.827169699715251,0.9840701286934637,-0.08765497855108939,1.3481402573869272
21.4,uav_01,1,2.4388485173988688,8.069874370271663,6.968439814245742,0.7237970088096575,-0.07,1.217594017619315
21.4,uav_02,1,18.530883140859025,8.09631759866315,7.020268629562576,0.8806039202691844,-0.1,1.1697313704374246
21.4,uav_03,1,34.69221477317375,8.094499229150946,6.961567317931424,0.9074970351191229,-0.09781287061010964,1.2262455526786844
21.5,uav_01,1,2.508243512754182,8.063387937118444,7.090131731038876,0.6649341344805619,-0.07,1.0940239580412177
21.5,uav_02,1,18.621925048987713,8.084563455034893,7.144415617793228,0.8026446068588551,-0.1067650561630207,1.032054269880731
21.5,uav_03,1,34.771899714962956,8.092071796938768,7.085424413903427,0.8386176232827705,-0.1,1.1045755860965738
21.6,uav_01,1,2.569259721902188,8.05877565693811,7.196197652899672,0.6093467347819971,-0.07510887753633382,0.9786934695639943
21.6,uav_02,1,18.708429119998325,8.080973083605215,7.2563547025580935,0.7189162379535259,-0.10236452974419075,0.8983743569302888
21.6,uav_03,1,34.85236122226658,8.083801675764418,7.194514233549469,0.760388613160424,-0.1,0.9731314963856891
21.7,uav_01,1,2.6260782490909627,8.053222168598511,7.295033503933555,0.549977664044296,-0.07499627734071601,0.8599553280885922
21.7,uav_02,1,18.77161937351171,8.073015992134804,7.344524437276166,0.6498143265629825,-0.1,0.7911367988846868
21.7,uav_03,1,34.92797297585757,8.073256071056935,7.28953069528295,0.6913285133019345,-0.1,0.856563165660459
21.8,uav_01,1,2.6827387230477115,8.047676943604557,7.385471699931206,0.48589622505159596,-0.07,0.7374764125945926
21.8,uav_02,1,18.834620885940705,8.069874370271663,7.428787032026974,0.5785613469763974,-0.0926516209966282,0.6791678309629102
21.8,uav_03,1,34.99634087279933,8.069874370271663,7.3841569349379155,0.620100161714955,-0.09287145167356499,0.7415859684092149
21.9,uav_01,1,2.729906503429956,8.04158391952395,7.463918781072567,0.4325507618296461,-0.07,0.6405913712933629
21.9,uav_02,1,18.90098776361407,8.06091647700087,7.506497767814207,0.5115733418735364,-0.09,0.5773600128103047
21.9,uav_03,1,35.056536322528736,8.062267115916367,7.457979237670809,0.5520207623291913,-0.09,0.6483124087089602
22.0,uav_01,1,2.7738469497312277,8.036578231059616,7.532573610710074,0.3828553244082713,-0.07,0.5511395839348884
22.0,uav_02,1,18.951824480354063,8.049010410158543,7.572791237070945,0.4472087629290537,-0.09,0.4896116839054049
22.0,uav_03,1,35.114071771183845,8.05877565693811,7.530225291112367,0.48694975047511446,-0.09,0.5554246257126718
22.1,uav_01,1,2.81273215212729,8.036578231059616,7.58640346438598,0.3335965356140189,-0.06471930712280378,0.47303514985962647
22.1,uav_02,1,18.99900538684989,8.047676943604557,7.627353006422875,0.3831763922925491,-0.09,0.4137057910079739
22.1,uav_03,1,35.163546684131276,8.050117547180431,7.589005015705311,0.4231939811536278,-0.09,0.4675919748715038
22.2,uav_01,1,2.8434310707913615,8.03071722074291,7.6364040080168065,0.28359599198319346,-0.06,0.3977535871731095
22.2,uav_02,1,19.04638655252012,8.036578231059616,7.671253068664273,0.3178071298375267,-0.08,0.32718059550539147
22.2,uav_03,1,35.205894373240795,8.047676943604557,7.636899088194279,0.3657210941668647,-0.09,0.3983412765280089
22.3,uav_01,1,2.869767015801603,8.025479517726064,7.680836846132285,0.23395394233464278,-0.05479078846692856,0.31832630773542847
22.3,uav_02,1,19.074668455578863,8.035495789433094,7.711950571375244,0.24414828587427048,-0.07902471431237842,0.23024714312378414
22.3,uav_03,1,35.240933136463575,8.040316564010844,7.676526967209611,0.31020954918558336,-0.08336825819759723,0.32031432377837504
22.4,uav_01,1,2.890319508488875,8.025479517726064,7.708871939120698,0.1833841826379044,-0.05,0.23564030439650735
22.4,uav_02,1,19.101386220007463,8.025479517726064,7.7315714573616265,0.1805712558302418,-0.06842854263837364,0.12114251166048363
22.4,uav_03,1,35.270676501063555,8.036578231059616,7.710165894841005,0.24294624537098708,-0.07327803505299817,0.2295023154769834
22.5,uav_01,1,2.906673065030509,8.025479517726064,7.727367361962114,0.1315815950947125,-0.04631631901894251,0.13947950920836755
22.5,uav_02,1,19.117009153407874,8.025479517726064,7.739999999999998,0.12593988531693387,-0.05918797706338677,0.009443701824028062
22.5,uav_03,1,35.290892989940545,8.029347314637903,7.726515094321657,0.17439433974839846,-0.07,0.12181886814011167
22.6,uav_01,1,2.9209475559684632,8.025479517726064,7.739999999999998,0.08946574295537646,-0.03648858098512548,0.027862971821505794
22.6,uav_02,1,19.125142353544444,8.025467920305719,7.739979101324635,0.07997910132463666,-0.05,-0.1101776387405884
22.6,uav_03,1,35.309147458074314,8.025479517726064,7.736837745364522,0.11581127317738849,-0.0631622546354777,-0.002052944374267618
22.7,uav_01,1,2.9305099867722255,8.020677918975526,7.735673733876861,0.05702120163058517,-0.03,-0.11922025797021245
22.7,uav_02,1,19.132377475547063,8.016386150076668,7.72361365434693,0.06361365434693107,-0.05,-0.24928393805108584
22.7,uav_03,1,35.32130382157106,8.01723982950407,7.732575996897692,0.07772799069307648,-0.05257599689769216,-0.15878404963692547
22.8,uav_01,1,2.935526672357637,8.01438080439251,7.714794867677481,0.03493162255916036,-0.03,-0.3012307939351135
22.8,uav_02,1,19.141324166546042,8.01438080439251,7.695065095486517,0.04337673032434427,-0.041688365162172135,-0.4379210619187294
22.8,uav_03,1,35.33080339404905,8.01438080439251,7.7054967235965055,0.05366448239767051,-0.05,-0.3470196584209655
22.9,uav_01,1,2.9406247652231112,8.01438080439251,7.676936790161358,0.024234197540339585,-0.03,-0.5110818516528687
22.9,uav_02,1,19.148827350126968,8.01438080439251,7.649214827078005,0.03320247117966747,-0.04,-0.6195456340473156
22.9,uav_03,1,35.34048986449461,8.01438080439251,7.663508439809567,0.03175421990478315,-0.04087710995239158,-0.5624578009521684
23.0,uav_01,1,2.9443686209001725,8.01438080439251,7.614671519619982,0.013524502802854648,-0.03,-0.7554119327314884
23.0,uav_02,1,19.151658958664925,8.01438080439251,7.595920400940401,0.02513148584862894,-0.04,-0.8068443396329054
23.0,uav_03,1,35.341265400601124,8.01438080439251,7.590779677739308,0.02011138253418685,-0.04,-0.8173268191795154
23.1,uav_01,1,2.9443686209001725,8.01438080439251,7.518840827206765,0.01,-0.03,-1.0250138492624072
23.1,uav_02,1,19.154600635577598,8.01438080439251,7.523403484557561,0.01667304405068745,-0.03667304405068745,-1.019827810631439
23.1,uav_03,1,35.35010734788714,8.01438080439251,7.495185716307046,0.019598809692253843,-0.03959880969225384,-1.0908321383091464
23.2,uav_01,1,2.9443686209001725,8.01438080439251,7.397574791185188,0.01,-0.022297899265432318,-1.3079567198333275
23.2,uav_02,1,19.160500905950943,8.01438080439251,7.413267956002128,0.01,-0.03,-1.2734640879957415
23.2,uav_03,1,35.35010734788714,8.01438080439251,7.366158498228956,0.01,-0.03,-1.37471696744829
23.3,uav_01,1,2.9443686209001725,8.01438080439251,7.253035228505262,0.001645373464661577,-0.02,-1.5788656633834606
23.3,uav_02,1,19.160500905950943,8.01117975009331,7.27673749465818,0.01,-0.03,-1.532104175569701
23.3,uav_03,1,35.35010734788714,8.014312292586489,7.238950598445624,0.009938270496801474,-0.03,-1.6014815080767648
23.4,uav_01,1,2.9443686209001725,8.01438080439251,7.076740057727434,0.0,-0.02,-1.8273516866040576
23.4,uav_02,1,19.160500905950943,8.003282091058958,7.132657803188855,0.007925433510491908,-0.03,-1.757715029258686
23.4,uav_03,1,35.35010734788714,8.003282091058958,7.060823504333221,0.0,-0.03,-1.8501424425790718
23.5,uav_01,1,2.9443686209001725,8.01438080439251,6.863720307612493,0.0,-0.02,-2.056093677006882
23.5,uav_02,1,19.160500905950943,8.003282091058958,6.966646501635644,0.0,-0.03,-1.9621858234461367
23.5,uav_03,1,35.35010734788714,8.003282091058958,6.905639501028962,0.0,-0.03,-2.021661604125883
23.6,uav_01,1,2.9443686209001725,8.01438080439251,6.634413005539581,0.0,-0.02,-2.250165431169838
23.6,uav_02,1,19.160500905950943,8.003282091058958,6.804047122932383,0.0,-0.03,-2.1166552332142357
23.6,uav_03,1,35.35010734788714,8.003282091058958,6.695312991868998,0.0,-0.03,-2.208303149826574
23.7,uav_01,1,2.9443686209001725,8.01438080439251,6.381796702218851,0.0,-0.02,-2.407509844816361
23.7,uav_02,1,19.160500905950943,8.003282091058958,6.6031539991808845,0.0,-0.03,-2.274381000632953
23.7,uav_03,1,35.35010734788714,8.003282091058958,6.47782532970027,0.0,-0.03,-2.3553313067172157
23.8,uav_01,1,2.9443686209001725,8.01438080439251,6.117546985167195,0.0,-0.02,-2.519216312256248
23.8,uav_02,1,19.160500905950943,8.003282091058958,6.382454373429238,0.0,-0.022185598892884954,-2.4094016154996107
23.8,uav_03,1,35.35010734788714,8.003282091058958,6.223445402951495,0.0,-0.03,-2.479254190313898
23.9,uav_01,1,2.9443686209001725,8.01438080439251,5.839916313581976,0.003080141785308676,-0.02,-2.5954007089265434
23.9,uav_02,1,19.160500905950943,8.003282091058958,6.128716880973808,0.0,-0.028051324761047595,-2.520513247610476
23.9,uav_03,1,35.35010734788714,8.003282091058958,5.948259339362137,0.0,-0.03,-2.577140997913107
24.0,uav_01,1,2.9443686209001725,8.01438080439251,5.588070444570663,0.01,-0.02,-2.6351378253878095
24.0,uav_02,1,19.160500905950943,8.003282091058958,5.915768518698298,0.0,-0.03,-2.585984814764476
24.0,uav_03,1,35.35010734788714,8.003282091058958,5.666587540597307,0.00049675775565528,-0.02,-2.6309935155113107
24.1,uav_01,1,2.9443686209001725,8.01438080439251,5.386223545444657,0.01,-0.02,-2.649555461039667
24.1,uav_02,1,19.160500905950943,8.003282091058958,5.6647037769163315,0.006122082336432108,-0.023877917663567894,-2.6283662470092963
24.1,uav_03,1,35.35010734788714,8.003282091058958,5.379532408235646,0.01,-0.02,-2.65
24.2,uav_01,1,2.9443686209001725,8.01438080439251,5.042564934680149,0.012978271743071229,-0.02,-2.6440434565138573
24.2,uav_02,1,19.160500905950943,8.003282091058958,5.4233807485713115,0.01,-0.02,-2.644553975047623
24.2,uav_03,1,35.35010734788714,8.003282091058958,5.1008840932477275,0.01,-0.02,-2.646991084095979
24.3,uav_01,1,2.9443686209001725,8.01438080439251,4.791070721133638,0.02,-0.02,-2.625076480080974
24.3,uav_02,1,19.160500905950943,8.003282091058958,5.168790777444221,0.01,-0.02,-2.65
24.3,uav_03,1,35.35010734788714,8.003282091058958,4.858061405588478,0.010783521228982908,-0.02,-2.628432957542034
24.4,uav_01,1,2.9443686209001725,8.01438080439251,4.508556777017615,0.02,-0.02274781626855322,-2.6045043674628934
24.4,uav_02,1,19.160500905950943,8.003282091058958,4.872382186272168,0.015677608220301235,-0.02,-2.6386447835593976
24.4,uav_03,1,35.351260016341726,8.003282091058958,4.566105452962032,0.02,-0.02,-2.607392727150925
24.5,uav_01,1,2.94639336241299,8.01438080439251,4.26046189416161,0.02,-0.03,-2.5831302185571086
24.5,uav_02,1,19.160500905950943,8.003282091058958,4.600965904032808,0.02,-0.02,-2.6129606325749437
24.5,uav_03,1,35.35894929517316,8.003282091058958,4.322841769347579,0.02,-0.02,-2.5880202041554896
24.6,uav_01,1,2.9532105681861918,8.01438080439251,3.9906711389757925,0.022567735593489128,-0.03,-2.536890379658598
24.6,uav_02,1,19.16530280024255,8.003282091058958,4.338798918899752,0.02,-0.02,-2.5782767567538083
24.6,uav_03,1,35.35894929517316,8.003282091058958,4.0555093617243125,0.02094194762598791,-0.02094194762598791,-2.546812733236169
24.7,uav_01,1,2.9532105681861918,8.01438080439251,3.7484046221003897,0.031733140745817075,-0.03,-2.4301377628462073
24.7,uav_02,1,19.169342853236962,8.003282091058958,4.086201897840353,0.025351924086385858,-0.02,-2.4529615182722826
24.7,uav_03,1,35.35894929517316,8.003282091058958,3.8445868189662566,0.02905435311668244,-0.02905435311668244,-2.4332390563664457
24.8,uav_01,1,2.9540011511994004,8.01438080439251,3.5303291930427805,0.041788255177929126,-0.03,-2.214070299920028
24.8,uav_02,1,19.169342853236962,8.003282091058958,3.848451509293116,0.04056943397451169,-0.02,-2.2067432073695805
24.8,uav_03,1,35.35894929517316,8.003282091058958,3.6248028959613903,0.04626642533655083,-0.021866787331724584,-2.2166696832931145
24.9,uav_01,1,2.9620525167287273,8.01438080439251,3.3270036974367816,0.06015770013490623,-0.03,-1.9452689959528129
24.9,uav_02,1,19.174034468930742,8.003282091058958,3.633878240272264,0.06061217597277356,-0.02,-1.9055112724220098
24.9,uav_03,1,35.36464276602535,8.003282091058958,3.444777670531979,0.06287831709219242,-0.02,-1.9768252436171136
25.0,uav_01,1,2.9620525167287273,8.01438080439251,3.173078773916017,0.06825901189915703,-0.03,-1.7022296430252888
25.0,uav_02,1,19.18345964443335,8.003282091058958,3.432617355998652,0.08193140488903858,-0.02,-1.5869946291089407
25.0,uav_03,1,35.37178641230295,8.003282091058958,3.284149903067313,0.07451842615435192,-0.02,-1.7344472153694426
25.1,uav_01,1,2.967047285902878,8.01438080439251,3.049616847735829,0.07564894701651072,-0.03,-1.4918294835377
25.1,uav_02,1,19.192973847550398,8.003282091058958,3.2658359383253783,0.09672600440533013,-0.02,-1.2883978810560865
25.1,uav_03,1,35.378900214358296,8.003282091058958,3.141540886394989,0.08256394090700073,-0.02,-1.5007735955109807
25.2,uav_01,1,2.974057460642821,8.01438080439251,2.929918325273148,0.08357726248048943,-0.03,-1.276991175507275
25.2,uav_02,1,19.201528504150073,8.003282091058958,3.143186967409744,0.1,-0.03280217209837601,-1.0463739348194878
25.2,uav_03,1,35.38595755264468,8.003887632410526,3.022907252098676,0.09054559599240947,-0.020545595992409477,-1.286360100189763
25.3,uav_01,1,2.9820799972826197,8.01438080439251,2.8108441576238783,0.08734946887489803,-0.035301062250203935,-1.0490377841226548
25.3,uav_02,1,19.21041627578696,8.003282091058958,3.03547088783154,0.09354708878315399,-0.052905822433692025,-0.8115830420125417
25.3,uav_03,1,35.39315280814689,8.01291936214125,2.9171179745754454,0.09868323272496575,-0.028683232724965743,-1.0829191818758566
25.4,uav_01,1,2.9901556156804405,8.01438080439251,2.713945501963465,0.08,-0.05356766623034123,-0.8425395045814171
25.4,uav_02,1,19.21898739763256,8.003282091058958,2.956973698054264,0.08385338543632344,-0.07843984369102967,-0.6132143232901454
25.4,uav_03,1,35.40102985731183,8.005954706290042,2.8164884465959306,0.09240804059963009,-0.037591959400369905,-0.8753849337914922
25.5,uav_01,1,2.9982594557867053,8.013327476571416,2.6333566220461067,0.07810189201317322,-0.07379621597365356,-0.6519679741251456
25.5,uav_02,1,19.227833974836518,7.996454328126886,2.8930888947563065,0.07384814912605114,-0.11460740349579543,-0.4354185351428695
25.5,uav_03,1,35.40904375628607,8.003282091058958,2.7367563318970087,0.08334454148712604,-0.05996637553862187,-0.6868908297425209
25.6,uav_01,1,3.0065626121959204,8.003282091058958,2.568301525024137,0.05966030500482737,-0.11135877998069052,-0.4742251850820653
25.6,uav_02,1,19.23578686022802,7.986471596370783,2.8494146179544786,0.0648536544886198,-0.15573172755690107,-0.2876584718179166
25.6,uav_03,1,35.41656078990514,8.003282091058958,2.673900881003152,0.0748429830004502,-0.09062806799819925,-0.5220166770085536
25.7,uav_01,1,3.015104202957875,8.001296139965106,2.5173159711840003,0.05,-0.15447338135999894,-0.29657985592000313
25.7,uav_02,1,19.240078436551183,7.976240485229372,2.8169061051643642,0.05563536838812133,-0.206187789671272,-0.15325978904557735
25.7,uav_03,1,35.42469666727561,7.998444749415179,2.622566117356484,0.06564152933912097,-0.13179235330439515,-0.3602644694259356
25.8,uav_01,1,3.0152404695163035,7.9809136180038065,2.489691772559469,0.04984588627973431,-0.2009246823215942,-0.15799652163654598
25.8,uav_02,1,19.244048543126752,7.960019125906755,2.7955099182938508,0.05,-0.2669404902368952,-0.030609101232358778
25.8,uav_03,1,35.42968487848738,7.987370627538393,2.5869910591190877,0.0556636863730292,-0.181681568134854,-0.2092916092224088
25.9,uav_01,1,3.023477084513048,7.97057474057736,2.4710610036579754,0.04053050182898746,-0.2568169890260753,-0.0368965237768369
25.9,uav_02,1,19.25280843036536,7.933147302048068,2.789999999999999,0.04560272658288676,-0.33078091391979264,0.07397273417113236
25.9,uav_03,1,35.43249301344462,7.974034931391446,2.563648152683113,0.05,-0.22905554195066283,-0.09188891609867435
26.0,uav_01,1,3.031662433494645,7.950614471994215,2.4612730965876324,0.04,-0.3210883238865786,0.06599593753605204
26.0,uav_02,1,19.257762332379734,7.897266825035517,2.7951734406905047,0.04,-0.4062140848335319,0.18173440690504558
26.0,uav_03,1,35.43998107153244,7.955236401434069,2.5500000000000007,0.05,-0.2815129829859492,0.008091830406491531
26.1,uav_01,1,3.0327880987864297,7.916923936145545,2.4692697198635196,0.04,-0.3856183191811144,0.17269719863519065
26.1,uav_02,1,19.263015610127617,7.854819873478446,2.8178239393810522,0.03405868687298274,-0.4815891918891208,0.2775305050161381
26.1,uav_03,1,35.44736877431593,7.9332788232370435,2.5510244396767714,0.048975560323229354,-0.3461466380606239,0.11024439676770648
26.2,uav_01,1,3.0404238512031383,7.8761537600269165,2.47863582666771,0.03136417333229058,-0.45908661334167533,0.2577224400093848
26.2,uav_02,1,19.271754794439772,7.810940986940594,2.8474752730617143,0.03,-0.5566007281645722,0.35660072816457217
26.2,uav_03,1,35.44869296015488,7.896745020000845,2.561497617884513,0.04,-0.4119809430761003,0.21347856096061282
26.3,uav_01,1,3.0485454810097576,7.835375580469544,2.5034634986984172,0.03,-0.52474816362964,0.3403904960952515
26.3,uav_02,1,19.275446226951775,7.759565118619965,2.8836722372743857,0.01816388136280708,-0.6373444745487717,0.4314264152301752
26.3,uav_03,1,35.45705388969199,7.854765326177109,2.5728607999892814,0.03904640000357293,-0.48762879997141656,0.29858239996784364
26.4,uav_01,1,3.0504719946149845,7.789107985032655,2.5429720157242586,0.021756996068935476,-0.6059440314485162,0.4259440314485162
26.4,uav_02,1,19.275446226951775,7.693168835629384,2.9262758019974235,0.0034310495006440525,-0.7291205544942035,0.5059826534954917
26.4,uav_03,1,35.46505266888797,7.807011559290824,2.605472639822863,0.028631840044284228,-0.5709452796457262,0.3895771196900104
26.5,uav_01,1,3.0583826095655597,7.721729787833982,2.585786754635297,0.0021066226823515145,-0.6915735092705939,0.511573509270594
26.5,uav_02,1,19.275446226951775,7.613897898355813,2.9835747785866107,-0.029049852391073994,-0.818099704782148,0.573574778586611
26.5,uav_03,1,35.465589184705216,7.755743136733275,2.643033922978972,0.0187864308084114,-0.6448542767663544,0.4542474921705601
26.6,uav_01,1,3.059313941901004,7.650759347819151,2.638020731891154,-0.01920829275646144,-0.7864373174040765,0.5776248782693842
26.6,uav_02,1,19.275446226951775,7.538980505852823,3.0414327541750046,-0.06762183611666961,-0.9021491312625066,0.6383382132041718
26.6,uav_03,1,35.47389461743051,7.6955782221512035,2.695173451821385,-0.003104071092831155,-0.7293122132784935,0.5272428325499394
26.7,uav_01,1,3.0589797236094918,7.567495620575797,2.7026459420814253,-0.061511966903671875,-0.8834019255332617,0.6526459420814258
26.7,uav_02,1,19.26919582990835,7.4521730212784085,3.1094831940167276,-0.10827611086670111,-0.9865522217334023,0.7024141663000516
26.7,uav_03,1,35.47372938887576,7.624474039111045,2.7411212136371605,-0.030747475758106924,-0.8114949515162139,0.5911212136371604
26.8,uav_01,1,3.050893927621245,7.496448656693733,2.766659637353309,-0.09809122134474818,-0.9657052480256834,0.7166596373533093
26.8,uav_02,1,19.260701723883464,7.359467204147318,3.1767294014988647,-0.14670251514220845,-1.063405030284417,0.7667294014988648
26.8,uav_03,1,35.46505266888797,7.540181662369543,2.807255965059872,-0.07414626574849795,-0.8993290979341204,0.658292531496996
26.9,uav_01,1,3.0416011177175513,7.3925260581105805,2.850261737411111,-0.13009815152916676,-1.0502290202347224,0.8002290202347225
26.9,uav_02,1,19.245776088291322,7.258555653582662,3.2542244501081563,-0.1667780562635196,-1.137446393844637,0.8442244501081567
26.9,uav_03,1,35.46355711221567,7.453648394513253,2.8818400351952542,-0.11507430079796649,-0.9935314687945773,0.7418400351952551
27.0,uav_01,1,3.031247782580269,7.283297160365474,2.9378392487661347,-0.16087102764068167,-1.1269682211254535,0.8769682211254533
27.0,uav_02,1,19.234422579052477,7.148278504494244,3.3439661888044108,-0.17639661888044106,-1.2111729510435283,0.9147763321630873
27.0,uav_03,1,35.45184788558473,7.346011728758203,2.9622041141475135,-0.14493424758833642,-1.0772698665591773,0.8172698665591774
27.1,uav_01,1,3.0137805479378175,7.16536234551155,3.03497017542901,-0.17,-1.2104791228003073,0.9619761403432084
27.1,uav_02,1,19.219845410604908,7.025644746855057,3.437973483282211,-0.1735585018575322,-1.2915319851397424,0.9915319851397425
27.1,uav_03,1,35.43569119224226,7.235173182506793,3.0588632141255165,-0.16320702379172417,-1.1556561903337932,0.8956561903337932
27.2,uav_01,1,3.002319726835341,7.04377180387578,3.144523904473376,-0.16777055413878394,-1.2900650127509445,1.0500650127509445
27.2,uav_02,1,19.208046381736263,6.906173059228955,3.5385011096959156,-0.15754525278256087,-1.376046362478476,1.0760463624784762
27.2,uav_03,1,35.42368998854606,7.118392446158382,3.1539002785327295,-0.17,-1.233730194972911,0.9771202228261839
27.3,uav_01,1,2.9859819887061683,6.909795701404667,3.2652370899872487,-0.15706357583439595,-1.3864278174904365,1.1434913933248325
27.3,uav_02,1,19.195009294244077,6.7809611105372145,3.6458317651995924,-0.1445140195667006,-1.4593738238996945,1.1484018630330959
27.3,uav_03,1,35.40933248378153,7.000848550502032,3.253197985160152,-0.16698200134907715,-1.3071619878583058,1.0571619878583058
27.4,uav_01,1,2.9766253894176353,6.764953991199142,3.3922217656246314,-0.14296303906256144,-1.4816663242184733,1.2281478437497542
27.4,uav_02,1,19.183097991043088,6.651721718895824,3.753319811512235,-0.13111336474796081,-1.5399898586341765,1.2155465410081567
27.4,uav_03,1,35.39684412744655,6.868048082168805,3.3692809248461395,-0.15642900683216915,-1.4021389385104779,1.148567945342647
27.5,uav_01,1,2.9676426426114597,6.614291349922056,3.517810371262419,-0.12264455826732022,-1.5767772086633989,1.3057440460643792
27.5,uav_02,1,19.175149488357857,6.518207693201053,3.8646271252219018,-0.10970143264109956,-1.6243285578630016,1.280597134717801
27.5,uav_03,1,35.38167905412649,6.720478964115404,3.4958124831800452,-0.14141346412614686,-1.5029326793692657,1.2343461434954126
27.6,uav_01,1,2.959007150284149,6.458714815671743,3.6482191566926634,-0.09966732356585783,-1.6675538038243791,1.3741095783463317
27.6,uav_02,1,19.169342853236962,6.375076684311093,3.984553667248488,-0.08012752364328903,-1.7097449527134219,1.3348087145350664
27.6,uav_03,1,35.372095111883745,6.558391447763113,3.6367217600662425,-0.11973511383596264,-1.606191987738168,1.3159271015741307
27.7,uav_01,1,2.9500362694996687,6.289806507526772,3.793850671981648,-0.06563982080489399,-1.7523104031889885,1.4379502239938824
27.7,uav_02,1,19.169342853236962,6.2373412578962935,4.099731874690218,-0.04721946437422334,-1.7755610712515533,1.3834756695322208
27.7,uav_03,1,35.36263019510118,6.385583537631938,3.7817180514629585,-0.09248898897222313,-1.7025330330833306,1.3850220220555538
27.8,uav_01,1,2.9443686209001725,6.132371664973861,3.9328440383918517,-0.02857492309550621,-1.829993884582864,1.4871376153567406
27.8,uav_02,1,19.169342853236962,6.074337032725012,4.228241094307493,-0.01050254448357349,-1.8489949110328532,1.4293718193955331
27.8,uav_03,1,35.35894929517316,6.221573942579624,3.925328577778041,-0.05155714074065301,-1.7855085748149553,1.438442859259347
27.9,uav_01,1,2.9462300402682757,5.965792926368984,4.07368342846461,0.01052607139519094,-1.8926312856742291,1.540526071395191
27.9,uav_02,1,19.169342853236962,5.9197973824872285,4.351086064954331,0.030362021651443853,-1.9065068303120214,1.470362021651444
27.9,uav_03,1,35.35894929517316,6.040625401945921,4.076791924690236,-0.00685548674927031,-1.860502898188777,1.4947167698760946
28.0,uav_01,1,2.9546322271244487,5.786498844173744,4.227333570009036,0.058039285296775454,-1.9496471423561306,1.5864314282374203
28.0,uav_02,1,19.176693419818736,5.726574307780409,4.504699321870308,0.08156644062343568,-1.969879728748123,1.5215664406234357
28.0,uav_03,1,35.364748286434846,5.844653418514784,4.244935987515205,0.04279249609850116,-1.9293509953182013,1.546233996878801
28.1,uav_01,1,2.965590554401148,5.58818787742932,4.402011388966453,0.10800284724161303,-2.008002847241613,1.628002847241613
28.1,uav_02,1,19.19403515007592,5.525634634613376,4.673410465205961,0.12585261630149008,-2.0248157703768626,1.56585261630149
28.1,uav_03,1,35.37429577630851,5.6365746574744415,4.417703168904393,0.09678224028262261,-1.9867822402826225,1.5967822402826226
28.2,uav_01,1,2.981847314523114,5.4045335311418885,4.551486361586069,0.14238737350956315,-2.0459684337739077,1.664774747019126
28.2,uav_02,1,19.213034220755045,5.312150893445827,4.855016745364266,0.14941373474873731,-2.0688274694974744,1.6088274694974747
28.2,uav_03,1,35.39090766928034,5.422502325008043,4.59722436113016,0.13421606372885195,-2.040360106214753,1.6422880849718025
28.3,uav_01,1,2.9980646283086045,5.220920438721896,4.716194031085699,0.16,-2.0914574190789876,1.7007287095394938
28.3,uav_02,1,19.229196107290935,5.119750207217687,5.001539082722764,0.15,-2.105384770680691,1.6365385780105182
28.3,uav_03,1,35.40973256113607,5.209835534823454,4.7781930597981725,0.1487172388116572,-2.093586194058286,1.6761517164349715
28.4,uav_01,1,3.0143407083204297,5.026832700735426,4.872660322723902,0.16,-2.1282730171115065,1.7191365085557533
28.4,uav_02,1,19.248251401024802,4.892521115020722,5.18356889006752,0.1403783005842636,-2.158108497078682,1.6592433988314728
28.4,uav_03,1,35.426434572426814,5.021151150442892,4.938753942250422,0.15,-2.132647986411864,1.7044859898088982
28.5,uav_01,1,3.0333070445403414,4.800664403961115,5.065282220423017,0.14911962992949696,-2.181173826760671,1.74
28.5,uav_02,1,19.25820839801166,4.668068962001332,5.364288148016179,0.10924326799714476,-2.201008976003807,1.66
28.5,uav_03,1,35.44508537689367,4.791119815196146,5.126757862634347,0.13258245970729465,-2.1748350805854106,1.7187087701463526
28.6,uav_01,1,3.04966776694412,4.605567329666089,5.231813965533439,0.12136433907776,-2.2181808812296535,1.74
28.6,uav_02,1,19.276305732753684,4.430116250378349,5.54652531516348,0.07513961318721193,-2.242916232087673,1.6590279226374423
28.6,uav_03,1,35.45559345124115,4.566303841144138,5.317433914572124,0.0927924634284164,-2.2265094207144793,1.72
28.7,uav_01,1,3.0593219085867016,4.373802872499151,5.420162181833416,0.07996395959257448,-2.250027030305569,1.7399819797962872
28.7,uav_02,1,19.284101208796898,4.234413340405853,5.696405278948731,0.031057270897431773,-2.269365637461541,1.6502114541794863
28.7,uav_03,1,35.4649976443565,4.330989393536932,5.49894206897566,0.05024892494690346,-2.2598133062898222,1.7100622312367257
28.8,uav_01,1,3.065783129738566,4.211596000925668,5.551696515214876,0.05073410773002785,-2.271949419202479,1.7253670538650139
28.8,uav_02,1,19.28428817549431,4.0220396941984,5.8590526019087665,0.0019318937808060037,-2.288712070812796,1.621931893780806
28.8,uav_03,1,35.47468070213666,4.086912630796045,5.695113684318966,0.007332879237829507,-2.290889040254057,1.6882219194918864
28.9,uav_01,1,3.0732249008900583,4.018409925934349,5.69745950162707,0.01706835255833664,-2.2914658237208316,1.7085341762791684
28.9,uav_02,1,19.28428817549431,3.806839199022682,6.0165379813828475,-0.034479525031258354,-2.2986198812578142,1.5941403562265564
28.9,uav_03,1,35.481398212542956,3.839281929856729,5.875731873550755,-0.026054558482530406,-2.3,1.6639454415174695
29.0,uav_01,1,3.0769978377295586,3.8297581104760785,5.838886381046816,-0.011481063507802697,-2.3038270211692673,1.6846919153229296
29.0,uav_02,1,19.28428817549431,3.562919610766759,6.18536408435598,-0.0672557658167463,-2.3,1.553658978911005
29.0,uav_03,1,35.47389461743051,3.6280748599689385,6.030272362843235,-0.06181276991351201,-2.3,1.6275829734486507
29.1,uav_01,1,3.0769978377295586,3.655873415700631,5.972982712248807,-0.03405577274978943,-2.30864807575007,1.6545923030002807
29.1,uav_02,1,19.28428817549431,3.354902685040392,6.334571779165908,-0.09523220859360795,-2.291589263802131,1.5079463190106535
29.1,uav_03,1,35.47389461743051,3.423328374451312,6.18707839009573,-0.08948442178159913,-2.3,1.5906874376245346
29.2,uav_01,1,3.0764920894631884,3.450576909276858,6.129723786231892,-0.06171596227621607,-2.298856025149189,1.6171400628729733
29.2,uav_02,1,19.276616829469155,3.1174091200650853,6.490141212453056,-0.11735216166040734,-2.2726478383395925,1.4479435150187778
29.2,uav_03,1,35.46583851351656,3.2071553548460425,6.335779702294172,-0.10822246278677124,-2.2817775372132285,1.5353326116396864
29.3,uav_01,1,3.0682877505780906,3.234311235530883,6.287464786641609,-0.08955260940734293,-2.2802982603951043,1.5707456509877618
29.3,uav_02,1,19.26807080497022,2.9013945272187036,6.635121001228172,-0.1283414000818781,-2.244975799754366,1.3899515995087313
29.3,uav_03,1,35.45768369903562,3.0014449249447397,6.483345646409979,-0.12666820580124713,-2.2549976912981293,1.4799953825962586
29.4,uav_01,1,3.0681558904435393,3.0735331129814014,6.403384171725428,-0.10417302146567856,-2.2658269785343212,1.5274809356029644
29.4,uav_02,1,19.259678369966764,2.6907051252850147,6.769662196176131,-0.13783301401258075,-2.2086679439496772,1.317335887899354
29.4,uav_03,1,35.45019018423285,2.813322627849392,6.612135940890879,-0.13680906272605858,-2.2295728118218245,1.42233656091759
29.5,uav_01,1,3.063764074433352,2.8986060258980864,6.52450534216061,-0.1149670228107073,-2.2401319087571707,1.475230840325049
29.5,uav_02,1,19.25144930986584,2.484117221216037,6.899957961493844,-0.14,-2.1714405824303307,1.2357413104682438
29.5,uav_03,1,35.44296044380936,2.6318223179458493,6.729799803510601,-0.14,-2.2000571989969715,1.3601143979939427
29.6,uav_01,1,3.0556125602880337,2.6939648814133403,6.662792417098373,-0.12418616113989146,-2.207441516580326,1.4065107108808683
29.6,uav_02,1,19.24325842938646,2.2855948685580554,7.016842183300869,-0.13359648472492752,-2.1279824236246374,1.1459648472492752
29.6,uav_03,1,35.434954256361166,2.435313964200739,6.856566693007014,-0.14,-2.163838087712282,1.2795952192807047
29.7,uav_01,1,3.046142149061348,2.456213246386178,6.8185571030630925,-0.12510306406692198,-2.1704122562676877,1.3159275766022978
29.7,uav_02,1,19.235114908314372,2.0913764132073314,7.121749749325356,-0.13,-2.0819319321248386,1.0482502506746447
29.7,uav_03,1,35.4260305455412,2.2179013683858466,6.9895953976017955,-0.13586705019985038,-2.115202301199102,1.174537552198354
29.8,uav_01,1,3.036615793061456,2.2233511970095066,6.963722775124413,-0.12,-2.1216450864906102,1.2076191902793423
29.8,uav_02,1,19.22622536623778,1.8856558966506005,7.226674413551313,-0.12433255864486868,-2.020327910514081,0.9376581450935555
29.8,uav_03,1,35.41813590971973,2.0265049629312446,7.0936772223504665,-0.13,-2.0646921716588786,1.0763227776495334
29.9,uav_01,1,3.027873169582405,2.0148444638832252,7.08114515218809,-0.12,-2.066648098806496,1.0932961976129925
29.9,uav_02,1,19.216673608248787,1.6698414450147292,7.328231960222134,-0.12,-1.9447084753827841,0.8188276041729465
29.9,uav_03,1,35.41062178176895,1.8567291622055184,7.187158219950697,-0.12844016182266402,-2.019081132758648,0.9812819418719683
30.0,uav_01,1,3.0190142371918705,1.809754550190926,7.191356450032427,-0.11442214090614289,-2.0009549863430003,0.9786435499675717
30.0,uav_02,1,19.207147470877867,1.4626458184494981,7.417952136029086,-0.11275598299636429,-1.8620478639709144,0.707559829963643
30.0,uav_03,1,35.40144647982959,1.649420462587654,7.297431667574719,-0.1180631480472536,-1.9445051843780288,0.860631480472536
30.1,uav_01,1,3.0103156236344533,1.613216237857985,7.28874176752777,-0.10458424805246982,-1.9266739844197585,0.870426728577168
30.1,uav_02,1,19.19772195961862,1.26151504237247,7.495328080281085,-0.11,-1.7688638967814643,0.6088638967814642
30.1,uav_03,1,35.39316455374324,1.4637435617258194,7.3804278666203045,-0.11,-1.8682686500521577,0.7669651667246199
30.2,uav_01,1,3.006262255671856,1.4229857501624872,7.377055294382848,-0.1,-1.84817307165969,0.7624879735320739
30.2,uav_02,1,19.188322891535265,1.0704203028794208,7.561204591633763,-0.11,-1.6731931125493549,0.5217272111549822
30.2,uav_03,1,35.384027052842,1.270576316326429,7.4614642229220935,-0.11,-1.7752602848144505,0.6652602848144505
30.3,uav_01,1,3.001199038740618,1.2312671140145617,7.460084511177783,-0.1,-1.758462771342851,0.6584627713428508
30.3,uav_02,1,19.178929932120763,0.9021013086251545,7.624943668059787,-0.11,-1.568427219900354,0.44589905393024765
30.3,uav_03,1,35.37597772914892,1.1097385342346315,7.524447856325697,-0.11,-1.692586906123838,0.5833282155114544
30.4,uav_01,1,2.9917469049689136,1.0485543315520165,7.528498773925359,-0.1,-1.6558353767910676,0.5622518391119607
30.4,uav_02,1,19.16952309457107,0.7367923730997361,7.66918460808389,-0.11,-1.4522423277693048,0.37142693585319403
30.4,uav_03,1,35.3677912437157,0.9377666400067919,7.585738299179814,-0.11,-1.5873757418044043,0.4919663811482573
30.5,uav_01,1,2.982245176757384,0.8776005841350548,7.592975932660887,-0.1,-1.5412107901217071,0.4726987564521507
30.5,uav_02,1,19.161375000754322,0.603605187159684,7.70604569095425,-0.10098857726143785,-1.3418629271372542,0.3159314635686271
30.5,uav_03,1,35.36736469153191,0.7927213035318064,7.631929675033667,-0.11,-1.4846933936574147,0.426623068691082
30.6,uav_01,1,2.9728036805680578,0.7116825672297677,7.649203642073675,-0.1,-1.4237519874379145,0.39511490109685476
30.6,uav_02,1,19.15205546155645,0.46212955967838876,7.748206264395392,-0.109551566098848,-1.2153812068138239,0.26224216950576
30.6,uav_03,1,35.3580622851087,0.631474374164839,7.674012736270717,-0.11,-1.3679617911878548,0.3549840796616061
30.7,uav_01,1,2.9633713152942627,0.5648116286437586,7.694033899896142,-0.1,-1.2978983003115723,0.3374576251298218
30.7,uav_02,1,19.14391009684714,0.34916414162086,7.767527498108603,-0.1012362509456984,-1.0960712622940791,0.22494500378279356
30.7,uav_03,1,35.34991746507067,0.5090288573288982,7.710859009041018,-0.10978524773974586,-1.2574229728769504,0.3089262386987293
30.8,uav_01,1,2.9620525167287273,0.4243523786949472,7.727164058922041,-0.1,-1.1713437643118367,0.2847265684632654
30.8,uav_02,1,19.14281701012239,0.23321134166859436,7.797262599769711,-0.09091246674342977,-0.9709496009211572,0.19273740023028932
30.8,uav_03,1,35.3418311514477,0.39737648026722994,7.747440605204818,-0.1006398486987955,-1.147678184385546,0.2631992434939775
30.9,uav_01,1,2.9553644593474306,0.32781149877423965,7.752692025459512,-0.09243599151349627,-1.0692318981619553,0.24974396605398508
30.9,uav_02,1,19.13683855098533,0.16304921202014078,7.813522946798173,-0.09,-0.8856237926100528,0.16971557980274166
30.9,uav_03,1,35.33529119229556,0.3145745474600245,7.763513329730033,-0.1,-1.0521633567547846,0.23297334053993368
31.0,uav_01,1,2.9464496613962807,0.21590992432193035,7.782939200736702,-0.09,-0.948243197053191,0.20941439901773035
31.0,uav_02,1,19.12865891606265,0.08091037018363123,7.83202483083484,-0.08398758458258011,-0.7778510149909613,0.14196275374774034
31.0,uav_03,1,35.3272598498391,0.22024393762271866,7.7875196776879205,-0.09416010743735995,-0.9457611818109594,0.20248032231207982
31.1,uav_01,1,2.9378962046781627,0.12479282752287275,7.804640248562571,-0.09,-0.8394786329058523,0.17803962715614152
31.1,uav_02,1,19.121111727376437,0.020265815309381856,7.844548078367031,-0.08,-0.6754230595956369,0.11180768653187897
31.1,uav_03,1,35.31842732812375,0.12693170581512117,7.811658463344426,-0.09,-0.8358784516056598,0.17251230498336176
31.2,uav_01,1,2.935526672357637,0.04165778267535768,7.825276032707723,-0.08236198364613775,-0.7259818201075153,0.14708595093841328
31.2,uav_02,1,19.116291167007816,-0.027790937596323527,7.852673297247888,-0.0773267027521126,-0.5752471357774639,0.07128691926478825
31.2,uav_03,1,35.31473955623003,0.03602803106768733,7.832134637766933,-0.0839326811165332,-0.7171921733983984,0.13573072446613277
31.3,uav_01,1,2.9298565195332626,-0.012279546774939455,7.836412787410913,-0.07358721258908696,-0.6230465510690434,0.10793606294543477
31.3,uav_02,1,19.116291167007816,-0.08707992449206532,7.859999999999999,-0.06527026104625787,-0.4516215662775472,0.0010810441850314517
31.3,uav_03,1,35.31013382105774,-0.022015231108287386,7.84520896022483,-0.07479103977517061,-0.6074924773020473,0.09395519887585302
31.4,uav_01,1,2.9266847250716177,-0.07374781813810649,7.846241196433136,-0.06375880356686521,-0.49886444636924765,0.04631162496805644
31.4,uav_02,1,19.116291167007816,-0.12001848349621601,7.859999999999999,-0.050431352240237176,-0.36258811344142305,-0.058274591039051304
31.4,uav_03,1,35.30589760894401,-0.06483997559118113,7.850000000000001,-0.06611576705736895,-0.49950497174579633,0.04281036940158263
31.5,uav_01,1,2.9212992563292683,-0.12581864236081136,7.850000000000001,-0.053909182481935006,-0.3769101897832201,-0.022635722626454944
31.5,uav_02,1,19.108402797227505,-0.15068122489160476,7.85107847001895,-0.05,-0.27078470018948797,-0.15813682979156327
31.5,uav_03,1,35.30308602477228,-0.11289533033194525,7.850000000000001,-0.05682017582639811,-0.38502193409037916,-0.028618417562417023
31.6,uav_01,1,2.9178427777855984,-0.16405173427314573,7.843729503201877,-0.04372950320187648,-0.2735655288168882,-0.11897546477935882
31.6,uav_02,1,19.107449219721794,-0.1816668527503071,7.82531719376228,-0.041772397920759805,-0.19417918336607842,-0.28518642910936276
31.6,uav_03,1,35.297055660401476,-0.152988073803537,7.847052308929325,-0.0470523089293242,-0.28347078036391776,-0.12537229284810963
31.7,uav_01,1,2.9178427777855984,-0.19249762775680726,7.82555860711315,-0.04,-0.18945512489602476,-0.2683104466513755
31.7,uav_02,1,19.107449219721794,-0.2071798096167452,7.7934948240713044,-0.04,-0.13582470678550806,-0.45136093828637425
31.7,uav_03,1,35.297055660401476,-0.18389681108019337,7.829961983736161,-0.04,-0.19657796205104233,-0.26019008131919497
31.8,uav_01,1,2.9178427777855984,-0.21642816494609865,7.787994130154698,-0.04,-0.12999266269337156,-0.43802347938121095
31.8,uav_02,1,19.107449219721794,-0.21789440388739714,7.746055855753807,-0.04,-0.10802792787690338,-0.6164804808206442
31.8,uav_03,1,35.297055660401476,-0.2053909496586735,7.797883310018561,-0.04,-0.13788331001856208,-0.4145251049164706
31.9,uav_01,1,2.9178427777855984,-0.22826419010961635,7.746663715900102,-0.04,-0.09333097272008059,-0.603345136399597
31.9,uav_02,1,19.107449219721794,-0.22760014484916727,7.681448412054748,-0.033931051506843585,-0.08179315452053076,-0.8095858153425975
31.9,uav_03,1,35.29413270803923,-0.22453338223514613,7.74685954702753,-0.04,-0.10008266301179874,-0.6061155799213417
32.0,uav_01,1,2.9178427777855984,-0.23903682148281077,7.679012358145189,-0.03362654476814879,-0.06725308953629758,-0.8165894703325779
32.0,uav_02,1,19.102732733968686,-0.23788339891585503,7.596657846622623,-0.03,-0.0646657846622623,-1.0333553834434424
32.0,uav_03,1,35.28821371311546,-0.2353834774000621,7.675345818415431,-0.03691822730192883,-0.07383645460385765,-0.8139625447537081
32.1,uav_01,1,2.911510583020822,-0.25101020493335385,7.578384623204779,-0.03,-0.05283846232047786,-1.0790384419880534
32.1,uav_02,1,19.09860727117926,-0.24913503925275385,7.484335959384209,-0.03,-0.04905599323070148,-1.29774409138553
32.1,uav_03,1,35.28821371311546,-0.24728556805711457,7.578138180462228,-0.03,-0.05619438004202067,-1.082751738865442
32.2,uav_01,1,2.909000829243063,-0.2541605328936613,7.446963528030315,-0.03,-0.0341482350815866,-1.3639988263985807
32.2,uav_02,1,19.09860727117926,-0.2541605328936613,7.330347183252204,-0.03,-0.03377169895326281,-1.5757075261684297
32.2,uav_03,1,35.28821371311546,-0.2541605328936613,7.445723079007753,-0.03,-0.04081758271539316,-1.369371424699889
32.3,uav_01,1,2.909000829243063,-0.26233756742274345,7.309486715292817,-0.03,-0.02263244768618778,-1.5968212555314931
32.3,uav_02,1,19.09860727117926,-0.2619085599546716,7.151322757478564,-0.03,-0.023018985734033125,-1.830563328117238
32.3,uav_03,1,35.28821371311546,-0.26014617331111534,7.283710490030745,-0.03,-0.02460690562692148,-1.6394342649538844
32.4,uav_01,1,2.909000829243063,-0.2652592454386029,7.152732468349122,-0.03,-0.02,-1.816356708867838
32.4,uav_02,1,19.09860727117926,-0.2652592454386029,6.923585515867741,-0.03,-0.02,-2.0764144841322603
32.4,uav_03,1,35.28821371311546,-0.2652592454386029,7.099771265932981,-0.03,-0.02,-1.8847240083041352
32.5,uav_01,1,2.909000829243063,-0.27277842581681716,6.961278387960363,-0.03,-0.013225178313703324,-2.0354964337259336
32.5,uav_02,1,19.09860727117926,-0.2652592454386029,6.709321084122404,-0.02154321495381075,-0.01154321495381075,-2.2568517756928386
32.5,uav_03,1,35.28821371311546,-0.2652592454386029,6.889256383540189,-0.02329792302572327,-0.01329792302572327,-2.097339462511258
32.6,uav_01,1,2.909000829243063,-0.2763579587721556,6.733722287432268,-0.02244192215601222,-0.01,-2.2284873233477924
32.6,uav_02,1,19.09860727117926,-0.2740222067867573,6.498404075364079,-0.02,-0.01,-2.390536649778386
32.6,uav_03,1,35.28821371311546,-0.27361532702685587,6.65436476876485,-0.02,-0.01,-2.2879908604998898
32.7,uav_01,1,2.909000829243063,-0.2763579587721556,6.534710985237043,-0.02,-0.01,-2.364753705280189
32.7,uav_02,1,19.09860727117926,-0.2763579587721556,6.236480590477484,-0.02,-0.01,-2.5139485401899067
32.7,uav_03,1,35.28821371311546,-0.2763579587721556,6.4262324830693665,-0.02,-0.01,-2.4241240716707595
32.8,uav_01,1,2.909000829243063,-0.2763579587721556,6.323070622113468,-0.025077175115461245,-0.01,-2.4758489262700736
32.8,uav_02,1,19.09860727117926,-0.2763579587721556,5.958088608971918,-0.02,-0.01,-2.604434274162487
32.8,uav_03,1,35.28821371311546,-0.2763579587721556,6.16792219462216,-0.02,-0.01,-2.5368311221511357
32.9,uav_01,1,2.909000829243063,-0.2763579587721556,6.069009984957485,-0.03,-0.01,-2.5703046200130815
32.9,uav_02,1,19.09860727117926,-0.2763579587721556,5.677666758513025,-0.03,-0.02,-2.6501728327027387
32.9,uav_03,1,35.28821371311546,-0.2763579587721556,5.892874290864822,-0.02835098881289151,-0.01,-2.6184569216902407
33.0,uav_01,1,2.909000829243063,-0.2763579587721556,5.809727096729606,-0.03,-0.01,-2.630041985118522
33.0,uav_02,1,19.09860727117926,-0.2763579587721556,5.427184580322817,-0.03,-0.02,-2.6687270681242357
33.0,uav_03,1,35.28821371311546,-0.2763579587721556,5.6396136574016955,-0.03,-0.017792086762900124,-2.6533762602887005
33.1,uav_01,1,2.909000829243063,-0.2763579587721556,5.579878458307872,-0.03,-0.013708205247856558,-2.657416410495713
33.1,uav_02,1,19.09860727117926,-0.2763579587721556,5.178142048699535,-0.03,-0.028587331529646855,-2.661412668470353
33.1,uav_03,1,35.28821371311546,-0.2763579587721556,5.388602266679857,-0.03,-0.02,-2.667088804937783
33.2,uav_01,1,2.909000829243063,-0.2763579587721556,5.354543437931517,-0.03,-0.02,-2.668019408497554
33.2,uav_02,1,19.09860727117926,-0.2763579587721556,4.930452666147489,-0.03,-0.03,-2.652238987635092
33.2,uav_03,1,35.28821371311546,-0.2763579587721556,5.109966544479765,-0.03,-0.027408646500749388,-2.6625913534992507
33.3,uav_01,1,2.909000829243063,-0.2763579587721556,5.0926822140152845,-0.03,-0.021166180812022324,-2.6576676383759557
33.3,uav_02,1,19.09860727117926,-0.28523516036775276,4.6540430364513234,-0.03,-0.037998406057358436,-2.6260047818279246
33.3,uav_03,1,35.28821371311546,-0.2850572412974433,4.765666499138589,-0.03,-0.03,-2.6364856999261645
33.4,uav_01,1,2.909000829243063,-0.2767821262772919,4.801592101865728,-0.03,-0.03,-2.6392356456241575
33.4,uav_02,1,19.09860727117926,-0.28745667210570813,4.418377331785309,-0.03,-0.04,-2.606546469021134
33.4,uav_03,1,35.28821371311546,-0.28745667210570813,4.544603673673552,-0.03,-0.03,-2.614695123544584
33.5,uav_01,1,2.909000829243063,-0.2858735079861906,4.621381665227889,-0.03,-0.03,-2.622852878657081
33.5,uav_02,1,19.09860727117926,-0.28745667210570813,4.181333917822482,-0.03,-0.04,-2.5834815464247205
33.5,uav_03,1,35.28821371311546,-0.28745667210570813,4.337054063399292,-0.03,-0.03603503468891511,-2.5918948959332546
33.6,uav_01,1,2.909000829243063,-0.28745667210570813,4.415651007858576,-0.03,-0.03670573046697781,-2.6065885390660446
33.6,uav_02,1,19.09860727117926,-0.2926999068694391,3.937171254216574,-0.03,-0.044724182530131745,-2.5558274524096047
33.6,uav_03,1,35.28821371311546,-0.28745667210570813,4.123173975458427,-0.03,-0.04410869325159896,-2.571782613496802
33.7,uav_01,1,2.909000829243063,-0.28745667210570813,4.1559824634645866,-0.03,-0.04,-2.580664718162732
33.7,uav_02,1,19.09860727117926,-0.2985553854392608,3.673636926952889,-0.03,-0.05,-2.525959658550321
33.7,uav_03,1,35.28821371311546,-0.290001007662459,3.9081035819489145,-0.03,-0.05,-2.5531226202165462
33.8,uav_01,1,2.909000829243063,-0.28745667210570813,3.896812436159859,-0.03,-0.046276444763082354,-2.538617776184588
33.8,uav_02,1,19.09860727117926,-0.2985553854392608,3.4104563961350403,-0.03,-0.05478174415459837,-2.4669643026086145
33.8,uav_03,1,35.28821371311546,-0.2985553854392608,3.68627209408173,-0.03,-0.050549116236730765,-2.5239597213959613
33.9,uav_01,1,2.909000829243063,-0.2945949007071559,3.632778865387423,-0.03,-0.06286316420096744,-2.3913683579903258
33.9,uav_02,1,19.09860727117926,-0.30385788485556553,3.1653380728317457,-0.03,-0.06955516059735446,-2.314893233429101
33.9,uav_03,1,35.28821371311546,-0.2985553854392608,3.455729220935839,-0.03,-0.059770831162566415,-2.4225208572117696
34.0,uav_01,1,2.909000829243063,-0.2985553854392608,3.3821033756772736,-0.03,-0.08435423857479332,-2.111863540665497
34.0,uav_02,1,19.09860727117926,-0.3148942631515717,2.9361288458688573,-0.03,-0.08944283219374025,-2.0630789331907664
34.0,uav_03,1,35.28821371311546,-0.30846442360288834,3.2357256883929844,-0.03,-0.07785619263391802,-2.2057256883929837
34.1,uav_01,1,2.909000829243063,-0.30706676172803715,3.1666240899646354,-0.03,-0.11300638650530463,-1.8076049304487218
34.1,uav_02,1,19.09860727117926,-0.32592017360286085,2.731539407804425,-0.03,-0.1093116412837448,-1.7796370220275728
34.1,uav_03,1,35.28821371311546,-0.30965409877281347,3.0298772619356833,-0.03,-0.09637479436948337,-1.9343780844577494
34.2,uav_01,1,2.909000829243063,-0.31681916107902885,3.0102520899990908,-0.03,-0.1329115188236363,-1.5592387364690918
34.2,uav_02,1,19.09860727117926,-0.3370675231157542,2.5548057203362062,-0.03,-0.12469964247898715,-1.507809295546334
34.2,uav_03,1,35.28821371311546,-0.31695258103322255,2.871632512941649,-0.03,-0.11315194300648346,-1.6958727979092316
34.3,uav_01,1,2.909000829243063,-0.33479330616629144,2.855120795513986,-0.03,-0.1463252802990676,-1.3018679925233096
34.3,uav_02,1,19.102697343198606,-0.3480842349356391,2.4098651371971602,-0.03,-0.13462575867714155,-1.2589817917486033
34.3,uav_03,1,35.28821371311546,-0.3267933108399091,2.7229196478011897,-0.03,-0.13088504402485135,-1.4584944276769325
34.4,uav_01,1,2.909000829243063,-0.3498198839323368,2.725724947665325,-0.03,-0.15,-1.0738290707197624
34.4,uav_02,1,19.107449219721794,-0.3586853973052858,2.289870448789522,-0.03,-0.14,-1.0464507479825365
34.4,uav_03,1,35.28821371311546,-0.3402163508961641,2.601011104659136,-0.03,-0.14376837656468186,-1.2533273390123176
34.5,uav_01,1,2.909000829243063,-0.3602409216611155,2.624210016453137,-0.03,-0.15,-0.8784200329062739
34.5,uav_02,1,19.107449219721794,-0.3687819914198818,2.1872545216846966,-0.03,-0.13672545216846965,-0.8677835912009233
34.5,uav_03,1,35.28821371311546,-0.3558523219034497,2.5005018416368867,-0.03,-0.15,-1.0758782228645525
34.6,uav_01,1,2.91338998170145,-0.37065707750124316,2.540287916743488,-0.025035989592936007,-0.145035989592936,-0.7006478126728481
34.6,uav_02,1,19.107449219721794,-0.38410768261301015,2.0952092280007304,-0.026458461142961534,-0.12645846114296153,-0.6833353782873846
34.6,uav_03,1,35.28821371311546,-0.367447484878599,2.3813506472168022,-0.03,-0.14792784969075579,-0.862701294433604
34.7,uav_01,1,2.9178427777855984,-0.38720282922683835,2.4654486249400898,-0.02,-0.13506408927715574,-0.5310254284344915
34.7,uav_02,1,19.107449219721794,-0.40204283358830684,2.030543529959924,-0.02,-0.11675725499332062,-0.5313588248998095
34.7,uav_03,1,35.28944879603357,-0.3777966961233439,2.3002220855349322,-0.0286031550764188,-0.13860315507641882,-0.6962536362991196
34.8,uav_01,1,2.9178427777855984,-0.4037049748997348,2.4110386271719726,-0.015259656792993133,-0.12525965679299314,-0.37415450868789013
34.8,uav_02,1,19.107449219721794,-0.41394467904365106,1.970168143307307,-0.02,-0.10603362866146143,-0.37050442992192145
34.8,uav_03,1,35.297055660401476,-0.38887483965987457,2.23586506557334,-0.02,-0.12931084426222333,-0.5396626639333499
34.9,uav_01,1,2.9178427777855984,-0.41464382562704866,2.3762110815654776,-0.005403693855159139,-0.11540369385515914,-0.22565171397222794
34.9,uav_02,1,19.107449219721794,-0.42589888628124495,1.9257884722522762,-0.010525648168184243,-0.1,-0.2184167130931976
34.9,uav_03,1,35.297055660401476,-0.4111261398151268,2.172865737811363,-0.01857314756227264,-0.11857314756227263,-0.380024065871817
35.0,uav_01,1,2.9226282409472,-0.42664810685381127,2.3491755446921325,0.016236682961800517,-0.1045877723460665,-0.08505326815279793
35.0,uav_02,1,19.112332006384808,-0.4378689839605498,1.8989554042677175,0.0,-0.09447770213385855,-0.08373242560630252
35.0,uav_03,1,35.297055660401476,-0.4227879823865891,2.1261315302216497,-0.008065765110824696,-0.10806576511082469,-0.23485494644072105
35.1,uav_01,1,2.932245386793323,-0.4387198758183081,2.3337110440247733,0.048866867925680825,-0.09371104402477305,0.039178515727496366
35.1,uav_02,1,19.121870157211518,-0.4498415956866141,1.8900000000000006,0.018929054957804017,-0.08369031501406533,0.03309684985934673
35.1,uav_03,1,35.29824928272834,-0.43323821904357335,2.107300092120816,0.001349953939591768,-0.09865004606040824,-0.11380055272489879
35.2,uav_01,1,2.9481241019394635,-0.45074501793591426,2.3371236732584033,0.08137101977520958,-0.08287632674159681,0.16548407910083832
35.2,uav_02,1,19.130475670792563,-0.46064352795276364,1.8900000000000006,0.042084568176413054,-0.07395771591179348,0.13646512497027175
35.2,uav_03,1,35.307753046554666,-0.44516766567145144,2.09,0.014196898150684777,-0.08790155092465761,0.013082939828766271
35.3,uav_01,1,2.9600615381627566,-0.46253693951344665,2.3554965162794312,0.12099303255886298,-0.07225174186028425,0.2852308395368732
35.3,uav_02,1,19.138635232104424,-0.4708856862375223,1.900541047389919,0.0658115710848778,-0.059458952610081474,0.23797576064455192
35.3,uav_03,1,35.31716036106408,-0.45697604654886687,2.092737863517761,0.03821359055328281,-0.07726213648223906,0.1301164986953703
35.4,uav_01,1,2.981665769008802,-0.4732424900759202,2.3821820496283856,0.1595760661711803,-0.05521196691440986,0.38394016542795073
35.4,uav_02,1,19.149919775143616,-0.47613479641026996,1.92204954794479,0.08803303196319344,-0.045983484018403284,0.33016515981596717
35.4,uav_03,1,35.32639438742783,-0.46503608307671734,2.1063625863495328,0.06954387952429956,-0.06363741365046696,0.24181293174766522
35.5,uav_01,1,3.0026734395105046,-0.47613479641026996,2.42188229517716,0.20188229517716036,-0.034058852411419815,0.4897057379429009
35.5,uav_02,1,19.163062662311354,-0.4793504002308856,1.9515891048772092,0.11158910487720938,-0.03420544756139531,0.4189727621930235
35.5,uav_03,1,35.337509560987336,-0.46822821141374643,2.128628374049572,0.09862837404957281,-0.04712387531680907,0.3387612468319094
35.6,uav_01,1,3.0296505391708703,-0.4859207192477916,2.482903012502923,0.24526867500194868,-0.021182831249512826,0.5981716875048717
35.6,uav_02,1,19.17777946756692,-0.4872335097438227,1.995902631056587,0.14954157863395223,-0.016819473788682593,0.521805262113174
35.6,uav_03,1,35.35682734756845,-0.480352382330673,2.165200269774165,0.1314002023306236,-0.03239986511291759,0.448000674435412
35.7,uav_01,1,3.0667177026392483,-0.4872335097438227,2.5475601737000138,0.2979668114166777,-0.0008132754333289235,0.7059336228333554
35.7,uav_02,1,19.20030011301665,-0.4900147413094642,2.0450354269835955,0.177517713491798,-0.007494095502733996,0.6150590449726601
35.7,uav_03,1,35.375898120705834,-0.4872335097438227,2.2175059649821494,0.1637529824910748,-0.015415672502975063,0.5558432749702493
35.8,uav_01,1,3.1049295852387653,-0.4875864575382098,2.6228620706328907,0.3515900392404951,0.0006360156961980504,0.8028620706328913
35.8,uav_02,1,19.218042946216777,-0.49833222307737524,2.1035425750978716,0.20677128754893592,0.0016928218872339768,0.7052353969851057
35.8,uav_03,1,35.39972577301366,-0.49319613626677067,2.2822341500879513,0.20148943339196745,-0.004627641652008132,0.6637235834799187
35.9,uav_01,1,3.151021240738933,-0.49833222307737524,2.716693183093006,0.4037184350516695,0.02074368701033389,0.896693183093005
35.9,uav_02,1,19.243742024009638,-0.49833222307737524,2.1782868336799277,0.24414341683996393,0.01103585420999098,0.7893226878899189
35.9,uav_03,1,35.42814764300108,-0.49833222307737524,2.352610001841441,0.23826142936061728,0.006087143120205757,0.7647842880818518
36.0,uav_01,1,3.1920405082391845,-0.4983118572714538,2.800183496999242,0.4500917484996206,0.030036699399848224,0.980165147299317
36.0,uav_02,1,19.279488485221695,-0.49833222307737524,2.263715048584435,0.28609557714863787,0.021523894287159454,0.8852389428715945
36.0,uav_03,1,35.46222843144605,-0.49833222307737524,2.440313194875707,0.2835073304865034,0.016701466097300683,0.8603131948757061
36.1,uav_01,1,3.2470139877106687,-0.4872335097438227,2.9041865881168722,0.5022835935182938,0.050761197839431255,1.0734253902774407
36.1,uav_02,1,19.30445301210055,-0.49833222307737524,2.345611751702212,0.3222447006808849,0.031122350340442438,0.9750505765319909
36.1,uav_03,1,35.50016019710904,-0.49833222307737524,2.5368377114966214,0.32970564955405374,0.034852824777026864,0.9642641238851344
36.2,uav_01,1,3.2900037146562657,-0.4872335097438227,2.9933236200971183,0.5509037927802466,0.06696793092674884,1.1463556891703697
36.2,uav_02,1,19.34578342640181,-0.49833222307737524,2.4390988775918796,0.35963955103675194,0.04981977551837599,1.059188989832692
36.2,uav_03,1,35.538146955086354,-0.49833222307737524,2.641669072062193,0.3726676288248772,0.0481669072062193,1.0635021648559737
36.3,uav_01,1,3.351803770245545,-0.4872335097438227,3.114225071608994,0.603427113170414,0.09605626790224837,1.2294833810726622
36.3,uav_02,1,19.377661864323343,-0.49833222307737524,2.5379084615433136,0.3956030769248411,0.05890076923121027,1.1401069230808925
36.3,uav_03,1,35.58374423131667,-0.48851277069060584,2.7661685486415886,0.415389516213863,0.06769475810693151,1.1596264114811916
36.4,uav_01,1,3.4181772736078426,-0.47809586050245556,3.237029920106737,0.6511653538872066,0.124699212332324,1.3140976369969721
36.4,uav_02,1,19.431449017143425,-0.48789298268304054,2.6628697363083607,0.4376232454361203,0.07881162271806015,1.2346523022312708
36.4,uav_03,1,35.6393452789958,-0.4872335097438227,2.894240303277304,0.46760012636554327,0.07952002527310865,1.255680227457978
36.5,uav_01,1,3.484369262088554,-0.46771005633869206,3.366270301301977,0.7055444148437042,0.1603629432291362,1.3983166222655563
36.5,uav_02,1,19.468824926559826,-0.4872335097438227,2.7706355861704575,0.47096479574475597,0.087741198936189,1.309670790425701
36.5,uav_03,1,35.68962474865112,-0.4872335097438227,3.0169671766630155,0.5059899005116972,0.0889974751279243,1.3409772761513188
36.6,uav_01,1,3.556061805550086,-0.44979183242414705,3.5030136381759895,0.7612054552703956,0.19060272763519784,1.4749406070271942
36.6,uav_02,1,19.521854001508117,-0.4872335097438227,2.9135876482611733,0.5205670172361334,0.10622680689445335,1.40302063102504
36.6,uav_03,1,35.73381521957124,-0.4791012866669223,3.132580470055407,0.5466358821626455,0.10465435286505817,1.4086174114602326
36.7,uav_01,1,3.6251098437599043,-0.4366850845545687,3.6387104291637336,0.8077220091136665,0.21108880364546662,1.5388108127591331
36.7,uav_02,1,19.579967080475082,-0.47860747606590953,3.05658153632776,0.5610884096874026,0.11777210242185067,1.4744047169529546
36.7,uav_03,1,35.79293412827803,-0.46807635052736407,3.27891054179962,0.5890428111465653,0.12452140557328266,1.4808249195064893
36.8,uav_01,1,3.698950379091141,-0.4221037673196649,3.7794579723281925,0.8560467396230722,0.2330233698115361,1.6003878628935841
36.8,uav_02,1,19.637607043011116,-0.46827152752756684,3.1962727090031002,0.5983393890674934,0.14125454180062005,1.5395939308681135
36.8,uav_03,1,35.858894687277036,-0.45734682573291163,3.4239209364960566,0.6277122497322816,0.1577122497322816,1.5484964370314929
36.9,uav_01,1,3.7838075078349123,-0.40159537179797433,3.930863576043713,0.9079010517775629,0.2535802103555126,1.6614812621330755
36.9,uav_02,1,19.695091955937425,-0.4588474704889134,3.3292155743325313,0.6323038935831328,0.1667279201873496,1.5934558403746992
36.9,uav_03,1,35.92556465908086,-0.44688602416253725,3.5780061126677323,0.6717665037258034,0.18905990223548208,1.6081198044709641
37.0,uav_01,1,3.8722443119709307,-0.38190636852869164,4.081652705434302,0.9522507957159714,0.2575498408568057,1.7122507957159714
37.0,uav_02,1,19.76129035685297,-0.44298395064452606,3.4838872635444678,0.6697381796575217,0.19480363474314127,1.6496072694862827
37.0,uav_03,1,35.9910674668996,-0.4303780536984698,3.7354300976742145,0.7068406054719201,0.21684060547192008,1.6636812109438401
37.1,uav_01,1,3.9579187066001866,-0.36387690319841137,4.220304665719596,0.9928624071443322,0.24942751857113357,1.7528624071443322
37.1,uav_02,1,19.83818797294589,-0.4252963846025143,3.6686965823556346,0.7074170439451118,0.22741704394511192,1.7090284065751866
37.1,uav_03,1,36.061282561914744,-0.4151757771341221,3.8937148459975464,0.739697610822952,0.23984880541147602,1.719546416234428
37.2,uav_01,1,4.037813616213885,-0.3456429386932386,4.368164760502336,1.0339346556950932,0.24121306886098134,1.7939346556950932
37.2,uav_02,1,19.921128000632688,-0.4057816953355779,3.8604966852829334,0.7467770411739852,0.2466942602934963,1.7634713014674817
37.2,uav_03,1,36.13173661222488,-0.40115652217342634,4.04800243922911,0.7713337398715183,0.25377791329050614,1.7688895664525306
37.3,uav_01,1,4.129396558258278,-0.33524653281128197,4.52188051073947,1.0747053975630185,0.2330589204873963,1.8277643180504148
37.3,uav_02,1,20.00734976456575,-0.38173092094830574,4.063054774520535,0.7825875959769266,0.25752919865897556,1.8176459932948779
37.3,uav_03,1,36.20166589554424,-0.3816503866146898,4.208744113903791,0.7976964390374406,0.26,1.8102619187165876
37.4,uav_01,1,4.223486018032105,-0.320471651109526,4.677406608530825,1.1105066544275424,0.21974667278622884,1.8502533272137713
37.4,uav_02,1,20.102341507680435,-0.35733509406044783,4.263352510521282,0.8155587517535472,0.26,1.8640783356713964
37.4,uav_03,1,36.28175237842291,-0.359894659546608,4.394963363771217,0.8294659713202561,0.26,1.8470994784901922
37.5,uav_01,1,4.314104356483559,-0.3063130891856944,4.827195082211339,1.1390308024544218,0.20397946503038536,1.8660205349696146
37.5,uav_02,1,20.188359633655736,-0.33574051909773744,4.454959952297596,0.8447439928446396,0.25175200238512013,1.8947439928446397
37.5,uav_03,1,36.34659786373323,-0.34361540819522196,4.534306441829313,0.8588013561745923,0.26,1.8691010171309443
37.6,uav_01,1,4.4010274031602075,-0.2973755835089113,4.97009857449371,1.161063007841443,0.18893699215855694,1.8805315039207213
37.6,uav_02,1,20.283067770224708,-0.31196434552090463,4.660225325020114,0.8858369105305505,0.23208154473472478,1.917918455265275
37.6,uav_03,1,36.42683075098933,-0.325243839564624,4.691558821201169,0.8839303401896582,0.2440464398735612,1.8939303401896581
37.7,uav_01,1,4.518120462501192,-0.27637855685555324,5.149823689659875,1.179981441016829,0.17001855898317095,1.8899907205084143
37.7,uav_02,1,20.364281371214112,-0.29321940114895767,4.828077503490173,0.9048077503490174,0.22259612482549132,1.9348077503490173
37.7,uav_03,1,36.51441321293101,-0.30525538831923,4.869632616154574,0.9109448924231861,0.2330183691922713,1.9139632616154574
37.8,uav_01,1,4.632483885184316,-0.2661144825356201,5.334588536142625,1.189229426807131,0.15154114638573765,1.8807705731928688
37.8,uav_02,1,20.451624094747846,-0.2803711680971624,5.007681539212757,0.9227681539212759,0.20723184607872422,1.94
37.8,uav_03,1,36.60564204311394,-0.2844347469747136,5.050866321511036,0.9327227706853721,0.21727722931462784,1.92
37.9,uav_01,1,4.748674030533978,-0.25569692476841005,5.5136983496941445,1.19,0.14138429738451871,1.8627685947690376
37.9,uav_02,1,20.54223093167755,-0.26370569046154957,5.193997617380166,0.9356998808690083,0.18860023826198336,1.9343001191309916
37.9,uav_03,1,36.69681173002612,-0.2699927812119716,5.23470117965731,0.9457350589828654,0.1985298820342691,1.9142649410171344
38.0,uav_01,1,4.863847866080638,-0.24537048833064065,5.690477665003294,1.1820801228945634,0.13208012289456353,1.8362403686836906
38.0,uav_02,1,20.64093913270034,-0.24766930385004665,5.396972640855422,0.934151367957229,0.16830273591445788,1.9124541038716867
38.0,uav_03,1,36.795261312410474,-0.25225772448125305,5.431287182370538,0.95,0.17828555975046978,1.8924283396257044
38.1,uav_01,1,4.994383640806553,-0.23366670692565084,5.890835886728468,1.1715349533300807,0.1130699066601615,1.796139813320323
38.1,uav_02,1,20.729922757437034,-0.2375151884359007,5.574953341160149,0.9250024557284133,0.15500245572841326,1.8850073671852399
38.1,uav_03,1,36.89099031950615,-0.23673592650081385,5.623993268754334,0.9443003365622833,0.15860067312456674,1.8629010096868501
38.2,uav_01,1,5.103348558556426,-0.22327648638076295,6.060880435889433,1.1543466182345075,0.10217330911725378,1.7430398547035226
38.2,uav_02,1,20.818627872893156,-0.2273928543226513,5.748238606192015,0.9076465358644188,0.1417643572429458,1.8535287144858916
38.2,uav_03,1,36.989117520884506,-0.22553841761796564,5.819984896352073,0.9284226424892554,0.1442113212446277,1.8268452849785108
38.3,uav_01,1,5.231360167723457,-0.22086439289300333,6.249817334725737,1.1167072589498364,0.0833536294749182,1.6800608884247545
38.3,uav_02,1,20.918996477279606,-0.21544709222360528,5.952739319978108,0.8753569494771408,0.12511898315904693,1.8007138989542817
38.3,uav_03,1,37.08457424649117,-0.21464564256786303,6.00085629071446,0.9031906182142564,0.1287937454761709,1.7763812364285128
38.4,uav_01,1,5.3415139646412655,-0.212232538370991,6.404437552535643,1.0788906118660897,0.0722226529665224,1.6077812237321791
38.4,uav_02,1,21.013746238307373,-0.20355378023840445,6.150745180471332,0.8432091365881115,0.11440304552937049,1.7308213187055934
38.4,uav_03,1,37.17723340288481,-0.20350274672313343,6.181572846928939,0.8674282562380136,0.1143570640595034,1.7161423843570205
38.5,uav_01,1,5.452906865408196,-0.20976567955945075,6.577541080187769,1.0295467411212442,0.06190934822424883,1.5252747857939908
38.5,uav_02,1,21.10157093883648,-0.19866696622589808,6.32400467402266,0.8078812531711387,0.10447031329278467,1.6557625063422774
38.5,uav_03,1,37.272954486181874,-0.19866696622589808,6.3699683666490206,0.8241250902002305,0.10353127255005763,1.638250180400461
38.6,uav_01,1,5.565897107443897,-0.20976567955945075,6.741095850164994,0.967561659934003,0.051260276655667174,1.413863043212339
38.6,uav_02,1,21.189423269695123,-0.1926009161908492,6.492914245844514,0.7626722806339663,0.09453445612679326,1.5708101051411394
38.6,uav_03,1,37.36677119236103,-0.1908100331878681,6.550345365379686,0.7816834434400741,0.09292086086001851,1.5392086086001853
38.7,uav_01,1,5.680908075561784,-0.1991339515607576,6.894109412062865,0.892945293968567,0.05,1.2946283190934624
38.7,uav_02,1,21.26243055606151,-0.18756825368095645,6.6397962632511165,0.7213876631330355,0.08069383156651776,1.4788160736158475
38.7,uav_03,1,37.446843880685265,-0.18756825368095645,6.702252335602042,0.735915888132653,0.08318317762653059,1.4350149538918364
38.8,uav_01,1,5.777075079804531,-0.19866696622589808,7.034455795148542,0.8174007861633509,0.050371316262378445,1.1551728885890802
38.8,uav_02,1,21.3258553192739,-0.1839973859400316,6.7682605636384405,0.683913145453853,0.07,1.3813915490892472
38.8,uav_03,1,37.52808544549041,-0.17977037435868737,6.848363032930794,0.6848703453818595,0.0729740690763719,1.3156888289164628
38.9,uav_01,1,5.870768997919807,-0.19866696622589808,7.160753788543839,0.7413969691649281,0.06,1.0170954537473924
38.9,uav_02,1,21.39694182758765,-0.17646954034740384,6.901448991494855,0.6354850808485285,0.0675808468080881,1.270970161697057
38.9,uav_03,1,37.606734389694566,-0.17646954034740384,6.991047656504631,0.6233626200747856,0.0622271033457976,1.1867252401495711
39.0,uav_01,1,5.955033309326292,-0.1965888667183872,7.268723788899804,0.6568933477701376,0.06187237888998034,0.8894038322102163
39.0,uav_02,1,21.462316163395627,-0.17646954034740384,7.022782519796006,0.580507283418331,0.06,1.1572174802039943
39.0,uav_03,1,37.67526911836066,-0.16700486393200725,7.122332688097643,0.5673613799593157,0.06,1.0576673119023576
39.1,uav_01,1,6.028355056338424,-0.18756825368095645,7.37046161296309,0.5795383870369114,0.07,0.7718652821757532
39.1,uav_02,1,21.525967772893537,-0.17364343350594746,7.148009710965361,0.5247219758370761,0.06,1.026897614313665
39.1,uav_03,1,37.74185510580926,-0.16537082701385117,7.232858557116987,0.5042848657298067,0.06,0.9285697314596134
39.2,uav_01,1,6.094826780790508,-0.18390859487074376,7.453081604958697,0.5002157671782596,0.07,0.6570262786304324
39.2,uav_02,1,21.582057843019008,-0.16537082701385117,7.258071527756634,0.461285648162244,0.06,0.895690354964114
39.2,uav_03,1,37.799487977108825,-0.16537082701385117,7.340242910640408,0.43984818084974475,0.06,0.7996963616994895
39.3,uav_01,1,6.157520035306853,-0.17646954034740384,7.52398595323983,0.4360140467601698,0.07,0.5580187290135596
39.3,uav_02,1,21.636689800615752,-0.16537082701385117,7.350752392297461,0.4029153376125219,0.06,0.7824137427475482
39.3,uav_03,1,37.855680159224,-0.16454197564932985,7.425227596548612,0.3855192029583342,0.06,0.6925320049305569
39.4,uav_01,1,6.210609657230873,-0.17646954034740384,7.584028857241134,0.37116537131063804,0.07,0.47155382841418403
39.4,uav_02,1,21.685342451906525,-0.16192436440763527,7.431736968528215,0.354473593908418,0.06,0.6789471878168359
39.4,uav_03,1,37.901693241962754,-0.15427211368029856,7.498660294602975,0.3227830878308534,0.06,0.5870095580955361
39.5,uav_01,1,6.257920847527036,-0.17035714295583546,7.637536513503281,0.30695618379606276,0.06449269729934379,0.3914488810954065
39.5,uav_02,1,21.72755866854642,-0.15427211368029856,7.499907681137881,0.3034102657184331,0.06,0.5834564251494929
39.5,uav_03,1,37.93850542071098,-0.15427211368029856,7.561110637737399,0.2725929081750677,0.05814822704376692,0.49703758930636843
39.6,uav_01,1,6.2943968263530525,-0.16537082701385117,7.685053123464262,0.2424203148036073,0.053736719133934546,0.3161570339375418
39.6,uav_02,1,21.76159618904389,-0.15427211368029856,7.557650932399494,0.2582327117336704,0.057058177933417595,0.5064654234673408
39.6,uav_03,1,37.97028602741327,-0.15427211368029856,7.614466779123464,0.23441652609567,0.05,0.431066441753072
39.7,uav_01,1,6.320238320539732,-0.16537082701385117,7.718015862226153,0.17796298813897587,0.05,0.2359524133215404
39.7,uav_02,1,21.79503379717116,-0.15427211368029856,7.615973839979145,0.21402616002085548,0.05,0.42444185603336876
39.7,uav_03,1,37.99508486132334,-0.15375532637546796,7.651862512488787,0.18767185938901454,0.04953437187780291,0.3562749750224232
39.8,uav_01,1,6.34690910648102,-0.16537082701385117,7.736059929527381,0.11364042283570869,0.043940070472618116,0.13334077519879928
39.8,uav_02,1,21.818101229312905,-0.15427211368029856,7.658509404048097,0.16581765991983669,0.04716353198396734,0.3473082558717387
39.8,uav_03,1,38.022086285579775,-0.14317340034674592,7.692902130294742,0.13516311617543145,0.039032623235086286,0.2712936091157766
39.9,uav_01,1,6.369426046486561,-0.16537082701385117,7.746822914475867,0.06270834209652999,0.033177085524132496,0.014947940765457468
39.9,uav_02,1,21.836090907961633,-0.15093208465051614,7.689028151992227,0.11495308001295454,0.036990616002590904,0.25990616002590905
39.9,uav_03,1,38.038275700956206,-0.14317340034674592,7.720122268613058,0.08951092554776434,0.03,0.18853277664329304
40.0,uav_01,1,6.381745320880245,-0.16537082701385117,7.742421409863455,0.027264229590369126,0.03,-0.13367885204815438
40.0,uav_02,1,21.85228697200019,-0.14317340034674592,7.71433607114518,0.07132785770964126,0.03,0.16615160870151344
40.0,uav_03,1,38.05632825645475,-0.14390755939519825,7.730661481224344,0.04801555632696748,0.029338518775655825,0.062062225307869937
40.1,uav_01,1,6.390321695960173,-0.16537082701385117,7.725443531565654,0.005443531565655213,0.03,-0.3010082159091031
40.1,uav_02,1,21.867381575117445,-0.14473571336615704,7.73,0.03577704287211001,0.02859234762403667,0.06170051911247672
40.1,uav_03,1,38.063602861076404,-0.15303889084277417,7.73888885963583,0.023333421092505087,0.021111140364168363,-0.03666631562997966
40.2,uav_01,1,6.399460171443397,-0.16537082701385117,7.6895456036287015,-0.007613599092824389,0.03,-0.5022719818564878
40.2,uav_02,1,21.87449444721308,-0.15366403263950462,7.73,0.011643652797903095,0.020547884265967698,-0.04287750454241994
40.2,uav_03,1,38.0726365565879,-0.15427211368029856,7.730894279671458,0.0017885593429151012,0.02,-0.19569152525667916
40.3,uav_01,1,6.401570214545853,-0.15622791989390947,7.6223353429211365,-0.01823780815412332,0.03,-0.731231779390713
40.3,uav_02,1,21.883649548237553,-0.15427211368029856,7.720193717365681,0.0001937173656818142,0.02,-0.20690052214909094
40.3,uav_03,1,38.08086834075448,-0.15427211368029856,7.7047530726814735,-0.008415642439508776,0.02,-0.36989720635066675
40.4,uav_01,1,6.401570214545853,-0.15427211368029856,7.536973225214513,-0.02,0.03,-1.0073370180528347
40.4,uav_02,1,21.88382083213547,-0.15427211368029856,7.695869083167322,-0.00804363894422613,0.02,-0.3547855009960703
40.4,uav_03,1,38.082269221357684,-0.15427211368029856,7.66581861083915,-0.01683627783216973,0.02,-0.5435618344755643
40.5,uav_01,1,6.409064061959582,-0.15427211368029856,7.428295982461155,-0.028475334794903752,0.03,-1.2588340394624014
40.5,uav_02,1,21.890120346264986,-0.15427211368029856,7.661501688821543,-0.01712457779461413,0.02,-0.5467407114815108
40.5,uav_03,1,38.082269221357684,-0.15427211368029856,7.610023438411546,-0.025710937369778933,0.02,-0.7470624968746944
40.6,uav_01,1,6.410412163088388,-0.15427211368029856,7.282320434566419,-0.03,0.02088003104045849,-1.5279992239885378
40.6,uav_02,1,21.892662779421492,-0.15427211368029856,7.605158672258043,-0.02640590396313643,0.02,-0.7573357911521379
40.6,uav_03,1,38.086666763544834,-0.15427211368029856,7.535238503008377,-0.03,0.02,-0.9793109913091282
40.7,uav_01,1,6.410412163088388,-0.15427211368029856,7.151206561868107,-0.037424589883243264,0.02,-1.7356147470810817
40.7,uav_02,1,21.892662779421492,-0.15427211368029856,7.514585476566144,-0.03,0.02,-1.0166192132714094
40.7,uav_03,1,38.09111116864371,-0.15427211368029856,7.434647927686175,-0.03,0.02,-1.224961996344095
40.8,uav_01,1,6.410412163088388,-0.15427211368029856,6.988285636889684,-0.04,0.02,-1.9345264013324548
40.8,uav_02,1,21.89701299712415,-0.15427211368029856,7.420960284737289,-0.03,0.02,-1.2428393593411007
40.8,uav_03,1,38.09111116864371,-0.15427211368029856,7.309990940451246,-0.03357207568205382,0.02,-1.4693018920513454
40.9,uav_01,1,6.410412163088388,-0.15427211368029856,6.781159203033592,-0.04,0.02,-2.1356178639219885
40.9,uav_02,1,21.901504727964028,-0.15427211368029856,7.311763722378741,-0.03321575184141728,0.02,-1.4603937960354318
40.9,uav_03,1,38.09111116864371,-0.15427211368029856,7.160712777560575,-0.04,0.02,-1.7057558953392638
41.0,uav_01,1,6.410412163088388,-0.15427211368029856,6.542236686342827,-0.04,0.02,-2.309410856732939
41.0,uav_02,1,21.901504727964028,-0.15427211368029856,7.152291398193408,-0.04,0.02,-1.7080763436206838
41.0,uav_03,1,38.09111116864371,-0.15427211368029856,6.964933512346328,-0.04,0.02,-1.9429682231961631
41.1,uav_01,1,6.410412163088388,-0.15427211368029856,6.315670985513161,-0.04,0.02,-2.4321645072434195
41.1,uav_02,1,21.901504727964028,-0.15427211368029856,6.981092686482412,-0.04,0.02,-1.9251080833615446
41.1,uav_03,1,38.09111116864371,-0.15427211368029856,6.751133191003458,-0.04,0.02,-2.154742979139894
41.2,uav_01,1,6.410412163088388,-0.15427211368029856,6.09095042681524,-0.04,0.02,-2.523657846346513
41.2,uav_02,1,21.901504727964028,-0.15427211368029856,6.766677362398437,-0.04,0.02,-2.1381730671285517
41.2,uav_03,1,38.09111116864371,-0.15427211368029856,6.516224459356056,-0.04,0.02,-2.3253416334354444
41.3,uav_01,1,6.410412163088388,-0.15427211368029856,5.869880826848853,-0.04,0.02,-2.587719809188726
41.3,uav_02,1,21.901504727964028,-0.15427211368029856,6.52521666542658,-0.04,0.02,-2.3137811601751244
41.3,uav_03,1,38.09111116864371,-0.15427211368029856,6.2786074444330975,-0.04,0.0252557022226761,-2.4530684266721132
41.4,uav_01,1,6.410412163088388,-0.15427211368029856,5.642212362732834,-0.03674860602714198,0.02,-2.629754181918574
41.4,uav_02,1,21.89743006782144,-0.15427211368029856,6.289400121532361,-0.04,0.02,-2.4406916109643344
41.4,uav_03,1,38.09111116864371,-0.1483108753980093,6.020351204070689,-0.04,0.03,-2.5475977527501987
41.5,uav_01,1,6.410412163088388,-0.15427211368029856,5.398786615484643,-0.03,0.02,-2.648251046156704
41.5,uav_02,1,21.892662779421492,-0.14914609924896044,6.039917274003391,-0.04,0.024618566384484942,-2.5369485310758795
41.5,uav_03,1,38.09111116864371,-0.14317340034674592,5.776728464775345,-0.03525878710674406,0.02525878710674406,-2.6037060644662797
41.6,uav_01,1,6.410412163088388,-0.15427211368029856,5.169653445905571,-0.03,0.02,-2.641704384168731
41.6,uav_02,1,21.892662779421492,-0.14317340034674592,5.732135985872406,-0.03458503180233573,0.024585031802335726,-2.612489809185986
41.6,uav_03,1,38.09111116864371,-0.14317340034674592,5.536434541702182,-0.03,0.02,-2.637671515429468
41.7,uav_01,1,6.410412163088388,-0.14317340034674592,4.904690255935629,-0.02906260207168995,0.02,-2.62812520414338
41.7,uav_02,1,21.892662779421492,-0.14317340034674592,5.455412055848605,-0.03,0.02,-2.6461176338250634
41.7,uav_03,1,38.09111116864371,-0.14317340034674592,5.269871404319904,-0.03,0.02,-2.6461489001661502
41.8,uav_01,1,6.410412163088388,-0.14317340034674592,4.657651479746944,-0.02,0.01991301776840532,-2.6098260355368104
41.8,uav_02,1,21.892662779421492,-0.14317340034674592,5.192822637487887,-0.03,0.02,-2.6431854860572264
41.8,uav_03,1,38.09111116864371,-0.14317340034674592,5.016958937559026,-0.03,0.02,-2.6365540347244085
41.9,uav_01,1,6.410412163088388,-0.14317340034674592,4.409734214324707,-0.02,0.01073089682684096,-2.5914617936536817
41.9,uav_02,1,21.892662779421492,-0.14317340034674592,4.906396340326748,-0.03,0.02,-2.6249182474316113
41.9,uav_03,1,38.088648259853684,-0.14317340034674592,4.7647919771749185,-0.03,0.02,-2.6216435530194353
42.0,uav_01,1,6.410412163088388,-0.14317340034674592,4.1577215290452445,-0.02,0.01,-2.564191281005027
42.0,uav_02,1,21.892662779421492,-0.14317340034674592,4.647091105896624,-0.03,0.02,-2.598565678432958
42.0,uav_03,1,38.08236624332704,-0.14317340034674592,4.567147041119337,-0.029890270812282158,0.02,-2.5985735205596683
42.1,uav_01,1,6.410412163088388,-0.14317340034674592,3.8891753013848565,-0.010767012055394277,0.01,-2.4215051808309145
42.1,uav_02,1,21.892662779421492,-0.14317340034674592,4.373004893469203,-0.022423265133430948,0.02,-2.4460420375351877
42.1,uav_03,1,38.09041852728214,-0.14317340034674592,4.330367318214187,-0.020783358392853397,0.02,-2.4801836591070945
42.2,uav_01,1,6.410412163088388,-0.14317340034674592,3.6673887576765662,-0.0015578649031902387,0.01844213509680976,-2.1820623523861364
42.2,uav_02,1,21.892662779421492,-0.14317340034674592,4.1231068216457665,-0.003748419273545033,0.02812579036322748,-2.164352079466403
42.2,uav_03,1,38.09111116864371,-0.14317340034674592,4.10060067173894,-0.003248053739115339,0.02,-2.243848725478057
42.3,uav_01,1,6.410412163088388,-0.1332236091370253,3.4417388843871954,0.01792963005836233,0.011035184970818835,-1.871055549124565
42.3,uav_02,1,21.900499333662424,-0.13333669199852183,3.8938785378948206,0.00886292676691326,0.02113707323308674,-1.835249270225689
42.3,uav_03,1,38.09111116864371,-0.13335057601304307,3.8741412388910383,0.0,0.02,-1.9256370669343907
42.4,uav_01,1,6.417618789099729,-0.13207468701319328,3.27329106359947,0.02815049646669611,0.01,-1.603635602465813
42.4,uav_02,1,21.901504727964028,-0.13207468701319328,3.733095350602305,0.0180532146704526,0.02,-1.5584035598864219
42.4,uav_03,1,38.09111116864371,-0.13207468701319328,3.702471315684696,0.016392076035033776,0.02,-1.6441188594744933
42.5,uav_01,1,6.4268745313750975,-0.13207468701319328,3.1107226911530095,0.04723697451293207,0.01,-1.3086823568189512
42.5,uav_02,1,21.909103029029136,-0.13207468701319328,3.571097946764621,0.028593470215691964,0.028593470215691964,-1.259382833960625
42.5,uav_03,1,38.098602668386796,-0.13207468701319328,3.5344371256937444,0.028472679644140964,0.02,-1.3527649699640532
42.6,uav_01,1,6.435249135025847,-0.13207468701319328,2.984830867536594,0.05,0.018089933266415864,-1.0677516683396033
42.6,uav_02,1,21.917466131967643,-0.13207468701319328,3.453377075379932,0.03,0.03805191038500565,-1.018702240374859
42.6,uav_03,1,38.107039236882535,-0.13207468701319328,3.405815307339096,0.03,0.028014207127761905,-1.1016306146781907
42.7,uav_01,1,6.444444367030439,-0.13207468701319328,2.875105116727554,0.05,0.028489488327244565,-0.824741768473375
42.7,uav_02,1,21.919188622536065,-0.12279725287842486,3.346409816929652,0.03,0.04835901830703482,-0.7861015972452341
42.7,uav_03,1,38.11613513779585,-0.12286117898547648,3.2886843740708684,0.03,0.04660284107802387,-0.8507659070637137
42.8,uav_01,1,6.44577995348898,-0.12172132535964413,2.7853725214586778,0.04067156518233477,0.057985304452995684,-0.6034313036466954
42.8,uav_02,1,21.926092479156132,-0.11231001976907556,3.2675354281979483,0.02219192852474355,0.07342421442576935,-0.593838570494871
42.8,uav_03,1,38.1176370130148,-0.12097597446825163,3.2063537957509203,0.03,0.06591155106226984,-0.6508844893773016
42.9,uav_01,1,6.454804610822078,-0.10964791883889513,2.7091734454655736,0.03,0.09103319316803393,-0.4069004204958982
42.9,uav_02,1,21.93544000072202,-0.10057669272852161,3.1997208291087538,0.011620138184792348,0.1135194472608306,-0.4075423491414699
42.9,uav_03,1,38.12500521788833,-0.11172715279709206,3.140000573616767,0.021666762269461112,0.10333295092215555,-0.46000172085030006
43.0,uav_01,1,6.46303029020841,-0.09932276595916878,2.671961373869806,0.03,0.1375482826627426,-0.2673551520117723
43.0,uav_02,1,21.93687251836462,-0.08984466160377189,3.157802083254583,0.01,0.16024739593177145,-0.25120833301833134
43.0,uav_03,1,38.126478960300815,-0.1021369904746753,3.0951298739439284,0.01302597478878565,0.14487012605607175,-0.31841559662057045
43.1,uav_01,1,6.463602808430252,-0.07623226877532904,2.6396856821501546,0.019842841075077073,0.20094295354953756,-0.11811409290092488
43.1,uav_02,1,21.94443099374121,-0.06870452579214821,3.1243547182833145,0.01,0.2212905634333695,-0.10887044589436612
43.1,uav_03,1,38.13250685432963,-0.08364571423873099,3.059547854186845,0.01,0.19408690968859232,-0.1745566528719415
43.2,uav_01,1,6.470726724804382,-0.05834790709661114,2.6235717761714925,0.01178588808574647,0.2492846714855212,-0.021430657028957634
43.2,uav_02,1,21.945714466907155,-0.04792018854128515,3.112088173036217,0.002088173036217564,0.2774709617826946,-0.0029699033983932033
43.2,uav_03,1,38.135320908843354,-0.062134272343758866,3.0369833116061633,0.0034916558030817033,0.2490500651815098,-0.04539152544006214
43.3,uav_01,1,6.4796306359311,-0.03599492288781764,2.619999999999999,0.01,0.3097051463942344,0.09112610172276313
43.3,uav_02,1,21.953148093618598,-0.015292157752117983,3.1099999999999994,0.0,0.34885059625087517,0.10407228035839314
43.3,uav_03,1,38.14127280749701,-0.031970617634603946,3.0299999999999994,0.0,0.3103886053227191,0.06058290798407866
43.4,uav_01,1,6.481147745146091,-0.006881308380546972,2.627599968106632,0.0024000318933682504,0.37319977674642224,0.18599968106631748
43.4,uav_02,1,21.954556414193174,0.015963962954994165,3.117794538793536,0.0,0.4145617715547582,0.190150849141832
43.4,uav_03,1,38.14416285612938,-0.00475424500896433,3.0373581998899573,0.0,0.38150739922970633,0.16358199889958044
43.5,uav_01,1,6.481147745146091,0.03637886083078854,2.645888774214239,0.0,0.44561070974983485,0.2814994839640733
43.5,uav_02,1,21.954556414193174,0.05398621100397471,3.1338209325672546,0.0,0.47837326398539104,0.27219419655264565
43.5,uav_03,1,38.15129400420129,0.036914910380755506,3.0480651329862543,0.0,0.46452106389003095,0.2625861968762848
43.6,uav_01,1,6.487743030006057,0.07861922796728793,2.6723772591487664,0.0,0.5196726910633775,0.35967269106337757
43.6,uav_02,1,21.959249457802695,0.09715649097485736,3.1559231110219583,0.0,0.5424616293918882,0.3371539257179022
43.6,uav_03,1,38.15300480341539,0.0941763080379796,3.0763120147222955,0.0,0.5413947010186888,0.3501653725927872
43.7,uav_01,1,6.48998969243211,0.12678130306453883,2.7065845064931966,0.0,0.5865228863630935,0.4331690129863925
43.7,uav_02,1,21.963398361479193,0.14767953360507274,3.187648040246192,-0.0044120100615479595,0.6152960804923837,0.40088407043083574
43.7,uav_03,1,38.15300480341539,0.15369669737721303,3.108488928421903,-0.009496309473967807,0.6259704757917425,0.42647416631777463
43.8,uav_01,1,6.495169597402378,0.18440509505521183,2.7434333187774125,-0.01171665938870622,0.6568666375548249,0.49514997816611866
43.8,uav_02,1,21.963398361479193,0.20828427350475565,3.2252372830628517,-0.017618641531425703,0.6904745661257028,0.4628559245942771
43.8,uav_03,1,38.161846751957924,0.22393580686105047,3.1605481149772405,-0.02032886898634419,0.7108769839635845,0.49065773797268836
43.9,uav_01,1,6.498831640974646,0.25724174786183635,2.7949510218237603,-0.03165034060792006,0.7424265327356403,0.5549510218237602
43.9,uav_02,1,21.963398361479193,0.2752183232469705,3.2621237016673916,-0.037274221000435,0.7593979226678267,0.51454844200087
43.9,uav_03,1,38.16117063680974,0.30671590587758424,3.213823337949355,-0.05229400276961241,0.7968820083088373,0.5545880055392248
44.0,uav_01,1,6.493223389214974,0.3389540867678845,2.8580566686134294,-0.06537111240895244,0.8307422248179048,0.6243994467156667
44.0,uav_02,1,21.963398361479193,0.3539230581321458,3.3153313453766877,-0.06766567268834371,0.8404417938355832,0.5753313453766875
44.0,uav_03,1,38.15300480341539,0.39221390799832617,3.2682578870014676,-0.08550525800097838,0.8896342015017121,0.616881572501223
44.1,uav_01,1,6.48998969243211,0.42923712703393146,2.92180871176433,-0.10090435588216515,0.915744949019107,0.6918087117643302
44.1,uav_02,1,21.961907990253838,0.4285991421872967,3.370113414005838,-0.09674227600389226,0.9134845520077846,0.6284278450048654
44.1,uav_03,1,38.15158222170746,0.4926399230115515,3.3312623064053692,-0.12482670274515804,0.9628712073204214,0.6712623064053688
44.2,uav_01,1,6.48324152653482,0.5323918600664824,3.001055925162186,-0.14052796258109315,0.993423934516913,0.763423934516913
44.2,uav_02,1,21.95398413273369,0.5181158029814089,3.4245306425008035,-0.13194170392891583,0.9845306425008036,0.6745306425008036
44.2,uav_03,1,38.14243433081628,0.5779927626555461,3.3978196584275637,-0.15293237191033612,1.0358647438206723,0.7358647438206722
44.3,uav_01,1,6.468450252877446,0.6357371482183407,3.0774420586583258,-0.1715407719968723,1.0602618013260354,0.8302618013260353
44.3,uav_02,1,21.947583561669457,0.5904237352713796,3.475202735423672,-0.15365831518157372,1.035202735423672,0.725202735423672
44.3,uav_03,1,38.12487662966165,0.6982443764210708,3.4844975362311765,-0.18181219202889698,1.104497536231176,0.8026853442022789
44.4,uav_01,1,6.451974479381709,0.7391418993801754,3.1584737268444307,-0.18649708076049235,1.1254795653234464,0.8954795653234465
44.4,uav_02,1,21.932210726293693,0.6962908657787868,3.5510894375057735,-0.1752723593764433,1.1034532578175518,0.78581707812933
44.4,uav_03,1,38.11299333912227,0.8211774427595032,3.5736334037691555,-0.19,1.1883815362648982,0.8810074700170265
44.5,uav_01,1,6.441208354118242,0.8354040665777988,3.2365331821212164,-0.19517035356902412,1.1913628285521929,0.9613628285521929
44.5,uav_02,1,21.92158649629962,0.8034144378392477,3.62830456712548,-0.18728807089068492,1.1710164962347944,0.8510164962347945
44.5,uav_03,1,38.09456206251421,0.9484230453480208,3.6704856730909627,-0.18695143269090375,1.26438853847277,0.9643885384727698
44.6,uav_01,1,6.430228423219623,0.9395395051437656,3.321735946384364,-0.19620582305596687,1.260353415552265,1.0341475924962982
44.6,uav_02,1,21.907386488980595,0.9149927798159326,3.7100655028599885,-0.19,1.2433915580977675,0.9233915580977674
44.6,uav_03,1,38.07973349381164,1.0746683087264137,3.7715462217815343,-0.1742643233124483,1.3458105450939826,1.0429427067502068
44.7,uav_01,1,6.416205104230244,1.0681180810388844,3.42793176604753,-0.18310331526408555,1.3410350813116152,1.1175867389436578
44.7,uav_02,1,21.88930837693204,1.0474548495241545,3.8089686885188123,-0.18310313114811877,1.3251749508150499,1.0051749508150498
44.7,uav_03,1,38.07074663592319,1.221316231640966,3.8833490061510867,-0.1539365443361661,1.4403172783191696,1.1212220948234188
44.8,uav_01,1,6.404096250045057,1.2069077090370324,3.542858744054344,-0.1628568759909426,1.4321440580407583,1.1985724960362296
44.8,uav_02,1,21.877105263474306,1.189939075393434,3.9235463528400345,-0.16480975402908454,1.4183561068691195,1.0907609838836618
44.8,uav_03,1,38.060044518430495,1.3617551690001006,3.9908131679308267,-0.1348644720115289,1.53310987594812,1.187974347959649
44.9,uav_01,1,6.390269711832371,1.3428641840203206,3.656147259173979,-0.14443888320400314,1.5178055839799842,1.269463908785989
44.9,uav_02,1,21.86863619788885,1.3334300934296037,4.0360808439441165,-0.14565319267598065,1.5117340366200969,1.1602138256340677
44.9,uav_03,1,38.046901429700576,1.5191520850534885,4.1127289383633725,-0.11496477871332711,1.622658495790028,1.257623274503355
45.0,uav_01,1,6.381962835868152,1.4912576180215165,3.7804556892468844,-0.12564918725044513,1.6095786573729969,1.3330524382486646
45.0,uav_02,1,21.8604212839157,1.4777930341985976,4.147570943061552,-0.12060726423461224,1.5981782072961632,1.2252497167859047
45.0,uav_03,1,38.0460523017099,1.6607730948274366,4.223444766729438,-0.09615863807730374,1.6976827238453924,1.3148017024033705
45.1,uav_01,1,6.373594908313281,1.6506326462387537,3.9129502427412475,-0.10344278778821517,1.6931144244235696,1.389835818317677
45.1,uav_02,1,21.851428319693415,1.6431929148923754,4.276255529981649,-0.09009487769654281,1.6897153669103715,1.2898102446069144
45.1,uav_03,1,38.03805948241456,1.8431640520037598,4.367238091446858,-0.05507483101518393,1.778619045723428,1.364925168984816
45.2,uav_01,1,6.366202424145259,1.8411254194750906,4.065497366296625,-0.06053403565423364,1.7789319286915328,1.451832455432208
45.2,uav_02,1,21.84845304047836,1.8321157432299682,4.417293698781019,-0.05006347729814804,1.779873045403704,1.347420653377315
45.2,uav_03,1,38.03805948241456,1.987313831713554,4.48088284929925,-0.022604900200214058,1.8354414246496256,1.397395099799786
45.3,uav_01,1,6.366202424145259,2.038741978458007,4.2326281738711184,-0.013553695665275364,1.8597355652016696,1.5031570434677797
45.3,uav_02,1,21.84845304047836,2.0314839613700664,4.564781818472185,-0.00720519472223264,1.857390909236093,1.3927948052777672
45.3,uav_03,1,38.03805948241456,2.1589635402282656,4.608783992704472,0.022422854537311767,1.8993919963522363,1.4424228545373117
45.4,uav_01,1,6.369220885230285,2.2335586979928506,4.391206951150885,0.03706898371696185,1.9204827804603541,1.547068983716962
45.4,uav_02,1,21.84845304047836,2.2330483953392117,4.723225196840501,0.0444083989468339,1.9232900787362006,1.444408398946834
45.4,uav_03,1,38.04477107540542,2.339199531670887,4.7438594153599976,0.06795313845333226,1.9555437661439987,1.480362510762666
45.5,uav_01,1,6.379577514945319,2.416347184590438,4.53357831582239,0.08025372136997429,1.9728171517124677,1.5902537213699743
45.5,uav_02,1,21.86544746134603,2.4461364175443387,4.884151670811924,0.09805055693730803,1.978050556937308,1.4788303341623847
45.5,uav_03,1,38.05754343259155,2.5075570396152855,4.876286501518883,0.10407162537972048,2.0000895317246505,1.5140716253797204
45.6,uav_01,1,6.394360875697762,2.601800123793538,4.689542966228909,0.11553930616792031,2.0192321769465336,1.6255393061679204
45.6,uav_02,1,21.873147531659942,2.612324371489349,5.008931867487715,0.13171516466339084,2.0196439558292383,1.5117151646633908
45.6,uav_03,1,38.072947764839014,2.686829815802676,5.0109326671364025,0.13418653342728043,2.0389153779030407,1.5441865334272804
45.7,uav_01,1,6.403846909651929,2.7932673089652043,4.8418864763616165,0.14,2.06514975914391,1.6538623193579323
45.7,uav_02,1,21.887199874837776,2.79943425620013,5.150572840856532,0.1469108025535333,2.0645540127676667,1.5407324076606
45.7,uav_03,1,38.0884390156124,2.8715586828888813,5.145822941410935,0.15,2.077444669190917,1.566977867676367
45.8,uav_01,1,6.421992340901296,3.0193163619015655,5.017871770995409,0.13845156827803276,2.106193726887869,1.681548431721967
45.8,uav_02,1,21.9053634982217,3.0160304251586765,5.314913310264594,0.15,2.1087283275661486,1.5643641637830743
45.8,uav_03,1,38.10322109471068,3.0478308745244926,5.281415938237815,0.14815200363306968,2.115543989100791,1.5836959927338607
45.9,uav_01,1,6.4376883777132585,3.2163771108727666,5.1844270433450745,0.12745405117439884,2.143394598434135,1.6908486496085338
45.9,uav_02,1,21.92437721900309,3.2515695772328645,5.486945273951585,0.13413184075605178,2.1517363184878966,1.5779340796219743
45.9,uav_03,1,38.118508705189036,3.241620254083083,5.435773759259833,0.13704242013878157,2.1449292997686977,1.6
46.0,uav_01,1,6.449346409022587,3.4642808986335716,5.374285286827698,0.09193287368760049,2.1880671263124,1.6979832184219001
46.0,uav_02,1,21.943279735699125,3.4888403837210267,5.657971087532888,0.10413042108758332,2.1944927718832226,1.58
46.0,uav_03,1,38.126726083258134,3.4479149066536277,5.584471828011747,0.10888204299706294,2.1908384677522026,1.5997205107492658
46.1,uav_01,1,6.463463849317535,3.7025101720222513,5.557126984477567,0.04952733678276321,2.2252363316086186,1.6873818341956908
46.1,uav_02,1,21.95397468854298,3.726772183893414,5.829473347779637,0.06263166305509069,2.228026252708682,1.5706579157637728
46.1,uav_03,1,38.13475998954047,3.6496035301062153,5.729849851757277,0.07253753706068047,2.2180968472044897,1.5906343842651702
46.2,uav_01,1,6.465995306825233,3.9381122027522046,5.738671146890116,0.011410974078214923,2.242863008640595,1.6714109740782148
46.2,uav_02,1,21.954556414193174,3.9726852823720518,5.998789106524949,0.020302723368762786,2.2498486383156187,1.540227042526572
46.2,uav_03,1,38.14414598738051,3.896313546965976,5.909675672426689,0.03007631237019103,2.2399618438149047,1.5700381561850956
46.3,uav_01,1,6.472305797860072,4.153524928657405,5.901567583796082,-0.01978060795201924,2.25,1.6426645440359855
46.3,uav_02,1,21.96267836256288,4.188543065078484,6.146971215402709,-0.00755710288800791,2.25,1.512442897111992
46.3,uav_03,1,38.15300480341539,4.1359546737032575,6.081083784066926,-0.0029556757511800076,2.25,1.537783243186615
46.4,uav_01,1,6.4702759059768375,4.383115789847204,6.0667320279862595,-0.05688725524742338,2.247704248250859,1.6108169930034355
46.4,uav_02,1,21.963398361479193,4.396000513836493,6.287364993829526,-0.04396399835454057,2.25,1.4760360016454595
46.4,uav_03,1,38.15300480341539,4.3804686972857345,6.239676755784205,-0.04368939170953874,2.2487702027634873,1.5050808110539484
46.5,uav_01,1,6.463302874556962,4.566924278859826,6.192912928663642,-0.0805461741244325,2.2398179419585227,1.5790897097926127
46.5,uav_02,1,21.95547762800299,4.638286299497365,6.444371986509028,-0.07687439730180533,2.2320837351321297,1.4341674702642595
46.5,uav_03,1,38.152477458607045,4.598779188745725,6.388946187835464,-0.07178923756709311,2.2394035874776357,1.4664215248658137
46.6,uav_01,1,6.453608682716643,4.821190519295242,6.368334769717313,-0.11229184621466393,2.226562230678004,1.5231244613560082
46.6,uav_02,1,21.954556414193174,4.857336066401547,6.585346995569928,-0.09671293274265719,2.2216435336286717,1.3798612017720284
46.6,uav_03,1,38.14299308470419,4.847318139637579,6.548521711816279,-0.10132297941544838,2.226031061753655,1.4020621235073096
46.7,uav_01,1,6.445385505512646,5.027630729572007,6.516691647726024,-0.1304461098484015,2.1986616704547957,1.4668772310611895
46.7,uav_02,1,21.947942353564596,5.061686274842063,6.714724497675456,-0.11496064252506519,2.197559036212402,1.3251180724248044
46.7,uav_03,1,38.13345362731722,5.086803165723129,6.699565814865429,-0.11211184391895912,2.1936644682431226,1.3352170925672862
46.8,uav_01,1,6.436127591467911,5.260047703688877,6.6728317940736135,-0.14,2.1663337731218246,1.3917509895241058
46.8,uav_02,1,21.939691848886515,5.268812539237457,6.838548393933415,-0.12,2.16275434032818,1.2555086806563596
46.8,uav_03,1,38.124248475816735,5.31789553081763,6.842794018506389,-0.12252261680818378,2.159909532767265,1.257296448726346
46.9,uav_01,1,6.428872766478464,5.4421777434587755,6.787701892405036,-0.14,2.1335137450271326,1.3179059263110484
46.9,uav_02,1,21.932090662485,5.459637887272895,6.944897775002785,-0.12540814791689878,2.1283674083324047,1.181326668747911
46.9,uav_03,1,38.1156648154185,5.533385577623642,6.966766013217342,-0.13,2.1188474944927744,1.1699254900869942
47.0,uav_01,1,6.419575131709558,5.675591893037464,6.9252801377095174,-0.14,2.0818153316501857,1.223267596970334
47.0,uav_02,1,21.92394052866076,5.664244380852272,7.05550870238383,-0.13,2.086871374006738,1.0983684732121282
47.0,uav_03,1,38.10616619341945,5.768545578015188,7.092704992062831,-0.13,2.0621609134202736,1.070268189033789
47.1,uav_01,1,6.4114526068303395,5.8697125745099745,7.044702726438146,-0.14,2.035883566754559,1.131767133509118
47.1,uav_02,1,21.909785613405223,5.895667733154442,7.173172727831741,-0.12468272721682594,2.0280963633009557,0.9915099993850853
47.1,uav_03,1,38.0967076941734,5.994125541127233,7.206704839405319,-0.12632951605946818,1.997977096356809,0.9596246766541501
47.2,uav_01,1,6.396342603901147,6.062302171531692,7.147517565450569,-0.13204385768631208,1.9743070038041843,1.0245262922357448
47.2,uav_02,1,21.896155947580045,6.115266465836795,7.28049323130815,-0.12,1.9637040612151093,0.8734574455610339
47.2,uav_03,1,38.08777034351918,6.203082873217463,7.304005434717149,-0.11622161836476122,1.9335513285533286,0.8484378020123734
47.3,uav_01,1,6.387160747607033,6.231195838457646,7.232967112124855,-0.13,1.9159230215126017,0.93073617666266
47.3,uav_02,1,21.886656922851813,6.329889439746792,7.374339673154792,-0.11320754085565088,1.885660326845207,0.7620754085565087
47.3,uav_03,1,38.07926679049567,6.3914452054513085,7.387165336004763,-0.11,1.8594389969946412,0.7494389969946412
47.4,uav_01,1,6.37882617865038,6.419508851690432,7.321505917338209,-0.12427712029575447,1.8442169623660358,0.8270483232532992
47.4,uav_02,1,21.87731414348929,6.532814746950919,7.458871083584149,-0.11,1.7937700309678326,0.6637700309678325
47.4,uav_03,1,38.0698282145954,6.592854764099825,7.468493059208315,-0.11,1.7633660667321678,0.6492956297024087
47.5,uav_01,1,6.369397135071165,6.6183734615785665,7.411094956144264,-0.12,1.752518174337704,0.7161313048196712
47.5,uav_02,1,21.869791460129008,6.693341119437318,7.515201002422597,-0.10413316626290046,1.7171984963661042,0.5871984963661042
47.5,uav_03,1,38.060386601907084,6.789058739220914,7.538491847912467,-0.11,1.6672622281313008,0.5520108694500452
47.6,uav_01,1,6.35998916224891,6.8073207674026115,7.489189195192905,-0.12,1.649729721152995,0.6167567490376955
47.6,uav_02,1,21.861567426384937,6.857361979122918,7.57100793835203,-0.1,1.6283201027466183,0.5086560821972946
47.6,uav_03,1,38.0510882294483,6.9699615634527285,7.5963242246458735,-0.10473515507082548,1.5620867057790802,0.4731460854957783
47.7,uav_01,1,6.3505660856390955,6.9880428741282685,7.556105612783087,-0.1123157312028189,1.5431573120281892,0.5208415808253701
47.7,uav_02,1,21.852814254075138,7.022171165134573,7.625337934870568,-0.1,1.5242565432847504,0.4345268911812048
47.7,uav_03,1,38.04166780836338,7.140764630645914,7.649595411326858,-0.1,1.4448900950809156,0.39856642414240084
47.8,uav_01,1,6.341110433039,7.1660787095770075,7.611891757467631,-0.11,1.427838133571215,0.4413515395453186
47.8,uav_02,1,21.844756502043605,7.169246613566239,7.66672273455238,-0.1,1.4240124799809541,0.37491589817142956
47.8,uav_03,1,38.033072504590535,7.285552456677425,7.692560540852408,-0.1,1.3323183774427798,0.34179932393449153
47.9,uav_01,1,6.323902084543873,7.321780459965304,7.6646013010459635,-0.10107973979080764,1.3029568774896918,0.3764784387448459
47.9,uav_02,1,21.836986041415003,7.299208952898897,7.70187544471543,-0.09703113882114278,1.321404804674856,0.3251556941057139
47.9,uav_03,1,38.02546136988994,7.405036401776452,7.722744357945071,-0.09575188068497624,1.224774448904691,0.29875940342488116
48.0,uav_01,1,6.31330742420146,7.468183702925375,7.709291162741433,-0.1,1.162303721090344,0.3110632558878511
48.0,uav_02,1,21.82946313974321,7.412524966573165,7.734431167245216,-0.09,1.2122753310191399,0.28409177700637994
48.0,uav_03,1,38.01798558594043,7.514642682447511,7.748109075642259,-0.0872969747859132,1.1175636974309582,0.25918789914365276
48.1,uav_01,1,6.304308789373575,7.596087129266671,7.741038386685279,-0.08965387110490652,1.0355003243637848,0.2686154844196261
48.1,uav_02,1,21.821927197363788,7.545860286885791,7.765358151887146,-0.08821394937095163,1.0885673924514196,0.24285579748380656
48.1,uav_03,1,38.00993614566727,7.62177546860685,7.77542016375133,-0.08,1.0065126237442332,0.2245798362486692
48.2,uav_01,1,6.304308789373575,7.687871536068003,7.768604467175135,-0.08046517760828824,0.9160473089077471,0.23186071043315296
48.2,uav_02,1,21.82099020580963,7.647609846767381,7.7921194232236255,-0.07894028838818698,0.9762237490464306,0.2068208651645609
48.2,uav_03,1,38.00176798650504,7.714052019422796,7.802089368376734,-0.0789553158116331,0.8885084739279642,0.19686594743489932
48.3,uav_01,1,6.296579187084307,7.779840248003027,7.796225901175802,-0.08,0.805096395296795,0.20377409882419875
48.3,uav_02,1,21.81198075553623,7.749390552261112,7.812498303256722,-0.07,0.8450101804596617,0.17625254511491542
48.3,uav_03,1,37.99384974347143,7.805055730929595,7.820349247132511,-0.07,0.7879045172049336,0.16930150573497785
48.4,uav_01,1,6.287194648820217,7.875474836228759,7.818711244804418,-0.07064437759779126,0.6870881535757039,0.16257751039116503
48.4,uav_02,1,21.805555696868776,7.821975123036928,7.827031433707774,-0.07,0.7578113977533419,0.15445284943833548
48.4,uav_03,1,37.99384974347143,7.888437151132391,7.839131023550526,-0.07,0.675213858696843,0.13173795289894769
48.5,uav_01,1,6.2788587538593355,7.939686174953463,7.8287832898464895,-0.061216710153509254,0.5658172319956204,0.11608355076754628
48.5,uav_02,1,21.797674324684394,7.894520616130386,7.844858665491532,-0.0625706672542343,0.6582773397965773,0.12028266901693718
48.5,uav_03,1,37.98773369831265,7.938357361149257,7.846917078435096,-0.0630829215649048,0.5800779803437626,0.10233168625961925
48.6,uav_01,1,6.2777829450024845,8.002658729599208,7.838239724644975,-0.05176027535502453,0.45112330426029434,0.04408220284019623
48.6,uav_02,1,21.79540135424921,7.959486529072465,7.85675666074585,-0.053243339254149966,0.5421634103039495,0.07621669627074981
48.6,uav_03,1,37.98082098932817,7.985164342969086,7.854735162363319,-0.05526483763668185,0.48317805164018224,0.056853863456772964
48.7,uav_01,1,6.271085108832689,8.048010211978195,7.84,-0.04242493089685499,0.3390991707622598,-0.030600552825160103
48.7,uav_02,1,21.7899803667283,8.015107700258865,7.859999999999999,-0.043869012588304945,0.4202971636479642,0.01708308811813459
48.7,uav_03,1,37.976165847642875,8.030584526605647,7.859999999999999,-0.047080071904475766,0.3849608628537092,-0.003359424764193885
48.8,uav_01,1,6.268940997716466,8.078977536062238,7.8339326663319735,-0.033932666331974635,0.24932666331974634,-0.11674067034827902
48.8,uav_02,1,21.78655940570668,8.060855236933396,7.854531571909414,-0.034531571909413514,0.30984729100354863,-0.06468428090586487
48.8,uav_03,1,37.974956618680935,8.074427966386555,7.858632395192115,-0.038632395192114644,0.28632395192114646,-0.07504365288673889
48.9,uav_01,1,6.264709147191124,8.108007682964173,7.820427787483757,-0.025213893741879146,0.17171114993503317,-0.2317915938718128
48.9,uav_02,1,21.781624506477,8.099556443857608,7.844418764249499,-0.02441876424949891,0.2097688782454902,-0.18255606475651417
48.9,uav_03,1,37.96732390035686,8.10692878704098,7.844920658653084,-0.028306886217694265,0.18814820352385989,-0.195396706734586
49.0,uav_01,1,6.26009904917393,8.135819778917579,7.791165667672184,-0.02,0.1064570845902311,-0.3900459123932143
49.0,uav_02,1,21.777717458420657,8.128573782927692,7.820667272393837,-0.02,0.13133454478767453,-0.33666363803081367
49.0,uav_03,1,37.96732390035686,8.124868826318023,7.82067455096216,-0.020224850320719787,0.13157395224503848,-0.31662724518920327
49.1,uav_01,1,6.26009904917393,8.153662379209045,7.737039333977427,-0.02,0.06351966698871343,-0.5898688867419104
49.1,uav_02,1,21.777717458420657,8.152349977590926,7.774222591328351,-0.02,0.08137807306268016,-0.5259541529522693
49.1,uav_03,1,37.96732390035686,8.148453643706931,7.777598962522099,-0.02,0.07879948126104885,-0.49800345825967435
49.2,uav_01,1,6.26009904917393,8.165489803492747,7.666949882429641,-0.02,0.031549949612703014,-0.8214503863026102
49.2,uav_02,1,21.777717458420657,8.16618512774666,7.712564446360512,-0.02,0.049670477011647174,-0.7223066609184698
49.2,uav_03,1,37.96732390035686,8.169089263490529,7.72182055155653,-0.02,0.05091027577826584,-0.683931494811561
49.3,uav_01,1,6.254129307904802,8.17725621148478,7.572483862705593,-0.02,0.013248386270559357,-1.0855419569654567
49.3,uav_02,1,21.771703136311494,8.177312169796522,7.628781707762627,-0.013197967529180673,0.026395935058361346,-0.9532487792996639
49.3,uav_03,1,37.95848195181433,8.181004840227885,7.648579366697989,-0.019870851517999142,0.019870851517999142,-0.9232287120500214
49.4,uav_01,1,6.25125710188791,8.187168310256615,7.466127917279783,-0.014317532098444868,0.0043175320984448675,-1.3177441654404334
49.4,uav_02,1,21.768875509878125,8.188112682730427,7.528133122004394,-0.01,0.013466647454944924,-1.199867166171432
49.4,uav_03,1,37.95848195181433,8.19124767272137,7.547062051994753,-0.01064200472679582,0.01064200472679582,-1.1539498818301044
49.5,uav_01,1,6.25125710188791,8.196203868999062,7.34882312649397,-0.01,0.0,-1.5179417556649175
49.5,uav_02,1,21.768875509878125,8.199464847990738,7.395336002810861,-0.01,0.0032382859150614897,-1.4658045662084014
49.5,uav_03,1,37.95848195181433,8.19196021536352,7.436410963429457,-0.01,0.0013675802857879508,-1.4030753322837253
