t,agent_id,valid,east_m,north_m,up_m,ve_m_s,vn_m_s,vu_m_s
0.0,uav_01,1,-18.264852851725344,-7.6266480438193165,7.960000000000001,0.01559755714558827,-0.02,0.045597557145588274
0.0,uav_02,1,-18.255204222901924,5.86409420802063,7.962645521896526,0.02,-0.027354478103473738,0.04264552189652626
0.0,uav_03,1,-18.255204222901924,19.35483645986058,7.960000000000001,0.016896529940927368,-0.02310347005907263,0.04689652994092737
0.0,uav_04,1,-18.264852851725344,32.834493467321415,7.960000000000001,0.012443977684187226,-0.02,0.04244397768418723
0.0,uav_05,1,-18.255204222901924,46.32523571876754,7.960000000000001,0.02,-0.024343694576165562,0.04565630542383444
0.0,uav_06,1,-18.255204222901924,59.815977970607484,7.9656614287098995,0.02,-0.02,0.044338571290100076
0.1,uav_01,1,-18.264852851725344,-7.6266480438193165,7.962912501738346,0.012912501738346068,-0.02,0.04291250173834607
0.1,uav_02,1,-18.255204222901924,5.86409420802063,7.969999999999999,0.02,-0.02,0.046516452105735503
0.1,uav_03,1,-18.255204222901924,19.35483645986058,7.961066459585037,0.011066459585036895,-0.028933540414963106,0.041066459585036894
0.1,uav_04,1,-18.264852851725344,32.834493467321415,7.9671727243645645,0.017172724364564858,-0.02,0.04717272436456486
0.1,uav_05,1,-18.255204222901924,46.32523571876754,7.962888844182959,0.02,-0.027111155817041908,0.042888844182958095
0.1,uav_06,1,-18.255204222901924,59.815977970607484,7.969999999999999,0.02,-0.02,0.04
0.2,uav_01,1,-18.264852851725344,-7.6266480438193165,7.969999999999999,0.02,-0.02,0.04773120357440382
0.2,uav_02,1,-18.255204222901924,5.86409420802063,7.969999999999999,0.02,-0.02,0.04
0.2,uav_03,1,-18.255204222901924,19.35483645986058,7.969488980395144,0.019488980395145003,-0.020511019604854998,0.049488980395145
0.2,uav_04,1,-18.264852851725344,32.834493467321415,7.969999999999999,0.02,-0.02,0.04434041710546935
0.2,uav_05,1,-18.255204222901924,46.32523571876754,7.969999999999999,0.02,-0.02,0.04781996515443029
0.2,uav_06,1,-18.255204222901924,59.815977970607484,7.969999999999999,0.02,-0.02,0.04
0.3,uav_01,1,-18.264852851725344,-7.6266480438193165,7.969999999999999,0.02,-0.02,0.04
0.3,uav_02,1,-18.255204222901924,5.86409420802063,7.969999999999999,0.024002333894302435,-0.02,0.04
0.3,uav_03,1,-18.255204222901924,19.35483645986058,7.969999999999999,0.02,-0.02,0.042291480825336424
0.3,uav_04,1,-18.264852851725344,32.834493467321415,7.969999999999999,0.02,-0.02,0.04
0.3,uav_05,1,-18.255204222901924,46.32523571876754,7.969999999999999,0.02,-0.02,0.04
0.3,uav_06,1,-18.255204222901924,59.815977970607484,7.969999999999999,0.02,-0.02,0.04
0.4,uav_01,1,-18.26286764141533,-7.6266480438193165,7.969999999999999,0.02411501021822648,-0.02205750510911324,0.04
0.4,uav_02,1,-18.255204222901924,5.86409420802063,7.972916429628922,0.03583285925784641,-0.022916429628923204,0.0370835703710768
0.4,uav_03,1,-18.255204222901924,19.35483645986058,7.969999999999999,0.02,-0.02,0.04
0.4,uav_04,1,-18.263045728074115,32.834493467321415,7.969999999999999,0.023745866245452208,-0.021872933122726104,0.04
0.4,uav_05,1,-18.255204222901924,46.32523571876754,7.969999999999999,0.02,-0.02,0.04
0.4,uav_06,1,-18.255204222901924,59.815977970607484,7.969999999999999,0.02,-0.02,0.04
0.5,uav_01,1,-18.255204222901924,-7.6266480438193165,7.970664618923548,0.04199385677064797,-0.03066461892354932,0.039335381076450675
0.5,uav_02,1,-18.255204222901924,5.86409420802063,7.98,0.05769305720822982,-0.032564352402743274,0.03
0.5,uav_03,1,-18.255204222901924,19.35483645986058,7.969999999999999,0.024960902562362507,-0.022480451281181254,0.04
0.5,uav_04,1,-18.255924984560373,32.834493467321415,7.969999999999999,0.038505981167604786,-0.029252990583802388,0.04
0.5,uav_05,1,-18.255204222901924,46.32523571876754,7.976569073257505,0.033138146515011284,-0.02656907325750564,0.04
0.5,uav_06,1,-18.255204222901924,59.815977970607484,7.97768952359846,0.03537904719692053,-0.027689523598460268,0.04
0.6,uav_01,1,-18.253978381849343,-7.6266480438193165,7.98,0.07635241156653219,-0.04127048231330644,0.03
0.6,uav_02,1,-18.255204222901924,5.86409420802063,7.98,0.07967133680691176,-0.03989044560230392,0.03
0.6,uav_03,1,-18.255204222901924,19.35483645986058,7.969999999999999,0.04001233725362973,-0.030004112417876577,0.03999588758212343
0.6,uav_04,1,-18.255204222901924,32.834493467321415,7.976597397830786,0.05319479566157242,-0.03659739783078621,0.03340260216921379
0.6,uav_05,1,-18.255204222901924,46.32523571876754,7.98,0.05664052836288393,-0.03554684278762797,0.03445315721237203
0.6,uav_06,1,-18.255204222901924,59.815977970607484,7.98,0.05827045315389982,-0.03609015105129994,0.03390984894870006
0.7,uav_01,1,-18.246027616487382,-7.6266480438193165,7.98,0.11755394723207793,-0.04951078944641559,0.03
0.7,uav_02,1,-18.246477581824085,5.86409420802063,7.98,0.11617775117139173,-0.049044437792847936,0.03
0.7,uav_03,1,-18.254300260739186,19.35483645986058,7.970936881610579,0.07468440805290044,-0.041873763221160175,0.03
0.7,uav_04,1,-18.255204222901924,32.834493467321415,7.98,0.07528402101795492,-0.04382100525448873,0.03
0.7,uav_05,1,-18.251495981992814,46.32523571876754,7.98,0.08921641667405042,-0.047686566669620165,0.03
0.7,uav_06,1,-18.251618072900943,59.815977970607484,7.98,0.08858373130646033,-0.04743349252258413,0.03
0.8,uav_01,1,-18.236118488055304,-7.6266480438193165,7.98,0.1689038852470799,-0.06956155409883195,0.03
0.8,uav_02,1,-18.237724057126307,5.8550966053452145,7.98,0.16870042933311896,-0.07435021466655949,0.03
0.8,uav_03,1,-18.24446563820428,19.353584215177328,7.98,0.1256482502343937,-0.06225930009375748,0.03
0.8,uav_04,1,-18.252433274528062,32.834493467321415,7.98,0.10717964391196652,-0.052871857564786615,0.03
0.8,uav_05,1,-18.24390309423471,46.32333717109905,7.98,0.12856340045835735,-0.06342536018334294,0.03
0.8,uav_06,1,-18.244416907177882,59.81466973916973,7.98,0.12590077851698284,-0.06236031140679313,0.03
0.9,uav_01,1,-18.225321355761572,-7.638271534794587,7.98,0.2433988686230963,-0.10194221064176931,0.03
0.9,uav_02,1,-18.228855705245547,5.853008963641526,7.98,0.22384827863657272,-0.10192413931828637,0.03
0.9,uav_03,1,-18.23404308153049,19.343751215481472,7.98,0.18352234136793918,-0.08386352610512549,0.03
0.9,uav_04,1,-18.235906967997387,32.83255659795467,7.98,0.1604835002306067,-0.07524175011530336,0.03
0.9,uav_05,1,-18.234002367469323,46.31415047478226,7.98,0.18381771849704984,-0.0859218793558785,0.03
0.9,uav_06,1,-18.235504081438666,59.804892726228374,7.98,0.17292290849058245,-0.08125267506739248,0.03
1.0,uav_01,1,-18.209867998482345,-7.647148664240896,7.98,0.29945528379901437,-0.1339744478851511,0.03
1.0,uav_02,1,-18.210537975798232,5.8469886235753865,7.985430949534474,0.2780166467413268,-0.13172379813790105,0.03
1.0,uav_03,1,-18.226267459977908,19.343751215481472,7.98,0.23993382932561905,-0.09998109409303402,0.03
1.0,uav_04,1,-18.2356928125837,32.823326209036445,7.98,0.2105178932655491,-0.1002219542566639,0.03
1.0,uav_05,1,-18.221696848484704,46.31240358601912,7.98,0.25103107962600163,-0.11472760555400072,0.03
1.0,uav_06,1,-18.226475406575076,59.804892726228374,7.98,0.23842519405025303,-0.10932508316439417,0.03
1.1,uav_01,1,-18.181129585500937,-7.648818532183699,7.98,0.35685134653914596,-0.16677219802236912,0.03
1.1,uav_02,1,-18.18782625797745,5.838290843280603,7.989999999999998,0.33621774496910006,-0.1598316543634125,0.03
1.1,uav_03,1,-18.202828651336006,19.334778478015554,7.98,0.2966601512004685,-0.13237722925741058,0.03
1.1,uav_04,1,-18.212044909173848,32.81426990319352,7.98,0.26770575375147854,-0.12473103732206223,0.03
1.1,uav_05,1,-18.195472532113815,46.302360605180176,7.98,0.3144494973608008,-0.1425425699204576,0.03
1.1,uav_06,1,-18.19907925546002,59.794484103810866,7.98,0.3057273371874548,-0.13816885879462348,0.03
1.2,uav_01,1,-18.147036246256462,-7.654945099273069,7.98,0.42421421399364817,-0.19658033024761803,0.03
1.2,uav_02,1,-18.163438627257936,5.829423054663803,7.989999999999998,0.4002148085504197,-0.18383055320640737,0.03
1.2,uav_03,1,-18.181087510586377,19.33266597110237,7.98,0.3492368790964617,-0.1624210737694067,0.03
1.2,uav_04,1,-18.188162056438898,32.81232297856321,7.98,0.3254617956917191,-0.15597816896669664,0.03
1.2,uav_05,1,-18.174427760553925,46.29430120585983,7.98,0.36534219157035486,-0.17162410946877418,0.03
1.2,uav_06,1,-18.178136554297254,59.793807482243096,7.98,0.35637319395836353,-0.16649896797620772,0.03
1.3,uav_01,1,-18.114790727122937,-7.6685097525371475,7.98,0.4871720815664021,-0.22552690375222978,0.03
1.3,uav_02,1,-18.134600338500466,5.821140025362001,7.989999999999998,0.45999178066599794,-0.20624691774974924,0.03
1.3,uav_03,1,-18.15604080816847,19.325585477547893,7.98,0.40554925606726605,-0.18958097102522475,0.03
1.3,uav_04,1,-18.16610062206157,32.807760119281625,7.98,0.3829292474763597,-0.1823484678036349,0.03
1.3,uav_05,1,-18.148480572145495,46.28626826322772,7.985152545856378,0.4212203668510297,-0.19545763756913612,0.03
1.3,uav_06,1,-18.150894591355897,59.783770761512734,7.984527063358786,0.416216506870288,-0.193581190076358,0.03
1.4,uav_01,1,-18.078936964687852,-7.686761972542995,7.982114390778752,0.5469151262300137,-0.25634317233625514,0.03
1.4,uav_02,1,-18.09971449429986,5.805940056795127,7.989999999999998,0.513613030588764,-0.23492173176500794,0.03
1.4,uav_03,1,-18.123746899795805,19.30772657661547,7.98,0.4687424068153344,-0.21374674577800043,0.03
1.4,uav_04,1,-18.142746968246076,32.79833225356177,7.98131051734937,0.4404841387949576,-0.20524206939747883,0.03
1.4,uav_05,1,-18.116495514867793,46.27479340874861,7.989999999999998,0.4792640466779622,-0.22100802667312122,0.03
1.4,uav_06,1,-18.115294969948295,59.764983941091494,7.989999999999998,0.4810060175438447,-0.219002578947362,0.03
1.5,uav_01,1,-18.01793305554176,-7.713064073962826,7.989999999999998,0.6285637902418154,-0.29325985017272527,0.027348029965454948
1.5,uav_02,1,-18.059066780330934,5.788980542295072,7.989999999999998,0.5710401831378744,-0.2655200915689372,0.026119977107765698
1.5,uav_03,1,-18.082702741058664,19.288864432823857,7.98,0.5282968038007394,-0.23927005877174545,0.03
1.5,uav_04,1,-18.106872034519306,32.78184566469482,7.988746794035351,0.49997435228282017,-0.2349871761414101,0.03
1.5,uav_05,1,-18.07699894478236,46.25664247037236,7.989999999999998,0.5375119063648439,-0.25281696488681643,0.03
1.5,uav_06,1,-18.074215870152898,59.746105739880626,7.989999999999998,0.5421269867750326,-0.2460634933875163,0.028484126653120927
1.6,uav_01,1,-17.966169498152098,-7.740528480462949,7.989999999999998,0.689560439206552,-0.3368288851475371,0.02
1.6,uav_02,1,-18.013558389900275,5.771552447244113,7.989999999999998,0.6321867626694094,-0.2969638643825197,0.02
1.6,uav_03,1,-18.04301765388854,19.270626860011536,7.987982744338692,0.5938619547095406,-0.27193097735477034,0.03
1.6,uav_04,1,-18.068623467596094,32.76426825554934,7.989999999999998,0.5567255976458678,-0.2600252561339434,0.03
1.6,uav_05,1,-18.042265737343943,46.2406805704771,7.989999999999998,0.595108832992402,-0.2744158123721508,0.03
1.6,uav_06,1,-18.02341347615512,59.72351527577674,7.989999999999998,0.6219371237794153,-0.28682121358823737,0.02
1.7,uav_01,1,-17.911843429207938,-7.758361297075736,7.989999999999998,0.745864888626179,-0.3770463490186992,0.02
1.7,uav_02,1,-17.967161238355164,5.753783987721311,7.989999999999998,0.6882880142097276,-0.32902172240555866,0.02
1.7,uav_03,1,-17.997615181659423,19.25249393550592,7.989999999999998,0.6592928072127292,-0.30464640360636464,0.02383839909840884
1.7,uav_04,1,-18.02122663539417,32.744888371525164,7.989999999999998,0.6233310650908821,-0.2916655325454411,0.024583616863639732
1.7,uav_05,1,-17.99911815754419,46.22346878111268,7.989999999999998,0.6513138786656847,-0.30360793066610553,0.024098017333473616
1.7,uav_06,1,-17.97551223060557,59.70517080215851,7.989999999999998,0.6798570536140852,-0.31991831635090584,0.02
1.8,uav_01,1,-17.837374344455352,-7.800157555682738,7.989999999999998,0.8139151609040752,-0.43478442363206454,0.010869262727989241
1.8,uav_02,1,-17.903891316181706,5.722785883827091,7.989999999999998,0.7541065926083194,-0.3757904232916567,0.01084191534166866
1.8,uav_03,1,-17.941852636431303,19.22746882000982,7.989999999999998,0.719796722330993,-0.3448306019424942,0.02
1.8,uav_04,1,-17.95625981568174,32.71580328179218,7.989999999999998,0.6998310006016583,-0.33845071471547017,0.02
1.8,uav_05,1,-17.950789991081173,46.20226867945575,7.989999999999998,0.7055000183957567,-0.3382142988541119,0.02
1.8,uav_06,1,-17.902795278860122,59.669690487431005,7.989999999999998,0.7545872255714887,-0.3739319076327047,0.019344682061215892
1.9,uav_01,1,-17.754633720061914,-7.847687631247019,7.989999999999998,0.8692497939369164,-0.4990997527242996,0.01
1.9,uav_02,1,-17.839850288640005,5.686464371436477,7.989999999999998,0.8129198150173914,-0.4177998678695653,0.01
1.9,uav_03,1,-17.878703847309854,19.198169544864495,7.989999999999998,0.7764348941517107,-0.3926584807014664,0.0162235865497556
1.9,uav_04,1,-17.888101791482196,32.6822434396537,7.989999999999998,0.7704711205416689,-0.39468953189285905,0.01421841135119016
1.9,uav_05,1,-17.89945372518831,46.17630225567828,7.989999999999998,0.7576175626028322,-0.3765293393738562,0.018911776771023972
1.9,uav_06,1,-17.83059083159137,59.63857169205497,7.989999999999998,0.8200573335894988,-0.4300573335894988,0.01
2.0,uav_01,1,-17.67213256777467,-7.889888229789003,7.989999999999998,0.926203499119391,-0.5468362492661591,0.019367249853231825
2.0,uav_02,1,-17.776430980775018,5.650033362198492,7.989999999999998,0.8588803894301931,-0.4646564673162316,0.01
2.0,uav_03,1,-17.813300466332166,19.16749778867807,7.989999999999998,0.833497352200947,-0.4434973522009471,0.01
2.0,uav_04,1,-17.82013938115277,32.64554076599449,7.989999999999998,0.830681377471862,-0.45068137747186193,0.01
2.0,uav_05,1,-17.844670650363422,46.14483230114223,7.989999999999998,0.8072983987159573,-0.4191129131851063,0.011814514469148947
2.0,uav_06,1,-17.76622893980883,59.60159921840805,7.989999999999998,0.8700866424246536,-0.4800866424246536,0.01
2.1,uav_01,1,-17.589018487771366,-7.942236372148544,7.989999999999998,0.9746922642307734,-0.5946922642307734,0.02
2.1,uav_02,1,-17.70927923240386,5.613663355095202,7.989999999999998,0.9038705480110286,-0.5138705480110286,0.01
2.1,uav_03,1,-17.740306268599095,19.12640707762249,7.989999999999998,0.8875827118785445,-0.4975827118785445,0.011516542375708903
2.1,uav_04,1,-17.743176834042227,32.60383476990562,7.989999999999998,0.8825965437346631,-0.5025965437346631,0.01
2.1,uav_05,1,-17.775876345858325,46.11318187359252,7.989999999999998,0.855489660196738,-0.47258759223608565,0.01
2.1,uav_06,1,-17.687845679636183,59.552383231043,7.989999999999998,0.9177888421799547,-0.5353466106159457,0.017557768435990936
2.2,uav_01,1,-17.497983347777186,-7.995119579865915,7.989999999999998,1.030877853532972,-0.6339185690219813,0.02
2.2,uav_02,1,-17.63271753376439,5.573020274597876,7.989999999999998,0.9525778258169637,-0.5625778258169638,0.012515565163392757
2.2,uav_03,1,-17.668127538662233,19.089551228917756,7.989999999999998,0.9291422933579769,-0.5391422933579769,0.019828458671595384
2.2,uav_04,1,-17.660715942096438,32.55727760153883,7.989999999999998,0.9300764614429051,-0.5500764614429051,0.01401529228858102
2.2,uav_05,1,-17.695968791421233,46.06682575104431,7.989999999999998,0.9097339910579243,-0.5297339910579242,0.016622331842987368
2.2,uav_06,1,-17.597733008468722,59.50366269330964,7.989999999999998,0.9696745556441473,-0.5817396445153178,0.02
2.3,uav_01,1,-17.38760844610286,-8.053526097952886,7.989999999999998,1.103121432426684,-0.6670520424685789,0.02
2.3,uav_02,1,-17.54457866630847,5.522389197323887,7.989999999999998,1.0015529764709068,-0.6066017008405182,0.02
2.3,uav_03,1,-17.564679640818824,19.030221008198836,7.989999999999998,0.9934027593611565,-0.592268506240771,0.02
2.3,uav_04,1,-17.575427888937142,32.5049670672808,7.989999999999998,0.9807189600022025,-0.5972658000018354,0.02
2.3,uav_05,1,-17.603131325613983,46.01567692620942,7.989999999999998,0.9665662742786174,-0.5865662742786174,0.02
2.3,uav_06,1,-17.49937352161839,59.45250509436392,7.989999999999998,1.0254667037187446,-0.6203111358124964,0.02
2.4,uav_01,1,-17.279077857142717,-8.115326484888875,7.989999999999998,1.1777824973382995,-0.6869456243345748,0.028472812167287455
2.4,uav_02,1,-17.466133260683787,5.477326496215276,7.989999999999998,1.0584644709684965,-0.6391225548391408,0.02
2.4,uav_03,1,-17.47393649453928,18.978093911068203,7.989999999999998,1.0498313912491435,-0.6298875941660957,0.02
2.4,uav_04,1,-17.48512231261237,32.45309133063762,7.989999999999998,1.0396880704802596,-0.6384377444915398,0.02
2.4,uav_05,1,-17.51939567192099,45.96212457808215,7.989999999999998,1.0175625982600867,-0.6250417321733911,0.02
2.4,uav_06,1,-17.414933049445928,59.39859337522346,7.989999999999998,1.0826098017403236,-0.6543484581373278,0.02
2.5,uav_01,1,-17.156000918795314,-8.18602762081833,7.989999999999998,1.2628218335331083,-0.7082054583832771,0.020897270808361464
2.5,uav_02,1,-17.379113912494518,5.431772352547677,7.989999999999998,1.1079971093777468,-0.6639985546888734,0.02
2.5,uav_03,1,-17.36859845994617,18.91758282987818,7.989999999999998,1.1251876364116258,-0.6614821818318931,0.020741090915946513
2.5,uav_04,1,-17.39113170197551,32.39909873817639,7.989999999999998,1.1048979024186596,-0.6663848153222827,0.02
2.5,uav_05,1,-17.42222801946723,45.905351600713885,7.989999999999998,1.0802885100432376,-0.6572665043042446,0.02
2.5,uav_06,1,-17.31013805964524,59.33405671468797,7.989999999999998,1.1563216206025202,-0.68158040515063,0.02
2.6,uav_01,1,-17.038275489386173,-8.248911592899551,7.989999999999998,1.3470160194513812,-0.7271146709891958,0.02
2.6,uav_02,1,-17.276192042539325,5.373758019608445,7.99705538782286,1.1764431025828792,-0.6841107756457198,0.02
2.6,uav_03,1,-17.261030684951454,18.855790880642793,7.989999999999998,1.1902520920807884,-0.6800630230201972,0.02996848848990145
2.6,uav_04,1,-17.284157287410693,32.337647643221686,7.989999999999998,1.1709395598080383,-0.6927348899520095,0.02
2.6,uav_05,1,-17.313700350244588,45.845360809172014,7.989999999999998,1.1538602754312055,-0.6809650688578014,0.02548253442890069
2.6,uav_06,1,-17.195114782993606,59.274327770759115,7.995724540421976,1.2357963233758127,-0.7014490808439531,0.02
2.7,uav_01,1,-16.897936025687056,-8.328729514455436,7.999049681182494,1.4323974494599494,-0.7390496811824937,0.02
2.7,uav_02,1,-17.171499525585553,5.313617753110651,8.0,1.2487798235466596,-0.7021949558866649,0.02
2.7,uav_03,1,-17.14245373125543,18.787933925411966,7.989999999999998,1.2721042532497098,-0.7004676118332688,0.02
2.7,uav_04,1,-17.173103804133575,32.27434394960313,7.990885156419448,1.2479664077750385,-0.7117703128388974,0.02
2.7,uav_05,1,-17.20642961745611,45.78373949501702,7.9947473000624445,1.2279784004995604,-0.6994946001248901,0.02525269993755495
2.7,uav_06,1,-17.07293243456287,59.20566840066047,8.0,1.3221489919440963,-0.7157943324382329,0.02
2.8,uav_01,1,-16.748085669323164,-8.399069176024916,8.0,1.5157349124722914,-0.7494668640590364,0.02
2.8,uav_02,1,-17.06666565143837,5.256032070997705,8.0,1.322799376311514,-0.7147554862568348,0.02
2.8,uav_03,1,-17.012984648017245,18.72418556870096,7.989999999999998,1.3583653521742851,-0.7196367449276189,0.02
2.8,uav_04,1,-17.038293840373168,32.20285982647196,8.0,1.3430623646662545,-0.7316327955832818,0.02
2.8,uav_05,1,-17.084700550409764,45.716504206490704,8.0,1.3137051415417702,-0.7197122536759489,0.02
2.8,uav_06,1,-16.92470094412714,59.12915577955323,8.0,1.4127764940707443,-0.726597061758843,0.02
2.9,uav_01,1,-16.574528132270128,-8.474549660219825,8.0,1.60419326036201,-0.7493011232729984,0.02
2.9,uav_02,1,-16.95146592688311,5.198440256439568,8.0,1.3973153326686316,-0.723414416583579,0.02
2.9,uav_03,1,-16.885960077791886,18.661640848906483,7.9992219721795195,1.4429977496156785,-0.7292219721795198,0.02
2.9,uav_04,1,-16.897940047620114,32.12822746072546,8.0,1.429568729654383,-0.7424460912067979,0.02
2.9,uav_05,1,-16.944788210935414,45.64517000895348,8.0,1.4046497974890706,-0.7355812246861338,0.02
2.9,uav_06,1,-16.768814801805995,59.05751716104075,8.0,1.4989434344476804,-0.7373679293059601,0.02
3.0,uav_01,1,-16.399371527010874,-8.555884742265059,8.0,1.6682645233631,-0.74,0.02
3.0,uav_02,1,-16.815311692186707,5.132741414191007,8.0,1.4725753508106858,-0.7328219188513357,0.02
3.0,uav_03,1,-16.73259247460353,18.590814658547796,8.0,1.5289655291159583,-0.73,0.02
3.0,uav_04,1,-16.738936251036748,32.04820923384251,8.0,1.5157427856423296,-0.75,0.02
3.0,uav_05,1,-16.79331477280487,45.57359995248825,8.0,1.4907342714259662,-0.7463417839282458,0.02
3.0,uav_06,1,-16.604918851534855,58.97677757938381,8.0,1.5851917266631361,-0.74,0.02
3.1,uav_01,1,-16.223456955947103,-8.628640730358075,8.0,1.7299269341701562,-0.74,0.02
3.1,uav_02,1,-16.664572069083235,5.056856526863167,8.0,1.554278928935023,-0.74,0.02
3.1,uav_03,1,-16.5693215887641,18.509332849863856,8.0,1.6031837111177607,-0.73,0.02
3.1,uav_04,1,-16.57361621650719,31.972630816146832,8.0,1.5974863878643186,-0.75,0.02
3.1,uav_05,1,-16.62846413100887,45.493020352342135,8.0,1.5707415694944251,-0.75,0.02
3.1,uav_06,1,-16.44065463830855,58.90395489161776,8.0,1.6527361150889959,-0.74,0.02
3.2,uav_01,1,-16.03172751228564,-8.714303882268707,8.0,1.782099683452192,-0.7430249208630479,0.02
3.2,uav_02,1,-16.51354518034592,4.991788858410931,8.0,1.6269067472446195,-0.74,0.02
3.2,uav_03,1,-16.399982034640153,18.437427776196028,8.0,1.6763287247917553,-0.73,0.02
3.2,uav_04,1,-16.40206910085987,31.89396122191753,8.0,1.6684542372233162,-0.75,0.02
3.2,uav_05,1,-16.454841330991265,45.418491568708035,8.0,1.6459696586189865,-0.742004334483002,0.02
3.2,uav_06,1,-16.26546579180771,58.83244359966298,8.0,1.7172464590706218,-0.74,0.02
3.3,uav_01,1,-15.849472428671518,-8.790601304849762,8.0,1.823334905920601,-0.75,0.01666627351984979
3.3,uav_02,1,-16.355705766175863,4.923036751854256,8.0,1.6835200213235166,-0.7372959957352967,0.02
3.3,uav_03,1,-16.226510088562,18.369031653926665,8.0,1.7266390134397716,-0.73,0.02
3.3,uav_04,1,-16.23209430462075,31.821579551868716,8.0,1.7241069637984747,-0.75,0.02
3.3,uav_05,1,-16.28082750696023,45.33839205546637,8.0,1.7116272334055196,-0.74,0.02
3.3,uav_06,1,-16.10182701578139,58.759642018749545,8.0,1.7649434093358813,-0.74,0.02
3.4,uav_01,1,-15.669835604043026,-8.859247621521746,8.0,1.8625304047554143,-0.75,0.01
3.4,uav_02,1,-16.20796719366667,4.8583703429048155,8.00121060072158,1.726053003607893,-0.73,0.02
3.4,uav_03,1,-16.05895458686593,18.29255618080874,8.0,1.775522100695436,-0.73,0.02
3.4,uav_04,1,-16.05920188831506,31.744332630018103,8.0,1.7691052602930946,-0.75,0.02
3.4,uav_05,1,-16.11228650384224,45.27178430804391,8.0,1.7535457521560156,-0.74,0.02
3.4,uav_06,1,-15.905982203541274,58.68711277956876,8.0,1.8088996049168575,-0.74,0.010275098770785605
3.5,uav_01,1,-15.46726337284518,-8.938964269507197,8.0,1.909867170632638,-0.7460265658734724,0.01
3.5,uav_02,1,-16.02427225486525,4.786040206208504,8.010000000000002,1.7771500732669987,-0.7317875183167497,0.02
3.5,uav_03,1,-15.869337729829313,18.22110760751642,8.0,1.8172782379949939,-0.7318195594987484,0.018180440501251536
3.5,uav_04,1,-15.871328645683635,31.666593276687085,8.0,1.8123752561694515,-0.7555938140423628,0.02
3.5,uav_05,1,-15.931143035841094,45.1926395562325,8.0,1.7952657811711326,-0.7488164452927831,0.02
3.5,uav_06,1,-15.716452292078856,58.603110140778206,8.010000000000002,1.8523589694421372,-0.75,0.01
3.6,uav_01,1,-15.259612198812318,-9.015782839940751,8.0,1.95893636875767,-0.7352659078105825,0.01
3.6,uav_02,1,-15.866006460623675,4.71664144313288,8.010000000000002,1.8134115063852667,-0.74,0.019147123403683314
3.6,uav_03,1,-15.703565843507931,18.149462194566702,8.0,1.8549121672930713,-0.74,0.01
3.6,uav_04,1,-15.677184837486196,31.587501629999053,8.00641592388409,1.855663695536356,-0.76,0.013584076115911024
3.6,uav_05,1,-15.73375191719978,45.108605169459096,8.0,1.8385843122265455,-0.75,0.010353921943363648
3.6,uav_06,1,-15.52867244818456,58.52482748783514,8.010000000000002,1.893955821543747,-0.7492088356912505,0.01
3.7,uav_01,1,-15.04958828113918,-9.094008749735579,8.0,2.0024708312605735,-0.7243822921848566,0.01
3.7,uav_02,1,-15.688030707629045,4.651448301747104,8.010000000000002,1.852805713757949,-0.74,0.01
3.7,uav_03,1,-15.498489619816539,18.075964681647434,8.0,1.89976454645624,-0.738047090708752,0.01
3.7,uav_04,1,-15.471502806256467,31.503403718473386,8.010000000000002,1.906268715718443,-0.76,0.01
3.7,uav_05,1,-15.536674507695103,45.03642594087236,8.010000000000002,1.8915059634787583,-0.75,0.01
3.7,uav_06,1,-15.371565899314836,58.47067788852353,8.010000000000002,1.9346627875646802,-0.7410674424870639,0.01
3.8,uav_01,1,-14.835743076560815,-9.170414852687975,8.0,2.0443612573230303,-0.7139096856692424,0.01
3.8,uav_02,1,-15.518262746749643,4.579589515931254,8.010000000000002,1.8991084409868915,-0.74,0.01
3.8,uav_03,1,-15.318931836787511,18.0030061335589,8.0,1.9463241858901994,-0.7284189535274501,0.01
3.8,uav_04,1,-15.262371488917424,31.428278554030626,8.010000000000002,1.9523644138038754,-0.7519088965490311,0.01
3.8,uav_05,1,-15.353486391353565,44.96276367970116,8.010000000000002,1.9294778111503013,-0.75,0.01
3.8,uav_06,1,-15.168845186033403,58.39034460976942,8.010000000000002,1.9777508597147506,-0.7305622850713123,0.01
3.9,uav_01,1,-14.628912850562665,-9.241403658243733,8.0,2.0783356046076027,-0.71,0.01
3.9,uav_02,1,-15.315063039112227,4.508896403394735,8.010000000000002,1.9418029154412595,-0.729639416911748,0.01
3.9,uav_03,1,-15.100332041846519,17.92770341960268,8.0,1.9924406179010572,-0.7175118764197885,0.01
3.9,uav_04,1,-15.076957025182205,31.35583710896096,8.002300563454448,1.9984971827277658,-0.7423005634544468,0.01
3.9,uav_05,1,-15.14448874958892,44.88980832647881,8.010000000000002,1.9827995436033916,-0.7393001140991521,0.01
3.9,uav_06,1,-14.976854989437504,58.32652142801173,8.010000000000002,2.024699085968372,-0.7210601828063256,0.01
4.0,uav_01,1,-14.409379293625959,-9.31871698187947,8.0,2.096630795215279,-0.7166307952152792,0.01
4.0,uav_02,1,-15.135100174546146,4.436531056801686,8.010000000000002,1.988432048762723,-0.7203135902474554,0.01
4.0,uav_03,1,-14.88773268291057,17.8472102980889,8.0,2.0400148593046774,-0.7066617135651074,0.01
4.0,uav_04,1,-14.86623043469172,31.28338613473351,8.008209014541684,2.0346270436250484,-0.7317909854583172,0.01
4.0,uav_05,1,-14.931396649651562,44.80660478174423,8.010000000000002,2.0249785638189297,-0.7283404787270233,0.01
4.0,uav_06,1,-14.752217107998229,58.25275359065225,8.010000000000002,2.0600792329799327,-0.71,0.01
4.1,uav_01,1,-14.19057995506438,-9.393206756774546,8.007268800036982,2.114537600073962,-0.7345376000739616,0.01
4.1,uav_02,1,-14.924829304812746,4.364062198676344,8.010000000000002,2.0315895163943694,-0.7094701612018768,0.01
4.1,uav_03,1,-14.68166472433171,17.780628087450786,8.0,2.0700467689088136,-0.7,0.01
4.1,uav_04,1,-14.653932987659527,31.204069113227195,8.010000000000002,2.066059705961551,-0.7213134313461496,0.01
4.1,uav_05,1,-14.713313609250767,44.733186842396066,8.010000000000002,2.0569374821739483,-0.72,0.01
4.1,uav_06,1,-14.540712781052655,58.17241074910651,8.010000000000002,2.0904436938307325,-0.7104436938307327,0.01
4.2,uav_01,1,-14.020236997571017,-9.453412537070134,8.010000000000002,2.125417777296701,-0.7562533318901034,0.01
4.2,uav_02,1,-14.75823603204528,4.311862771995334,8.010000000000002,2.0551340705395034,-0.7016219764868321,0.01
4.2,uav_03,1,-14.492299937756261,17.72057464277016,8.0,2.0947559188566918,-0.7023779594283459,0.01
4.2,uav_04,1,-14.449970040618892,31.138307423157624,8.010000000000002,2.0950648040393163,-0.728354934679772,0.01
4.2,uav_05,1,-14.49620551426192,44.65583298240889,8.010000000000002,2.0853227945106694,-0.7226613972553346,0.01
4.2,uav_06,1,-14.311636678008625,58.0992637829817,8.010000000000002,2.1024708710834115,-0.7224708710834115,0.01
4.3,uav_01,1,-13.83835495927582,-9.519900782849918,8.010000000000002,2.133986213519705,-0.7859448540788201,0.01
4.3,uav_02,1,-14.578622517830633,4.245474517666199,8.010000000000002,2.0814958539072665,-0.7,0.01
4.3,uav_03,1,-14.29132053100315,17.65286605155343,8.002192526255804,2.1121925262558037,-0.7143850525116078,0.01
4.3,uav_04,1,-14.26106347734793,31.068394387576767,8.010000000000002,2.107599737856787,-0.7451994757135735,0.01
4.3,uav_05,1,-14.300964026690254,44.59000770185076,8.010000000000002,2.1043855360250205,-0.7343855360250205,0.01
4.3,uav_06,1,-14.119436494620368,58.029325092833886,8.010000000000002,2.120289958069095,-0.7408698742072837,0.01
4.4,uav_01,1,-13.60608600571793,-9.603145597844216,8.010000000000002,2.1447140929797963,-0.8241422789393887,0.01
4.4,uav_02,1,-14.353322968143306,4.170881030671855,8.010000000000002,2.1058159283226323,-0.7158159283226326,0.01
4.4,uav_03,1,-14.07688292031835,17.577020565859346,8.010000000000002,2.124589301435716,-0.7368839521535734,0.01
4.4,uav_04,1,-14.053361877616233,30.99162101921306,8.010000000000002,2.124987265322367,-0.7649872653223673,0.01
4.4,uav_05,1,-14.0718222546801,44.506243331360665,8.010000000000002,2.122987603378873,-0.7589628101366184,0.01
4.4,uav_06,1,-13.893362088249814,57.95640350351392,8.010000000000002,2.13094029022607,-0.7737611609042805,0.01
4.5,uav_01,1,-13.371919737526905,-9.692985132870627,8.010000000000002,2.15,-0.8620214524211584,0.01
4.5,uav_02,1,-14.122782693188718,4.098644799779453,8.010000000000002,2.1187686827402126,-0.7375373654804253,0.01
4.5,uav_03,1,-13.844888501669738,17.501842619390462,8.010000000000002,2.14,-0.772334821528257,0.01
4.5,uav_04,1,-13.817761362106577,30.905495609742214,8.010000000000002,2.13,-0.8043709539567477,0.01
4.5,uav_05,1,-13.839963277183006,44.421485667171204,8.010000000000002,2.1339104458983216,-0.7917313376949643,0.01
4.5,uav_06,1,-13.65491041167516,57.8591929229286,8.010000000000002,2.1421737138348504,-0.8165211415045505,0.007826286165149843
4.6,uav_01,1,-13.140969661533093,-9.78947131443223,8.010000000000002,2.1563853874078496,-0.899156162223549,0.01
4.6,uav_02,1,-13.88951315829963,4.014736441845424,8.010000000000002,2.129757976404144,-0.7692739292124319,0.01
4.6,uav_03,1,-13.597399529963388,17.408901666437302,8.010000000000002,2.144428497632941,-0.813285492898823,0.01
4.6,uav_04,1,-13.580922024641135,30.82220683582773,8.010000000000002,2.139326283046105,-0.8379788491383142,0.01
4.6,uav_05,1,-13.60994326740871,44.33740025086662,8.010000000000002,2.1447466548866454,-0.8289866195465824,0.0052533451133544105
4.6,uav_06,1,-13.422862547576845,57.770923737540414,8.010000000000002,2.15,-0.8524218190978271,0.0031054547744567814
4.7,uav_01,1,-12.93275590274353,-9.874070369018776,8.010000000000002,2.16,-0.9218499788183514,0.01
4.7,uav_02,1,-13.66035785598296,3.9303536130292795,8.010000000000002,2.140553449181268,-0.8116603475438031,0.0005534491812677059
4.7,uav_03,1,-13.368209099134319,17.318943362021134,8.010000000000002,2.155225625275391,-0.8509025011015654,0.01
4.7,uav_04,1,-13.368681317866002,30.73455544985897,8.010000000000002,2.149294288200628,-0.8771771528025121,0.01
4.7,uav_05,1,-13.386140809760068,44.25176332653349,8.010000000000002,2.15,-0.8651798734916986,0.005059957830566207
4.7,uav_06,1,-13.191852494047275,57.680179194171174,8.010000000000002,2.153814900047767,-0.8914447001433015,0.01
4.8,uav_01,1,-12.713810822494162,-9.96156412147684,8.010000000000002,2.16579100483377,-0.9415820096675398,0.01
4.8,uav_02,1,-13.438607719217911,3.8388195739159503,8.010000000000002,2.151000065692294,-0.8430001970768819,0.01
4.8,uav_03,1,-13.131203434220735,17.227683965111748,8.010000000000002,2.16,-0.8883391831794256,0.01
4.8,uav_04,1,-13.117884248257322,30.63020532116173,8.010000000000002,2.151061070967115,-0.9131832129013454,0.01
4.8,uav_05,1,-13.154562397947156,44.15700596912159,8.010000000000002,2.1557450355833834,-0.8972351067501496,0.01
4.8,uav_06,1,-12.960917965625203,57.58815708037051,8.010000000000002,2.16,-0.9188261019519371,0.01
4.9,uav_01,1,-12.501335462304011,-10.05485342584654,8.010000000000002,2.1756093699986647,-0.9556093699986644,0.01
4.9,uav_02,1,-13.204811300725336,3.7518975113658124,8.010000000000002,2.16,-0.8777064307581179,0.01
4.9,uav_03,1,-12.898146773145946,17.131884519884597,8.010000000000002,2.166915647244971,-0.9138312944899422,0.01
4.9,uav_04,1,-12.883699686222423,30.53597111862283,8.010000000000002,2.1616871564438527,-0.9433743128877052,0.01
4.9,uav_05,1,-12.90900017543033,44.05723500279478,8.010000000000002,2.16,-0.9309863814069537,0.01
4.9,uav_06,1,-12.727937572048791,57.48670715468737,8.010000000000002,2.165154430909174,-0.9403088618183477,0.01
5.0,uav_01,1,-12.279538158826925,-10.150047002520312,8.010000000000002,2.185794808170522,-0.965794808170522,0.01
5.0,uav_02,1,-12.966804566267758,3.6557175865152645,8.010000000000002,2.1627720977316844,-0.9155441954633688,0.01
5.0,uav_03,1,-12.662888416747457,17.036682490960033,8.010000000000002,2.177650867283387,-0.9353017345667742,0.01
5.0,uav_04,1,-12.643924646954723,30.433785309909666,8.010000000000002,2.17,-0.9628532311577419,0.01
5.0,uav_05,1,-12.676614113389915,43.9613600253516,8.010000000000002,2.16780656387403,-0.9556131277480595,0.01
5.0,uav_06,1,-12.48715887008007,57.39048835754862,8.010000000000002,2.176004304279035,-0.9560043042790348,0.01
5.1,uav_01,1,-12.038297185912162,-10.253839413131265,8.010000000000002,2.1966655121972996,-0.97,0.01
5.1,uav_02,1,-12.732583848260807,3.559332569464045,8.010000000000002,2.173640714466056,-0.933640714466056,0.01
5.1,uav_03,1,-12.417335873511446,16.92889425437565,8.010000000000002,2.1887158575373613,-0.9487158575373612,0.01
5.1,uav_04,1,-12.415405348463489,30.329621794282662,8.010000000000002,2.173293888756083,-0.9732938887560829,0.01
5.1,uav_05,1,-12.447071734522396,43.85964538823339,8.010000000000002,2.1782454773159285,-0.9682454773159284,0.01
5.1,uav_06,1,-12.252462375937261,57.28642190346736,8.010000000000002,2.1868791992704506,-0.9668791992704507,0.01
5.2,uav_01,1,-11.795696572998017,-10.354482634028125,8.010000000000002,2.2075974837506265,-0.97,0.01
5.2,uav_02,1,-12.493340230683724,3.4588259694629606,8.010000000000002,2.18,-0.9488428289374838,0.01
5.2,uav_03,1,-12.182674848613454,16.833696669865898,8.010000000000002,2.1992900586161217,-0.9592900586161214,0.01
5.2,uav_04,1,-12.184925001614987,30.227498787050564,8.010000000000002,2.183971271799941,-0.9839712717999407,0.01
5.2,uav_05,1,-12.210083306538353,43.762996310437764,8.010000000000002,2.1889245548971688,-0.9789245548971686,0.01
5.2,uav_06,1,-12.019406604782239,57.18862652365279,8.010000000000002,2.1975167519903795,-0.97,0.01
5.3,uav_01,1,-11.558907027203901,-10.458272140150054,8.010000000000002,2.218267599378303,-0.9782675993783029,0.01
5.3,uav_02,1,-12.253632591210566,3.356851186856703,8.010000000000002,2.1852230240472186,-0.96,0.01
5.3,uav_03,1,-11.948746373232765,16.729317146304233,8.010000000000002,2.2,-0.96,0.01
5.3,uav_04,1,-11.940672934145839,30.12437412253195,8.010000000000002,2.1949776605735574,-0.99,0.01
5.3,uav_05,1,-11.969592063424761,43.65181543275735,8.010000000000002,2.2,-0.98,0.01
5.3,uav_06,1,-11.774738137210637,57.081384408347084,8.010000000000002,2.2085419043812164,-0.97,0.01
5.4,uav_01,1,-11.320596341778487,-10.565408747946638,8.010000000000002,2.22,-0.98,0.01
5.4,uav_02,1,-12.019591851830095,3.256929600364424,8.010000000000002,2.1957692740112793,-0.9657692740112792,0.01
5.4,uav_03,1,-11.722261175758216,16.638582130518277,8.010000000000002,2.2100370350149445,-0.9600370350149444,0.01
5.4,uav_04,1,-11.701370375456829,30.01679160105042,8.010000000000002,2.205761016565275,-0.99,0.01
5.4,uav_05,1,-11.720833875663608,43.54531437844743,8.010000000000002,2.200970916609224,-0.98,0.01
5.4,uav_06,1,-11.531573795462132,56.97601457528063,8.010000000000002,2.219103475211645,-0.9791034752116451,0.01
5.5,uav_01,1,-11.06988577290998,-10.662890760641082,8.010000000000002,2.229874359150286,-0.98,0.01
5.5,uav_02,1,-11.780287215873356,3.156609998964877,8.010000000000002,2.206552723612894,-0.97,0.01
5.5,uav_03,1,-11.45919008867097,16.52241077081299,8.010000000000002,2.221891438868237,-0.97,0.01
5.5,uav_04,1,-11.467258824450143,29.918538081185957,8.010000000000002,2.2163104574406365,-0.99,0.01
5.5,uav_05,1,-11.524677267717989,43.466927241996046,8.010000000000002,2.2098100470860573,-0.98,0.01
5.5,uav_06,1,-11.294252095083328,56.88052910438994,8.010000000000002,2.229758591248857,-0.98,0.01
5.6,uav_01,1,-10.827641372876949,-10.771275816172821,8.010000000000002,2.24,-0.98,0.0
5.6,uav_02,1,-11.541190931787776,3.052941601853605,8.010000000000002,2.217326784526837,-0.97,0.01
5.6,uav_03,1,-11.223291733406457,16.42534720504832,8.010000000000002,2.23252139599007,-0.97,0.01
5.6,uav_04,1,-11.21220649101496,29.81120882825988,8.010000000000002,2.22,-0.99,0.01
5.6,uav_05,1,-11.280385955783846,43.35731250967294,8.010000000000002,2.220818204247001,-0.99,0.009181795752999156
5.6,uav_06,1,-11.081269713776818,56.78504687257446,8.010000000000002,2.23,-0.98,0.0006440820741968126
5.7,uav_01,1,-10.617080677516103,-10.861992732014238,8.010000000000002,2.24,-0.98,0.0
5.7,uav_02,1,-11.303934720831187,2.9462790505389984,8.010000000000002,2.2280179288314224,-0.97,0.0019820711685774543
5.7,uav_03,1,-10.979886462972368,16.32107802166848,8.010000000000002,2.24,-0.97,0.006655774361573606
5.7,uav_04,1,-10.971612042262759,29.704139321633335,8.010000000000002,2.2282103114381773,-0.99,0.0017896885618228359
5.7,uav_05,1,-11.03530933494227,43.24713416047699,8.010000000000002,2.2318617487335795,-0.99,0.0
5.7,uav_06,1,-10.841873511543348,56.677634340107396,8.010000000000002,2.24,-0.98,0.0
5.8,uav_01,1,-10.375155376909111,-10.969867045940415,8.010000000000002,2.2492602234485752,-0.98,0.0
5.8,uav_02,1,-11.060096337205959,2.84664038459963,8.010000000000002,2.23,-0.97,0.0
5.8,uav_03,1,-10.7346037204141,16.22107217370724,8.010000000000002,2.2441076767663297,-0.97,0.0
5.8,uav_04,1,-10.727054973276664,29.594194545776755,8.010000000000002,2.2392304440876485,-0.9992304440876484,0.0
5.8,uav_05,1,-10.795864913625902,43.14340686185745,8.010000000000002,2.24,-0.99,0.0
5.8,uav_06,1,-10.591615922466005,56.580337659460035,8.010000000000002,2.240985718233019,-0.98,0.0
5.9,uav_01,1,-10.172658784918072,-11.05078773469527,8.010000000000002,2.2401354032071894,-0.98,0.0
5.9,uav_02,1,-10.810560283566687,2.739820415610958,8.010000000000002,2.239823079538834,-0.97,0.0
5.9,uav_03,1,-10.49135755972357,16.113823796680517,8.010000000000002,2.25,-0.97,0.0
5.9,uav_04,1,-10.485362402494195,29.489745026738408,8.010000000000002,2.24,-1.0,0.0
5.9,uav_05,1,-10.552781181779284,43.045628399378664,8.010000000000002,2.24,-0.99,0.0
5.9,uav_06,1,-10.355687945135335,56.474944424258524,8.010000000000002,2.248450365262275,-0.98,0.0
6.0,uav_01,1,-9.932190235522265,-11.154406644955307,8.010000000000002,2.229468576851016,-0.98,0.0002657115744920112
6.0,uav_02,1,-10.567541458631132,2.6420476793599406,8.010000000000002,2.25,-0.9707342790279517,0.0
6.0,uav_03,1,-10.246655546280618,16.01231944062867,8.010000000000002,2.2443393808256533,-0.97,0.0
6.0,uav_04,1,-10.249905743669775,29.384350701960397,8.010000000000002,2.239703231208219,-1.0,0.0
6.0,uav_05,1,-10.310031669175723,42.938204396345846,8.010000000000002,2.24,-0.99,0.0
6.0,uav_06,1,-10.109755209417091,56.36804671299812,8.010000000000002,2.237735650089713,-0.98,0.0
6.1,uav_01,1,-9.726331071059874,-11.246954121956833,8.010000000000002,2.210915890468516,-0.98,0.00954205476574192
6.1,uav_02,1,-10.32365743568687,2.536424678741269,8.010000000000002,2.2486787743110144,-0.98,0.0
6.1,uav_03,1,-10.001521285721687,15.909713466730697,8.010000000000002,2.23357268741401,-0.97,0.0
6.1,uav_04,1,-10.012366461531085,29.288733135219033,8.010000000000002,2.2280820516784217,-1.0,0.0009589741607892363
6.1,uav_05,1,-10.0644061394463,42.83040882548532,8.010000000000002,2.2352573658693466,-0.99,0.0
6.1,uav_06,1,-9.868784474738806,56.26317601975384,8.010000000000002,2.2237542468733764,-0.98,0.0031228765633118656
6.2,uav_01,1,-9.481066140497537,-11.356558571017429,8.010000000000002,2.17821774579333,-0.9794059152644432,0.0
6.2,uav_02,1,-10.083829622886432,2.4286060201917117,8.010000000000002,2.2378717495110902,-0.98,0.00212825048890989
6.2,uav_03,1,-9.759171558328836,15.802310764874228,8.010000000000002,2.2156147106896187,-0.97,0.00719264465519067
6.2,uav_04,1,-9.75906868208875,29.17878055467738,8.010000000000002,2.2060402218000967,-0.9980201109000483,0.008020110900048305
6.2,uav_05,1,-9.823368648066834,42.722046335638986,8.010000000000002,2.2187916620788597,-0.99,0.005604168960570053
6.2,uav_06,1,-9.62955838978686,56.16325133738939,8.010000000000002,2.1982916404008614,-0.98,0.006097213466953823
6.3,uav_01,1,-9.244613597198763,-11.452999545049858,8.010000000000002,2.144776848682955,-0.9686942121707387,0.0013057878292612591
6.3,uav_02,1,-9.840072804748296,2.3236211252169188,8.010000000000002,2.2240347151958835,-0.98,0.007017357597941641
6.3,uav_03,1,-9.518834987130495,15.70315662821238,8.010000000000002,2.1859322153426377,-0.97,0.001977405114212542
6.3,uav_04,1,-9.518980189627612,29.070844703208778,8.010000000000002,2.1816040183855128,-0.99,0.0
6.3,uav_05,1,-9.585903104293621,42.62227864056703,8.010000000000002,2.1910857617387887,-0.9836952539129294,0.0036952539129294767
6.3,uav_06,1,-9.391731907833828,56.05633241157723,8.010000000000002,2.166141115666716,-0.9753803718889053,0.0
6.4,uav_01,1,-9.022733047127776,-11.555334412033956,8.010000000000002,2.101207259539716,-0.9582414519079432,0.01
6.4,uav_02,1,-9.597327804016315,2.225313830326266,8.010000000000002,2.199151946552192,-0.9763839821840639,0.0
6.4,uav_03,1,-9.28127642679802,15.598550152460435,8.010000000000002,2.1538179093766656,-0.9612726364588885,0.0
6.4,uav_04,1,-9.284266227771301,28.963794431769582,8.010000000000002,2.1458853307446795,-0.9864713326861698,0.0035286673138302032
6.4,uav_05,1,-9.347507977559852,42.51920034954273,8.010000000000002,2.1588583647446473,-0.98,0.0
6.4,uav_06,1,-9.159269412016359,55.955418925677435,8.010000000000002,2.1286946403550977,-0.9646736600887744,0.0053263399112255866
6.5,uav_01,1,-8.830091885746475,-11.637136400705716,8.010000000000002,2.055632240330741,-0.9482528961322965,0.01
6.5,uav_02,1,-9.362546374486627,2.117861187950027,8.010000000000002,2.1624545776380635,-0.9656136444095158,0.004386355590484161
6.5,uav_03,1,-9.053224175723482,15.502376873683444,8.010000000000002,2.112347901734653,-0.9505869754336632,0.009413024566336721
6.5,uav_04,1,-9.066394452476828,28.861394302403088,8.010000000000002,2.104829700867177,-0.9762074252167942,0.01
6.5,uav_05,1,-9.120136245864186,42.413674275499275,8.010000000000002,2.1195022274481423,-0.9723755568620356,0.007624443137964401
6.5,uav_06,1,-8.930349415559126,55.85300697902588,8.010000000000002,2.079446362681371,-0.9538892725362742,0.01
6.6,uav_01,1,-8.648919350958991,-11.726342649547288,8.010000000000002,2.0109250367489055,-0.9303700146995624,0.01
6.6,uav_02,1,-9.129271571053483,2.016253725844704,8.010000000000002,2.1194313487863408,-0.9548578371965851,0.01
6.6,uav_03,1,-8.830069485419411,15.398144441573502,8.010000000000002,2.060370953073138,-0.9301483812292554,0.01
6.6,uav_04,1,-8.862191967633514,28.769201630793724,8.010000000000002,2.059524856128257,-0.9631749520427523,0.01
6.6,uav_05,1,-8.890421682660794,42.31507090313087,8.010000000000002,2.067768686931664,-0.9531074747726656,0.01
6.6,uav_06,1,-8.703303697726126,55.753840604156835,8.010000000000002,2.0191590918538385,-0.9363863639512795,0.01
6.7,uav_01,1,-8.428501194642994,-11.82332638190839,8.010000000000002,1.9449040270374014,-0.8978160115874578,0.01
6.7,uav_02,1,-8.904181711063798,1.9154241110893004,8.010000000000002,2.0710579397939046,-0.9442115879587809,0.01
6.7,uav_03,1,-8.61332895510614,15.303231912257184,8.010000000000002,1.9962853345738374,-0.9087617781912792,0.01
6.7,uav_04,1,-8.638958357695376,28.674280021647924,8.010000000000002,1.999419384041467,-0.9417677536165867,0.01
6.7,uav_05,1,-8.670954138863328,42.20946935697177,8.010000000000002,2.013981518440665,-0.931592607376266,0.01
6.7,uav_06,1,-8.485816607005832,55.66000070150646,8.010000000000002,1.9630577935990352,-0.9078346761594213,0.01
6.8,uav_01,1,-8.226169889922511,-11.916309215241128,8.010000000000002,1.8702962073917742,-0.8663610777719154,0.01
6.8,uav_02,1,-8.682942325939024,1.816628517964655,8.010000000000002,2.0179879853882454,-0.9271951941552983,0.003597597077649132
6.8,uav_03,1,-8.397351078413042,15.20813727391585,8.010000000000002,1.9306044510207883,-0.8859733361517664,0.01
6.8,uav_04,1,-8.42713643541169,28.574225176548335,8.010000000000002,1.9364089663200883,-0.9156038427086094,0.01
6.8,uav_05,1,-8.45446723518006,42.113836022704696,8.010000000000002,1.9506719194071382,-0.9102239731357128,0.01
6.8,uav_06,1,-8.276964118321908,55.56517900083205,8.010000000000002,1.8934345780594046,-0.8757576763111735,0.01
6.9,uav_01,1,-8.045468738617226,-11.9989477420998,8.010000000000002,1.7945331216917642,-0.8375702763074507,0.00939256907686269
6.9,uav_02,1,-8.468314598038118,1.7211851929221835,8.010000000000002,1.957011007213,-0.8985055036065001,0.0071648321311666464
6.9,uav_03,1,-8.187130074459265,15.114007387868376,8.010000000000002,1.8543476495742286,-0.8532918498175265,0.01
6.9,uav_04,1,-8.219458366571684,28.473019451512133,8.010000000000002,1.8610746039406443,-0.8833176874031332,0.01
6.9,uav_05,1,-8.248862693069535,42.01939860489936,8.010000000000002,1.8757038879018948,-0.8783889579632106,0.01
6.9,uav_06,1,-8.07565518940131,55.46869269550224,8.010000000000002,1.808313497516167,-0.8431175615685625,0.01
7.0,uav_01,1,-7.85699502405985,-12.0795352036468,8.010000000000002,1.7010643192738986,-0.796028586343955,0.0
7.0,uav_02,1,-8.26269442646734,1.6266909363826652,8.010000000000002,1.8852583063109856,-0.8665392741332795,0.01
7.0,uav_03,1,-7.989191616539961,15.029192975831005,8.010000000000002,1.775066129581846,-0.8189182798141538,0.007229569953538442
7.0,uav_04,1,-8.018845605406026,28.384996791217223,8.010000000000002,1.7798383793560926,-0.8449191896780462,0.01
7.0,uav_05,1,-8.043363413158184,41.925790360244726,8.010000000000002,1.7900112919681217,-0.8450056459840608,0.008751411496015214
7.0,uav_06,1,-7.882794379032012,55.385907285494504,8.010000000000002,1.7146707046137724,-0.8020758687172321,0.0005189671793080358
7.1,uav_01,1,-7.705471612449942,-12.151216947230278,8.010000000000002,1.617694167825066,-0.758847083912533,0.0
7.1,uav_02,1,-8.06104233435766,1.5431877620226746,8.010000000000002,1.8038398192600724,-0.8351899322225271,0.0017299774075090462
7.1,uav_03,1,-7.801383993168202,14.941241025192145,8.010000000000002,1.674158492726277,-0.7720792463631384,0.0
7.1,uav_04,1,-7.829133321174809,28.301842778425726,8.010000000000002,1.6871225777628325,-0.8020544790057034,0.003013619751425842
7.1,uav_05,1,-7.857742353633049,41.84596710043956,8.010000000000002,1.7046447279166543,-0.8038578911666618,0.0
7.1,uav_06,1,-7.7188752001494265,55.312893256295716,8.010000000000002,1.6299858946383103,-0.7644381753948045,0.0
7.2,uav_01,1,-7.5734767817090045,-12.213660232778107,8.010000000000002,1.537222604461627,-0.7186113022308135,0.0
7.2,uav_02,1,-7.889396425167778,1.4591644205663095,8.010000000000002,1.7183514239554385,-0.7981561884246394,0.0
7.2,uav_03,1,-7.6167521460408265,14.863937198371438,8.010000000000002,1.5653704362802578,-0.722148174512103,0.0
7.2,uav_04,1,-7.652313408230878,28.219569494883714,8.010000000000002,1.5841094295185452,-0.7520547147592725,0.0
7.2,uav_05,1,-7.70090758290323,41.77177269212953,8.010000000000002,1.6090293229835215,-0.7645146614917607,0.0
7.2,uav_06,1,-7.551898058962098,55.23003993950352,8.010000000000002,1.5243211732698478,-0.7121605866349239,0.0
7.3,uav_01,1,-7.4313754162612256,-12.276075703395895,8.010000000000002,1.4388765043327558,-0.6805005470300931,0.0
7.3,uav_02,1,-7.708364859223569,1.3760206596248739,8.010000000000002,1.6161548303185784,-0.7480774151592893,0.0
7.3,uav_03,1,-7.450512840032374,14.786313117534759,8.010000000000002,1.452680125644443,-0.673945511656565,0.0
7.3,uav_04,1,-7.480711835747833,28.134484796559125,8.010000000000002,1.474459550713847,-0.7057838202855388,0.0
7.3,uav_05,1,-7.525618767503298,41.69008393800254,8.010000000000002,1.5010484870028598,-0.7105242435014298,0.0
7.3,uav_06,1,-7.3878552198748775,55.15879954125265,8.010000000000002,1.407724559343735,-0.668965708792607,0.0
7.4,uav_01,1,-7.287625017286933,-12.344361624466488,8.010000000000002,1.3259418206241806,-0.6317917366473548,0.0
7.4,uav_02,1,-7.528180289785363,1.3017985476503184,8.010000000000002,1.507254343631036,-0.7029017374524144,0.0
7.4,uav_03,1,-7.295598912071222,14.715121287163837,8.010000000000002,1.334939503280095,-0.6263416375563982,0.0
7.4,uav_04,1,-7.327199644875938,28.062975418493686,8.010000000000002,1.3602906247674447,-0.6546775567124749,0.0
7.4,uav_05,1,-7.363032536010185,41.618960013253,8.010000000000002,1.391525019232407,-0.659645461539057,0.0
7.4,uav_06,1,-7.234087373984624,55.08834707480191,8.010000000000002,1.288488815575676,-0.6152036731565316,0.0
7.5,uav_01,1,-7.144804262300002,-12.405577985497887,8.010000000000002,1.2014243162962956,-0.5789267984567898,0.0
7.5,uav_02,1,-7.37370187693512,1.2314501901021473,8.010000000000002,1.4014855763288476,-0.6605942305315391,0.0
7.5,uav_03,1,-7.154090620819815,14.651546212009647,8.010000000000002,1.211187298282485,-0.5705936491412426,0.0
7.5,uav_04,1,-7.2015613684386555,28.001557730471976,8.010000000000002,1.2504163304825435,-0.6085068043677264,0.0
7.5,uav_05,1,-7.215955156937836,41.55207323376185,8.010000000000002,1.2719110921561319,-0.6109555460780659,0.0
7.5,uav_06,1,-7.104837413176988,55.0306501831691,8.010000000000002,1.1635727225951902,-0.5617863612975951,0.0
7.6,uav_01,1,-7.031981001885812,-12.457937843826357,8.010000000000002,1.0880631153089424,-0.5316929647120594,0.0
7.6,uav_02,1,-7.220695543070476,1.1612433019904012,8.010000000000002,1.2741384911814793,-0.6075577046589498,0.0
7.6,uav_03,1,-7.028225944594806,14.592879409788592,8.010000000000002,1.0841713103257433,-0.5142380459690598,0.0
7.6,uav_04,1,-7.066326748941744,27.940639365304747,8.010000000000002,1.1226088836505297,-0.5463044418252648,0.0
7.6,uav_05,1,-7.083955860566751,41.49203723142637,8.010000000000002,1.1419307302217254,-0.5499711375923856,0.0
7.6,uav_06,1,-6.998804975491864,54.98026345354717,8.010000000000002,1.0531042815676237,-0.5071267839865098,0.0
7.7,uav_01,1,-6.941722844739356,-12.497295542775012,8.010000000000002,0.9885651412012848,-0.4842825706006424,0.0
7.7,uav_02,1,-7.086461561695136,1.101377990586689,8.010000000000002,1.144527681985878,-0.5522638409929391,0.0
7.7,uav_03,1,-6.908624098074245,14.540903450236861,8.010000000000002,0.9520515818211057,-0.4591881590921274,0.0
7.7,uav_04,1,-6.974845414297876,27.902102684134746,8.010000000000002,1.0214692723976444,-0.5031121968323518,0.0
7.7,uav_05,1,-6.964227467856655,41.432532503092524,8.010000000000002,1.0131005982927324,-0.49629191595530514,0.0
7.7,uav_06,1,-6.900310574220071,54.939114522820766,8.010000000000002,0.9417429167205432,-0.4607262153002264,0.0
7.8,uav_01,1,-6.854168479664717,-12.535737271336043,8.010000000000002,0.8845302789018992,-0.43688761620912464,0.0
7.8,uav_02,1,-6.9823804507771055,1.051750347741174,8.010000000000002,1.0363522967170493,-0.4984801236321038,0.0
7.8,uav_03,1,-6.803193079948397,14.493266677202202,8.010000000000002,0.8231321681365837,-0.40547173672357656,0.0
7.8,uav_04,1,-6.870835272083485,27.850693105471983,8.010000000000002,0.9038716106444906,-0.4541131711018711,0.0
7.8,uav_05,1,-6.854990545366346,41.37883444740122,8.010000000000002,0.8835526828126234,-0.44231361783859313,0.0
7.8,uav_06,1,-6.79856193726708,54.89199211057221,8.010000000000002,0.8146975581389422,-0.4075897991540646,0.0
7.9,uav_01,1,-6.775418457964782,-12.575013842065042,8.010000000000002,0.7817164093310137,-0.3925983678777335,0.0
7.9,uav_02,1,-6.8698477689912805,1.0038430203317148,8.010000000000002,0.9067006818407977,-0.44445861743366566,0.0
7.9,uav_03,1,-6.718966269890237,14.456675542125286,8.010000000000002,0.7050179161875064,-0.3522808709943211,0.0
7.9,uav_04,1,-6.788990851049119,27.80855410648539,8.010000000000002,0.804273833253344,-0.4101244696606109,0.0
7.9,uav_05,1,-6.764956178753112,41.335059850172634,8.010000000000002,0.7704950200498436,-0.392952281840838,0.0
7.9,uav_06,1,-6.728339216710858,54.85165290378051,8.010000000000002,0.7146250510577654,-0.36210229593534793,0.0
8.0,uav_01,1,-6.711447393563385,-12.609802032451723,8.010000000000002,0.6923208805951698,-0.3511604402975849,0.0
8.0,uav_02,1,-6.790867753574359,0.9635143040086996,8.010000000000002,0.7977624757484179,-0.39877953222640977,0.0
8.0,uav_03,1,-6.636803208520124,14.421068171090013,8.010000000000002,0.5977413283399075,-0.29899614592884777,0.0
8.0,uav_04,1,-6.7196248328555415,27.77752769487124,8.010000000000002,0.70847946860444,-0.36622129320204927,0.0
8.0,uav_05,1,-6.688241734153541,41.297769711826554,8.010000000000002,0.666528357490839,-0.34326417874541953,0.0
8.0,uav_06,1,-6.659054098982643,54.821336361090516,8.010000000000002,0.6244442680305109,-0.31722213401525545,0.0
8.1,uav_01,1,-6.644183127951259,-12.639316294555652,8.010000000000002,0.6010000777651099,-0.30614289047076143,0.0
8.1,uav_02,1,-6.700219075392907,0.9173290559583781,8.010000000000002,0.6784389748580708,-0.33504527493917324,0.0
8.1,uav_03,1,-6.575244931073058,14.386294386347108,8.010000000000002,0.4962048846789094,-0.2536330236979582,0.0
8.1,uav_04,1,-6.649542668198395,27.7473072764042,8.010000000000002,0.5994960130951259,-0.31474800654756296,0.0
8.1,uav_05,1,-6.6153911115418165,41.26277225778935,8.010000000000002,0.5526047237008307,-0.28630236185041535,0.0
8.1,uav_06,1,-6.602165715505674,54.79025820197864,8.010000000000002,0.5309922327029406,-0.2704961163514703,0.0
8.2,uav_01,1,-6.589317880832893,-12.670753597080921,8.010000000000002,0.46769481059582246,-0.24899147963567234,0.0
8.2,uav_02,1,-6.629433712765357,0.882765156218229,8.010000000000002,0.5189115893866768,-0.26719888974745515,0.0
8.2,uav_03,1,-6.525095340757103,14.362440581569683,8.010000000000002,0.3545140829609158,-0.18907746412610676,0.0
8.2,uav_04,1,-6.5878964802510405,27.71435503765824,8.010000000000002,0.4634193938225896,-0.2489290504505418,0.0
8.2,uav_05,1,-6.556965914963579,41.2330068498726,8.010000000000002,0.3972485236919546,-0.21889940947678185,0.0
8.2,uav_06,1,-6.541218163016872,54.76459041642168,8.010000000000002,0.3919993036538255,-0.20942827299449665,0.0
8.3,uav_01,1,-6.539440714438866,-12.693496622826421,8.010000000000002,0.2971258448654006,-0.1735629224327003,0.0
8.3,uav_02,1,-6.580042351170298,0.8617852654195258,8.010000000000002,0.33349841061745333,-0.18933262694109035,0.0
8.3,uav_03,1,-6.486067024004209,14.341449283256086,8.010000000000002,0.19876643885531686,-0.12196031699920114,0.0
8.3,uav_04,1,-6.5447265620617765,27.692638637143325,8.010000000000002,0.30802385760806383,-0.17612887416850062,0.0
8.3,uav_05,1,-6.519891192977301,41.217644635324895,8.010000000000002,0.22906476567197856,-0.1395323828359893,0.0
8.3,uav_06,1,-6.509456532453753,54.743747089843644,8.010000000000002,0.24471992367002784,-0.14518996660563718,0.0
8.4,uav_01,1,-6.5130488024278,-12.703603786837165,8.010000000000002,0.1512430671462273,-0.10062153357311365,0.0
8.4,uav_02,1,-6.545285295375056,0.8500406489448049,8.010000000000002,0.15232637711744665,-0.1077523093214751,0.0
8.4,uav_03,1,-6.464580776942399,14.33322081480625,8.010000000000002,0.04129333842446703,-0.05064666921223352,0.0
8.4,uav_04,1,-6.513162766344574,27.67450692002202,8.010000000000002,0.1376339191781814,-0.09622916228315133,0.0
8.4,uav_05,1,-6.496941986069901,41.20581479774502,8.010000000000002,0.05831760412570458,-0.06238895180499575,0.0
8.4,uav_06,1,-6.487306115956165,54.73893610444528,8.010000000000002,0.08664691826470954,-0.07243522852353113,0.0
8.5,uav_01,1,-6.503987409776773,-12.71384211472915,8.010000000000002,0.012625427093339858,-0.03589186597689194,0.0
8.5,uav_02,1,-6.532121173221734,0.8386973118501108,8.010000000000002,0.005656129148447285,-0.03953359806851413,0.0
8.5,uav_03,1,-6.464580776942399,14.33322081480625,8.010000000000002,-0.09113399185846771,0.005733535956451605,0.0
8.5,uav_04,1,-6.503175289493777,27.668769646914033,8.010000000000002,-0.0027151556658709525,-0.03105454353882879,0.0
8.5,uav_05,1,-6.493526660670356,41.203852875482745,8.010000000000002,-0.07473930802433315,-0.006358621656527855,0.0
8.5,uav_06,1,-6.476437226816229,54.730387412309675,8.010000000000002,-0.040253087764527073,-0.01372934410867982,0.0
8.6,uav_01,1,-6.503175289493777,-12.714775154360618,8.010000000000002,-0.1158425109693103,0.011372325346182245,0.0
8.6,uav_02,1,-6.535065549848066,0.8347760934542433,8.010000000000002,-0.11967081984632327,0.015258007633201254,0.0
8.6,uav_03,1,-6.473321691344468,14.33322081480625,8.010000000000002,-0.21982576644530144,0.052648075656955194,0.0
8.6,uav_04,1,-6.50776476114786,27.668769646914033,8.010000000000002,-0.13659248009628908,0.02378302860581753,0.0
8.6,uav_05,1,-6.501458764760132,41.203852875482745,8.010000000000002,-0.18865158129646625,0.04110482554019427,0.0
8.6,uav_06,1,-6.4819508060132005,54.727850860066184,8.010000000000002,-0.17403366413813645,0.040012947745437094,0.0
8.7,uav_01,1,-6.52000280970417,-12.705108640923896,8.001279837316945,-0.2620822775627699,0.07232097609832995,0.0
8.7,uav_02,1,-6.547853395616478,0.8424785629663025,8.010000000000002,-0.24467826897834608,0.06576284953561186,0.0
8.7,uav_03,1,-6.49929945505705,14.33912667089589,8.010000000000002,-0.3279490617232758,0.10131069409923368,0.0
8.7,uav_04,1,-6.5217723521350734,27.673910045604075,8.010000000000002,-0.26100869557467704,0.0731857707157623,0.0
8.7,uav_05,1,-6.519363906899451,41.21315237331234,8.010000000000002,-0.29389077869240743,0.08355631147696296,0.0
8.7,uav_06,1,-6.49794678273895,54.735932606212835,8.010000000000002,-0.28019598357329356,0.08645271980604252,0.0
8.8,uav_01,1,-6.538143027772758,-12.694688053175412,8.008120575873882,-0.36120575873880767,0.12060287936940384,0.0
8.8,uav_02,1,-6.569175615887966,0.8455838527628735,8.010000000000002,-0.34241025774713063,0.10840384665517398,0.0
8.8,uav_03,1,-6.536519279636443,14.357917780702767,8.010000000000002,-0.41297697467016226,0.13841870343006954,0.0
8.8,uav_04,1,-6.545179576621036,27.684855795362953,8.010000000000002,-0.36060184574023285,0.11804526477343684,0.0
8.8,uav_05,1,-6.549826943687285,41.22541388178531,8.010000000000002,-0.3856014865541293,0.12780074327706464,0.0
8.8,uav_06,1,-6.524754394579941,54.74720013421588,8.010000000000002,-0.37709484070368837,0.1298199292016393,0.0
8.9,uav_01,1,-6.574094344836275,-12.683320302747079,8.010000000000002,-0.438627974335649,0.15512627471527815,0.0
8.9,uav_02,1,-6.60375173249801,0.8614560102534904,8.010000000000002,-0.4142391142285557,0.14067933567141677,0.0
8.9,uav_03,1,-6.578109087723237,14.374142727260608,8.010000000000002,-0.45383132337195675,0.16383132337195674,0.0
8.9,uav_04,1,-6.58129321730437,27.702558985501444,8.010000000000002,-0.4309627317642669,0.1557220488232002,0.0
8.9,uav_05,1,-6.590928698557803,41.237371635253204,8.010000000000002,-0.4402372767058363,0.15047455341167254,0.00023727670583627574
8.9,uav_06,1,-6.56519186154376,54.759520021962736,8.010000000000002,-0.44284377144666404,0.1571375085786656,0.0
9.0,uav_01,1,-6.624867548459754,-12.661067633520563,8.010000000000002,-0.4776743399565271,0.16922477998550906,0.0
9.0,uav_02,1,-6.644780068411857,0.8803794480824824,8.010000000000002,-0.44838078478711324,0.16419039239355662,0.004190392393556612
9.0,uav_03,1,-6.621549417556563,14.392054610743397,8.010000000000002,-0.46653698678745426,0.17,0.00653698678745424
9.0,uav_04,1,-6.627887783650429,27.719596405654546,8.010000000000002,-0.46170164883431186,0.17585082441715594,0.0
9.0,uav_05,1,-6.6314113114508615,41.2498045195622,8.010000000000002,-0.45,0.17,0.01
9.0,uav_06,1,-6.614534053057636,54.7812436445178,8.010000000000002,-0.46816563656800647,0.16908281828400326,0.00908281828400325
9.1,uav_01,1,-6.660562689836247,-12.65200630146363,8.010000000000002,-0.48,0.1766237887096084,0.0066237887096083975
9.1,uav_02,1,-6.685771850952969,0.8974869487580651,8.010000000000002,-0.4503769294624047,0.16518846473120236,0.01
9.1,uav_03,1,-6.663859104173392,14.4070860656738,8.010000000000002,-0.4567322985577215,0.17,0.01
9.1,uav_04,1,-6.663513601887063,27.733162344088427,8.010000000000002,-0.4619113410946339,0.17595567054731695,0.0
9.1,uav_05,1,-6.665529394972175,41.269403538275476,8.010000000000002,-0.45,0.17,0.01
9.1,uav_06,1,-6.65146826518939,54.801952020666555,8.010000000000002,-0.47,0.17842333233884555,0.01
9.2,uav_01,1,-6.703594256285312,-12.632900881006266,8.010000000000002,-0.452282419147501,0.17307060478687528,0.01
9.2,uav_02,1,-6.724703029904312,0.9144204315311306,8.010000000000002,-0.4204049314849991,0.15510123287124977,0.01
9.2,uav_03,1,-6.701780932806555,14.425138674533356,8.010000000000002,-0.4177022225106551,0.15708088900426204,0.003540444502131016
9.2,uav_04,1,-6.691583426504736,27.749286961086888,8.010000000000002,-0.4447306450651473,0.16868266126628684,0.0013173387337131715
9.2,uav_05,1,-6.702766499842814,41.29079426943648,8.010000000000002,-0.42235523940463954,0.16078507980154652,0.01
9.2,uav_06,1,-6.683958521748799,54.81303175474361,8.010000000000002,-0.4426332236929638,0.16631661184648192,0.01
9.3,uav_01,1,-6.739566643810064,-12.61916493166115,8.010000000000002,-0.3962500570628772,0.15125002445551883,0.01
9.3,uav_02,1,-6.763842236177894,0.9256621244559695,8.010000000000002,-0.35968080355466475,0.13488030133299928,0.004960100444333094
9.3,uav_03,1,-6.737633585964792,14.43936106218138,8.010000000000002,-0.3482578440508916,0.12700348624484073,0.0
9.3,uav_04,1,-6.734926801062918,27.77136113162069,8.010000000000002,-0.38961768722740575,0.14980884361370286,0.007452210903425717
9.3,uav_05,1,-6.734842103190883,41.30087741089252,8.010000000000002,-0.3748449388628683,0.14494831295428945,0.0024741564771447212
9.3,uav_06,1,-6.715572132439957,54.82769102833463,8.010000000000002,-0.3947696080264852,0.14490126058277938,0.004967086860926459
9.4,uav_01,1,-6.7685412143929335,-12.60945436014117,8.010000000000002,-0.3249109048104589,0.11996040213798176,0.004990100534495437
9.4,uav_02,1,-6.799846723835583,0.9440750137894421,8.010000000000002,-0.26174915531801946,0.09669966212720779,0.0
9.4,uav_03,1,-6.7667309531634805,14.448933587351632,8.010000000000002,-0.27053945996062845,0.09246198220472375,0.0
9.4,uav_04,1,-6.766345550681675,27.780639742788914,8.010000000000002,-0.32173777374683593,0.11724592458227863,0.0
9.4,uav_05,1,-6.7731750904186905,41.31188753900011,8.010000000000002,-0.2928772690637579,0.11016767513944795,0.0
9.4,uav_06,1,-6.750826576619541,54.8433230643272,8.010000000000002,-0.3224926118736803,0.11749753729122676,0.0
9.5,uav_01,1,-6.791204563511211,-12.599201299369188,8.010000000000002,-0.2416673210047856,0.08296325377990471,0.0
9.5,uav_02,1,-6.822981399068533,0.9533310055758712,8.010000000000002,-0.1684641142378274,0.057095161883478844,0.0
9.5,uav_03,1,-6.78906706861386,14.458652036982356,8.010000000000002,-0.18848481222619595,0.057393924890478384,0.0
9.5,uav_04,1,-6.795161698096069,27.792159286833154,8.010000000000002,-0.2269019276921727,0.08345096384608636,0.0
9.5,uav_05,1,-6.796136307299286,41.322259754212105,8.010000000000002,-0.20185142463765682,0.07274056985506273,0.0
9.5,uav_06,1,-6.780386143695575,54.85383797651667,8.010000000000002,-0.23347008945260547,0.08538803578104219,0.0
9.6,uav_01,1,-6.808989244701807,-12.58898494855605,8.010000000000002,-0.15177106518257658,0.04262321144662572,0.0
9.6,uav_02,1,-6.8368018785897124,0.9597340599944634,8.010000000000002,-0.07223803799811829,0.016895215199247318,0.0
9.6,uav_03,1,-6.804954272040882,14.469313030125676,8.010000000000002,-0.09231198204070654,0.018924792816282614,0.0
9.6,uav_04,1,-6.812315172042279,27.801792577887987,8.010000000000002,-0.1356246121210556,0.03840894986220203,0.0
9.6,uav_05,1,-6.8081527374265844,41.33253454245152,8.010000000000002,-0.1091625480769079,0.029581274038453946,0.0
9.6,uav_06,1,-6.794330103643294,54.86282228424157,8.010000000000002,-0.15242264099200145,0.05121132049600071,0.0
9.7,uav_01,1,-6.82158001324361,-12.581752223386667,8.010000000000002,-0.05037125162840853,-0.0007740903169423524,0.0
9.7,uav_02,1,-6.840877269519298,0.9644162495611492,8.010000000000002,0.025871593163188218,-0.022348637265275285,0.0
9.7,uav_03,1,-6.8119313857913415,14.477328989765478,8.010000000000002,-0.0041809747277450765,-0.01632761010890197,0.0
9.7,uav_04,1,-6.820246278693647,27.801792577887987,8.010000000000002,-0.04520535446328067,0.00552921980482933,0.0
9.7,uav_05,1,-6.816589597331335,41.336875806456696,8.010000000000002,-0.02172151103316835,-0.009311395586732664,0.0
9.7,uav_06,1,-6.802290611269157,54.87195903541924,8.010000000000002,-0.06991047200095839,0.009967444363984865,0.0
9.8,uav_01,1,-6.82158001324361,-12.581752223386667,8.010000000000002,0.05337492839156181,-0.03973955349648409,0.0
9.8,uav_02,1,-6.836177860558382,0.9644162495611492,8.010000000000002,0.1235760125736111,-0.06435273298800505,0.0
9.8,uav_03,1,-6.810573143781556,14.47576851454307,8.010000000000002,0.09548475384872028,-0.05703852447669104,0.0
9.8,uav_04,1,-6.82158001324361,27.809311022601037,8.010000000000002,0.044606286532941145,-0.03391194842406416,0.0
9.8,uav_05,1,-6.818232407054845,41.336875806456696,8.010000000000002,0.06816466980260236,-0.047347577183001074,0.0
9.8,uav_06,1,-6.811064834710013,54.87195903541924,8.010000000000002,0.030120810507227036,-0.026407567457173466,0.0
9.9,uav_01,1,-6.819147018123959,-12.581752223386667,8.010000000000002,0.16260798560047265,-0.08504319424018907,0.0
9.9,uav_02,1,-6.824112684911806,0.9603285118989912,8.010000000000002,0.2168754866161435,-0.10106264598484305,0.0
9.9,uav_03,1,-6.803422431682415,14.467553108913659,8.010000000000002,0.17700705687022972,-0.09409411675919534,0.0
9.9,uav_04,1,-6.816817184858217,27.807405840179587,8.010000000000002,0.13429903113006875,-0.07468137778639489,0.0
9.9,uav_05,1,-6.807252233428314,41.334187883114254,8.010000000000002,0.16667253585586156,-0.08969910394758603,0.0
9.9,uav_06,1,-6.805608881605755,54.87195903541924,8.010000000000002,0.112080248082436,-0.06276374912838001,0.0
10.0,uav_01,1,-6.801683637753214,-12.581981665252,8.010000000000002,0.2518628158214068,-0.12062093860713559,0.0
10.0,uav_02,1,-6.805754943568621,0.9509656477904342,8.010000000000002,0.2970703158508298,-0.12640136844406116,0.0
10.0,uav_03,1,-6.787314837430311,14.4662437457802,8.010000000000002,0.2675650211352551,-0.12326950634057654,0.0
10.0,uav_04,1,-6.806682618723888,27.79877744118666,8.010000000000002,0.21719955102667335,-0.108159865308002,0.0
10.0,uav_05,1,-6.7914365836306745,41.32579056247142,8.010000000000002,0.25558520486582686,-0.12124115663685042,0.0
10.0,uav_06,1,-6.794013091982607,54.86720855321672,8.010000000000002,0.19285410442978057,-0.09714164177191223,0.0
10.1,uav_01,1,-6.773504314776779,-12.59277334322157,8.010000000000002,0.3394793823625806,-0.14982646078752684,0.0
10.1,uav_02,1,-6.777508367400088,0.9406726003449719,8.010000000000002,0.37135318842232934,-0.15141914855279118,0.0
10.1,uav_03,1,-6.765127008608695,14.459404578019047,8.010000000000002,0.3393569110594975,-0.14233922776487437,0.0
10.1,uav_04,1,-6.792833556018612,27.79082189339705,8.010000000000002,0.2889665551407407,-0.12968996654222223,0.0
10.1,uav_05,1,-6.773634768809522,41.32579056247142,8.010000000000002,0.33861065216333297,-0.13969125603629623,0.0
10.1,uav_06,1,-6.778294544740845,54.85817908628266,8.010000000000002,0.27187804074304633,-0.12486178683178807,0.0
10.2,uav_01,1,-6.742262221188545,-12.60453414367575,8.010000000000002,0.4238610095786014,-0.16,0.0
10.2,uav_02,1,-6.742808277167204,0.9307059249251665,8.010000000000002,0.442460524422008,-0.16,0.0
10.2,uav_03,1,-6.73927785921026,14.450918580045329,8.010000000000002,0.3929490007297904,-0.15382483345496506,0.0
10.2,uav_04,1,-6.771871737531948,27.79070733350888,8.010000000000002,0.3473826446035256,-0.14434566115088138,0.0
10.2,uav_05,1,-6.746012750536665,41.31794243670565,8.010000000000002,0.3895585649549796,-0.15415958998713702,0.0
10.2,uav_06,1,-6.761724078434467,54.84922439199501,8.010000000000002,0.34407139196405356,-0.1405089239955067,0.0
10.3,uav_01,1,-6.699269588991516,-12.616507695690988,8.010000000000002,0.49811749148411943,-0.16,0.0
10.3,uav_02,1,-6.7151515357017715,0.9227622638522625,8.010000000000002,0.48545639036841576,-0.16,0.0
10.3,uav_03,1,-6.710884691679545,14.44276339974746,8.010000000000002,0.4382713568901892,-0.16,0.0
10.3,uav_04,1,-6.7465621575127255,27.785788321595238,8.010000000000002,0.4054995301514357,-0.15443744126892944,0.0
10.3,uav_05,1,-6.715709799134317,41.30923872200801,8.010000000000002,0.4395885010597045,-0.16,0.0
10.3,uav_06,1,-6.733586563716619,54.84114264163293,8.010000000000002,0.4023957761477199,-0.147799472018465,0.0
10.4,uav_01,1,-6.645532533944153,-12.628394970209632,8.010000000000002,0.5666114161527143,-0.15792357298091073,0.0
10.4,uav_02,1,-6.675448477443935,0.9131019499716806,8.010000000000002,0.5377438112623683,-0.16,0.0
10.4,uav_03,1,-6.679247226157749,14.433676381899572,8.010000000000002,0.4956531565327585,-0.16,0.0
10.4,uav_04,1,-6.715440980438694,27.776849593631812,8.010000000000002,0.4650064128329778,-0.16,0.0
10.4,uav_05,1,-6.684167030850256,41.30017890321542,8.010000000000002,0.4886256820455833,-0.16,0.0
10.4,uav_06,1,-6.701160804725679,54.83870330267575,8.010000000000002,0.45720673398175066,-0.1562011223302918,0.0
10.5,uav_01,1,-6.583700534349617,-12.640234698929014,8.010000000000002,0.6520563793089544,-0.15,0.0
10.5,uav_02,1,-6.625650062082696,0.902881118430026,8.010000000000002,0.6040867864655637,-0.16,0.0
10.5,uav_03,1,-6.62967754607806,14.422148653165518,8.010000000000002,0.5586691253733234,-0.16,0.0
10.5,uav_04,1,-6.674886848455247,27.76586856949912,8.010000000000002,0.5268493619796449,-0.16,0.0
10.5,uav_05,1,-6.65038225222428,41.29116169447539,8.010000000000002,0.5386709380858239,-0.16,0.0
10.5,uav_06,1,-6.660395300513521,54.83270517856305,8.010000000000002,0.5124654499669974,-0.15458909167216708,0.0
10.6,uav_01,1,-6.512377360172988,-12.65248478610386,8.010000000000002,0.7442706711033089,-0.1461921476551879,0.0
10.6,uav_02,1,-6.575849124386916,0.893345124396734,8.010000000000002,0.6729061565699054,-0.15588673042876183,0.0
10.6,uav_03,1,-6.587888210338717,14.414105757657314,8.010000000000002,0.6162694748705226,-0.15296631564118468,0.0
10.6,uav_04,1,-6.635446259872446,27.756913570047214,8.010000000000002,0.5833975030520392,-0.15951464242113725,0.0
10.6,uav_05,1,-6.5975238554001585,41.28104025110837,8.010000000000002,0.6029540836553758,-0.15963073954307802,0.0
10.6,uav_06,1,-6.6182521211967265,54.82302157516102,8.010000000000002,0.5731719029616329,-0.15,0.0
10.7,uav_01,1,-6.430946400418609,-12.66417922174302,8.010000000000002,0.8435740405795795,-0.14,0.0
10.7,uav_02,1,-6.524601184907409,0.8843539265570364,8.010000000000002,0.7400180717969195,-0.15,0.0
10.7,uav_03,1,-6.534330798943952,14.404845759777768,8.010000000000002,0.683097036086296,-0.15,0.0
10.7,uav_04,1,-6.582662820859478,27.746806480117954,8.010000000000002,0.6472207527692192,-0.15039703531868298,0.0
10.7,uav_05,1,-6.543240975289928,41.27064604475028,8.010000000000002,0.6779669999438839,-0.15025412500701452,0.0
10.7,uav_06,1,-6.577654781479654,54.814166446194825,8.010000000000002,0.6370776049736663,-0.15,0.0
10.8,uav_01,1,-6.343062045897214,-12.676093077776754,8.010000000000002,0.9459440523878094,-0.1348951052902434,0.0
10.8,uav_02,1,-6.4628215621873615,0.8755097234775718,8.010000000000002,0.8118232796868046,-0.14979741336813282,0.0
10.8,uav_03,1,-6.476215774858766,14.39530747936616,8.010000000000002,0.7559245200030504,-0.14600838666632773,0.0
10.8,uav_04,1,-6.520992046647899,27.73662172807479,8.010000000000002,0.7291156742680853,-0.15,0.0
10.8,uav_05,1,-6.481459800399205,41.26046580461774,8.010000000000002,0.7603652380463235,-0.15,0.0
10.8,uav_06,1,-6.532471703540054,54.80551469025478,8.010000000000002,0.6995156059885896,-0.15,0.0
10.9,uav_01,1,-6.236291206965183,-12.688231349517277,8.010000000000002,1.03843864805544,-0.11789033798614001,0.0
10.9,uav_02,1,-6.382835440803538,0.8652991100352679,8.010000000000002,0.8947222378315178,-0.14058641801872027,0.0
10.9,uav_03,1,-6.418075036101316,14.386405435621691,8.010000000000002,0.8281993305171387,-0.14,0.0
10.9,uav_04,1,-6.4407356811144645,27.724928400675697,8.010000000000002,0.824052640015265,-0.15,0.0
10.9,uav_05,1,-6.412176886892791,41.250367631498904,8.010000000000002,0.8423513046957,-0.14196096614492223,0.0
10.9,uav_06,1,-6.4480213008712495,54.79336984725891,8.010000000000002,0.7989531476285522,-0.14,0.0
11.0,uav_01,1,-6.1354095214555615,-12.692604665602412,8.010000000000002,1.12003886525532,-0.09332037824822667,0.0
11.0,uav_02,1,-6.315228317495659,0.8566687355725172,8.010000000000002,0.9647913946854942,-0.1328009561460562,0.0
11.0,uav_03,1,-6.3481010305857675,14.377481804426685,8.010000000000002,0.9007215638053379,-0.13992784361946622,0.0
11.0,uav_04,1,-6.377277911513737,27.71581512504017,8.010000000000002,0.8980424237263221,-0.14243973069707533,0.0
11.0,uav_05,1,-6.342287528916624,41.241204387503466,8.010000000000002,0.9167467741491182,-0.1336948028723202,0.0
11.0,uav_06,1,-6.378250705468172,54.783349975739256,8.010000000000002,0.8893424180586041,-0.14,0.0
11.1,uav_01,1,-6.022665211136056,-12.698887108564774,8.010000000000002,1.2053391391114991,-0.05166303805531296,0.0
11.1,uav_02,1,-6.231453409494791,0.8467333995423102,8.010000000000002,1.0454554037110357,-0.11767657695310316,0.0
11.1,uav_03,1,-6.259298725256443,14.367279367137607,8.010000000000002,0.9927577634832755,-0.13072422365167247,0.0
11.1,uav_04,1,-6.296669535171292,27.706013182333646,8.010000000000002,0.9776234254674887,-0.13359739717027905,0.0
11.1,uav_05,1,-6.267951915648071,41.23225444072533,8.010000000000002,0.9894105060440687,-0.12562105488399236,0.0
11.1,uav_06,1,-6.284110437578517,54.77148213086245,8.010000000000002,0.9851218091513757,-0.12871954771215607,0.0
11.2,uav_01,1,-5.902333328712184,-12.703689909981513,8.010000000000002,1.2791583717920905,-0.013217840660532647,0.0
11.2,uav_02,1,-6.128818031856522,0.8424785629663025,8.010000000000002,1.1253267620420262,-0.09300246423424019,-0.005665845255253272
11.2,uav_03,1,-6.1695486973341085,14.356968046297759,8.010000000000002,1.0686209590103475,-0.10426714037111973,0.0
11.2,uav_04,1,-6.202597658046807,27.695825331838623,8.010000000000002,1.060337573500202,-0.11322080883326599,0.0
11.2,uav_05,1,-6.183925434501257,41.22291184636536,8.010000000000002,1.0652621051216118,-0.11157929829279603,0.0
11.2,uav_06,1,-6.186446957998782,54.76128168348873,8.010000000000002,1.058736405455194,-0.11031589863620152,0.0
11.3,uav_01,1,-5.771060606371359,-12.697452405896254,8.010000000000002,1.3493879711656425,0.01125370604732644,0.0
11.3,uav_02,1,-6.0216939791124755,0.8370269036126329,8.010000000000002,1.1993435393373604,-0.055410287914149786,-0.005082057582829956
11.3,uav_03,1,-6.065920454781106,14.355391303170633,8.010000000000002,1.1498836862950852,-0.07670543790163828,0.0
11.3,uav_04,1,-6.097630819784167,27.684862086564827,8.010000000000002,1.1438640681010892,-0.07806796594945539,-0.0054830085126361516
11.3,uav_05,1,-6.087082098947375,41.214938119861856,8.010000000000002,1.144163975971546,-0.08291801201422692,-0.0017704969964432698
11.3,uav_06,1,-6.088610400725971,54.75106315917126,8.010000000000002,1.1415416418929392,-0.08281945270235357,0.0
11.4,uav_01,1,-5.636025028554622,-12.692604665602412,8.010000000000002,1.4193645405070316,0.02,0.0
11.4,uav_02,1,-5.919261518755131,0.8352456993867372,8.010000000000002,1.2643266315784687,-0.019574300752084856,0.0
11.4,uav_03,1,-5.96993842061189,14.355391303170633,8.010000000000002,1.2123824562630727,-0.04578145356395838,0.0
11.4,uav_04,1,-5.996625974140355,27.67985489129314,8.010000000000002,1.213843821931203,-0.0430780890343984,-0.0057695222585996
11.4,uav_05,1,-5.9914748767857775,41.214938119861856,8.010000000000002,1.2101803272256155,-0.04989695587107685,-0.009974238967769212
11.4,uav_06,1,-5.992560345620318,54.750021348430565,8.010000000000002,1.2094732637713792,-0.04282921014288803,0.0
11.5,uav_01,1,-5.4881159429498245,-12.686228950119869,8.010000000000002,1.4960122699401879,0.008496932514953046,0.0
11.5,uav_02,1,-5.818497563233323,0.8424785629663025,8.010000000000002,1.3184049220908913,0.0028016406969637608,0.0
11.5,uav_03,1,-5.863705935388637,14.355391303170633,8.010000000000002,1.2737921065519426,-0.01551766862059605,0.0
11.5,uav_04,1,-5.894136252348484,27.67985489129314,8.010000000000002,1.276809842191104,-0.015197187945398831,0.0
11.5,uav_05,1,-5.859213103907978,41.214938119861856,8.010000000000002,1.2834214838351623,-0.00828925808241891,0.0
11.5,uav_06,1,-5.869909099850975,54.750021348430565,8.010000000000002,1.2818687644765563,-0.00777052951004736,0.0
11.6,uav_01,1,-5.32212634067044,-12.681519421617134,8.010000000000002,1.5820294746478407,-0.019511052992940214,0.0
11.6,uav_02,1,-5.704656065133656,0.8424785629663025,8.010000000000002,1.3689708815925972,0.019656960530865696,0.0
11.6,uav_03,1,-5.732908548647412,14.355391303170633,8.010000000000002,1.344158687666494,0.009759625047569699,0.0
11.6,uav_04,1,-5.756551096431462,27.683324085075977,8.010000000000002,1.348777360899469,0.006259120299823007,0.0
11.6,uav_05,1,-5.747085447271733,41.214938119861856,8.010000000000002,1.3370573233027399,0.018528661651369904,0.0
11.6,uav_06,1,-5.751730087712788,54.757594311272214,8.010000000000002,1.3409894229626205,0.013663140987540146,0.0
11.7,uav_01,1,-5.153166977300636,-12.681519421617134,8.010000000000002,1.666080597065637,-0.05804029853281849,0.0
11.7,uav_02,1,-5.563207820801746,0.8427694160544035,8.010000000000002,1.4520990287856832,0.01947524280357918,0.0
11.7,uav_03,1,-5.602276492566087,14.360435614344476,8.010000000000002,1.4118533151000803,0.02,0.0
11.7,uav_04,1,-5.610696219873405,27.69094013527842,8.010000000000002,1.4193228180069466,0.02,0.0
11.7,uav_05,1,-5.6033614111359595,41.21511702207119,8.010000000000002,1.4112911015993463,0.029838612300081686,0.0
11.7,uav_06,1,-5.6106485653549205,54.76110659280967,8.010000000000002,1.416015825976428,0.02,0.0
11.8,uav_01,1,-4.972005524382611,-12.689952215407118,8.010000000000002,1.7508577947490036,-0.10042889737450177,0.0
11.8,uav_02,1,-5.4248410242028875,0.8527049591308548,8.010000000000002,1.5238018635571318,0.001549534110717038,0.0
11.8,uav_03,1,-5.473521958238532,14.366476547549738,8.010000000000002,1.4785749952264373,0.016428125596695323,0.0
11.8,uav_04,1,-5.4554250803803175,27.69581068857056,8.010000000000002,1.5051498126740168,0.011212546831495774,0.0
11.8,uav_05,1,-5.458634613525869,41.22550925031754,8.010000000000002,1.4862897422495476,0.020463782218806542,0.0
11.8,uav_06,1,-5.457295935497692,54.76110659280967,8.010000000000002,1.4931845594560897,0.012402205791987172,0.0
11.9,uav_01,1,-4.7761282461950705,-12.701936138981713,8.010000000000002,1.828925461109593,-0.1436716920626245,0.0
11.9,uav_02,1,-5.257558534563996,0.8535000275766358,8.010000000000002,1.6104602858834,-0.020287678677125026,0.0
11.9,uav_03,1,-5.327814675750852,14.366476547549738,8.010000000000002,1.5540817318223443,0.0009693505666208968,0.0
11.9,uav_04,1,-5.2901587559811345,27.70202537965752,8.010000000000002,1.5910309134174163,-0.015386592531531098,0.0
11.9,uav_05,1,-5.304329774795011,41.22602336424096,8.010000000000002,1.5711781690014162,-0.0005890845007080304,0.0
11.9,uav_06,1,-5.298185069845925,54.77003520871943,8.010000000000002,1.5744360420349972,-0.014163515763123904,0.0
12.0,uav_01,1,-4.625102453385537,-12.711068377199858,8.010000000000002,1.8732805798681953,-0.16331223194727812,0.0
12.0,uav_02,1,-5.12354269525713,0.8444429744007763,8.010000000000002,1.6758232340773538,-0.06113952129834618,0.0
12.0,uav_03,1,-5.182052576243779,14.366476547549738,8.010000000000002,1.6284629408682947,-0.031539338042684134,0.0
12.0,uav_04,1,-5.126466649642502,27.69636251931879,8.010000000000002,1.6708677347657395,-0.05554233422858726,0.0
12.0,uav_05,1,-5.150565337081823,41.22602336424096,8.010000000000002,1.6461730131056729,-0.03808650655283651,0.0
12.0,uav_06,1,-5.155962944176955,54.76460995506965,8.010000000000002,1.651556549173375,-0.04735846629927779,0.0
12.1,uav_01,1,-4.453365877973745,-12.726858796020231,8.010000000000002,1.9172516361863825,-0.1754503272372765,0.005450327237276499
12.1,uav_02,1,-4.948641646519618,0.8424785629663025,8.010000000000002,1.7571754461396996,-0.10358772306984973,0.0
12.1,uav_03,1,-5.028667633547637,14.36473958349166,8.010000000000002,1.7025353235250373,-0.07626766176251874,0.0
12.1,uav_04,1,-4.957967530908431,27.685306414110933,8.010000000000002,1.7506574446171277,-0.10541090288570475,0.0
12.1,uav_05,1,-4.968058904088626,41.2259605243311,8.010000000000002,1.740396815220279,-0.09022675155444512,0.0
12.1,uav_06,1,-4.988530922737849,54.76110659280967,8.010000000000002,1.7332457058133812,-0.09327856613336331,0.0
12.2,uav_01,1,-4.287432315608134,-12.74118204623243,8.010000000000002,1.9552866400145879,-0.17617833999635302,0.01
12.2,uav_02,1,-4.795905712002785,0.8349264287226197,8.010000000000002,1.8176894670950394,-0.13725112405430825,0.0
12.2,uav_03,1,-4.865594820329199,14.354386870489465,8.010000000000002,1.7763426917149683,-0.11362439526569615,0.0
12.2,uav_04,1,-4.7641827068276354,27.673301697717978,8.010000000000002,1.8313814557959602,-0.14773490962684005,0.0
12.2,uav_05,1,-4.806687222812544,41.21566058827628,8.010000000000002,1.805437828226413,-0.1273930447008074,0.0
12.2,uav_06,1,-4.813120797443662,54.75401198762391,8.010000000000002,1.8048003080508734,-0.13560017602907054,0.0
12.3,uav_01,1,-4.138953891036785,-12.749631318176496,8.010000000000002,1.9843312472179617,-0.16711250185469212,0.01
12.3,uav_02,1,-4.6351746322207825,0.8252073307657499,8.010000000000002,1.867901901977363,-0.16116076079094527,0.0
12.3,uav_03,1,-4.681806461892549,14.34327354320306,8.010000000000002,1.8446571622141954,-0.15279429732851715,0.0
12.3,uav_04,1,-4.579385258190671,27.66245946735932,8.010000000000002,1.8884620678575579,-0.17138482714302314,0.0
12.3,uav_05,1,-4.614703100861321,41.204013654302834,8.010000000000002,1.8691297684673942,-0.16941984564492946,0.0
12.3,uav_06,1,-4.643079861764367,54.74372994062324,8.010000000000002,1.858377398890251,-0.1613509595561004,0.0
12.4,uav_01,1,-3.948720698973821,-12.760038824814162,8.010000000000002,2.013329448384616,-0.14750291371153793,0.01
12.4,uav_02,1,-4.469202481783671,0.8105482319677387,8.010000000000002,1.9120108874022155,-0.1744021774804431,0.004402177480443099
12.4,uav_03,1,-4.5483987575699105,14.335206637031437,8.010000000000002,1.8810429475985175,-0.17462576855911055,0.0
12.4,uav_04,1,-4.400585564839787,27.652188378815236,8.010000000000002,1.9298318547683444,-0.18,0.004957963692086134
12.4,uav_05,1,-4.452590110457767,41.185533302316614,8.010000000000002,1.9113152224367795,-0.17826304448735592,0.008263044487355927
12.4,uav_06,1,-4.469737326768056,54.728129185339114,8.010000000000002,1.904372306862574,-0.1748744613725148,0.004874461372514796
12.5,uav_01,1,-3.759332247202022,-12.770391082964206,8.010000000000002,2.0505134054493364,-0.11931545940088473,0.01
12.5,uav_02,1,-4.299390102048156,0.7947571169472203,8.010000000000002,1.9521980856748988,-0.1769504785812753,0.01
12.5,uav_03,1,-4.378627512801211,14.325354893475238,8.010000000000002,1.9254792418732751,-0.18,0.007095848374655031
12.5,uav_04,1,-4.224674008266896,27.63799732953565,8.010000000000002,1.9655194215297844,-0.17612014461755388,0.01
12.5,uav_05,1,-4.252733881802428,41.172127170336,8.010000000000002,1.9544790478426501,-0.18,0.01
12.5,uav_06,1,-4.299414929315076,54.712663287357614,8.010000000000002,1.9448028436177345,-0.17629928909556639,0.01
12.6,uav_01,1,-3.5837555107602985,-12.77956012576434,8.010000000000002,2.075327588573935,-0.08622988190142006,0.01
12.6,uav_02,1,-4.10941402700514,0.7842292437230759,8.010000000000002,1.987640151282575,-0.16235984871742498,0.01
12.6,uav_03,1,-4.1876263518204135,14.30736857084876,8.010000000000002,1.959981967923773,-0.17333934402540893,0.01
12.6,uav_04,1,-4.043313793044668,27.621290926337306,8.010000000000002,1.9984916762995086,-0.16150832370049129,0.01
12.6,uav_05,1,-4.061841177433964,41.161610723887264,8.010000000000002,1.992426598328123,-0.1637867008359385,0.01
12.6,uav_06,1,-4.122344628619535,54.70264339219991,8.010000000000002,1.9809586379804693,-0.16452068100976525,0.01
12.7,uav_01,1,-3.3938576199591073,-12.781286619847595,8.010000000000002,2.1021657741605533,-0.05783422583944668,0.01
12.7,uav_02,1,-3.8929889817932093,0.7721758990031314,8.010000000000002,2.023680162011914,-0.12973987849106458,0.01
12.7,uav_03,1,-3.9815544420674223,14.292392795889459,8.010000000000002,1.997323840284746,-0.14950711978644035,0.01
12.7,uav_04,1,-3.828717617235563,27.61334342580616,8.010000000000002,2.0336862498148687,-0.12973531263884855,0.01
12.7,uav_05,1,-3.847287790114427,41.14987267847685,8.010000000000002,2.026086624563655,-0.1339133754363448,0.01
12.7,uav_06,1,-3.905622914185432,54.69078671925994,8.010000000000002,2.0203066958179217,-0.1396933041820783,0.01
12.8,uav_01,1,-3.1687026847170694,-12.781286619847595,8.010000000000002,2.132943916964346,-0.027056083035654398,0.0023520276785514663
12.8,uav_02,1,-3.677705737006218,0.7648818531002218,8.010000000000002,2.061194865530735,-0.09880513446926487,0.01
12.8,uav_03,1,-3.7859705744024224,14.288879837683655,8.010000000000002,2.02945093774266,-0.12054906225733975,0.01
12.8,uav_04,1,-3.6089504083362463,27.608827537359065,8.010000000000002,2.0722213501822546,-0.0937048664236603,0.01
12.8,uav_05,1,-3.623421405337945,41.1381161048152,8.010000000000002,2.057903443190968,-0.09279540907870953,0.01
12.8,uav_06,1,-3.688547840142922,54.68350988294359,8.010000000000002,2.051880970925727,-0.10415870543236405,0.01
12.9,uav_01,1,-2.9633619366092416,-12.781286619847595,8.010000000000002,2.154429269149558,-0.005570730850442216,0.0
12.9,uav_02,1,-3.485473617018744,0.7616239165991294,8.010000000000002,2.0888169547880566,-0.07118304521194352,0.01
12.9,uav_03,1,-3.593087246534003,14.282527786970642,8.010000000000002,2.0571905566420914,-0.08707925781054486,0.01
12.9,uav_04,1,-3.375667786249687,27.602258181427057,8.010000000000002,2.105191080805786,-0.05480891919421397,0.01
12.9,uav_05,1,-3.4044197572675445,41.13734140999577,8.010000000000002,2.0902089869030007,-0.059791013096999274,0.01
12.9,uav_06,1,-3.4683278067843637,54.678704587967445,8.010000000000002,2.0830045716157204,-0.06699542838427944,0.01
13.0,uav_01,1,-2.7589727555745256,-12.781286619847595,8.010000000000002,2.179637522277474,0.006545840759158071,0.0
13.0,uav_02,1,-3.2791157688230186,0.7537966091149438,8.010000000000002,2.1170185531589043,-0.04298144684109549,0.01
13.0,uav_03,1,-3.3982871966350867,14.27779459330455,8.010000000000002,2.0847215621280077,-0.05527843787199217,0.01
13.0,uav_04,1,-3.1404003411031742,27.602258181427057,8.010000000000002,2.131759685847885,-0.022360471228173102,0.01
13.0,uav_05,1,-3.165774536563579,41.13734140999577,8.010000000000002,2.1225824743559847,-0.02827835042934352,0.00913917521467176
13.0,uav_06,1,-3.2549211775698708,54.67242463895831,8.010000000000002,2.1131652368875082,-0.03683476311249185,0.01
13.1,uav_01,1,-2.5622310024621724,-12.775537960296404,8.010000000000002,2.2003717326467362,0.015185866323368248,0.0
13.1,uav_02,1,-3.0750975912315837,0.7537966091149438,8.010000000000002,2.1437319350300443,-0.016268064969955993,0.008134032484977996
13.1,uav_03,1,-3.1833080505305826,14.27779459330455,8.010000000000002,2.1151044704232067,-0.02993035305119559,0.004965176525597795
13.1,uav_04,1,-2.896559801993324,27.602258181427057,8.010000000000002,2.1606030626031303,-0.0031323124656232153,0.0031323124656232153
13.1,uav_05,1,-2.9460474503961604,41.13734140999577,8.010000000000002,2.1523188682462098,-0.0088405658768951,0.0
13.1,uav_06,1,-3.022420128164283,54.67242463895831,8.010000000000002,2.1453277903837424,-0.009781473077505138,0.004890736538752569
13.2,uav_01,1,-2.3524322822055974,-12.77020137546849,8.010000000000002,2.2188608440429367,0.02,0.0
13.2,uav_02,1,-2.8341028659090433,0.7568179757489799,8.010000000000002,2.168176725667154,0.0027255752223845557,0.0
13.2,uav_03,1,-2.944107362609301,14.27779459330455,8.010000000000002,2.148088398797007,-0.007941067468662195,0.0
13.2,uav_04,1,-2.6551525290223794,27.602258181427057,8.010000000000002,2.1854917706589756,0.007745885329487747,0.0
13.2,uav_05,1,-2.7278167063835994,41.13734140999577,8.010000000000002,2.1729797812437845,0.0009932604145948514,0.0
13.2,uav_06,1,-2.781087879902779,54.67242463895831,8.010000000000002,2.1719681610241914,0.0059840805120956785,0.0
13.3,uav_01,1,-2.1087072213176317,-12.77020137546849,8.010000000000002,2.235187518722577,0.02,0.0
13.3,uav_02,1,-2.5963525223838055,0.7648818531002218,8.010000000000002,2.196877971852144,0.01343898592607203,0.0
13.3,uav_03,1,-2.7037422178679673,14.27779459330455,8.010000000000002,2.173721408145982,0.006860704072990855,0.0
13.3,uav_04,1,-2.417737469320366,27.611618769714394,8.010000000000002,2.2068883751538793,0.018444187576939684,0.0
13.3,uav_05,1,-2.487077018817609,41.13929756954425,8.010000000000002,2.203529303426388,0.011764651713193987,0.0
13.3,uav_06,1,-2.5415980333851205,54.67993586280584,8.010000000000002,2.193551751964152,0.01677587598207595,0.0
13.4,uav_01,1,-1.8575913944064881,-12.763515074495846,8.010000000000002,2.252063425476207,0.02,0.0
13.4,uav_02,1,-2.351565511278763,0.7648818531002218,8.010000000000002,2.21856650350505,0.02,0.0
13.4,uav_03,1,-2.4632919812597187,14.286325549325717,8.010000000000002,2.195391552462743,0.017695776231371405,0.0
13.4,uav_04,1,-2.1694443908502645,27.61334342580616,8.010000000000002,2.2284626189483654,0.02,0.0
13.4,uav_05,1,-2.2351105294973825,41.14842665437488,8.010000000000002,2.2252911615807642,0.02,0.0
13.4,uav_06,1,-2.295770499245105,54.68350988294359,8.010000000000002,2.2150520774234197,0.02,0.0
13.5,uav_01,1,-1.610109225620343,-12.759116131089385,8.010000000000002,2.2667189907713676,0.02,0.0
13.5,uav_02,1,-2.1018773993328725,0.7704974065613976,8.010000000000002,2.2401315826140213,0.02,0.0
13.5,uav_03,1,-2.2156485768827987,14.288879837683655,8.010000000000002,2.2254580791569323,0.02,0.0
13.5,uav_04,1,-1.9179164317053523,27.613446852296498,8.010000000000002,2.250093301050004,0.02,0.0
13.5,uav_05,1,-1.9843170386649696,41.14842665437488,8.010000000000002,2.243475855062687,0.02,0.0
13.5,uav_06,1,-2.04478569687715,54.692782218286666,8.010000000000002,2.2367291491751873,0.02,0.0
13.6,uav_01,1,-1.3652748386159197,-12.759116131089385,8.010000000000002,2.27,0.012708073090024866,0.0
13.6,uav_02,1,-1.8602199526871186,0.7759670974793268,8.010000000000002,2.255740731480611,0.02,0.0
13.6,uav_03,1,-1.9710221310279539,14.288879837683655,8.010000000000002,2.2390499827868795,0.02,0.0
13.6,uav_04,1,-1.6734828996461026,27.624428669791442,8.010000000000002,2.26064892665561,0.019351073344389853,0.0
13.6,uav_05,1,-1.7400093670295367,41.15288962420826,8.010000000000002,2.2540260455076537,0.02,0.0
13.6,uav_06,1,-1.8030179114199654,54.6945951273227,8.010000000000002,2.257610165010313,0.02,0.0
13.7,uav_01,1,-1.1046878272794878,-12.750022550815403,8.010000000000002,2.27,0.0017966800856534081,0.0
13.7,uav_02,1,-1.608841850763017,0.7831755794866329,8.010000000000002,2.2665027722987268,0.013497227701273163,0.0
13.7,uav_03,1,-1.7188312280159954,14.299899238983775,8.010000000000002,2.249940602952236,0.02,0.0
13.7,uav_04,1,-1.421038602323041,27.6261474251922,8.010000000000002,2.27,0.01,0.0
13.7,uav_05,1,-1.4895540107244767,41.15951189875398,8.010000000000002,2.264841717767522,0.015158282232477968,0.0
13.7,uav_06,1,-1.549054963246082,54.6945951273227,8.010000000000002,2.26,0.010227773273527436,0.0
13.8,uav_01,1,-0.8547508794001557,-12.748030887104107,8.010000000000002,2.252156512915841,0.0,0.0
13.8,uav_02,1,-1.357425030905901,0.7870523418584318,8.010000000000002,2.27,0.01,0.0
13.8,uav_03,1,-1.4829312552853393,14.29996508206276,8.010000000000002,2.26,0.019872284946000598,0.0
13.8,uav_04,1,-1.1731138793917024,27.63551391417055,8.010000000000002,2.2677431212849766,0.0077431212849764855,0.0
13.8,uav_05,1,-1.2397189574005485,41.16575355938415,8.010000000000002,2.26436939715674,0.01,0.0
13.8,uav_06,1,-1.301043079832865,54.705680371701796,8.010000000000002,2.269517620026564,0.00951762002656392,0.0
13.9,uav_01,1,-0.637736208638131,-12.748030887104107,8.018293312148847,2.233413375702306,0.0,0.0
13.9,uav_02,1,-1.1114138456058136,0.7870523418584318,8.010000000000002,2.27,0.0021619983458155446,0.0
13.9,uav_03,1,-1.2250846587776871,14.301364672678563,8.010000000000002,2.26,0.01,0.0
13.9,uav_04,1,-0.9356307166518656,27.63551391417055,8.012512359345683,2.2574876406543183,0.0,0.0
13.9,uav_05,1,-1.0124616650917204,41.170597142739254,8.010000000000002,2.2545555108476623,0.01,0.0
13.9,uav_06,1,-1.0620428372053174,54.705680371701796,8.010000000000002,2.2591966257686487,0.0,0.0
14.0,uav_01,1,-0.39678513934522486,-12.738388330780577,8.02,2.203904347093045,0.0,0.0
14.0,uav_02,1,-0.8683150321485458,0.7962929887495305,8.010000000000002,2.2533280225435344,0.0,0.0
14.0,uav_03,1,-0.980253592475431,14.311050326048038,8.010000000000002,2.2563292727826316,0.00816463639131584,0.0
14.0,uav_04,1,-0.7178302389446716,27.63551391417055,8.02,2.24424641320455,0.0,0.0
14.0,uav_05,1,-0.7809380456093293,41.170597142739254,8.010000000000002,2.244557387327038,0.004557387327037647,0.0
14.0,uav_06,1,-0.8016320045364368,54.70795169840567,8.010000000000002,2.2459020717868,0.0,0.0
14.1,uav_01,1,-0.18584746829969756,-12.736945642725003,8.011852845006539,2.1674113800261523,0.0,0.0
14.1,uav_02,1,-0.606521387395073,0.7981375858437098,8.010000000000002,2.2307174119888837,0.0,0.0
14.1,uav_03,1,-0.7230765962891937,14.311050326048038,8.010000000000002,2.234117393232012,0.0,0.0
14.1,uav_04,1,-0.4838573358974725,27.63775507980138,8.01797824427303,2.213934732819091,0.0,0.0
14.1,uav_05,1,-0.5305913962427679,41.170597142739254,8.010000000000002,2.221239228413421,0.0,0.0
14.1,uav_06,1,-0.562338832216574,54.71676561568707,8.010000000000002,2.222852175250349,0.0,0.0
14.2,uav_01,1,0.0024503127809716585,-12.736945642725003,8.010000000000002,2.1334713833947645,0.0,0.0
14.2,uav_02,1,-0.389688653762439,0.7981375858437098,8.010000000000002,2.2029849824997783,0.0,0.0
14.2,uav_03,1,-0.4714688563340975,14.31527019060727,8.010000000000002,2.2085797793492414,0.0,0.0
14.2,uav_04,1,-0.28977473117855673,27.64659915854965,8.010000000000002,2.188317807668135,0.0,0.0
14.2,uav_05,1,-0.2797311525732279,41.17845297548159,8.010000000000002,2.188739757626431,0.0,0.0
14.2,uav_06,1,-0.3369200132689166,54.71676561568707,8.010000000000002,2.1936486944035485,0.0,0.0
14.3,uav_01,1,0.2202188697840083,-12.736945642725003,8.010000000000002,2.0813290785326672,0.0,0.0
14.3,uav_02,1,-0.1571436881304063,0.7981375858437098,8.010000000000002,2.171678220318249,0.0,0.0
14.3,uav_03,1,-0.23866922858593903,14.322135570427145,8.010000000000002,2.1779166252502633,0.0,0.0
14.3,uav_04,1,-0.08165445243141403,27.64659915854965,8.010000000000002,2.15080487743099,0.0,0.0
14.3,uav_05,1,-0.06112716768597801,41.181682387118364,8.010000000000002,2.145946352620505,0.0,0.0
14.3,uav_06,1,-0.09985152781373807,54.71676561568707,8.010000000000002,2.157714738855374,0.0,0.0
14.4,uav_01,1,0.4445434495669521,-12.729350623254076,8.010000000000002,2.0188911933132947,0.0,0.0
14.4,uav_02,1,0.08279033659401494,0.8092228302228147,8.010000000000002,2.118485575313163,0.0,0.0
14.4,uav_03,1,-0.024749367011034765,14.322135570427145,8.010000000000002,2.1416631867220453,0.0,0.0
14.4,uav_04,1,0.14335147014148775,27.64659915854965,8.010000000000002,2.1003104631246985,0.0,0.0
14.4,uav_05,1,0.15701906657160475,41.181682387118364,8.010000000000002,2.095287001057683,0.0,0.0
14.4,uav_06,1,0.11037907416871537,54.719002755293545,8.010000000000002,2.1099093807499227,0.0,0.0
14.5,uav_01,1,0.6450540051765974,-12.725860398345896,8.010000000000002,1.9472210302159851,0.0,0.0
14.5,uav_02,1,0.31839002509048736,0.8092228302228147,8.010000000000002,2.0545496095727085,0.0,0.0
14.5,uav_03,1,0.21092154269489433,14.326887893066557,8.010000000000002,2.0842775757923575,0.0,0.0
14.5,uav_04,1,0.3813260914046681,27.65768440253493,8.010000000000002,2.0449290799965447,0.0,0.0
14.5,uav_05,1,0.3643955487074365,41.18879938688246,8.010000000000002,2.041478523049025,0.0,0.0
14.5,uav_06,1,0.337749457042808,54.727850860066184,8.010000000000002,2.0508934346672354,0.0,0.0
14.6,uav_01,1,0.8443769682496198,-12.725860398345896,8.010000000000002,1.8591930931322194,0.00675632298530897,0.0
14.6,uav_02,1,0.5490540326985999,0.8092228302228147,8.010000000000002,1.9851242615724054,0.0,0.0
14.6,uav_03,1,0.4434518576324432,14.33322081480625,8.010000000000002,2.018685443741247,0.0,0.0
14.6,uav_04,1,0.5479915424836165,27.65768440253493,8.010000000000002,1.9873507899744987,0.0,0.0
14.6,uav_05,1,0.5826187863248843,41.19276763149747,8.010000000000002,1.9720547042561656,0.00684932796340491,0.0
14.6,uav_06,1,0.5635815995875203,54.727850860066184,8.010000000000002,1.9752981907783775,0.0,0.0
14.7,uav_01,1,1.032689602295831,-12.718638537407932,8.010000000000002,1.771366425016905,0.01,0.0
14.7,uav_02,1,0.7681696236956103,0.8121864908172945,8.010000000000002,1.8959383334835673,0.0026735185018258484,0.0
14.7,uav_03,1,0.6511535516966401,14.33322081480625,8.010000000000002,1.9482303752632832,0.005221203092089596,0.0
14.7,uav_04,1,0.7569246309737636,27.65768440253493,8.010000000000002,1.9059088037703553,0.009261399528705569,0.0
14.7,uav_05,1,0.7783608009196583,41.19276763149747,8.010000000000002,1.8914116304500677,0.01,0.0
14.7,uav_06,1,0.7790251055105988,54.73246415302315,8.010000000000002,1.8925451318953042,0.00416165201163288,0.0
14.8,uav_01,1,1.213885087263835,-12.714775154360618,8.010000000000002,1.6612727501697722,0.01,0.0
14.8,uav_02,1,0.9798677326537812,0.8203080746019196,8.010000000000002,1.7954992837224337,0.01,0.0
14.8,uav_03,1,0.851921544563994,14.338926710507097,8.010000000000002,1.8585271076719225,0.01,0.0
14.8,uav_04,1,0.9448580345652108,27.667147333177176,8.010000000000002,1.8231714043753795,0.01,0.0
14.8,uav_05,1,0.9782357227134524,41.20018698080254,8.010000000000002,1.7930700405428386,0.01,0.0
14.8,uav_06,1,0.9886975872166497,54.73893610444528,8.010000000000002,1.7926486145626854,0.01,0.0
14.9,uav_01,1,1.3744197559924398,-12.707962834819487,8.010000000000002,1.5462552707925348,0.01,0.0
14.9,uav_02,1,1.1722056059906547,0.8203080746019196,8.010000000000002,1.6842317128761508,0.01,0.0
14.9,uav_03,1,1.0364631246286207,14.344306058791528,8.010000000000002,1.7604169603943087,0.01,0.0
14.9,uav_04,1,1.1204459114224536,27.668769646914033,8.010000000000002,1.7224348212332348,0.01,0.0
14.9,uav_05,1,1.1555364251282743,41.203852875482745,8.010000000000002,1.6881227354916746,0.01,0.0
14.9,uav_06,1,1.1761807727247306,54.73893610444528,8.010000000000002,1.6806576730388918,0.01,0.0
15.0,uav_01,1,1.5382380439115801,-12.703689909981513,8.010000000000002,1.4152922257709566,0.01,0.0
15.0,uav_02,1,1.3549354768560733,0.8254983007181825,8.010000000000002,1.5638147563753473,0.01,0.0
15.0,uav_03,1,1.2123837974045906,14.344306058791528,8.010000000000002,1.6571175531835602,0.01,0.0
15.0,uav_04,1,1.2816030228519408,27.668769646914033,8.010000000000002,1.6144834137861752,0.01,0.0
15.0,uav_05,1,1.3311626424437784,41.211220824866174,8.010000000000002,1.5768870938285542,0.01,0.0
15.0,uav_06,1,1.3448329259598033,54.74440096097044,8.010000000000002,1.5657716746184775,0.01,0.0
15.1,uav_01,1,1.6611871579814672,-12.703689909981513,8.010000000000002,1.3078753857610965,0.01,0.0
15.1,uav_02,1,1.5113390127868966,0.8313933185871976,8.010000000000002,1.446068594271398,0.01,0.0
15.1,uav_03,1,1.372201867083488,14.349012269437882,8.010000000000002,1.5490543231841625,0.014245473067986457,0.0
15.1,uav_04,1,1.4389509220147256,27.67603066993502,8.010000000000002,1.5013979653745182,0.01,0.0
15.1,uav_05,1,1.4770695259164364,41.214938119861856,8.010000000000002,1.4661765396457718,0.01,0.0
15.1,uav_06,1,1.4937997436975377,54.750021348430565,8.010000000000002,1.4545882137250683,0.01,0.0
15.2,uav_01,1,1.7673434772201735,-12.700986437352242,8.010000000000002,1.2058567592058116,0.01,0.0
15.2,uav_02,1,1.6468004926969035,0.8350967139443668,8.010000000000002,1.3232283337856778,0.01,0.0
15.2,uav_03,1,1.5084093201791706,14.355391303170633,8.010000000000002,1.4420768596863789,0.01729120426331278,0.0
15.2,uav_04,1,1.5659640046273233,27.67985489129314,8.010000000000002,1.3967408101862282,0.01,0.0
15.2,uav_05,1,1.6176693142872067,41.214938119861856,8.010000000000002,1.3385256846382105,0.01,0.0
15.2,uav_06,1,1.6219235221085708,54.750021348430565,8.010000000000002,1.3417438282736827,0.01,0.0
15.3,uav_01,1,1.8922284029916623,-12.692604665602412,8.010000000000002,1.0662679574432288,0.01,0.0
15.3,uav_02,1,1.7899071765647727,0.8424785629663025,8.010000000000002,1.1706724860525561,0.01,0.0
15.3,uav_03,1,1.6463707102772709,14.355391303170633,8.010000000000002,1.315554212864234,0.01,0.0
15.3,uav_04,1,1.6905469488215084,27.683981074617815,8.010000000000002,1.2778887730191941,0.01,0.0
15.3,uav_05,1,1.7474116630188528,41.21977182255225,8.010000000000002,1.2133137125118203,0.01,0.0
15.3,uav_06,1,1.7517037014419161,54.75219534490619,8.010000000000002,1.2145048884656022,0.01,0.0
15.4,uav_01,1,2.014585278014246,-12.692604665602412,8.010000000000002,0.9251500130978771,0.00655000100752901,0.0
15.4,uav_02,1,1.9204555079577548,0.8424785629663025,8.010000000000002,1.0245749917298348,0.004967307056141144,0.0
15.4,uav_03,1,1.775556916078842,14.35711522783266,8.010000000000002,1.1882278635968875,0.008444847399777685,0.0
15.4,uav_04,1,1.8357721740660031,27.69094013527842,8.010000000000002,1.122557597940805,0.01,0.0
15.4,uav_05,1,1.8559655319073718,41.22602336424096,8.010000000000002,1.1036500257367683,0.0072038481335975684,0.0
15.4,uav_06,1,1.8720686614884603,54.76110659280967,8.010000000000002,1.0863827274386941,0.00831305195990672,0.0
15.5,uav_01,1,2.1190824789414684,-12.692604665602412,8.010000000000002,0.7956912153881506,0.0,0.0
15.5,uav_02,1,2.0373778484403537,0.8424785629663025,8.010000000000002,0.8928299001017443,0.0,0.0
15.5,uav_03,1,1.9063687548918788,14.366476547549738,8.010000000000002,1.042058049990783,0.0,0.0
15.5,uav_04,1,1.9652388315022493,27.69094013527842,8.010000000000002,0.9831934956831521,0.004432791306929334,0.0
15.5,uav_05,1,1.9591634890382306,41.22602336424096,8.010000000000002,0.9863347110905936,0.0,0.0
15.5,uav_06,1,1.9918898064338413,54.76110659280967,8.010000000000002,0.9433512490288088,0.0,0.0
15.6,uav_01,1,2.206541080422379,-12.687492122780785,8.010000000000002,0.6746556936942496,0.0,0.0
15.6,uav_02,1,2.1281195967252544,0.8475355253830967,8.010000000000002,0.7806954784485929,0.0,0.0
15.6,uav_03,1,2.024224137874655,14.366476547549738,8.010000000000002,0.9064721612844199,0.0,0.0
15.6,uav_04,1,2.0681343823558684,27.69094013527842,8.010000000000002,0.8605160659122286,0.0,0.0
15.6,uav_05,1,2.0494693080453095,41.22602336424096,8.010000000000002,0.8783410956758642,0.0,0.0
15.6,uav_06,1,2.098855753985553,54.76422146324622,8.010000000000002,0.8162809010245379,0.0,0.0
15.7,uav_01,1,2.2789811512969327,-12.681519421617134,8.010000000000002,0.5414836225070676,0.0,0.0
15.7,uav_02,1,2.203290349269133,0.8535638073454076,8.010000000000002,0.6663068287361121,0.0,0.0
15.7,uav_03,1,2.1186591301740365,14.36965602656683,8.010000000000002,0.7712404568069506,0.0,0.0
15.7,uav_04,1,2.1591301553098408,27.69682254805735,8.010000000000002,0.7257086482817597,0.0,0.0
15.7,uav_05,1,2.1533315305639604,41.23710860822624,8.010000000000002,0.7235649000707981,0.0,0.0
15.7,uav_06,1,2.187204971614926,54.77219183718878,8.010000000000002,0.676288128200997,0.0,0.0
15.8,uav_01,1,2.334066815881172,-12.681519421617134,8.010000000000002,0.39517554335336424,0.0,0.0
15.8,uav_02,1,2.2696398827842863,0.8535638073454076,8.010000000000002,0.5168368914481917,0.0,0.0
15.8,uav_03,1,2.198644842918609,14.377561791535015,8.010000000000002,0.5965359671773702,0.0,0.0
15.8,uav_04,1,2.230315663809605,27.70202537965752,8.010000000000002,0.5789059333427425,0.0,0.0
15.8,uav_05,1,2.21581490473296,41.23710860822624,8.010000000000002,0.5778575597431461,0.0,0.0
15.8,uav_06,1,2.2604043060319943,54.77219183718878,8.010000000000002,0.49805030900243774,0.0,0.0
15.9,uav_01,1,2.3715536846802983,-12.681519421617134,8.010000000000002,0.2398524364252104,0.0,0.0
15.9,uav_02,1,2.318911379008366,0.8535638073454076,8.010000000000002,0.3592370655805635,0.0,0.0
15.9,uav_03,1,2.260762084709276,14.377561791535015,8.010000000000002,0.39763294707584723,0.0,0.0
15.9,uav_04,1,2.28156101780085,27.70202537965752,8.010000000000002,0.42140749485291146,0.0,0.0
15.9,uav_05,1,2.2641775528320407,41.23710860822624,8.010000000000002,0.41456129743032777,0.0,0.0
15.9,uav_06,1,2.306673196050854,54.77219183718878,8.010000000000002,0.3266259528309242,0.0,0.0
16.0,uav_01,1,2.3936622526823506,-12.68059743245944,8.010000000000002,0.08669237590204389,0.0,0.0
16.0,uav_02,1,2.35552449553101,0.8535638073454076,8.010000000000002,0.2069488459704097,0.0,0.0
16.0,uav_03,1,2.2985436481452317,14.377561791535015,8.010000000000002,0.23575500582430317,0.0,0.0
16.0,uav_04,1,2.3227876218606323,27.70202537965752,8.010000000000002,0.23082619739113203,0.0,0.0
16.0,uav_05,1,2.3029219162586894,41.23710860822624,8.010000000000002,0.23606540158727196,0.0,0.0
16.0,uav_06,1,2.337192351456626,54.77219183718878,8.010000000000002,0.16616775643818157,0.0,0.0
16.1,uav_01,1,2.4025083782146432,-12.670434177238027,8.010000000000002,-0.08095792079052025,0.0,0.0
16.1,uav_02,1,2.3716094296195775,0.8535638073454076,8.010000000000002,0.04024189179235002,0.0,0.0
16.1,uav_03,1,2.3253193544830406,14.377561791535015,8.010000000000002,0.03525772940025915,0.0,0.0
16.1,uav_04,1,2.346247366342606,27.70202537965752,8.010000000000002,0.04957743403919725,0.0,0.0
16.1,uav_05,1,2.32705136568415,41.23710860822624,8.010000000000002,0.06974176761037273,0.0,0.0
16.1,uav_06,1,2.3639138656632657,54.77219183718878,8.010000000000002,-0.0040247932950754906,0.0,0.0
16.2,uav_01,1,2.4025083782146432,-12.670434177238027,8.010000000000002,-0.21327554483724162,0.0,0.0
16.2,uav_02,1,2.3735624944866864,0.8624571425751361,8.010000000000002,-0.13243089785777587,0.0,0.0
16.2,uav_03,1,2.3253193544830406,14.377561791535015,8.010000000000002,-0.1136709767745839,0.0,0.0
16.2,uav_04,1,2.3532715533143733,27.70202537965752,8.010000000000002,-0.11956756349984321,0.0,0.0
16.2,uav_05,1,2.3349679819353084,41.24163006858877,8.010000000000002,-0.07749738657101601,0.0,0.0
16.2,uav_06,1,2.3639138656632657,54.77219183718878,8.010000000000002,-0.1487702905049821,0.0,0.0
16.3,uav_01,1,2.3881768293759307,-12.670434177238027,8.010000000000002,-0.3514009315674167,0.0,0.0
16.3,uav_02,1,2.366331170892844,0.8646490513306855,8.010000000000002,-0.3049039610407717,0.0,0.0
16.3,uav_03,1,2.3153235495235336,14.38864703591412,8.010000000000002,-0.2925187341846737,0.0,0.0
16.3,uav_04,1,2.3433479787790725,27.702511220580107,8.010000000000002,-0.29613587998929103,0.0,0.0
16.3,uav_05,1,2.3314734166072495,41.24819385260534,8.010000000000002,-0.21897460885119976,0.0,0.0
16.3,uav_06,1,2.3497137392026928,54.780349052669216,8.010000000000002,-0.30509662696790546,0.0,0.0
16.4,uav_01,1,2.360412503532072,-12.670434177238027,8.010000000000002,-0.4608866137998311,0.0,0.0
16.4,uav_02,1,2.347113287204039,0.8646490513306855,8.010000000000002,-0.42545374051198775,0.0,0.0
16.4,uav_03,1,2.301214139785905,14.38864703591412,8.010000000000002,-0.3948813361550183,0.0,0.0
16.4,uav_04,1,2.3167167471737247,27.712710035004022,8.010000000000002,-0.4249408003426629,0.0,0.0
16.4,uav_05,1,2.312475424815687,41.24819385260534,8.010000000000002,-0.3632466538204716,0.0,0.0
16.4,uav_06,1,2.3273997929900347,54.783277081174056,8.010000000000002,-0.4273231256279371,0.0,0.0
16.5,uav_01,1,2.324764108952224,-12.670434177238027,8.010000000000002,-0.5388056516813247,0.008230186194664207,0.0
16.5,uav_02,1,2.316422596200471,0.8646490513306855,8.010000000000002,-0.510753198458369,0.0076882996145922365,0.0
16.5,uav_03,1,2.2753323392353733,14.38864703591412,8.010000000000002,-0.4790666070241733,0.010903690449816287,0.0
16.5,uav_04,1,2.285231077772865,27.713110624036624,8.010000000000002,-0.5088704065834915,0.015774081316698288,0.0
16.5,uav_05,1,2.2850813635219236,41.24819385260534,8.010000000000002,-0.47298082502087774,0.0008516642916793622,0.0
16.5,uav_06,1,2.2998588907010693,54.783277081174056,8.010000000000002,-0.508678390093605,0.008193825741030017,0.0
16.6,uav_01,1,2.281315557428378,-12.666974190308201,8.010000000000002,-0.5862425090715135,0.032485018143027206,0.0
16.6,uav_02,1,2.276572451194622,0.866981854136302,8.010000000000002,-0.566313264892961,0.028417686523947938,0.0
16.6,uav_03,1,2.2377473366104836,14.393249875212181,8.010000000000002,-0.5407611088247031,0.032456665294821815,0.0
16.6,uav_04,1,2.2429827942149134,27.713110624036624,8.010000000000002,-0.5653349929771408,0.04120099578628453,0.0
16.6,uav_05,1,2.2533631659050313,41.24819385260534,8.010000000000002,-0.530509050833467,0.01728830023813341,0.0
16.6,uav_06,1,2.2664196210836343,54.78572573899425,8.010000000000002,-0.5588357378022698,0.028835737802269792,0.0
16.7,uav_01,1,2.2291760263748848,-12.654993638544127,8.010000000000002,-0.6,0.07964455775885185,0.0
16.7,uav_02,1,2.2358672543964455,0.8763350399772992,8.010000000000002,-0.59,0.06270965730192224,0.0
16.7,uav_03,1,2.196792708587482,14.399732280293225,8.010000000000002,-0.5733017931229507,0.0632071724918031,0.0
16.7,uav_04,1,2.1938021003255797,27.72115999404924,8.010000000000002,-0.5872613377056055,0.08630668852802789,0.0
16.7,uav_05,1,2.204601103525049,41.2581959400773,8.010000000000002,-0.5760915362075903,0.05609153620759037,0.0
16.7,uav_06,1,2.225503787984951,54.79512732454175,8.010000000000002,-0.59,0.06345052829886494,0.0
16.8,uav_01,1,2.173545908492724,-12.643219801829098,8.010000000000002,-0.5908998180427039,0.13730054587188842,0.0
16.8,uav_02,1,2.184975624659592,0.8880288507526473,8.010000000000002,-0.5889090806974047,0.1176364351181668,0.0010909193025952554
16.8,uav_03,1,2.158729431565122,14.40440899371488,8.010000000000002,-0.5778905681531274,0.10476602292810751,0.002109431846872502
16.8,uav_04,1,2.1421520463613297,27.741860280740184,8.010000000000002,-0.5820324658103276,0.1478052051380341,0.0
16.8,uav_05,1,2.1534776284066393,41.269943023639364,8.010000000000002,-0.58,0.10809964791521834,0.0
16.8,uav_06,1,2.1757661156213777,54.80637124519822,8.010000000000002,-0.588333504851706,0.1149994854448819,0.0008332475741469808
16.9,uav_01,1,2.116506610415656,-12.625464874464638,8.010000000000002,-0.5641497807751681,0.2122672512662184,0.0
16.9,uav_02,1,2.141269810858663,0.8984049738950225,8.010000000000002,-0.5795487787100885,0.18105284967646024,0.009849592903362821
16.9,uav_03,1,2.112270201096434,14.422260918098662,8.010000000000002,-0.5696769133497022,0.1611308032760421,0.00983845667485113
16.9,uav_04,1,2.0917290208523727,27.765032551535995,8.010000000000002,-0.5631612236509227,0.21893571722177063,0.0
16.9,uav_05,1,2.103896235288954,41.28133577001952,8.010000000000002,-0.5602053456386007,0.17928129026489786,0.009897327180699696
16.9,uav_06,1,2.1225770860749162,54.81658845692187,8.010000000000002,-0.5699498044405441,0.17020078223782337,0.00997490222027208
17.0,uav_01,1,2.064761114992438,-12.59502330133582,8.010000000000002,-0.5319718408114922,0.2920657047731851,0.0
17.0,uav_02,1,2.0973333251813826,0.9286919748087544,8.010000000000002,-0.5522268720054502,0.24480396532061627,0.0007422906684833933
17.0,uav_03,1,2.067807870880568,14.442693907631053,8.010000000000002,-0.5512443112377728,0.2256449106677951,0.0006221556188864153
17.0,uav_04,1,2.040189265823781,27.78871802348244,8.010000000000002,-0.532691835191558,0.29371905121969794,0.0
17.0,uav_05,1,2.050097732903938,41.31703069491253,8.010000000000002,-0.5368534159708217,0.25734202940141604,0.0
17.0,uav_06,1,2.0717109776528995,54.8405948737164,8.010000000000002,-0.5482936135656079,0.25398156834691493,0.0
17.1,uav_01,1,2.012901429674249,-12.559274554381279,8.016759035856694,-0.4997228924299172,0.37407228685355426,0.0
17.1,uav_02,1,2.0462255906339806,0.9530017563125862,8.010000000000002,-0.5204455236871985,0.3189604447298701,0.0
17.1,uav_03,1,2.018222069201822,14.465481426383365,8.010000000000002,-0.5210315325996858,0.29759309060073325,0.0
17.1,uav_04,1,1.9890830047818853,27.822952753574484,8.019696198942396,-0.5009114031728088,0.37756959153917646,0.0
17.1,uav_05,1,2.000035114324362,41.34477963523274,8.011782511186931,-0.5046524664392112,0.3342600894954367,0.0
17.1,uav_06,1,2.0263157952105217,54.87188740681087,8.010000000000002,-0.520064616175131,0.3198492289246944,0.0
17.2,uav_01,1,1.961814827309246,-12.51591279768674,8.02,-0.4679546854371159,0.4587875055010244,0.0
17.2,uav_02,1,1.9961498575344925,0.9986978457001049,8.010000000000002,-0.4993059263944738,0.40185086294806993,0.0
17.2,uav_03,1,1.9759575499008508,14.501347997985691,8.010416887402664,-0.48874933779200846,0.38333509922131076,0.0
17.2,uav_04,1,1.9360858995988124,27.873026473759666,8.02,-0.47659191603518275,0.4668161679296345,0.0
17.2,uav_05,1,1.956778862434079,41.391824519647884,8.02,-0.47282307015522274,0.41913847958607275,0.0
17.2,uav_06,1,1.9760859533600383,54.907377895583956,8.01048783937135,-0.49853648188595256,0.403414875599444,0.0
17.3,uav_01,1,1.9181888498821555,-12.459874276634189,8.02,-0.4360323348761851,0.5359245519555682,0.0
17.3,uav_02,1,1.9447040836103744,1.0459824106030324,8.010000000000002,-0.4673143682660661,0.48716168462382375,0.0
17.3,uav_03,1,1.9315867392823918,14.542129860047757,8.01961421796927,-0.46115734609219033,0.45691374375415916,0.0
17.3,uav_04,1,1.894970840317564,27.930404048183092,8.02,-0.43638774743103037,0.5484285893275959,0.0
17.3,uav_05,1,1.9058490705116333,41.43863483781369,8.02,-0.44115237547079933,0.5035936654112018,0.0
17.3,uav_06,1,1.934242473110947,54.95545158966585,8.018936271567028,-0.46574508626811223,0.4785098274637755,0.0
17.4,uav_01,1,1.8766469964897934,-12.390512537318564,8.02,-0.3949884394109151,0.6200231211781698,0.0
17.4,uav_02,1,1.8958516122515525,1.0948467427480062,8.010000000000002,-0.434892425757874,0.570215148484252,0.0
17.4,uav_03,1,1.8806441151691666,14.60047064385756,8.02,-0.42934834068820993,0.5317377581647735,0.0
17.4,uav_04,1,1.8471645369889664,27.98841434357864,8.02,-0.4044323237948074,0.6211353524103851,0.0
17.4,uav_05,1,1.8577634053163654,41.49414687418299,8.016354292214913,-0.4054171688596523,0.5891656622806954,0.0
17.4,uav_06,1,1.8858187776626607,55.01413689179882,8.010000000000002,-0.425870670415121,0.5610115455596774,0.0
17.5,uav_01,1,1.8373894272227693,-12.322858399701712,8.011075309078006,-0.35430123631201477,0.7103222182979667,0.0
17.5,uav_02,1,1.8646610535212096,1.148598680706884,8.010000000000002,-0.40256600650650237,0.6348679869869953,0.0
17.5,uav_03,1,1.8465801158923798,14.649390521270101,8.02,-0.40286996469501407,0.6023467608132957,0.0
17.5,uav_04,1,1.815862570216552,28.04235827547444,8.02,-0.3719904393763285,0.686019121247343,0.0
17.5,uav_05,1,1.8204295364852747,41.56584436253751,8.010000000000002,-0.36672372083665916,0.6754034111022422,0.0
17.5,uav_06,1,1.8547235106557183,55.06772460781382,8.010000000000002,-0.4016999282930011,0.6254668578853304,0.0
17.6,uav_01,1,1.7947431805247007,-12.238307425568804,8.010000000000002,-0.3300509748406761,0.7997961006372958,-0.009974512579661973
17.6,uav_02,1,1.8227869302871977,1.2209928909620982,8.010000000000002,-0.3693752221810257,0.7216660741839315,-0.0002082592729914387
17.6,uav_03,1,1.8051418288131966,14.719742301913762,8.010219820962377,-0.3608792838495033,0.6980216113386175,0.0
17.6,uav_04,1,1.7748028367014463,28.11384828437843,8.010000000000002,-0.3398118143153736,0.7815054854770112,-0.01
17.6,uav_05,1,1.7869834593105012,41.63772448128142,8.010000000000002,-0.34102982259951853,0.7558807096019259,-0.004485088700240731
17.6,uav_06,1,1.8138675711463499,55.13813328309364,8.010000000000002,-0.35994209161132323,0.7201544223698046,-1.9302796225582265e-05
17.7,uav_01,1,1.761420983435496,-12.150683137715747,8.010000000000002,-0.30778313319363,0.8888674672254802,-0.01
17.7,uav_02,1,1.786870825345374,1.293204492831155,8.010000000000002,-0.3414571821016143,0.796114181062362,-0.009514272632795247
17.7,uav_03,1,1.7682300897210674,14.793712012340091,8.010000000000002,-0.3413116692405565,0.774753323037774,-0.009344165379721749
17.7,uav_04,1,1.7477507858932524,28.196728072879758,8.010000000000002,-0.33046608106278474,0.856271351497722,-0.01
17.7,uav_05,1,1.7487381756860316,41.719490569192445,8.010000000000002,-0.32121079564529864,0.8395514195961562,-0.01
17.7,uav_06,1,1.777438132964236,55.200913589416565,8.010000000000002,-0.3316250311481667,0.7956665836048888,-0.009458322950611107
17.8,uav_01,1,1.7220268387618063,-12.054330201260695,8.010000000000002,-0.28824583761948286,0.9722791366636199,-0.008245837619482877
17.8,uav_02,1,1.7560083573427727,1.3857519077128202,8.010000000000002,-0.3199891323468394,0.8900760735721241,-0.01
17.8,uav_03,1,1.7378486101091097,14.873460843676662,8.010000000000002,-0.31113546286030686,0.8569720990391816,-0.01
17.8,uav_04,1,1.7088354650292439,28.287180500712964,8.010000000000002,-0.3105328760201946,0.9378684959192215,-0.01
17.8,uav_05,1,1.714315549121684,41.80838178516208,8.010000000000002,-0.3011636018502964,0.9209273935239625,-0.01
17.8,uav_06,1,1.7374005815650633,55.29171041412648,8.010000000000002,-0.3103355592686845,0.878657762925262,-0.01
17.9,uav_01,1,1.6915336528602378,-11.946692855202754,8.010000000000002,-0.27771128774208553,1.0483096980633162,0.0
17.9,uav_02,1,1.7204632915317246,1.4674268837007296,8.010000000000002,-0.31077925678130935,0.9545452025308346,-0.01
17.9,uav_03,1,1.710243913228942,14.957614219776435,8.010000000000002,-0.3008418304775511,0.9332653561795912,-0.01
17.9,uav_04,1,1.6843761691546102,28.37030245412269,8.010000000000002,-0.30190524235419464,1.0047580611664428,-0.01
17.9,uav_05,1,1.6858790078676402,41.900205878141854,8.010000000000002,-0.28575776482397947,0.9939378814081644,-0.005757764823979443
17.9,uav_06,1,1.709834743304205,55.37566833402469,8.010000000000002,-0.30070047361707913,0.9543962110633667,-0.01
18.0,uav_01,1,1.6637997175041879,-11.838408788131892,8.010000000000002,-0.2662599653117767,1.1230901214087816,0.0
18.0,uav_02,1,1.6876541446416458,1.5773819383128713,8.010000000000002,-0.2994087175866069,1.0420694884468757,0.0
18.0,uav_03,1,1.6742357000951682,15.051862295523152,8.010000000000002,-0.2913014938647306,1.000889542946886,-0.0013014938647305813
18.0,uav_04,1,1.657980082812382,28.46128131331665,8.010000000000002,-0.2855722539456493,1.0704971111902277,-0.0027861269728246298
18.0,uav_05,1,1.6580821394912177,42.000275374463186,8.010000000000002,-0.2761547180321837,1.0669169737747142,0.0
18.0,uav_06,1,1.679478913396927,55.47951867344296,8.010000000000002,-0.29021337631765926,1.0285063657763849,-0.00021337631765929767
18.1,uav_01,1,1.6365654049992169,-11.715885092751833,8.010000000000002,-0.2423276984347898,1.1934265277391178,0.0
18.1,uav_02,1,1.6568097751891235,1.6955049062173428,8.010000000000002,-0.2780969692617622,1.1176121229529514,0.0
18.1,uav_03,1,1.6428587129454428,15.165773135820393,8.010000000000002,-0.2717908927793534,1.0828364288825865,0.0
18.1,uav_04,1,1.6332877923579456,28.55275551458083,8.010000000000002,-0.26851125121069586,1.1302106207625644,0.0
18.1,uav_05,1,1.6341306842183914,42.09200093183719,8.010000000000002,-0.2657603090811114,1.1248389182161103,0.0
18.1,uav_06,1,1.6519849612228656,55.58457419634956,8.010000000000002,-0.2714299576786743,1.104280169285303,0.0
18.2,uav_01,1,1.6211532211926605,-11.618496841387653,8.010000000000002,-0.210380806946443,1.2493335878437248,0.0
18.2,uav_02,1,1.6253743125021505,1.8178997481925812,8.010000000000002,-0.25275361694410203,1.200869574583847,0.0
18.2,uav_03,1,1.6110228922944934,15.288434781646908,8.010000000000002,-0.25938232003407147,1.161080939940375,0.0
18.2,uav_04,1,1.6060839285529833,28.6626372878136,8.010000000000002,-0.2445723355189463,1.1959978837891252,0.0
18.2,uav_05,1,1.6078437946451787,42.19400197223026,8.010000000000002,-0.2451950530901518,1.1884086570922343,0.0
18.2,uav_06,1,1.6210636571029866,55.702991796271334,8.010000000000002,-0.2500650518340624,1.1797723185807816,0.0
18.3,uav_01,1,1.591502130481017,-11.488208598166631,8.010000000000002,-0.1678380603652098,1.3127024245434877,0.0005404849086975564
18.3,uav_02,1,1.5972868162018825,1.9479776420281267,8.010000000000002,-0.21090972160370575,1.2636354175944413,0.0
18.3,uav_03,1,1.5935271070432406,15.398989129638649,8.010000000000002,-0.22311646959129247,1.2245461782152383,0.0
18.3,uav_04,1,1.577091776887979,28.790488249995835,8.010000000000002,-0.20936584353598317,1.2609512346960252,0.0
18.3,uav_05,1,1.580816550685391,42.31203498610638,8.010000000000002,-0.20676960066477287,1.2548455990028407,0.0
18.3,uav_06,1,1.593764578403171,55.81795608162188,8.010000000000002,-0.2218043541379734,1.2457898403447287,0.0
18.4,uav_01,1,1.584409100464384,-11.390418975034596,8.010000000000002,-0.13843271726652712,1.3494591034168413,0.007891820683368219
18.4,uav_02,1,1.5794421468354696,2.070987376075971,8.010000000000002,-0.17240086283734113,1.317599137162659,0.0015198274325317724
18.4,uav_03,1,1.5628331635433936,15.532113150576572,8.010000000000002,-0.17949303266965647,1.2907604509955153,0.00012674183258587984
18.4,uav_04,1,1.55788647810402,28.92646125588087,8.010000000000002,-0.16309844488370015,1.32228186613956,0.0
18.4,uav_05,1,1.5626808971569508,42.43705057138005,8.010000000000002,-0.16897176224640595,1.311028237753594,0.00020564755071881196
18.4,uav_06,1,1.5725977864555205,55.95919933053197,8.010000000000002,-0.17966683993638663,1.3103331600636134,6.663201272267366e-05
18.5,uav_01,1,1.5694995865860102,-11.266224284244855,8.010000000000002,-0.08329498137927874,1.3800164365517376,0.01
18.5,uav_02,1,1.5635604025950411,2.180465953634275,8.010000000000002,-0.1312505977075863,1.3587494022924138,0.009749880458482742
18.5,uav_03,1,1.5452072654305096,15.653614808352549,8.010000000000002,-0.14295747992356084,1.345563780114659,0.009260630019109798
18.5,uav_04,1,1.5416335711510212,29.069224617777756,8.010000000000002,-0.10943725998436903,1.3744501920125047,0.006112548003126196
18.5,uav_05,1,1.5446458422353277,42.561372694259916,8.010000000000002,-0.12224217886945757,1.3577578211305426,0.009551564226108486
18.5,uav_06,1,1.5543928448796993,56.08469254324719,8.010000000000002,-0.13249707311633357,1.3575029268836665,0.009500585376733284
18.6,uav_01,1,1.5630777405058196,-11.132149890453126,8.010000000000002,-0.024144730923532497,1.4019517563588224,0.00402412182058875
18.6,uav_02,1,1.5437804842301306,2.3171968639001363,8.010000000000002,-0.06981502014842005,1.3900528513861656,0.009973574306917149
18.6,uav_03,1,1.534068420687384,15.797420492002397,8.010000000000002,-0.07953978631937268,1.3801314896230363,0.009934255188481811
18.6,uav_04,1,1.527488263014181,29.220162775256593,8.010000000000002,-0.04180128264070315,1.4037710621026562,0.0031144689486718793
18.6,uav_05,1,1.5341318554067098,42.701804546789205,8.010000000000002,-0.05939891094222568,1.390200363019258,0.009899818490370946
18.6,uav_06,1,1.5439023325106243,56.23362419902198,8.010000000000002,-0.07075771366091071,1.3896211431695447,0.01
18.7,uav_01,1,1.5630777405058196,-10.985897265102185,8.010000000000002,0.04287280583193502,1.41,0.0
18.7,uav_02,1,1.5437804842301306,2.4509102911372835,8.010000000000002,-0.004864229649067658,1.4086102201002664,0.0006948899498668074
18.7,uav_03,1,1.5244832279544418,15.956234630615363,8.010000000000002,-0.0034826460590850943,1.401086225656819,0.0
18.7,uav_04,1,1.5244832279544418,29.359410171762832,8.010000000000002,0.025837612582334055,1.41,0.0
18.7,uav_05,1,1.5341318554067098,42.83498696895931,8.010000000000002,-0.003947890827444005,1.408684036390852,0.0006579818045739996
18.7,uav_06,1,1.5346659036027064,56.36110423665094,8.010000000000002,-0.003874475265232852,1.4088930070670762,0.000553496466461835
18.8,uav_01,1,1.5680984636723467,-10.86083152263031,8.010000000000002,0.11162849641663308,1.3995928758958416,-0.005203562052079136
18.8,uav_02,1,1.5438228404787158,2.6056650153430376,8.010000000000002,0.07035118983540145,1.4099122025411495,-4.3898729425180805e-05
18.8,uav_03,1,1.526366389240562,16.112815576236972,8.010000000000002,0.06561392059491268,1.4080482599256359,0.0
18.8,uav_04,1,1.5310667992378535,29.507482673450657,8.010000000000002,0.10458659330339669,1.4031766758370754,0.0
18.8,uav_05,1,1.5343226186859682,42.9914263659472,8.010000000000002,0.08158168197989235,1.3998022897525133,-0.0001977102474865435
18.8,uav_06,1,1.5342802217993787,56.5147911270873,8.010000000000002,0.07123015525114805,1.4096924611872128,-0.00015376940639350573
18.9,uav_01,1,1.5811746354903233,-10.733937872249209,8.010000000000002,0.1806457414882096,1.3768661107907674,-0.00562203693025577
18.9,uav_02,1,1.5529493753758252,2.74197541744225,8.010000000000002,0.14602234569468658,1.3909944135763284,-0.009502793211835824
18.9,uav_03,1,1.539438512025649,16.2684266658412,8.010000000000002,0.15199963162897748,1.3917501381391335,0.0
18.9,uav_04,1,1.5488845091035406,29.663431132098815,8.010000000000002,0.19115959071514813,1.3770651534818195,0.0
18.9,uav_05,1,1.543223896245716,43.124372392882414,8.010000000000002,0.15538514336409437,1.390576857079488,-0.009423142920511796
18.9,uav_06,1,1.5458696655545505,56.67228496140293,8.010000000000002,0.15866105023252253,1.3867521061628039,-0.008917368720934685
19.0,uav_01,1,1.600463114402568,-10.594743281471692,8.010000000000002,0.2506139019648955,1.3381329271679319,0.0
19.0,uav_02,1,1.57282637923122,2.893938162768652,8.010000000000002,0.22036278676197457,1.3597408665985897,0.0
19.0,uav_03,1,1.5597919557392748,16.4167671300766,8.010000000000002,0.23308095397698747,1.3535136043021518,0.0
19.0,uav_04,1,1.5696138063665337,29.808936268633875,8.010000000000002,0.2687093114017834,1.3280647775701548,0.0
19.0,uav_05,1,1.562757619229689,43.27440294661346,8.010000000000002,0.2288387732945555,1.350663558117397,-0.00016588952934921616
19.0,uav_06,1,1.5681237194455597,56.82398070112235,8.010000000000002,0.24045947462616213,1.351283771144865,0.0
19.1,uav_01,1,1.6217276224917736,-10.472071847098192,8.010000000000002,0.30438096287557026,1.2920237964055372,0.0
19.1,uav_02,1,1.5902712201806464,3.0141917283696134,8.010000000000002,0.28364322668639375,1.3145405523668616,0.0
19.1,uav_03,1,1.584597981640067,16.56048555861019,8.010000000000002,0.3005065663110386,1.2994934336889614,0.0
19.1,uav_04,1,1.5956867343876464,29.93590832300769,8.010000000000002,0.31966084892302415,1.280339151076976,0.0
19.1,uav_05,1,1.5902731147193607,43.40177188650563,8.010000000000002,0.295766732597949,1.3030237624300365,0.0
19.1,uav_06,1,1.5994152307174638,56.967783135455115,8.010000000000002,0.3027679751517623,1.2946784298178853,0.0
19.2,uav_01,1,1.6498208946602742,-10.35394383255478,8.010000000000002,0.3374265457376611,1.2426713932787907,0.0
19.2,uav_02,1,1.6169814535579754,3.1409672146099457,8.010000000000002,0.3331111890705441,1.258266573115347,0.0
19.2,uav_03,1,1.6214328962726836,16.707060235153996,8.010000000000002,0.34536019756202363,1.2392796048759527,0.0
19.2,uav_04,1,1.6344897703918777,30.076526688965792,8.010000000000002,0.3555094700280089,1.210477903267979,0.0
19.2,uav_05,1,1.6213838789378565,43.54458499515007,8.010000000000002,0.34042946103841626,1.2489979242436955,0.0
19.2,uav_06,1,1.6281449006311493,57.09981243999286,8.010000000000002,0.34495779830863155,1.2351266050741054,0.0
19.3,uav_01,1,1.6808587648158033,-10.245436295137619,8.010000000000002,0.36,1.1851694630157326,0.0006900767120381986
19.3,uav_02,1,1.6497513503944503,3.250229592749481,8.010000000000002,0.35491499207013,1.197797527754545,0.0
19.3,uav_03,1,1.6578298144271666,16.84596081074433,8.010000000000002,0.3660675467209111,1.1675271729536223,0.006067546720911096
19.3,uav_04,1,1.6634974304513135,30.19429984817323,8.010000000000002,0.3680255508631971,1.1518466948208173,0.008025550863197107
19.3,uav_05,1,1.6535478570178674,43.67625371541095,8.010000000000002,0.37,1.1734116910368058,0.0009411869947420121
19.3,uav_06,1,1.6538336136152125,57.2122397798979,8.010000000000002,0.36101522772707795,1.1828934059104543,0.0010152277270779326
19.4,uav_01,1,1.713388754404966,-10.115881604406576,8.010000000000002,0.35855378562411483,1.109876499368804,0.01
19.4,uav_02,1,1.6836358311425674,3.3826374210320895,8.010000000000002,0.3683161429292298,1.1217869994953913,0.008316142929229811
19.4,uav_03,1,1.6956945462460082,16.97758064419654,8.010000000000002,0.3631384291366874,1.091969003956812,0.01
19.4,uav_04,1,1.7011587044164043,30.310132350046775,8.010000000000002,0.3617226428476076,1.0820584999332532,0.01
19.4,uav_05,1,1.6942939204510825,43.80332782956002,8.010000000000002,0.36850133715192956,1.1010080229115775,0.01
19.4,uav_06,1,1.6940563249207918,57.33772862840318,8.010000000000002,0.3685628991498883,1.1099402940492185,0.01
19.5,uav_01,1,1.749319081302674,-10.009888165526725,8.010000000000002,0.34798423274137524,1.0429448145948135,0.01
19.5,uav_02,1,1.719658995940047,3.501584187307795,8.010000000000002,0.3538582795118804,1.0615748385356414,0.01
19.5,uav_03,1,1.7370247343706609,17.099769610447733,8.010000000000002,0.3448592082540189,1.0170072288890661,0.01
19.5,uav_04,1,1.730648190089146,30.41670128863736,8.010000000000002,0.3442181155793647,1.0147634045277765,0.01
19.5,uav_05,1,1.7299888913714017,43.90861374012573,8.010000000000002,0.35800698807052206,1.0430244582468273,0.01
19.5,uav_06,1,1.7299128810420208,57.44340587655314,8.010000000000002,0.3580595069917582,1.0432082744711537,0.01
19.6,uav_01,1,1.780988878699083,-9.89562548599106,8.011461690154912,0.32707661969017976,0.968306478760719,0.01
19.6,uav_02,1,1.7553435096774117,3.6062169359059513,8.010000000000002,0.3353662647763063,0.9914650591052253,0.01
19.6,uav_03,1,1.7711378924476342,17.211960198010175,8.018545677724672,0.3229086445506534,0.9401802559272869,0.01
19.6,uav_04,1,1.7638617800372565,30.517943321703957,8.01702398709051,0.32595202581897925,0.9508320903664274,0.01
19.6,uav_05,1,1.7611228105333776,44.0215321594677,8.011314308609606,0.3360570741711885,0.9694855311231693,0.01
19.6,uav_06,1,1.7606732892613646,57.555453371477846,8.01119783576352,0.3364064927094442,0.9716151496553698,0.01
19.7,uav_01,1,1.8161558628758334,-9.802810923048618,8.02,0.307705587209737,0.894646370156053,0.009235195736578997
19.7,uav_02,1,1.7875989755937525,3.7114425661474573,8.017565858686337,0.31486828262732647,0.9170389891956426,0.01
19.7,uav_03,1,1.8020705577117024,17.318575196405135,8.02,0.30153588871788367,0.8653756105125928,0.0007679443589418342
19.7,uav_04,1,1.7937455845349926,30.607299475386487,8.02,0.307287983388719,0.8791519335548759,0.0036439916943594884
19.7,uav_05,1,1.7971496744165116,44.11682032441308,8.02,0.30826927975786017,0.8939424791525107,0.009134639878930099
19.7,uav_06,1,1.7968461097762285,57.65085726320436,8.02,0.3084790260852732,0.9039161043410928,0.009239513042636606
19.8,uav_01,1,1.847103491088418,-9.697758753288552,8.02,0.2770872970729727,0.8183491882918906,0.0
19.8,uav_02,1,1.8185364183371546,3.80892439474109,8.02,0.2934922260519567,0.8422227911818484,0.0017461130259783467
19.8,uav_03,1,1.8330610320185272,17.414372479278633,8.02,0.28012319004329267,0.7804927601731706,0.0
19.8,uav_04,1,1.8232923039504618,30.705098108256987,8.02,0.2868728392575818,0.8040549374015362,0.0
19.8,uav_05,1,1.8274832761473156,44.2198798230678,8.02,0.28731044359594565,0.8192417743837827,0.0
19.8,uav_06,1,1.826835101169626,57.75297722822436,8.02,0.2877582965506396,0.8221540379272386,0.0
19.9,uav_01,1,1.8762121036381565,-9.608578244280316,8.02,0.2584874302419231,0.7378994419353847,0.0
19.9,uav_02,1,1.8457398696734155,3.892268031462066,8.02,0.27469615018021776,0.7687846007208711,0.0
19.9,uav_03,1,1.8637043165828835,17.507673018584086,8.02,0.25947519058459423,0.6958015246767535,0.0
19.9,uav_04,1,1.851407412611693,30.788086424775155,8.02,0.26744685933943324,0.729787437357733,0.0
19.9,uav_05,1,1.8540356600880747,44.30065468058635,8.02,0.2689642191791637,0.7458568767166548,0.0
19.9,uav_06,1,1.853933651720332,57.83546445013064,8.02,0.2690347013027715,0.756138805211086,0.0
20.0,uav_01,1,1.896776905280376,-9.545573541872967,8.02,0.25138286164920215,0.6810628931936173,0.0
20.0,uav_02,1,1.8726718616124927,3.96706889721135,8.02,0.25608763769381854,0.6943505507752742,0.0
20.0,uav_03,1,1.8903515806631015,17.579107700920833,8.02,0.2502692999195666,0.6221543993565327,0.0
20.0,uav_04,1,1.8762896305911159,30.854789456624147,8.02,0.25512731365448804,0.6610185092359041,0.0
20.0,uav_05,1,1.8805216326297638,44.37165698045472,8.02,0.25066388135523454,0.6726555254209381,0.0
20.0,uav_06,1,1.8842213416197242,57.91560931542152,8.02,0.25,0.6705379387961583,0.0
20.1,uav_01,1,1.9270659586895993,-9.453415931342342,8.02,0.23758550060234693,0.5610260072281633,0.0
20.1,uav_02,1,1.8974098979824765,4.033385413372393,8.02,0.25,0.6094726502937547,0.0
20.1,uav_03,1,1.9214787477314073,17.65039298729095,8.02,0.24,0.5241887242930245,0.0
20.1,uav_04,1,1.8998128824778204,30.91452462329005,8.02,0.24700068255633822,0.5870075081197204,0.0
20.1,uav_05,1,1.9124083368214075,44.455620764733695,8.02,0.24,0.5624756617079688,0.0
20.1,uav_06,1,1.9051564495421396,57.963713724848986,8.02,0.25,0.5982129508031002,0.0
20.2,uav_01,1,1.9581952876730044,-9.393808801467863,8.02,0.22683118097559965,0.43197417170719576,0.0
20.2,uav_02,1,1.9223655901210226,4.091142333409936,8.02,0.245876014400372,0.5105121728044639,0.0
20.2,uav_03,1,1.945211028985286,17.695836086899874,8.02,0.24,0.4258025849292845,0.0
20.2,uav_04,1,1.9236618143878326,30.96795151558802,8.02,0.24,0.4951384565163314,0.0
20.2,uav_05,1,1.9416233801786735,44.512423721946945,8.02,0.24,0.4448481505195967,0.0
20.2,uav_06,1,1.9306752972117718,58.02235059202457,8.02,0.24300524107424157,0.4960628928908989,0.0
20.3,uav_01,1,1.9876144300401328,-9.344864284004146,8.02,0.22,0.30667988635035176,0.0
20.3,uav_02,1,1.948754584190652,4.138080224655265,8.02,0.24,0.3978715351898746,0.0
20.3,uav_03,1,1.9749810193311417,17.742899271882695,8.02,0.23103217652275135,0.2934182947957675,0.0
20.3,uav_04,1,1.9501936660978774,31.017858541052973,8.02,0.24,0.38474174921048465,0.0
20.3,uav_05,1,1.9597075865338431,44.55318379250027,8.02,0.23964205716254094,0.32534674311303224,0.0
20.3,uav_06,1,1.9515388918823016,58.07029068070699,8.02,0.24,0.3780502336004144,0.0
20.4,uav_01,1,2.0126547882906434,-9.31279816851295,8.02,0.21702540151481511,0.18727941666296619,0.0
20.4,uav_02,1,1.972888552399029,4.178549127842563,8.02,0.2376325983740457,0.2792237788625944,0.0
20.4,uav_03,1,2.0024882533532016,17.766256242870114,8.02,0.22152919014339081,0.1783502817206899,0.0
20.4,uav_04,1,1.9738152854404674,31.044997260671867,8.02,0.24,0.2786537679992566,0.0
20.4,uav_05,1,1.9833019020042926,44.58932692816443,8.02,0.23149087556718992,0.21938138237346877,0.0
20.4,uav_06,1,1.9747812818089787,58.11135777841567,8.02,0.23443451352117103,0.25764867577522327,0.0
20.5,uav_01,1,2.037709882221297,-9.285031357237267,8.02,0.20602776108284857,0.06630537191133423,0.0
20.5,uav_02,1,1.9931128345252547,4.214497381187081,8.02,0.22810147049213036,0.15721764590556433,0.0
20.5,uav_03,1,2.0239589033774124,17.789228584308145,8.02,0.2111675142974443,0.06284265727188736,0.0
20.5,uav_04,1,2.0031052397049796,31.078648293533785,8.02,0.2313160384712649,0.1471085001264434,0.0
20.5,uav_05,1,2.0096845654954034,44.61283951611852,8.02,0.22237639706687398,0.10851676480248791,0.0
20.5,uav_06,1,2.0014092852377305,58.14158446853063,8.02,0.2252352768770214,0.13805859940127824,0.0
20.6,uav_01,1,2.0642408107478207,-9.278349437008433,8.015293091798982,0.19058618359796234,-0.04706908201018832,0.0
20.6,uav_02,1,2.0206447979656956,4.225041144234413,8.02,0.2185899408025017,0.04448934882751859,0.0
20.6,uav_03,1,2.047249363143688,17.79987362647982,8.012732135006255,0.20273213500625467,-0.022678649937453305,0.0
20.6,uav_04,1,2.020984124203095,31.099189224201393,8.02,0.22270906980762584,0.035217907499135934,0.0
20.6,uav_05,1,2.0364529631177257,44.62572515450191,8.02,0.21312865844823836,0.004415242930621954,0.0
20.6,uav_06,1,2.0252644467789658,58.15818970253641,8.02,0.21549097040515305,0.015891644861836772,0.0
20.7,uav_01,1,2.0847969691156996,-9.278349437008433,8.010000000000002,0.16392215453861292,-0.1482335363841612,0.0
20.7,uav_02,1,2.0490560888296074,4.2345633031958965,8.018161942238043,0.20632388447608524,-0.06838057761957377,0.0
20.7,uav_03,1,2.068592538148908,17.802902264901924,8.010000000000002,0.18607598034531708,-0.11962009827341459,0.0
20.7,uav_04,1,2.046726548717117,31.10519536426622,8.012912752890125,0.2058255057802504,-0.07795971820862276,0.0
20.7,uav_05,1,2.0593606229180055,44.629193348849654,8.012822045895598,0.19564409179119327,-0.10895749514843701,0.0
20.7,uav_06,1,2.0489219052092307,58.16427657741837,8.015487651286804,0.2009753025736065,-0.09512348713196755,0.0
20.8,uav_01,1,2.1056088336558796,-9.285160393773989,8.010000000000002,0.1254233401642754,-0.2268649897535869,0.0
20.8,uav_02,1,2.067075682392816,4.233259719727341,8.010000000000002,0.18529614875311268,-0.15823173968205279,0.0
20.8,uav_03,1,2.0873543753542703,17.795492276567003,8.010000000000002,0.15326179529650102,-0.19679185823112322,0.0
20.8,uav_04,1,2.068074621050738,31.097775321981885,8.010000000000002,0.18661275831081703,-0.1702425876013234,0.0
20.8,uav_05,1,2.080121615868039,44.62039557244745,8.010000000000002,0.15825410031090356,-0.19555532445591875,0.0
20.8,uav_06,1,2.0735557538218092,58.15925053852652,8.010000000000002,0.17186403936633596,-0.1817379311089121,0.0
20.9,uav_01,1,2.11976897894439,-9.304874524184987,8.016964141999601,0.06821514800238894,-0.27089242599880553,0.0
20.9,uav_02,1,2.0880684510844985,4.221200494254525,8.012054591561723,0.13767245062967112,-0.22821836624688593,0.0
20.9,uav_03,1,2.1071674620626077,17.784110714572122,8.016951859325015,0.1121925626999398,-0.2547592966250753,0.0
20.9,uav_04,1,2.0876894715864225,31.08650763691157,8.010000000000002,0.14570899573504006,-0.24114920511795193,0.0
20.9,uav_05,1,2.0965349274278644,44.61096700047267,8.010000000000002,0.117790047049673,-0.242209952950327,0.0
20.9,uav_06,1,2.094400044398542,58.14136187809713,8.015335676304334,0.11798594217399964,-0.24667838152166696,0.0
21.0,uav_01,1,2.1290584192425484,-9.326219676227144,8.02,0.010448756288017613,-0.28659187395199703,0.0
21.0,uav_02,1,2.1057733698784724,4.209667110615702,8.02,0.07278799378871727,-0.2649177160603665,0.0
21.0,uav_03,1,2.1193742582925372,17.766198916983594,8.02,0.05411467151789664,-0.2896651407780443,0.0
21.0,uav_04,1,2.1066180669236334,31.07563416817516,8.010000000000002,0.08332989303845736,-0.28000147441208967,0.0
21.0,uav_05,1,2.107823136417675,44.5968615253519,8.014583270594917,0.06791710583558314,-0.2737498117847501,0.0
21.0,uav_06,1,2.108466630978496,58.125200870562324,8.02,0.05324860562865811,-0.28050039839181196,0.0
21.1,uav_01,1,2.1323467930973035,-9.347095631352314,8.02,-0.05806379730420275,-0.2960079746630253,0.0
21.1,uav_02,1,2.113049536821615,4.196718446413873,8.02,0.005510527444513722,-0.28,0.0
21.1,uav_03,1,2.1226981656450357,17.743499631255162,8.02,-0.010761366037473706,-0.3067935610062456,0.0
21.1,uav_04,1,2.113049536821615,31.056269386747157,8.017068064770621,0.017591611376275178,-0.2970680647706208,0.0
21.1,uav_05,1,2.113049536821615,44.58073709504483,8.02,0.007725651100739441,-0.29,0.0
21.1,uav_06,1,2.113049536821615,58.1082485763626,8.02,-0.016900029529184703,-0.29,0.0
21.2,uav_01,1,2.1279598967911775,-9.360986222684247,8.02,-0.12637322574907692,-0.29545334678136537,0.0
21.2,uav_02,1,2.1102691403212726,4.172748323835709,8.02,-0.07593484785983373,-0.28,0.0
21.2,uav_03,1,2.1226981656450357,17.723287578533768,8.02,-0.07137145877502447,-0.3040897916035679,0.0
21.2,uav_04,1,2.113049536821615,31.031929959949455,8.02,-0.06437091542164516,-0.3,0.0
21.2,uav_05,1,2.113049536821615,44.565113247994184,8.02,-0.06512999483994086,-0.29,0.0
21.2,uav_06,1,2.1081399189515273,58.08648385701707,8.02,-0.09070728521233025,-0.29,0.0
21.3,uav_01,1,2.1164580480612885,-9.37420062011738,8.02,-0.19586945001754852,-0.28676631874780645,0.0
21.3,uav_02,1,2.0998896491921055,4.148898466451471,8.02,-0.16547390430636585,-0.27636087081337635,0.0
21.3,uav_03,1,2.1183250662711646,17.70417186226484,8.02,-0.1407911788142416,-0.2954676467984176,0.0
21.3,uav_04,1,2.104650870265161,31.00830030962651,8.02,-0.1496361557993779,-0.29129548052507775,0.0
21.3,uav_05,1,2.1099568211147166,44.54449023779508,8.02,-0.14243739853713613,-0.2867946573518377,0.0
21.3,uav_06,1,2.099467305888399,58.06655604142826,8.02,-0.162614823199733,-0.28592314710003336,0.0
21.4,uav_01,1,2.094375338682244,-9.396114824613422,8.02,-0.27494467475079437,-0.2768819156561507,0.0
21.4,uav_02,1,2.085064045970576,4.1248142489333075,8.02,-0.25052085042630284,-0.27,0.0
21.4,uav_03,1,2.106895038758675,17.684978960225806,8.02,-0.2155145018019855,-0.2868106872747518,0.0
21.4,uav_04,1,2.094287613527115,30.984487755554483,8.02,-0.23556138642363078,-0.2805548266970462,0.0
21.4,uav_05,1,2.0980607013357573,44.523290821301714,8.02,-0.21490606520205313,-0.2772326594219941,0.0
21.4,uav_06,1,2.08733123084511,58.04604703227959,8.02,-0.23994698252544625,-0.2766725574971727,0.0
21.5,uav_01,1,2.0685775427784274,-9.415874101861018,8.02,-0.34624405851471035,-0.2679694926856612,0.0
21.5,uav_02,1,2.058763988709124,4.100607398224946,8.02,-0.3433665444931237,-0.2591583638767191,0.0
21.5,uav_03,1,2.0898912371623686,17.666922048322913,8.02,-0.28067107049306517,-0.2786661161883669,0.0
21.5,uav_04,1,2.063906788126469,30.96039815263378,8.02,-0.32248631881466633,-0.2793784202963334,0.0
21.5,uav_05,1,2.0734760243379085,44.499115654049,8.02,-0.30937240778172465,-0.2663284490272844,0.0
21.5,uav_06,1,2.066663464642666,58.025285864839056,8.02,-0.3215341457789328,-0.2673082317776334,0.0
21.6,uav_01,1,2.0359103456530936,-9.439056852682869,8.02,-0.4298967068130435,-0.2550258232967391,0.0
21.6,uav_02,1,2.0216837838641473,4.076768730925939,8.02,-0.42938600121987436,-0.2438267498475157,0.0
21.6,uav_03,1,2.068777171372407,17.650750175995167,8.02,-0.3390256607021209,-0.2713717924122349,0.0
21.6,uav_04,1,2.0370720222648897,30.939844630416715,8.02,-0.39665165745495534,-0.2608370856362612,0.0
21.6,uav_05,1,2.03751552653298,44.47495064623903,8.02,-0.3965694326295431,-0.25542882092130714,0.0
21.6,uav_06,1,2.0405929082970804,58.00625904410841,8.02,-0.38891671718062265,-0.25872618325991104,0.0
21.7,uav_01,1,1.9976805331928527,-9.459956941319831,8.02,-0.5072266700543407,-0.23808592554951769,0.0
21.7,uav_02,1,1.9784099628252179,4.055185111177898,8.02,-0.5072683437018114,-0.23409145703727358,0.0
21.7,uav_03,1,2.045811576659748,17.633160163800788,8.02,-0.4024974682735285,-0.25687563293161786,0.0
21.7,uav_04,1,1.9956295334307996,30.915994161724694,8.02,-0.49271369916255103,-0.24966078760468113,0.0
21.7,uav_05,1,1.998785795537635,44.452702481548556,8.02,-0.47684971926432185,-0.24539378509195978,0.0
21.7,uav_06,1,1.9969522542155211,57.984623528126534,8.02,-0.4685853110539705,-0.24793496543844773,0.0
21.8,uav_01,1,1.9459546741421145,-9.48275392138509,8.017803346576907,-0.5997698808078457,-0.22780334657690604,0.0
21.8,uav_02,1,1.9291692285975837,4.039335160976925,8.02,-0.5950379487793204,-0.2238846723578533,0.0
21.8,uav_03,1,2.0156207100589443,17.616237007068115,8.02,-0.46356299449751914,-0.2458046256878101,0.0
21.8,uav_04,1,1.9433779695943643,30.8924139309224,8.02,-0.5787756896529892,-0.23804984674378016,-0.00097507662810992
21.8,uav_05,1,1.9555875208305056,44.43217298333039,8.02,-0.5547944150461246,-0.23226790776752787,0.0
21.8,uav_06,1,1.946064876748587,57.97003396406674,8.02,-0.5635182688108237,-0.2347737180420392,0.0
21.9,uav_01,1,1.8977825815913263,-9.500546235109628,8.010000000000002,-0.6735500401005877,-0.21955624498742654,-0.0004437550125734656
21.9,uav_02,1,1.863129782322644,4.019502904700563,8.02,-0.6930270366683221,-0.21299699592574198,-0.007003004074258014
21.9,uav_03,1,1.9784950288674743,17.599175628260564,8.02,-0.5270181911798895,-0.23810908986890117,0.0
21.9,uav_04,1,1.8899864848771057,30.87202951143237,8.019830529836213,-0.6615252314740805,-0.22,-0.01
21.9,uav_05,1,1.902197539778076,44.415150113644884,8.02,-0.6347073983948686,-0.21691157520064142,-0.0030884247993585717
21.9,uav_06,1,1.8889673402069778,57.94661224806879,8.02,-0.6554200571273238,-0.22,-0.003177507140915467
22.0,uav_01,1,1.835879966025843,-9.510706163967775,8.010000000000002,-0.7468722223507072,-0.2103909722061616,-0.009609027793838393
22.0,uav_02,1,1.7887774790984023,3.995096372250256,8.011988428117414,-0.7921041469432761,-0.21,-0.01
22.0,uav_03,1,1.9328826134179582,17.57871132024533,8.018878662753568,-0.6100920352178866,-0.22887866275356816,0.0
22.0,uav_04,1,1.8254978827199704,30.85086079045172,8.010282377069917,-0.7474586063707568,-0.22,-0.01
22.0,uav_05,1,1.8432006752483237,44.40125669100827,8.017189158614901,-0.7152975724658891,-0.21,-0.01
22.0,uav_06,1,1.8241063523306453,57.92532128952796,8.017219204834525,-0.7350271564892724,-0.22,-0.01
22.1,uav_01,1,1.7733591761583847,-9.528338541693914,8.010000000000002,-0.8198183895571091,-0.21,-0.01
22.1,uav_02,1,1.718134230822718,3.9824714288834326,8.010000000000002,-0.8692968515029424,-0.2174121064378678,-0.01
22.1,uav_03,1,1.8792507656065736,17.55866060792697,8.010000000000002,-0.6926433942556753,-0.21966957571804058,-0.0003304242819594244
22.1,uav_04,1,1.747274208876332,30.83927480864033,8.010000000000002,-0.8389826503958548,-0.22,-0.01
22.1,uav_05,1,1.7700993267544183,44.37826793909748,8.010000000000002,-0.8086192728256627,-0.2131799192028514,-0.01
22.1,uav_06,1,1.752596094861256,57.90604858447239,8.010000000000002,-0.8265274967235651,-0.22294749963595167,-0.01
22.2,uav_01,1,1.7036192761845796,-9.548369467933876,8.010000000000002,-0.9011329430286882,-0.22358509845081959,-0.01
22.2,uav_02,1,1.6214794850268857,3.9619834767818345,8.010000000000002,-0.9535771609742931,-0.23589429024357328,-0.01
22.2,uav_03,1,1.8248044837095323,17.54972446917352,8.010000000000002,-0.7571337271547449,-0.21160828410565688,-0.008391715894343114
22.2,uav_04,1,1.672256491347757,30.817853276767877,8.010000000000002,-0.9168453096762654,-0.2296056637095332,-0.01
22.2,uav_05,1,1.6937982457326706,44.357107488501896,8.010000000000002,-0.8917947325049245,-0.22272434156311555,-0.01
22.2,uav_06,1,1.6731544494944879,57.891846932312575,8.010000000000002,-0.9130352459646769,-0.2328794057455846,-0.01
22.3,uav_01,1,1.6327682955727612,-9.566071726701683,8.010000000000002,-0.9682172314758583,-0.23477715393448229,-0.01
22.3,uav_02,1,1.5288575934938682,3.9407009421997095,8.010000000000002,-1.0379197004672644,-0.2475466333852516,-0.0024533666147483982
22.3,uav_03,1,1.762882376757635,17.533276112312517,8.010000000000002,-0.8295340118231539,-0.21,-0.01
22.3,uav_04,1,1.5818281202640254,30.79689991370364,8.010000000000002,-0.9924534329189603,-0.23905667911487002,-0.01
22.3,uav_05,1,1.5944121611322148,44.33265763760371,8.010000000000002,-0.9800195842440483,-0.23375244803050604,-0.01
22.3,uav_06,1,1.5803136799176658,57.86893543390136,8.010000000000002,-0.9957091064880572,-0.24321363831100715,-0.00678636168899285
22.4,uav_01,1,1.560145512324645,-9.582758892832581,8.010000000000002,-1.0261273073202721,-0.24230390104575317,-0.007696098954246833
22.4,uav_02,1,1.4284356071272726,3.9176261123956886,8.010000000000002,-1.1156817561854138,-0.25,0.0
22.4,uav_03,1,1.695792391387055,17.515313509722617,8.010000000000002,-0.9024523078264175,-0.21471692309182416,-0.01
22.4,uav_04,1,1.492661959707063,30.776411432558344,8.010000000000002,-1.0663840771931294,-0.24829800964914117,-0.0017019903508588147
22.4,uav_05,1,1.4879252820485884,44.30818922515676,8.010000000000002,-1.0683114145179018,-0.2447889268147377,-0.005211073185262281
22.4,uav_06,1,1.4833644338466172,57.84731594494334,8.010000000000002,-1.070755769144746,-0.25,0.0
22.5,uav_01,1,1.479077825755877,-9.601125684322112,8.010000000000002,-1.0847059468838753,-0.25,0.0
22.5,uav_02,1,1.3314943261114154,3.8983077654818232,8.010000000000002,-1.1766765462750644,-0.24333192196070508,0.0
22.5,uav_03,1,1.6191111727849545,17.4965225178672,8.010000000000002,-0.9755408075862461,-0.2263852018965615,-0.01
22.5,uav_04,1,1.4080746001235034,30.75839896910728,8.010000000000002,-1.124957725977993,-0.25,0.0
22.5,uav_05,1,1.3741964812104055,44.284486647897644,8.010000000000002,-1.1483598284852499,-0.24452002450210714,0.0
22.5,uav_06,1,1.3636170756263883,57.81877047091953,8.010000000000002,-1.1511495865421753,-0.2461063016822281,0.0
22.6,uav_01,1,1.3732299152848009,-9.621393677016322,8.010000000000002,-1.1578409806678691,-0.25,0.0
22.6,uav_02,1,1.2305579147634977,3.8789802373225464,8.010000000000002,-1.2430860846900202,-0.22922847882749492,0.0
22.6,uav_03,1,1.5315114535329921,17.47639397127882,8.010000000000002,-1.0459010801363937,-0.24,-0.0077284171233723414
22.6,uav_04,1,1.3169632506331233,30.740291813937393,8.010000000000002,-1.1821283587762896,-0.24082046892106007,0.0
22.6,uav_05,1,1.248826872970193,44.26048059703257,8.010000000000002,-1.2304632478785185,-0.2336920940151852,0.0
22.6,uav_06,1,1.2386218484596367,57.7932653199831,8.010000000000002,-1.2328250596503645,-0.23062141152846727,0.0
22.7,uav_01,1,1.2592417598945187,-9.644998274955606,8.010000000000002,-1.2330158208698656,-0.23886906717380038,0.0
22.7,uav_02,1,1.1164777903650007,3.8587951106159273,8.010000000000002,-1.3159221041520932,-0.20652921094296506,0.0
22.7,uav_03,1,1.4501017724699936,17.45794975189616,8.010000000000002,-1.104726792374621,-0.24,0.0
22.7,uav_04,1,1.2062000212392312,30.719791427501345,8.010000000000002,-1.2506917270115447,-0.2223270682471138,0.0
22.7,uav_05,1,1.1286118384409882,44.24544881856784,8.010000000000002,-1.3094078469735895,-0.21147205738490396,0.0
22.7,uav_06,1,1.1098345646090715,57.775483152106155,8.010000000000002,-1.318287653854578,-0.20390411538180736,0.0
22.8,uav_01,1,1.1425027952725257,-9.665632215656753,8.010000000000002,-1.3074713416036203,-0.2109482468986424,0.0
22.8,uav_02,1,0.9906115536903848,3.8423583699193107,8.010000000000002,-1.3904648925325795,-0.1747675537337103,0.0
22.8,uav_03,1,1.3302123441146534,17.434993058172626,8.010000000000002,-1.1866182690045866,-0.23810906599868956,0.0
22.8,uav_04,1,1.0801298081236013,30.69750816220539,8.010000000000002,-1.334986005258859,-0.19833799824704706,0.0
22.8,uav_05,1,0.9952134737267208,44.22718790744578,8.010000000000002,-1.3905966029681858,-0.1747016985159071,0.0
22.8,uav_06,1,0.9702095543621972,57.758520330749484,8.010000000000002,-1.4082620212478592,-0.1658689893760704,0.0
22.9,uav_01,1,1.0172822026302442,-9.676283706907972,8.010000000000002,-1.381812373396439,-0.1830703599763354,0.0
22.9,uav_02,1,0.8651952858988268,3.832294785158009,8.010000000000002,-1.4630917794522633,-0.13845411027386828,0.0
22.9,uav_03,1,1.2364587468518171,17.417040911080857,8.010000000000002,-1.2432994865514304,-0.221914432413877,0.0
22.9,uav_04,1,0.949998671533128,30.67986153112021,8.010000000000002,-1.4195495649513596,-0.16522521752432018,0.0
22.9,uav_05,1,0.8571366716629498,44.21226628856482,8.010000000000002,-1.4688795573808857,-0.13556022130955714,0.0
22.9,uav_06,1,0.8308940653967198,57.74099059816762,8.010000000000002,-1.4873853051279968,-0.1263073474360016,0.0
23.0,uav_01,1,0.8766094101705963,-9.687827852205329,8.010000000000002,-1.4745146911257645,-0.1424379150552158,0.0
23.0,uav_02,1,0.7406662974204302,3.822860032713171,8.010000000000002,-1.5311805100373772,-0.1044097449813114,0.0
23.0,uav_03,1,1.104863519387974,17.404268277188404,8.010000000000002,-1.3268620973328897,-0.2007844756667776,0.0
23.0,uav_04,1,0.7944195357064501,30.66794527566366,8.010000000000002,-1.5055468063221438,-0.12222659683892809,0.0
23.0,uav_05,1,0.7091142159583991,44.20092882138503,8.010000000000002,-1.5506998008804584,-0.09465009955977076,0.0
23.0,uav_06,1,0.6902474016471325,57.73195205175302,8.010000000000002,-1.562308004861541,-0.08884599756922958,0.0
23.1,uav_01,1,0.7100957964459131,-9.699868953305112,8.010000000000002,-1.5520224002348153,-0.09898879988259238,0.0
23.1,uav_02,1,0.5809080424044974,3.8133240219096582,8.010000000000002,-1.6122225058723796,-0.06301571093006886,0.0
23.1,uav_03,1,0.9643856484185462,17.38162382611591,8.010000000000002,-1.4102825890417972,-0.15985870547910142,0.0
23.1,uav_04,1,0.6361238470830006,30.656193741775574,8.010000000000002,-1.5853108743341429,-0.07982235752334702,0.0
23.1,uav_05,1,0.5419359092314294,44.19686882318431,8.010000000000002,-1.6287235119005279,-0.05215799319969834,0.0
23.1,uav_06,1,0.5328610758703819,57.726231163222565,8.010000000000002,-1.6361256985806287,-0.04935674366821215,0.0
23.2,uav_01,1,0.5686021582977879,-9.710029021843376,8.010000000000002,-1.6253455905285037,-0.06232720473574813,0.0
23.2,uav_02,1,0.43700448210601534,3.8133240219096582,8.010000000000002,-1.67569374059134,-0.027153129704330044,0.0
23.2,uav_03,1,0.8211086220702913,17.36995493937374,8.010000000000002,-1.4944946225201075,-0.11831451655495973,0.0
23.2,uav_04,1,0.46214761211116284,30.65070034984267,8.010000000000002,-1.6615974832047486,-0.036230009597286436,0.0
23.2,uav_05,1,0.3654490899158139,44.19686882318431,8.010000000000002,-1.7040410006881752,-0.009119428178185594,0.0
23.2,uav_06,1,0.3629456094599653,57.72086680737392,8.010000000000002,-1.7031189695247413,-0.013440515237629291,0.0
23.3,uav_01,1,0.41759431282020343,-9.710673962673775,8.010000000000002,-1.6906110425901584,-0.025365118519909455,0.0
23.3,uav_02,1,0.25412771567904446,3.8133240219096582,8.010000000000002,-1.738872590289236,0.004436295144617945,0.0
23.3,uav_03,1,0.6512638747956764,17.359492494857474,8.010000000000002,-1.5825095955147503,-0.08374520224262479,0.0
23.3,uav_04,1,0.27876981357508096,30.65070034984267,8.010000000000002,-1.7303594291517033,0.00017971457585161388,0.0
23.3,uav_05,1,0.20209682518548674,44.19686882318431,8.010000000000002,-1.756262072003378,0.014504828801351205,0.0
23.3,uav_06,1,0.19340316293733098,57.72699779225405,8.010000000000002,-1.757653810193347,0.016592286116008194,0.0
23.4,uav_01,1,0.2590580147903692,-9.710673962673775,8.010000000000002,-1.7471693088618363,-0.004276897046054558,0.0
23.4,uav_02,1,0.09225787358094951,3.8142097570860187,8.010000000000002,-1.7931960871445645,0.032397065358423335,0.0
23.4,uav_03,1,0.47720876820627034,17.359492494857474,8.010000000000002,-1.6676605430504177,-0.03990826111404704,0.0
23.4,uav_04,1,0.10844102452845703,30.65794331934775,8.010000000000002,-1.7826694173686157,0.02960165042116946,0.0
23.4,uav_05,1,0.026867394408282536,44.20500749732765,8.010000000000002,-1.8067094948660896,0.04202569691965366,0.0
23.4,uav_06,1,0.03581703418726155,57.73195205175302,8.010000000000002,-1.8018101643844393,0.043086098630663566,0.0
23.5,uav_01,1,0.09960222164081882,-9.710673962673775,8.010000000000002,-1.7952140517027941,0.028171241362235217,0.0
23.5,uav_02,1,-0.0671749761892315,3.8243859424719586,8.010000000000002,-1.829915838330643,0.059936878747982286,0.0
23.5,uav_03,1,0.2926632976538749,17.359492494857474,8.010000000000002,-1.7366702491427386,2.149485643155799e-06,0.0
23.5,uav_04,1,-0.07068654801896625,30.661785594221772,8.010000000000002,-1.8259496261858088,0.05946221963935648,0.0
23.5,uav_05,1,-0.14608496913929764,44.20795406716959,8.010000000000002,-1.847664192250624,0.07074814418796806,0.0
23.5,uav_06,1,-0.11873495488249483,57.73504768790409,8.010000000000002,-1.8411702946555017,0.06837772099162628,0.0
23.6,uav_01,1,-0.067118649609199,-9.703698257909016,8.010000000000002,-1.8351711357050735,0.05258556785253676,0.0
23.6,uav_02,1,-0.23525322545948396,3.824409266288763,8.010000000000002,-1.8665937664190442,0.087445324814283,0.0
23.6,uav_03,1,0.11212675020020592,17.359492494857474,8.010000000000002,-1.7894184090879428,0.03165104545276572,0.0
23.6,uav_04,1,-0.2675061761124879,30.669793101578687,8.010000000000002,-1.8761178657098694,0.0916707194259217,0.0
23.6,uav_05,1,-0.33808832961448176,44.21573593191104,8.010000000000002,-1.8880800836691474,0.1010600627518605,0.0
23.6,uav_06,1,-0.2938720776049859,57.74563789160069,8.010000000000002,-1.8793839900033162,0.09469199500165815,0.0
23.7,uav_01,1,-0.25288615697133154,-9.69958871829467,8.010000000000002,-1.8757043066371308,0.07927822997784813,0.0
23.7,uav_02,1,-0.40622830753073014,3.8333340979340593,8.010000000000002,-1.9022043670203344,0.11415327526525079,0.0
23.7,uav_03,1,-0.08632340505627853,17.364712304553407,8.010000000000002,-1.8388351632762265,0.05941758163811321,0.0
23.7,uav_04,1,-0.4748896156925214,30.68186006097266,8.010000000000002,-1.914327535048461,0.12432753504846114,0.0
23.7,uav_05,1,-0.5247968860487388,44.2264613426927,8.010000000000002,-1.926781659980338,0.12339082999016908,0.0
23.7,uav_06,1,-0.4775452835485652,57.756613169800644,8.010000000000002,-1.9189871890887122,0.11674039181653417,0.0
23.8,uav_01,1,-0.4569795364577945,-9.691628334736686,8.010000000000002,-1.9187242520545584,0.11154318904091892,0.0
23.8,uav_02,1,-0.5684276173710474,3.8498086559022027,8.010000000000002,-1.935825584242677,0.13936918818200772,0.0
23.8,uav_03,1,-0.2852230824445332,17.376739383941388,8.010000000000002,-1.8822336818674952,0.08667526140062146,0.0
23.8,uav_04,1,-0.6807093426139681,30.703410529818218,8.010000000000002,-1.9638746465988741,0.15632478795932447,0.0
23.8,uav_05,1,-0.7205269763479347,44.245285428654626,8.010000000000002,-1.967353249919709,0.15735324991970912,0.0
23.8,uav_06,1,-0.6339631085049022,57.76595207993552,8.010000000000002,-1.9513428579953283,0.14134285799532836,0.0
23.9,uav_01,1,-0.6614586777806882,-9.671260723173152,8.010000000000002,-1.961109374852834,0.1433320311396256,0.0
23.9,uav_02,1,-0.7396121352162662,3.8635704647896394,8.010000000000002,-1.9713092856241374,0.1659819642181031,0.0
23.9,uav_03,1,-0.48806605297995653,17.388637810546236,8.010000000000002,-1.925167969548862,0.11887597716164645,0.0
23.9,uav_04,1,-0.8957083530603303,30.716595643391422,8.010000000000002,-2.0077766035245537,0.1883324526434153,0.0
23.9,uav_05,1,-0.9393014660200409,44.26955717671697,8.010000000000002,-2.0111443431305225,0.19335825734789197,0.0
23.9,uav_06,1,-0.8172045041072344,57.7860020621332,8.010000000000002,-1.987517040301372,0.17751704030137203,0.0
24.0,uav_01,1,-0.8775671730651732,-9.656856403059267,8.010000000000002,-2.0041953038393245,0.1841953038393247,0.0
24.0,uav_02,1,-0.9225482255959672,3.878900575004616,8.010000000000002,-2.008313230885952,0.19373492316446397,0.0
24.0,uav_03,1,-0.6931511351061824,17.408089481457736,8.010000000000002,-1.9676786935941735,0.15075902019563017,0.0
24.0,uav_04,1,-1.082698390463104,30.73643962370532,8.010000000000002,-2.0360181115532945,0.21601811155329445,0.0
24.0,uav_05,1,-1.1543195278552068,44.29308411167343,8.010000000000002,-2.045193732830945,0.21679582188729687,0.0
24.0,uav_06,1,-0.9800916667109595,57.80382491680659,8.010000000000002,-2.0196730381094694,0.20225477858210217,0.0
24.1,uav_01,1,-1.0946049908494198,-9.634717131904546,8.010000000000002,-2.0377809973286567,0.208520664885771,0.0
24.1,uav_02,1,-1.1119624225853109,3.899230282655403,8.010000000000002,-2.041244070148243,0.21749604676549542,0.0
24.1,uav_03,1,-0.906416448778695,17.423334275520794,8.010000000000002,-2.010366708275048,0.17518335413752392,0.0
24.1,uav_04,1,-1.2864604151318728,30.768411258896943,8.010000000000002,-2.066187023181536,0.2374580154543575,0.0
24.1,uav_05,1,-1.3432596288905927,44.31375763724717,8.010000000000002,-2.0731681172976333,0.2354454115317554,0.0
24.1,uav_06,1,-1.1617162137814419,57.823697986205744,8.010000000000002,-2.0491460255914307,0.22276401706095383,0.0
24.2,uav_01,1,-1.28653207705644,-9.613716775249031,8.010000000000002,-2.074930177884158,0.2274650889420789,0.0
24.2,uav_02,1,-1.297719558864869,3.918895488596641,8.010000000000002,-2.0678540468226814,0.23261801560756046,0.0
24.2,uav_03,1,-1.101947311355035,17.442059266964836,8.010000000000002,-2.041725240810902,0.20172524081090198,0.0
24.2,uav_04,1,-1.4711440724863525,30.789237525294098,8.010000000000002,-2.0924616005609837,0.24748720018699458,0.0
24.2,uav_05,1,-1.5045552329147798,44.33083362603213,8.010000000000002,-2.096274494348486,0.24542483144949537,0.0
24.2,uav_06,1,-1.3436955429465451,57.843069392150305,8.010000000000002,-2.075358446751737,0.23511948225057908,0.0
24.3,uav_01,1,-1.5138201337663655,-9.579321589562147,8.010000000000002,-2.0989953263846526,0.23949766319232618,0.0
24.3,uav_02,1,-1.4712307126658053,3.9390117759493415,8.010000000000002,-2.0933829362357717,0.24112764541192397,0.0
24.3,uav_03,1,-1.323787834617562,17.46550732944745,8.010000000000002,-2.073453990023831,0.22563599334922088,0.0
24.3,uav_04,1,-1.647249515906498,30.807630831515553,8.010000000000002,-2.1173505056108652,0.24421649812971163,0.0
24.3,uav_05,1,-1.6670851737860166,44.35122506204303,8.010000000000002,-2.1192447795198524,0.24691840682671587,0.0
24.3,uav_06,1,-1.5273544349208894,57.86643255617288,8.010000000000002,-2.101314877277027,0.24377162575900904,0.0
24.4,uav_01,1,-1.7391371371680826,-9.555242363080584,8.01010743103946,-2.1303222931183767,0.23989256896054104,0.0
24.4,uav_02,1,-1.6951443006022244,3.972233618203886,8.010000000000002,-2.125028545373657,0.2466476364175623,0.0
24.4,uav_03,1,-1.5519129351469658,17.49882826218901,8.010000000000002,-2.1056948102226483,0.23856493674088278,0.0
24.4,uav_04,1,-1.8321120431326663,30.8319186480344,8.010000000000002,-2.1434770454727605,0.23550765150907982,0.0
24.4,uav_05,1,-1.84207638288986,44.377043454825035,8.011267777164797,-2.1438033314943885,0.23746444567040764,0.0
24.4,uav_06,1,-1.722944325887156,57.893765217470495,8.010000000000002,-2.128957510749532,0.24402832616697856,0.0
24.5,uav_01,1,-1.9815794843317582,-9.531021459598632,8.02,-2.1630968126741092,0.22793545821726058,0.0
24.5,uav_02,1,-1.9157400796689261,3.995074329010015,8.010000000000002,-2.15593545653806,0.2260430289746265,0.0
24.5,uav_03,1,-1.783841520849095,17.524642810377767,8.010000000000002,-2.138473175450261,0.24,0.0
24.5,uav_04,1,-2.0321034878208684,30.858534814227202,8.010000000000002,-2.1674874918345175,0.22251250816548246,0.0
24.5,uav_05,1,-2.0025678435157097,44.39307715650204,8.018499779062395,-2.1654993371871885,0.2230004418752077,0.0
24.5,uav_06,1,-1.9223085132819273,57.91435857010664,8.010000000000002,-2.1545489392693504,0.22545106073064963,0.0
24.6,uav_01,1,-2.2203097585697193,-9.50717140600164,8.02,-2.1935796777008254,0.20463048344876153,0.0
24.6,uav_02,1,-2.125049823468701,4.015985160650777,8.011410317277997,-2.1828206345559935,0.20717936544400672,0.0
24.6,uav_03,1,-2.0056331151662445,17.547807799385915,8.019939628053661,-2.1698188841609882,0.23006037194633727,0.0
24.6,uav_04,1,-2.222855616532095,30.877591670217278,8.012339341863036,-2.1870180255891056,0.2029819744108945,0.0
24.6,uav_05,1,-2.1983502135694293,44.41263655262468,8.02,-2.1919661372081314,0.20535590852791252,0.0
24.6,uav_06,1,-2.1206253173695853,57.93429319827492,8.011265984769864,-2.1737979543095887,0.20746803046027426,0.0
24.7,uav_01,1,-2.4616882756275906,-9.483056782844216,8.02,-2.218000222430717,0.171999777569283,0.0
24.7,uav_02,1,-2.306392336011375,4.034101960662945,8.01958190092307,-2.1991638018461406,0.19083619815385952,0.0
24.7,uav_03,1,-2.251974401370969,17.572424041413925,8.02,-2.193128355602845,0.19791442959810338,0.0
24.7,uav_04,1,-2.383635792091537,30.893654215219513,8.019584353672535,-2.208753061017603,0.1812469389823968,0.0
24.7,uav_05,1,-2.373474382015837,44.430132116604156,8.02,-2.210426841668587,0.18435973749712004,0.0
24.7,uav_06,1,-2.2945293053573805,57.952456573594056,8.019458576209711,-2.1983757286291348,0.19108284758057686,0.0
24.8,uav_01,1,-2.700451472684342,-9.459519904840045,8.02,-2.246566101865312,0.14343389813468846,0.0
24.8,uav_02,1,-2.506795073828563,4.0541229491897495,8.02,-2.2258371062492386,0.16416289375076148,0.0
24.8,uav_03,1,-2.458850752503357,17.593058053735408,8.02,-2.2210492727910736,0.1789507272089265,0.0
24.8,uav_04,1,-2.585517471576081,30.904199339565185,8.02,-2.2273629300534585,0.15395560491981217,0.0
24.8,uav_05,1,-2.554824169280652,44.44434055645269,8.02,-2.2297328302986177,0.16026716970138247,0.0
24.8,uav_06,1,-2.5032435407474263,57.97336010185371,8.02,-2.2266613408801046,0.16333865911989526,0.0
24.9,uav_01,1,-2.956826681306823,-9.439591313116546,8.02,-2.26,0.11636894026760056,0.0
24.9,uav_02,1,-2.7272221092594844,4.075355063350551,8.02,-2.2463782299775934,0.13543265503360966,0.0
24.9,uav_03,1,-2.709315306116496,17.615745460183557,8.02,-2.2511658270337445,0.14650251889876686,0.0
24.9,uav_04,1,-2.7616466185266644,30.91972231361663,8.02,-2.2426847416080635,0.13731525839193634,0.0
24.9,uav_05,1,-2.7606389245777296,44.4567621342483,8.02,-2.252224891673165,0.13555021665366973,0.0
24.9,uav_06,1,-2.717031606142961,57.99393121354809,8.02,-2.246331429343367,0.14366857065663294,0.0
25.0,uav_01,1,-3.2046143499020943,-9.42747756074342,8.02,-2.26,0.08905699252823066,0.0
25.0,uav_02,1,-2.9575557554339404,4.088780794390048,8.02,-2.258489583279035,0.11302083344193012,0.0
25.0,uav_03,1,-2.925864210354003,17.62673505875971,8.02,-2.26,0.11892045503494286,0.0
25.0,uav_04,1,-2.942158718307804,30.932418099296427,8.02,-2.2541376111972755,0.12172477760544882,0.0
25.0,uav_05,1,-2.9404158088701853,44.47434617154286,8.02,-2.26,0.1190629640262577,0.0
25.0,uav_06,1,-2.962304719077056,58.00770592367495,8.02,-2.2587575967132647,0.11372720986020571,0.0
25.1,uav_01,1,-3.4578374088766637,-9.415355632519232,8.02,-2.2535933034420683,0.07359330344206855,0.0
25.1,uav_02,1,-3.159301063774833,4.098508217972343,8.02,-2.26,0.0954706134634971,0.0
25.1,uav_03,1,-3.157855424865485,17.648764453933495,8.02,-2.26,0.09809547046933485,0.0
25.1,uav_04,1,-3.1284817488001146,30.941442737798162,8.02,-2.26,0.10544252311813324,0.0
25.1,uav_05,1,-3.1314437053551285,44.483490783046975,8.02,-2.26,0.09431489932497832,0.0
25.1,uav_06,1,-3.151631728697339,58.01710328445911,8.02,-2.26,0.09553008595980965,0.0
25.2,uav_01,1,-3.6907903202358447,-9.403892381316263,8.02,-2.236504606645891,0.06325230332294536,0.0
25.2,uav_02,1,-3.390187745710172,4.109560891566339,8.02,-2.26,0.07552937748578092,0.0
25.2,uav_03,1,-3.338368660934299,17.657405722803514,8.02,-2.26,0.08250489154387948,0.0
25.2,uav_04,1,-3.307441407569929,30.95073059439775,8.02,-2.259671342616415,0.08934268523283016,0.0
25.2,uav_05,1,-3.370929865983913,44.49495511857001,8.02,-2.26,0.08109632161829407,0.0
25.2,uav_06,1,-3.38142534609139,58.02823134569395,8.02,-2.26,0.07545283558413501,0.0
25.3,uav_01,1,-3.919362717574494,-9.392800274641091,8.02,-2.20973833853505,0.06,0.0
25.3,uav_02,1,-3.6124454148806113,4.120200489634336,8.02,-2.2463334126443524,0.07,0.0
25.3,uav_03,1,-3.560226481146322,17.66802617987979,8.02,-2.2433434608833243,0.07167173044166208,0.0
25.3,uav_04,1,-3.4967745124318546,30.96885755585138,8.02,-2.2514951756526083,0.0729903513052167,0.0
25.3,uav_05,1,-3.577469518040689,44.505219323847186,8.02,-2.243673961559162,0.07183698077958081,0.0
25.3,uav_06,1,-3.6064468670188936,58.03900325088064,8.02,-2.2460181622142064,0.07,0.0
25.4,uav_01,1,-4.148536263282936,-9.381509076558547,8.02,-2.1722412869726777,0.06,0.0
25.4,uav_02,1,-3.8435768335431444,4.131593314334396,8.02,-2.2186677134990145,0.06288923783300489,0.0
25.4,uav_03,1,-3.800181118555335,17.66987933392797,8.02,-2.221863349294845,0.060931674647422475,0.0
25.4,uav_04,1,-3.7067587838620732,30.972172433292265,8.02,-2.234854416078899,0.07,0.0
25.4,uav_05,1,-3.823529037332892,44.51708317704326,8.02,-2.2222691952541833,0.06113459762709165,0.0
25.4,uav_06,1,-3.831903103653762,58.050120186519564,8.02,-2.2189414765077524,0.06298049216925074,0.0
25.5,uav_01,1,-4.359083105945933,-9.37066801205611,8.02,-2.1264029816210956,0.06,0.0
25.5,uav_02,1,-4.087056283428211,4.143755571424038,8.02,-2.185752993387784,0.06,0.0
25.5,uav_03,1,-4.0484906948805595,17.68077629943407,8.02,-2.190509538119586,0.06,0.0
25.5,uav_04,1,-3.917275786629887,30.979880551274608,8.02,-2.2091395181231954,0.06304650604106514,0.0
25.5,uav_05,1,-3.993912730012817,44.52553947962786,8.02,-2.200518498803661,0.06,0.0
25.5,uav_06,1,-4.069339472506365,58.06198058035728,8.02,-2.186843688990903,0.06,0.0
25.6,uav_01,1,-4.586321475664766,-9.359158913395007,8.02,-2.0744911866822524,0.06,0.0
25.6,uav_02,1,-4.3236044661003135,4.1555715988132755,8.02,-2.1450337001608966,0.06,0.0
25.6,uav_03,1,-4.285116905355012,17.692612502741145,8.02,-2.147462029570363,0.06,0.0
25.6,uav_04,1,-4.144373658574518,30.99122451754701,8.02,-2.171252450965563,0.06,0.0
25.6,uav_05,1,-4.191958356412264,44.53543223155167,8.02,-2.168327654527204,0.06,0.0
25.6,uav_06,1,-4.3075050299634245,58.07387739861956,8.02,-2.1461964351482954,0.06,0.0
25.7,uav_01,1,-4.786097285370133,-9.355946146480687,8.02,-2.013202819020842,0.06,0.0
25.7,uav_02,1,-4.523061883423321,4.165924339427239,8.02,-2.0915152988125847,0.06,0.0
25.7,uav_03,1,-4.507119003513717,17.704205990433813,8.02,-2.09420351723185,0.06,0.0
25.7,uav_04,1,-4.380913015186978,31.00304010390655,8.02,-2.128617084288044,0.06,0.0
25.7,uav_05,1,-4.410512405854589,44.54634941784876,8.02,-2.1184011120839474,0.06,0.0
25.7,uav_06,1,-4.510642315296087,58.08440766409441,8.02,-2.092298530159008,0.06,0.0
25.8,uav_01,1,-4.973021444993202,-9.349394087471168,8.02,-1.9486257071765516,0.06,0.0
25.8,uav_02,1,-4.7463838683500965,4.1775867547552545,8.02,-2.028391302598756,0.06,0.0
25.8,uav_03,1,-4.703073907159415,17.71443923016774,8.02,-2.038815076130834,0.06,0.0
25.8,uav_04,1,-4.58681988919615,31.013684511727337,8.02,-2.0753116986371065,0.06,0.0
25.8,uav_05,1,-4.623264186686393,44.55748916356173,8.02,-2.063421765111163,0.06,0.0
25.8,uav_06,1,-4.736961073994701,58.086679867552284,8.02,-2.0283274684262,0.06,0.0
25.9,uav_01,1,-5.141850174515878,-9.339922436823102,8.02,-1.88436007720955,0.05554500965119374,0.0
25.9,uav_02,1,-4.965972123072307,4.189526428732037,8.02,-1.9543943858872717,0.06,0.0
25.9,uav_03,1,-4.898389546101578,17.72463908624049,8.02,-1.983607329378907,0.06,0.0
25.9,uav_04,1,-4.805243740356439,31.025091134420872,8.02,-2.013572204541083,0.06,0.0
25.9,uav_05,1,-4.846000925637005,44.56268188336268,8.02,-1.9978483286989968,0.06,0.0
25.9,uav_06,1,-4.9518983768806955,58.09682711953821,8.02,-1.9559231411845326,0.06,0.0
26.0,uav_01,1,-5.294315317126063,-9.331026678563054,8.02,-1.8152014528571778,0.05,0.0
26.0,uav_02,1,-5.175719407410866,4.19022232646713,8.02,-1.8722085909831068,0.06,0.0
26.0,uav_03,1,-5.0742247311315465,17.725305555035842,8.02,-1.9123953350220475,0.051549416877755945,0.0
26.0,uav_04,1,-5.02333992890223,31.03690359794894,8.02,-1.9328480763755556,0.06,0.0
26.0,uav_05,1,-5.043054862184137,44.56915049388697,8.02,-1.9233173250286042,0.06,0.0
26.0,uav_06,1,-5.174300751211581,58.10900975797739,8.02,-1.8687058336253564,0.059856203736150686,0.0
26.1,uav_01,1,-5.443708348902582,-9.322690413737199,8.02,-1.733710165992198,0.04937101659921981,0.0
26.1,uav_02,1,-5.376807389678284,4.2020434794477906,8.02,-1.7733613642585138,0.049336136425851385,0.0
26.1,uav_03,1,-5.237111403681452,17.732944959165717,8.02,-1.8379764353247239,0.05,0.0
26.1,uav_04,1,-5.233374845674779,31.04887996867485,8.02,-1.8372191194689107,0.06,0.0
26.1,uav_05,1,-5.221765546126587,44.57941646935275,8.02,-1.844133552401443,0.05490372804460479,0.0
26.1,uav_06,1,-5.3688939830758144,58.119935600295776,8.02,-1.7724148316233324,0.05,0.0
26.2,uav_01,1,-5.591085279559793,-9.322690413737199,8.02,-1.6533186270385412,0.04133186270385412,0.0
26.2,uav_02,1,-5.57405358141395,4.212392814831513,8.02,-1.6625018011330739,0.04,0.0
26.2,uav_03,1,-5.380461872842193,17.741431725182046,8.02,-1.7645258022846055,0.04545258022846055,0.0
26.2,uav_04,1,-5.408235690003775,31.049769143158347,8.02,-1.7517538930997631,0.0513059881221959,0.0
26.2,uav_05,1,-5.397171120215708,44.5897368057699,8.02,-1.7559375158923165,0.04559375158923165,0.0
26.2,uav_06,1,-5.558839533957747,58.121245788506606,8.02,-1.6669988700056841,0.04881807909142583,0.0
26.3,uav_01,1,-5.746104344189481,-9.313864018480109,8.02,-1.5524147849547245,0.032037707723156776,0.0
26.3,uav_02,1,-5.727171902323994,4.2134189868845855,8.02,-1.5588914811295584,0.03907429009412986,0.0
26.3,uav_03,1,-5.520366418065462,17.747476043400226,8.02,-1.6869997811786386,0.04,0.0
26.3,uav_04,1,-5.595368332522038,31.060185185499883,8.02,-1.6460368688739044,0.040603686887390446,0.0
26.3,uav_05,1,-5.56419948496598,44.59593761610617,8.02,-1.6628723779710948,0.04,0.0
26.3,uav_06,1,-5.72538413923103,58.13198278065936,8.02,-1.5604546120344132,0.03913223745767393,0.0
26.4,uav_01,1,-5.866536839522007,-9.311605169751921,8.02,-1.4623670792715482,0.024363923272629016,0.0
26.4,uav_02,1,-5.897484650019404,4.223478059210618,8.02,-1.4321983534982987,0.02851652945819156,0.0
26.4,uav_03,1,-5.679307674875532,17.7491798962673,8.02,-1.5930924958468717,0.03846295416789742,0.0
26.4,uav_04,1,-5.747759607843715,31.070444721838022,8.02,-1.5448341398434229,0.03134855816758389,0.0
26.4,uav_05,1,-5.718011746344721,44.59895301948648,8.02,-1.5673576507546618,0.03727980422955514,0.0
26.4,uav_06,1,-5.891854900778341,58.14210608905398,8.02,-1.4385359510405193,0.028348919310809174,0.0
26.5,uav_01,1,-5.99502101656417,-9.306924212121638,8.02,-1.3551049998425095,0.02,0.0
26.5,uav_02,1,-6.054957592334394,4.22628576600629,8.02,-1.2970731754824576,0.017467167344804427,0.0
26.5,uav_03,1,-5.830387155823837,17.75856128777933,8.02,-1.4896722405362897,0.02920555696432998,0.0
26.5,uav_04,1,-5.911979225119457,31.071939631522735,8.02,-1.419544141581363,0.03,0.0
26.5,uav_05,1,-5.861167589772239,44.60702286009144,8.02,-1.460310042632717,0.02835917021939307,0.0
26.5,uav_06,1,-6.031529888678143,58.14210608905398,8.02,-1.3196196931451356,0.019201514857318115,0.0
26.6,uav_01,1,-6.1252938895370965,-9.300519925372816,8.02,-1.231642623610881,0.016280201816221623,0.0
26.6,uav_02,1,-6.191736389627759,4.2345633031958965,8.02,-1.1627805019960087,0.01,0.0
26.6,uav_03,1,-5.973085714171707,17.758609292325314,8.02,-1.3694370362290151,0.019956695094539612,0.0
26.6,uav_04,1,-6.050068597056796,31.081575858616656,8.02,-1.2969930621853245,0.02130715862964034,0.0
26.6,uav_05,1,-6.006552349441725,44.608891954359315,8.02,-1.3380805685004322,0.018313889884648618,0.0
26.6,uav_06,1,-6.174759366276945,58.143918916825136,8.02,-1.1787404219011033,0.01,0.0
26.7,uav_01,1,-6.231369433627978,-9.300519925372816,8.02,-1.11934616266461,0.01,0.0
26.7,uav_02,1,-6.307802775999995,4.2345633031958965,8.02,-1.0374850513501364,0.01,0.0
26.7,uav_03,1,-6.082979775540712,17.767627617694735,8.02,-1.263676418065781,0.011821262928136988,0.0
26.7,uav_04,1,-6.192920796694062,31.083024875901838,8.02,-1.160727751049025,0.010825211619155777,0.0
26.7,uav_05,1,-6.149813227063257,44.61810810447055,8.02,-1.2062303704576094,0.01,0.0
26.7,uav_06,1,-6.2936325710645535,58.15319133303926,8.02,-1.0471735897757593,0.01,0.0
26.8,uav_01,1,-6.346252095471104,-9.297762504223584,8.02,-0.9876628915754104,0.01,0.0
26.8,uav_02,1,-6.416113666149155,4.237863144623434,8.02,-0.9042785528435492,0.007023212736962438,0.0
26.8,uav_03,1,-6.198360852594866,17.769646532158436,8.02,-1.1531521201938997,0.01,0.0
26.8,uav_04,1,-6.303263865646266,31.083024875901838,8.02,-1.0386241838546455,0.0014326295272804202,0.0
26.8,uav_05,1,-6.269538516778166,44.61810810447055,8.02,-1.0788987209769927,0.01,0.0
26.8,uav_06,1,-6.400908512067108,58.15319133303926,8.02,-0.9317883055374534,0.01,0.0
26.9,uav_01,1,-6.434617422680204,-9.289434680993711,8.02,-0.8801599749545904,0.009105452268599129,0.0
26.9,uav_02,1,-6.505582539171403,4.2456485475750005,8.02,-0.7913701089849084,0.0,0.0
26.9,uav_03,1,-6.3087918245998225,17.769646532158436,8.02,-1.0349174749252479,0.01,0.0
26.9,uav_04,1,-6.418149288110918,31.083024875901838,8.02,-0.9088607714099219,0.0,0.0
26.9,uav_05,1,-6.381304725140775,44.61810810447055,8.02,-0.9441549422926814,0.01,0.0
26.9,uav_06,1,-6.4900141081158065,58.15397463255096,8.02,-0.8122272398027007,0.009293385436609162,0.0
27.0,uav_01,1,-6.533212800309172,-9.289434680993711,8.02,-0.7605200826734304,0.0,0.0
27.0,uav_02,1,-6.592466771918928,4.2456485475750005,8.02,-0.6761852122298257,0.0,0.0
27.0,uav_03,1,-6.410590260366894,17.77610049453934,8.02,-0.9143124363675285,0.00417787972057911,0.0
27.0,uav_04,1,-6.500945097665937,31.092593731476068,8.02,-0.7964152101268479,0.0,0.0
27.0,uav_05,1,-6.4780172434608065,44.61982333410385,8.02,-0.8298849854182074,0.008452691186015961,0.0
27.0,uav_06,1,-6.561080377470047,58.163046584085386,8.02,-0.7222053481187115,0.0011095771017010526,0.0
27.1,uav_01,1,-6.606005878947607,-9.289434680993711,8.02,-0.6240312958566184,0.0,0.0
27.1,uav_02,1,-6.66353064454746,4.2456485475750005,8.02,-0.5495125462666769,0.0,0.0
27.1,uav_03,1,-6.49957965297575,17.780731776143714,8.014858508545187,-0.7777361367229847,0.0,0.0
27.1,uav_04,1,-6.593972946486087,31.094110119887116,8.02,-0.6491712200717632,0.0,0.0
27.1,uav_05,1,-6.56892347841095,44.629193348849654,8.01740821051136,-0.6785313681817812,0.0,0.0
27.1,uav_06,1,-6.6451269859746285,58.16427657741837,8.018982696923347,-0.5627058476968959,0.0,0.0
27.2,uav_01,1,-6.673420669887795,-9.289434680993711,8.018388707638152,-0.4393854451249057,0.0,0.0
27.2,uav_02,1,-6.717765224732792,4.2456485475750005,8.016898847276222,-0.38417925097197875,0.0,0.0
27.2,uav_03,1,-6.57185315372916,17.780731776143714,8.010000000000002,-0.6109174517403226,0.0,0.0
27.2,uav_04,1,-6.658638576299021,31.094110119887116,8.02,-0.46572591097984767,0.0,0.0
27.2,uav_05,1,-6.639406037020753,44.629193348849654,8.010000000000002,-0.4928925284701729,0.0,0.0
27.2,uav_06,1,-6.711932380739854,58.16427657741837,8.010000000000002,-0.3813829089358201,0.0,0.0
27.3,uav_01,1,-6.70879406095571,-9.289434680993711,8.010000000000002,-0.2613595225273987,-0.0010355820818111847,0.0
27.3,uav_02,1,-6.752559185847624,4.2456485475750005,8.010000000000002,-0.21202795015328119,-0.002821885285101106,0.0
27.3,uav_03,1,-6.627391478905912,17.780731776143714,8.010000000000002,-0.42504102365140956,0.0,0.0
27.3,uav_04,1,-6.708676699486706,31.094110119887116,8.019004963048731,-0.2620893348771766,-0.0009950369512679669,0.0
27.3,uav_05,1,-6.693868428007467,44.629193348849654,8.010000000000002,-0.2862215456690461,0.0,0.0
27.3,uav_06,1,-6.746405754400898,58.16427657741837,8.010000000000002,-0.21225084301009767,0.0,0.0
27.4,uav_01,1,-6.737336373235583,-9.289434680993711,8.010000000000002,-0.07983642345495832,-0.01,0.0
27.4,uav_02,1,-6.776277920727005,4.2456485475750005,8.010000000000002,-0.04732588995586012,-0.01,0.0
27.4,uav_03,1,-6.66796355031784,17.780731776143714,8.010000000000002,-0.23526408335629312,-0.0035964398135392706,0.0
27.4,uav_04,1,-6.736253128406678,31.094110119887116,8.010000000000002,-0.07807902837808858,-0.01,0.0
27.4,uav_05,1,-6.725504811529721,44.629193348849654,8.010000000000002,-0.09659161819106893,-0.0052130238630581915,0.0
27.4,uav_06,1,-6.765339526414846,58.16427657741837,8.010000000000002,-0.03604018924507884,-0.0017114150539229399,0.0
27.5,uav_01,1,-6.751684456294544,-9.289434680993711,8.010000000000002,0.0841729945936235,-0.01,0.0
27.5,uav_02,1,-6.782985502063385,4.2456485475750005,8.010000000000002,0.0871869503141836,-0.01,0.0
27.5,uav_03,1,-6.690763686961928,17.780731776143714,8.010000000000002,-0.04044426144051799,-0.01,0.0
27.5,uav_04,1,-6.744390989512007,31.094110119887116,8.010000000000002,0.07330430662693685,-0.01,0.0
27.5,uav_05,1,-6.7347423620597375,44.629193348849654,8.010000000000002,0.07060312495453934,-0.01,0.0
27.5,uav_06,1,-6.771529054816709,58.16427657741837,8.010000000000002,0.1062311484724513,-0.01,0.0
27.6,uav_01,1,-6.738676648793509,-9.289434680993711,8.010000000000002,0.22849585053916158,-0.01,0.0
27.6,uav_02,1,-6.77860982314736,4.2456485475750005,8.010000000000002,0.21947767552839878,-0.01,0.0
27.6,uav_03,1,-6.69614784950836,17.780731776143714,8.010000000000002,0.1446797938731479,-0.01,0.0
27.6,uav_04,1,-6.737381364383735,31.094110119887116,8.010000000000002,0.22358935816447134,-0.01,0.0
27.6,uav_05,1,-6.727975957284332,44.629193348849654,8.010000000000002,0.22817940827586491,-0.01,0.0
27.6,uav_06,1,-6.7617355696865316,58.16427657741837,8.010000000000002,0.23214271753413956,-0.01,0.0
27.7,uav_01,1,-6.716540649336185,-9.289434680993711,8.010000000000002,0.3495485326359967,-0.007045146736400329,0.0
27.7,uav_02,1,-6.764768826255837,4.2456485475750005,8.010000000000002,0.3127204438365958,-0.01,0.0
27.7,uav_03,1,-6.684695152295075,17.780731776143714,8.010000000000002,0.30308837209567746,-0.01,0.0
27.7,uav_04,1,-6.716236941407847,31.094110119887116,8.010000000000002,0.3458966378532739,-0.01,0.0
27.7,uav_05,1,-6.70566690379788,44.629193348849654,8.010000000000002,0.3438257383437296,-0.01,0.0
27.7,uav_06,1,-6.745046743556655,58.16427657741837,8.010000000000002,0.3359221930706824,-0.01,0.0
27.8,uav_01,1,-6.685414627613482,-9.289434680993711,8.010000000000002,0.43854015236804084,0.0037080304736081746,0.0
27.8,uav_02,1,-6.7378329776249775,4.2456485475750005,8.010000000000002,0.40932278041919135,-0.0010677219580808653,0.0
27.8,uav_03,1,-6.656989589366968,17.780731776143714,8.010000000000002,0.42175283382994444,0.003722851962209877,0.0
27.8,uav_04,1,-6.684775968140425,31.094110119887116,8.010000000000002,0.432679012912552,0.0008930043041840002,0.0
27.8,uav_05,1,-6.675610239075844,44.629193348849654,8.010000000000002,0.4296662234875058,-0.002904825216070597,0.0
27.8,uav_06,1,-6.7140813931772865,58.16427657741837,8.010000000000002,0.43176671826719887,0.00035334365343977304,0.0
27.9,uav_01,1,-6.645423939538604,-9.284430555342066,8.010000000000002,0.48354266714821204,0.028056889530949418,0.0
27.9,uav_02,1,-6.702919833694624,4.2456485475750005,8.010000000000002,0.46947210304483306,0.0,0.0
27.9,uav_03,1,-6.618101735863795,17.78929188544925,8.010000000000002,0.48088830164780116,0.03316622623585087,0.0
27.9,uav_04,1,-6.643309816543568,31.094110119887116,8.010000000000002,0.4723811120583681,0.028571668087552113,0.0
27.9,uav_05,1,-6.637084776039027,44.629193348849654,8.010000000000002,0.48121396048340714,0.02341047036255535,0.0
27.9,uav_06,1,-6.682719421682122,58.16427657741837,8.010000000000002,0.47239680972568776,0.008479361945137558,0.0
28.0,uav_01,1,-6.598700844326582,-9.278349437008433,8.015248927920313,0.5,0.07624463960156017,0.0
28.0,uav_02,1,-6.663864377802474,4.2456485475750005,8.010000000000002,0.5050943485783707,0.03345913143782747,0.0
28.0,uav_03,1,-6.568622779843176,17.791817020522817,8.010000000000002,0.49843382439598377,0.08216912197991882,0.008433824395983764
28.0,uav_04,1,-6.602149482236099,31.101709466396322,8.01685537120276,0.48,0.07427685601379892,0.0
28.0,uav_05,1,-6.588588119102516,44.638388937753845,8.010000000000002,0.49,0.07147670956273369,0.0
28.0,uav_06,1,-6.644458550317236,58.16427657741837,8.010000000000002,0.49678582823001854,0.04357165646003707,0.0
28.1,uav_01,1,-6.551930130796429,-9.27181586848613,8.02,0.4882121344395072,0.1412575294617248,0.0
28.1,uav_02,1,-6.614737931154041,4.255486614427206,8.010000000000002,0.51,0.08437460517672182,0.0
28.1,uav_03,1,-6.5257972737832874,17.812077629236665,8.010000000000002,0.4908614513217517,0.14483129206948997,0.0008614513217516714
28.1,uav_04,1,-6.554365948992622,31.113386282481297,8.02,0.47261097190557416,0.13433416856655483,0.0
28.1,uav_05,1,-6.54511424352255,44.650403235205175,8.010000000000002,0.4808665591628071,0.13480064502315742,0.0
28.1,uav_06,1,-6.593814825427542,58.17448822978935,8.010000000000002,0.5,0.09605966283537132,0.0
28.2,uav_01,1,-6.509991522026777,-9.254551888680094,8.02,0.4685322292046063,0.21013719778387793,0.0
28.2,uav_02,1,-6.568054354054009,4.266213504185167,8.018551649601624,0.49289670079675185,0.14130989760974438,0.0
28.2,uav_03,1,-6.484058715414661,17.82502085712246,8.010000000000002,0.4800468155162604,0.21967229138617705,0.0
28.2,uav_04,1,-6.5100048917674425,31.134527854737392,8.02,0.45353915728678246,0.21584337085287025,0.0
28.2,uav_05,1,-6.503728241831684,44.67321668395015,8.010000000000002,0.4701432722739576,0.21885382180833923,0.0
28.2,uav_06,1,-6.557289345765104,58.184760801667615,8.018478820928637,0.4830423581427241,0.15935174650046557,0.0
28.3,uav_01,1,-6.4740700251135115,-9.228328505551671,8.02,0.4499174083201889,0.2803303667192444,0.0
28.3,uav_02,1,-6.535137110680637,4.282714406919747,8.02,0.47656288443361733,0.20374846226553067,0.0
28.3,uav_03,1,-6.432787285394031,17.860782184174983,8.01073782712416,0.45852434575168227,0.30590261699327087,0.0
28.3,uav_04,1,-6.468137036570499,31.15857870395149,8.02,0.4318428835567576,0.29354990755134847,0.0
28.3,uav_05,1,-6.459121956450687,44.69377935724843,8.010000000000002,0.4426054325313262,0.2839206574269055,0.0
28.3,uav_06,1,-6.518357388930759,58.20164050941355,8.02,0.4662939930675465,0.21797102426358733,0.0
28.4,uav_01,1,-6.43087848722924,-9.19525691734482,8.02,0.42504222928612045,0.3598873885703454,0.0
28.4,uav_02,1,-6.492869134945927,4.303593988353164,8.02,0.45159111775260796,0.272954058577248,0.0
28.4,uav_03,1,-6.391566494298121,17.896300902291603,8.02,0.4357450792847905,0.39134645524055867,0.0
28.4,uav_04,1,-6.42622160624373,31.19367453110876,8.02,0.4001829341819477,0.3795121755148061,0.0
28.4,uav_05,1,-6.418154201613468,44.727395267782974,8.019529320460562,0.420941359078876,0.366234563684496,0.0
28.4,uav_06,1,-6.477540171391113,58.230706566167555,8.02,0.44007350029214265,0.2931373325542863,0.0
28.5,uav_01,1,-6.3844030173727235,-9.152978012284265,8.02,0.39267681849483305,0.44619515068044513,0.0
28.5,uav_02,1,-6.453509810493422,4.33001346569714,8.02,0.42926293233538293,0.3429482706584682,0.0
28.5,uav_03,1,-6.355881078652007,17.928523288410233,8.02,0.4080063568254288,0.4646518340739994,0.0
28.5,uav_04,1,-6.385452409452961,31.240446394301784,8.02,0.36899501580425276,0.464019936782989,0.0
28.5,uav_05,1,-6.375235821306765,44.77618214753456,8.02,0.3880510417817006,0.4551972219154651,0.0
28.5,uav_06,1,-6.440798360816555,58.26236588124123,8.02,0.41767575255980555,0.36929698976077774,0.0
28.6,uav_01,1,-6.352240475936215,-9.109955157429994,8.02,0.36356862716969124,0.5238169942141567,0.0
28.6,uav_02,1,-6.416705781978283,4.3671632749951685,8.02,0.40528616376929855,0.41923689661520386,0.0
28.6,uav_03,1,-6.315529550261501,17.986472791057402,8.02,0.3766406053211276,0.5389583858103264,0.0
28.6,uav_04,1,-6.343707553210258,31.289868657124433,8.02,0.3447249625786739,0.5505500748426522,0.0
28.6,uav_05,1,-6.333809795609297,44.82530966394472,8.02,0.35585007085455594,0.5410664777211841,0.0
28.6,uav_06,1,-6.401186581628657,58.303621210306275,8.02,0.3907228940043651,0.45140561598835977,0.0
28.7,uav_01,1,-6.321149310137179,-9.064051187206813,8.02,0.3360089159195987,0.5973095575477368,0.0
28.7,uav_02,1,-6.378352579740631,4.411227012122934,8.02,0.37547373731105826,0.49873670050384467,0.0
28.7,uav_03,1,-6.283863323195112,18.031949186520833,8.02,0.3520260487639734,0.6045972032960708,0.0
28.7,uav_04,1,-6.307698015478359,31.34374078873781,8.02,0.30826938251171054,0.6269224699531577,0.0
28.7,uav_05,1,-6.293432875301866,44.886704602620455,8.02,0.32261944245250884,0.6296814867933097,0.0
28.7,uav_06,1,-6.365868060961088,58.34419842270501,8.02,0.3632693633160503,0.5246150311571991,0.0
28.8,uav_01,1,-6.287625853451732,-9.004767709464536,8.02,0.3066009474864775,0.6757308067027267,0.0
28.8,uav_02,1,-6.340608650740692,4.459714025158703,8.02,0.3461349061105878,0.5769735837050993,0.0
28.8,uav_03,1,-6.2433023180764735,18.090199520324035,8.02,0.3204974693593421,0.6985075919219738,0.0
28.8,uav_04,1,-6.277063589536947,31.41573803152307,8.02,0.2856540402609115,0.7130378792172654,-0.0014486532463628152
28.8,uav_05,1,-6.262773911401805,44.95217751674352,8.02,0.29389598521809834,0.7174680665185573,-0.0030520073909508227
28.8,uav_06,1,-6.3304201786696925,58.39020257830847,8.02,0.33571527859154043,0.5980925904225588,0.0
28.9,uav_01,1,-6.256445600371786,-8.927315398735693,8.02,0.27952347354098034,0.7671443690655885,-0.0052382632295098295
28.9,uav_02,1,-6.306715679131114,4.519706904946179,8.02,0.31184795143714394,0.6608421092664261,0.0
28.9,uav_03,1,-6.216836854568214,18.160350291986262,8.02,0.30215602777707085,0.7713758888917167,-0.008921986111464586
28.9,uav_04,1,-6.246120751601202,31.498688077807568,8.02,0.25786145456263365,0.8071083634989307,-0.01
28.9,uav_05,1,-6.232166611717804,45.03422806657737,8.01637401980553,0.27274803961105953,0.809007841555762,-0.01
28.9,uav_06,1,-6.296829600257202,58.44996579015679,8.02,0.3061398657130089,0.676960358098643,0.0
29.0,uav_01,1,-6.229253615018043,-8.8544204556293,8.015367660239127,0.2653676602391271,0.8470587180869834,-0.01
29.0,uav_02,1,-6.277967108526483,4.590719918409081,8.02,0.28106030865910575,0.745758765363577,-0.004469845670447125
29.0,uav_03,1,-6.1859093074690135,18.243259348129822,8.01039340415616,0.2903934041561578,0.8568527667507376,-0.01
29.0,uav_04,1,-6.218061547187073,31.584063133266767,8.017251666938028,0.25,0.8919866644957732,-0.01
29.0,uav_05,1,-6.203203933111707,45.115895718578784,8.010000000000002,0.26,0.889054258872425,-0.01
29.0,uav_06,1,-6.268533478363039,58.51985683823828,8.02,0.27681328978936465,0.7551645605616942,-0.004395570070211783
29.1,uav_01,1,-6.203661635147619,-8.781964091490385,8.010000000000002,0.26,0.9177892720018535,-0.01
29.1,uav_02,1,-6.246853016207653,4.674129055651261,8.014781098397714,0.2647810983977144,0.8317512128182848,-0.01
29.1,uav_03,1,-6.151101107572206,18.323677261679443,8.010000000000002,0.2812761025921075,0.9297911792631403,-0.01
29.1,uav_04,1,-6.195506448396408,31.67460194052731,8.010000000000002,0.24704228348079244,0.9736617321536606,-0.01
29.1,uav_05,1,-6.17505746968555,45.20212847627781,8.010000000000002,0.2566443951829122,0.9668448385367023,-0.01
29.1,uav_06,1,-6.240120728196599,58.596024347950085,8.015788612988068,0.25578861298806815,0.8379024831073866,-0.01
29.2,uav_01,1,-6.17562454043697,-8.69256380666915,8.010000000000002,0.2568403023995475,0.99527758080362,-0.006840302399547496
29.2,uav_02,1,-6.218074223169055,4.756999126950062,8.010000000000002,0.2548388235965474,0.9164505876310733,-0.01
29.2,uav_03,1,-6.125786872456029,18.397460634506036,8.010000000000002,0.2729561040329574,0.9963511677363408,-0.01
29.2,uav_04,1,-6.168732208882271,31.761524667580797,8.010000000000002,0.24,1.0476597867307207,-0.007792526658659918
29.2,uav_05,1,-6.1449643531494695,45.29848434266307,8.010000000000002,0.2462480582444866,1.0500155340441073,-0.006248058244486597
29.2,uav_06,1,-6.211597020513761,58.676996053328,8.010000000000002,0.25,0.9225242929871638,-0.01
29.3,uav_01,1,-6.15126274921975,-8.608596509111374,8.010000000000002,0.24842397929465163,1.0610321449374387,0.0
29.3,uav_02,1,-6.191203227541689,4.839324212203509,8.010000000000002,0.25,0.9911105193153361,-0.01
29.3,uav_03,1,-6.102581744016939,18.474164372794828,8.010000000000002,0.264939375762652,1.0604849938987846,-0.004939375762651945
29.3,uav_04,1,-6.142162410984785,31.863277546306488,8.010000000000002,0.23722679682240894,1.1197062111215688,0.0
29.3,uav_05,1,-6.119959317226041,45.40056818075183,8.010000000000002,0.2364142683183405,1.1251001217716166,0.0
29.3,uav_06,1,-6.182000198194841,58.77242833089563,8.010000000000002,0.25,1.0043233428198244,-0.005709582147521947
29.4,uav_01,1,-6.125458263532091,-8.518568682130164,8.010000000000002,0.23901849117685675,1.1234352808810013,0.0
29.4,uav_02,1,-6.164758892251337,4.928279485203078,8.010000000000002,0.2464198559645202,1.0586411522838381,-0.0064198559645202245
29.4,uav_03,1,-6.082195702270264,18.558418796881796,8.010000000000002,0.2536896914170075,1.1220860800404737,0.0
29.4,uav_04,1,-6.115941928455307,31.96615942105682,8.010000000000002,0.21866484683651935,1.1846730360721822,0.0
29.4,uav_05,1,-6.09816528296996,45.51133891664491,8.010000000000002,0.2234938892254445,1.1927713877109443,0.0
29.4,uav_06,1,-6.158428560135774,58.869859551096006,8.010000000000002,0.24634935253971696,1.0755545322219813,0.0
29.5,uav_01,1,-6.1047123927067695,-8.431174442637936,8.010000000000002,0.22468424522997305,1.1736051416950943,0.0
29.5,uav_02,1,-6.140748160522504,5.03062549642164,8.010000000000002,0.23718722121872493,1.1296894514689255,0.0
29.5,uav_03,1,-6.064139828942634,18.654714937619957,8.010000000000002,0.23497628140215204,1.180047437195696,0.0
29.5,uav_04,1,-6.1018648067563515,32.04702497507153,8.010000000000002,0.20407508184833303,1.2357372135308344,0.0
29.5,uav_05,1,-6.0755279736698675,45.613246770284164,8.010000000000002,0.2035582927897886,1.2496625608153171,0.0
29.5,uav_06,1,-6.1374927095621725,58.97349778828038,8.010000000000002,0.23400029217221424,1.1409989773972502,0.0
29.6,uav_01,1,-6.083139327275073,-8.31763389017774,8.010000000000002,0.1970015213592866,1.2436631168283312,0.0
29.6,uav_02,1,-6.118863670503233,5.1409926779411625,8.010000000000002,0.2216929898035029,1.1993830237918266,0.0
29.6,uav_03,1,-6.038315177481628,18.76713950494901,8.010000000000002,0.20642235796516076,1.235366463052259,0.0
29.6,uav_04,1,-6.08346218834198,32.16105085910044,8.010000000000002,0.17000459905998816,1.2949931014100178,0.0
29.6,uav_05,1,-6.055176599163674,45.744236072720206,8.010000000000002,0.15921660069449212,1.310783399305508,0.0
29.6,uav_06,1,-6.1125150542322615,59.078181931126124,8.010000000000002,0.2126697653897025,1.2071038807573609,0.0
29.7,uav_01,1,-6.064605533807777,-8.195048021309299,8.010000000000002,0.1609178931266476,1.3036231603100286,0.0
29.7,uav_02,1,-6.091897914485159,5.25928466556911,8.010000000000002,0.18749045512711365,1.2687643173093295,0.0
29.7,uav_03,1,-6.017839333204538,18.89819309897762,8.010000000000002,0.16247417653543422,1.2960206587716527,0.0
29.7,uav_04,1,-6.071864521423001,32.28490103514231,8.010000000000002,0.13192913022054753,1.3450885872243157,0.0
29.7,uav_05,1,-6.0385041123601875,45.869760844140764,8.010000000000002,0.11203497186079771,1.3579650281392024,0.0
29.7,uav_06,1,-6.0924728513658595,59.199586721147696,8.010000000000002,0.17868220357567388,1.276976694636489,0.0
29.8,uav_01,1,-6.044983115043104,-8.059783621268792,8.010000000000002,0.12024388329987767,1.357195145875153,0.0
29.8,uav_02,1,-6.076222670624953,5.376354877102023,8.010000000000002,0.14999656716331264,1.3225042910458593,0.0
29.8,uav_03,1,-6.000876848924941,19.018394704680222,8.010000000000002,0.1164568050281836,1.332362129981211,0.0
29.8,uav_04,1,-6.055142278903863,32.420009069493915,8.010000000000002,0.07695320934285792,1.3886978604380946,0.0
29.8,uav_05,1,-6.030392515538432,45.990366808094265,8.010000000000002,0.06604263985946945,1.4019786800702652,0.0
29.8,uav_06,1,-6.074041658440286,59.32400055982538,8.010000000000002,0.1404774087338412,1.3319032390826986,0.0
29.9,uav_01,1,-6.034067114374408,-7.943354566080776,8.010000000000002,0.07285049349430324,1.3947663376704644,0.0
29.9,uav_02,1,-6.06601183775559,5.517128771554349,8.010000000000002,0.10458231532858771,1.3754176846714123,0.0
29.9,uav_03,1,-5.990705721927915,19.149445462931133,8.010000000000002,0.05320764908039638,1.3711320584866007,0.0
29.9,uav_04,1,-6.049689771814121,32.558033808074306,8.010000000000002,0.0181819788928866,1.4209090105535567,0.0
29.9,uav_05,1,-6.030392515538432,46.11273648016314,8.010000000000002,0.010847792847938145,1.4295761035760308,0.0
29.9,uav_06,1,-6.05623360766706,59.463281146594596,8.010000000000002,0.09069285016119627,1.3828714332258691,0.0
30.0,uav_01,1,-6.030392515538432,-7.817849847112011,8.010000000000002,0.021867986178313495,1.4212528055286746,0.0
30.0,uav_02,1,-6.0561858878756665,5.656218283617023,8.010000000000002,0.04712878868602797,1.416534631803992,0.0
30.0,uav_03,1,-5.982880630343271,19.266318010432045,8.010000000000002,0.004547308798697559,1.379242115200217,0.0
30.0,uav_04,1,-6.049689771814121,32.692042278342214,8.010000000000002,-0.03761296966702867,1.436268828277838,0.0
30.0,uav_05,1,-6.030807698650924,46.26444826604189,8.010000000000002,-0.05344242167537195,1.4395696972905785,0.0
30.0,uav_06,1,-6.049689771814121,59.614601382254065,8.010000000000002,0.029859100674203366,1.4180563597303186,0.0
30.1,uav_01,1,-6.030392515538432,-7.676821524784718,8.010000000000002,-0.04982566503501478,1.4362282081293767,0.0
30.1,uav_02,1,-6.049689771814121,5.787327367699431,8.010000000000002,-0.015374312701789973,1.4325623854502982,0.0
30.1,uav_03,1,-5.99136441677127,19.393697848911852,8.010000000000002,-0.0764049915457593,1.38,0.0
30.1,uav_04,1,-6.054748993919239,32.80974908808489,8.010000000000002,-0.09670424100320961,1.4347565369995414,0.0
30.1,uav_05,1,-6.038550474235154,46.37119573461356,8.010000000000002,-0.11764035674722598,1.4315449554065967,0.0
30.1,uav_06,1,-6.049689771814121,59.75645374460337,8.010000000000002,-0.03284352712245218,1.4346919324460645,0.0
30.2,uav_01,1,-6.0440439576278875,-7.524701716199273,8.010000000000002,-0.12952004225936323,1.4329257082486624,0.0
30.2,uav_02,1,-6.0516484663480625,5.913268670688772,8.010000000000002,-0.07421016803210587,1.4379699759954134,0.0
30.2,uav_03,1,-6.000346030172767,19.51702668243537,8.010000000000002,-0.1508745447018349,1.3622813638245415,-0.008859318087729362
30.2,uav_04,1,-6.06675540592726,32.923137970275995,8.010000000000002,-0.1607484403167313,1.422312889920817,0.0
30.2,uav_05,1,-6.04639930449504,46.47940536161729,8.010000000000002,-0.1761279297521707,1.4168205914993797,0.0
30.2,uav_06,1,-6.054824691847434,59.90375639836661,8.010000000000002,-0.11257534086555086,1.4346780823918062,0.0
30.3,uav_01,1,-6.0561930579515035,-7.392880879430108,8.010000000000002,-0.19718080699755147,1.4097796541439065,0.0
30.3,uav_02,1,-6.06476911229149,6.059843141248221,8.010000000000002,-0.14969968716412388,1.4243715179531073,0.0
30.3,uav_03,1,-6.010537599085401,19.657534993475775,8.010000000000002,-0.2259542211980851,1.3317339052008208,-0.000577968400273559
30.3,uav_04,1,-6.08259221464193,33.03913136053352,8.010000000000002,-0.22230193259599346,1.4017987116026709,0.0
30.3,uav_05,1,-6.059937948460839,46.60130151514126,8.010000000000002,-0.2371748374495121,1.388757235743136,0.0
30.3,uav_06,1,-6.069182812592433,60.03903247338264,8.010000000000002,-0.18571020268260552,1.4146956274217404,0.0
30.4,uav_01,1,-6.079397484411845,-7.249652029244877,8.010000000000002,-0.261579143446693,1.3722805710355381,0.0
30.4,uav_02,1,-6.085367798567634,6.209802886921372,8.010000000000002,-0.2209319177691726,1.396045388153885,0.0
30.4,uav_03,1,-6.040445328610612,19.78901844387574,8.010000000000002,-0.29055853779080704,1.2790225588660877,0.0
30.4,uav_04,1,-6.097684195965907,33.14316581813922,8.010000000000002,-0.2692266801612405,1.3705155465591732,0.0
30.4,uav_05,1,-6.081989738857333,46.728633201267904,8.010000000000002,-0.28796830373496474,1.3475396203312942,0.0
30.4,uav_06,1,-6.086776287819087,60.16031062873048,8.010000000000002,-0.24531126340669926,1.3831258243955338,0.0
30.5,uav_01,1,-6.107231434587878,-7.125591829016891,8.010000000000002,-0.30618285957402575,1.3207257106389614,0.0
30.5,uav_02,1,-6.108459257420332,6.344793326690557,8.010000000000002,-0.27818280226213665,1.3518171977378635,0.0
30.5,uav_03,1,-6.071415891408144,19.92948559939657,8.010000000000002,-0.3316782098215841,1.2041262656244556,0.0
30.5,uav_04,1,-6.119297730242805,33.24306389582208,8.010000000000002,-0.2995238088093376,1.3330952389883282,0.0
30.5,uav_05,1,-6.106481188878586,46.837911769456895,8.010000000000002,-0.3188595779018096,1.302280844196381,0.0
30.5,uav_06,1,-6.10844864541336,60.28554307703602,8.010000000000002,-0.29453157719339,1.3382026342099151,0.0
30.6,uav_01,1,-6.134570735430056,-7.003781226944697,8.010000000000002,-0.33198137013163737,1.264055889605088,0.0
30.6,uav_02,1,-6.135670636960409,6.469845214581964,8.010000000000002,-0.3160746744378909,1.298738639467382,0.0
30.6,uav_03,1,-6.095282092825775,20.02088466490173,8.010000000000002,-0.34816843112001306,1.146410491079954,0.0
30.6,uav_04,1,-6.142406216685118,33.349260636296904,8.010000000000002,-0.3260928792671865,1.282449948376565,0.0
30.6,uav_05,1,-6.128006600604725,46.92740215965767,8.010000000000002,-0.3402922190188305,1.2579544668681868,0.0
30.6,uav_06,1,-6.138998857918557,60.412014158726926,8.010000000000002,-0.3262807179423229,1.2811578461730315,0.0
30.7,uav_01,1,-6.1671508219422515,-6.884179268904527,8.010000000000002,-0.34543465086984,1.20195744391112,0.005434650869839989
30.7,uav_02,1,-6.163157618000096,6.593355392692874,8.010000000000002,-0.3325333264736986,1.2322667146841098,0.0
30.7,uav_03,1,-6.135168167675657,20.13798469905493,8.010000000000002,-0.35,1.0628175128610386,0.0
30.7,uav_04,1,-6.167507433523033,33.46014103676172,8.010000000000002,-0.34,1.2217475303514682,0.0
30.7,uav_05,1,-6.159555360220102,47.02707909578466,8.010000000000002,-0.34846663489553803,1.2007335557312337,0.0
30.7,uav_06,1,-6.170993572966318,60.524403765810696,8.010000000000002,-0.34,1.2266503111642133,0.0019070984051123925
30.8,uav_01,1,-6.199628016995668,-6.771611696990134,8.010000000000002,-0.3448671621973912,1.1340701353817386,0.01
30.8,uav_02,1,-6.192023234565484,6.705233643841018,8.010000000000002,-0.34,1.1668456187690048,0.0018791973187135835
30.8,uav_03,1,-6.167644196139587,20.247267766704727,8.010000000000002,-0.338875027614563,0.9860625966509704,0.01
30.8,uav_04,1,-6.194649157001943,33.561237478255684,8.010000000000002,-0.34,1.1620829060170867,0.002559584854701896
30.8,uav_05,1,-6.184588692797702,47.12630223431685,8.010000000000002,-0.34339616476033286,1.14377315332233,0.0066038352396671305
30.8,uav_06,1,-6.192261516425606,60.60585242688893,8.010000000000002,-0.34,1.1752179190444243,0.009254582993653669
30.9,uav_01,1,-6.227194682153485,-6.671202855759449,8.010000000000002,-0.3306872879201686,1.0674055077205902,0.01
30.9,uav_02,1,-6.226165172704501,6.805978100811194,8.010000000000002,-0.33806528828405336,1.1032285089941867,0.01
30.9,uav_03,1,-6.206550649274816,20.34902987847027,8.010000000000002,-0.3182845031440942,0.9148535094322825,0.009142251572047079
30.9,uav_04,1,-6.222582087577053,33.64146737335747,8.010000000000002,-0.34,1.1114201283198408,0.009797124525737022
30.9,uav_05,1,-6.215445122270854,47.222066520746395,8.010000000000002,-0.33455209327548735,1.0818646529284113,0.01
30.9,uav_06,1,-6.218634356227605,60.716124573175215,8.010000000000002,-0.33163433231815337,1.1114403262270736,0.01
31.0,uav_01,1,-6.259495702308815,-6.569541450562077,8.014361596861136,-0.3112768062777312,0.9994688219720591,0.01
31.0,uav_02,1,-6.248036147418363,6.88973615350098,8.010000000000002,-0.3229536586766141,1.0503378053681494,0.01
31.0,uav_03,1,-6.231725339267023,20.426157967804414,8.010000000000002,-0.3008901888237526,0.862670566471258,0.00044509441187631955
31.0,uav_04,1,-6.2496468697472,33.74436621936426,8.010000000000002,-0.3218407389484232,1.0464425863194813,0.01
31.0,uav_05,1,-6.242991756557239,47.30569387199638,8.010000000000002,-0.32310571943521976,1.0258700180232692,0.006552859717609863
31.0,uav_06,1,-6.247302619377393,60.79793203195152,8.010000000000002,-0.3237976820428783,1.056583774300148,0.01
31.1,uav_01,1,-6.2967044462100175,-6.459711316714556,8.02,-0.2839898460432746,0.922642974100974,0.004663282014424856
31.1,uav_02,1,-6.273838323990565,6.9803050998983025,8.010000000000002,-0.30512578607669355,0.9879402512684273,0.01
31.1,uav_03,1,-6.26320371465818,20.522122299519793,8.010429811217886,-0.2795701887821153,0.7874211326926918,0.0
31.1,uav_04,1,-6.267011021907108,33.80523514673546,8.010000000000002,-0.30984307309934733,1.0044507558477156,0.004921536549673657
31.1,uav_05,1,-6.262611634396921,47.3803316069432,8.010000000000002,-0.30932420827224755,0.9784231526352443,0.0
31.1,uav_06,1,-6.275429009341852,60.882245226322844,8.010000000000002,-0.30604006563000685,0.9974268198033492,0.01
31.2,uav_01,1,-6.328019559753435,-6.363770716412833,8.02,-0.26384477882491214,0.8469134517743848,0.0
31.2,uav_02,1,-6.300951742130634,7.07375637565511,8.016804040925352,-0.27958787722394185,0.922371713522531,0.00319595907464729
31.2,uav_03,1,-6.28921133541695,20.59184225767661,8.019414722856167,-0.2705852771438326,0.7335116628629956,0.0
31.2,uav_04,1,-6.285250039234923,33.868099202791754,8.01137953806917,-0.29586138579249727,0.9603432335158271,0.0
31.2,uav_05,1,-6.290018901554731,47.46429967766847,8.010000000000002,-0.28091885632439395,0.9121439980902525,0.0
31.2,uav_06,1,-6.302438414392416,60.97533800036242,8.013984311594058,-0.28203137681188456,0.9321098188415959,0.006015688405942277
31.3,uav_01,1,-6.350651955479659,-6.283418065703125,8.02,-0.24807774174802832,0.7723109669921133,0.0
31.3,uav_02,1,-6.327548755536975,7.152141946152507,8.02,-0.2580148572474348,0.8580520003660216,0.0
31.3,uav_03,1,-6.321275675187333,20.6661680607234,8.02,-0.259507937546748,0.6565555628272361,0.0
31.3,uav_04,1,-6.3157793222316565,33.971188234384165,8.02,-0.2661468827996218,0.8865140897986762,0.0
31.3,uav_05,1,-6.317154321360287,47.547434881265374,8.019068249057876,-0.2618635018842495,0.8465222565948731,0.0
31.3,uav_06,1,-6.330709794623099,61.068622002447874,8.02,-0.26249742188306313,0.8637409765907209,0.0
31.4,uav_01,1,-6.3767742631712885,-6.202943893782435,8.02,-0.23366804815370248,0.6956763370759174,0.0
31.4,uav_02,1,-6.351198855248838,7.22015679005365,8.02,-0.24583697531736146,0.7966958025388917,0.0
31.4,uav_03,1,-6.347959294948255,20.727481326245915,8.02,-0.2502894870023794,0.5920264090166556,0.0
31.4,uav_04,1,-6.342389516426116,34.05147314862434,8.02,-0.2488803574051986,0.8210428592415886,0.0
31.4,uav_05,1,-6.343807336969995,47.62909213903591,8.02,-0.25172387332731616,0.782067113291213,0.0
31.4,uav_06,1,-6.360282449464882,61.154825778209634,8.02,-0.24603217890550286,0.7882574312440228,0.0
31.5,uav_01,1,-6.405571747947257,-6.13792901588792,8.02,-0.22057897396261045,0.6181843567943575,0.0
31.5,uav_02,1,-6.37192976972275,7.285139185285502,8.02,-0.23602505896915973,0.7360877063920591,0.0
31.5,uav_03,1,-6.378580603740226,20.78723840389106,8.02,-0.22956601117750222,0.5169620782425156,0.0
31.5,uav_04,1,-6.36961940992026,34.12388572504685,8.02,-0.23894636971564934,0.7463122940047726,0.0
31.5,uav_05,1,-6.370481670378578,47.6942059778564,8.02,-0.23501726192023767,0.7100690476809506,0.0
31.5,uav_06,1,-6.385187500093098,61.227291882022,8.02,-0.23228452418378012,0.7129958346432305,0.0
31.6,uav_01,1,-6.4292318349766,-6.081969081003812,8.02,-0.20663623645911183,0.5431811822955591,0.0
31.6,uav_02,1,-6.390766604129538,7.346186380533189,8.02,-0.21883408261068837,0.6683408261068838,0.0
31.6,uav_03,1,-6.396392112973088,20.838397213305008,8.02,-0.2203359377523487,0.45235156426644096,0.0
31.6,uav_04,1,-6.396179360194791,34.18491482447331,8.02,-0.2205949173819423,0.6820822108367982,0.0
31.6,uav_05,1,-6.393161879081306,47.77289201412715,8.02,-0.22200987203898206,0.6260789763118565,0.0
31.6,uav_06,1,-6.408536367562384,61.29456029267447,8.02,-0.21602845537301135,0.6342560983571023,0.0
31.7,uav_01,1,-6.449333703852804,-6.031558730666498,8.02,-0.19526744086754844,0.4579418495430327,0.0
31.7,uav_02,1,-6.417542177814702,7.408402880979586,8.02,-0.20937579681860502,0.5725095618232603,0.0
31.7,uav_03,1,-6.423188414659358,20.880314258226655,8.02,-0.21096657948258124,0.37773263586064987,0.0
31.7,uav_04,1,-6.414425830732752,34.246815347267706,8.02,-0.2109907140054981,0.5899071400549811,0.0
31.7,uav_05,1,-6.418902649414402,47.83035031768432,8.02,-0.2124471925069529,0.5269191175764821,0.0
31.7,uav_06,1,-6.433485940406965,61.35619725163951,8.02,-0.20611360500746842,0.5372496550821526,0.0
31.8,uav_01,1,-6.47356460755738,-5.99272018913445,8.02,-0.1853445036503459,0.34413404380415097,0.0
31.8,uav_02,1,-6.4389710655346954,7.4654799215731895,8.02,-0.1988474449936965,0.4461693399243578,0.0
31.8,uav_03,1,-6.441877941145458,20.91198692754883,8.02,-0.20176479986201057,0.28764799862010554,0.0
31.8,uav_04,1,-6.440066095253082,34.29884051034259,8.02,-0.20180247577260513,0.4816297092712616,0.0
31.8,uav_05,1,-6.441086990806,47.878612427973636,8.02,-0.20217467695964467,0.4060961235157358,0.0
31.8,uav_06,1,-6.456922976245089,61.40791264448706,8.02,-0.19597889092356968,0.41772558200640564,0.0
31.9,uav_01,1,-6.492828477046645,-5.9646635455375865,8.02,-0.1753618049630028,0.22897985459303075,0.0
31.9,uav_02,1,-6.465682240281935,7.506608552611588,8.02,-0.18942921246222774,0.3331505495467329,0.0
31.9,uav_03,1,-6.4709616704158694,20.937523535684964,8.02,-0.1911289114575009,0.18128911457500896,0.0
31.9,uav_04,1,-6.4623541573754615,34.3480556329052,8.02,-0.19115385292868933,0.34500008807296123,0.0
31.9,uav_05,1,-6.464200224822789,47.909988433334156,8.02,-0.1934648033779644,0.3015776405355727,0.0
31.9,uav_06,1,-6.48152807576147,61.44700172303102,8.02,-0.18621776730197784,0.29839544032175624,0.0
32.0,uav_01,1,-6.510843149712507,-5.943966608046844,8.02,-0.16205290052221127,0.13026450261105635,0.0
32.0,uav_02,1,-6.486166197498345,7.54059494622233,8.02,-0.1788142540848467,0.20695679493331354,0.0
32.0,uav_03,1,-6.489780224733115,20.94895950402032,8.02,-0.18194143451468828,0.08941434514688289,0.0
32.0,uav_04,1,-6.480357902076245,34.38036127963983,8.02,-0.18182416147225963,0.24006577619485586,0.0
32.0,uav_05,1,-6.486530671765586,47.935643734462296,8.02,-0.18362538010835414,0.1898791811918954,0.0
32.0,uav_06,1,-6.50227935846257,61.4777352796111,8.02,-0.17092855723407563,0.18010706478741606,0.0
32.1,uav_01,1,-6.529961148154591,-5.930605673507606,8.02,-0.1422386854905247,0.03507408470736115,0.0
32.1,uav_02,1,-6.504692551647093,7.560136578332341,8.02,-0.16895165601605006,0.10475828008025016,0.0
32.1,uav_03,1,-6.507362182210598,20.959059400660603,8.02,-0.1656606334676994,0.012642533870797626,0.0
32.1,uav_04,1,-6.509489889884313,34.39623609247793,8.02,-0.1711518138789842,0.1226699526688263,0.0
32.1,uav_05,1,-6.507287809422925,47.951586425126436,8.02,-0.17286885733600124,0.07155743069601371,0.0
32.1,uav_06,1,-6.523344268853964,61.49589323315709,8.02,-0.15454826543337544,0.0654826543337543,0.0
32.2,uav_01,1,-6.54930549500405,-5.930605673507606,8.02,-0.11828482004531221,-0.05514553986406337,0.0
32.2,uav_02,1,-6.533340940935636,7.560136578332341,8.02,-0.14747162439437841,-0.00011350242248630259,0.0
32.2,uav_03,1,-6.525761055634429,20.954765179841488,8.02,-0.14659173252035645,-0.06363306991857418,0.0
32.2,uav_04,1,-6.531575349695628,34.40828460414394,8.02,-0.15056570065537628,0.0031113536045695722,0.0
32.2,uav_05,1,-6.5281284227241425,47.9635582457912,8.02,-0.15413815357017518,-0.03137830893421172,0.0
32.2,uav_06,1,-6.542396893904483,61.50093509654009,8.02,-0.13402510615610977,-0.027924681531670704,0.0
32.3,uav_01,1,-6.563772120785714,-5.933713503489822,8.02,-0.09158927883969414,-0.12962501604071366,0.0
32.3,uav_02,1,-6.545999061531781,7.560136578332341,8.02,-0.12123344625296527,-0.08753310749406946,0.0
32.3,uav_03,1,-6.545523336916375,20.9434128036751,8.013054886402932,-0.11916465920879409,-0.13861579517948047,0.0
32.3,uav_04,1,-6.551798054698716,34.40816200175699,8.02,-0.12842620018994186,-0.09275414966760175,0.0
32.3,uav_05,1,-6.546515786330708,47.95758293057551,8.02,-0.12016236318090712,-0.117134682842959,0.0
32.3,uav_06,1,-6.556587474585981,61.49499641476419,8.02,-0.10392814382938045,-0.10750099773144559,0.0
32.4,uav_01,1,-6.571711663628276,-5.9439794654360405,8.02,-0.06587100200642282,-0.1851612474919715,0.0
32.4,uav_02,1,-6.5640252710911025,7.553339232938814,8.02,-0.07773622815868715,-0.16532971480164108,0.0
32.4,uav_03,1,-6.558016280209011,20.93244616043957,8.010000000000002,-0.08264750558883943,-0.20102874161674086,0.0
32.4,uav_04,1,-6.560785393744132,34.39783650726266,8.02,-0.09116768196078494,-0.15795655656862634,0.0
32.4,uav_05,1,-6.566906331944616,47.9458696491575,8.02,-0.07789615409277294,-0.18815576886084062,0.0
32.4,uav_06,1,-6.571585384367955,61.47776541630607,8.02,-0.0681972581635558,-0.1727041127546663,0.0
32.5,uav_01,1,-6.579668993761217,-5.962263710622846,8.02,-0.032882562805092476,-0.22639679649363442,0.0
32.5,uav_02,1,-6.57438827257434,7.533746678019043,8.02,-0.03096834151467352,-0.2076126633941306,0.0
32.5,uav_03,1,-6.566293675866244,20.916931487463383,8.010000000000002,-0.04291522062382179,-0.23625086762570693,0.0
32.5,uav_04,1,-6.5712582992199104,34.38518084929331,8.02,-0.037188124717609856,-0.2016871251694341,0.0
32.5,uav_05,1,-6.578199317324673,47.92648558904725,8.012243837896897,-0.03121918948448131,-0.22326848630931123,0.0
32.5,uav_06,1,-6.58036431322538,61.46230861980064,8.02,-0.02577525667323033,-0.21453484599606182,0.0
32.6,uav_01,1,-6.58966769514194,-5.985238593996283,8.02,0.008568726847769902,-0.24928436342388494,0.0
32.6,uav_02,1,-6.58036431322538,7.518192401578062,8.02,0.0274324615658301,-0.2239189230808329,0.0
32.6,uav_03,1,-6.5746199574279505,20.89779946908747,8.010000000000002,-0.00381418501035587,-0.25,0.0
32.6,uav_04,1,-6.580250623272302,34.364518408757746,8.02,0.009410849172671598,-0.22964650950360296,0.0
32.6,uav_05,1,-6.58036431322538,47.90305689786857,8.010000000000002,0.029942047311485195,-0.2383236745519142,0.0
32.6,uav_06,1,-6.58036431322538,61.44757711240548,8.02,0.024402729061681044,-0.23,0.0
32.7,uav_01,1,-6.5892925933134086,-6.009857588006282,8.02,0.08522606098599736,-0.24925341985914323,0.0
32.7,uav_02,1,-6.576452833004898,7.4957226106645525,8.02,0.10243138723287254,-0.22594607659589094,0.0
32.7,uav_03,1,-6.58036431322538,20.87687779648996,8.010000000000002,0.04438222654772604,-0.25,0.0
32.7,uav_04,1,-6.579625865615407,34.34038989026111,8.02,0.08612271545304483,-0.2292346605683694,0.0
32.7,uav_05,1,-6.571527461953828,47.87903520520099,8.01915866019232,0.10411062134623719,-0.24,0.0
32.7,uav_06,1,-6.58036431322538,61.425895048026426,8.02,0.09077454275796915,-0.23,0.0
32.8,uav_01,1,-6.580468699884671,-6.030133013454946,8.02,0.14924268335713983,-0.24010818809183715,0.0
32.8,uav_02,1,-6.566215497276388,7.472199398093806,8.02,0.18731255785620343,-0.21533593026797457,0.0
32.8,uav_03,1,-6.577040845115654,20.85097474775154,8.010000000000002,0.1175559826835387,-0.24311100432911534,0.0
32.8,uav_04,1,-6.570778685173714,34.320060959111416,8.02,0.15947763958666414,-0.220065295051667,0.0
32.8,uav_05,1,-6.5614820617985625,47.855953018006836,8.02,0.18655905587877547,-0.23043011801515306,0.0
32.8,uav_06,1,-6.575678427585378,61.40148597806822,8.02,0.17885224087906063,-0.22514346989011744,0.0
32.9,uav_01,1,-6.562430972304787,-6.050976366894809,8.02,0.22434566101787362,-0.2307067923727658,0.0
32.9,uav_02,1,-6.54483021897599,7.44793311672336,8.02,0.2804843946506156,-0.20439062281659828,0.0
32.9,uav_03,1,-6.563638152973145,20.821042615965307,8.010000000000002,0.19934109110887352,-0.2263323636113908,0.0
32.9,uav_04,1,-6.5495991649943806,34.29565556724388,8.02,0.248484823071977,-0.20905724188089145,0.0
32.9,uav_05,1,-6.5434771526962745,47.83479050228955,8.02,0.26292188693405905,-0.22088476413324262,0.0
32.9,uav_06,1,-6.556139069681946,61.3789180037136,8.02,0.2602865287707482,-0.21496418390365649,0.0
33.0,uav_01,1,-6.544379815851059,-6.071715219868281,8.02,0.2991797460125138,-0.22135253174843578,0.0
33.0,uav_02,1,-6.512643213940788,7.42328015976654,8.02,0.3738327576079713,-0.1932709052990036,0.0
33.0,uav_03,1,-6.5448536617395705,20.79946123878866,8.010000000000002,0.27721534155557015,-0.21319616461110746,0.0
33.0,uav_04,1,-6.526935859531791,34.27358942887636,8.02,0.3443310565016463,-0.19820861793729422,0.0
33.0,uav_05,1,-6.521922213982002,47.81034231276507,8.02,0.36114074338444924,-0.19985740707694385,0.0
33.0,uav_06,1,-6.52709628820283,61.356673298563,8.02,0.3405543326549061,-0.19986141683627348,0.0
33.1,uav_01,1,-6.515300924727685,-6.094987125423967,8.02,0.38315410009956674,-0.20171147497510833,0.0
33.1,uav_02,1,-6.474324582977345,7.399455211329944,8.02,0.4598027120628107,-0.18252466099214865,0.0
33.1,uav_03,1,-6.515951034567153,20.775544085883553,8.010000000000002,0.36770775643234177,-0.19581024928529536,0.0
33.1,uav_04,1,-6.491199149852702,34.25898625275186,8.02,0.4298596348409953,-0.18751754564487558,0.0
33.1,uav_05,1,-6.480449490799957,47.78651844517539,8.02,0.4471067977108233,-0.1891116502861471,0.0
33.1,uav_06,1,-6.495899586246651,61.33277884327906,8.02,0.42677509481750175,-0.18415311314781227,0.0
33.2,uav_01,1,-6.484036714103576,-6.113421049401744,8.02,0.4571299644573378,-0.1925411150602958,0.0
33.2,uav_02,1,-6.431229249386556,7.3861944450864865,8.02,0.5353057326754821,-0.1661735668311295,0.0
33.2,uav_03,1,-6.47954941161943,20.75864788746243,8.010000000000002,0.44897251060200644,-0.1863784361747492,0.0
33.2,uav_04,1,-6.442163154593853,34.234984381138226,8.02,0.5197764988367063,-0.1733830002585097,0.0
33.2,uav_05,1,-6.43719775790038,47.76445953572415,8.02,0.5350843964326277,-0.17832395595193024,0.0
33.2,uav_06,1,-6.456587538487025,61.311029641690006,8.02,0.5109117881964169,-0.17434313464484258,0.0
33.3,uav_01,1,-6.439395750206071,-6.1350628868088535,8.02,0.5377634941439781,-0.18277956323200276,0.0
33.3,uav_02,1,-6.382579569156184,7.367258902912174,8.02,0.6229773704655541,-0.1530025143927162,0.0
33.3,uav_03,1,-6.444972559203364,20.747000233048002,8.010000000000002,0.5165156561780363,-0.17587108595549092,0.0
33.3,uav_04,1,-6.393518950184583,34.21141025299637,8.02,0.6115328927984,-0.1560583884002,0.0
33.3,uav_05,1,-6.381832224198963,47.75024007022222,8.017748287350699,0.6302654138437128,-0.16774828735069858,0.0
33.3,uav_06,1,-6.403358277357662,61.29522030204068,8.02,0.5946027012277962,-0.16442466234652547,0.0
33.4,uav_01,1,-6.394068728430765,-6.155893251790623,8.02,0.619543765936584,-0.16676805201409245,0.0
33.4,uav_02,1,-6.322265546027797,7.345558588749914,8.01321458661306,0.7110687204824683,-0.15,-0.006785413386940925
33.4,uav_03,1,-6.392282285436926,20.723889484224976,8.010000000000002,0.6023970539860232,-0.15751143844599744,0.0
33.4,uav_04,1,-6.32914595532009,34.19316958507294,8.015661868392005,0.6990431844719636,-0.15,-0.004338131607995951
33.4,uav_05,1,-6.311904703141796,47.72728599556051,8.010000000000002,0.7234463432110259,-0.15739485075433046,-0.002605149245669543
33.4,uav_06,1,-6.347008800286465,61.27854530245011,8.02,0.6777803544552042,-0.15469107172719954,-0.005308928272800473
33.5,uav_01,1,-6.332249757993888,-6.178329238194276,8.02,0.7038858151857247,-0.15326427310178442,0.0
33.5,uav_02,1,-6.253022641110597,7.330630468141773,8.010000000000002,0.8033373742933545,-0.15,-0.01
33.5,uav_03,1,-6.336589119340255,20.704898620193593,8.010000000000002,0.6889790524799256,-0.14789121639111938,-0.0021087836088806234
33.5,uav_04,1,-6.251835136197636,34.17567135375065,8.010000000000002,0.7955547957096998,-0.15,-0.01
33.5,uav_05,1,-6.237123107868661,47.70273854545841,8.010000000000002,0.8194182226980291,-0.15367727783725363,-0.01
33.5,uav_06,1,-6.2933176881970425,61.2594351517831,8.016071437214451,0.7553570650699343,-0.15,-0.01
33.6,uav_01,1,-6.267064698278722,-6.19264643316964,8.013613003149864,0.7874829716512399,-0.15,-0.006386996850137776
33.6,uav_02,1,-6.174818636488921,7.312488688002175,8.010000000000002,0.8836127508519561,-0.15670159385649451,-0.01
33.6,uav_03,1,-6.2748287940325165,20.691533417061034,8.010000000000002,0.7787449061024043,-0.14,-0.01
33.6,uav_04,1,-6.167692146533984,34.151503523946495,8.010000000000002,0.8936629036197123,-0.1559625448466347,-0.01
33.6,uav_05,1,-6.155955160539444,47.68381064288757,8.010000000000002,0.9098647673428519,-0.16442941859365023,-0.01
33.6,uav_06,1,-6.2366792922064445,61.243729589046296,8.010000000000002,0.8282260387177898,-0.15202511541308775,-0.01
33.7,uav_01,1,-6.185052032829489,-6.211359999424972,8.010000000000002,0.8797082813646211,-0.15663425348495788,-0.01
33.7,uav_02,1,-6.0934709144772885,7.291719831607014,8.010000000000002,0.964624488587662,-0.16606938762085136,-0.01
33.7,uav_03,1,-6.211722348286824,20.673471412733406,8.010000000000002,0.8518370831133737,-0.14022963538917171,-0.01
33.7,uav_04,1,-6.076062334678269,34.13483362892275,8.010000000000002,0.9857040296800393,-0.17392600742000983,-0.01
33.7,uav_05,1,-6.064257892179974,47.66768066758466,8.010000000000002,0.9959210839815046,-0.17449013549768808,-0.01
33.7,uav_06,1,-6.173012632087512,61.234350709111354,8.010000000000002,0.9019432155827353,-0.1602429019478419,-0.01
33.8,uav_01,1,-6.098965745305195,-6.23333865744207,8.010000000000002,0.9623818262393582,-0.16,-0.01
33.8,uav_02,1,-5.998601467132979,7.269049420978696,8.010000000000002,1.0440641430990747,-0.1762948775855821,-0.003705122414417914
33.8,uav_03,1,-6.131628368544024,20.653022648571305,8.010000000000002,0.9256244114311687,-0.1494530514288961,-0.01
33.8,uav_04,1,-5.972524935260552,34.11373621138637,8.010000000000002,1.073979945374814,-0.18799749317185174,-0.00200250682814827
33.8,uav_05,1,-5.966391610590254,47.6451930843025,8.010000000000002,1.0724321282449458,-0.18,-0.005366838822150613
33.8,uav_06,1,-6.091518853913703,61.21354456297382,8.010000000000002,0.9770201224891665,-0.1696275153111458,-0.01
33.9,uav_01,1,-6.003395758203244,-6.248528249575548,8.010000000000002,1.0443839143817002,-0.17359597859542505,-0.01
33.9,uav_02,1,-5.8883735802899935,7.245277184134019,8.010000000000002,1.1261387696107286,-0.18,0.0
33.9,uav_03,1,-6.050328662036287,20.64203804399995,8.010000000000002,1.0093378439182035,-0.1588153159909115,-0.01
33.9,uav_04,1,-5.861507403433041,34.09014218833973,8.010000000000002,1.1504770499817654,-0.18136042143117637,0.0
33.9,uav_05,1,-5.851883269049519,47.62128368219155,8.010000000000002,1.1533399857835591,-0.18,0.0
33.9,uav_06,1,-6.003084730895262,61.19314170672094,8.010000000000002,1.0506417967429469,-0.17883022459286838,-0.01
34.0,uav_01,1,-5.9076617457665535,-6.26697637584275,8.010000000000002,1.1170401605002827,-0.18,-0.003279977071388179
34.0,uav_02,1,-5.786870440585226,7.231369359766267,8.010000000000002,1.1960665961733687,-0.18,0.0
34.0,uav_03,1,-5.947694894275139,20.619505594969194,8.010000000000002,1.0869964415015183,-0.1695709202145026,-0.00042907978549740905
34.0,uav_04,1,-5.73749782978478,34.0661452163395,8.010000000000002,1.2262438976181185,-0.18,0.0
34.0,uav_05,1,-5.726317903852278,47.59724014734765,8.010000000000002,1.233836351016336,-0.17373766414052344,0.0
34.0,uav_06,1,-5.90484378600827,61.1723844176745,8.010000000000002,1.1173496065922905,-0.18,-0.0018071990582442
34.1,uav_01,1,-5.806079030079571,-6.287639637860785,8.010000000000002,1.1883215067493367,-0.18,0.0
34.1,uav_02,1,-5.664738910748279,7.2124061891761535,8.010000000000002,1.2747504816399313,-0.16631237959001716,0.0
34.1,uav_03,1,-5.836684223462643,20.596242936139113,8.010000000000002,1.1704448062819433,-0.17,0.0
34.1,uav_04,1,-5.60116048605526,34.04195569610108,8.010000000000002,1.3129927869928066,-0.15887770487769753,0.0
34.1,uav_05,1,-5.613552708744063,47.575647617646844,8.010000000000002,1.3080131805790356,-0.15799670485524114,0.0
34.1,uav_06,1,-5.806667797445491,61.1518764656579,8.010000000000002,1.1821003968125143,-0.18,0.0
34.2,uav_01,1,-5.702493569022797,-6.307474411918853,8.010000000000002,1.254906649318455,-0.17501333581164927,0.0
34.2,uav_02,1,-5.553100592029657,7.192673801799625,8.010000000000002,1.3402087319468334,-0.14851179087233335,0.0
34.2,uav_03,1,-5.728583714639088,20.57554361054785,8.010000000000002,1.2357998287711052,-0.17,0.0
34.2,uav_04,1,-5.484989043651349,34.02142206654995,8.010000000000002,1.3870863449285182,-0.13109262065180566,0.0
34.2,uav_05,1,-5.497790320912276,47.561082262294455,8.010000000000002,1.3811416297925914,-0.13457188882777824,0.0
34.2,uav_06,1,-5.694437943240266,61.138687310464434,8.010000000000002,1.2542701271652246,-0.17321623410434694,0.0
34.3,uav_01,1,-5.584762262127044,-6.329138737699067,8.010000000000002,1.3233085160644538,-0.15572492168666272,0.0
34.3,uav_02,1,-5.4393962567821665,7.1782880438756305,8.010000000000002,1.405724822872242,-0.1266031914229092,0.0
34.3,uav_03,1,-5.5989096049136515,20.563367172184865,8.010000000000002,1.3084902233459628,-0.15043136475829633,0.0
34.3,uav_04,1,-5.341958988205077,34.009270401984054,8.010000000000002,1.4718688319693294,-0.0990655840153353,0.0
34.3,uav_05,1,-5.357544239243844,47.549981447662795,8.010000000000002,1.4612539972029752,-0.10452975104888429,0.0
34.3,uav_06,1,-5.588675263105225,61.1235587328506,8.010000000000002,1.321725029493551,-0.15435311393991846,0.0
34.4,uav_01,1,-5.4376569985567595,-6.347436277218807,8.010000000000002,1.4142063806959746,-0.12193120643467514,0.0
34.4,uav_02,1,-5.3207876740175974,7.168794469057449,8.010000000000002,1.4772678193506423,-0.09788096917749227,0.0
34.4,uav_03,1,-5.476753803103916,20.542014878840757,8.010000000000002,1.3861848938731052,-0.13095377653172371,0.0
34.4,uav_04,1,-5.180125554145749,33.99697317436511,8.010000000000002,1.5606154735291968,-0.05601919742655119,0.0
34.4,uav_05,1,-5.220595404691145,47.53949214098273,8.010000000000002,1.5369532348796546,-0.07152338256017275,0.0
34.4,uav_06,1,-5.481064270370866,61.10874486731916,8.010000000000002,1.3865639292560663,-0.12861545889025733,0.0
34.5,uav_01,1,-5.282035425326991,-6.359649694649257,8.010000000000002,1.5063252516368817,-0.08887803063616934,0.0
34.5,uav_02,1,-5.213695568936043,7.160591975631559,8.010000000000002,1.5434338243716048,-0.06828308781419759,0.0
34.5,uav_03,1,-5.350802489862973,20.53111243219572,8.010000000000002,1.469931897375952,-0.10335603420801594,0.0
34.5,uav_04,1,-5.01139719698655,33.98735886896439,8.012123755735933,1.6448662901515279,-0.023628732792202303,0.0
34.5,uav_05,1,-5.085343546018856,47.529407468870126,8.010000000000002,1.6097323057210895,-0.035133847139455235,0.0
34.5,uav_06,1,-5.348048687915187,61.09341305204796,8.010000000000002,1.4643155562845973,-0.09856148123846756,0.0
34.6,uav_01,1,-5.1174200627699955,-6.3716750693068045,8.017888748172606,1.593109985380851,-0.04844500730957456,0.0
34.6,uav_02,1,-5.083080303856248,7.150587775152197,8.010000000000002,1.615632145940183,-0.03218392702990852,0.0
34.6,uav_03,1,-5.197532518565408,20.519290370238156,8.010000000000002,1.5563680414194687,-0.06181597929026564,0.0
34.6,uav_04,1,-4.833524103715601,33.98735886896439,8.02,1.7178074728626047,0.011871648575069862,0.0
34.6,uav_05,1,-4.92843977331565,47.522442097926934,8.013651900839061,1.6819114050343664,0.0009557025171832417,0.0
34.6,uav_06,1,-5.187452282406899,61.07969581525385,8.014602337718252,1.556818701746012,-0.061590649126994024,0.0
34.7,uav_01,1,-4.9504948557786035,-6.374015443552054,8.02,1.670910524497623,-0.005193986001358307,0.0
34.7,uav_02,1,-4.9331598708623465,7.14998254103138,8.018658254492465,1.6806077814472553,-0.004025236522604891,0.0
34.7,uav_03,1,-5.029550372552882,20.50770186150355,8.010000000000002,1.6425727972796602,-0.019142400906779867,0.0
34.7,uav_04,1,-4.654223523093358,33.98735886896439,8.02,1.7784123992888066,0.054729919431045194,0.0
34.7,uav_05,1,-4.767762341256292,47.522442097926934,8.02,1.7395370336892229,0.029768516844611424,0.0
34.7,uav_06,1,-5.02074354356362,61.073708595955246,8.02,1.6378074976581025,-0.018395715623941364,0.0
34.8,uav_01,1,-4.787632982016077,-6.383131014629372,8.02,1.737562102700692,0.024669472586010887,0.0
34.8,uav_02,1,-4.796394587249681,7.14998254103138,8.02,1.7319774687660392,0.02098873438301963,0.0
34.8,uav_03,1,-4.85256435712945,20.50770186150355,8.011151159375625,1.7080581156293653,0.0046046375024944705,0.0
34.8,uav_04,1,-4.485071295722921,33.9911522916105,8.02,1.8271102346343333,0.09026614078059995,0.0
34.8,uav_05,1,-4.592455331274857,47.52615579199526,8.02,1.7967506188466338,0.06340049507730694,0.0
34.8,uav_06,1,-4.846254743409928,61.06861057087475,8.02,1.714165988582623,0.01261885388074946,0.0
34.9,uav_01,1,-4.609162602800127,-6.375124846219736,8.02,1.7949960387442017,0.05699762324652103,0.0
34.9,uav_02,1,-4.655405183762232,7.14998254103138,8.02,1.781686648307204,0.051124432204802644,0.0
34.9,uav_03,1,-4.687418144387408,20.50770186150355,8.02,1.7733003262307232,0.041980195738433854,0.0
34.9,uav_04,1,-4.33960430526289,34.00033217983442,8.02,1.8668128998382283,0.11510967487867124,0.0
34.9,uav_05,1,-4.444684913795559,47.53558759455416,8.02,1.8392927690669727,0.09557566144018363,0.0
34.9,uav_06,1,-4.677739711534191,61.06861057087475,8.02,1.7773040218021134,0.0448693478680756,0.0
35.0,uav_01,1,-4.439421021971255,-6.374015443552054,8.02,1.8418183038146532,0.08509098228879186,0.0
35.0,uav_02,1,-4.503184017729441,7.14998254103138,8.02,1.826183225737039,0.08213741930277921,0.0
35.0,uav_03,1,-4.507488971059717,20.50883272823309,8.02,1.825100774916945,0.07306046495016699,0.0
35.0,uav_04,1,-4.172962644157724,34.01036471337183,8.02,1.9030142976398676,0.14226072322990083,0.0
35.0,uav_05,1,-4.280842561613275,47.54590196268927,8.02,1.884652586280871,0.1234894397106533,0.0
35.0,uav_06,1,-4.498682970525691,61.07584612397367,8.02,1.8261087725320952,0.07958157939907146,0.0
35.1,uav_01,1,-4.249310161746646,-6.364333728789269,8.02,1.8936693790036458,0.11620162740218751,0.0
35.1,uav_02,1,-4.329061862039642,7.154258390521819,8.02,1.8692862211432082,0.11157173268592495,0.0
35.1,uav_03,1,-4.342990336289675,20.519303557770105,8.02,1.8718635651855338,0.10093178259276683,0.0
35.1,uav_04,1,-4.011557939159046,34.01963655284327,8.02,1.9364708066868492,0.16735310501513703,0.0
35.1,uav_05,1,-4.10404593728985,47.55607694136899,8.02,1.921367983187775,0.15102598739083134,0.0
35.1,uav_06,1,-4.3067544695867515,61.07969581525385,8.02,1.8758966829585015,0.11153800977510099,0.0
35.2,uav_01,1,-4.051878194855714,-6.352395399177687,8.02,1.9380137776281765,0.14851033322113247,0.0
35.2,uav_02,1,-4.130429169533781,7.16600924883939,8.02,1.9178307791347358,0.14337308435105195,0.0
35.2,uav_03,1,-4.152503151856753,20.53077447013996,8.02,1.9132552098245212,0.12244140736839096,0.0
35.2,uav_04,1,-3.8152146137134957,34.04121625697004,8.02,1.9771695102601887,0.2071695102601887,0.0
35.2,uav_05,1,-3.9078778531944107,47.56788105817822,8.02,1.963961962876635,0.1829714721574762,0.0
35.2,uav_06,1,-4.10393476300017,61.08837628976452,8.02,1.9213226286122231,0.14349197145916734,0.0
35.3,uav_01,1,-3.8483782274947003,-6.34059606762293,8.02,1.970295245071642,0.18022143380373148,0.0
35.3,uav_02,1,-3.937995926955368,7.181973994696715,8.02,1.9577189874486918,0.1777189874486919,0.0
35.3,uav_03,1,-3.9403333799051525,20.54296249159727,8.02,1.957234472355021,0.15361723617751055,0.0
35.3,uav_04,1,-3.6545670856394517,34.05122901733955,8.02,2.0104690689160845,0.2328518016870634,0.0
35.3,uav_05,1,-3.731978984883304,47.57809153929986,8.02,2.0003020505332483,0.21030205053324824,0.0
35.3,uav_06,1,-3.9055927938943107,61.10970509862319,8.02,1.9641427554267097,0.17560706657003228,0.0
35.4,uav_01,1,-3.6883023744404935,-6.322205060051325,8.02,2.003476304991187,0.20510722874339052,0.0
35.4,uav_02,1,-3.7450549983154655,7.20414084910323,8.02,1.993284322998986,0.21328432299898628,0.0
35.4,uav_03,1,-3.7372219930390624,20.55721747625496,8.02,1.999336082351947,0.17700206176396027,0.0
35.4,uav_04,1,-3.4935068181708755,34.07275815125322,8.02,2.042718268220059,0.2513591341100293,0.0
35.4,uav_05,1,-3.5831888694735374,47.5943719174772,8.02,2.022331846567372,0.23233184656737238,0.0
35.4,uav_06,1,-3.695323295527997,61.13402514318126,8.02,2.0080209850817297,0.21802098508172968,0.0
35.5,uav_01,1,-3.4822574457632824,-6.299487768315365,8.02,2.0444628471426802,0.23584713535701035,0.0
35.5,uav_02,1,-3.547171165872248,7.2263812290844145,8.02,2.0278385291357726,0.24337889685182973,0.0
35.5,uav_03,1,-3.5508438320952833,20.57631666579977,8.02,2.0356922664146486,0.2056922664146488,0.0
35.5,uav_04,1,-3.317638753303847,34.09679066089091,8.02,2.0730776460266322,0.26871843068442164,0.0
35.5,uav_05,1,-3.3900661159082333,47.615503102254905,8.02,2.057900683481086,0.2609255126108145,0.0
35.5,uav_06,1,-3.4800450016383344,61.14671767096197,8.02,2.0406138974294543,0.2503069487147272,0.0
35.6,uav_01,1,-3.2981495895814685,-6.279342979303253,8.02,2.073106059869414,0.2631060598694138,0.0
35.6,uav_02,1,-3.348519128771371,7.248117419426745,8.02,2.062791226184183,0.2685274841227888,0.0
35.6,uav_03,1,-3.33346048615634,20.59403146556196,8.02,2.0705039263572296,0.23525196317861477,0.0
35.6,uav_04,1,-3.1302607282083574,34.117293266596135,8.02,2.1008207503303096,0.28,0.0
35.6,uav_05,1,-3.1759676323473163,47.64728947901246,8.02,2.0926248355871624,0.2775416118623875,0.0
35.6,uav_06,1,-3.262505644238775,61.181435595917485,8.02,2.082669200245955,0.27088973341531836,0.0
35.7,uav_01,1,-3.1314941470366016,-6.261107805488081,8.02,2.103707984026548,0.2759269960066369,0.0
35.7,uav_02,1,-3.1305786315460664,7.2719641223868114,8.02,2.1000791945814616,0.28,0.0
35.7,uav_03,1,-3.1229467195503418,20.62493593958609,8.02,2.1086353109431712,0.2557568739621142,0.0
35.7,uav_04,1,-2.9561881200429516,34.13844425189768,8.02,2.1262941396907866,0.28,0.0
35.7,uav_05,1,-2.9962459261469365,47.66903341226544,8.02,2.1183600601956383,0.28,0.0
35.7,uav_06,1,-3.076613013950235,61.201769209720496,8.02,2.110183633129191,0.28,0.0
35.8,uav_01,1,-2.9590538297391897,-6.237991390831215,8.02,2.1284715413374404,0.28,0.0
35.8,uav_02,1,-2.922560372576388,7.299785919594728,8.02,2.135137643532466,0.28,0.0
35.8,uav_03,1,-2.937632560546132,20.64446087044319,8.02,2.1350554739847736,0.27,0.0
35.8,uav_04,1,-2.7999089211732406,34.16292808743213,8.02,2.148381010297393,0.28,0.0
35.8,uav_05,1,-2.81176035553532,47.69363521049718,8.02,2.144433324944594,0.27518889168513533,0.0
35.8,uav_06,1,-2.851051833482966,61.2260898737698,8.02,2.1420620957965566,0.27862526946896227,0.0
35.9,uav_01,1,-2.779209699144648,-6.212817809150299,8.02,2.1481246040739985,0.27729179864200054,0.0
35.9,uav_02,1,-2.7352800263557167,7.324838148378364,8.02,2.161605892692003,0.27226273820533126,0.0
35.9,uav_03,1,-2.787982650916091,20.66083532564805,8.02,2.1572125707555885,0.27,0.0
35.9,uav_04,1,-2.6253644142489656,34.18175659183915,8.02,2.173049308877195,0.26463379408186993,0.0
35.9,uav_05,1,-2.6242713285109938,47.718969486514375,8.02,2.1709310668705504,0.2627126220862998,0.0
35.9,uav_06,1,-2.6781763611909053,61.25317380216303,8.02,2.1664945104441,0.26233699303726654,0.0
36.0,uav_01,1,-2.605780156666991,-6.194703987232194,8.02,2.1726353252007433,0.26824311653283767,0.0
36.0,uav_02,1,-2.547764007754796,7.3444232302509285,8.02,2.1881074493256367,0.254595033782909,0.0
36.0,uav_03,1,-2.589034207251494,20.680890150942044,8.02,2.176233173947799,0.26188341302610063,0.0
36.0,uav_04,1,-2.426962142147684,34.201801059719216,8.02,2.200172483783476,0.23982751621652387,0.0
36.0,uav_05,1,-2.436841219865889,47.7385455956787,8.02,2.1974204818878222,0.2425795181121776,0.0
36.0,uav_06,1,-2.450528216061673,61.27824578504422,8.02,2.198667922911457,0.24088805139236213,0.0
36.1,uav_01,1,-2.433005853594058,-6.176658601797075,8.02,2.1970534414892087,0.25196437234052754,0.0
36.1,uav_02,1,-2.3115252068534233,7.36872780909646,8.02,2.2173301292163687,0.2290048061754467,0.0
36.1,uav_03,1,-2.389047114041697,20.70984907232145,8.02,2.202357019987368,0.24509532000842146,0.0
36.1,uav_04,1,-2.2197691857504966,34.222500416307774,8.02,2.2281818215775075,0.21181817842249276,0.0
36.1,uav_05,1,-2.2182128100521514,47.76111290290065,8.02,2.2279574373906263,0.21469504173958268,0.0
36.1,uav_06,1,-2.246169906904649,61.298704750878564,8.02,2.226351975892969,0.2224320160713541,0.0
36.2,uav_01,1,-2.229685749408667,-6.156251481006645,8.02,2.224667339926456,0.2253326600735441,0.0
36.2,uav_02,1,-2.07150024606175,7.392707206562349,8.02,2.243442919474673,0.1965570805253273,0.0
36.2,uav_03,1,-2.2040304909522734,20.731402651007816,8.02,2.2277007581658146,0.2222992418341856,0.0
36.2,uav_04,1,-2.016233925670166,34.2428343555379,8.02,2.2504644630224466,0.18430330546632992,0.0
36.2,uav_05,1,-2.028318868999176,47.780084022759546,8.02,2.2524188075356038,0.19516238492879226,0.0
36.2,uav_06,1,-2.0090196671053366,61.32239695289173,8.02,2.248940721979132,0.1821185560417352,0.0
36.3,uav_01,1,-2.0293403486068544,-6.1362362209141486,8.02,2.2445006615592575,0.19824900766111386,0.0
36.3,uav_02,1,-1.831864097079706,7.416647760544507,8.02,2.2652793612590036,0.16416191622298815,0.0
36.3,uav_03,1,-2.0335363263912534,20.748435660302654,8.02,2.247165984862674,0.1992510227059889,0.0
36.3,uav_04,1,-1.8109330416255205,34.258374709177964,8.02,2.2689668353325265,0.15654974700121008,0.0
36.3,uav_05,1,-1.7837046384415953,47.80194445709165,8.02,2.2721391074845627,0.15572178503087467,0.0
36.3,uav_06,1,-1.8255102761654327,61.332150710479105,8.02,2.265479175275081,0.1645208247249189,0.0
36.4,uav_01,1,-1.837759105035619,-6.117096533146695,8.02,2.2617665760063215,0.17235013599051804,0.0
36.4,uav_02,1,-1.5814021679979458,7.434088494685314,8.02,2.2762920106550553,0.13112396803483392,0.0
36.4,uav_03,1,-1.8726184618096482,20.763587220271816,8.02,2.2608342087679976,0.17749737369600696,0.0
36.4,uav_04,1,-1.600595342992405,34.27327297123791,8.02,2.28,0.13207685852820256,0.0
36.4,uav_05,1,-1.5452610614817968,47.81347629347364,8.02,2.2825419784517638,0.13491604309647254,0.0
36.4,uav_06,1,-1.6307074715049397,61.34910652202694,8.02,2.2765177135328725,0.1404468594013827,0.0
36.5,uav_01,1,-1.6408558250340013,-6.1026973676696175,8.02,2.2747560646876406,0.1457318059370783,0.0
36.5,uav_02,1,-1.3554179762172875,7.445198117729882,8.02,2.28,0.11368599721679688,0.0
36.5,uav_03,1,-1.7107225880902666,20.77167422414042,8.02,2.2681294957206632,0.15561151283800953,0.0
36.5,uav_04,1,-1.3743285524913678,34.29107714051687,8.02,2.28,0.11203143120146561,0.0
36.5,uav_05,1,-1.3347336711781317,47.826053970445216,8.02,2.2880558489483627,0.11611169789672511,0.0
36.5,uav_06,1,-1.4448952554448515,61.362022497166244,8.02,2.2846869295809156,0.12062614083816847,0.0
36.6,uav_01,1,-1.4317541721417244,-6.088006354573387,8.02,2.28,0.12199117087026236,0.0
36.6,uav_02,1,-1.1225135708883445,7.456517631710747,8.02,2.28,0.09694932517390581,0.0
36.6,uav_03,1,-1.53312108551977,20.787343783509392,8.02,2.276132503461654,0.13773499307669118,0.0
36.6,uav_04,1,-1.142056271318832,34.30238964055149,8.02,2.2758107080387404,0.1,0.0
36.6,uav_05,1,-1.1153309986781652,47.84555538692384,8.02,2.2785194679656957,0.09851946796569598,0.0
36.6,uav_06,1,-1.2594679728691967,61.37102886673117,8.02,2.287188423585034,0.10718842358503437,0.0
36.7,uav_01,1,-1.2055398040044472,-6.0703492355111495,8.02,2.28,0.10606268188571402,0.0
36.7,uav_02,1,-0.90129885847444,7.4674002557984664,8.02,2.2673148922911803,0.09,0.0
36.7,uav_03,1,-1.3520380938812866,20.800478175118197,8.02,2.28,0.1217729140601872,0.0
36.7,uav_04,1,-0.9187272352953147,34.31334891356231,8.02,2.265924346821948,0.09592434682194839,0.0
36.7,uav_05,1,-0.8802524455895389,47.85729800348705,8.02,2.2658529049128173,0.09,0.0
36.7,uav_06,1,-1.0518833735364201,61.38129807937614,8.02,2.2758491316312868,0.09792456581564353,0.0
36.8,uav_01,1,-0.9779184539533484,-6.058979120258671,8.02,2.275805699843974,0.09580569984397405,0.0
36.8,uav_02,1,-0.6729806188743116,7.478805181848989,8.02,2.2467381222994254,0.08336906114971261,0.0
36.8,uav_03,1,-1.162891984640146,20.809642671618317,8.02,2.277619163788316,0.10523832757663185,0.0
36.8,uav_04,1,-0.6866592249561274,34.324655613639734,8.02,2.247173714391135,0.09,0.0
36.8,uav_05,1,-0.669231340506574,47.867838905151935,8.02,2.2452525120420828,0.08841750401402765,0.0
36.8,uav_06,1,-0.8327927204901577,61.39186013188837,8.02,2.258396536966562,0.0883965369665624,0.0
36.9,uav_01,1,-0.7697231744515052,-6.0487445400341,8.02,2.259719251808808,0.08657308393626927,0.0
36.9,uav_02,1,-0.43294278902382877,7.490795523628642,8.02,2.2102102907972174,0.08,0.0
36.9,uav_03,1,-0.9384353657079508,20.820854702260956,8.02,2.267504789617336,0.08750478961733608,0.0
36.9,uav_04,1,-0.46639616126441386,34.33565816840176,8.02,2.2173974967151056,0.09,0.0
36.9,uav_05,1,-0.4309127562258213,47.87974336710285,8.02,2.210713949864709,0.08,0.0
36.9,uav_06,1,-0.6000391430344291,61.40348661153898,8.02,2.241633154308371,0.08,0.0
37.0,uav_01,1,-0.5498493791770154,-6.038078231056549,8.02,2.2308530161040103,0.08,0.0
37.0,uav_02,1,-0.19047504220255593,7.502907244066001,8.02,2.166506353011393,0.08,0.0
37.0,uav_03,1,-0.6988689157787171,20.832669516369048,8.02,2.250539934087999,0.07684664469599961,0.0
37.0,uav_04,1,-0.2571979651235081,34.34629080001337,8.02,2.1848298703678033,0.09,0.0
37.0,uav_05,1,-0.1936083340744799,47.891749079663974,8.02,2.167392532129401,0.08315186696764974,0.0
37.0,uav_06,1,-0.3930663753577591,61.41382529112958,8.02,2.2043270587713204,0.08,0.0
37.1,uav_01,1,-0.31830810242875485,-6.026336827930345,8.02,2.1954363380014144,0.08,0.0
37.1,uav_02,1,0.039325881637095134,7.514826045580581,8.02,2.1143731811226183,0.08,0.0
37.1,uav_03,1,-0.47163206103807054,20.84384640537254,8.02,2.21705588782693,0.07,0.0
37.1,uav_04,1,-0.0600937697822138,34.35658405873721,8.02,2.1446095890845625,0.09,0.0
37.1,uav_05,1,0.029912692688548265,47.8993404024844,8.02,2.1215904507625996,0.08631809015251993,0.0
37.1,uav_06,1,-0.16103650071052228,61.42551003989526,8.02,2.162163805697063,0.08,0.0
37.2,uav_01,1,-0.09805032389714216,-6.019287627358965,8.02,2.1499138638372015,0.08,0.0
37.2,uav_02,1,0.25915857321916075,7.526806748365584,8.02,2.0603342155604976,0.08,0.0
37.2,uav_03,1,-0.26937423900328716,20.851344433317532,8.02,2.1794233011767075,0.07,0.0
37.2,uav_04,1,0.17703976440477553,34.36896774646549,8.02,2.084503550219386,0.09,0.0
37.2,uav_05,1,0.25150818549998316,47.90390889880092,8.02,2.061151312268717,0.08,0.0
37.2,uav_06,1,0.04247272054659681,61.436137784753726,8.02,2.120721970709934,0.08,0.0
37.3,uav_01,1,0.10299655929184916,-6.015420521708966,8.02,2.0990689010266173,0.08,0.0
37.3,uav_02,1,0.45874075583238105,7.537232781445544,8.02,1.9852921388437474,0.08,0.0
37.3,uav_03,1,-0.058525650323760704,20.853830704192365,8.02,2.138785674046489,0.07,0.0
37.3,uav_04,1,0.3834742431246385,34.37995805714248,8.02,2.020853619834027,0.08583623140486099,0.0
37.3,uav_05,1,0.44607821022435856,47.914243348842035,8.02,1.992448402638384,0.08,0.0
37.3,uav_06,1,0.2658195393019456,61.44791066937283,8.02,2.0548333896785578,0.08,0.0
37.4,uav_01,1,0.3038707947416,-6.004774572883641,8.02,2.038354402835222,0.08,0.0
37.4,uav_02,1,0.6389782959807765,7.547513135943493,8.02,1.9197132599877444,0.08,0.0
37.4,uav_03,1,0.1686830411968085,20.865851636384193,8.02,2.0814783044710974,0.07,0.0
37.4,uav_04,1,0.5847696323282118,34.39119792321585,8.02,1.9412707230630248,0.08,0.0
37.4,uav_05,1,0.6374624856132516,47.92505098216471,8.02,1.914451866319878,0.08,0.0
37.4,uav_06,1,0.45565081802269924,61.45838129108105,8.02,1.9887145459162066,0.08,0.0
37.5,uav_01,1,0.5075963359968458,-5.993628910260541,8.02,1.9679728797099743,0.08,0.0
37.5,uav_02,1,0.8098662228822614,7.557765441265658,8.02,1.8392510267435969,0.07213900297151077,0.0
37.5,uav_03,1,0.38729903124418447,20.877811943538287,8.02,2.012865594769267,0.07,0.0
37.5,uav_04,1,0.7689395207869546,34.40200195317008,8.02,1.85355387327432,0.08,0.0
37.5,uav_05,1,0.8257120933739939,47.936434072479955,8.02,1.8288401668790963,0.07653779631989958,0.0
37.5,uav_06,1,0.6524881921476899,61.4676793637966,8.02,1.91368762980556,0.08,0.0
37.6,uav_01,1,0.7006612250674747,-5.982754335024626,8.02,1.893389817710064,0.07704331307889602,0.0
37.6,uav_02,1,0.9787955759547707,7.567980272926497,8.02,1.749242021153767,0.07,0.0
37.6,uav_03,1,0.6041281038657467,20.889928205922793,8.02,1.9315485979050422,0.07,0.0
37.6,uav_04,1,0.9660150272515161,34.40859815064445,8.02,1.7520030605052592,0.07520030605052593,0.0
37.6,uav_05,1,1.0035448233225592,47.94738204613717,8.02,1.7366162801878908,0.06666162801878908,0.0
37.6,uav_06,1,0.8420000327479948,61.46958503187783,8.02,1.82280896644173,0.078280896644173,0.0
37.7,uav_01,1,0.8975222557174134,-5.970850528728718,8.02,1.7930488804630944,0.07,0.0
37.7,uav_02,1,1.1322224418731959,7.571221822317619,8.02,1.6591445068336281,0.06391445068336281,0.0
37.7,uav_03,1,0.8072776232362817,20.901909254526032,8.02,1.8394692269673922,0.06438546966304358,0.0
37.7,uav_04,1,1.1524820361132537,34.414757094305855,8.02,1.6444401634210484,0.06444401634210484,0.0
37.7,uav_05,1,1.18160670772548,47.958981430479696,8.02,1.6281760454022711,0.05619782230929738,0.0
37.7,uav_06,1,1.031483476973915,61.48131074428889,8.02,1.7170313029053288,0.06770313029053289,0.0
37.8,uav_01,1,1.0856766980037282,-5.958956932331287,8.02,1.6857567361433066,0.06557567361433067,0.0
37.8,uav_02,1,1.2842458546933606,7.577156598374196,8.02,1.5611086175552376,0.054646237959567044,0.0
37.8,uav_03,1,0.9837132603087347,20.90677065481923,8.02,1.747612141386058,0.05476121413860578,0.0
37.8,uav_04,1,1.3043162135835829,34.42535177990577,8.02,1.5437520420956663,0.05488654928142421,0.0
37.8,uav_05,1,1.34071171294078,47.96585186797138,8.02,1.5153479117412005,0.05,0.0
37.8,uav_06,1,1.206449415518562,61.49313528515587,8.02,1.607398316439588,0.057036210585417094,0.0
37.9,uav_01,1,1.2655503756444466,-5.95277616187199,8.02,1.5707050521325645,0.054609550193869504,0.0
37.9,uav_02,1,1.4205542777069038,7.586910125146909,8.02,1.4601709664548805,0.04584758053790672,0.0
37.9,uav_03,1,1.1576122898430838,20.912624237717655,8.02,1.641914303403528,0.05,0.0
37.9,uav_04,1,1.4533166088978222,34.43640302644526,8.02,1.4290066227457343,0.04491721856214452,0.0
37.9,uav_05,1,1.4825085218271574,47.96928805048562,8.02,1.4028026318358864,0.046900219319657196,0.0
37.9,uav_06,1,1.3715611567404893,61.50093509654009,8.02,1.4913682504739694,0.04678068753949745,0.0
38.0,uav_01,1,1.4329888341072283,-5.945742672470626,8.02,1.4438610598662007,0.04365508832218339,0.0
38.0,uav_02,1,1.53543402162859,7.593392311075828,8.02,1.3608896696636499,0.03776074382028076,0.0
38.0,uav_03,1,1.317846415333581,20.917855898804508,8.02,1.5309862785951287,0.0446351162359208,0.0
38.0,uav_04,1,1.591746862296579,34.44185388338794,8.02,1.3052663520931007,0.035020488622546204,0.0
38.0,uav_05,1,1.6093065672135336,47.97693711195665,8.02,1.294234770766895,0.03785289756390793,0.0
38.0,uav_06,1,1.515948208950391,61.50419369620314,8.02,1.374725003239214,0.03706041693660117,0.0
38.1,uav_01,1,1.5902829700381462,-5.941690917886711,8.02,1.3134432347163374,0.03278693622636146,0.0
38.1,uav_02,1,1.644575209634431,7.593773076000875,8.02,1.2558781429559625,0.02965651191299687,0.0
38.1,uav_03,1,1.4662643090677656,20.923742971750876,8.02,1.4162712512774378,0.03468927093978647,0.0
38.1,uav_04,1,1.722618018319977,34.44185388338794,8.02,1.1796767183830577,0.0249730598652548,0.0
38.1,uav_05,1,1.7107487258629044,47.97721874069046,8.02,1.19669725500468,0.02974594269266768,0.0
38.1,uav_06,1,1.6530439353988091,61.5120203409192,8.02,1.2500838697378365,0.03,0.0
38.2,uav_01,1,1.7296265165041151,-5.932940912688041,8.02,1.1773860533042226,0.0221066194849402,0.0
38.2,uav_02,1,1.7571554394904332,7.603722512243611,8.02,1.1481734906529442,0.020681124221078685,0.0
38.2,uav_03,1,1.6145631883314113,20.92894114318361,8.02,1.2885482431059019,0.024045686925491822,0.0
38.2,uav_04,1,1.8513370607299302,34.448782846122484,8.02,1.0387419668267681,0.02,0.0
38.2,uav_05,1,1.8191216155764154,47.98759448153506,8.02,1.0750178166748343,0.02038598589806417,0.0
38.2,uav_06,1,1.7706171413894325,61.515262527081774,8.02,1.1319779048892253,0.02707522345301734,0.0
38.3,uav_01,1,1.84736129853954,-5.930605673507606,8.02,1.0381571589096918,0.02,0.0
38.3,uav_02,1,1.866373424214235,7.604477555061106,8.02,1.0269642012020066,0.02,0.0
38.3,uav_03,1,1.7536875138891757,20.936406728521018,8.02,1.1524488319182098,0.013265294762939209,0.0
38.3,uav_04,1,1.9490534453153137,34.452939127767046,8.02,0.9179619623865333,0.01399683019887777,0.0
38.3,uav_05,1,1.9163843024044684,47.988022356335755,8.02,0.9563411778319246,0.011257013679378819,0.0
38.3,uav_06,1,1.8862831828697835,61.52310558490447,8.02,0.9986652652477533,0.016820405019057946,0.0
38.4,uav_01,1,1.9624374732806131,-5.92013484094349,8.02,0.9066511314750673,0.010554260956255607,0.0
38.4,uav_02,1,1.9574293898593216,7.604477555061106,8.02,0.9155447992995587,0.012128733274963218,0.0
38.4,uav_03,1,1.874508495101771,20.940026387562718,8.02,1.0121784734880508,0.01,0.0
38.4,uav_04,1,2.0407468800898307,34.45972136485686,8.02,0.8026991737060373,0.01,0.0
38.4,uav_05,1,2.007557375589047,47.988022356335755,8.02,0.851267232037566,0.01,0.0
38.4,uav_06,1,1.9832702330920937,61.52310558490447,8.02,0.8788399935846858,0.01,0.0
38.5,uav_01,1,2.0564584047385046,-5.919520429128501,8.02,0.7881464995398065,0.00983149995816423,0.0
38.5,uav_02,1,2.051342846571332,7.613844112411489,8.02,0.7970547050379584,0.01,0.0
38.5,uav_03,1,1.982091274622167,20.940026387562718,8.02,0.8788728087541399,0.0015727340628449906,0.0
38.5,uav_04,1,2.127320673258693,34.46402437175232,8.02,0.6846625885809396,0.01,0.0
38.5,uav_05,1,2.0916709916350613,47.99742304767422,8.02,0.7367159900254462,0.01,0.0
38.5,uav_06,1,2.0738709390780055,61.52636405287086,8.02,0.7617869646221629,0.01,0.0
38.6,uav_01,1,2.1356908110260937,-5.919520429128501,8.02,0.6735635211711702,0.0,0.0
38.6,uav_02,1,2.1164527577028283,7.615562799440211,8.02,0.706400162590838,0.00330910569007618,0.0
38.6,uav_03,1,2.0666552116203243,20.948884254077466,8.02,0.7721024924741087,0.0,0.0
38.6,uav_04,1,2.1908779115179025,34.46402437175232,8.02,0.5919105242103618,0.004191052421036175,0.0
38.6,uav_05,1,2.1563413555836397,47.999107600714865,8.02,0.6445559951137458,0.003141454101249626,0.0
38.6,uav_06,1,2.1519146634723008,61.534190829283574,8.02,0.6494390631479896,0.007943906314798958,0.0
38.7,uav_01,1,2.1933612073308852,-5.919520429128501,8.02,0.5625610406909547,0.0,0.0
38.7,uav_02,1,2.18087060690288,7.615562799440211,8.02,0.5951740539575939,0.0,0.0
38.7,uav_03,1,2.142958606108963,20.951111631547995,8.02,0.6280034782729895,0.0,0.0
38.7,uav_04,1,2.2413949315545443,34.46402437175232,8.02,0.49014976705351443,0.0,0.0
38.7,uav_05,1,2.2206462487056084,47.999107600714865,8.02,0.5269699256051804,0.0,0.0
38.7,uav_06,1,2.20053119684634,61.534190829283574,8.02,0.5451092607394822,0.0,0.0
38.8,uav_01,1,2.2457152656222195,-5.908990115253414,8.02,0.3980096403605008,0.0,0.0
38.8,uav_02,1,2.239500121439204,7.615562799440211,8.02,0.4406223782717958,0.0,0.0
38.8,uav_03,1,2.206881240033051,20.951111631547995,8.02,0.4477952064263143,0.0,0.0
38.8,uav_04,1,2.2849985363722576,34.46402437175232,8.02,0.34715668812080774,0.0,0.0
38.8,uav_05,1,2.276436708141486,47.999107600714865,8.02,0.37198838360044334,0.0,0.0
38.8,uav_06,1,2.2528398622842163,61.534190829283574,8.02,0.4092555847776923,0.0,0.0
38.9,uav_01,1,2.287139423368107,-5.908435185143223,8.019785160423574,0.2165625667771905,-0.01,0.0
38.9,uav_02,1,2.2778163749530274,7.615562799440211,8.02,0.2623196804285257,0.0,0.0
38.9,uav_03,1,2.2488170587277327,20.951111631547995,8.010000000000002,0.25620406509542115,-0.01023724593153618,0.0
38.9,uav_04,1,2.321405424836377,34.46402437175232,8.014685487313637,0.18028230970453318,-0.0053145126863644535,0.0
38.9,uav_05,1,2.3117859803794927,47.999107600714865,8.02,0.2014731479840754,-0.008657928250995288,0.0
38.9,uav_06,1,2.289919097301466,61.536025758606044,8.018344710085119,0.23351536136189735,-0.0016552899148814168,0.0
39.0,uav_01,1,2.3060220982073516,-5.908435185143223,8.010000000000002,0.04855049539726966,-0.01088073112328695,0.0
39.0,uav_02,1,2.2994867704568835,7.62289384663312,8.01338666163578,0.10418658617247165,-0.0066133383642205225,0.0
39.0,uav_03,1,2.2751033494981603,20.951111631547995,8.010000000000002,0.11090512160594418,-0.019318429899628488,0.0
39.0,uav_04,1,2.3399782602102386,34.46402437175232,8.010000000000002,0.042494431316511996,-0.01,0.0
39.0,uav_05,1,2.324615233521469,47.999107600714865,8.010729762720132,0.040946440801968464,-0.01,0.0
39.0,uav_06,1,2.306795830590338,61.545276073662684,8.010000000000002,0.08877327017195472,-0.01,0.0
39.1,uav_01,1,2.3060220982073516,-5.908435185143223,8.010000000000002,-0.06314218134026443,-0.01947247548771265,0.0
39.1,uav_02,1,2.3127328509978957,7.6266480438193165,8.010000000000002,-0.040416783846873666,-0.01,0.0
39.1,uav_03,1,2.2770762144793943,20.951111631547995,8.010000000000002,-0.040846427628638805,-0.02,0.0
39.1,uav_04,1,2.3403145801340868,34.46896694563233,8.010000000000002,-0.0779630527237167,-0.014458696363362823,0.0
39.1,uav_05,1,2.3253193544830406,48.01017958545041,8.010000000000002,-0.09984450477880807,-0.019988038829139083,0.0
39.1,uav_06,1,2.31548867149245,61.545276073662684,8.010000000000002,-0.03735842392818681,-0.01,0.0
39.2,uav_01,1,2.2947530433782637,-5.908435185143223,8.010000000000002,-0.21007662082726253,-0.02,0.0
39.2,uav_02,1,2.303471280270101,7.6266480438193165,8.010000000000002,-0.16218411353304213,-0.016321854887157088,0.0
39.2,uav_03,1,2.2770762144793943,20.951111631547995,8.010000000000002,-0.13975126845632632,-0.02,0.0
39.2,uav_04,1,2.328526101652387,34.471409099530675,8.010000000000002,-0.19005883649503322,-0.02,0.0
39.2,uav_05,1,2.3183749132071862,48.01019284470014,8.010000000000002,-0.19356535341784792,-0.02,0.0
39.2,uav_06,1,2.3087914422925535,61.545276073662684,8.010000000000002,-0.14694707720498892,-0.01712980514699926,0.0
39.3,uav_01,1,2.2789563383157097,-5.908435185143223,8.010000000000002,-0.30830844793863366,-0.02,0.0
39.3,uav_02,1,2.2832277202710434,7.6266480438193165,8.010000000000002,-0.2849346168442683,-0.02,0.0
39.3,uav_03,1,2.2659113726759723,20.951111631547995,8.010000000000002,-0.2494285756104361,-0.02,0.0
39.3,uav_04,1,2.310659011412977,34.46402437175232,8.010000000000002,-0.28558267442918583,-0.02,0.0
39.3,uav_05,1,2.3045882711556427,48.00382656597237,8.010000000000002,-0.2874302084485384,-0.02,0.0
39.3,uav_06,1,2.2961711980846324,61.545276073662684,8.010000000000002,-0.25125782846214906,-0.02,0.0
39.4,uav_01,1,2.249457051180114,-5.908435185143223,8.010000000000002,-0.39633323549710364,-0.010458345562862046,0.0
39.4,uav_02,1,2.2539984178447843,7.6266480438193165,8.010000000000002,-0.3837819062864172,-0.012027261714197855,0.0
39.4,uav_03,1,2.237758342955122,20.951111631547995,8.010000000000002,-0.3414994027390431,-0.01481257465761961,0.0
39.4,uav_04,1,2.282343524155508,34.46528278842973,8.010000000000002,-0.3668113068203498,-0.017729564393216723,0.0
39.4,uav_05,1,2.2760816854109613,48.004935874460486,8.010000000000002,-0.3720614918597367,-0.014742313517532916,0.0
39.4,uav_06,1,2.2767400786985053,61.545276073662684,8.010000000000002,-0.34104512888360106,-0.016550541235155442,0.0
39.5,uav_01,1,2.21362862249653,-5.908435185143223,8.010000000000002,-0.4446976860552032,-0.0010604627889593578,0.0
39.5,uav_02,1,2.2143550020427476,7.6266480438193165,8.010000000000002,-0.4350053168750509,0.007502658437525454,0.0
39.5,uav_03,1,2.206028717505681,20.951111631547995,8.010000000000002,-0.4027246959710896,-0.005455060805782071,0.0
39.5,uav_04,1,2.2461357072627877,34.47510961613143,8.010000000000002,-0.42155044491289173,0.0010336299419278136,0.0
39.5,uav_05,1,2.236596476117666,48.01019284470014,8.010000000000002,-0.43195387964321685,-0.004511530089195787,0.0
39.5,uav_06,1,2.2492314273627745,61.545276073662684,8.010000000000002,-0.41107350537145976,-0.007785298925708052,0.0
39.6,uav_01,1,2.1774706789420826,-5.908435185143223,8.010000000000002,-0.4583082120068989,0.03323284802759563,0.0
39.6,uav_02,1,2.1698835922485724,7.6266480438193165,8.010000000000002,-0.4564384929954769,0.03465773949321529,0.0
39.6,uav_03,1,2.175175361247733,20.951111631547995,8.010000000000002,-0.43624470159923223,0.012489403198464429,0.0
39.6,uav_04,1,2.205515358390381,34.47510961613143,8.010000000000002,-0.45104171799147,0.024166871965880063,0.0
39.6,uav_05,1,2.198288763653284,48.01019284470014,8.010000000000002,-0.45541415880592534,0.021656635223701197,0.0
39.6,uav_06,1,2.208218571245628,61.545276073662684,8.010000000000002,-0.4545460865133864,0.009092173026772855,0.0
39.7,uav_01,1,2.134215688191124,-5.899996421736451,8.010000000000002,-0.4523873907347693,0.07806304632615346,0.0
39.7,uav_02,1,2.1283789081961317,7.636101646075407,8.010000000000002,-0.45147190421009564,0.09116857473942616,0.0
39.7,uav_03,1,2.1400663652077605,20.951665701639072,8.010000000000002,-0.44950017331857844,0.04249913340710793,0.0
39.7,uav_04,1,2.1703636712942465,34.47524234418313,8.010000000000002,-0.45976053202407996,0.06071840392776011,0.0
39.7,uav_05,1,2.153721458008101,48.016366647078584,8.010000000000002,-0.4544306122920652,0.07341632624760866,0.0
39.7,uav_06,1,2.169168936912728,61.545785139293294,8.010000000000002,-0.46954077183029724,0.04229614084851354,0.0
39.8,uav_01,1,2.091478447283043,-5.8883829093233455,8.010000000000002,-0.4419108400914684,0.14662411935972108,0.0
39.8,uav_02,1,2.0863343321145784,7.648177829129208,8.010000000000002,-0.4311559565717802,0.16595415199876926,0.0
39.8,uav_03,1,2.1001295848889883,20.96313647663484,8.010000000000002,-0.43915238611292123,0.09593329720955147,0.0
39.8,uav_04,1,2.11922754415439,34.48818854739214,8.010000000000002,-0.43820149484410487,0.12629476804563303,0.0
39.8,uav_05,1,2.1076392903891783,48.02837466051237,8.010000000000002,-0.4371963644815979,0.14481272431440745,0.0
39.8,uav_06,1,2.1265032103248203,61.557704048305155,8.010000000000002,-0.4587887225474873,0.09847894216758894,0.0
39.9,uav_01,1,2.0477606172164777,-5.869562988038904,8.010000000000002,-0.4174000805869394,0.21273314529714143,0.0
39.9,uav_02,1,2.0382445896639374,7.669893400695435,8.010000000000002,-0.41098835878997325,0.23654074423509355,0.0
39.9,uav_03,1,2.063628735459804,20.973958623949855,8.010000000000002,-0.4293897259884106,0.1624410960463577,0.0
39.9,uav_04,1,2.0836329144843715,34.50863576310069,8.010000000000002,-0.4197560592970912,0.19097576281163522,0.0
39.9,uav_05,1,2.059595079787038,48.048060525894975,8.010000000000002,-0.4158395609707583,0.2195615366023459,0.0
39.9,uav_06,1,2.0821275067511333,61.568581752709726,8.010000000000002,-0.44846391653987033,0.16358419474030259,0.0
40.0,uav_01,1,2.0125140677804247,-5.843977277027072,8.010000000000002,-0.39185251443828367,0.27839329483124353,0.0
40.0,uav_02,1,2.0028434251063905,7.699438853992405,8.010000000000002,-0.3843354022624319,0.30843892730018163,0.0
40.0,uav_03,1,2.019886274978017,20.99981307976603,8.010000000000002,-0.4060664185669204,0.2504895504882123,0.0
40.0,uav_04,1,2.041521811805474,34.533971599881816,8.010000000000002,-0.3969005981594014,0.2782650715749297,0.0
40.0,uav_05,1,2.01865238016058,48.077675487105324,8.010000000000002,-0.3891239013185357,0.2956695964839048,0.0
40.0,uav_06,1,2.0459714334666925,61.589351488548864,8.010000000000002,-0.4203593450512443,0.22916152821376337,0.0
40.1,uav_01,1,1.9807189987664802,-5.816580420133728,8.010000000000002,-0.37142520463861606,0.3442991814455358,0.0
40.1,uav_02,1,1.9668922893342449,7.73041686925708,8.010000000000002,-0.3563901314392459,0.3829596494953441,0.0
40.1,uav_03,1,1.9745520960739233,21.0316523657621,8.010000000000002,-0.37822946355100306,0.3270821457959878,0.0
40.1,uav_04,1,2.0095648815058547,34.561507927278925,8.010000000000002,-0.37206007432295357,0.3445064684721238,0.0
40.1,uav_05,1,1.9790966119968811,48.11175950495019,8.010000000000002,-0.35837670524160026,0.3776621193557327,0.0
40.1,uav_06,1,2.0149204639796805,61.61597439580389,8.010000000000002,-0.4041486906238127,0.29340523750474923,0.0
40.2,uav_01,1,1.9492167535718892,-5.786720259877548,8.010000000000002,-0.35265071496322187,0.4095980934314083,0.0
40.2,uav_02,1,1.9309926551257568,7.769300513405692,8.010000000000002,-0.3356565960273213,0.4573736158907149,0.0
40.2,uav_03,1,1.9352854570541589,21.068227497518404,8.010000000000002,-0.3557623238589068,0.41130046970958173,0.0
40.2,uav_04,1,1.973738029119721,34.601907943920466,8.010000000000002,-0.3442114113775878,0.4187695696597658,0.0
40.2,uav_05,1,1.9482525265786903,48.15178598148733,8.010000000000002,-0.3292016124773511,0.4554623667270637,0.0
40.2,uav_06,1,1.9806327408000808,61.64551909744834,8.010000000000002,-0.3795707574798463,0.3644779800537431,0.0
40.3,uav_01,1,1.9182530287509998,-5.749749229159865,8.010000000000002,-0.3281096296041544,0.475040987722255,0.0
40.3,uav_02,1,1.902332586351038,7.815818816140947,8.010000000000002,-0.3116094157399787,0.5290415580267235,0.0
40.3,uav_03,1,1.9070292569850271,21.11118654434216,8.010000000000002,-0.3273578427514453,0.48616503357996105,0.0
40.3,uav_04,1,1.9374337696914057,34.643617665821374,8.010000000000002,-0.31599165308115396,0.48601947614397406,0.0
40.3,uav_05,1,1.9148742824934248,48.200571050784674,8.010000000000002,-0.30095588027701103,0.5307843192613039,0.0
40.3,uav_06,1,1.9437881033924482,61.684313182881176,8.010000000000002,-0.35093095675936586,0.4408507819750243,0.0
40.4,uav_01,1,1.8907374482911534,-5.697250224478924,8.010000000000002,-0.29969401495557474,0.5508159601184675,0.0
40.4,uav_02,1,1.8750584804972825,7.874199119044513,8.010000000000002,-0.2833420744038981,0.6044211349229385,0.0
40.4,uav_03,1,1.8665944654410278,21.171763737049517,8.010000000000002,-0.2945698275323724,0.5644804599136737,0.0
40.4,uav_04,1,1.9052661877298855,34.699308958697664,8.010000000000002,-0.2846498497280518,0.5676004007251952,0.0
40.4,uav_05,1,1.8841657659523006,48.25898780873885,8.010000000000002,-0.27278101846689035,0.6059172840882925,0.0
40.4,uav_06,1,1.9034635977954881,61.738184799326035,8.010000000000002,-0.31958621101898665,0.5244367706160357,0.0
40.5,uav_01,1,1.854420003228147,-5.645094137847295,8.010000000000002,-0.27146400815241073,0.6260959782602381,0.0
40.5,uav_02,1,1.845470854758549,7.9421851689436265,8.010000000000002,-0.25267696302738235,0.6861947652603138,0.0
40.5,uav_03,1,1.8350759606206193,21.23510778554522,8.010000000000002,-0.26190351982869703,0.6515906137901412,0.0
40.5,uav_04,1,1.8774135114944075,34.75264188140969,8.010000000000002,-0.25578286855236054,0.6445790171937053,0.0
40.5,uav_05,1,1.8547904357121676,48.326486050692615,8.010000000000002,-0.24822395525982452,0.687104178960702,0.0
40.5,uav_06,1,1.871954589055013,61.79261531035624,8.010000000000002,-0.2901251491877526,0.6029996021659931,0.0
40.6,uav_01,1,1.823506581825569,-5.575652366398168,8.010000000000002,-0.24994188121878724,0.710232475124851,-2.905939060637987e-05
40.6,uav_02,1,1.8143577971838238,8.013676336510784,8.010000000000002,-0.2334769560861787,0.7721843513105706,-0.006523043913821321
40.6,uav_03,1,1.8039095798027733,21.31056356516848,8.010000000000002,-0.23653405328241087,0.741193520458302,-0.003465946717589118
40.6,uav_04,1,1.8471927709459868,34.829382531035,8.010000000000002,-0.23297439035616768,0.7281024385753293,0.0
40.6,uav_05,1,1.8262195105784265,48.39851936220102,8.010000000000002,-0.2284830308491139,0.7660678766035444,-0.005758484575443048
40.6,uav_06,1,1.835908131095728,61.85660627444387,8.010000000000002,-0.2663829977277688,0.6844680090889249,0.0
40.7,uav_01,1,1.7932675825722866,-5.492743129692881,8.010000000000002,-0.22928630760776592,0.796423231530107,-0.01
40.7,uav_02,1,1.783781121039722,8.099645993124819,8.010000000000002,-0.22291356253721284,0.8566914997022973,-0.01
40.7,uav_03,1,1.7727505536738792,21.398782797726966,8.010000000000002,-0.22576947427497118,0.8338442058002306,-0.01
40.7,uav_04,1,1.8200867694335576,34.90204697461383,8.010000000000002,-0.22212282345353046,0.8108945889182259,-0.00787717654646954
40.7,uav_05,1,1.7994326387856983,48.47032829658779,8.010000000000002,-0.21498739440438858,0.8401008447648914,-0.01
40.7,uav_06,1,1.8049532250067812,61.92779582425062,8.010000000000002,-0.24712254082955737,0.7615098366817705,-0.006438729585221316
40.8,uav_01,1,1.7773655134637376,-5.428798897142009,8.010000000000002,-0.221045722064741,0.870588501417331,-0.01
40.8,uav_02,1,1.754677111681127,8.188812398928334,8.010000000000002,-0.21285893451751794,0.9371285238598565,-0.01
40.8,uav_03,1,1.7433633007169926,21.48881698157193,8.010000000000002,-0.22,0.9150640524162891,-0.01
40.8,uav_04,1,1.7894374022806743,34.993594711961215,8.010000000000002,-0.21153431757816593,0.8977254593746725,-0.01
40.8,uav_05,1,1.7766188833308527,48.54752733586467,8.010000000000002,-0.21,0.9147295005997802,-0.01
40.8,uav_06,1,1.7753901450379614,62.01442093387861,8.010000000000002,-0.2333480465468951,0.8432156276248393,-0.01
40.9,uav_01,1,1.7486186314561893,-5.338794613994049,8.010000000000002,-0.2107658976346653,0.9538728189226775,-0.01
40.9,uav_02,1,1.735206776861764,8.27847469527886,8.010000000000002,-0.21,1.0064103126224224,-0.004198710922197197
40.9,uav_03,1,1.7188946703250436,21.581074129245255,8.010000000000002,-0.21574564054593304,0.9940348756325356,-0.005745640545933049
40.9,uav_04,1,1.766807057577701,35.090790803530375,8.010000000000002,-0.21,0.9854060635804462,-0.0005742420524442113
40.9,uav_05,1,1.7548781552665857,48.63915050210181,8.010000000000002,-0.21,0.9899062148049321,-0.006261723149383487
40.9,uav_06,1,1.7529610380662692,62.10264997450379,8.010000000000002,-0.22339911818058217,0.9294079363747606,-0.01
41.0,uav_01,1,1.7172501896653105,-5.220087094125895,8.010000000000002,-0.20989345722760452,1.0407457994067684,0.0
41.0,uav_02,1,1.7141666899337862,8.369610635709018,8.010000000000002,-0.20553037420441075,1.0712873805691248,0.0
41.0,uav_03,1,1.6952377872985107,21.686533005405074,8.010000000000002,-0.20565763017070823,1.0703965888050424,0.0
41.0,uav_04,1,1.7373851432133665,35.20431502219747,8.010000000000002,-0.21,1.0584713913652983,0.0
41.0,uav_05,1,1.7280153703154857,48.73867919859595,8.010000000000002,-0.20698137600104097,1.0611303679927133,0.0
41.0,uav_06,1,1.7265151244106451,62.20133658474228,8.010000000000002,-0.22,1.0080917547091048,-0.003129749327270737
41.1,uav_01,1,1.6950262874328217,-5.108187918173169,8.010000000000002,-0.1989178960598568,1.1175747275810024,0.0
41.1,uav_02,1,1.6910363856478454,8.469789860687678,8.010000000000002,-0.19630924349301584,1.1358352955488893,0.0
41.1,uav_03,1,1.6705218223109044,21.797154934661275,8.010000000000002,-0.19567842476735817,1.1402510266284929,0.0
41.1,uav_04,1,1.7185549825315232,35.31127389273416,8.010000000000002,-0.20056961183848826,1.135443105292094,0.0
41.1,uav_05,1,1.7028153192755315,48.8398734422398,8.010000000000002,-0.19741318601467986,1.128107697897241,0.0
41.1,uav_06,1,1.6949038711932307,62.31892703953399,8.010000000000002,-0.21220893824222284,1.0923284940622173,0.0
41.2,uav_01,1,1.665811013762998,-4.977950525500195,8.010000000000002,-0.1847117339059223,1.1905765321881554,0.0
41.2,uav_02,1,1.6723670050826152,8.587760055326621,8.010000000000002,-0.17990384185180738,1.2035577023457826,0.003365386049397538
41.2,uav_03,1,1.6497014594177397,21.92242232728024,8.010000000000002,-0.17466741444306208,1.2157760329661884,0.00511086185231264
41.2,uav_04,1,1.6882137804272412,35.43048190970617,8.010000000000002,-0.17953963847046905,1.2010741769022388,0.00015345384317697636
41.2,uav_05,1,1.682218751663224,48.97002136433601,8.010000000000002,-0.18021961595788555,1.202820896098267,0.0032601280140381467
41.2,uav_06,1,1.6722309151046069,62.43692776758531,8.010000000000002,-0.19312818267644574,1.1606154519706626,0.0
41.3,uav_01,1,1.6457011002732314,-4.850877726325762,8.010000000000002,-0.15344835609420987,1.2531032878115802,0.002183881301930047
41.3,uav_02,1,1.6527978231351017,8.711416016888462,8.010000000000002,-0.14948109936250265,1.2710378012749948,0.01
41.3,uav_03,1,1.6288357518211878,22.060837428638628,8.010000000000002,-0.13630541409011412,1.2855418788648287,0.01
41.3,uav_04,1,1.6683278710387297,35.57264521060327,8.010000000000002,-0.146332009164922,1.275501986252617,0.01
41.3,uav_05,1,1.662398056938206,49.09526661317483,8.010000000000002,-0.14587448717098905,1.2711882692435164,0.01
41.3,uav_06,1,1.6424857455285087,62.56685608843759,8.010000000000002,-0.17153319298311345,1.2346338245591029,0.009233403508443275
41.4,uav_01,1,1.6293249894124069,-4.737741524101726,8.010000000000002,-0.12329880236656744,1.3080414371601192,0.01
41.4,uav_02,1,1.6356623199539222,8.824983788672567,8.010000000000002,-0.11806969183152433,1.3219303081684757,0.01
41.4,uav_03,1,1.6097754621093716,22.192226863823393,8.010000000000002,-0.09679660633109888,1.3390042420861266,0.01
41.4,uav_04,1,1.656985242299477,35.70265905591583,8.010000000000002,-0.10465462203166537,1.3353453779683346,0.01
41.4,uav_05,1,1.6476776378648907,49.20756571849259,8.010000000000002,-0.11072301698507758,1.3215962287686531,0.01
41.4,uav_06,1,1.6209042942012013,62.699115483252264,8.010000000000002,-0.12972964544084667,1.3003379431989417,0.01
41.5,uav_01,1,1.620315330853078,-4.612776315343435,8.010000000000002,-0.07660999913256104,1.3620340005204634,0.01
41.5,uav_02,1,1.6205553672969246,8.940416506834252,8.010000000000002,-0.07785388819882468,1.3612876670807053,0.01
41.5,uav_03,1,1.595958249705988,22.326862557813463,8.010000000000002,-0.05038956054462651,1.377766263673224,0.01
41.5,uav_04,1,1.6402667642374227,35.83774337871679,8.010000000000002,-0.06573904919860772,1.372840633867595,0.01
41.5,uav_05,1,1.6398327792039986,49.32423489687472,8.010000000000002,-0.07775105300950276,1.3613493681942985,0.01
41.5,uav_06,1,1.6121823789650027,62.82938264229178,8.010000000000002,-0.09357148603694859,1.3455356424538143,0.01
41.6,uav_01,1,1.6114181093461886,-4.479890849155351,8.010000000000002,-0.030503848019856075,1.3896976911880863,0.01
41.6,uav_02,1,1.6113208805094654,9.08814771210926,8.010000000000002,-0.02149892118576753,1.3928336929380774,0.008583153530961255
41.6,uav_03,1,1.5920236242337766,22.464249863413187,8.010000000000002,0.004616380353588974,1.4015387934511963,0.0042306032744018375
41.6,uav_04,1,1.6402667642374227,35.988286257357856,8.010000000000002,-0.004216612839499945,1.4111566774320998,0.00884332256789999
41.6,uav_05,1,1.6306181367851544,49.470974798711524,8.010000000000002,-0.023164787051795532,1.3927340851792818,0.008632957410359106
41.6,uav_06,1,1.6020761580821306,62.96970403778776,8.010000000000002,-0.03251169199361408,1.388325538670924,0.01
41.7,uav_01,1,1.6113208805094654,-4.347556451278976,8.010000000000002,0.024493324273846102,1.4081644414246153,0.0009177792876923167
41.7,uav_02,1,1.6119401239790272,9.221086752935749,8.010000000000002,0.03449256053088947,1.41,0.0
41.7,uav_03,1,1.5977265443026727,22.610392927910812,8.010000000000002,0.07137421688189194,1.41,0.0
41.7,uav_04,1,1.6402667642374227,36.10261182235801,8.010000000000002,0.035449965768028925,1.4190899931536056,0.0009100068463942165
41.7,uav_05,1,1.6306181367851544,49.60347725396371,8.010000000000002,0.023931863739942823,1.41,0.0
41.7,uav_06,1,1.6016722516860449,63.12938347545875,8.010000000000002,0.024858782587431995,1.41,0.0
41.8,uav_01,1,1.6113208805094654,-4.22665006782475,8.010000000000002,0.0823053626502814,1.41,0.0
41.8,uav_02,1,1.620948743094852,9.355636010444819,8.010000000000002,0.09984935259559778,1.41,0.0
41.8,uav_03,1,1.6072568382525332,22.752733707733245,8.010000000000002,0.14630367003388106,1.3984240824915297,0.0
41.8,uav_04,1,1.6402667642374227,36.25920882053533,8.010000000000002,0.10969635044622167,1.4100433785076825,0.0
41.8,uav_05,1,1.6307444340806303,49.74137727541107,8.010000000000002,0.09104717315370081,1.4097382067115747,0.0
41.8,uav_06,1,1.6033555175776426,63.28862953833042,8.010000000000002,0.10395651898235955,1.40651087025441,0.0
41.9,uav_01,1,1.6176233588689972,-4.09609094238299,8.010000000000002,0.1457239630558548,1.4034680052777349,0.0
41.9,uav_02,1,1.6301316247517712,9.492787966924539,8.010000000000002,0.16647039564273014,1.3910084583877913,0.0
41.9,uav_03,1,1.6211954210522734,22.887173823374102,8.010000000000002,0.21581948791691014,1.3746487908927527,0.0
41.9,uav_04,1,1.6585057439521267,36.39603911109377,8.010000000000002,0.1856127377037825,1.3910968155740542,0.0
41.9,uav_05,1,1.6397431726348388,49.87577896103335,8.010000000000002,0.1656587267552892,1.3910853183111775,0.0
41.9,uav_06,1,1.6164217373988055,63.445689319401026,8.010000000000002,0.18850314765750595,1.3820700795753544,0.0
42.0,uav_01,1,1.634041191035849,-3.9484973516223567,8.010000000000002,0.21741699038017276,1.3796784326942118,0.0
42.0,uav_02,1,1.6498748457707306,9.643859708089165,8.010000000000002,0.23985292134341063,1.360063033709967,0.0
42.0,uav_03,1,1.6405535847854058,23.026029463797595,8.004851367176627,0.2808917969402444,1.3342568358831297,0.0
42.0,uav_04,1,1.678548205306754,36.53480693224756,8.010000000000002,0.25886434613137893,1.3506489450677837,0.0
42.0,uav_05,1,1.6590749515275256,50.02405502592449,8.010000000000002,0.23822592245747737,1.3607603189467956,0.0
42.0,uav_06,1,1.6391629543424284,63.590973618238564,8.007048002528588,0.25771198482847724,1.3452400126429358,0.0
42.1,uav_01,1,1.6621961431811123,-3.792829734472222,8.00242400779683,0.2854559532190258,1.3321200389841452,0.0
42.1,uav_02,1,1.668025669733731,9.76900316011599,8.000615102071865,0.2963093875688098,1.3130755103593252,0.0
42.1,uav_03,1,1.6696983304713549,23.164431351061985,8.0,0.33050336949360715,1.284370788132991,0.0
42.1,uav_04,1,1.7007239598925563,36.68991542739271,8.0,0.3119941386090528,1.2960117227818946,0.0
42.1,uav_05,1,1.6908675970883191,50.182650423765445,8.0,0.30325806994791915,1.305927412565101,0.0
42.1,uav_06,1,1.6671682577354514,63.7196740433203,8.0,0.31050821221256475,1.296864734734294,0.0
42.2,uav_01,1,1.6902586026140973,-3.6611795773192015,8.0,0.32908317306816764,1.2836460336647906,0.0
42.2,uav_02,1,1.6985371236355806,9.91151323969584,8.0,0.3401961888152039,1.2593133391467863,9.80944076019547e-05
42.2,uav_03,1,1.6998326218917639,23.282370128085557,8.0,0.35391168490729447,1.236529890556233,0.003911684907294498
42.2,uav_04,1,1.7361257597533986,36.81193410401882,8.0,0.3395124038583724,1.2409751922832553,0.0
42.2,uav_05,1,1.7227269583197555,50.32704378239882,8.0,0.34182104307146993,1.2472526984997108,0.0018210430714698887
42.2,uav_06,1,1.6987503366787955,63.86481180269148,8.0,0.34707557076782986,1.2387732876965105,0.0035377853839149266
42.3,uav_01,1,1.720623738615397,-3.5216343701837576,8.0,0.35552221086911207,1.2156722619581077,0.007761105434556035
42.3,uav_02,1,1.7340388651059961,10.033876383071883,8.0,0.3585934895632988,1.1949227865284542,0.0092967447816494
42.3,uav_03,1,1.7280727443862305,23.390153446653656,8.002750897916659,0.36275089791665877,1.1807437145833883,0.01
42.3,uav_04,1,1.764068059595256,36.929163628947904,8.009436580208524,0.3494365802085218,1.1833805187488688,0.009436580208521835
42.3,uav_05,1,1.7563709001510528,50.45827343259727,8.002583068622469,0.35258306862246913,1.1719185196427162,0.01
42.3,uav_06,1,1.734524465969481,64.00470182275095,8.004422566026125,0.36,1.1690420378171298,0.01
42.4,uav_01,1,1.7601295580328127,-3.3875104349878837,8.008556952849112,0.36,1.1401013300562255,0.01
42.4,uav_02,1,1.7664042472833328,10.167397402447083,8.010000000000002,0.35963449761946226,1.1187207416681182,0.01
42.4,uav_03,1,1.7636631638499525,23.510617336152436,8.010000000000002,0.3647399337321348,1.1089597349285392,0.01
42.4,uav_04,1,1.794294894090719,37.056497454403996,8.010000000000002,0.35,1.1009670983764759,0.01
42.4,uav_05,1,1.7924820382360156,50.58024875140585,8.010000000000002,0.354827690387063,1.1018969163547208,0.01
42.4,uav_06,1,1.7711796420977801,64.13644576111513,8.010000000000002,0.35477323210458284,1.088185856836663,0.01
42.5,uav_01,1,1.7922850169133584,-3.26809898905948,8.010000000000002,0.3508152440840359,1.0657067085882515,0.01
42.5,uav_02,1,1.8062544565225174,10.294616657676029,8.010000000000002,0.3386450467245029,1.0445801868980116,0.01
42.5,uav_03,1,1.7876011541720382,23.607967088665486,8.010000000000002,0.3486500827441675,1.0452752896045863,0.01
42.5,uav_04,1,1.825938880976097,37.15684377869504,8.010000000000002,0.33378315105058276,1.0432410286770397,0.01
42.5,uav_05,1,1.8216737820786533,50.70026117522693,8.010000000000002,0.33465781538829625,1.028631261553185,0.01
42.5,uav_06,1,1.80471520102821,64.25128706500908,8.010000000000002,0.3397814401704912,1.0142350405967193,0.01
42.6,uav_01,1,1.8277985634868599,-3.163836501569775,8.010000000000002,0.3328194479467509,0.9912777917870035,0.01
42.6,uav_02,1,1.8380394511211007,10.414503606352127,8.010000000000002,0.3166833787582184,0.9583918256537644,0.01
42.6,uav_03,1,1.8174189251165627,23.693610681811794,8.010000000000002,0.3331982638334711,0.991193923417149,0.01
42.6,uav_04,1,1.849376342690455,37.24170825288185,8.010000000000002,0.3188502159231298,0.9854008636925191,0.01
42.6,uav_05,1,1.8514086979616151,50.810872188079465,8.010000000000002,0.311168956906341,0.9464505517502426,0.01
42.6,uav_06,1,1.8363414089615866,64.34944951622916,8.010000000000002,0.3167849477856508,0.9447598607617355,0.01
42.7,uav_01,1,1.8599816077497393,-3.0457959346459322,8.010000000000002,0.3022838495977911,0.9153289823948458,0.01
42.7,uav_02,1,1.8685814904063671,10.519772238147286,8.010000000000002,0.29337078689802826,0.882322098394742,0.01
42.7,uav_03,1,1.843273855044111,23.779178997307064,8.010000000000002,0.30960004424529464,0.9256001179874523,0.01
42.7,uav_04,1,1.8725179211293603,37.326375206409026,8.010000000000002,0.2992910039900447,0.9250123426434376,0.01
42.7,uav_05,1,1.8790664785066784,50.90619970684473,8.010000000000002,0.28500264578461754,0.8725092602461615,0.01
42.7,uav_06,1,1.8649185100836332,64.44794563883127,8.010000000000002,0.29144477351439196,0.8657790940575677,0.01
42.8,uav_01,1,1.8877267353027594,-2.9591049544084536,8.010000000000002,0.2735283335706482,0.8394088895217284,0.01
42.8,uav_02,1,1.9008858485880642,10.623643574265687,8.010000000000002,0.26326000504896035,0.7930400201958412,0.006630002524480158
42.8,uav_03,1,1.8694578604077243,23.86942688464505,8.010000000000002,0.28830833424257474,0.8532333369702988,0.01
42.8,uav_04,1,1.8982308407427715,37.41228046122775,8.010000000000002,0.2726417022913273,0.8603778727768727,0.01
42.8,uav_05,1,1.907563573136822,51.00182209741265,8.010000000000002,0.26296910156771597,0.8012509375139092,0.007656367189238648
42.8,uav_06,1,1.8942691161901655,64.54421095063188,8.010000000000002,0.2711651332196395,0.7846605328785579,0.005582566609819738
42.9,uav_01,1,1.9182850951139439,-2.865482832150521,8.010000000000002,0.2512380908525214,0.7549523634100856,0.0006190454262607007
42.9,uav_02,1,1.9321186776096102,10.711982558298528,8.010000000000002,0.24167985271014597,0.7067194108405839,0.0
42.9,uav_03,1,1.8963882208176828,23.95653884219469,8.010000000000002,0.2697009495401553,0.7788037981606211,0.004850474770077631
42.9,uav_04,1,1.9222841432314555,37.48597293789635,8.010000000000002,0.24923748521718367,0.793137366954653,0.009237485217183658
42.9,uav_05,1,1.9328208264509352,51.07801777448955,8.010000000000002,0.23893068705396123,0.7303761834856511,0.0
42.9,uav_06,1,1.9226133284084843,64.62638313817345,8.010000000000002,0.2515808553863891,0.7063234215455563,0.0
43.0,uav_01,1,1.9349343060130813,-2.7917150723513906,8.010000000000002,0.2346016148681527,0.6884064594726108,0.0
43.0,uav_02,1,1.957315056657689,10.792352712250294,8.010000000000002,0.22570291444325807,0.6256233155460647,0.0
43.0,uav_03,1,1.9190155910914974,24.034084186235905,8.010000000000002,0.25110003866450864,0.7044001546580346,0.0
43.0,uav_04,1,1.9494123404155206,37.56945890956427,8.010000000000002,0.23959633652062404,0.7083853460824961,0.0
43.0,uav_05,1,1.962200639617558,51.159480818651836,8.010000000000002,0.22634232949106312,0.637198153218721,0.0
43.0,uav_06,1,1.9474550084831213,64.69916679815886,8.010000000000002,0.23162494886842339,0.6306873210394819,0.0
43.1,uav_01,1,1.9569427389393241,-2.7309423840920464,8.010000000000002,0.22393056849750417,0.6214445479800332,0.0
43.1,uav_02,1,1.9806116863848475,10.85852703656294,8.010000000000002,0.21575360362471882,0.5502752253730319,0.0
43.1,uav_03,1,1.9396148185038202,24.10555463726337,8.010000000000002,0.23487532679080245,0.6292519607448147,0.0
43.1,uav_04,1,1.967070221365203,37.64046348375487,8.010000000000002,0.22129541259919772,0.6351816503967909,0.0
43.1,uav_05,1,1.9825254963600765,51.227789020929656,8.010000000000002,0.2084257690078476,0.5642576900784758,0.0
43.1,uav_06,1,1.9683420096506163,64.76282480931353,8.010000000000002,0.21749432756200768,0.5624376031820844,0.0
43.2,uav_01,1,1.9773845495249005,-2.673557398880965,8.010000000000002,0.2153027349667096,0.5524218797336768,0.0
43.2,uav_02,1,2.0072784562539754,10.925553205673335,8.010000000000002,0.20481146149882687,0.46330315348944173,0.0
43.2,uav_03,1,1.964075086262219,24.175810234117744,8.010000000000002,0.2221998105008428,0.5531988630050569,0.0
43.2,uav_04,1,1.9886167053895076,37.699899573850246,8.010000000000002,0.21298809158166152,0.5739047326532921,0.0
43.2,uav_05,1,2.000781928633082,51.283721536472484,8.010000000000002,0.20211867800845523,0.5011867800845522,0.0
43.2,uav_06,1,1.9929334132748207,64.8263938341597,8.010000000000002,0.21112259156323582,0.49234850719559414,0.0
43.3,uav_01,1,1.999903637410493,-2.6147621195111377,8.010000000000002,0.20151087288293038,0.4633098008561171,0.0
43.3,uav_02,1,2.028172913086208,10.985566959326551,8.010000000000002,0.18796755755738076,0.3538215665655941,0.0
43.3,uav_03,1,1.9928489408724495,24.236284968234077,8.010000000000002,0.20728895770914613,0.4674674925097535,0.0
43.3,uav_04,1,2.011544901189946,37.76409851462525,8.010000000000002,0.20260055396097895,0.4760055396097896,0.0
43.3,uav_05,1,2.024750959951649,51.33324844823184,8.010000000000002,0.19075706393967265,0.42454238363803576,0.0
43.3,uav_06,1,2.008954374669495,64.87553624786504,8.010000000000002,0.1989429868794301,0.4183728556737309,0.0
43.4,uav_01,1,2.0246930413033413,-2.5641814002137058,8.010000000000002,0.18578707751357357,0.3452320076764563,0.0
43.4,uav_02,1,2.0524325647463284,11.02668705928072,8.010000000000002,0.17427481578656706,0.2412977894388047,0.0
43.4,uav_03,1,2.013357336326776,24.29148887236286,8.010000000000002,0.19666133523197393,0.33993602278368695,0.0
43.4,uav_04,1,2.030396715302401,37.810298738224084,8.010000000000002,0.18566277164955758,0.3639766298973454,0.0
43.4,uav_05,1,2.045450222907823,51.39102311181749,8.010000000000002,0.18003053232271318,0.31033585554984505,0.0
43.4,uav_06,1,2.0302404534794847,64.91981872025036,8.010000000000002,0.187216483089891,0.303298898539346,0.0
43.5,uav_01,1,2.043524309172194,-2.5253136072898763,8.010000000000002,0.1760285566130781,0.22234267935693722,0.0
43.5,uav_02,1,2.0758300061999075,11.053568223553786,8.010000000000002,0.1585749463815469,0.12716220509850787,0.0
43.5,uav_03,1,2.0360336691021312,24.328548671175685,8.010000000000002,0.186606846224943,0.2192821546993162,0.0
43.5,uav_04,1,2.0501026101302746,37.855578679250456,8.010000000000002,0.17261962590080485,0.2340551367104629,0.0
43.5,uav_05,1,2.0632719041163847,51.421803620918205,8.010000000000002,0.16159037408084706,0.19954224448508237,0.0
43.5,uav_06,1,2.0564451398056236,64.95066463518617,8.010000000000002,0.16933287384406848,0.1926616122847532,0.0
43.6,uav_01,1,2.062903836941247,-2.4963657952693143,8.010000000000002,0.16598592283541108,0.10985922835411077,0.0
43.6,uav_02,1,2.0894287579833843,11.069191737935881,8.010000000000002,0.1444809723877026,0.030328751489323492,0.0
43.6,uav_03,1,2.0608510952248507,24.34973739608236,8.010000000000002,0.17409934160814103,0.11049670804070517,0.0
43.6,uav_04,1,2.0686569075472394,37.882703425993704,8.010000000000002,0.16300463341073754,0.12305096751811283,0.0
43.6,uav_05,1,2.080844583932632,51.44287423934235,8.010000000000002,0.15168887696492464,0.09857764661417096,0.0
43.6,uav_06,1,2.07639080273475,64.98281379165758,8.010000000000002,0.15799372815937637,0.07996864079688189,0.0
43.7,uav_01,1,2.0814942171120556,-2.4790510719035455,8.010000000000002,0.15270446391953205,0.01717008763789417,0.0
43.7,uav_02,1,2.1043548297280523,11.080249603747472,8.010000000000002,0.12901134087368915,-0.05944896606839887,0.0
43.7,uav_03,1,2.0806969667686364,24.36895252275674,8.010000000000002,0.15353074754455037,0.010888363950476626,0.0
43.7,uav_04,1,2.0880071757789938,37.8971498322,8.010000000000002,0.1459543243412506,0.026794459535627743,0.0
43.7,uav_05,1,2.0986925878822067,51.45499912688763,8.010000000000002,0.1348797833431601,0.004398916715800352,0.0
43.7,uav_06,1,2.0942303646140674,64.99278703500015,8.010000000000002,0.13950450704065992,-0.014954929593400822,0.0
43.8,uav_01,1,2.1010706406197253,-2.472009467791037,8.010000000000002,0.13241512978001163,-0.07792435109994188,0.0
43.8,uav_02,1,2.1233288444799947,11.085244249535885,8.010000000000002,0.10934635316904615,-0.14261458732381538,0.0
43.8,uav_03,1,2.0965948041967812,24.376452104914907,8.010000000000002,0.13705396203370376,-0.07651434169666632,0.0
43.8,uav_04,1,2.1067717041980685,37.907929053256325,8.010000000000002,0.12650645146639028,-0.07421451693485354,0.0
43.8,uav_05,1,2.1187233512839905,51.46650573198405,8.010000000000002,0.1141195642574876,-0.09146196084130587,0.0
43.8,uav_06,1,2.105044266027318,64.99278703500015,8.010000000000002,0.12744519640332236,-0.11766441079003293,0.0
43.9,uav_01,1,2.119752981613857,-2.472009467791037,8.010000000000002,0.10957865611078516,-0.16779025037123957,0.0
43.9,uav_02,1,2.1374603896511415,11.07936927305033,8.010000000000002,0.07880073263290852,-0.21709871789241011,0.0
43.9,uav_03,1,2.110458169772398,24.372398085260652,8.010000000000002,0.11902860546251513,-0.16925705209995967,0.0
43.9,uav_04,1,2.1193002921387154,37.9043538829882,8.010000000000002,0.10704322566139647,-0.16182709735441414,0.0
43.9,uav_05,1,2.1297541539298113,51.46068247245421,8.010000000000002,0.09537410980021402,-0.1758165058990369,0.0
43.9,uav_06,1,2.120645358320284,64.99278703500015,8.010000000000002,0.10319134590237763,-0.1904259622928671,0.0
44.0,uav_01,1,2.1360044642879554,-2.480414015012944,8.010000000000002,0.07483651404736945,-0.2389543574407882,0.0
44.0,uav_02,1,2.147030541375441,11.06258937436356,8.010000000000002,0.039126069569477825,-0.27087393043052216,0.0
44.0,uav_03,1,2.126811522806341,24.360641051649804,8.010000000000002,0.08294738943272915,-0.24131576320908857,0.0
44.0,uav_04,1,2.1375026941723587,37.891945677468584,8.010000000000002,0.0693126767540014,-0.24370281568049756,0.0
44.0,uav_05,1,2.1387372475738426,51.45036185651684,8.010000000000002,0.07013047886858119,-0.24636221597331057,0.0
44.0,uav_06,1,2.1294914256142934,64.98498230374825,8.010000000000002,0.07887805285405283,-0.24928454334054342,0.0
44.1,uav_01,1,2.1419954219207242,-2.4978424755648554,8.010000000000002,0.03348020447641481,-0.2799118773141511,0.0
44.1,uav_02,1,2.1516440493729925,11.040764149163952,8.010000000000002,0.0048117450856727615,-0.3051882549143272,0.0
44.1,uav_03,1,2.1370331233658555,24.343513430066004,8.010000000000002,0.03085805441799296,-0.2845709727910035,0.0
44.1,uav_04,1,2.1419954219207242,37.87992708545458,8.010000000000002,0.017430980581527762,-0.29405521553477776,0.0
44.1,uav_05,1,2.147626675252638,51.43367914273184,8.010000000000002,0.030818371007836014,-0.2933453031937312,0.0
44.1,uav_06,1,2.1372945954958382,64.97033279761051,8.010000000000002,0.044360074943888814,-0.29051194004488895,0.0
44.2,uav_01,1,2.1419954219207242,-2.5125887627385453,8.010000000000002,-0.016516465680985633,-0.30660658627239423,0.0
44.2,uav_02,1,2.1516440493729925,11.02025961153211,8.010000000000002,-0.03586794635016371,-0.32431132439169397,0.0
44.2,uav_03,1,2.1419954219207242,24.32547244540096,8.010000000000002,-0.029943780057150572,-0.3059887560114301,0.0
44.2,uav_04,1,2.149674911643863,37.86063377096863,8.010000000000002,-0.029795762460150123,-0.31591830498406004,0.0
44.2,uav_05,1,2.1516440493729925,51.41294337567683,8.010000000000002,-0.010756778690725033,-0.3203783893453625,0.0
44.2,uav_06,1,2.1419954219207242,64.95199515797337,8.010000000000002,0.006403286820881713,-0.3167983565895591,0.0
44.3,uav_01,1,2.1419954219207242,-2.5353974557978014,8.010000000000002,-0.0751380877932256,-0.32,0.0
44.3,uav_02,1,2.148427694677526,11.00025704245097,8.010000000000002,-0.09333438924825616,-0.33,0.0
44.3,uav_03,1,2.1353980203740455,24.305866463675684,8.010000000000002,-0.09786359976316153,-0.31,0.0
44.3,uav_04,1,2.1434081415049153,37.83718475202437,8.010000000000002,-0.09121500177400521,-0.32,0.0
44.3,uav_05,1,2.1516440493729925,51.39060163488887,8.010000000000002,-0.06159862796541335,-0.33526643799423556,0.0
44.3,uav_06,1,2.1419954219207242,64.93217318266966,8.010000000000002,-0.03403928809509046,-0.33233988134918174,0.0
44.4,uav_01,1,2.1384152457627437,-2.557832657596978,8.010000000000002,-0.14968443473990853,-0.31628944565751144,0.0
44.4,uav_02,1,2.138868498681596,10.978292049523496,8.010000000000002,-0.16592636360132912,-0.32675920454983387,0.0
44.4,uav_03,1,2.124920231249145,24.28179073959845,8.010000000000002,-0.1815761102593941,-0.31,0.0
44.4,uav_04,1,2.1329908340192323,37.81324800374298,8.010000000000002,-0.17466004188810166,-0.3106674947639873,0.0
44.4,uav_05,1,2.1458408258880612,51.36677252650499,8.010000000000002,-0.13811646849162634,-0.34,0.0
44.4,uav_06,1,2.140045717064591,64.91071032009025,8.010000000000002,-0.09414494664755224,-0.33797929333606397,0.0
44.5,uav_01,1,2.1255410356724194,-2.5795957551004647,8.010000000000002,-0.22821440448384683,-0.31,0.0
44.5,uav_02,1,2.1287137144573425,10.959132543173968,8.010000000000002,-0.23506153450234513,-0.31811730818720685,0.0
44.5,uav_03,1,2.1086144024941076,24.260504165331884,8.010000000000002,-0.25838659320152535,-0.30270167584980934,0.0
44.5,uav_04,1,2.1137683981742543,37.7904235418775,8.010000000000002,-0.2570198401581265,-0.31,0.0
44.5,uav_05,1,2.132320880172517,51.34682159204556,8.010000000000002,-0.20509400055114052,-0.3349865713498371,0.0
44.5,uav_06,1,2.1322104041940753,64.8927064441543,8.010000000000002,-0.15113084605165178,-0.32985864424354355,0.0
44.6,uav_01,1,2.1021501264084272,-2.6022953276189162,8.010000000000002,-0.3101235519789243,-0.30623455600263444,0.0
44.6,uav_02,1,2.105251421229328,10.93665647266137,8.010000000000002,-0.31616419610731056,-0.30797947548658616,0.0
44.6,uav_03,1,2.0810431791793857,24.237389986636135,8.010000000000002,-0.34179180542583804,-0.29227602432177024,0.0
44.6,uav_04,1,2.0896403533083214,37.76506507452465,8.010000000000002,-0.3485233435261712,-0.29893458205922857,0.0
44.6,uav_05,1,2.1162481906667616,51.328355786693706,8.010000000000002,-0.26673944890870227,-0.32665756888641223,0.0
44.6,uav_06,1,2.125277255398312,64.8767755466805,8.010000000000002,-0.20861590352795512,-0.3226730120590056,0.0
44.7,uav_01,1,2.0702638613545226,-2.628042976203849,8.010000000000002,-0.3886875854952682,-0.29641405181309144,0.0
44.7,uav_02,1,2.0740665186501133,10.91866801709294,8.010000000000002,-0.3810737471204611,-0.2998657816099424,0.0
44.7,uav_03,1,2.041490546915933,24.21340759525661,8.010000000000002,-0.42832987706544784,-0.281458765366819,0.0
44.7,uav_04,1,2.0487109193097686,37.741553298361715,8.010000000000002,-0.4333632470105173,-0.2883295941236853,0.0
44.7,uav_05,1,2.093559330343206,51.30511543790502,8.010000000000002,-0.34039995507245047,-0.3149000112318874,0.0
44.7,uav_06,1,2.1029545233331004,64.84816600944494,8.010000000000002,-0.28456704655485315,-0.31317911918064334,0.0
44.8,uav_01,1,2.028776852968095,-2.6589851829616657,8.010000000000002,-0.4746832496937237,-0.28132918757656905,0.0
44.8,uav_02,1,2.0473208907479057,10.89818276821345,8.010000000000002,-0.4549927282193188,-0.2906259089725851,0.0
44.8,uav_03,1,2.000409758104657,24.189808873467104,8.010000000000002,-0.5134835138817447,-0.27081456076478194,0.0
44.8,uav_04,1,2.004081899789939,37.71735028225478,8.010000000000002,-0.520697420646236,-0.27741282241922055,0.0
44.8,uav_05,1,2.056514374024026,51.275576573466964,8.010000000000002,-0.41718798355594416,-0.297851502055507,0.0
44.8,uav_06,1,2.0748970280187127,64.82315183280633,8.010000000000002,-0.36211173563027954,-0.303486033046215,0.0
44.9,uav_01,1,1.9811951821496192,-2.676468680910581,8.010000000000002,-0.5599840995709384,-0.26555732226989576,0.0
44.9,uav_02,1,2.0094859373770597,10.880240370119793,8.010000000000002,-0.5197360843590344,-0.2750659789102414,0.0
44.9,uav_03,1,1.9646036536193063,24.17299273166437,8.010000000000002,-0.5741628872695418,-0.25645927818261455,0.0
44.9,uav_04,1,1.9513192031778683,37.694404947257084,8.010000000000002,-0.6064300485922793,-0.2641266558683824,0.0
44.9,uav_05,1,2.0199618325796123,51.255297152306696,8.010000000000002,-0.49165978779966,-0.28870446802225996,0.0
44.9,uav_06,1,2.038572803620648,64.80035332681848,8.010000000000002,-0.44437787373404963,-0.2932027657832438,0.0
45.0,uav_01,1,1.9277603455301502,-2.6907718955557502,8.010000000000002,-0.6430552414364038,-0.25265439079191027,0.0
45.0,uav_02,1,1.9605244666582378,10.860553907710514,8.010000000000002,-0.597119314102023,-0.25730681908843933,0.0
45.0,uav_03,1,1.9148150058624258,24.152732072131126,8.010000000000002,-0.6531803925812955,-0.24409106749096718,0.0
45.0,uav_04,1,1.8919511246039014,37.67267995860533,8.010000000000002,-0.6946215645626337,-0.24726427060415182,0.0
45.0,uav_05,1,1.9802024665755986,51.23702544442655,8.010000000000002,-0.5658328814268744,-0.2804630131747918,0.0
45.0,uav_06,1,1.9945336198465191,64.77869465945504,8.010000000000002,-0.5290973954223281,-0.28343362273085243,0.0
45.1,uav_01,1,1.8696560304412175,-2.711848898636619,8.010000000000002,-0.7254367031535189,-0.23682041210581012,0.0
45.1,uav_02,1,1.9019801321959826,10.83813350972649,8.010000000000002,-0.6816744976280684,-0.24354068779649143,0.0
45.1,uav_03,1,1.8414345193744597,24.129387960113778,8.010000000000002,-0.747944658672811,-0.2335617045919099,0.0
45.1,uav_04,1,1.8184565953085026,37.653066087958976,8.010000000000002,-0.7853210688793141,-0.24,0.0
45.1,uav_05,1,1.9202885521526512,51.21390945868141,8.010000000000002,-0.6497076263518529,-0.26007309341203677,0.0
45.1,uav_06,1,1.9457132286620318,64.7562588910822,8.010000000000002,-0.6134882546527908,-0.2666279363368023,0.0
45.2,uav_01,1,1.7956584939819913,-2.7349928656415985,8.010000000000002,-0.8125680793986774,-0.23,-0.0036186754887419337
45.2,uav_02,1,1.834974376442919,10.81501710829011,8.010000000000002,-0.771973696020527,-0.233114033775497,0.0
45.2,uav_03,1,1.758871858323428,24.11358276256161,8.010000000000002,-0.8370756901782155,-0.23,-0.00713446127227693
45.2,uav_04,1,1.7352225976082465,37.63770857098714,8.010000000000002,-0.8715861805956782,-0.24,-0.0035095756217420238
45.2,uav_05,1,1.8678396277862266,51.19382338567892,8.010000000000002,-0.7312094986640809,-0.25097672237065766,0.0
45.2,uav_06,1,1.887496046090258,64.73504958775365,8.010000000000002,-0.6962724024137873,-0.24749502168582505,0.0
45.3,uav_01,1,1.7152750289023442,-2.7531140396934943,8.010000000000002,-0.8986757122054335,-0.2335844640256792,-0.006415535974320808
45.3,uav_02,1,1.7558137935896159,10.793272435020517,8.010000000000002,-0.8535512179774987,-0.23,-0.006693902247187336
45.3,uav_03,1,1.6907176602428031,24.097183806483766,8.010000000000002,-0.9136758253942743,-0.23,-0.01
45.3,uav_04,1,1.6402125067996765,37.613451580088096,8.010000000000002,-0.9656055410085016,-0.2444506926260627,-0.005549307373937302
45.3,uav_05,1,1.7880870077557982,51.18101657841312,8.010000000000002,-0.8167966186868427,-0.24040042266414463,0.0
45.3,uav_06,1,1.8142853613628622,64.71986219639591,8.010000000000002,-0.7796442056880379,-0.23379447428899527,0.0
45.4,uav_01,1,1.6280970466836915,-2.7674562572610433,8.010000000000002,-0.9760903198482037,-0.24326128998102547,0.0
45.4,uav_02,1,1.6757830483140823,10.77939123510071,8.010000000000002,-0.9272802909506057,-0.23,-0.004089963631174286
45.4,uav_03,1,1.620728059234244,24.079312078971363,8.010000000000002,-0.9822001936656135,-0.23805004841640337,-0.005974975791798315
45.4,uav_04,1,1.5438139060901446,37.59107798126218,8.010000000000002,-1.0417961385865693,-0.25454230551236706,0.0
45.4,uav_05,1,1.7152340186371111,51.16053537865395,8.010000000000002,-0.9013405145120634,-0.24,-0.00903783494578482
45.4,uav_06,1,1.7382236338648456,64.70222176119776,8.010000000000002,-0.8645353384589171,-0.23605948205099078,-0.006059482050990784
45.5,uav_01,1,1.5391031088851383,-2.787905165351978,8.010000000000002,-1.0498781684764875,-0.25248477105956096,0.0
45.5,uav_02,1,1.5919255828216468,10.763749638458654,8.010000000000002,-1.0000812894120263,-0.24002032235300658,0.0
45.5,uav_03,1,1.541172059847017,24.061489394969215,8.010000000000002,-1.044447627675094,-0.25,0.0
45.5,uav_04,1,1.4372093261807797,37.568809383319696,8.010000000000002,-1.1166924627438581,-0.26,0.0
45.5,uav_05,1,1.6153325687594449,51.13715352373588,8.010000000000002,-0.9866737751732774,-0.24958422189665969,-0.0004157781033403262
45.5,uav_06,1,1.65338201034537,64.67959017571901,8.010000000000002,-0.950139678878953,-0.24,-0.00373254014013087
45.6,uav_01,1,1.4491842260301364,-2.807899971056062,8.010000000000002,-1.1205240039946551,-0.26,0.0
45.6,uav_02,1,1.4949290736727994,10.741461910324585,8.010000000000002,-1.0805043374487142,-0.25,0.0
45.6,uav_03,1,1.4544012802150794,24.043363873570147,8.010000000000002,-1.101676249635129,-0.25023946423358984,0.0
45.6,uav_04,1,1.321616178749438,37.54567519528469,8.010000000000002,-1.1951486418037724,-0.26,0.0
45.6,uav_05,1,1.5131787139971777,51.113715336996236,8.010000000000002,-1.0710921199879164,-0.26,0.0
45.6,uav_06,1,1.5540160080741006,64.65593046629417,8.010000000000002,-1.0355133848108338,-0.24693917310135421,0.0
45.7,uav_01,1,1.3563966135316097,-2.8256671487130665,8.010000000000002,-1.1766212092320611,-0.26,0.0
45.7,uav_02,1,1.388792996962102,10.719314492601002,8.010000000000002,-1.1553684525427084,-0.25,0.0
45.7,uav_03,1,1.3557347379631757,24.022753449630397,8.010000000000002,-1.1667505784655188,-0.25953579692364553,0.0
45.7,uav_04,1,1.2061739643421783,37.523570063794125,8.010000000000002,-1.2649422866338793,-0.24502473429976598,0.0
45.7,uav_05,1,1.397972834471957,51.08983674384165,8.010000000000002,-1.1464852053069967,-0.25907354209900046,0.0
45.7,uav_06,1,1.4417028670400875,64.63185249921811,8.010000000000002,-1.1145967893866788,-0.2577995413409541,0.0
45.8,uav_01,1,1.2633686522300016,-2.8434803490897713,8.010000000000002,-1.232863724321289,-0.252448039382673,0.0
45.8,uav_02,1,1.2809977110459303,10.69867361194196,8.010000000000002,-1.2205389444483106,-0.24563729365024134,0.0
45.8,uav_03,1,1.271374345305105,24.014119230041498,8.010000000000002,-1.2248841951727225,-0.24627895120681936,0.0
45.8,uav_04,1,1.0944268962697623,37.50805480338579,8.010000000000002,-1.3318386281806451,-0.22204034295483874,0.0
45.8,uav_05,1,1.2879175462483252,51.06883673962312,8.010000000000002,-1.2131880876427867,-0.24960148904465165,0.0
45.8,uav_06,1,1.3328593948747736,64.61060436597072,8.010000000000002,-1.1890681038036466,-0.25261648702454415,0.0
45.9,uav_01,1,1.1626372552853068,-2.8617024015967516,8.010000000000002,-1.2961681464278296,-0.23268694508956386,0.0
45.9,uav_02,1,1.178134175713891,10.679530795799879,8.010000000000002,-1.2839765970147108,-0.2340058507463223,0.0
45.9,uav_03,1,1.168343259993037,23.99885296752201,8.010000000000002,-1.2872127747842925,-0.2293677786330593,0.0
45.9,uav_04,1,0.9832000890260245,37.49647291971416,8.010000000000002,-1.3999253112924046,-0.20114430609226455,0.0
45.9,uav_05,1,1.1515219647896338,51.04613910255917,8.010000000000002,-1.3001804999379907,-0.2361823125232535,0.0
45.9,uav_06,1,1.2107886884227557,64.58722999631584,8.010000000000002,-1.2654856658856755,-0.24207347630204634,0.0
46.0,uav_01,1,1.0561685431000043,-2.875462411213775,8.010000000000002,-1.3616395417670981,-0.20813517183733818,0.0
46.0,uav_02,1,1.0844237923557478,10.6635231573311,8.010000000000002,-1.3434771334005475,-0.2182614332997263,0.0
46.0,uav_03,1,1.0360798675231793,23.97640314840252,8.010000000000002,-1.3635368220221573,-0.203673691741691,0.0
46.0,uav_04,1,0.8720871327732104,37.478784423526804,8.010000000000002,-1.4730771304764256,-0.1684614347617872,0.0
46.0,uav_05,1,1.0132506410299922,51.03173745516264,8.010000000000002,-1.387057161108573,-0.20360356458428522,0.0
46.0,uav_06,1,1.0686008997976857,64.57293466857388,8.010000000000002,-1.349990911792055,-0.21375340807797943,0.0
46.1,uav_01,1,0.9473419735957762,-2.8863254790476938,8.010000000000002,-1.426895328539766,-0.1824909650934373,0.0
46.1,uav_02,1,0.9382635862137394,10.651621429385047,8.010000000000002,-1.4305407242004466,-0.17648642526651775,0.0
46.1,uav_03,1,0.9051329601856233,23.960984170166917,8.010000000000002,-1.4431430064937485,-0.17082533044722287,0.0
46.1,uav_04,1,0.7295416425391515,37.46854882587341,8.010000000000002,-1.546945399345145,-0.13152730032742754,0.0
46.1,uav_05,1,0.8689427586934725,51.011381341027956,8.010000000000002,-1.4710203428117448,-0.1694898285941276,0.0
46.1,uav_06,1,0.9229329577612709,64.55041345139472,8.010000000000002,-1.4362610258171535,-0.1814021153185674,0.0
46.2,uav_01,1,0.8388260526522271,-2.902948574788587,8.010000000000002,-1.494375961600973,-0.15249957262178976,0.0
46.2,uav_02,1,0.8006268067385063,10.641126621404096,8.010000000000002,-1.5151084709603697,-0.1474457645198152,0.0
46.2,uav_03,1,0.7859881258666613,23.951858523234964,8.010000000000002,-1.514207315630276,-0.14092225663864652,0.0
46.2,uav_04,1,0.6014462048282632,37.468125563439166,8.010000000000002,-1.613325530335758,-0.09833723483212092,0.0
46.2,uav_05,1,0.7262732258038971,51.000626052330595,8.010000000000002,-1.5486391204940886,-0.1306804397529557,0.0
46.2,uav_06,1,0.8020061878789122,64.54059868828735,8.010000000000002,-1.503353241566597,-0.1483233792167015,0.0
46.3,uav_01,1,0.6900387337469389,-2.9043339934563797,8.010000000000002,-1.5675883960215822,-0.12103354456217907,0.0
46.3,uav_02,1,0.6566163581227652,10.630785831561312,8.010000000000002,-1.5897358935521702,-0.11013205322391502,0.0
46.3,uav_03,1,0.6591129466888849,23.944127579249564,8.010000000000002,-1.5810699984300014,-0.1136742866114278,0.0
46.3,uav_04,1,0.4542051304455989,37.46034931816635,8.010000000000002,-1.6791046629032336,-0.061940192626723636,0.0
46.3,uav_05,1,0.5543456219526055,50.992123548022604,8.010000000000002,-1.6328393094838525,-0.08694896600922718,0.0
46.3,uav_06,1,0.6449005725843213,64.52917342194742,8.010000000000002,-1.585807112310024,-0.10709644384498808,0.0
46.4,uav_01,1,0.5580948702157177,-2.9129140447883155,8.010000000000002,-1.63192052312664,-0.08903973843667995,0.0
46.4,uav_02,1,0.5036450748082951,10.620445579607027,8.010000000000002,-1.6550645027094597,-0.08211521312451728,0.0
46.4,uav_03,1,0.4869616401275585,23.941825448855834,8.010000000000002,-1.6545372643173033,-0.07169299181868383,0.0
46.4,uav_04,1,0.31907415591022215,37.45704031945389,8.010000000000002,-1.7297687302329554,-0.03511563488352224,0.0
46.4,uav_05,1,0.37204996207710817,50.992123548022604,8.010000000000002,-1.704800391961445,-0.04759980401927752,0.0
46.4,uav_06,1,0.4980892483347049,64.52720677659131,8.010000000000002,-1.6541502257434277,-0.06905701386089841,0.0
46.5,uav_01,1,0.42233663042289127,-2.915419237441658,8.010000000000002,-1.686099963107953,-0.05593335792803125,0.0
46.5,uav_02,1,0.3292411577040206,10.619663991127055,8.010000000000002,-1.7195655078219017,-0.04028966145206552,0.0
46.5,uav_03,1,0.3290920046914566,23.933042334870457,8.010000000000002,-1.7180343120204673,-0.035179412787719584,0.0
46.5,uav_04,1,0.17379997409508863,37.46072744345532,8.010000000000002,-1.7733046201105762,-0.010021534917067853,0.0
46.5,uav_05,1,0.2058716204374669,50.992123548022604,8.010000000000002,-1.7585086661109177,-0.018894800333449337,0.0
46.5,uav_06,1,0.3199451752357532,64.52720677659131,8.010000000000002,-1.7194678172936235,-0.03526609135318823,0.0
46.6,uav_01,1,0.2927752975585931,-2.915419237441658,8.010000000000002,-1.7321875893785703,-0.02890620531071485,0.0
46.6,uav_02,1,0.16708148774951245,10.619663991127055,8.010000000000002,-1.7663427618545433,-0.002925790516365427,0.0
46.6,uav_03,1,0.14868632978564045,23.935253163239192,8.010000000000002,-1.7699719423998501,-0.004016834560089981,0.0
46.6,uav_04,1,-0.01821327045874962,37.468125563439166,8.010000000000002,-1.820756984159705,0.022454190495822996,0.0
46.6,uav_05,1,0.06132703355932507,50.992123548022604,8.010000000000002,-1.8001221203277196,0.006073272196631768,0.0
46.6,uav_06,1,0.15448905642244243,64.52720677659131,8.010000000000002,-1.7688569304326438,-0.0066858417404137074,0.0
46.7,uav_01,1,0.16293038726725556,-2.915419237441658,8.010000000000002,-1.775871170136174,-0.006477297918295601,0.0
46.7,uav_02,1,-0.01487410969837999,10.630466917529501,8.010000000000002,-1.828471925559766,0.01949064185325527,0.0
46.7,uav_03,1,-0.016197336978115952,23.944127579249564,8.010000000000002,-1.81704926085458,0.022819704341832024,0.0
46.7,uav_04,1,-0.21460490342423086,37.473517666901,8.010000000000002,-1.869456868166118,0.054592651124588415,0.0
46.7,uav_05,1,-0.1054972672273144,50.99374970562159,8.010000000000002,-1.845867827693726,0.03440087077029444,0.0
46.7,uav_06,1,-0.027745835367839783,64.53636788420717,8.010000000000002,-1.821321180221873,0.024792708133123714,0.0
46.8,uav_01,1,-0.02984006552843016,-2.913031432476793,8.010000000000002,-1.8286161566422379,0.026462117481678274,0.0
46.8,uav_02,1,-0.2085240826180035,10.631088325259466,8.010000000000002,-1.8712235716372427,0.050611785818621316,0.0
46.8,uav_03,1,-0.21101529745284542,23.94638545645544,8.010000000000002,-1.8681473252510303,0.04611049393827273,0.0
46.8,uav_04,1,-0.4135708760475012,37.485231857856306,8.010000000000002,-1.9117263592289515,0.08629476942171375,0.0
46.8,uav_05,1,-0.30253374850527787,51.00516627457259,8.010000000000002,-1.8870633796549032,0.06529753474117746,0.0
46.8,uav_06,1,-0.21868429278355245,64.53829202097042,8.010000000000002,-1.873854755598934,0.04754190223957364,0.0
46.9,uav_01,1,-0.22007647673302255,-2.9015282041435753,8.010000000000002,-1.8701244112149416,0.05506220560747079,0.0
46.9,uav_02,1,-0.4112918874434226,10.642736253829527,8.010000000000002,-1.9132539628617968,0.07244047214634773,0.0
46.9,uav_03,1,-0.4099771167633024,23.958256119895218,8.010000000000002,-1.9109814328175274,0.07823607461314556,0.0
46.9,uav_04,1,-0.6176593166219696,37.496955650015906,8.010000000000002,-1.9540304961347679,0.11802287210107586,0.0
46.9,uav_05,1,-0.501800969685347,51.017069501420615,8.010000000000002,-1.930014989074517,0.09751124180588781,0.0
46.9,uav_06,1,-0.42293769612659243,64.54873098038233,8.010000000000002,-1.917667945080568,0.0782509588104261,0.0
47.0,uav_01,1,-0.40860183817845164,-2.8902844548361704,8.010000000000002,-1.910696360458022,0.07802227034351653,0.0
47.0,uav_02,1,-0.6253476516299095,10.655032615828802,8.010000000000002,-1.957624160139371,0.10571812010452825,0.0
47.0,uav_03,1,-0.6183401906420338,23.970225467155394,8.010000000000002,-1.954171629987169,0.11062872249037671,0.0
47.0,uav_04,1,-0.8134578866489712,37.51437546233597,8.010000000000002,-1.993444077025139,0.14758305776885422,0.0
47.0,uav_05,1,-0.7033307665141911,51.03160219996307,8.010000000000002,-1.9712273921885675,0.12842054414142554,0.0
47.0,uav_06,1,-0.6299091410837099,64.56076322610875,8.010000000000002,-1.9604069149452117,0.11040691494521179,0.0
47.1,uav_01,1,-0.5884225392444595,-2.8800598952285763,8.010000000000002,-1.9475906654734423,0.10759066547344227,0.0
47.1,uav_02,1,-0.8299598092582058,10.669303110418124,8.010000000000002,-1.9971691819522401,0.1371691819522402,0.0
47.1,uav_03,1,-0.8341958041264789,23.987367900193323,8.010000000000002,-1.9935106471758837,0.1435106471758838,0.0
47.1,uav_04,1,-0.9912847558324362,37.53383299582367,8.010000000000002,-2.0239120222078553,0.1739120222078553,0.0
47.1,uav_05,1,-0.8860327304523842,51.051593158477445,8.010000000000002,-2.005471312866941,0.15547131286694063,0.0
47.1,uav_06,1,-0.8460693391123955,64.58441513172353,8.010000000000002,-1.9932153258895073,0.1424114944171305,0.0
47.2,uav_01,1,-0.7580364310387384,-2.8704528670020464,8.010000000000002,-1.9811283354510867,0.1408462515883151,0.0
47.2,uav_02,1,-1.0268504573746673,10.690634248706857,8.010000000000002,-2.028044553677924,0.16603341525844278,0.0
47.2,uav_03,1,-1.0540995272165927,24.011429415980558,8.010000000000002,-2.031425988328166,0.17606949124612462,0.0
47.2,uav_04,1,-1.162939540529563,37.55261518952264,8.010000000000002,-2.0493271507205,0.19932715072050003,0.0
47.2,uav_05,1,-1.056370592602684,51.07023125688374,8.010000000000002,-2.0309219444996485,0.18069145837473663,0.0
47.2,uav_06,1,-1.0297396127900893,64.60451204107842,8.010000000000002,-2.029474174182918,0.1696056306371886,0.0
47.3,uav_01,1,-0.9338071861099901,-2.850258682144703,8.010000000000002,-2.0175626875803157,0.1681720156852366,0.0
47.3,uav_02,1,-1.2528395426611048,10.71451820120421,8.010000000000002,-2.068351989385229,0.19556799292348606,0.0
47.3,uav_03,1,-1.2797376124359294,24.035464100118116,8.010000000000002,-2.0685920277349035,0.20239468515660236,0.0
47.3,uav_04,1,-1.3543255117270543,37.573298903110434,8.010000000000002,-2.0797537614073547,0.2224384403518387,0.0
47.3,uav_05,1,-1.2437381844159212,51.0907327210499,8.010000000000002,-2.067910690672877,0.20843301800465772,0.0
47.3,uav_06,1,-1.2610603835860514,64.62969330056343,8.010000000000002,-2.064906208016095,0.20245310400804759,0.0
47.4,uav_01,1,-1.1638201951348959,-2.8260824327539,8.010000000000002,-2.051181482023555,0.2005907410117775,0.0
47.4,uav_02,1,-1.4741917547586578,10.742288520632503,8.010000000000002,-2.1006196008249303,0.2135398669416434,0.0
47.4,uav_03,1,-1.4894588723197142,24.05736840504976,8.010000000000002,-2.098231841376189,0.2160772804587296,0.0
47.4,uav_04,1,-1.5710549968812557,37.598871146479155,8.010000000000002,-2.115297069301855,0.23,0.0
47.4,uav_05,1,-1.4421597546783855,51.111509468871496,8.010000000000002,-2.096547077758491,0.2188490259194969,0.0
47.4,uav_06,1,-1.4901699651804914,64.65362261584883,8.010000000000002,-2.1040397416558765,0.22,0.0
47.5,uav_01,1,-1.353597982439335,-2.805317248967444,8.010000000000002,-2.0886460311939117,0.21932301559695586,0.0
47.5,uav_02,1,-1.7114116391325092,10.773771610248781,8.010000000000002,-2.129020499327146,0.22,0.0
47.5,uav_03,1,-1.7050790638817537,24.086800601467907,8.010000000000002,-2.128705348443324,0.22,0.0
47.5,uav_04,1,-1.7540734741532606,37.62601329357804,8.010000000000002,-2.1336458065728103,0.22756946228479308,0.0
47.5,uav_05,1,-1.6392810809096972,51.13209777582192,8.010000000000002,-2.124406148282762,0.22813538276092074,0.0
47.5,uav_06,1,-1.7197370744474405,64.67759971732184,8.010000000000002,-2.128504231310783,0.22,0.0
47.6,uav_01,1,-1.578184204986319,-2.781826263517447,8.010000000000002,-2.1205142358083324,0.22974288209583374,0.0
47.6,uav_02,1,-1.9434256290717964,10.797451046455862,8.010000000000002,-2.155572582013832,0.20961827865744542,0.0
47.6,uav_03,1,-1.9393476607695472,24.114741292347098,8.010000000000002,-2.1608659730526827,0.21304467564910573,0.0
47.6,uav_04,1,-1.987348410901602,37.64949237773228,8.010000000000002,-2.1654165331824626,0.2063889778783582,0.0
47.6,uav_05,1,-1.8082324354877173,51.15649994970004,8.010000000000002,-2.1421893127303604,0.21781068726963937,0.0
47.6,uav_06,1,-1.9492961929295585,64.70509361200305,8.010000000000002,-2.160471732904377,0.21301884473041544,0.0
47.7,uav_01,1,-1.8022592631035612,-2.757638848207945,8.010000000000002,-2.142333705814272,0.21844419612381874,0.0
47.7,uav_02,1,-2.1744356426558697,10.820993386451127,8.010000000000002,-2.1874289029656335,0.1825710970343666,0.0
47.7,uav_03,1,-2.163737801996415,24.13787085942586,8.010000000000002,-2.192163750180088,0.1878362498199119,0.0
47.7,uav_04,1,-2.218263029904215,37.67311436465675,8.010000000000002,-2.197380628568197,0.18261937143180318,0.0
47.7,uav_05,1,-2.01009709094993,51.181372607380446,8.010000000000002,-2.166082394396503,0.19927840373566477,0.0
47.7,uav_06,1,-2.1707174835097947,64.73443028670998,8.010000000000002,-2.190404525233875,0.1895954747661252,0.0
47.8,uav_01,1,-2.039166955608364,-2.7237479565124483,8.010000000000002,-2.1743600241831795,0.19709331721121373,0.0
47.8,uav_02,1,-2.3885463752646285,10.841879679220142,8.010000000000002,-2.210460795506594,0.1595392044934062,0.0
47.8,uav_03,1,-2.4086328534187196,24.16179997639208,8.010000000000002,-2.2163622924163735,0.15545656137543987,0.0
47.8,uav_04,1,-2.4524090053990104,37.69577964348306,8.010000000000002,-2.2253667693078927,0.15194984603816153,0.0
47.8,uav_05,1,-2.233732828082759,51.20371465974805,8.010000000000002,-2.196314546255853,0.17912363582943136,0.0
47.8,uav_06,1,-2.3806555240148364,64.75215777479008,8.010000000000002,-2.215856637858284,0.16121504321257427,0.0
47.9,uav_01,1,-2.276817750273021,-2.7000057470684764,8.010000000000002,-2.2043245324713023,0.17351320129304687,0.0
47.9,uav_02,1,-2.6062390308812367,10.863168237019563,8.010000000000002,-2.2296652058466218,0.13550219123006776,0.0
47.9,uav_03,1,-2.649639070720025,24.185702079537894,8.010000000000002,-2.2379243823017814,0.12311342654732811,0.0
47.9,uav_04,1,-2.667692421976181,37.71453397048099,8.010000000000002,-2.242285049721661,0.12314485083501779,0.0
47.9,uav_05,1,-2.461771024412559,51.22596869699081,8.010000000000002,-2.220951733428433,0.15357239985735055,0.0
47.9,uav_06,1,-2.627081181873581,64.76856497034854,8.010000000000002,-2.237729251841259,0.13227074815874126,0.0
48.0,uav_01,1,-2.513464485743911,-2.679627003756847,8.010000000000002,-2.2254163976623023,0.14187540350654684,0.0
48.0,uav_02,1,-2.859673242612418,10.881267133632225,8.010000000000002,-2.245992222371653,0.10202333288504178,0.0
48.0,uav_03,1,-2.8647343951287114,24.197197183464453,8.010000000000002,-2.2482941166750736,0.10341176664985316,0.0
48.0,uav_04,1,-2.9130091182915048,37.72627741687232,8.010000000000002,-2.252878813921251,0.09424237215749774,0.0
48.0,uav_05,1,-2.6852039511988197,51.24192665633174,8.010000000000002,-2.2406948204901806,0.12395776926472885,0.0
48.0,uav_06,1,-2.8739451996768075,64.78718369991677,8.010000000000002,-2.25,0.10642437089482794,0.0
48.1,uav_01,1,-2.758178589731984,-2.6639651645498876,8.010000000000002,-2.2434183728580503,0.11316325428389984,0.0
48.1,uav_02,1,-3.111389288179619,10.8933169205399,8.010000000000002,-2.256862336277657,0.07627532744468564,0.0
48.1,uav_03,1,-3.101789463050909,24.20854514122937,8.010000000000002,-2.2585311104451904,0.07440666866442888,0.0
48.1,uav_04,1,-3.156516570516572,37.73809785479264,8.010000000000002,-2.26,0.07291593532574901,0.0
48.1,uav_05,1,-2.9106312619600594,51.25293288293399,8.010000000000002,-2.2552761284664204,0.0941716146007383,0.0
48.1,uav_06,1,-3.11348325809797,64.79888521006674,8.010000000000002,-2.25508114330627,0.07983771338745968,0.0
48.2,uav_01,1,-3.0023937126230713,-2.6446745610283595,8.010000000000002,-2.254238801123038,0.09152239775392368,0.0
48.2,uav_02,1,-3.359605941748922,10.905199189310457,8.010000000000002,-2.2524186676742928,0.062418667674292896,0.0
48.2,uav_03,1,-3.34188825242576,24.220467732103565,8.010000000000002,-2.26,0.06071351887268364,0.0
48.2,uav_04,1,-3.3951343185497636,37.749818902861975,8.010000000000002,-2.2558844090939534,0.055884409093953466,0.0
48.2,uav_05,1,-3.1559863789424196,51.27118692711298,8.010000000000002,-2.26,0.07412844817465301,0.0
48.2,uav_06,1,-3.337045364770473,64.80981444697116,8.010000000000002,-2.255059591051359,0.06505959105135925,0.0
48.3,uav_01,1,-3.2524983608287297,-2.6327019128342624,8.010000000000002,-2.26,0.06992134321414958,0.0
48.3,uav_02,1,-3.5763715758885244,10.915910469200373,8.010000000000002,-2.2427560209893365,0.04551204197867288,0.00724397901066356
48.3,uav_03,1,-3.558880989746791,24.230888251313818,8.010000000000002,-2.2426263349697058,0.051313167484852915,0.0
48.3,uav_04,1,-3.647723321302901,37.76191047851715,8.010000000000002,-2.2399531947528275,0.04497659737641372,0.0050234026235862796
48.3,uav_05,1,-3.3832592164454427,51.286643089604205,8.010000000000002,-2.254313890561403,0.05862778112280645,0.0
48.3,uav_06,1,-3.541670000505606,64.81960994178625,8.010000000000002,-2.242446148241063,0.0524461482410631,0.003776925879468451
48.4,uav_01,1,-3.507105364441304,-2.620513734159278,8.010000000000002,-2.2479314289494563,0.053965714474728206,0.006034285525271798
48.4,uav_02,1,-3.7664920631576972,10.925138939021098,8.010000000000002,-2.2288620349871797,0.03443101749358973,0.0044310174935897305
48.4,uav_03,1,-3.7747545284719988,24.241222237511572,8.010000000000002,-2.2239817551222223,0.041990877561111015,0.008009122438888985
48.4,uav_04,1,-3.875723313208802,37.77305965178977,8.010000000000002,-2.2147567808162263,0.04,0.01
48.4,uav_05,1,-3.594532844653549,51.291425142714,8.010000000000002,-2.2399622468991436,0.044981123449571704,0.005018876550428295
48.4,uav_06,1,-3.7358169244071426,64.82900801442635,8.010000000000002,-2.2254901433686745,0.0377450716843372,0.007745071684337201
48.5,uav_01,1,-3.747901450315608,-2.608676650678506,8.010000000000002,-2.226574960223442,0.04328748011172085,0.003287480111720852
48.5,uav_02,1,-3.9743131124431765,10.93530643126485,8.010000000000002,-2.2010356864520793,0.03,0.004741078386980254
48.5,uav_03,1,-4.00747167164073,24.252750943117864,8.010000000000002,-2.1947724925424628,0.03159083084748762,0.0015908308474876266
48.5,uav_04,1,-4.09320306674362,37.78392317519643,8.010000000000002,-2.18047576579563,0.03511894144890744,0.005118941448907438
48.5,uav_05,1,-3.820945280806285,51.29697200544336,8.010000000000002,-2.219992349217276,0.03499617460863797,0.004996174608637973
48.5,uav_06,1,-3.939239719242693,64.83910371001328,8.010000000000002,-2.205913231229326,0.03,0.00136225625689126
48.6,uav_01,1,-3.984522684327429,-2.5971976170655986,8.010000000000002,-2.198796728069907,0.03293224268996895,0.007067757310031051
48.6,uav_02,1,-4.194843344809325,10.946322331631038,8.010000000000002,-2.1612859066671235,0.03,0.005321476666780873
48.6,uav_03,1,-4.217071682727248,24.26322085844943,8.010000000000002,-2.1585836767311726,0.03,0.007854080817206798
48.6,uav_04,1,-4.314224222800794,37.78959764688877,8.010000000000002,-2.1406374987879775,0.03,0.004840625303005618
48.6,uav_05,1,-4.0643304497996375,51.30888875370496,8.010000000000002,-2.1869842986935377,0.03,0.005753925326615605
48.6,uav_06,1,-4.124556533263871,64.84797492882784,8.010000000000002,-2.181905049241139,0.03,0.009364983586286943
48.7,uav_01,1,-4.22840905972779,-2.5939471543858836,8.010000000000002,-2.1582792857108752,0.03,0.0020698214277188806
48.7,uav_02,1,-4.401341489143333,10.952221318561934,8.010000000000002,-2.1200817002672183,0.03,0.0
48.7,uav_03,1,-4.447723607668162,24.27474235665435,8.010000000000002,-2.1170094982614884,0.03,0.0017523745653721477
48.7,uav_04,1,-4.533038893244366,37.79504541840537,8.010000000000002,-2.095427823132111,0.03491443537357785,0.00508556462642215
48.7,uav_05,1,-4.303439691782277,51.32083271060414,8.010000000000002,-2.143885719508713,0.03,0.003471429877178341
48.7,uav_06,1,-4.351002260394504,64.85973647949515,8.010000000000002,-2.1301246004647223,0.03,2.4920092944502245e-05
48.8,uav_01,1,-4.463978377005672,-2.5840438943016806,8.010000000000002,-2.114265072575684,0.03,0.0
48.8,uav_02,1,-4.598812027473901,10.955561300609713,8.010000000000002,-2.071922011277939,0.03,0.0
48.8,uav_03,1,-4.6511683365247745,24.276684906684437,8.010000000000002,-2.0634866591702004,0.03,0.0
48.8,uav_04,1,-4.744277040503555,37.80607678632648,8.010000000000002,-2.0359391648251313,0.04,0.0
48.8,uav_05,1,-4.512183521838741,51.33155890283569,8.010000000000002,-2.0989766542667807,0.03,0.0
48.8,uav_06,1,-4.529294626671762,64.8597641040262,8.010000000000002,-2.0899484874204446,0.03,0.0
48.9,uav_01,1,-4.705625117388421,-2.571921794173131,8.010000000000002,-2.0507855207435552,0.039869079876074076,0.0
48.9,uav_02,1,-4.770480267508322,10.964584311651038,8.010000000000002,-2.0219313990906604,0.03,0.0
48.9,uav_03,1,-4.874015304477549,24.28583079996723,8.010000000000002,-1.9922464195965808,0.03,0.0
48.9,uav_04,1,-4.95182209839135,37.81716039507315,8.010000000000002,-1.9659494933542947,0.04,0.0
48.9,uav_05,1,-4.731202531911608,51.33576611983659,8.010000000000002,-2.0408642639281527,0.036522622678641245,0.0
48.9,uav_06,1,-4.69949571155564,64.8663465331459,8.010000000000002,-2.0443719404213505,0.03593800992977496,0.0
49.0,uav_01,1,-4.927637067740093,-2.560691421642396,8.010000000000002,-1.9734911436711264,0.04,0.0
49.0,uav_02,1,-4.936613047885499,10.973673303910225,8.010000000000002,-1.964537131631317,0.03,0.0
49.0,uav_03,1,-5.061628765836719,24.296414257548054,8.010000000000002,-1.9176172029576235,0.03,0.0
49.0,uav_04,1,-5.138408741940279,37.82285337963226,8.010000000000002,-1.8915101281773976,0.04,0.0
49.0,uav_05,1,-4.934036034947594,51.34282466188435,8.010000000000002,-1.9690599066136336,0.04,0.0
49.0,uav_06,1,-4.85854825475239,64.8748337517502,8.010000000000002,-1.9948396855671828,0.04,0.0
49.1,uav_01,1,-5.140084268815216,-2.5591799711273313,8.010000000000002,-1.887728683130141,0.03863652034779345,0.0
49.1,uav_02,1,-5.122888140492582,10.974391806926317,8.010000000000002,-1.8916391478915726,0.03,0.0
49.1,uav_03,1,-5.243087447303896,24.306838091012366,8.010000000000002,-1.8351892829649308,0.03,0.0
49.1,uav_04,1,-5.303602690218688,37.82599842013276,8.010000000000002,-1.8116285856704117,0.03716285856704117,0.0
49.1,uav_05,1,-5.143497359887519,51.3542841245361,8.010000000000002,-1.886359246868758,0.03329490585859476,0.0
49.1,uav_06,1,-5.011244492056589,64.8831876416221,8.010000000000002,-1.9398266203664578,0.03886962448516197,0.0
49.2,uav_01,1,-5.325008712854688,-2.548501830876529,8.010000000000002,-1.8000376898494197,0.029003768984941957,0.0
49.2,uav_02,1,-5.276919011114484,10.981923204560093,8.010000000000002,-1.818853329357571,0.02320592548417455,0.0
49.2,uav_03,1,-5.417935568180939,24.30994063942793,8.010000000000002,-1.7440845566627288,0.02340845566627289,0.0
49.2,uav_04,1,-5.481139032505963,37.83644785937086,8.010000000000002,-1.7173641819024499,0.027736418190244992,0.0
49.2,uav_05,1,-5.325236826404512,51.357936608200966,8.010000000000002,-1.7972816791063917,0.03,0.0
49.2,uav_06,1,-5.1811124254528576,64.89248098106883,8.010000000000002,-1.8643749161624765,0.030486101795830705,0.0
49.3,uav_01,1,-5.515887426216233,-2.5385209332780128,8.010000000000002,-1.6951342827762415,0.02,0.0
49.3,uav_02,1,-5.424771628644078,10.985477051305422,8.010000000000002,-1.7414082370160529,0.02,0.0
49.3,uav_03,1,-5.569766709440783,24.315643362191228,8.010000000000002,-1.658555730745551,0.014855573074555083,0.0
49.3,uav_04,1,-5.638575180180674,37.84502386799664,8.010000000000002,-1.6231195727722723,0.02,0.0
49.3,uav_05,1,-5.512420774030385,51.36512249505714,8.010000000000002,-1.695176107892399,0.023517610789239904,0.0
49.3,uav_06,1,-5.331252624002647,64.89301983676968,8.010000000000002,-1.7911264657096448,0.03,0.0
49.4,uav_01,1,-5.680703960199632,-2.5373747898717514,8.011033936074899,-1.598626703176125,0.018966063925102254,0.0
49.4,uav_02,1,-5.579451562118684,10.9893345456758,8.010000000000002,-1.6552015396462576,0.016520153964625767,0.0
49.4,uav_03,1,-5.706777955175218,24.321025883413206,8.010000000000002,-1.5714585138907817,0.01,0.0
49.4,uav_04,1,-5.790927523584888,37.84584240687648,8.010000000000002,-1.5118775559921913,0.019261595999290112,0.0
49.4,uav_05,1,-5.682571547521883,51.37616286970202,8.010000000000002,-1.5891389630704353,0.01355808755185775,0.0
49.4,uav_06,1,-5.514079514943118,64.90147289227613,8.010000000000002,-1.6937449783029963,0.02237449783029963,0.0
49.5,uav_01,1,-5.854856296765256,-2.527435688898908,8.02,-1.477192054602233,0.008245542661710233,0.0
49.5,uav_02,1,-5.74147250382471,10.996562295684527,8.01297402656565,-1.5543116812122018,0.007025973434350144,0.0
49.5,uav_03,1,-5.843513365367365,24.322849081341957,8.010000000000002,-1.4719082227415017,0.008355292976500164,0.0
49.5,uav_04,1,-5.935767497339897,37.85610911237574,8.010000000000002,-1.4083281627528101,0.009871397134831547,0.0
49.5,uav_05,1,-5.8338039209833825,51.380107096565354,8.010000000000002,-1.4877191123259754,0.01,0.0
49.5,uav_06,1,-5.661630299446098,64.91113499430234,8.016341685318922,-1.6002414614918508,0.013658314681077342,0.0
49.6,uav_01,1,-6.012626982509544,-2.524934580377067,8.02,-1.3429249971983805,0.0,0.0
49.6,uav_02,1,-5.889601597570593,10.999081005699052,8.02,-1.4427344565311708,0.0,0.0
49.6,uav_03,1,-5.997903205245167,24.33211112779231,8.010000000000002,-1.3571828047753198,0.0,0.0
49.6,uav_04,1,-6.088086759278411,37.85610911237574,8.010000000000002,-1.2709043805381157,0.0,0.0
49.6,uav_05,1,-5.985978080406958,51.380107096565354,8.010000000000002,-1.3672276174554228,0.0044021244196479105,0.0
49.6,uav_06,1,-5.818142166333585,64.91519032552789,8.02,-1.4952810626873352,0.01,0.0
49.7,uav_01,1,-6.150298190370437,-2.516350444519803,8.02,-1.213091419450047,0.0,0.0
49.7,uav_02,1,-6.023845623505337,11.007647539669804,8.02,-1.3298806011928195,0.0,0.0
49.7,uav_03,1,-6.119304280096294,24.33211112779231,8.010000000000002,-1.247850355504206,0.0,0.0
49.7,uav_04,1,-6.19943078669782,37.85610911237574,8.010000000000002,-1.1637483349571993,0.0,0.0
49.7,uav_05,1,-6.11592705237181,51.38554278011503,8.010000000000002,-1.2462541016424689,0.0,0.0
49.7,uav_06,1,-5.959349594251027,64.91519032552789,8.02,-1.3838127325229712,0.004908671732536245,0.0
49.8,uav_01,1,-6.2572507522489795,-2.516350444519803,8.02,-1.0936203426193465,0.0,0.0
49.8,uav_02,1,-6.15537827900297,11.007647539669804,8.02,-1.2104626573846697,0.0,0.0
49.8,uav_03,1,-6.238089687567103,24.33211112779231,8.010000000000002,-1.1247391652691487,0.0,0.0
49.8,uav_04,1,-6.296731080582703,37.86405702522202,8.010000000000002,-1.0567924286206094,0.0,0.0
49.8,uav_05,1,-6.222240847950791,51.39119234094445,8.013236235891641,-1.1379289334086773,0.0,0.0
49.8,uav_06,1,-6.090745598199014,64.92014312920844,8.02,-1.266384902086474,0.0,0.0
49.9,uav_01,1,-6.37933709569785,-2.516350444519803,8.018031634660423,-0.9563796159250636,0.0,0.0
49.9,uav_02,1,-6.27583864228812,11.007647539669804,8.02,-1.0848183372464038,0.0,0.0
49.9,uav_03,1,-6.3464194887713195,24.33211112779231,8.010000000000002,-1.003503036480303,0.0,0.0
49.9,uav_04,1,-6.394371849619663,37.867194356361026,8.010000000000002,-0.9466535024708149,0.0,0.0
49.9,uav_05,1,-6.319134214651551,51.39119234094445,8.018249387082863,-1.0272420320772255,0.0,0.0
49.9,uav_06,1,-6.232223201617766,64.92627556951318,8.02,-1.12549769680592,0.0,0.0
50.0,uav_01,1,-6.490074037939061,-2.5130961071464,8.010000000000002,-0.8247711421302996,-0.0029357381558083656,0.0
50.0,uav_02,1,-6.389383203012862,11.00898486054222,8.02,-0.9455232325782168,-0.0012063972851485928,0.0
50.0,uav_03,1,-6.438061385329445,24.341258101482882,8.010000000000002,-0.8827306842223935,-0.00825148582904665,0.0
50.0,uav_04,1,-6.490440664554956,37.867194356361026,8.010000000000002,-0.8242645042651352,0.0,0.0
50.0,uav_05,1,-6.415443448168829,51.39119234094445,8.010000000000002,-0.9091121018303179,0.0,0.0
50.0,uav_06,1,-6.346835610620476,64.92627556951318,8.02,-0.9967633446100165,0.0,0.0
