t,agent_id,valid,east_m,north_m,up_m,ve_m_s,vn_m_s,vu_m_s
0.0,uav_01,1,11.009084577077767,-1.2748030886316455,7.969150427518099,0.019150427518100442,-0.02,0.04915042751810045
0.0,uav_02,1,11.009084577077767,13.213611145512939,7.960946633431834,0.010946633431833691,-0.02,0.04094663343183369
0.0,uav_03,1,11.018733204530035,27.724195868021905,7.960000000000001,0.018055941050423244,-0.021944058949576756,0.05
0.0,uav_04,1,11.018733204530035,42.21261010216649,7.969999999999999,0.02,-0.02,0.04900146161694236
0.0,uav_05,1,11.018733204530035,56.712109580690175,7.960000000000001,0.018017876710626386,-0.02,0.04801787671062639
0.0,uav_06,1,11.018733204530035,71.20052381483477,7.960000000000001,0.014202264765414356,-0.02,0.044202264765414355
0.1,uav_01,1,11.009084577077767,-1.2748030886316455,7.969999999999999,0.02,-0.02,0.040682848660025576
0.1,uav_02,1,11.009084577077767,13.213611145512939,7.969987677057444,0.019987677057444857,-0.02,0.04998767705744486
0.1,uav_03,1,11.018733204530035,27.724195868021905,7.960000000000001,0.010488977203862151,-0.029511022796137848,0.05
0.1,uav_04,1,11.018733204530035,42.21261010216649,7.969999999999999,0.02,-0.02,0.04002898111204986
0.1,uav_05,1,11.018733204530035,56.712109580690175,7.960000000000001,0.010019348439977259,-0.02,0.04001934843997726
0.1,uav_06,1,11.014416009872773,71.20052381483477,7.9644744132557905,0.01447441325579036,-0.02,0.04
0.2,uav_01,1,11.009084577077767,-1.2748030886316455,7.969999999999999,0.01,-0.02,0.04
0.2,uav_02,1,11.009084577077767,13.213611145512939,7.969999999999999,0.02,-0.02,0.041143058343050556
0.2,uav_03,1,11.018675609448554,27.724195868021905,7.960059692512501,0.019940307487499868,-0.02,0.04994030748749987
0.2,uav_04,1,11.018733204530035,42.21261010216649,7.970692893901877,0.019307106098122757,-0.02,0.04
0.2,uav_05,1,11.017964855765584,56.712109580690175,7.969999999999999,0.019203670399492462,-0.02,0.04
0.2,uav_06,1,11.009084577077767,71.20052381483477,7.969999999999999,0.02,-0.02,0.04
0.3,uav_01,1,11.009084577077767,-1.2748030886316455,7.969999999999999,0.01,-0.02,0.04
0.3,uav_02,1,11.009084577077767,13.213611145512939,7.969999999999999,0.010216499418712053,-0.02,0.04
0.3,uav_03,1,11.009127353265706,27.724195868021905,7.969955666038354,0.010044333961644558,-0.02,0.04004433396164456
0.3,uav_04,1,11.018436896064559,42.21261010216649,7.98,0.01,-0.02,0.0396929009157608
0.3,uav_05,1,11.009310330372564,56.712109580690175,7.969999999999999,0.01023397451701195,-0.02,0.04
0.3,uav_06,1,11.009084577077767,71.20052381483477,7.969999999999999,0.01685772816674579,-0.02,0.04
0.4,uav_01,1,11.009084577077767,-1.2748030886316455,7.979200094438585,0.01,-0.02,0.03079990556141532
0.4,uav_02,1,11.009084577077767,13.213611145512939,7.969999999999999,0.01,-0.02,0.04
0.4,uav_03,1,11.009084577077767,27.724195868021905,7.969999999999999,0.0006282036917072634,-0.02,0.04
0.4,uav_04,1,11.009084577077767,42.21261010216649,7.98,0.008940113792162306,-0.02,0.03
0.4,uav_05,1,11.009084577077767,56.712109580690175,7.969999999999999,0.01,-0.02,0.04
0.4,uav_06,1,11.009084577077767,71.20052381483477,7.969999999999999,0.007498122676993121,-0.02,0.04
0.5,uav_01,1,11.009084577077767,-1.2748030886316455,7.98,0.001038814526395617,-0.02,0.03
0.5,uav_02,1,11.009084577077767,13.213611145512939,7.9772815865749855,0.00271841342501453,-0.02728158657498547,0.04
0.5,uav_03,1,11.009084577077767,27.724195868021905,7.969999999999999,0.0,-0.027653315357695905,0.04
0.5,uav_04,1,11.009084577077767,42.21261010216649,7.98,-0.0014888202150342698,-0.020496273405011423,0.03
0.5,uav_05,1,11.009084577077767,56.712109580690175,7.977801647606534,0.002198352393466413,-0.027801647606533586,0.04
0.5,uav_06,1,11.009084577077767,71.20052381483477,7.972240293564158,-0.0022402935641592167,-0.02,0.037759706435840784
0.6,uav_01,1,11.009084577077767,-1.2748030886316455,7.98,-0.028917757601039068,-0.02963925253367969,0.03
0.6,uav_02,1,11.003296538191261,13.213611145512939,7.98,-0.01799646040623875,-0.03,0.03400117986458708
0.6,uav_03,1,11.009084577077767,27.724195868021905,7.969999999999999,-0.02408506589457144,-0.03,0.03197164470180952
0.6,uav_04,1,11.007922172005411,42.21261010216649,7.98,-0.03602368011884922,-0.031204736023769844,0.03
0.6,uav_05,1,11.009084577077767,56.712109580690175,7.98,-0.02075244528412987,-0.03,0.033082518238623376
0.6,uav_06,1,11.00663156263487,71.20052381483477,7.98,-0.02016938049038189,-0.022542345122595474,0.03
0.7,uav_01,1,10.998460518156545,-1.2748030886316455,7.98,-0.08303285633107306,-0.04101095211035769,0.03
0.7,uav_02,1,10.994722113554554,13.213611145512939,7.98,-0.04954199070535967,-0.034885497676339916,0.03
0.7,uav_03,1,11.001639627703083,27.724195868021905,7.977716069828091,-0.06858034914045369,-0.03771606982809074,0.03
0.7,uav_04,1,10.998703966627625,42.21261010216649,7.98,-0.08455182851867275,-0.041517276172890916,0.03
0.7,uav_05,1,11.002031867046757,56.712109580690175,7.98,-0.05923818569490798,-0.03730954642372699,0.03
0.7,uav_06,1,10.997539680168924,71.20052381483477,7.98,-0.05982662090956999,-0.031965324181913994,0.03
0.8,uav_01,1,10.97763270549227,-1.2748030886316455,7.98,-0.14909036310681495,-0.06259724660194713,0.03
0.8,uav_02,1,10.98520300475753,13.213611145512939,7.98,-0.10325883179788146,-0.049502523370823275,0.03
0.8,uav_03,1,10.99178871777003,27.724195868021905,7.98,-0.12755431084150165,-0.05585143694716721,0.03
0.8,uav_04,1,10.987808924033551,42.21147361879468,7.98,-0.14717655255329457,-0.06205044358665559,0.03
0.8,uav_05,1,10.992040928360158,56.712109580690175,7.98,-0.11598593902047409,-0.047664323170079015,0.03
0.8,uav_06,1,10.988388534540862,71.20052381483477,7.98,-0.10869835260625199,-0.04289945086875066,0.03
0.9,uav_01,1,10.959514844360967,-1.2753111264534809,7.98,-0.2132081067689862,-0.08091660193399605,0.03
0.9,uav_02,1,10.970913497659142,13.213611145512939,7.98,-0.17346401369317455,-0.06956114676947844,0.03
0.9,uav_03,1,10.97519159686288,27.715811403479574,7.98,-0.19294538566246902,-0.06756362652320987,0.03
0.9,uav_04,1,10.968282728871449,42.20152485818121,7.980762573247266,-0.21610058597812706,-0.08152514649453177,0.03
0.9,uav_05,1,10.975017071904409,56.70362486087225,7.98,-0.1835784677399665,-0.06530813363999044,0.03
0.9,uav_06,1,10.973210783343289,71.1978706722238,7.98,-0.1791472022771279,-0.06478680056928197,0.03
1.0,uav_01,1,10.929358276197389,-1.2868600194279438,7.980876558408604,-0.28701246726883123,-0.1017531168172078,0.03
1.0,uav_02,1,10.948626926781406,13.208933422544641,7.98,-0.2395384203164801,-0.08843954866185146,0.03
1.0,uav_03,1,10.947190020899484,27.713110624036624,7.98,-0.26634663184624474,-0.09414855650553344,0.03
1.0,uav_04,1,10.937171072530601,42.20026879946611,7.989999999999998,-0.2979316347975795,-0.10226618137073701,0.03
1.0,uav_05,1,10.946442567716065,56.701024336704904,7.98,-0.2581542022535278,-0.09492322953722619,0.03
1.0,uav_06,1,10.942961444396522,71.18943857084949,7.98,-0.2599059553754754,-0.0856874158215644,0.03
1.1,uav_01,1,10.899682998231253,-1.2969735773898552,7.989999999999998,-0.365924855270594,-0.12169281579159828,0.03
1.1,uav_02,1,10.919945653968192,13.197949515204499,7.98,-0.3130268666014923,-0.10825671665037308,0.03
1.1,uav_03,1,10.911242575477514,27.704407296079978,7.98,-0.3428101837650208,-0.1157025459412552,0.03
1.1,uav_04,1,10.905267108394623,42.19110523667623,7.989999999999998,-0.3557967907972944,-0.11879908308494126,0.03
1.1,uav_05,1,10.912655736637607,56.692726901601176,7.98,-0.3298809359177536,-0.1149702339794384,0.03
1.1,uav_06,1,10.914765574253781,71.18657347967464,7.982584599019078,-0.33067679215262175,-0.10516919803815544,0.03
1.2,uav_01,1,10.857607332930593,-1.2985240830516906,7.989999999999998,-0.44118969082787596,-0.142797422706969,0.03
1.2,uav_02,1,10.886408281182451,13.191440657148556,7.9842859427341075,-0.3900015991387581,-0.1285718854682166,0.03
1.2,uav_03,1,10.870472251461086,27.70202537965752,7.98,-0.42732027874218204,-0.13683006968554554,0.03
1.2,uav_04,1,10.86436493333695,42.190439613802106,7.989999999999998,-0.42998226600509104,-0.13999493314431172,0.03
1.2,uav_05,1,10.872774316709696,56.689939092325794,7.987818560086018,-0.4125484806881546,-0.13563712017203866,0.03
1.2,uav_06,1,10.87933172365753,71.17835332647037,7.989999999999998,-0.4102692486337721,-0.1286868208430452,0.03
1.3,uav_01,1,10.813679029111533,-1.3085246950563336,7.989999999999998,-0.5129418528422791,-0.16126079407526248,0.03
1.3,uav_02,1,10.84420497171278,13.186810574742696,7.989999999999998,-0.46341438220044845,-0.14835359555011213,0.03
1.3,uav_03,1,10.822655839583764,27.69244376640625,7.98,-0.5005050195242943,-0.15728714843551264,0.03
1.3,uav_04,1,10.81178168968788,42.17852518899889,7.989999999999998,-0.5159840301230345,-0.16224401129613794,0.03
1.3,uav_05,1,10.821784878248279,56.68015735074025,7.989999999999998,-0.4917687700488115,-0.15764822001394616,0.03
1.3,uav_06,1,10.833111730424317,71.1756083514514,7.989999999999998,-0.4773336955647419,-0.1549524844470691,0.03
1.4,uav_01,1,10.758118490422563,-1.3191830353775038,7.989999999999998,-0.5801406180057928,-0.1900351545014482,0.029982422749275907
1.4,uav_02,1,10.786880710791252,13.174758137498973,7.989999999999998,-0.545345117846207,-0.17009860509891628,0.03
1.4,uav_03,1,10.758213927828463,27.67985247080177,7.989999999999998,-0.5900076423392254,-0.18000327528823948,0.029998908237253503
1.4,uav_04,1,10.749717806519389,42.16501299261751,7.989999999999998,-0.6002807520348677,-0.19293735772424794,0.028531321137876035
1.4,uav_05,1,10.770263206333821,56.66831876967051,7.989999999999998,-0.5665258657465512,-0.17900739021330034,0.03
1.4,uav_06,1,10.777238029805185,71.1597708907784,7.989999999999998,-0.5570528684425646,-0.17676321711064116,0.026618391444679416
1.5,uav_01,1,10.704448758405047,-1.3397366338133767,7.989999999999998,-0.6543062316740687,-0.20857655791851715,0.020711721040741427
1.5,uav_02,1,10.725424964885168,13.156710741330674,7.989999999999998,-0.6253194421457938,-0.1969947908046727,0.02433506973177577
1.5,uav_03,1,10.703727659730163,27.65898616771888,7.989999999999998,-0.6558898712666962,-0.2082385162571555,0.02058716124761483
1.5,uav_04,1,10.694935472682346,42.1443283540121,7.989999999999998,-0.6663878887584838,-0.21239545828443138,0.02
1.5,uav_05,1,10.705553670655913,56.64731331156156,7.989999999999998,-0.6438108847034274,-0.20767908176378527,0.020773639412071575
1.5,uav_06,1,10.709691195950333,71.14029984866967,7.989999999999998,-0.6446243701493202,-0.20298413880599506,0.02
1.6,uav_01,1,10.635341693057672,-1.3599802755720394,7.989999999999998,-0.727353396335049,-0.2352575236256434,0.02
1.6,uav_02,1,10.650088969471433,13.139884700250063,7.989999999999998,-0.7120690714911041,-0.22952590180916405,0.02
1.6,uav_03,1,10.631489294137646,27.635182320836968,7.989999999999998,-0.7410469563398505,-0.25059826076562886,0.01985043480859278
1.6,uav_04,1,10.63480271104372,42.124589460465884,7.989999999999998,-0.7376137209433293,-0.23910514535374847,0.02
1.6,uav_05,1,10.633907136365957,56.623794961917085,7.989999999999998,-0.7286745079414505,-0.23950294047804394,0.02
1.6,uav_06,1,10.636467956692387,71.12255143647063,7.989999999999998,-0.7261861176991217,-0.24067778154235525,0.014830554614411191
1.7,uav_01,1,10.565255250322824,-1.3801107370397536,7.989999999999998,-0.7924931418865008,-0.26999608107800044,0.012500979730499892
1.7,uav_02,1,10.565681932304082,13.111259723784567,7.989999999999998,-0.7921061990642677,-0.26977497089386726,0.012556257276533183
1.7,uav_03,1,10.551093813230862,27.6146565805654,7.989999999999998,-0.8058539103137523,-0.2876308058935727,0.010592298526606812
1.7,uav_04,1,10.559550148601337,42.10522979854223,7.989999999999998,-0.8074711335738926,-0.27373556678694627,0.011566108303263432
1.7,uav_05,1,10.547747857176422,56.59900208964124,7.989999999999998,-0.8071199780609907,-0.2850856986149934,0.01
1.7,uav_06,1,10.553015761041664,71.09886538215066,7.989999999999998,-0.8009712904543582,-0.283412165973919,0.01
1.8,uav_01,1,10.480084318971779,-1.4045738151469203,7.989999999999998,-0.8697316509963262,-0.3226654649973759,0.01
1.8,uav_02,1,10.490355881378793,13.08679065129462,7.989999999999998,-0.8604167339140864,-0.316011952795776,0.01
1.8,uav_03,1,10.466164681049356,27.590277928773222,7.989999999999998,-0.8818839031367705,-0.3413456450976932,0.01
1.8,uav_04,1,10.469207724037977,42.07971536390308,7.989999999999998,-0.8895952507030529,-0.3297108933593235,0.01
1.8,uav_05,1,10.459572941479085,56.57259410621767,7.989999999999998,-0.8836661564008879,-0.3397615402863485,0.01
1.8,uav_06,1,10.459133888900647,71.06750896831505,7.989999999999998,-0.8833138859995638,-0.33332117874972733,0.01
1.9,uav_01,1,10.392205442143801,-1.4342124105180343,7.989999999999998,-0.9355407206967137,-0.36967194335479553,0.01
1.9,uav_02,1,10.395666624790387,13.05539478251213,7.989999999999998,-0.9330296612461615,-0.3678783294615439,0.01
1.9,uav_03,1,10.362273178054439,27.553320735478817,7.989999999999998,-0.9562197125522498,-0.3941464750348332,0.011036618758708297
1.9,uav_04,1,10.361423348667973,42.042591177818075,7.989999999999998,-0.9567481790159188,-0.3844987860106126,0.011124696502653145
1.9,uav_05,1,10.355137979064953,56.53659871717169,7.989999999999998,-0.9566567368199441,-0.39110449121329605,0.01
1.9,uav_06,1,10.363282857288734,71.03080143175808,7.989999999999998,-0.9562131596648675,-0.38851096638738963,0.01
2.0,uav_01,1,10.303165851211128,-1.4728414264623444,7.989999999999998,-0.992975607901627,-0.40865040526775137,0.01716260131693784
2.0,uav_02,1,10.288947831486725,13.01861222991972,7.989999999999998,-1.0018170844659608,-0.4145447229773072,0.018636180744326804
2.0,uav_03,1,10.258668683765821,27.50821188917272,7.989999999999998,-1.019678340473249,-0.4348391702366245,0.02
2.0,uav_04,1,10.25790571059024,42.005604500081375,7.989999999999998,-1.0201096631270226,-0.42673977541801505,0.02
2.0,uav_05,1,10.245906591146248,56.49605999590281,7.989999999999998,-1.0223475296190845,-0.4348983530793897,0.013724588269847423
2.0,uav_06,1,10.256680048294378,70.99600972160967,7.989999999999998,-1.018984370421422,-0.43265624694761473,0.01816406173690368
2.1,uav_01,1,10.214314946232756,-1.504684625783029,7.989999999999998,-1.0447523173702251,-0.4431682115801501,0.02
2.1,uav_02,1,10.175540961748686,12.97219524910177,7.989999999999998,-1.0666719580866917,-0.4483359790433458,0.02
2.1,uav_03,1,10.140416417289098,27.468105661203044,7.989999999999998,-1.0892832546670685,-0.46550950133344815,0.02
2.1,uav_04,1,10.157513612946826,41.96408541619341,7.989999999999998,-1.0773397546909478,-0.46209707276884227,0.02
2.1,uav_05,1,10.13243117885467,56.448652307560444,7.989999999999998,-1.0909134590475882,-0.4688324168707395,0.02
2.1,uav_06,1,10.137693055368214,70.9483345905695,7.989999999999998,-1.0862498887259084,-0.4681249443629541,0.02
2.2,uav_01,1,10.112892212568886,-1.5423923413612983,7.989999999999998,-1.1020884392067891,-0.4706961464022631,0.02
2.2,uav_02,1,10.06752872701421,12.927069963363198,7.989999999999998,-1.137355452979261,-0.47886662270539765,0.02
2.2,uav_03,1,10.025828521455956,27.42154539300927,7.989999999999998,-1.1627867943963202,-0.4865105126846629,0.02325525634233145
2.2,uav_04,1,10.033972758923529,41.91677366222725,7.991718520908071,-1.1520296463565034,-0.48171852090807193,0.02
2.2,uav_05,1,10.022259992070754,56.40439740461217,7.989999999999998,-1.1607775762321904,-0.48879359320919724,0.024396796604598637
2.2,uav_06,1,10.012227574338855,70.90005482343882,7.989999999999998,-1.1621062173732737,-0.49026327717165924,0.02
2.3,uav_01,1,9.993317028289775,-1.589904309570117,7.989999999999998,-1.1785056888066558,-0.48606321110083195,0.02
2.3,uav_02,1,9.928014593154504,12.877493213036084,7.990803005543185,-1.2164240443454897,-0.49,0.02
2.3,uav_03,1,9.89397468871713,27.37399127496079,7.989999999999998,-1.2418392005375711,-0.5,0.026020099932803617
2.3,uav_04,1,9.928866441563471,41.87679330293425,8.0,-1.2158807397361457,-0.4907350924670182,0.020735092467018216
2.3,uav_05,1,9.901155590966734,56.35967515059703,7.994482784085544,-1.2358622726843578,-0.5,0.025517215914455268
2.3,uav_06,1,9.895780887075276,70.85556921847304,7.989999999999998,-1.2423671549785833,-0.5,0.02
2.4,uav_01,1,9.85857864826421,-1.6388778634856747,7.997107973135551,-1.2668637850844133,-0.49710797313555166,0.027107973135551664
2.4,uav_02,1,9.8078397289703,12.835132300958199,8.0,-1.2932080619098891,-0.49,0.020356451323321024
2.4,uav_03,1,9.745323622657677,27.317545169027216,7.989999999999998,-1.3383113490735075,-0.5,0.02
2.4,uav_04,1,9.827751998128218,41.84104877736928,8.0,-1.2803710206492147,-0.4987963775811518,0.028796377581151826
2.4,uav_05,1,9.760582411101119,56.30592699218441,8.0,-1.3222677690998292,-0.5,0.02
2.4,uav_06,1,9.766819256470205,70.80976724655426,7.990500308276951,-1.324502774492571,-0.5,0.02
2.5,uav_01,1,9.732102408639458,-1.688712548288133,8.0,-1.3434204271685553,-0.5,0.03
2.5,uav_02,1,9.66139150641734,12.78705990549404,8.0,-1.3895838364072617,-0.49,0.03
2.5,uav_03,1,9.598413997958582,27.264662932487603,7.989999999999998,-1.4290894186544152,-0.5,0.026136177331801902
2.5,uav_04,1,9.716516465768075,41.804153918905705,8.0,-1.3540538234168813,-0.5,0.03
2.5,uav_05,1,9.620352939325313,56.25466754684196,8.0,-1.4109816400799873,-0.5,0.02
2.5,uav_06,1,9.616797474151687,70.7532741997808,8.0,-1.4177938303652888,-0.5,0.02
2.6,uav_01,1,9.586091520845747,-1.7381112806114767,8.0,-1.4328883292443988,-0.5,0.02301240786173348
2.6,uav_02,1,9.521880051296373,12.740630195549683,8.0,-1.4733523291935007,-0.49,0.028664767080649925
2.6,uav_03,1,9.437726786535904,27.217439031411022,7.996786348890556,-1.5210771400150098,-0.5,0.02321365110944336
2.6,uav_04,1,9.602871632863895,41.7627625055722,8.0,-1.4264536157482917,-0.4948384871390787,0.024838487139078692
2.6,uav_05,1,9.464302236927399,56.207443211204335,8.0,-1.506834066110602,-0.5,0.02
2.6,uav_06,1,9.460872872205448,70.70595769592727,8.0,-1.5138333327745346,-0.4984629630250517,0.02
2.7,uav_01,1,9.441898713215409,-1.7803616508402398,8.0,-1.5251610796504913,-0.49348389203495086,0.02
2.7,uav_02,1,9.348555867439572,12.681910712521992,8.0,-1.5817057865713031,-0.4875882459365219,0.02
2.7,uav_03,1,9.258759143252568,27.159478753834176,8.0,-1.6209764622918064,-0.4921137264120215,0.02
2.7,uav_04,1,9.48621123512194,41.72165749747319,8.0,-1.4989988920039456,-0.49,0.02
2.7,uav_05,1,9.284722581425582,56.15793664805292,8.0,-1.607318786696948,-0.5,0.02
2.7,uav_06,1,9.290031139200817,70.65756703084226,8.0,-1.6096027436502667,-0.49,0.02
2.8,uav_01,1,9.290999239390514,-1.8220626804294804,8.0,-1.6073658702610853,-0.49,0.02
2.8,uav_02,1,9.15888516985698,12.631616678647665,8.0,-1.6762802218497976,-0.476245682592886,0.02
2.8,uav_03,1,9.08080871482782,27.10903068183095,8.0,-1.7098811582965012,-0.49,0.02
2.8,uav_04,1,9.359154155157183,41.683774681702054,8.0,-1.5758905989678047,-0.48823437789246615,0.02
2.8,uav_05,1,9.100630605340374,56.09852379646237,8.0,-1.6996252807776764,-0.49129683990279044,0.02
2.8,uav_06,1,9.11232759486638,70.6068995118332,8.0,-1.69481367358558,-0.48689829080180247,0.02
2.9,uav_01,1,9.13816799657693,-1.8691838887856485,8.0,-1.6819055713748328,-0.48476180357814586,0.02
2.9,uav_02,1,8.9736785884218,12.584331655465238,8.0,-1.7553461877606316,-0.47,0.02
2.9,uav_03,1,8.884347115628877,27.060921699861236,8.0,-1.796679393502764,-0.4804150758121545,0.02
2.9,uav_04,1,9.204625635300262,41.64229361654437,8.0,-1.6589651231874636,-0.478879359601567,0.02
2.9,uav_05,1,8.91973496372579,56.050582356974054,8.0,-1.7743366114810735,-0.4808090555027038,0.02
2.9,uav_06,1,8.90962484118871,70.54861453283445,8.0,-1.7816530054649473,-0.47547814207643607,0.02
3.0,uav_01,1,8.979231672941289,-1.9151273130184323,8.0,-1.750863962369999,-0.4755908625185715,0.02
3.0,uav_02,1,8.779958956148862,12.536173619648919,8.0,-1.8316746946591551,-0.4647208842234742,0.02
3.0,uav_03,1,8.711271169816879,27.019059426635604,8.0,-1.854155486568406,-0.4709740855719323,0.02
3.0,uav_04,1,9.039713605064582,41.60033376055869,8.0,-1.734085466503833,-0.47,0.02
3.0,uav_05,1,8.71535128148561,56.00104355560135,8.0,-1.8521791036850526,-0.47963681605249125,0.01963681605249125
3.0,uav_06,1,8.713931887356878,70.50128183256935,8.0,-1.8511793984478422,-0.47,0.02
3.1,uav_01,1,8.816950485223266,-1.9543786332966575,8.0,-1.8128290477873124,-0.47,0.02
3.1,uav_02,1,8.587947002528022,12.491006726529237,8.0,-1.8927922832689792,-0.45453461945517015,0.02
3.1,uav_03,1,8.509644881610114,26.972514048263204,8.0,-1.9171383729654596,-0.47,0.010476937839090057
3.1,uav_04,1,8.851553814360097,41.55461436963349,8.0,-1.80536702928045,-0.46910549511992494,0.02
3.1,uav_05,1,8.502498269835664,55.95213447553576,8.0,-1.9183604333971638,-0.468606594433806,0.01
3.1,uav_06,1,8.506707422168514,70.45260112726419,8.0,-1.9170517025602414,-0.46382471623995974,0.013824716239959765
3.2,uav_01,1,8.655997416530207,-1.9928562187473124,8.0,-1.8716337059053245,-0.4680610490157792,0.018061049015779256
3.2,uav_02,1,8.395173951751747,12.446711592372974,8.0,-1.9527302508520508,-0.4445449581913249,0.01454495819132486
3.2,uav_03,1,8.298537838106633,26.92410387417087,8.0,-1.9826446074951223,-0.4495592320841463,0.01
3.2,uav_04,1,8.710433773671413,41.518585064881435,8.0,-1.8541200885363753,-0.46097998524393746,0.02
3.2,uav_05,1,8.292663810204527,55.904397708020674,8.0,-1.9829554476880211,-0.4556815174373263,0.01
3.2,uav_06,1,8.296344212147181,70.40575833145012,8.0,-1.9804370389066484,-0.44652098703111726,0.01
3.3,uav_01,1,8.45212581624911,-2.0397015626879194,8.0,-1.9350224903829798,-0.4574962516028367,0.01
3.3,uav_02,1,8.180894941046995,12.398859798119037,8.0,-2.017480913925155,-0.4337531810124741,0.01
3.3,uav_03,1,8.078854222920214,26.87628756878789,8.0,-2.0473472485294084,-0.43755091715686395,0.01
3.3,uav_04,1,8.508944475813381,41.471852588103275,8.0,-1.9173561466624083,-0.46,0.010440642222931949
3.3,uav_05,1,8.084735379843368,55.85938329766694,8.0,-2.0438667039681206,-0.43537776534395967,0.01
3.3,uav_06,1,8.0711637088666,70.35648054571232,8.0,-2.0471172826606305,-0.43214711955656154,0.01
3.4,uav_01,1,8.27014747236498,-2.08110793990925,8.0,-1.9910515364755907,-0.4481580772540682,0.01
3.4,uav_02,1,7.957377533396798,12.351412862019972,8.0,-2.081683742990957,-0.40915812850452143,0.01
3.4,uav_03,1,7.856050858617133,26.829746242382207,8.0,-2.1103246519672303,-0.41655844934425657,0.01
3.4,uav_04,1,8.316177112415156,41.42957495067109,8.0,-1.9745641387282276,-0.45090597687862877,0.01
3.4,uav_05,1,7.879362256356995,55.81648296867694,8.0,-2.1019172908322084,-0.4180137848612986,0.01
3.4,uav_06,1,7.85394780740886,70.3197452252476,8.0,-2.1091009165466272,-0.4136330278177909,0.01
3.5,uav_01,1,8.055927856738396,-2.1275004695465887,8.0,-2.0538275950758433,-0.4353908016413856,0.01
3.5,uav_02,1,7.727392520507714,12.311997734693401,8.0,-2.146691104916004,-0.39221814918066605,0.01
3.5,uav_03,1,7.626561416232246,26.784981135678613,8.0,-2.172109514452369,-0.39757809710952624,0.01
3.5,uav_04,1,8.07620881258085,41.37724994717372,8.0,-2.045367725291118,-0.42821075823629406,0.01
3.5,uav_05,1,7.659177274357086,55.773444814744025,8.0,-2.161282639878017,-0.40774347202439654,0.01
3.5,uav_06,1,7.607890799158545,70.27224463118411,8.0,-2.1761011235827636,-0.39129962547241215,0.01
3.6,uav_01,1,7.848408674718477,-2.1685424732546985,8.0,-2.110403987468165,-0.41583840501273417,0.01
3.6,uav_02,1,7.493135817250179,12.26722272317561,8.0,-2.193737094950031,-0.38156572626249236,0.01
3.6,uav_03,1,7.411700551102942,26.750839521870606,8.0,-2.2160486465366542,-0.39,0.012016215512218
3.6,uav_04,1,7.888158218925091,41.33796811632729,8.0,-2.0985219407309326,-0.41049268642302245,0.01
3.6,uav_05,1,7.45070444094438,55.740374200057865,8.0,-2.206602588888314,-0.3983493527779216,0.01
3.6,uav_06,1,7.398701806712108,70.2401761455272,8.0,-2.215106311101335,-0.3812234222246664,0.01
3.7,uav_01,1,7.631919898094858,-2.2045466504865336,8.0,-2.1609022056457783,-0.39781955887084436,0.01
3.7,uav_02,1,7.2526405110675745,12.230732190403279,8.0,-2.235540277836246,-0.38,0.018885069459061377
3.7,uav_03,1,7.16974974063572,26.70403509596459,8.0,-2.2502871395398722,-0.39514356976993603,0.02
3.7,uav_04,1,7.648593625978117,41.299211189868096,8.0,-2.154971568253997,-0.38900568634920063,0.01
3.7,uav_05,1,7.212910779989224,55.6932983649211,8.0,-2.2490697045827734,-0.39453485229138663,0.01226742614569332
3.7,uav_06,1,7.190678091661618,70.1999676333557,8.0,-2.2526018362815807,-0.38815045907039525,0.018150459070395225
3.8,uav_01,1,7.433267633099254,-2.2429839867974857,8.0,-2.2045281193951154,-0.39,0.01
3.8,uav_02,1,7.055078084199482,12.20128755255054,8.0,-2.270956292368063,-0.38773907309201583,0.02
3.8,uav_03,1,6.961960250367478,26.664930449026052,8.0,-2.2855634458253404,-0.4155634458253405,0.02
3.8,uav_04,1,7.411128969331398,41.25364274626839,8.001694850857605,-2.2067794034304176,-0.38169485085760435,0.01
3.8,uav_05,1,7.000378338597674,55.654204480159,8.0,-2.2843363020402427,-0.41289086802682856,0.02
3.8,uav_06,1,6.985564025436364,70.16035022664546,8.0,-2.2812555273856887,-0.40417035159045905,0.02
3.9,uav_01,1,7.220295781319481,-2.2755723416016362,8.0,-2.242794047853725,-0.39069851196343125,0.01
3.9,uav_02,1,6.841075835346464,12.16365331090878,8.006791768133132,-2.3003753043993918,-0.41037530439939196,0.013208231866869353
3.9,uav_03,1,6.751735333684072,26.632878358947096,8.0,-2.312686583778037,-0.4426865837780368,0.019104472073987733
3.9,uav_04,1,7.208272834640323,41.22247145402548,8.010000000000002,-2.2432041785688703,-0.3908010446422176,0.01
3.9,uav_05,1,6.816287984309312,55.62776695795417,8.0,-2.308185593597347,-0.4287903957315649,0.02
3.9,uav_06,1,6.768247555971386,70.12590989273077,8.0,-2.3158791091480406,-0.4294093318610303,0.013530222712989901
4.0,uav_01,1,7.006893706745905,-2.316435044220299,8.0,-2.279656296395177,-0.39991407409879437,0.01
4.0,uav_02,1,6.62340307925884,12.122565582452875,8.010000000000002,-2.334232316792604,-0.44423231679260367,0.01
4.0,uav_03,1,6.561314414000866,26.589123694254376,8.0,-2.336369236234176,-0.4663692362341764,0.01121025458860785
4.0,uav_04,1,6.986549252994694,41.18001533039639,8.010000000000002,-2.2815038520394966,-0.4011278890296225,0.01
4.0,uav_05,1,6.5606804100614715,55.58132212240581,8.010000000000002,-2.3400500909154225,-0.47006678788723016,0.01
4.0,uav_06,1,6.5246008205034265,70.08440923992549,8.0,-2.3501353063610884,-0.46684707514811763,0.01
4.1,uav_01,1,6.744499294919102,-2.3664580333683305,8.0,-2.313586530020892,-0.43358653002089204,0.01
4.1,uav_02,1,6.403778101193515,12.081494320983502,8.010000000000002,-2.360641353053634,-0.4812827061072681,0.01
4.1,uav_03,1,6.344297307862785,26.547889377314505,8.0,-2.363359656640563,-0.5011462088540836,0.01
4.1,uav_04,1,6.7314607580894545,41.13141725881563,8.010000000000002,-2.324008133074996,-0.43400813307499625,0.01
4.1,uav_05,1,6.341492832681491,55.52885896743449,8.010000000000002,-2.368446301346102,-0.5079284017948023,0.01
4.1,uav_06,1,6.283647637951866,70.03268842422698,8.0,-2.3734017713359976,-0.506803542671995,0.01
4.2,uav_01,1,6.483913543507345,-2.4143596699940266,8.0,-2.3459955835507453,-0.4699926392512422,0.01
4.2,uav_02,1,6.178643911247091,12.034950432149211,8.010000000000002,-2.3839619718671017,-0.5186159624894691,0.01
4.2,uav_03,1,6.085519260639529,26.490881364239893,8.0,-2.3955438859714313,-0.5440585146285752,0.01
4.2,uav_04,1,6.471825159491844,41.08369028249619,8.010000000000002,-2.3562990159723403,-0.46839868796312034,0.01
4.2,uav_05,1,6.075105145723988,55.47873565680461,8.010000000000002,-2.3915760477429013,-0.5515760477429013,0.01
4.2,uav_06,1,6.024514907442645,69.97473207597194,8.0,-2.4014721137159967,-0.5486294849546619,0.01
4.3,uav_01,1,6.237082743337101,-2.462206293727426,8.002231311166362,-2.376693933499086,-0.516693933499086,0.01
4.3,uav_02,1,5.9711100133408825,11.99143032860027,8.010000000000002,-2.4093970823396145,-0.5493970823396146,0.01
4.3,uav_03,1,5.873357603991879,26.44213114255187,8.0,-2.414620289376403,-0.5792405787528064,0.01
4.3,uav_04,1,6.206885033938587,41.03498821192149,8.010000000000002,-2.3861664154062834,-0.5123328308125673,0.01
4.3,uav_05,1,5.807621686818243,55.41832085574353,8.010000000000002,-2.422375648131657,-0.5847512962633141,0.01
4.3,uav_06,1,5.823035245487777,69.92906657347834,8.0,-2.420792684354235,-0.5761890265313526,0.01
4.4,uav_01,1,6.00520428316998,-2.5154870165916052,8.010000000000002,-2.4036884405441192,-0.547376881088239,0.01
4.4,uav_02,1,5.785661722281752,11.957488458159787,8.010000000000002,-2.4310494693088893,-0.5720989386177779,0.01
4.4,uav_03,1,5.625100867027684,26.386707627616204,8.0,-2.4419289691658475,-0.6119289691658475,0.01
4.4,uav_04,1,5.947066340531511,40.98295485300212,8.010000000000002,-2.407708851728541,-0.5554177034570825,0.01
4.4,uav_05,1,5.57319745469842,55.356758414027084,8.010000000000002,-2.44106497181528,-0.6210649718152803,0.01
4.4,uav_06,1,5.625891874477233,69.88452811807652,8.0,-2.4368639424614695,-0.6002959136922043,0.01
4.5,uav_01,1,5.741312848399722,-2.5755300907324488,8.010000000000002,-2.428031578985607,-0.588031578985607,0.01
4.5,uav_02,1,5.524925966751059,11.889377670762936,8.010000000000002,-2.4518364625601516,-0.6118364625601515,0.01
4.5,uav_03,1,5.355555519194503,26.327154002899572,8.0,-2.466108645234076,-0.636108645234076,0.01
4.5,uav_04,1,5.678207078655734,40.91691280426906,8.010000000000002,-2.434424334245568,-0.5944243342455681,0.01
4.5,uav_05,1,5.312577655916241,55.298155459077314,8.010000000000002,-2.4627640807321267,-0.6418427204880847,0.01
4.5,uav_06,1,5.395383693510889,69.83069448237795,8.0,-2.457861592207362,-0.6252410614715747,0.01
4.6,uav_01,1,5.50340093634939,-2.62809459194865,8.010000000000002,-2.4543217628313405,-0.6164826442470105,0.01
4.6,uav_02,1,5.320078057668487,11.844118364448954,8.010000000000002,-2.468167832590195,-0.6281678325901946,0.01
4.6,uav_03,1,5.121404521019456,26.267230560773424,8.0,-2.4847761855142125,-0.6547761855142125,0.01
4.6,uav_04,1,5.412296317119508,40.85240687357441,8.010000000000002,-2.4608157901633714,-0.6208157901633712,0.01
4.6,uav_05,1,5.111105933162366,55.24473941704208,8.010000000000002,-2.4868573892966594,-0.657904926197773,0.01
4.6,uav_06,1,5.167147187790813,69.77208735338635,8.0,-2.4834370726610318,-0.6434370726610316,0.01
4.7,uav_01,1,5.242839112782102,-2.6884872924984964,8.010000000000002,-2.4750948894667943,-0.6450948894667943,0.01
4.7,uav_02,1,5.099268509226342,11.78659080081895,8.010000000000002,-2.485771734225929,-0.6457717342259288,0.01
4.7,uav_03,1,4.882197469376348,26.205515283881343,8.0,-2.503333971435849,-0.6666669857179247,0.01
4.7,uav_04,1,5.163550783656069,40.79154762319078,8.010000000000002,-2.4806468705415186,-0.6406468705415186,0.01
4.7,uav_05,1,4.875928512295798,55.18238700933426,8.010000000000002,-2.506654297378003,-0.6766542973780029,0.01
4.7,uav_06,1,4.928991040269916,69.71842395590795,8.001167073041826,-2.502334146083652,-0.6611670730418262,0.01
4.8,uav_01,1,5.004352020704731,-2.751211195950848,8.010000000000002,-2.493955969430409,-0.6619779847152044,0.01
4.8,uav_02,1,4.883392533384834,11.736551373745954,8.010000000000002,-2.502982309976442,-0.6564911549882211,0.01
4.8,uav_03,1,4.668634294677018,26.15099054975291,8.0,-2.51972956089677,-0.6797295608967702,0.01
4.8,uav_04,1,4.898672417959788,40.72904852379532,8.010000000000002,-2.5013284222471643,-0.6613284222471644,0.01
4.8,uav_05,1,4.629291797354405,55.119006193744276,8.010000000000002,-2.525712910844397,-0.6878564554221988,0.01
4.8,uav_06,1,4.685025823959406,69.65613728803952,8.010000000000002,-2.5210637492918804,-0.6705318746459403,0.01
4.9,uav_01,1,4.759269218736486,-2.8141376713790427,8.010000000000002,-2.5128779627942492,-0.6714389813971249,0.01
4.9,uav_02,1,4.650466044143083,11.68010827474492,8.010000000000002,-2.5211243667979253,-0.6655621833989629,0.01
4.9,uav_03,1,4.44627894660057,26.0942210891357,8.0,-2.5368001396914357,-0.69,0.01
4.9,uav_04,1,4.617662278321267,40.662110257847225,8.010000000000002,-2.5229020240853375,-0.6764510120426688,0.01
4.9,uav_05,1,4.3556063763181685,55.04913167120804,8.010000000000002,-2.546724182216824,-0.69,0.01
4.9,uav_06,1,4.495123630534799,69.60765343002514,8.010000000000002,-2.535642847093861,-0.6778214235469306,0.01
5.0,uav_01,1,4.526397691427165,-2.875700924534464,8.010000000000002,-2.5313900351729512,-0.6806950175864758,0.01
5.0,uav_02,1,4.434477684337245,11.624964367498576,8.010000000000002,-2.5377061416370745,-0.6738530708185375,0.01
5.0,uav_03,1,4.191526842523336,26.029180424674657,8.0,-2.556357869771456,-0.69,0.01
5.0,uav_04,1,4.357514984294046,40.595692149456866,8.010000000000002,-2.542873951603116,-0.68,0.01
5.0,uav_05,1,4.10461983269775,54.98505239085952,8.010000000000002,-2.565992824060558,-0.69,0.01
5.0,uav_06,1,4.28852765146312,69.55490748783764,8.010000000000002,-2.5515035537558814,-0.68,0.01
5.1,uav_01,1,4.285896811946741,-2.9371031138478836,8.010000000000002,-2.5498536756487256,-0.6899268378243628,0.01
5.1,uav_02,1,4.229751519506755,11.572695806886024,8.010000000000002,-2.5534232996427986,-0.68,0.01
5.1,uav_03,1,3.9711605175113904,25.97291878061275,8.0,-2.573275748110169,-0.69,0.01
5.1,uav_04,1,4.131198431675624,40.53791135518844,8.010000000000002,-2.5602486384621037,-0.68,0.01
5.1,uav_05,1,3.8607567024464045,54.92279178630561,8.010000000000002,-2.584714590029195,-0.69,0.01
5.1,uav_06,1,4.077909551152664,69.50113465938021,8.010000000000002,-2.567673045155214,-0.68,0.01
5.2,uav_01,1,4.039670980337791,-2.999966938869763,8.010000000000002,-2.5687568300331947,-0.69,0.01
5.2,uav_02,1,3.958354155106285,11.50391128041691,8.010000000000002,-2.574106809159691,-0.6779465954201547,0.01
5.2,uav_03,1,3.737925959820573,25.91351208512375,8.000569671761546,-2.591139343523094,-0.69,0.01
5.2,uav_04,1,3.892930148671646,40.477079169094345,8.010000000000002,-2.5785408789498763,-0.68,0.01
5.2,uav_05,1,3.6344007122932673,54.86643713194529,8.010000000000002,-2.595830218283948,-0.69,0.01
5.2,uav_06,1,3.867604213266734,69.44789521027494,8.010000000000002,-2.5836821493646833,-0.68,0.01
5.3,uav_01,1,3.795168684315093,-3.06030895960629,8.010000000000002,-2.586901677780789,-0.6815491611096056,0.01
5.3,uav_02,1,3.74329351598664,11.450961783672124,8.010000000000002,-2.5900287246842115,-0.67,0.01
5.3,uav_03,1,3.476552653217299,25.84882309106851,8.010000000000002,-2.61050685111324,-0.69,0.01
5.3,uav_04,1,3.6245185874238737,40.40963753912651,8.010000000000002,-2.5988205794418286,-0.68,0.01
5.3,uav_05,1,3.4191555653400947,54.81251015288752,8.010000000000002,-2.607876281058147,-0.69,0.01
5.3,uav_06,1,3.646962510424801,69.39357311932581,8.010000000000002,-2.6000168040144946,-0.68,0.01
5.4,uav_01,1,3.5530661971312223,-3.1217384364315213,8.010000000000002,-2.6053735236123203,-0.68,0.01
5.4,uav_02,1,3.4976220634775337,11.38823949696843,8.010000000000002,-2.608889318491449,-0.67,0.01
5.4,uav_03,1,3.2390854172375585,25.778090807825635,8.010000000000002,-2.628737593979773,-0.69,0.01
5.4,uav_04,1,3.357142425903969,40.342750793699686,8.010000000000002,-2.618933426132877,-0.68,0.01
5.4,uav_05,1,3.2050082520244327,54.75604183796483,8.010000000000002,-2.6241625474203283,-0.69,0.01
5.4,uav_06,1,3.432791105943619,69.33889309810884,8.010000000000002,-2.616459088308374,-0.68,0.01
5.5,uav_01,1,3.2897462719641837,-3.1871150329234994,8.010000000000002,-2.6175161342329005,-0.68,0.01
5.5,uav_02,1,3.3059373117885404,11.340916438713899,8.010000000000002,-2.62311936376501,-0.67,0.01
5.5,uav_03,1,3.0347609986047637,25.726938247605283,8.010000000000002,-2.636954384811318,-0.69,0.01
5.5,uav_04,1,3.1034529958037216,40.2744856087666,8.010000000000002,-2.634054615549587,-0.68,0.01
5.5,uav_05,1,2.9819678983461184,54.69235311369361,8.010000000000002,-2.6403370867883713,-0.69,0.01
5.5,uav_06,1,3.21364854224095,69.28452152238641,8.010000000000002,-2.6264043115156235,-0.68,0.01
5.6,uav_01,1,3.0328027700424913,-3.25037231976314,8.010000000000002,-2.634053736832643,-0.68,0.01
5.6,uav_02,1,3.0921115208227703,11.288274362639802,8.010000000000002,-2.634474418941547,-0.67,0.01
5.6,uav_03,1,2.8385745075492057,25.67863881590338,8.010000000000002,-2.644216205212999,-0.69,0.01
5.6,uav_04,1,2.8713903888624976,40.210763180943715,8.010000000000002,-2.6452887725356833,-0.68,0.01
5.6,uav_05,1,2.792025462103891,54.64559091474089,8.010000000000002,-2.647367784219308,-0.69,0.01
5.6,uav_06,1,3.00737820495894,69.2337395342175,8.010000000000002,-2.63807876865113,-0.68,0.01
5.7,uav_01,1,2.7524985709693386,-3.3275864359575196,8.010000000000002,-2.6548045922106502,-0.687402296105325,0.01
5.7,uav_02,1,2.84932962777961,11.228503542430289,8.010000000000002,-2.6469219256122223,-0.6734609628061111,0.01
5.7,uav_03,1,2.6400524512799666,25.62976438807449,8.010000000000002,-2.6531289525848707,-0.69,0.01
5.7,uav_04,1,2.622303076609624,40.14986760304679,8.010000000000002,-2.661800037470392,-0.6818000374703919,0.008199962529608187
5.7,uav_05,1,2.577683160250777,54.59282167811567,8.010000000000002,-2.6553016398694376,-0.6953016398694375,0.01
5.7,uav_06,1,2.8077312442582376,69.18458816451596,8.010000000000002,-2.651429293620403,-0.68,0.01
5.8,uav_01,1,2.480493922227969,-3.3974312661532537,8.010000000000002,-2.667470516893385,-0.6974705168933852,0.002529483106614757
5.8,uav_02,1,2.58987422339648,11.164627846608557,8.010000000000002,-2.6630646747908124,-0.68,0.01
5.8,uav_03,1,2.4144730295889594,25.574228668909033,8.010000000000002,-2.669828545281814,-0.69,0.01
5.8,uav_04,1,2.4047806332315464,40.09816206895452,8.010000000000002,-2.6695739654260757,-0.6895739654260759,0.0004260345739241153
5.8,uav_05,1,2.3362104413758806,54.534345545794125,8.010000000000002,-2.668187054774773,-0.7040935273873863,0.01
5.8,uav_06,1,2.5863764094045036,69.13009250212534,8.010000000000002,-2.659622717414576,-0.68,0.01
5.9,uav_01,1,2.2091512525148036,-3.462510115828558,8.010000000000002,-2.6845102461620556,-0.7,0.007255123081027878
5.9,uav_02,1,2.3101068787400476,11.092875283737904,8.010000000000002,-2.6733022918865625,-0.6833022918865626,0.006697708113437459
5.9,uav_03,1,2.1571163730996212,25.502930850876638,8.010000000000002,-2.6791147721244752,-0.699114772124475,0.01
5.9,uav_04,1,2.2037702474337526,40.04877623638483,8.010000000000002,-2.6839982524344825,-0.69,0.0069991262172412584
5.9,uav_05,1,2.09127067393727,54.472177466791955,8.010000000000002,-2.6829489992693376,-0.71,0.00705100073066243
5.9,uav_06,1,2.3288293437890837,69.05653720349638,8.010000000000002,-2.678311584856017,-0.6891557924280083,0.01
6.0,uav_01,1,1.9498372981613843,-3.533187679198408,8.010000000000002,-2.6967555679976836,-0.7067555679976834,0.01
6.0,uav_02,1,2.0451324435829776,11.021807256805959,8.010000000000002,-2.6857421725615334,-0.6928710862807667,0.002871086280766697
6.0,uav_03,1,1.9303742844721383,25.44633787395244,8.010000000000002,-2.687475989214474,-0.7074759892144737,0.01
6.0,uav_04,1,2.002102897462704,40.00015124074027,8.010000000000002,-2.6943098951633986,-0.6943098951633987,0.01
6.0,uav_05,1,1.8709862182572166,54.410382043965456,8.010000000000002,-2.6910647753704384,-0.7110647753704383,0.0010647753704384005
6.0,uav_06,1,2.1039523060266934,69.00195402350874,8.010000000000002,-2.687221673230758,-0.6972216732307577,0.0027783267692422274
6.1,uav_01,1,1.6827280862696172,-3.601020732779367,8.010000000000002,-2.7,-0.71,0.01
6.1,uav_02,1,1.7870991550785191,10.958837195733429,8.010000000000002,-2.702338636065076,-0.7,0.01
6.1,uav_03,1,1.7218039068842983,25.396181382767857,8.010000000000002,-2.695017018541877,-0.7150170185418766,0.01
6.1,uav_04,1,1.799782079046308,39.949924506953174,8.010000000000002,-2.701595558969289,-0.7015955589692886,0.008404441030711406
6.1,uav_05,1,1.6672267733812773,54.361948003045164,8.010000000000002,-2.6983468342704597,-0.7183468342704598,0.008346834270459793
6.1,uav_06,1,1.8558716092273768,68.94153864970605,8.010000000000002,-2.696305125739338,-0.7063051257393379,0.006305125739337905
6.2,uav_01,1,1.4225267298974027,-3.664228141963104,8.010000000000002,-2.705916765213481,-0.7159167652134806,0.0040832347865193885
6.2,uav_02,1,1.5003765576103092,10.887099788158642,8.010000000000002,-2.71267801990858,-0.70267801990858,0.01
6.2,uav_03,1,1.5124184484189662,25.342945690231,8.010000000000002,-2.702589433591462,-0.72,0.01
6.2,uav_04,1,1.599093620403508,39.89228209975449,8.010000000000002,-2.7090240191834094,-0.7090240191834095,0.0009759808165904892
6.2,uav_05,1,1.4663909393354082,54.306553984649256,8.010000000000002,-2.7057217079385727,-0.7257217079385726,0.01
6.2,uav_06,1,1.6146442026281431,68.87774889097928,8.010000000000002,-2.705053643203144,-0.71,0.01
6.3,uav_01,1,1.1389293402522511,-3.739441313652037,8.010000000000002,-2.7161929144694392,-0.7261929144694391,0.006192914469439174
6.3,uav_02,1,1.2356639838556243,10.814381173862047,8.010000000000002,-2.72,-0.7123909348544053,0.007609065145594687
6.3,uav_03,1,1.28608162651698,25.27819529083257,8.010000000000002,-2.710933911057327,-0.7209339110573274,0.01
6.3,uav_04,1,1.37208143527311,39.83701509478916,8.010000000000002,-2.7171707508758303,-0.71,0.0
6.3,uav_05,1,1.2246878384080495,54.243376841459856,8.010000000000002,-2.714507343862761,-0.73,0.01
6.3,uav_06,1,1.386706756961821,68.81732445135631,8.010000000000002,-2.7133140659487207,-0.7133140659487205,0.01
6.4,uav_01,1,0.8396559934123886,-3.822435521948157,8.010000000000002,-2.726888497882622,-0.73,0.01
6.4,uav_02,1,0.976018913390219,10.75081147725406,8.010000000000002,-2.72167026272743,-0.72,0.0016702627274297473
6.4,uav_03,1,1.0551926352043546,25.214165368887883,8.010000000000002,-2.7191855395162134,-0.7291855395162131,0.01
6.4,uav_04,1,1.0914399036158082,39.762324136359695,8.010000000000002,-2.72,-0.7172004609811212,0.00720046098112129
6.4,uav_05,1,0.9412680816831707,54.17086787969766,8.010000000000002,-2.724636343591617,-0.7346363435916172,0.005363656408382783
6.4,uav_06,1,1.1588160802997751,68.75974855284221,8.010000000000002,-2.721689088546828,-0.7216890885468279,0.00831091145317209
6.5,uav_01,1,0.5218610278244454,-3.9014252175535824,8.010000000000002,-2.73,-0.7382460163069442,0.01
6.5,uav_02,1,0.7014815406490447,10.676319659357548,8.010000000000002,-2.731481819290001,-0.72,0.01
6.5,uav_03,1,0.8472944900856821,25.16384470102125,8.010000000000002,-2.726615509395063,-0.7366155093950629,0.003384490604937114
6.5,uav_04,1,0.7924120081120787,39.68626768060387,8.010000000000002,-2.728168960609664,-0.72,0.01
6.5,uav_05,1,0.690036231702589,54.10119649496501,8.010000000000002,-2.73,-0.74,0.0036149955026186097
6.5,uav_06,1,0.929438065059784,68.6961376537101,8.010000000000002,-2.7298867169726644,-0.7298867169726642,0.00011328302733580771
6.6,uav_01,1,0.25719476027479826,-3.972877888711468,8.010000000000002,-2.737704794272145,-0.74,0.01
6.6,uav_02,1,0.40149849249375125,10.602571248831307,8.010000000000002,-2.74,-0.722202766370539,0.01
6.6,uav_03,1,0.6124785777836428,25.102477559708454,8.010000000000002,-2.735007480133337,-0.74,0.005007480133336874
6.6,uav_04,1,0.48935162799930193,39.6037630675645,8.010000000000002,-2.73,-0.7290630262338671,0.01
6.6,uav_05,1,0.45944285473340263,54.03724855251717,8.010000000000002,-2.7318560591454197,-0.7418560591454197,0.01
6.6,uav_06,1,0.6861094089768609,68.63817235255438,8.010000000000002,-2.73,-0.73,0.008582920511782357
6.7,uav_01,1,-0.007718448693090185,-4.046343375007192,8.010000000000002,-2.7471723975642153,-0.74,0.01
6.7,uav_02,1,0.09884353738558291,10.518639256051673,8.010000000000002,-2.743019203423668,-0.73,0.01
6.7,uav_03,1,0.3672500891391797,25.0344710219384,8.010000000000002,-2.74,-0.74,0.01
6.7,uav_04,1,0.2570565529125075,39.547507390084164,8.010000000000002,-2.7373649060313747,-0.73,0.0026350939686252215
6.7,uav_05,1,0.22987644440544466,53.97365238514542,8.010000000000002,-2.74,-0.75,0.01
6.7,uav_06,1,0.45368915505943797,68.57528864952074,8.010000000000002,-2.7368892740141444,-0.73,0.01
6.8,uav_01,1,-0.22512046047171796,-4.106633100125544,8.010000000000002,-2.754942021474012,-0.7449420214740122,0.01
6.8,uav_02,1,-0.15983217609590697,10.44941312105115,8.010000000000002,-2.752263887922706,-0.73,0.01
6.8,uav_03,1,0.13831227724146117,24.970982199513283,8.010000000000002,-2.7419534770468585,-0.7419534770468581,0.01
6.8,uav_04,1,0.04145027652408609,39.49063672259569,8.010000000000002,-2.7450703530344853,-0.7350703530344853,0.005070353034485335
6.8,uav_05,1,-0.002129615526080708,53.918504065481905,8.010000000000002,-2.74,-0.75,0.01
6.8,uav_06,1,0.2144784502607338,68.5089509576736,8.010000000000002,-2.74,-0.7354383081112896,0.01
6.9,uav_01,1,-0.45360027722394003,-4.166550117304226,8.010000000000002,-2.76,-0.75,0.01
6.9,uav_02,1,-0.4267253595578759,10.38397421913698,8.010000000000002,-2.76,-0.7318022525524664,0.01
6.9,uav_03,1,-0.09267260007713175,24.907156849732388,8.010000000000002,-2.75,-0.75,0.01
6.9,uav_04,1,-0.20036601902919135,39.423576450871835,8.010000000000002,-2.7537125070621236,-0.74,0.01
6.9,uav_05,1,-0.2572733425614562,53.84957472293413,8.010000000000002,-2.747470427924635,-0.75,0.01
6.9,uav_06,1,-0.03880595157657611,68.44368798525096,8.010000000000002,-2.7444903151667615,-0.74,0.005509684833238751
7.0,uav_01,1,-0.7339722551650905,-4.2366621657462336,8.010000000000002,-2.76,-0.75,0.006872373718343827
7.0,uav_02,1,-0.7061941708855224,10.3064721867391,8.010000000000002,-2.7617900513720923,-0.74,0.01
7.0,uav_03,1,-0.29794779860665943,24.85836251103779,8.010000000000002,-2.75,-0.75,0.01
7.0,uav_04,1,-0.490752846903799,39.344104675162825,8.010000000000002,-2.76,-0.74,0.01
7.0,uav_05,1,-0.5058874785275671,53.78062928033526,8.010000000000002,-2.756355526637902,-0.75,0.01
7.0,uav_06,1,-0.2823401759740082,68.38225891922242,8.010000000000002,-2.753193865411084,-0.74,0.003193865411084387
7.1,uav_01,1,-0.9678649779946225,-4.301525079683994,8.010000000000002,-2.761486603628537,-0.75,0.0
7.1,uav_02,1,-1.0242795122554307,10.221761715657042,8.010000000000002,-2.77,-0.74,0.006842052605703938
7.1,uav_03,1,-0.5392739202891466,24.794159865051018,8.010000000000002,-2.7561693979493893,-0.75,0.01
7.1,uav_04,1,-0.7718023358575813,39.27198327333181,8.010000000000002,-2.76,-0.74,0.006210038192895789
7.1,uav_05,1,-0.7632982860091024,53.70924435281204,8.010000000000002,-2.76,-0.75,0.01
7.1,uav_06,1,-0.5050102654631657,68.32050825563398,8.010000000000002,-2.7611517625616693,-0.74,0.01
7.2,uav_01,1,-1.2337089987136807,-4.374993282308213,8.010000000000002,-2.77,-0.75,0.0
7.2,uav_02,1,-1.3020187842126845,10.153121576984635,8.010000000000002,-2.772981137233511,-0.74,0.0
7.2,uav_03,1,-0.8264372702324462,24.71452398991591,8.010000000000002,-2.7664321881208473,-0.75,0.01
7.2,uav_04,1,-1.0486824201623623,39.20208312302861,8.010000000000002,-2.763685243389648,-0.74,0.0
7.2,uav_05,1,-1.035401661314981,53.63378489635069,8.010000000000002,-2.765279574377288,-0.755279574377288,0.01
7.2,uav_06,1,-0.7779672142832055,68.24481208722982,8.010000000000002,-2.77,-0.74,0.01
7.3,uav_01,1,-1.5026050916638105,-4.447142965231239,8.010000000000002,-2.770252590760445,-0.75,0.0
7.3,uav_02,1,-1.612098396235497,10.069008656476315,8.010000000000002,-2.78,-0.7361791092764297,0.0
7.3,uav_03,1,-1.1298591597517154,24.63037931187987,8.010000000000002,-2.77,-0.75,0.01
7.3,uav_04,1,-1.3003384463174976,39.13229410625628,8.010000000000002,-2.7726790547249847,-0.74,0.0
7.3,uav_05,1,-1.303696018135826,53.55938175333634,8.010000000000002,-2.77,-0.76,0.005131985168385866
7.3,uav_06,1,-1.0824815976053541,68.1627451872882,8.010000000000002,-2.77,-0.74,0.008269930242689818
7.4,uav_01,1,-1.7376638731791838,-4.512329249545953,8.010000000000002,-2.778653241306997,-0.75,0.0
7.4,uav_02,1,-1.9118777522072605,9.985874122438167,8.010000000000002,-2.7845345581490286,-0.73,0.0
7.4,uav_03,1,-1.4079126052609334,24.555135535523508,8.010000000000002,-2.77,-0.75,0.003027191656812237
7.4,uav_04,1,-1.5387746039927883,39.066481703699395,8.010000000000002,-2.78,-0.74,0.0
7.4,uav_05,1,-1.5538996317560838,53.49098097539797,8.010000000000002,-2.7736829218111008,-0.76,0.0
7.4,uav_06,1,-1.3551012625218535,68.09852279854381,8.010000000000002,-2.7711879203085608,-0.74,0.0
7.5,uav_01,1,-1.9945230266530165,-4.583561192580486,8.010000000000002,-2.7878330046585558,-0.75,0.00783300465855583
7.5,uav_02,1,-2.2289752432885646,9.905741593876344,8.010000000000002,-2.79,-0.73,0.0
7.5,uav_03,1,-1.668088763460079,24.48379372394799,8.010000000000002,-2.776166730572447,-0.75,0.0
7.5,uav_04,1,-1.776711729832757,39.002696683240806,8.010000000000002,-2.78,-0.74,0.0
7.5,uav_05,1,-1.796074641362658,53.42551151658402,8.010000000000002,-2.78,-0.7578799345251495,0.0
7.5,uav_06,1,-1.6285918600411733,68.02267863852794,8.010000000000002,-2.78,-0.74,0.0
7.6,uav_01,1,-2.2841801559170856,-4.661771564144569,8.010000000000002,-2.79,-0.7420879118616931,0.0020879118616930707
7.6,uav_02,1,-2.534451683900025,9.826983487596994,8.010000000000002,-2.7964395950395913,-0.73,0.0
7.6,uav_03,1,-1.9561845023050057,24.411063498913748,8.010000000000002,-2.78,-0.75,0.0
7.6,uav_04,1,-2.0338924484432757,38.941019612930084,8.010000000000002,-2.7885503539407797,-0.74,0.0
7.6,uav_05,1,-2.061054829053104,53.35202745583864,8.010000000000002,-2.7815900624866474,-0.75,0.0
7.6,uav_06,1,-1.9251145914776135,67.94085056278644,8.010000000000002,-2.781507368958294,-0.74,0.0
7.7,uav_01,1,-2.5485431879374927,-4.726446841854233,8.010000000000002,-2.7972880319594493,-0.74,0.0
7.7,uav_02,1,-2.813261273723992,9.751320658118205,8.010000000000002,-2.8,-0.73,0.0
7.7,uav_03,1,-2.2718257055695443,24.32945406902298,8.010000000000002,-2.787485276150527,-0.75,0.0
7.7,uav_04,1,-2.337998793117175,38.860728280557886,8.010000000000002,-2.79,-0.74,0.0
7.7,uav_05,1,-2.354424837936847,53.273430141882095,8.010000000000002,-2.79,-0.75,0.0
7.7,uav_06,1,-2.216199358287384,67.86239961871061,8.010000000000002,-2.79,-0.74,0.001617455353865744
7.8,uav_01,1,-2.8642024957615186,-4.808762428065008,8.010000000000002,-2.8,-0.74,0.0
7.8,uav_02,1,-3.068525176457353,9.688443395200892,8.010000000000002,-2.805009032865355,-0.73,0.0
7.8,uav_03,1,-2.546286251610406,24.25401380078164,8.010000000000002,-2.79,-0.75,0.007207372418599897
7.8,uav_04,1,-2.5972791281481062,38.78906445549998,8.010000000000002,-2.7983401267002286,-0.74,0.0
7.8,uav_05,1,-2.6235767518539532,53.209790388671315,8.010000000000002,-2.79134893007408,-0.75,0.0
7.8,uav_06,1,-2.500436837076908,67.78554352730636,8.010000000000002,-2.791775679250673,-0.74,0.00822432074932727
7.9,uav_01,1,-3.136902464539064,-4.883928062039524,8.010000000000002,-2.8,-0.74,0.0
7.9,uav_02,1,-3.3276596296432563,9.623448534106181,8.010000000000002,-2.81,-0.73,0.0
7.9,uav_03,1,-2.8410066575329593,24.17428426706769,8.010000000000002,-2.797482232506295,-0.75,0.0025177674937046602
7.9,uav_04,1,-2.8696238169081876,38.71562628851471,8.010000000000002,-2.8,-0.7321957906834642,0.0
7.9,uav_05,1,-2.917402278108019,53.1287854305703,8.010000000000002,-2.8,-0.75,0.0
7.9,uav_06,1,-2.806271715761997,67.71054640252245,8.010000000000002,-2.8,-0.74,0.0
8.0,uav_01,1,-3.4396029670786668,-4.965599527888798,8.010000000000002,-2.808495407843665,-0.7484954078436648,0.0
8.0,uav_02,1,-3.6285395045649462,9.541263546143556,8.010000000000002,-2.81,-0.73,0.0
8.0,uav_03,1,-3.116232789299453,24.098632501792387,8.010000000000002,-2.8,-0.75,0.0
8.0,uav_04,1,-3.124119767817509,38.645637244849155,8.010000000000002,-2.8,-0.73,0.0
8.0,uav_05,1,-3.157315024618685,53.064450332386755,8.010000000000002,-2.800079112905092,-0.75,0.0
8.0,uav_06,1,-3.1074642263764325,67.62980418820462,8.010000000000002,-2.8030209356946534,-0.74,0.0
8.1,uav_01,1,-3.7461922320917176,-5.05021998872882,8.010000000000002,-2.81,-0.75,0.0
8.1,uav_02,1,-3.942532896919443,9.45560819626611,8.010000000000002,-2.81,-0.73,0.0
8.1,uav_03,1,-3.3971076224641674,24.02262088451233,8.010000000000002,-2.807027311570979,-0.75,0.0
8.1,uav_04,1,-3.427796354508645,38.5716337683055,8.010000000000002,-2.807420855458392,-0.7374208554583922,0.0
8.1,uav_05,1,-3.4632346515508905,52.97987480183305,8.010000000000002,-2.81,-0.75,0.0
8.1,uav_06,1,-3.4152669642055944,67.54631203912838,8.010000000000002,-2.81,-0.74,0.0
8.2,uav_01,1,-4.050814673663039,-5.132036729014863,8.010000000000002,-2.81,-0.75,0.0
8.2,uav_02,1,-4.247788692859167,9.379783970055199,8.010000000000002,-2.81,-0.73,0.0
8.2,uav_03,1,-3.7148297584865295,23.935305891790858,8.010000000000002,-2.81,-0.75,0.0
8.2,uav_04,1,-3.7279025923603757,38.49195774249733,8.010000000000002,-2.81,-0.74,0.0
8.2,uav_05,1,-3.766327031043367,52.89823543377372,8.010000000000002,-2.81,-0.75,0.0
8.2,uav_06,1,-3.730109085589362,67.46030204351455,8.010000000000002,-2.81,-0.74,0.0
8.3,uav_01,1,-4.36456396509596,-5.2154562017833195,8.010000000000002,-2.81,-0.75,0.0
8.3,uav_02,1,-4.554776553910256,9.299582343851757,8.010000000000002,-2.817263684634602,-0.73,0.0
8.3,uav_03,1,-4.021845819618495,23.852557567957504,8.010000000000002,-2.81,-0.75,0.0
8.3,uav_04,1,-4.032795265648639,38.409721108064964,8.010000000000002,-2.81,-0.74,0.0
8.3,uav_05,1,-4.031807771200609,52.82486794447224,8.010000000000002,-2.81,-0.75,0.0
8.3,uav_06,1,-4.042757229785849,67.38147030378936,8.010000000000002,-2.81,-0.74,0.0
8.4,uav_01,1,-4.665631027672052,-5.288355001307671,8.010000000000002,-2.81,-0.7484820569448275,0.0
8.4,uav_02,1,-4.862650871591799,9.216341139502552,8.010000000000002,-2.812008901200463,-0.73,0.0
8.4,uav_03,1,-4.323882025979775,23.7690798283757,8.010000000000002,-2.81,-0.75,0.0
8.4,uav_04,1,-4.3523012322423815,38.32151244270951,8.010000000000002,-2.82,-0.74,0.0
8.4,uav_05,1,-4.335018208205968,52.74320227069615,8.010000000000002,-2.81,-0.75,0.0
8.4,uav_06,1,-4.356779813399417,67.30080590857501,8.010000000000002,-2.81,-0.74,0.0
8.5,uav_01,1,-4.924437011219714,-5.3578572523674834,8.010000000000002,-2.8095252015343646,-0.74,0.0
8.5,uav_02,1,-5.1830090883703335,9.130461076201255,8.010000000000002,-2.8009414134874517,-0.73,0.0
8.5,uav_03,1,-4.6483389892415365,23.69286271568058,8.010000000000002,-2.81,-0.75,0.0
8.5,uav_04,1,-4.671087306831963,38.246831370173894,8.010000000000002,-2.818924369971599,-0.7389243699715994,0.0
8.5,uav_05,1,-4.652838193350367,52.65579859078331,8.010000000000002,-2.81,-0.75,0.0
8.5,uav_06,1,-4.6576572864226105,67.21821024423222,8.010000000000002,-2.81,-0.74,0.0
8.6,uav_01,1,-5.186936190408809,-5.430653282435732,8.010000000000002,-2.8001438720689937,-0.74,0.0
8.6,uav_02,1,-5.48840500667374,9.057040168845333,8.010000000000002,-2.790059481031299,-0.720059481031299,0.0
8.6,uav_03,1,-4.956884779634155,23.607809029068807,8.010000000000002,-2.808086714403642,-0.748086714403642,0.0
8.6,uav_04,1,-4.963873056913926,38.16603445956123,8.010000000000002,-2.8085119554823628,-0.73,0.0
8.6,uav_05,1,-4.959773044328749,52.5726215852088,8.010000000000002,-2.8065382064441877,-0.75,0.0
8.6,uav_06,1,-4.975141324085694,67.13245202306597,8.010000000000002,-2.81,-0.74,0.0
8.7,uav_01,1,-5.493772450544188,-5.5155322162251945,8.010000000000002,-2.788410802714249,-0.7292054013571244,0.0
8.7,uav_02,1,-5.796800137195769,8.972648765332499,8.010000000000002,-2.767113695990146,-0.7090378986633821,0.0
8.7,uav_03,1,-5.260972704092094,23.525643448318025,8.010000000000002,-2.7949958348110635,-0.74,0.0
8.7,uav_04,1,-5.287986142812082,38.07842930336755,8.010000000000002,-2.797222152544291,-0.7272221525442911,0.0
8.7,uav_05,1,-5.271296593713239,52.48741873198432,8.010000000000002,-2.795557991738046,-0.745557991738046,0.0
8.7,uav_06,1,-5.276196555050031,67.04935325403312,8.010000000000002,-2.8007469430814265,-0.7307469430814266,0.0
8.8,uav_01,1,-5.801500192245214,-5.597123240050435,8.010000000000002,-2.7654172690607144,-0.7184724230202382,0.0
8.8,uav_02,1,-6.089750434772126,8.901426790757249,8.010000000000002,-2.7357048748231763,-0.6985682916077254,0.0
8.8,uav_03,1,-5.563177087223455,23.44183640803838,8.010000000000002,-2.776697583123373,-0.7366975831233733,0.0
8.8,uav_04,1,-5.583816553499454,38.00010387139238,8.010000000000002,-2.7832992290764778,-0.7166496145382388,0.0
8.8,uav_05,1,-5.578549736043862,52.40949758041005,8.010000000000002,-2.7795377544049,-0.7347688772024498,0.0
8.8,uav_06,1,-5.58726087085474,66.97685017835504,8.010000000000002,-2.7799495912485774,-0.7199747956242888,0.0
8.9,uav_01,1,-6.057886632680122,-5.6610992103674045,8.010000000000002,-2.7370522036823606,-0.71,0.0
8.9,uav_02,1,-6.35088893555644,8.829673890606074,8.010000000000002,-2.706833161729722,-0.6892082904324306,0.0
8.9,uav_03,1,-5.856497640472768,23.36049302296596,8.010000000000002,-2.7586442310452557,-0.7262147436817519,0.0
8.9,uav_04,1,-5.873328218947452,37.927188023787494,8.010000000000002,-2.758908697210914,-0.7063028990703044,0.0
8.9,uav_05,1,-5.883914596994548,52.330100495963904,8.010000000000002,-2.7577111843060886,-0.7238555921530443,0.0
8.9,uav_06,1,-5.886175896698087,66.8939553393069,8.010000000000002,-2.757876054208562,-0.7092920180695207,0.0
9.0,uav_01,1,-6.341071429111711,-5.738670886519438,8.010000000000002,-2.705429594331072,-0.708857398582768,0.0
9.0,uav_02,1,-6.62328702161491,8.762611817736973,8.010000000000002,-2.6665020264115658,-0.6791255066028915,0.0
9.0,uav_03,1,-6.128812854078028,23.28887393896746,8.010000000000002,-2.7294478113251377,-0.7164826037750458,0.0
9.0,uav_04,1,-6.149448065570614,37.854566848259466,8.010000000000002,-2.7293043617485897,-0.7,0.0
9.0,uav_05,1,-6.19028367611621,52.245138506010974,8.010000000000002,-2.7216256715101648,-0.7129064178775412,0.0
9.0,uav_06,1,-6.165118951288957,66.81718875688162,8.010000000000002,-2.727896492264881,-0.6992988307549604,0.0
9.1,uav_01,1,-6.609741169321725,-5.806020460939458,8.010000000000002,-2.665650476201702,-0.6989126190504255,0.0
9.1,uav_02,1,-6.903015216684963,8.692030107165438,8.010000000000002,-2.6236294793673216,-0.6687258958734644,0.0
9.1,uav_03,1,-6.438353515288811,23.20894929571142,8.010000000000002,-2.6910260534079837,-0.7052565133519959,0.0
9.1,uav_04,1,-6.44705797366449,37.77800273821235,8.010000000000002,-2.6925944181916606,-0.6956486045479151,0.0
9.1,uav_05,1,-6.45995968522846,52.17621514300748,8.010000000000002,-2.6890845760871467,-0.7030281920290489,0.0
9.1,uav_06,1,-6.493777770374873,66.73627577403423,8.010000000000002,-2.6885342494711106,-0.69,0.0
9.2,uav_01,1,-6.892271195810896,-5.885456786702035,8.010000000000002,-2.6222740130389157,-0.6869096052155663,0.0
9.2,uav_02,1,-7.1732579535540015,8.613361666524064,8.010000000000002,-2.5701144626542303,-0.6567048208847435,0.0
9.2,uav_03,1,-6.732199734667303,23.130779903074902,8.010000000000002,-2.6475193173558,-0.6943798293389499,0.0
9.2,uav_04,1,-6.748180446821267,37.69760735122792,8.010000000000002,-2.642512954051282,-0.6845025908102563,0.0
9.2,uav_05,1,-6.73945849208144,52.09929339026597,8.010000000000002,-2.6507303033002896,-0.6926825758250723,0.0
9.2,uav_06,1,-6.788820917307806,66.65944022721573,8.010000000000002,-2.6410628709987423,-0.6862125741997483,0.0
9.3,uav_01,1,-7.155578988432966,-5.9505990552814545,8.010000000000002,-2.571963968320781,-0.6673213227735938,0.0
9.3,uav_02,1,-7.431627458401731,8.547397444824552,8.010000000000002,-2.5090428198877626,-0.6384346885553946,0.0
9.3,uav_03,1,-7.022172394883655,23.05052217951822,8.010000000000002,-2.5970560537597067,-0.6768224215038826,0.0
9.3,uav_04,1,-7.036030000759466,37.61815338420306,8.010000000000002,-2.5881000805100274,-0.667240032204011,0.0
9.3,uav_05,1,-7.025086482268931,52.02405693657194,8.010000000000002,-2.5990893482784974,-0.6818178696556996,0.0
9.3,uav_06,1,-7.080053094346815,66.57972945638373,8.010000000000002,-2.5863174372783746,-0.6705269749113498,0.0
9.4,uav_01,1,-7.429108809615683,-6.020904292492148,8.010000000000002,-2.5085416064504416,-0.6480902677417403,0.0019097322582597419
9.4,uav_02,1,-7.700054541772511,8.477870893083175,8.010000000000002,-2.437888221705665,-0.6259627405685549,0.0020186297157225213
9.4,uav_03,1,-7.303854306242066,22.97482466554568,8.010000000000002,-2.5355917400005503,-0.6625986233334251,0.0
9.4,uav_04,1,-7.31630773120315,37.542582905570924,8.010000000000002,-2.5343066465989885,-0.6457226586395954,0.0
9.4,uav_05,1,-7.310580314310219,51.94103454561466,8.010000000000002,-2.535153751807359,-0.6617179172691197,0.0
9.4,uav_06,1,-7.3611784035472105,66.50795545897498,8.010000000000002,-2.5268335941348106,-0.6489445313782702,0.0
9.5,uav_01,1,-7.656141934064955,-6.081352751892723,8.010000000000002,-2.4530128856905846,-0.6380036816258813,0.009001840812940637
9.5,uav_02,1,-7.931764311341114,8.415781388210405,8.010000000000002,-2.3770036365133436,-0.6051263636925038,0.008375454564167939
9.5,uav_03,1,-7.578766323181122,22.902602217557195,8.010000000000002,-2.470439862086245,-0.6434799540287482,0.0
9.5,uav_04,1,-7.5899809158109734,37.470756111929134,8.010000000000002,-2.464435187470876,-0.6320621696386965,0.007937830361303444
9.5,uav_05,1,-7.593763029812339,51.86777711593412,8.010000000000002,-2.4699150380188164,-0.6499757251482332,0.0
9.5,uav_06,1,-7.637590335062254,66.43581464261675,8.010000000000002,-2.455381248809853,-0.6336258926871219,0.0
9.6,uav_01,1,-7.8917654227430925,-6.1463222520200285,8.010000000000002,-2.3838694026540277,-0.6177010259952603,0.0
9.6,uav_02,1,-8.175849313306788,8.357279976281907,8.01181614285369,-2.2936547143168093,-0.5763677142926242,0.0
9.6,uav_03,1,-7.843791495168867,22.832336298678907,8.010000000000002,-2.389403959050266,-0.6223509897625665,0.0
9.6,uav_04,1,-7.8605796796104395,37.399012470964436,8.010000000000002,-2.3889285837483554,-0.6125510239281016,0.001275511964050768
9.6,uav_05,1,-7.847978880366548,51.79829194788535,8.010000000000002,-2.3955913568718783,-0.6288978392179696,0.0005510803910151969
9.6,uav_06,1,-7.877792024160061,66.37054742864655,8.010000000000002,-2.386690761471122,-0.617625931848892,0.00618703407555399
9.7,uav_01,1,-8.110354131194681,-6.206594677641253,8.010000000000002,-2.31137372067808,-0.59051514525428,0.0
9.7,uav_02,1,-8.365928047583267,8.302706192083633,8.02,-2.2197442528451226,-0.5599232758535367,0.0
9.7,uav_03,1,-8.1128773220203,22.758452816162915,8.010000000000002,-2.3104697839436517,-0.6001342239839005,0.009932888008049747
9.7,uav_04,1,-8.090020859442014,37.34516063411693,8.010000000000002,-2.3227026540244773,-0.5854439945819186,0.0
9.7,uav_05,1,-8.117540235418954,51.73396058615581,8.010000000000002,-2.303816904642301,-0.604605634880767,0.008201878293589003
9.7,uav_06,1,-8.120944779904622,66.3035018505047,8.010000000000002,-2.309861296619516,-0.5911979862323185,0.003732662077439484
9.8,uav_01,1,-8.328276387723454,-6.258905668228588,8.019231891940528,-2.2269129725352372,-0.5715362161189415,0.0
9.8,uav_02,1,-8.570819784473123,8.25153255130354,8.02,-2.127416759839805,-0.5322250279519415,0.0
9.8,uav_03,1,-8.36836639941242,22.697009799211408,8.010000000000002,-2.2109548562389,-0.5679899680530888,0.0
9.8,uav_04,1,-8.3488933820627,37.27332090668689,8.019288883552028,-2.2264000480317487,-0.5614222328959442,0.0
9.8,uav_05,1,-8.367581568145857,51.664394944145,8.010000000000002,-2.2056209743530855,-0.5718736581176951,0.0
9.8,uav_06,1,-8.37048508386658,66.23883808318544,8.010000000000002,-2.215313005963135,-0.5656251124362524,0.0
9.9,uav_01,1,-8.538049314527342,-6.320703396395775,8.02,-2.142139204829126,-0.5440464016097086,0.0
9.9,uav_02,1,-8.767386766392018,8.200393386403656,8.02,-2.035151467621618,-0.5130302935243236,0.0
9.9,uav_03,1,-8.607136273894275,22.634885517125678,8.011844566894476,-2.1115543310552516,-0.5444662993165755,0.0
9.9,uav_04,1,-8.590554035053575,37.21230977953708,8.02,-2.118457108729175,-0.529691421745835,0.0
9.9,uav_05,1,-8.607627360323184,51.60053300218959,8.013525627918074,-2.1047437208192714,-0.5429487441638543,0.0
9.9,uav_06,1,-8.61525234583162,66.17770515484293,8.018217048023436,-2.1078295197656414,-0.5353488559296925,0.0
10.0,uav_01,1,-8.76606333091928,-6.381395984360322,8.02,-2.0366840269288855,-0.5213368053857772,0.0
10.0,uav_02,1,-8.94942239748391,8.15099816212856,8.02,-1.938635852739651,-0.4878097780199048,0.0
10.0,uav_03,1,-8.835517882381913,22.568548217434408,8.02,-1.999996712532129,-0.5118172852360352,0.0
10.0,uav_04,1,-8.818830829641412,37.15351909731032,8.02,-2.0095320534038357,-0.5080967369825156,0.0
10.0,uav_05,1,-8.82000616115299,51.542436796290254,8.02,-2.0060940977234836,-0.5198282293170451,0.0
10.0,uav_06,1,-8.821934636217696,66.12418709640984,8.02,-2.01127222783177,-0.5063816683495309,0.0
10.1,uav_01,1,-8.957239269098352,-6.433514988209778,8.02,-1.933915999968977,-0.4937952727188119,0.0
10.1,uav_02,1,-9.115735718180623,8.109100867781603,8.02,-1.8418570435592532,-0.4614155573343418,0.0
10.1,uav_03,1,-9.053991373026353,22.515874614765355,8.01631457023833,-1.8794602726216354,-0.482629140476661,0.0
10.1,uav_04,1,-9.023376473607255,37.10698615922961,8.02,-1.8972754319882554,-0.4853728843593656,0.0
10.1,uav_05,1,-9.007136482608932,51.49784696757633,8.017242629993982,-1.9096689299338052,-0.4917278899819469,0.0
10.1,uav_06,1,-9.028518531000959,66.06603042155277,8.02,-1.8979805370178595,-0.4832691885487017,0.0
10.2,uav_01,1,-9.1381942918818,-6.476216498954368,8.02,-1.8314621475338027,-0.46585331296376437,0.0
10.2,uav_02,1,-9.278652828970007,8.069695735121494,8.02,-1.739020106721541,-0.43475502668038524,0.0
10.2,uav_03,1,-9.257574435608815,22.46110731421774,8.010000000000002,-1.7565017907840756,-0.45662544769601887,0.0
10.2,uav_04,1,-9.232826962745664,37.046522965773704,8.02,-1.7690167572955289,-0.4422541893238822,0.0
10.2,uav_05,1,-9.221722366665157,51.43508179508161,8.010000000000002,-1.781022434730017,-0.4577556086825042,0.0
10.2,uav_06,1,-9.2412918837837,66.01532765737322,8.02,-1.7673020077192367,-0.4518255019298092,0.0
10.3,uav_01,1,-9.310192902337295,-6.525486601345554,8.02,-1.7220588464332536,-0.4380147116083134,0.0
10.3,uav_02,1,-9.422810597881794,8.033291572272883,8.016708292439755,-1.640499509277064,-0.410124877319266,0.0
10.3,uav_03,1,-9.445473109082,22.413204007570187,8.010000000000002,-1.6268610567362114,-0.41895368557873713,0.0
10.3,uav_04,1,-9.420379225422455,36.999692064112594,8.02,-1.6422782729618859,-0.41056956824047147,0.0
10.3,uav_05,1,-9.403084177979663,51.382581261628204,8.010000000000002,-1.6566958331362813,-0.42667395828407034,0.0
10.3,uav_06,1,-9.42991852458035,65.96742106235685,8.019804364487731,-1.6374567383405183,-0.40941309346319654,0.0
10.4,uav_01,1,-9.450149873124591,-6.56488872044858,8.02,-1.6178928900361986,-0.4133598977006612,0.0
10.4,uav_02,1,-9.5431250382461,8.000593534807829,8.010000000000002,-1.5506769330204082,-0.38733626657725945,0.0
10.4,uav_03,1,-9.604852515618601,22.36873968791004,8.010000000000002,-1.4959484633312543,-0.3841318135709831,0.0
10.4,uav_04,1,-9.590531758952917,36.952720442454925,8.02,-1.507685451990463,-0.37505298628298944,0.0
10.4,uav_05,1,-9.591402353505202,51.331673615983085,8.010000000000002,-1.507078532114021,-0.3863081520325774,0.0
10.4,uav_06,1,-9.60651187319099,65.91911435210321,8.010000000000002,-1.4958299014846503,-0.37563996968758473,0.0
10.5,uav_01,1,-9.589757196481346,-6.598973560773228,8.02,-1.5039494554540103,-0.3827536786012339,0.0
10.5,uav_02,1,-9.672751551190695,7.963361775892574,8.010000000000002,-1.433123225673717,-0.35374949304963343,0.0
10.5,uav_03,1,-9.755951459428038,22.32383975539318,8.010000000000002,-1.3541836453169724,-0.34833818437627784,0.0
10.5,uav_04,1,-9.738180679278454,36.91323950133825,8.02,-1.3742279759967608,-0.33591630030669567,0.0
10.5,uav_05,1,-9.761892557325554,51.289786907001776,8.010000000000002,-1.3569293058784095,-0.34136286334720295,0.0
10.5,uav_06,1,-9.761789351808964,65.8735579564867,8.010000000000002,-1.3545365224438832,-0.33272472069825243,0.0
10.6,uav_01,1,-9.72726668324062,-6.633115269357587,8.01656650499263,-1.3853645649041908,-0.34626601997052026,0.0
10.6,uav_02,1,-9.791669222168537,7.935205751630436,8.010000000000002,-1.326183076008159,-0.3211332541563566,0.0
10.6,uav_03,1,-9.896964927338082,22.283716458369383,8.010000000000002,-1.2066671185367313,-0.30619060529620895,0.0
10.6,uav_04,1,-9.886850649750683,36.877137614648724,8.015623236485476,-1.2243485472821496,-0.29686970945642993,0.0
10.6,uav_05,1,-9.90588734081136,51.253063067484035,8.010000000000002,-1.2051699841174703,-0.29719142403356297,0.0
10.6,uav_06,1,-9.90807502115894,65.83834307799451,8.010000000000002,-1.2062889097109277,-0.2927761949380559,0.0
10.7,uav_01,1,-9.840375724041696,-6.667023313918877,8.010000000000002,-1.2783878462782825,-0.314236759007542,0.0
10.7,uav_02,1,-9.900250268107571,7.907841760267567,8.010000000000002,-1.2137694452985386,-0.2936648811354011,0.0
10.7,uav_03,1,-10.029467175952858,22.25460553358941,8.010000000000002,-1.0582329063199385,-0.2617639711753657,0.0
10.7,uav_04,1,-10.022824441780743,36.83964114308999,8.010000000000002,-1.060872646454154,-0.2573921847011869,0.0
10.7,uav_05,1,-10.032570124026705,51.21717505861789,8.010000000000002,-1.054088626806406,-0.26301899145851554,0.0
10.7,uav_06,1,-10.018480600325452,65.80878638322463,8.010000000000002,-1.0727916822162133,-0.2622261949189181,0.0
10.8,uav_01,1,-9.947482187469209,-6.695420367575919,8.010000000000002,-1.1503029208486815,-0.2800807788929818,0.0
10.8,uav_02,1,-10.00590081077263,7.878758780818151,8.010000000000002,-1.0913359041607165,-0.26323882976020474,0.0
10.8,uav_03,1,-10.130542615004355,22.22498432441471,8.010000000000002,-0.9227498850142397,-0.22221425286121133,0.0
10.8,uav_04,1,-10.137089593333787,36.81049350012971,8.010000000000002,-0.9138753033695601,-0.22012507000836,0.0
10.8,uav_05,1,-10.139448183521,51.193936617337066,8.010000000000002,-0.9143891372283521,-0.2241111820652435,0.0
10.8,uav_06,1,-10.126967523662492,65.78568382265355,8.010000000000002,-0.9395131918700687,-0.22527227504693892,0.0
10.9,uav_01,1,-10.056374236579053,-6.716289914345488,8.010000000000002,-1.0186391484177866,-0.2518512460895257,0.0
10.9,uav_02,1,-10.111105978823009,7.851513248747741,8.010000000000002,-0.9599564754418046,-0.22927638759467242,0.0
10.9,uav_03,1,-10.224861247344117,22.202410717328835,8.010000000000002,-0.7959777734201118,-0.1875940729120298,0.0
10.9,uav_04,1,-10.229785720156471,36.7891939082909,8.010000000000002,-0.7952140951443732,-0.1913035237860933,0.0
10.9,uav_05,1,-10.243264001653086,51.15753053670498,8.010000000000002,-0.7705639424238615,-0.18764098560596537,0.0
10.9,uav_06,1,-10.223951442691076,65.75406067589934,8.010000000000002,-0.8072152175449083,-0.19349006215568812,0.0
11.0,uav_01,1,-10.15455205888195,-6.746181807715719,8.010000000000002,-0.898497630346614,-0.21569157856818894,0.0
11.0,uav_02,1,-10.202687301743396,7.830551042851591,8.010000000000002,-0.8245568777948967,-0.1978818340786391,0.0
11.0,uav_03,1,-10.310851272325277,22.176545792970693,8.010000000000002,-0.6645892847258487,-0.15546428549463304,0.0
11.0,uav_04,1,-10.299543212719115,36.76987571250076,8.010000000000002,-0.6906524168744543,-0.16021747229148478,0.0
11.0,uav_05,1,-10.316134432664727,51.1467421683958,8.010000000000002,-0.6563703165307975,-0.15896294758022786,0.0
11.0,uav_06,1,-10.290706215129385,65.73872185330417,8.010000000000002,-0.7103551443753666,-0.16581575553581906,0.0
11.1,uav_01,1,-10.250629646516845,-6.771587625750125,8.010000000000002,-0.721475787942139,-0.17270018539815038,0.0
11.1,uav_02,1,-10.278001204700052,7.80891913291861,8.010000000000002,-0.6670543026663244,-0.1560669217542959,0.0
11.1,uav_03,1,-10.387892263065407,22.160007264030817,8.010000000000002,-0.4887180300947228,-0.1121795075236807,0.0
11.1,uav_04,1,-10.363846226592134,36.75371892152065,8.010000000000002,-0.558539093118833,-0.12213477327970826,0.0
11.1,uav_05,1,-10.387135841413466,51.12394885288212,8.010000000000002,-0.5005531846456492,-0.11459810684601368,0.0
11.1,uav_06,1,-10.365768334062063,65.72296930258494,8.010000000000002,-0.5689287493452804,-0.12739499984594835,0.0
11.2,uav_01,1,-10.309145286286867,-6.781726162148449,8.010000000000002,-0.5462864787109053,-0.12322470820311582,0.0
11.2,uav_02,1,-10.349084734551269,7.789387169423419,8.010000000000002,-0.4629466290159749,-0.10084189400456425,0.0
11.2,uav_03,1,-10.426143583995673,22.149473599637297,8.010000000000002,-0.30980668147442286,-0.06521228459853234,0.0
11.2,uav_04,1,-10.416962862549354,36.7430632603284,8.010000000000002,-0.3925031829775582,-0.07960610078356796,0.0
11.2,uav_05,1,-10.43508122937288,51.112179219588555,8.010000000000002,-0.3077424460873655,-0.06151117002299092,0.0
11.2,uav_06,1,-10.401215219365385,65.7066794265099,8.010000000000002,-0.44402041002264725,-0.09800480235826996,0.0
11.3,uav_01,1,-10.354465139829117,-6.792910592060561,8.010000000000002,-0.33440749197556785,-0.06268785485016226,-0.007885357524972957
11.3,uav_02,1,-10.39011574431003,7.781841463157652,8.010000000000002,-0.2662280074678965,-0.04584947564944644,0.0
11.3,uav_03,1,-10.457653992792041,22.137791429732598,8.010000000000002,-0.11907146557514212,-0.012519851548650596,0.0
11.3,uav_04,1,-10.448243173436957,36.73327195263035,8.010000000000002,-0.2275926500573949,-0.0354424027937208,0.0
11.3,uav_05,1,-10.46119726359672,51.102975990632174,8.010000000000002,-0.13271684491415828,-0.01567921122853957,0.0
11.3,uav_06,1,-10.440863395936102,65.7022426669925,8.010000000000002,-0.2623413415528339,-0.043370949964052816,0.0
11.4,uav_01,1,-10.384113624607355,-6.803483529885295,8.010000000000002,-0.14895908962751006,-0.012883970954607908,-0.002576794190921582
11.4,uav_02,1,-10.41376377412258,7.77851641086739,8.010000000000002,-0.08200752024513133,0.001998119938717166,0.0
11.4,uav_03,1,-10.466525701443874,22.13723276632828,8.010000000000002,0.005243159035733733,0.020731509076195663,0.0
11.4,uav_04,1,-10.468761406843086,36.725414198703334,8.010000000000002,-0.053047725373572135,0.008803551492455226,0.0
11.4,uav_05,1,-10.478212488900708,51.102975990632174,8.010000000000002,0.00836207375410214,0.019590518438525533,0.0
11.4,uav_06,1,-10.463780380199834,65.69401875701496,8.010000000000002,-0.08646177585955056,-0.007743629309925094,0.0
11.5,uav_01,1,-10.398930277411111,-6.806339969217397,8.010000000000002,0.029639374835897958,0.022877536735746697,0.0
11.5,uav_02,1,-10.417761087186513,7.773923924278734,8.010000000000002,0.07857898631869364,0.04143034972204557,0.0
11.5,uav_03,1,-10.461470245071748,22.13723276632828,8.010000000000002,0.14579356007237018,0.05267004858693647,0.0
11.5,uav_04,1,-10.466339324671642,36.72819691291938,8.010000000000002,0.1026748748651106,0.04004114702708485,0.0
11.5,uav_05,1,-10.467736201075716,51.10415384272799,8.010000000000002,0.16381302681832036,0.054250162097944726,0.0
11.5,uav_06,1,-10.468761406843086,65.69115742300723,8.010000000000002,0.08654899478214723,0.039546560869421016,0.0
11.6,uav_01,1,-10.394219484821882,-6.806339969217397,8.010000000000002,0.18610398725012472,0.06628249601566398,0.0
11.6,uav_02,1,-10.404080867131826,7.781841463157652,8.010000000000002,0.24925198184500263,0.08407199481285789,0.0
11.6,uav_03,1,-10.4455649728019,22.1450152585486,8.010000000000002,0.2712676305583489,0.08808234786410735,0.0
11.6,uav_04,1,-10.453733496846063,36.73649944308244,8.010000000000002,0.2690262504423836,0.07836276795193936,0.0
11.6,uav_05,1,-10.455442456294897,51.114061234617445,8.010000000000002,0.29394794314611267,0.09253598966292957,0.0
11.6,uav_06,1,-10.455506864046788,65.6987714505514,8.010000000000002,0.22989784335713243,0.0774744608392831,0.0
11.7,uav_01,1,-10.369307256446772,-6.797813217278168,8.010000000000002,0.33768777220123736,0.10307595118597944,0.0
11.7,uav_02,1,-10.375053247399434,7.786586144310339,8.010000000000002,0.38708195046917004,0.11856035463075819,0.0
11.7,uav_03,1,-10.418872266529224,22.156338533116827,8.010000000000002,0.38235314279134436,0.11447062855826887,0.0
11.7,uav_04,1,-10.429566672955634,36.73944315194446,8.010000000000002,0.3965552004209201,0.10796656012627603,0.0
11.7,uav_05,1,-10.426470675391313,51.11512287530884,8.010000000000002,0.3976616493427715,0.11191541233569287,0.0
11.7,uav_06,1,-10.4312257976193,65.7022426669925,8.010000000000002,0.36191098622299056,0.10890253528222858,0.0
11.8,uav_01,1,-10.334566203347803,-6.7871951534823625,8.010000000000002,0.4427054033869984,0.12454108067739969,0.0
11.8,uav_02,1,-10.333784967128771,7.798439357154953,8.010000000000002,0.4798377715033753,0.1349729619172292,0.0
11.8,uav_03,1,-10.384339263196956,22.16702339766368,8.010000000000002,0.45811892185042746,0.13374826338583642,0.0
11.8,uav_04,1,-10.388178589670202,36.75058155743627,8.010000000000002,0.4862208606975805,0.1354069535658602,0.0
11.8,uav_05,1,-10.390320782093992,51.12543407020938,8.010000000000002,0.4710377442408594,0.13051887212042973,0.0
11.8,uav_06,1,-10.398324347391114,65.70861727864818,8.010000000000002,0.4617548399828664,0.13150107555174811,0.0
11.9,uav_01,1,-10.294179459379516,-6.77559513853671,8.010000000000002,0.5086745750615373,0.14546983002461494,0.007734915012307477
11.9,uav_02,1,-10.29162337255937,7.809241710943819,8.010000000000002,0.5194355329353737,0.14471776646768683,0.004717766467686822
11.9,uav_03,1,-10.345205337240516,22.176708559228135,8.010000000000002,0.4968333505612814,0.1456111168537605,0.0
11.9,uav_04,1,-10.347934685163827,36.75982874786222,8.010000000000002,0.5320907367952825,0.15104536839764124,0.0
11.9,uav_05,1,-10.341823855359026,51.1365776293529,8.010000000000002,0.5103120418257803,0.15,0.0
11.9,uav_06,1,-10.35280658761137,65.72670891884773,8.010000000000002,0.5301775208020083,0.1520710083208033,0.0
12.0,uav_01,1,-10.249833573172404,-6.764903219554075,8.010000000000002,0.5273800961350517,0.15,0.01
12.0,uav_02,1,-10.242390584095398,7.8205543552713666,8.010000000000002,0.53,0.15,0.0050770960173741235
12.0,uav_03,1,-10.302279602150332,22.18657197721927,8.010000000000002,0.51,0.15,0.0
12.0,uav_04,1,-10.296600795301616,36.77287018379422,8.010000000000002,0.55,0.16,0.0014050245159705616
12.0,uav_05,1,-10.300556612605655,51.146059961027134,8.010000000000002,0.5188660544274173,0.15,0.0
12.0,uav_06,1,-10.308921511617879,65.7411875133311,8.010000000000002,0.55,0.16,0.0051321499107782635
12.1,uav_01,1,-10.203895808262404,-6.755622916506778,8.010000000000002,0.5242481414062754,0.1557518585937246,0.01
12.1,uav_02,1,-10.189470637127812,7.832714229726233,8.010000000000002,0.5182153438306557,0.15,0.0
12.1,uav_03,1,-10.26030397119662,22.19621708151018,8.010000000000002,0.503580486000409,0.15,0.0
12.1,uav_04,1,-10.25111839929067,36.79028832415957,8.010000000000002,0.55,0.16,0.00926147768879588
12.1,uav_05,1,-10.261749978594178,51.15825972479806,8.010000000000002,0.5051928062257104,0.15,0.0
12.1,uav_06,1,-10.264448959598809,65.75060257158317,8.010000000000002,0.5427490503039327,0.16,0.006374525151966347
12.2,uav_01,1,-10.155153539321821,-6.743977584037182,8.010000000000002,0.4949715429443585,0.14748577147217928,0.01
12.2,uav_02,1,-10.140980454561292,7.850444793842957,8.010000000000002,0.46839524872545313,0.14405646410363615,0.0
12.2,uav_03,1,-10.222864248162148,22.20481993114418,8.010000000000002,0.484177669203512,0.14902961153391867,0.0
12.2,uav_04,1,-10.209992094857707,36.8003932075555,8.010000000000002,0.5194457133262437,0.1523614283315609,0.0023614283315609268
12.2,uav_05,1,-10.21915042110787,51.17270255196399,8.010000000000002,0.4812989848962049,0.14709966163206828,0.0
12.2,uav_06,1,-10.214394601135888,65.7606907319154,8.010000000000002,0.513643968007088,0.154547989335696,0.0
12.3,uav_01,1,-10.102153912647134,-6.73096958447927,8.010000000000002,0.40008368107924663,0.12401673621584933,0.0020083681079246657
12.3,uav_02,1,-10.097067259080095,7.866430205312136,8.010000000000002,0.3706173546792501,0.12107746036706821,0.0
12.3,uav_03,1,-10.185780156384443,22.213341064302217,8.010000000000002,0.43805617904979893,0.14134269650829984,0.0
12.3,uav_04,1,-10.169563665492566,36.80968279795517,8.010000000000002,0.46185030364626883,0.13796257591156721,0.0
12.3,uav_05,1,-10.17213292843007,51.18817460970096,8.010000000000002,0.39828084972329025,0.12628463327184228,0.0
12.3,uav_06,1,-10.175030635729316,65.76998113074927,8.010000000000002,0.45893124745076536,0.13778624949015308,0.0
12.4,uav_01,1,-10.066459273637108,-6.71878402390091,8.010000000000002,0.2721892692992617,0.09304731732481542,0.0
12.4,uav_02,1,-10.061472083540139,7.87052341700901,8.010000000000002,0.24151404131939103,0.080504680439797,0.0
12.4,uav_03,1,-10.144446444326215,22.224840967380405,8.010000000000002,0.34871769282295173,0.11290589760765057,0.0
12.4,uav_04,1,-10.136369304560134,36.81945282092976,8.010000000000002,0.3768452405089147,0.1155032474115222,0.0
12.4,uav_05,1,-10.13909620870473,51.19766352632225,8.010000000000002,0.31040600462499834,0.10374709217045408,0.0
12.4,uav_06,1,-10.14385184310799,65.77893640736256,8.010000000000002,0.3781456886752282,0.12162913773504563,0.0
12.5,uav_01,1,-10.04458013041014,-6.706778627478351,8.010000000000002,0.14222843792389955,0.05074281264129985,0.0
12.5,uav_02,1,-10.037945681577103,7.8796713192741485,8.010000000000002,0.11097211804496517,0.04524302951124129,0.0
12.5,uav_03,1,-10.116573722041025,22.235157311395625,8.010000000000002,0.24828483351487185,0.08498677277678324,0.0
12.5,uav_04,1,-10.111373872163805,36.82518139693379,8.010000000000002,0.27839024605500345,0.08959756151375087,0.0
12.5,uav_05,1,-10.114520466740812,51.20274318886264,8.010000000000002,0.22072309829758316,0.07928811771752267,0.0
12.5,uav_06,1,-10.116356879922963,65.78916501089657,8.010000000000002,0.26904813585629467,0.08634937861876489,0.0
12.6,uav_01,1,-10.024924517986852,-6.706572770986933,8.010000000000002,0.03438138074745131,0.028467649294759447,0.0
12.6,uav_02,1,-10.027069031607612,7.881608661388114,8.010000000000002,0.020003490322656886,0.016667830107552295,0.0
12.6,uav_03,1,-10.099141908987328,22.23699996455875,8.010000000000002,0.15806082112567832,0.06038022394336681,0.0
12.6,uav_04,1,-10.08999184885877,36.82660204109248,8.010000000000002,0.18205811478625683,0.06487374708178767,0.0
12.6,uav_05,1,-10.099119728259742,51.20274318886264,8.010000000000002,0.1344858065381634,0.055345741961449015,0.0
12.6,uav_06,1,-10.089901487156197,65.79092462123768,8.010000000000002,0.16692514227499897,0.05734322062045426,0.0
12.7,uav_01,1,-10.026294730228267,-6.706572770986933,8.010000000000002,-0.08562122149511467,-0.004260333135031273,0.0
12.7,uav_02,1,-10.024924517986852,7.881608661388114,8.010000000000002,-0.08090060460247162,-0.006180120920494322,0.0
12.7,uav_03,1,-10.08794278701718,22.242195406699782,8.010000000000002,0.06375829385420376,0.03125276461806792,0.0
12.7,uav_04,1,-10.07555944007173,36.8348926900893,8.010000000000002,0.07735218139763839,0.03495776611361097,0.0
12.7,uav_05,1,-10.085023233961191,51.20274318886264,8.010000000000002,0.0614365859713797,0.03343097579141391,0.0
12.7,uav_06,1,-10.07699549532562,65.79761208896146,8.010000000000002,0.06157404877656032,0.03190170356382161,0.0
12.8,uav_01,1,-10.03536098067208,-6.707477909556117,8.010000000000002,-0.18734873029773189,-0.032449576765910634,0.0
12.8,uav_02,1,-10.031628417802839,7.881608661388114,8.010000000000002,-0.16948034680734717,-0.030844104042204147,0.0
12.8,uav_03,1,-10.082816286813918,22.24808520893785,8.010000000000002,-0.03590122488572806,0.0010246937785679845,0.0
12.8,uav_04,1,-10.073167657990497,36.836266641312896,8.010000000000002,-0.01176627789357991,0.012058430526605022,0.0
12.8,uav_05,1,-10.082816286813918,51.20963715753068,8.010000000000002,-0.01840955007318293,0.011342849980041016,0.0
12.8,uav_06,1,-10.073167657990497,65.80200986522297,8.010000000000002,-0.03603222225254018,0.008491944436864955,0.0
12.9,uav_01,1,-10.044277093637747,-6.7176792007192665,8.010000000000002,-0.2701146678589468,-0.06003822261964892,0.0
12.9,uav_02,1,-10.047802916383395,7.874008863681038,8.010000000000002,-0.26170200405560684,-0.05371155645680152,0.0
12.9,uav_03,1,-10.08412917861713,22.24657683621293,8.010000000000002,-0.1322463285968583,-0.0240821095322861,0.0
12.9,uav_04,1,-10.073167657990497,36.836266641312896,8.010000000000002,-0.11563265521011011,-0.017117740064649264,0.0
12.9,uav_05,1,-10.087125975645268,51.208877059978306,8.010000000000002,-0.10913297500537958,-0.013399902274194426,0.0
12.9,uav_06,1,-10.074469519440793,65.80051416546338,8.010000000000002,-0.12349270942141886,-0.015397083768567547,0.0
13.0,uav_01,1,-10.07214579627141,-6.728351922656201,8.010000000000002,-0.3278818507072918,-0.07929395023576394,0.0
13.0,uav_02,1,-10.07257334660016,7.86336085464177,8.010000000000002,-0.32230674208322635,-0.07938404524993581,0.0
13.0,uav_03,1,-10.09216411052058,22.237345555996153,8.010000000000002,-0.20719417738547657,-0.04906472579515886,0.0
13.0,uav_04,1,-10.079668553647972,36.83253222352746,8.010000000000002,-0.2135817304554588,-0.05010645590948235,0.0
13.0,uav_05,1,-10.095530298127189,51.20274318886264,8.010000000000002,-0.19223910823913132,-0.039531046388199126,0.0
13.0,uav_06,1,-10.082337986317839,65.79147413742224,8.010000000000002,-0.20504281380461026,-0.0480171255218441,0.0
13.1,uav_01,1,-10.101683990870857,-6.739664001027251,8.010000000000002,-0.3398516020959542,-0.09970320419190842,0.0
13.1,uav_02,1,-10.099905023114166,7.852893794562232,8.010000000000002,-0.34,-0.09590368442741437,0.0
13.1,uav_03,1,-10.11174450458226,22.225924868331106,8.010000000000002,-0.2599542267580356,-0.06998169070321425,0.0
13.1,uav_04,1,-10.095821344906696,36.823253306637525,8.010000000000002,-0.26521799149976183,-0.07173933049992061,0.0
13.1,uav_05,1,-10.104753060547168,51.20122692609235,8.010000000000002,-0.2441034623642895,-0.062735641576193,0.0
13.1,uav_06,1,-10.102621466086205,65.79063284578203,8.010000000000002,-0.27,-0.07052642133212371,0.0
13.2,uav_01,1,-10.119496404028514,-6.749814030893578,8.010000000000002,-0.3129761650127076,-0.1,0.0
13.2,uav_02,1,-10.121772074425262,7.842602772810376,8.010000000000002,-0.32443835163862755,-0.1,0.0
13.2,uav_03,1,-10.129960274579217,22.22591472017964,8.010000000000002,-0.2694304100942398,-0.08886082018847954,0.0
13.2,uav_04,1,-10.11376976309527,36.81294289811528,8.010000000000002,-0.2868789461184832,-0.08104035129383894,0.0
13.2,uav_05,1,-10.122568916125934,51.190992667392976,8.010000000000002,-0.26939985347386003,-0.08060014652614,0.0
13.2,uav_06,1,-10.120372370109223,65.7804358982868,8.010000000000002,-0.27,-0.0889237559266597,0.0
13.3,uav_01,1,-10.15058417065567,-6.762260352591542,8.010000000000002,-0.25858536002743177,-0.1,0.0
13.3,uav_02,1,-10.141056399653035,7.83152495642451,8.010000000000002,-0.28409742244447567,-0.1,0.0
13.3,uav_03,1,-10.145842851634583,22.217422430895734,8.010000000000002,-0.239356419055142,-0.09,0.0
13.3,uav_04,1,-10.131935565809803,36.80250761341748,8.010000000000002,-0.2581839095838843,-0.09,0.0
13.3,uav_05,1,-10.141185106900567,51.180298658824675,8.010000000000002,-0.2587639366345203,-0.09,0.0
13.3,uav_06,1,-10.138455988963749,65.7700478238685,8.010000000000002,-0.243501117372196,-0.09,0.0
13.4,uav_01,1,-10.158531937611835,-6.771391488278243,8.010000000000002,-0.2091621698418651,-0.1,0.0
13.4,uav_02,1,-10.162337412416454,7.819300149570633,8.010000000000002,-0.22274890941015632,-0.09379148490169271,0.0
13.4,uav_03,1,-10.156047030898781,22.20829187252235,8.010000000000002,-0.20051213555408495,-0.09,0.0
13.4,uav_04,1,-10.147490630029559,36.79357205812417,8.010000000000002,-0.22594084849212104,-0.09,0.0
13.4,uav_05,1,-10.157070446414469,51.171173378951465,8.010000000000002,-0.21760435600047287,-0.09,0.0
13.4,uav_06,1,-10.157046213314377,65.7593687319494,8.010000000000002,-0.19766714497872506,-0.09,0.0
13.5,uav_01,1,-10.167585545474596,-6.781793118338765,8.010000000000002,-0.14500601793777126,-0.09214371684825304,0.0
13.5,uav_02,1,-10.175837812299452,7.8079925845518865,8.010000000000002,-0.15513650602190965,-0.09,0.0
13.5,uav_03,1,-10.164006641640743,22.199147128936985,8.010000000000002,-0.1509706714192273,-0.09,0.0
13.5,uav_04,1,-10.156115771185746,36.78530908550271,8.010000000000002,-0.17821828470834283,-0.09,0.0
13.5,uav_05,1,-10.166223149992268,51.16234382142932,8.010000000000002,-0.17777863236244773,-0.09,0.0
13.5,uav_06,1,-10.168863765198648,65.74749146842726,8.010000000000002,-0.1257326387834498,-0.09,0.0
13.6,uav_01,1,-10.17568825804024,-6.784169480853014,8.010000000000002,-0.0924755797768643,-0.08374592996281072,0.0
13.6,uav_02,1,-10.185022925306049,7.797439869658435,8.010000000000002,-0.09442794472186761,-0.08407132412031126,0.0
13.6,uav_03,1,-10.16965393799779,22.190000979471165,8.010000000000002,-0.09561326407328644,-0.08760221067888108,0.0
13.6,uav_04,1,-10.163596292512775,36.77671476473072,8.010000000000002,-0.12394772065236966,-0.08627824580748138,0.0
13.6,uav_05,1,-10.174939496463482,51.15232966937734,8.010000000000002,-0.1216537127326974,-0.08452195896181391,0.0
13.6,uav_06,1,-10.16965393799779,65.73803576244418,8.010000000000002,-0.0737337308304104,-0.08228895513840173,0.0
13.7,uav_01,1,-10.17930256682121,-6.79091052056149,8.010000000000002,-0.02743235058966155,-0.08,0.0
13.7,uav_02,1,-10.18895119427348,7.787775323958043,8.010000000000002,-0.037470554714196476,-0.07535293638774236,0.0
13.7,uav_03,1,-10.16965393799779,22.180678970646543,8.010000000000002,-0.045156952212871415,-0.0791928253688119,0.0
13.7,uav_04,1,-10.16965393799779,36.76975517582592,8.010000000000002,-0.06922765702490927,-0.08,0.0
13.7,uav_05,1,-10.17930256682121,51.14731696736094,8.010000000000002,-0.053086699082484326,-0.07472667129749777,0.0
13.7,uav_06,1,-10.16965393799779,65.72677143111817,8.010000000000002,-0.012764403041996407,-0.08,0.0
13.8,uav_01,1,-10.17930256682121,-6.802049743872283,8.010000000000002,0.030648936557500225,-0.07387021268849996,0.0
13.8,uav_02,1,-10.18895119427348,7.781841463157652,8.010000000000002,0.01421139204334363,-0.07,0.0
13.8,uav_03,1,-10.169283573720929,22.17006298999925,8.010000000000002,0.01230311064673472,-0.07,0.0
13.8,uav_04,1,-10.16965393799779,36.76975517582592,8.010000000000002,-0.024800127951611517,-0.08,0.0
13.8,uav_05,1,-10.17472345897363,51.14205606152092,8.010000000000002,0.0037293191156092566,-0.07,0.0
13.8,uav_06,1,-10.163580040845288,65.71743489541242,8.010000000000002,0.037770535856326413,-0.07370491069061227,0.0
13.9,uav_01,1,-10.174672795074947,-6.81165908265476,8.010000000000002,0.08358860913497743,-0.07,0.0
13.9,uav_02,1,-10.187848683521953,7.780574795834061,8.010000000000002,0.05914128569670576,-0.06885733928791178,0.0
13.9,uav_03,1,-10.159129493626681,22.159403254692666,8.010000000000002,0.07635397893741677,-0.06909228872322619,0.0
13.9,uav_04,1,-10.160401812714735,36.75912547017129,8.010000000000002,0.02794529236841074,-0.08,0.0
13.9,uav_05,1,-10.165050261487936,51.13094258982723,8.010000000000002,0.06339929511052605,-0.0652286721270677,0.0
13.9,uav_06,1,-10.154119651766841,65.70656591781918,8.010000000000002,0.09659997012877881,-0.07,0.0
14.0,uav_01,1,-10.16340071910837,-6.821017354162613,8.010000000000002,0.14592376366913243,-0.06675952954135846,0.0
14.0,uav_02,1,-10.178198571717527,7.7701220325031475,8.010000000000002,0.13400469663426645,-0.06,0.0
14.0,uav_03,1,-10.14587775727029,22.156830351417792,8.010000000000002,0.15624711458587523,-0.06,0.0
14.0,uav_04,1,-10.152349364908382,36.74987406761177,8.010000000000002,0.07760849926296522,-0.07206525012283914,0.0
14.0,uav_05,1,-10.15455573658656,51.11888550034325,8.010000000000002,0.1338881766022565,-0.06,0.0
14.0,uav_06,1,-10.138572190679401,65.7022426669925,8.010000000000002,0.16274775749555553,-0.06389317750063493,0.0
14.1,uav_01,1,-10.142851959660923,-6.831384499322128,8.010000000000002,0.2207413866004871,-0.05740732667493911,0.0
14.1,uav_02,1,-10.160420586502282,7.759909528670365,8.010000000000002,0.19849360362127097,-0.06,0.0
14.1,uav_03,1,-10.124671508555615,22.144648492409253,8.010000000000002,0.23317190962011733,-0.056689727197126095,0.0
14.1,uav_04,1,-10.142433404507111,36.73848168657918,8.010000000000002,0.14748272568228835,-0.07,0.0
14.1,uav_05,1,-10.13788158427931,51.1068949563267,8.010000000000002,0.21171760441371654,-0.06,0.0
14.1,uav_06,1,-10.119697551402808,65.69571587586202,8.010000000000002,0.23710255282900944,-0.06,0.0
14.2,uav_01,1,-10.113567193365757,-6.8425995236764665,8.010000000000002,0.3043877306766467,-0.04458050429407852,0.0
14.2,uav_02,1,-10.13910498625837,7.751666893642971,8.010000000000002,0.25776385888530584,-0.05277951763933677,0.0
14.2,uav_03,1,-10.095212300226232,22.132479257480433,8.010000000000002,0.31859326702014995,-0.045711859219983345,0.0
14.2,uav_04,1,-10.125523658232009,36.727776817522425,8.010000000000002,0.21508076938309598,-0.06213131865955772,0.0
14.2,uav_05,1,-10.112838411124002,51.102975990632174,8.010000000000002,0.28406398678714573,-0.05370514474469347,0.0
14.2,uav_06,1,-10.088459672329222,65.68446440189477,8.010000000000002,0.31830219981482155,-0.053962225023147306,0.0
14.3,uav_01,1,-10.08639893530581,-6.850680946339989,8.010000000000002,0.38414548520873887,-0.026856558842502477,-0.001571720578748762
14.3,uav_02,1,-10.111427431983678,7.741067374708755,8.010000000000002,0.3410407845191174,-0.036435381217973906,0.0
14.3,uav_03,1,-10.054032236328574,22.12614752194918,8.010000000000002,0.40966454378497674,-0.03008386405375582,-0.004958067973122089
14.3,uav_04,1,-10.097231747339139,36.71615448224892,8.010000000000002,0.29682553106962917,-0.051646808616296364,0.0
14.3,uav_05,1,-10.077259718989422,51.09583739267404,8.010000000000002,0.3679575690223814,-0.03712054021724859,0.0
14.3,uav_06,1,-10.047698251533179,65.67275677091583,8.010000000000002,0.409393069885451,-0.03680154002545533,-0.006599229987272335
14.4,uav_01,1,-10.043192461802498,-6.850680946339989,8.010000000000002,0.47992023305355835,-0.003359922315480563,-0.01
14.4,uav_02,1,-10.072755896272287,7.737500486035057,8.010000000000002,0.438460203520053,-0.007179932159982333,-0.00760668928000589
14.4,uav_03,1,-10.007577839461632,22.11994457675956,8.010000000000002,0.5003610987549814,-0.008808644721115269,-0.01
14.4,uav_04,1,-10.062953034525743,36.71432895471805,8.010000000000002,0.37881986585798155,-0.034706696476004106,0.0
14.4,uav_05,1,-10.033126445668628,51.08490717862943,8.010000000000002,0.4566988931080661,-0.017400245975985308,-0.006299877012007347
14.4,uav_06,1,-10.005857367128632,65.668986934249,8.010000000000002,0.49357072627835996,-0.012143091240546678,-0.01
14.5,uav_01,1,-9.989467065101543,-6.850680946339989,8.010000000000002,0.575123048730087,0.028374349576695664,-0.01
14.5,uav_02,1,-10.028748730793197,7.737500486035057,8.010000000000002,0.5140547825788664,0.012012173906414738,-0.01
14.5,uav_03,1,-9.947999216053029,22.1150622779639,8.010000000000002,0.599590010739387,0.019863336913128995,-0.01
14.5,uav_04,1,-10.021386158904406,36.70686476872194,8.010000000000002,0.46060098602029814,-0.016533114217711524,-0.006733442891144239
14.5,uav_05,1,-9.983755589573521,51.08080550187396,8.010000000000002,0.5488027041001324,0.009600901366710825,-0.01
14.5,uav_06,1,-9.950990273191435,65.668986934249,8.010000000000002,0.5849400379662888,0.01831334598876294,-0.01
14.6,uav_01,1,-9.926557602307232,-6.850680946339989,8.010000000000002,0.665084711508566,0.062542355754283,-0.006864411061429249
14.6,uav_02,1,-9.974041176192749,7.737500486035057,8.010000000000002,0.5991045242110128,0.03636817473700424,-0.01
14.6,uav_03,1,-9.878487651019249,22.1150622779639,8.010000000000002,0.68916528739775,0.05958264369887498,-0.01
14.6,uav_04,1,-9.976389029576652,36.703243710338946,8.010000000000002,0.5445453901198611,0.008181796706620373,-0.01
14.6,uav_05,1,-9.918067563182712,51.08080550187396,8.010000000000002,0.6452478680035327,0.04174928933451093,-0.01
14.6,uav_06,1,-9.894484108085772,65.668986934249,8.010000000000002,0.6669208394654027,0.05346041973270135,-0.01
14.7,uav_01,1,-9.857563411103294,-6.847430772116899,8.010000000000002,0.7434558597857578,0.09879594741965919,0.0
14.7,uav_02,1,-9.914144378846919,7.737500486035057,8.010000000000002,0.6922215929483954,0.07320959686595349,-0.004197600783511627
14.7,uav_03,1,-9.79596891154014,22.12438682953525,8.010000000000002,0.7772934332071383,0.09523503745267686,-0.0015883208491077137
14.7,uav_04,1,-9.92316015596393,36.703243710338946,8.010000000000002,0.6272937237850253,0.037735146419384503,-0.01
14.7,uav_05,1,-9.844071403577988,51.089901610510914,8.010000000000002,0.7356448036750066,0.08282240183750332,-0.01
14.7,uav_06,1,-9.82318627910637,65.67578841009521,8.010000000000002,0.7490848960192077,0.08840683600720288,-0.003864387997599043
14.8,uav_01,1,-9.77572843224062,-6.836113579766482,8.010000000000002,0.8251297820801552,0.12314122276001939,0.0
14.8,uav_02,1,-9.836027421370204,7.745229135177419,8.010000000000002,0.7857761209625925,0.11091604536097219,0.0
14.8,uav_03,1,-9.725295254933078,22.12614752194918,8.010000000000002,0.8505407962676388,0.11513519906690971,0.0
14.8,uav_04,1,-9.84527537289648,36.703243710338946,8.010000000000002,0.7232153122217214,0.07809569432076507,-0.002976076419808733
14.8,uav_05,1,-9.760184810552383,51.09189074625307,8.010000000000002,0.8243806750499529,0.10859516876248823,-0.000702415618755883
14.8,uav_06,1,-9.738105852200936,65.68007217862811,8.010000000000002,0.8372636787448661,0.11431591968621652,0.0
14.9,uav_01,1,-9.688720589125202,-6.82851045758178,8.010000000000002,0.9052865725928675,0.13316082157410844,0.0
14.9,uav_02,1,-9.75989567528504,7.748585730414163,8.010000000000002,0.8586047467744322,0.13215118669360804,0.0
14.9,uav_03,1,-9.636472541800183,22.135089390891526,8.010000000000002,0.9345316865306423,0.13613292163266058,0.0
14.9,uav_04,1,-9.758444585111707,36.71241457102836,8.010000000000002,0.8161842743436537,0.10654606858591345,0.0
14.9,uav_05,1,-9.66655805636792,51.10315052351951,8.010000000000002,0.9111021229780448,0.1301574461397207,0.0
14.9,uav_06,1,-9.64547072379074,65.6890970800987,8.010000000000002,0.9251309157430302,0.12814136446787877,0.0
15.0,uav_01,1,-9.595369201476867,-6.824608635855662,8.010000000000002,0.988158670977742,0.13648016612778224,0.0
15.0,uav_02,1,-9.676484792924438,7.754883230402349,8.010000000000002,0.9354478026668053,0.14,0.0
15.0,uav_03,1,-9.532473462451632,22.14725211319746,8.010000000000002,1.0223076300460223,0.14,0.0
15.0,uav_04,1,-9.677886170620917,36.72398369888847,8.010000000000002,0.8996763674898516,0.1274190918724629,0.0
15.0,uav_05,1,-9.570891225633094,51.11512619642693,8.010000000000002,0.987685617190315,0.13903929785121064,0.0
15.0,uav_06,1,-9.540153224114931,65.70140297133257,8.010000000000002,1.0139400835124672,0.13924251043905841,0.0
15.1,uav_01,1,-9.496257533774921,-6.81360389462018,8.010000000000002,1.0710249098808435,0.13,0.0034472122089826253
15.1,uav_02,1,-9.58333889330959,7.76606347489009,8.010000000000002,1.016133401161481,0.14,0.0
15.1,uav_03,1,-9.418675249093598,22.15923464977069,8.010000000000002,1.1087832118286072,0.13015209852142412,0.00984790147857588
15.1,uav_04,1,-9.573550015913431,36.736256909910374,8.010000000000002,0.9784684756182391,0.13,0.0
15.1,uav_05,1,-9.453376475067493,51.127400006671,8.010000000000002,1.0762632602214353,0.1279670924723206,0.002032907527679396
15.1,uav_06,1,-9.423428996085246,65.71364199814812,8.010000000000002,1.1022667016858037,0.1294333245785491,0.01
15.2,uav_01,1,-9.376010647980586,-6.801485997119798,8.010000000000002,1.160651380809646,0.12124246262581541,0.01
15.2,uav_02,1,-9.479734149604985,7.777311069605122,8.010000000000002,1.0973050523914891,0.13408686845106388,0.005913131548936134
15.2,uav_03,1,-9.30701949794974,22.16993874582116,8.010000000000002,1.186032540326149,0.11099186491846277,0.01
15.2,uav_04,1,-9.482464006000425,36.73649944308244,8.010000000000002,1.0537721419460218,0.13,0.0
15.2,uav_05,1,-9.33732044694178,51.13623172337566,8.010000000000002,1.161762932388994,0.11727963345137575,0.007279633451375747
15.2,uav_06,1,-9.317838722455354,65.72375132823788,8.010000000000002,1.1752237227060103,0.11119406932349743,0.01
15.3,uav_01,1,-9.245526807109787,-6.7952547248382915,8.010000000000002,1.2417113027191513,0.09957217432021219,0.004786087160106094
15.3,uav_02,1,-9.358154802525874,7.789328744175325,8.010000000000002,1.1840342152982246,0.11649144617544385,0.0032457230877219294
15.3,uav_03,1,-9.187107929473937,22.17048849907177,8.010000000000002,1.2688847815516948,0.10013940230603816,0.00013940230603815516
15.3,uav_04,1,-9.35761655356908,36.74773333802004,8.010000000000002,1.1410727815008512,0.11973180462478719,0.009865902312393596
15.3,uav_05,1,-9.210265783163658,51.14001144912424,8.010000000000002,1.2472775286035604,0.10318061784910987,0.0
15.3,uav_06,1,-9.197667674197254,65.72441315575071,8.010000000000002,1.2582552500654083,0.10021809374182399,0.00021809374182397805
15.4,uav_01,1,-9.110970960092516,-6.78866865696606,8.010000000000002,1.3275303412787596,0.0781174146803101,0.0
15.4,uav_02,1,-9.22484085344906,7.80138731845465,8.010000000000002,1.2710585454258436,0.09473536364353909,0.0
15.4,uav_03,1,-9.060138223741045,22.180775661744526,8.010000000000002,1.344240403339379,0.08143989916515523,0.0
15.4,uav_04,1,-9.233444790021437,36.75866993144682,8.010000000000002,1.2268685811690587,0.09828285470773532,0.0
15.4,uav_05,1,-9.073959609311178,51.14731696736094,8.010000000000002,1.3342129167144132,0.08144677082139666,0.0
15.4,uav_06,1,-9.057386131517584,65.73549839973599,8.010000000000002,1.3463865103030672,0.07817528277055225,0.0
15.5,uav_01,1,-8.9626966789333,-6.784169480853014,8.010000000000002,1.413819070776884,0.056545232305779,0.0
15.5,uav_02,1,-9.08389988704172,7.804011951522033,8.010000000000002,1.3558821249602957,0.07352946875992611,0.0
15.5,uav_03,1,-8.917573476311592,22.181573743450876,8.010000000000002,1.4286726869995638,0.06033182825010901,0.0
15.5,uav_04,1,-9.104407399237106,36.760573377883006,8.010000000000002,1.3137367936770323,0.07656580158074192,0.0
15.5,uav_05,1,-8.939530067986047,51.15211473670617,8.010000000000002,1.414624545431016,0.06134386364224599,0.0
15.5,uav_06,1,-8.915827380481192,65.73549839973599,8.010000000000002,1.4216921313291988,0.05740174859351135,0.0
15.6,uav_01,1,-8.821427561807493,-6.784169480853014,8.010000000000002,1.4919063689171688,0.04351170388535391,0.0
15.6,uav_02,1,-8.954367554884989,7.804011951522033,8.010000000000002,1.432596114982509,0.054350971254372764,0.0
15.6,uav_03,1,-8.781359662767828,22.181573743450876,8.010000000000002,1.504054125212543,0.041486468696864225,0.0
15.6,uav_04,1,-8.955510365083702,36.76975517582592,8.010000000000002,1.4004580126449984,0.054885496838750394,0.0
15.6,uav_05,1,-8.797180283877301,51.15840221174004,8.010000000000002,1.4933091880017313,0.04167270299956717,0.0
15.6,uav_06,1,-8.759194920586449,65.73549839973599,8.010000000000002,1.5159116978460772,0.03801103776924037,0.0
15.7,uav_01,1,-8.68060863386316,-6.7777073694005985,8.010000000000002,1.5724652421568266,0.034170528649241486,0.0
15.7,uav_02,1,-8.821606550818036,7.811929693290062,8.010000000000002,1.5071407647662003,0.042857404404224954,0.0
15.7,uav_03,1,-8.61541665823932,22.192658987436154,8.010000000000002,1.590394164214928,0.029950729473134003,0.0
15.7,uav_04,1,-8.799443813228633,36.76975517582592,8.010000000000002,1.4867246759637762,0.03665941550452796,0.0
15.7,uav_05,1,-8.641855634365793,51.15840221174004,8.010000000000002,1.5745580236390693,0.025680247045116348,0.0
15.7,uav_06,1,-8.59180988345324,65.73549839973599,8.010000000000002,1.6013195561246174,0.027335055484422836,0.0
15.8,uav_01,1,-8.5332100282814,-6.773084236473909,8.010000000000002,1.6504884375704485,0.024938945303693942,0.0
15.8,uav_02,1,-8.667586337717013,7.815097195901139,8.010000000000002,1.58838403360358,0.03270199579955251,0.0
15.8,uav_03,1,-8.479886207858637,22.192658987436154,8.010000000000002,1.6564958269195236,0.02168802163505955,0.0
15.8,uav_04,1,-8.637359770969898,36.76975517582592,8.010000000000002,1.5740476944211221,0.025744038197359743,0.0
15.8,uav_05,1,-8.47870669235403,51.15840221174004,8.010000000000002,1.6541299302119585,0.02,0.0
15.8,uav_06,1,-8.434492531995547,65.73549839973599,8.010000000000002,1.6780472470193797,0.02,0.0
15.9,uav_01,1,-8.372867672013937,-6.773084236473909,8.010000000000002,1.7238550630102023,0.015163562427113957,0.0
15.9,uav_02,1,-8.505671207016878,7.815097195901139,8.010000000000002,1.6686257062434084,0.022671786719573938,0.0
15.9,uav_03,1,-8.313785530048852,22.183304791534276,8.010000000000002,1.7375073704416442,0.01156157869479449,0.0
15.9,uav_04,1,-8.463253861952223,36.76975517582592,8.010000000000002,1.6616666703333298,0.014791666208333769,0.0
15.9,uav_05,1,-8.312074264617586,51.15840221174004,8.010000000000002,1.7354008217565824,0.01557489728042719,0.0
15.9,uav_06,1,-8.250917465991897,65.73549839973599,8.010000000000002,1.7627930417586242,0.016743851177339418,0.0
16.0,uav_01,1,-8.213180917435439,-6.777618770678831,8.010000000000002,1.792724829871826,0.01,0.0
16.0,uav_02,1,-8.327488546247457,7.815097195901139,8.010000000000002,1.7518893893794227,0.012263826327572145,0.0
16.0,uav_03,1,-8.156187714481108,22.181573743450876,8.010000000000002,1.800396383162529,0.01,0.0
16.0,uav_04,1,-8.282660721679203,36.76975517582592,8.010000000000002,1.7469828604870938,0.01,0.0
16.0,uav_05,1,-8.14649974568103,51.15840221174004,8.010000000000002,1.8083061417688069,0.01,0.0
16.0,uav_06,1,-8.05777851032213,65.73549839973599,8.010000000000002,1.8390253648098387,0.01,0.0
16.1,uav_01,1,-8.058517880484919,-6.784169480853014,8.010000000000002,1.8576904139209474,0.012527201988706766,0.0
16.1,uav_02,1,-8.162264147531406,7.815097195901139,8.010000000000002,1.8207470698218529,0.01,0.0
16.1,uav_03,1,-7.955071628976929,22.181573743450876,8.010000000000002,1.877190099010333,0.01,0.0
16.1,uav_04,1,-8.088478964311589,36.76975517582592,8.010000000000002,1.8267764567291904,0.01,0.0
16.1,uav_05,1,-7.94484687959681,51.15840221174004,8.010000000000002,1.883539579776359,0.01,0.0
16.1,uav_06,1,-7.857706568922349,65.73549839973599,8.010000000000002,1.9136493677605106,0.014807052537215815,0.0
16.2,uav_01,1,-7.874693645831966,-6.784169480853014,8.010000000000002,1.9245606078238273,0.02,0.0
16.2,uav_02,1,-7.971692374522575,7.8068938795547735,8.010000000000002,1.8918014871487974,0.017400212449828208,0.0
16.2,uav_03,1,-7.783077439613957,22.181573743450876,8.010000000000002,1.9428639752311343,0.017551996461590627,0.0
16.2,uav_04,1,-7.907627616116586,36.76975517582592,8.010000000000002,1.8958323306497813,0.016547475807111616,0.0
16.2,uav_05,1,-7.735957826224679,51.15840221174004,8.010000000000002,1.959313221795927,0.015616174542275305,0.0
16.2,uav_06,1,-7.663093160527739,65.73549839973599,8.010000000000002,1.977954758042195,0.024659126340365857,0.0
16.3,uav_01,1,-7.67899876897179,-6.784169480853014,8.010000000000002,1.9846733754496173,0.022445562574936233,0.0
16.3,uav_02,1,-7.783248391796401,7.804011951522033,8.010000000000002,1.9601587644209402,0.02,0.0
16.3,uav_03,1,-7.63071292918159,22.181573743450876,8.010000000000002,1.9918288765819654,0.02,0.0
16.3,uav_04,1,-7.681349093774922,36.76975517582592,8.010000000000002,1.9763069659357793,0.028043852276539903,0.0
16.3,uav_05,1,-7.556917255653437,51.15840221174004,8.010000000000002,2.019365242759776,0.024894207126629313,0.0
16.3,uav_06,1,-7.481925704960258,65.73549839973599,8.010000000000002,2.0316018982864437,0.03,0.0
16.4,uav_01,1,-7.512058628675685,-6.783410596812579,8.010000000000002,2.034107536186747,0.030684589364457848,0.0
16.4,uav_02,1,-7.582627289737204,7.812394493144159,8.010000000000002,2.0253713495279864,0.027561891587997725,0.0
16.4,uav_03,1,-7.4652884475415,22.181573743450876,8.010000000000002,2.040814222013337,0.02346903700222286,0.0
16.4,uav_04,1,-7.462515216680945,36.76975517582592,8.010000000000002,2.04571720021336,0.03,0.0
16.4,uav_05,1,-7.369367970388894,51.15840221174004,8.010000000000002,2.070968947599915,0.03,0.0
16.4,uav_06,1,-7.306844522714598,65.73549839973599,8.010000000000002,2.0834467769658196,0.03224112949430328,0.0
16.5,uav_01,1,-7.346023592196022,-6.774326951783024,8.010000000000002,2.0832736784145696,0.03887894640242827,0.0
16.5,uav_02,1,-7.3811090701255715,7.815097195901139,8.010000000000002,2.0763851582366235,0.037277031647324745,0.0
16.5,uav_03,1,-7.270969632195973,22.181573743450876,8.010000000000002,2.0975213796018513,0.032920229933641895,0.0
16.5,uav_04,1,-7.232328637549585,36.76975517582592,8.010000000000002,2.1011708817281787,0.040195146954696455,0.0
16.5,uav_05,1,-7.16500761979975,51.15840221174004,8.010000000000002,2.122927054485591,0.03382117574759848,0.0
16.5,uav_06,1,-7.114230028232269,65.73726686320896,8.010000000000002,2.137976655328855,0.04159533106577099,0.0
16.6,uav_01,1,-7.1869422145876305,-6.773084236473909,8.010000000000002,2.128545222883541,0.04,0.0
16.6,uav_02,1,-7.215994179169933,7.815097195901139,8.010000000000002,2.1217778685553292,0.04,0.0
16.6,uav_03,1,-7.086996431567027,22.18333317171855,8.010000000000002,2.1479359023130753,0.041587180462615045,0.0
16.6,uav_04,1,-7.003498014549237,36.76975517582592,8.010000000000002,2.164876620683571,0.05,0.0
16.6,uav_05,1,-6.990002304463646,51.15840221174004,8.010000000000002,2.1703282527220447,0.04206565054440888,0.0
16.6,uav_06,1,-6.910183280260404,65.74658364411509,8.010000000000002,2.1839500190723076,0.05,0.0
16.7,uav_01,1,-7.0039976457493855,-6.773084236473909,8.010000000000002,2.1741172401943456,0.044823448038869125,0.0
16.7,uav_02,1,-7.044123978806246,7.815097195901139,8.010000000000002,2.167250369548258,0.04345007390965155,0.0
16.7,uav_03,1,-6.929274916650944,22.19156977127438,8.010000000000002,2.1850870898140813,0.049017417962816306,0.0
16.7,uav_04,1,-6.795199429973236,36.77055614384408,8.010000000000002,2.2136127666236614,0.050722553324732265,0.0
16.7,uav_05,1,-6.818289967921928,51.15840221174004,8.010000000000002,2.2107103871213694,0.05,0.0
16.7,uav_06,1,-6.7327105686228075,65.74658364411509,8.010000000000002,2.2239360399608987,0.05,0.0
16.8,uav_01,1,-6.795972745833271,-6.773084236473909,8.010000000000002,2.2209869135072298,0.05,0.0
16.8,uav_02,1,-6.836338631012054,7.815097195901139,8.010000000000002,2.2140660699254466,0.05281321398508932,0.0
16.8,uav_03,1,-6.71877347632698,22.192658987436154,8.010000000000002,2.2327283524238455,0.05,0.0
16.8,uav_04,1,-6.544949252040294,36.780840420205024,8.010000000000002,2.2679792964408483,0.058404140711830324,0.0
16.8,uav_05,1,-6.624973949329552,51.15840221174004,8.010000000000002,2.25245121332137,0.05,0.0
16.8,uav_06,1,-6.5494803077206285,65.74658364411509,8.010000000000002,2.265219282950035,0.05,0.0
16.9,uav_01,1,-6.59273760071052,-6.773084236473909,8.010000000000002,2.266777416818988,0.05,0.0
16.9,uav_02,1,-6.6275816367353135,7.817455728213289,8.010000000000002,2.260638161106287,0.05787236777874259,0.0
16.9,uav_03,1,-6.50456197367991,22.192658987436154,8.010000000000002,2.2792839200502204,0.05,0.0
16.9,uav_04,1,-6.305445578615472,36.780840420205024,8.010000000000002,2.318788862332296,0.04780278441692609,0.0
16.9,uav_05,1,-6.4199351875479005,51.15840221174004,8.010000000000002,2.298319877848247,0.05,0.0
16.9,uav_06,1,-6.34173287513257,65.74658364411509,8.010000000000002,2.3106920056704148,0.05,0.0
17.0,uav_01,1,-6.393418178860698,-6.770601413754967,8.010000000000002,2.3089590184357904,0.0477602453910524,0.0
17.0,uav_02,1,-6.414474046044301,7.826182440280244,8.010000000000002,2.306652386775247,0.0486695226449506,0.0
17.0,uav_03,1,-6.260745168949132,22.192658987436154,8.010000000000002,2.323543107319722,0.05,0.0
17.0,uav_04,1,-6.041328733021465,36.780840420205024,8.010000000000002,2.3663886502150193,0.03016680987098834,0.0
17.0,uav_05,1,-6.248956912414388,51.164105394081616,8.010000000000002,2.3305793653131373,0.04485515867171567,0.0
17.0,uav_06,1,-6.136434803227719,65.74658364411509,8.010000000000002,2.350015999017546,0.03999200049122707,0.0
17.1,uav_01,1,-6.166505545912302,-6.761998992094803,8.010000000000002,2.349786034280703,0.034128379431577954,0.0
17.1,uav_02,1,-6.178483429668784,7.826182440280244,8.010000000000002,2.3560860152596916,0.03543548855523131,0.0
17.1,uav_03,1,-6.045635829722816,22.192658987436154,8.010000000000002,2.3683753276881743,0.034649868924730313,0.0
17.1,uav_04,1,-5.786110760405441,36.780840420205024,8.010000000000002,2.4165084336630893,-0.00238132524731691,-0.004127108415772304
17.1,uav_05,1,-6.07692486711454,51.16948745611914,8.010000000000002,2.359883694454598,0.032587229159051656,0.0
17.1,uav_06,1,-5.925161961923449,65.74658364411509,8.010000000000002,2.38585003390943,0.01811247456792763,0.0
17.2,uav_01,1,-5.926625690014834,-6.764107214016746,8.010000000000002,2.3976073087785656,0.004294518416075757,0.0
17.2,uav_02,1,-5.941140002987952,7.824297824492461,8.010000000000002,2.3968004483196963,0.0065997758401518235,0.0
17.2,uav_03,1,-5.789072248332866,22.192658987436154,8.010000000000002,2.4136173399391274,0.0047869950456542396,0.0
17.2,uav_04,1,-5.536815711734032,36.776084369337156,8.010000000000002,2.4571617357460656,-0.041452169682581974,-0.005709566063483606
17.2,uav_05,1,-5.869450981096248,51.16829900676206,8.010000000000002,2.3953605013855976,0.006783699168641428,0.0
17.2,uav_06,1,-5.68583444457011,65.74658364411509,8.010000000000002,2.42942115337426,-0.015536922699407967,0.0
17.3,uav_01,1,-5.676941080035719,-6.773084236473909,8.010000000000002,2.439011679862183,-0.03126459982772853,0.0
17.3,uav_02,1,-5.692828134835755,7.815097195901139,8.010000000000002,2.4376703676290568,-0.019587959536320934,0.0
17.3,uav_03,1,-5.5666471133728095,22.192658987436154,8.010000000000002,2.4505013628187737,-0.030501362818773862,0.0
17.3,uav_04,1,-5.304877039177392,36.76583541570231,8.010000000000002,2.4941440639089367,-0.08768007988617087,0.0
17.3,uav_05,1,-5.6350562236813175,51.15840221174004,8.010000000000002,2.4430358719182004,-0.023794839897750573,-0.0007589679795501145
17.3,uav_06,1,-5.428415471468193,65.74172749228288,8.010000000000002,2.473142205077677,-0.061903675129461336,0.0
17.4,uav_01,1,-5.441358544305504,-6.775236679392599,8.010000000000002,2.4777668758399125,-0.07776687583991224,0.0
17.4,uav_02,1,-5.43998859297342,7.812884217292206,8.010000000000002,2.477985312847423,-0.06998164105927876,0.0
17.4,uav_03,1,-5.326536430467769,22.18458005058929,8.010000000000002,2.4891520398020766,-0.07644004975259563,0.0
17.4,uav_04,1,-5.062544514839781,36.75158442157762,8.010000000000002,2.5263918392348867,-0.12958775885233018,0.0
17.4,uav_05,1,-5.397441759113317,51.15789051807962,8.010000000000002,2.4806923983612936,-0.070923197815058,-0.0097692005462355
17.4,uav_06,1,-5.172686649922358,65.72535618985047,8.010000000000002,2.5082985773137927,-0.11287322164224081,0.0
17.5,uav_01,1,-5.17743380473845,-6.789426409263235,8.010000000000002,2.5147422756989566,-0.11948455139791385,0.0
17.5,uav_02,1,-5.175999855606243,7.798426106295678,8.010000000000002,2.5150389915950866,-0.12007798319017395,0.0
17.5,uav_03,1,-5.086526525717804,22.166375144216,8.010000000000002,2.520565986705072,-0.12427664450845323,0.0
17.5,uav_04,1,-4.8281733553244335,36.73378971204955,8.010000000000002,2.5448888972407215,-0.1573333458610823,0.0
17.5,uav_05,1,-5.169284963513737,51.1377268399455,8.010000000000002,2.5079768827660405,-0.10730251035472074,-0.0006743724113198128
17.5,uav_06,1,-4.918143997067743,65.70828810644284,8.010000000000002,2.539092817003226,-0.1536392255048396,0.0
17.6,uav_01,1,-4.91894450239002,-6.81162024390227,8.010000000000002,2.5371450045638446,-0.15714500456384473,0.0
17.6,uav_02,1,-4.935837633333583,7.779521447373398,8.010000000000002,2.536278659373429,-0.15627865937342894,0.0
17.6,uav_03,1,-4.817175667193201,22.151298779381808,8.010000000000002,2.551933144606352,-0.1619331446063518,0.0
17.6,uav_04,1,-4.5839106964542635,36.72137768920042,8.010000000000002,2.5636413356680023,-0.18,0.0
17.6,uav_05,1,-4.958726928816697,51.12767510008145,8.010000000000002,2.5331567920424147,-0.1408757227232195,0.0
17.6,uav_06,1,-4.652876464214985,65.69175842759512,8.010000000000002,2.554728916758649,-0.17472891675864877,0.0
17.7,uav_01,1,-4.656157292461031,-6.8315601498193645,8.010000000000002,2.5627511276551855,-0.18275112765518545,0.0
17.7,uav_02,1,-4.653194818379496,7.763583589179863,8.010000000000002,2.566470429952464,-0.183235214976232,0.0
17.7,uav_03,1,-4.563045694249346,22.132652271963043,8.010000000000002,2.567066032199469,-0.17706603219946893,0.0
17.7,uav_04,1,-4.336898709973698,36.70035617677672,8.010000000000002,2.58,-0.17869757782744053,0.0013024221725594642
17.7,uav_05,1,-4.720433867618388,51.10973691181978,8.010000000000002,2.5539009722506014,-0.17085145837590174,0.0
17.7,uav_06,1,-4.394628100214939,65.66938483581146,8.010000000000002,2.5696410531342466,-0.18,0.0
17.8,uav_01,1,-4.4076870546737,-6.844670212262478,8.010000000000002,2.572288858151517,-0.187711141848483,0.0
17.8,uav_02,1,-4.374337383110829,7.739851926801542,8.010000000000002,2.58,-0.18606061739864416,0.0
17.8,uav_03,1,-4.302464930014622,22.109873262530083,8.010000000000002,2.5773405056089067,-0.18,0.0
17.8,uav_04,1,-4.061456075443246,36.676915124822806,8.010000000000002,2.581875509916406,-0.1643734702507812,0.01
17.8,uav_05,1,-4.459563815173034,51.086942188670264,8.010000000000002,2.5672320471311068,-0.18,0.0
17.8,uav_06,1,-4.120653615305921,65.65177255831125,8.010000000000002,2.58,-0.16894181897508345,0.0
17.9,uav_01,1,-4.134777371552933,-6.867895701960176,8.010000000000002,2.582764716512007,-0.1717058504639784,0.002764716512007196
17.9,uav_02,1,-4.113861417984895,7.717684586395094,8.010000000000002,2.583937962644803,-0.16818611206559095,0.003937962644803013
17.9,uav_03,1,-4.052743717609549,22.09618992033196,8.010000000000002,2.5870247555998955,-0.16595048880020918,0.0
17.9,uav_04,1,-3.8231750301923086,36.65776968818084,8.010000000000002,2.59,-0.13693363979083828,0.01
17.9,uav_05,1,-4.231193694288246,51.074042688023425,8.010000000000002,2.576100735229209,-0.18,0.0
17.9,uav_06,1,-3.8386652166538253,65.63323362077443,8.010000000000002,2.58,-0.1477469319692498,0.006126534015375108
18.0,uav_01,1,-3.855850610616581,-6.887784971703467,8.010000000000002,2.59,-0.1361138189647416,0.01
18.0,uav_02,1,-3.866705661264455,7.700447795912879,8.010000000000002,2.59,-0.13972429280654505,0.01
18.0,uav_03,1,-3.7706254157332797,22.076100768462375,8.010000000000002,2.59,-0.13727922750187632,0.007573590832707893
18.0,uav_04,1,-3.6338100816356547,36.64971190604277,8.010000000000002,2.59,-0.11512686093570229,0.01
18.0,uav_05,1,-3.97838893223355,51.0568506217781,8.010000000000002,2.585804849974637,-0.1625854500760886,0.005804849974637129
18.0,uav_06,1,-3.5926683016666754,65.61863125652472,8.010000000000002,2.58,-0.1182965506584048,0.01
18.1,uav_01,1,-3.5714704843435707,-6.899885802186121,8.010000000000002,2.5856122941894415,-0.0924491767577656,0.005612294189441398
18.1,uav_02,1,-3.6107134616389103,7.689683652685406,8.010000000000002,2.59,-0.10745771765776096,0.0068644294144402426
18.1,uav_03,1,-3.4821705300520858,22.06123643616291,8.010000000000002,2.581443702678963,-0.09577481071585246,0.01
18.1,uav_04,1,-3.4305486540173007,36.64106280616721,8.010000000000002,2.5839065997709527,-0.08562639908381173,0.003906599770952931
18.1,uav_05,1,-3.740098934192215,51.042060573837645,8.010000000000002,2.59,-0.13514458869794804,0.01
18.1,uav_06,1,-3.340076795731077,65.60788308259792,8.010000000000002,2.574878208951427,-0.07439104475713418,0.01
18.2,uav_01,1,-3.317988871797682,-6.910671851571627,8.010000000000002,2.5758821980213886,-0.0535287920855543,0.0
18.2,uav_02,1,-3.339068937191282,7.678406571416632,8.010000000000002,2.583382746676349,-0.06676549335269842,0.0
18.2,uav_03,1,-3.2031152704253145,22.049362187384048,8.010000000000002,2.5707319414062555,-0.052927765625022966,0.01
18.2,uav_04,1,-3.1801020876648227,36.630405902835335,8.010000000000002,2.5685860125401265,-0.047172025080252956,0.0
18.2,uav_05,1,-3.503111673769817,51.02780882782211,8.010000000000002,2.5860958473141995,-0.10438338925679756,0.01
18.2,uav_06,1,-3.0645269501180117,65.5961579946705,8.010000000000002,2.5586020116473596,-0.032903017471039596,0.004301005823679864
18.3,uav_01,1,-3.0320502049901763,-6.922839000537377,8.015093788389242,2.5598124232215174,-0.014718634832276228,0.0
18.3,uav_02,1,-3.0842990053110637,7.670989020548082,8.013088176036437,2.5638236479271277,-0.027647295854255592,0.0
18.3,uav_03,1,-2.9204729376108163,22.03746556809782,8.010122032278442,2.549633903164676,-0.01963390316467628,0.0
18.3,uav_04,1,-2.9383586175522036,36.62564700047287,8.01498651186031,2.550026976279383,-0.015040464419074175,0.0
18.3,uav_05,1,-3.2321515908632024,51.01429403638699,8.010000000000002,2.571841196123892,-0.06368239224778359,0.005920598061945898
18.3,uav_06,1,-2.8356988035559807,65.59139022477676,8.01465516053577,2.5406896789284596,-0.006034518392689672,0.0
18.4,uav_01,1,-2.744636308765901,-6.928277655812244,8.02,2.5316207920831446,0.012252805277903676,0.0
18.4,uav_02,1,-2.848990818939028,7.668547789476765,8.02,2.5433932954261755,0.0022022348579414683,0.0
18.4,uav_03,1,-2.6529690486397524,22.03746556809782,8.02,2.5169750579980654,0.01151247100096723,0.0
18.4,uav_04,1,-2.7160371046791685,36.62564700047287,8.02,2.525376374292038,0.007311812853980979,0.0
18.4,uav_05,1,-2.9696908358559964,51.00951192256712,8.01431394548123,2.5513721090375383,-0.022744218075076723,0.0
18.4,uav_06,1,-2.6158302590930016,65.59139022477676,8.02,2.5168282039884184,0.016585898005790772,0.0
18.5,uav_01,1,-2.492897110497565,-6.928277655812244,8.02,2.4959508305933937,0.02601229235165156,0.0
18.5,uav_02,1,-2.584698793875156,7.659903776562804,8.02,2.5094555857554113,0.015272207122294393,0.0
18.5,uav_03,1,-2.37110893801666,22.03746556809782,8.02,2.473193134999563,0.03340343250021864,0.0
18.5,uav_04,1,-2.495085740528529,36.62564700047287,8.02,2.490145958685185,0.024927020657407425,0.0
18.5,uav_05,1,-2.6927437428655723,51.0032087924017,8.02,2.524533866970736,0.010310755352842479,0.0
18.5,uav_06,1,-2.3642616894420874,65.59139022477676,8.02,2.4746847095243187,0.03612611619027249,0.0
18.6,uav_01,1,-2.2350193516804375,-6.928277655812244,8.02,2.4485406849569338,0.042583726017226535,0.0
18.6,uav_02,1,-2.3648527795783947,7.659903776562804,8.02,2.474194621033651,0.032322151586539595,0.0
18.6,uav_03,1,-2.1058643505751897,22.03746556809782,8.02,2.4244353427111824,0.05259410954813625,0.0
18.6,uav_04,1,-2.313621633547099,36.62564700047287,8.02,2.46121173629983,0.03939413185008503,0.0
18.6,uav_05,1,-2.4346124359771313,51.0032087924017,8.02,2.48370638162602,0.03051744734959193,0.0
18.6,uav_06,1,-2.137905819239828,65.59139022477676,8.02,2.4291522934902017,0.05216954130195964,0.0
18.7,uav_01,1,-1.9920091249244944,-6.9213849258320845,8.02,2.3926924044830447,0.05621793258615924,0.0
18.7,uav_02,1,-2.1378334247989064,7.660514043250378,8.02,2.4272473917200874,0.05055052165598257,0.0
18.7,uav_03,1,-1.8656622745159421,22.039966235644197,8.02,2.3664648854232184,0.06,0.0
18.7,uav_04,1,-2.082817648192382,36.62564700047287,8.02,2.4155129158765614,0.04889741682468771,0.0
18.7,uav_05,1,-2.19524222090436,51.0032087924017,8.02,2.4359972840077884,0.04480054319844236,0.0
18.7,uav_06,1,-1.9425274208764987,65.5916887274588,8.02,2.3881150448496515,0.06,0.0
18.8,uav_01,1,-1.7464981529091577,-6.9171924118269645,8.02,2.331623998534791,0.06639600024420152,0.0
18.8,uav_02,1,-1.9058858152143252,7.67076339139772,8.02,2.3810177004252777,0.05979645991494444,0.0
18.8,uav_03,1,-1.6064642814216106,22.048550812476922,8.02,2.2949888463623194,0.06312639420471007,0.0
18.8,uav_04,1,-1.8561809627170571,36.62564700047287,8.02,2.360506503523542,0.05824891607940965,0.0
18.8,uav_05,1,-1.948441665382672,51.00855641877571,8.02,2.3858795278610594,0.05482409442778817,0.0
18.8,uav_06,1,-1.6802488740645165,65.60247546876202,8.02,2.3116694544251,0.0611900779392714,0.0
18.9,uav_01,1,-1.4925316292805102,-6.9171924118269645,8.02,2.2522949422362206,0.07,0.0
18.9,uav_02,1,-1.6808032957796946,7.670989020548082,8.02,2.316163567581001,0.06,0.0
18.9,uav_03,1,-1.3648434876608457,22.048550812476922,8.02,2.2102771109378487,0.07,0.0
18.9,uav_04,1,-1.6321634659531736,36.634000769443595,8.02,2.297248449564814,0.06753593577645514,0.0
18.9,uav_05,1,-1.6945874810718125,51.01429403638699,8.02,2.3210038465275216,0.06557087906749694,0.0
18.9,uav_06,1,-1.4632581630702908,65.60247546876202,8.02,2.245320109647,0.07,0.0
19.0,uav_01,1,-1.251831603449836,-6.908392621012455,8.02,2.1664936630095584,0.07,0.0
19.0,uav_02,1,-1.4642343193399143,7.670989020548082,8.02,2.250954130781141,0.0684351241741227,0.0
19.0,uav_03,1,-1.141511248248391,22.05274000262793,8.02,2.125988379318353,0.07,0.0
19.0,uav_04,1,-1.433865371537135,36.63673224485198,8.02,2.2320273776812036,0.07,0.0
19.0,uav_05,1,-1.4422625587391262,51.01429403638699,8.02,2.2382617061794945,0.07,0.0
19.0,uav_06,1,-1.2242874802966481,65.60397573176796,8.02,2.157819513407471,0.07,0.0
19.1,uav_01,1,-1.0426480153024438,-6.9061071674478605,8.02,2.0910844867961975,0.07,0.0
19.1,uav_02,1,-1.2584626318143985,7.679457579004381,8.02,2.178884100942256,0.07,0.0
19.1,uav_03,1,-0.9361434469315398,22.059636056462203,8.02,2.0401006192319198,0.07,0.0
19.1,uav_04,1,-1.2201132808793582,36.64277872130103,8.02,2.156363784199821,0.07,0.0
19.1,uav_05,1,-1.227670363849922,51.02092695660854,8.02,2.162131536339897,0.07,0.0
19.1,uav_06,1,-1.0205556267258813,65.61356071314114,8.02,2.0749767633862604,0.07,0.0
19.2,uav_01,1,-0.8184535768451551,-6.9061071674478605,8.02,1.9882185815826785,0.07,0.0
19.2,uav_02,1,-1.0510280484899401,7.682074264927188,8.02,2.0971186069279315,0.07,0.0
19.2,uav_03,1,-0.7493709782364644,22.062451673866764,8.02,1.9546003127376375,0.07,0.0
19.2,uav_04,1,-1.0174180835708349,36.64781748923107,8.02,2.076828299172068,0.07,0.0
19.2,uav_05,1,-1.009861715308166,51.02537928076609,8.02,2.075442666251242,0.07,0.0
19.2,uav_06,1,-0.8218675324894391,65.61356071314114,8.02,1.9907352598423613,0.07,0.0
19.3,uav_01,1,-0.6004129044858069,-6.896197909657773,8.02,1.8806085761287719,0.07,0.0
19.3,uav_02,1,-0.8706557371714959,7.682074264927188,8.02,2.0139820077207395,0.07,0.0
19.3,uav_03,1,-0.5570295655115439,22.070721300841306,8.02,1.8552875095118553,0.07,0.0
19.3,uav_04,1,-0.8359705478050041,36.64781748923107,8.02,1.994959002269047,0.07,0.0
19.3,uav_05,1,-0.7790908858057763,51.02537928076609,8.02,1.9706649400135106,0.07,0.0
19.3,uav_06,1,-0.6408987914373462,65.62385678441792,8.02,1.8971191313003997,0.07,0.0
19.4,uav_01,1,-0.4137492852444792,-6.8950219230687555,8.02,1.7758491861362375,0.07,0.0
19.4,uav_02,1,-0.6797998698639383,7.6876403248672425,8.02,1.9197885680306064,0.07,0.0
19.4,uav_03,1,-0.38854754103418293,22.072314239271076,8.02,1.7541931110147584,0.07143698990774924,0.0
19.4,uav_04,1,-0.6559906729780798,36.65059546565639,8.02,1.9049398711565937,0.07,0.0
19.4,uav_05,1,-0.5627485533617237,51.034067782033716,8.02,1.86162102186942,0.07,0.0
19.4,uav_06,1,-0.4311124671151809,65.62483194485786,8.02,1.7879866495907246,0.07016777920077295,0.0
19.5,uav_01,1,-0.2596873494779122,-6.886963217164018,8.02,1.6800326442342235,0.07,0.0
19.5,uav_02,1,-0.47371231961448673,7.693159509306292,8.02,1.8126123145352795,0.07,0.0
19.5,uav_03,1,-0.22666342210716472,22.08180654522041,8.02,1.6564125466151163,0.08,0.0
19.5,uav_04,1,-0.49242465936717206,36.65890273321635,8.02,1.8186278414095491,0.07,0.0
19.5,uav_05,1,-0.35323732012314163,51.0364645251452,8.02,1.739321681223102,0.07,0.0
19.5,uav_06,1,-0.2353575682139882,65.63573120150552,8.02,1.6596008155035573,0.08,0.0
19.6,uav_01,1,-0.11241454370092435,-6.877188263982627,8.02,1.5769470492117825,0.07608774589901812,0.0
19.6,uav_02,1,-0.3036694932685159,7.698717991426285,8.02,1.7098283109253118,0.07,0.0
19.6,uav_03,1,-0.04856328848283451,22.08316921220349,8.02,1.5240195932506437,0.08,0.0
19.6,uav_04,1,-0.3008099507631229,36.660641608924536,8.02,1.7027449606558926,0.0715686399403734,0.0
19.6,uav_05,1,-0.16488457045222857,51.04749501197238,8.02,1.6105927572708565,0.07,0.0
19.6,uav_06,1,-0.06961597971377144,65.63696781806794,8.02,1.5454978250711993,0.08,0.0
19.7,uav_01,1,0.031927076029535054,-6.872851434704373,8.02,1.4624895724294582,0.08,0.0
19.7,uav_02,1,-0.14397230770435857,7.70424475329157,8.02,1.600034340658173,0.07416380494515225,0.0
19.7,uav_03,1,0.07632389973016543,22.092136840453943,8.02,1.4188535117366206,0.08,0.0
19.7,uav_04,1,-0.14600936631838163,36.670553549567785,8.02,1.6038775696450596,0.08,0.0
19.7,uav_05,1,0.012231760263550915,51.04842808086412,8.02,1.4796997737290503,0.08,0.0
19.7,uav_06,1,0.08035922366461784,65.64681644588462,8.02,1.418485771863379,0.08,0.0
19.8,uav_01,1,0.17132977389552606,-6.867857971651376,8.02,1.336935551124408,0.08,0.0
19.8,uav_02,1,0.010150314523410461,7.708437743930201,8.02,1.4808275357420644,0.08,0.0
19.8,uav_03,1,0.21238333327562964,22.10250769557375,8.02,1.2972313694586404,0.08,0.0
19.8,uav_04,1,0.02753633818817181,36.681073221974565,8.02,1.4726968181098774,0.08,0.0
19.8,uav_05,1,0.1821073502166953,51.06091058560582,8.02,1.3312608867627056,0.08,0.0
19.8,uav_06,1,0.2328656846431483,65.64850662129422,8.02,1.2786540964500916,0.08,0.0
19.9,uav_01,1,0.28864439659696584,-6.861766190325267,8.02,1.2178321115714141,0.07698800796938673,0.0
19.9,uav_02,1,0.1582768012257522,7.719323695838914,8.02,1.3495619830801933,0.08,0.0
19.9,uav_03,1,0.30686314069838605,22.103977033584794,8.02,1.1959589596111144,0.08,0.0
19.9,uav_04,1,0.1694831977397062,36.68231280798734,8.02,1.3343447702172007,0.08,0.0
19.9,uav_05,1,0.32251385949827677,51.06972025788868,8.02,1.180031428618449,0.08,0.0
19.9,uav_06,1,0.361830772527193,65.65928803716999,8.02,1.142491267929489,0.08,0.0
20.0,uav_01,1,0.38006028482421994,-6.861405840687392,8.02,1.1157740710997484,0.07,0.0
20.0,uav_02,1,0.3088376969744604,7.72641524204978,8.02,1.1999154281259734,0.07537810985584412,0.0
20.0,uav_03,1,0.4154962674576991,22.109577604327747,8.02,1.0692681444631942,0.08,0.0
20.0,uav_04,1,0.30921120624987725,36.69215846595984,8.02,1.1879535726913266,0.08,0.0
20.0,uav_05,1,0.43461447940357045,51.071829346061264,8.02,1.045753043273714,0.07809739129298413,0.0
20.0,uav_06,1,0.48056295429782947,65.668986934249,8.02,0.9986522152180709,0.07835786270908238,0.0
20.1,uav_01,1,0.4802197463768198,-6.851816462919287,8.02,1.0033165454458883,0.07,0.0
20.1,uav_02,1,0.41144203935566137,7.729780115619424,8.02,1.0875036597863021,0.07,0.0
20.1,uav_03,1,0.5177418294649685,22.1150622779639,8.02,0.9449316209069034,0.07576397083899257,-0.004236029161007433
20.1,uav_04,1,0.4145830033622462,36.69215846595984,8.02,1.0703437734466215,0.08,0.0
20.1,uav_05,1,0.5190224067090875,51.07789032742389,8.02,0.9473360263165966,0.07262977923981093,0.0
20.1,uav_06,1,0.5696449977129776,65.66903012617583,8.02,0.889415548381108,0.07,-3.8963441259468403e-05
20.2,uav_01,1,0.5552369591130665,-6.850680946339989,8.02,0.8918146462143444,0.07,-0.006545690252377039
20.2,uav_02,1,0.4947319002134013,7.737500486035057,8.02,0.9850528008376159,0.07,-0.00027484439791022707
20.2,uav_03,1,0.5954990451364731,22.117178968789297,8.02,0.8375390599615706,0.07,-0.01
20.2,uav_04,1,0.48363148615089013,36.698739755971665,8.02,0.975008282552909,0.0740630176595568,-0.005936982340443197
20.2,uav_05,1,0.5947363978480811,51.08080550187396,8.02,0.8454078255366724,0.07,0.0
20.2,uav_06,1,0.6255973346268692,65.6754584528584,8.02,0.8024306367807288,0.07,-0.005837957547951412
20.3,uav_01,1,0.6350855354186682,-6.844742543130351,8.02,0.7435733862800663,0.07,-0.01
20.3,uav_02,1,0.5818928321145336,7.737500486035057,8.02,0.8224497059621778,0.07,-0.0093083496687679
20.3,uav_03,1,0.6723161782383649,22.12614752194918,8.02,0.6805720883208869,0.06902860441604435,-0.01
20.3,uav_04,1,0.5745005243874227,36.7088383080411,8.02,0.819156031933142,0.07,-0.01
20.3,uav_05,1,0.6793941235395285,51.089692468942694,8.02,0.665695191042768,0.07,-0.008016933830957338
20.3,uav_06,1,0.6912061877087229,65.68007217862811,8.02,0.6759398911771147,0.06623175830453616,-0.01
20.4,uav_01,1,0.7044254402126645,-6.834038604792264,8.02,0.5547257845203595,0.07,-0.01
20.4,uav_02,1,0.6695838757123244,7.749318828101367,8.019338672507224,0.5854507951589416,0.07,-0.01
20.4,uav_03,1,0.7290699045430822,22.12614752194918,8.02,0.5125134761978726,0.06062567380989363,-0.01
20.4,uav_04,1,0.6682987449313431,36.71432895471805,8.02,0.5720918992160866,0.07,-0.01
20.4,uav_05,1,0.7475256549366757,51.09189074625307,8.02,0.4383815360127784,0.07,-0.01
20.4,uav_06,1,0.7573604304075496,65.68560173334086,8.02,0.4752239752692559,0.06,-0.01
20.5,uav_01,1,0.7544380663311266,-6.82851045758178,8.015617545607466,0.35796845775677866,0.06561754560746565,-0.01
20.5,uav_02,1,0.7244505809744396,7.759670974793268,8.010000000000002,0.3758363016113912,0.07,-0.01
20.5,uav_03,1,0.769845661360174,22.13454591638149,8.02,0.34089995939917983,0.06,-0.01
20.5,uav_04,1,0.7257141641352174,36.72367211661335,8.011571532473525,0.33457371441751427,0.07,-0.01
20.5,uav_05,1,0.7857558333128963,51.10141588984757,8.01140736706495,0.24814734129896016,0.06140736706494801,-0.01
20.5,uav_06,1,0.7963092400584791,65.69115742300723,8.01617293526226,0.3034587052451732,0.06,-0.01
20.6,uav_01,1,0.788701458416243,-6.824395932893799,8.010000000000002,0.17690087490309975,0.06,-0.006288286759005867
20.6,uav_02,1,0.7630545232601323,7.760604920868349,8.010000000000002,0.16651979404228556,0.06915748712764286,-0.00915748712764285
20.6,uav_03,1,0.8000434246322339,22.13723276632828,8.013607189694662,0.1685366041985507,0.06,-0.01
20.6,uav_04,1,0.7601798798668047,36.725414198703334,8.010000000000002,0.1328208951353067,0.06071227195196148,-0.000712271951961484
20.6,uav_05,1,0.8139704176777787,51.11170103827637,8.010000000000002,0.07832440151590758,0.06,-0.0021291334175504214
20.6,uav_06,1,0.8250610876830685,65.69398812670778,8.010000000000002,0.13658917117813377,0.05744642183400787,-0.00744642183400787
20.7,uav_01,1,0.803698538619316,-6.8174252135965006,8.010000000000002,0.028466870579999602,0.057033347898571396,0.0
20.7,uav_02,1,0.7721109807118706,7.770756218778546,8.010000000000002,0.017025887591411795,0.05977122212241629,0.0
20.7,uav_03,1,0.8161028427591361,22.143687350517432,8.010000000000002,0.012659784912150238,0.05417731899414335,-0.004177318994143349
20.7,uav_04,1,0.7793845113046236,36.73526187878413,8.010000000000002,0.004513289313053143,0.05111640687023486,0.0
20.7,uav_05,1,0.8201333828042876,51.114061234617445,8.010000000000002,-0.0486589987599357,0.05261175010333869,0.0
20.7,uav_06,1,0.839430637708824,65.7022426669925,8.010000000000002,-0.02771198434207077,0.04730628683270923,0.0
20.8,uav_01,1,0.8082550854140751,-6.8174252135965006,8.010000000000002,-0.10235212478614922,0.05,0.0
20.8,uav_02,1,0.7804218181600462,7.772039592370815,8.010000000000002,-0.1250505087023114,0.05,0.0
20.8,uav_03,1,0.8157243832071491,22.14831801070739,8.010000000000002,-0.11854341188516085,0.045430439207655944,0.0
20.8,uav_04,1,0.7815388702529098,36.73649944308244,8.010000000000002,-0.1320955480150533,0.05,0.0
20.8,uav_05,1,0.8135741200613167,51.114061234617445,8.010000000000002,-0.1547794235773079,0.05,0.0
20.8,uav_06,1,0.8365949708859427,65.70550054588406,8.010000000000002,-0.1711450599753496,0.04,0.0
20.9,uav_01,1,0.7969454736172549,-6.815190241033544,8.010000000000002,-0.23419402751827642,0.05,0.0
20.9,uav_02,1,0.7677622749543795,7.781841463157652,8.010000000000002,-0.2613914699035204,0.05,0.0
20.9,uav_03,1,0.8046624379384413,22.15166262058185,8.010000000000002,-0.2362060758850616,0.0430171729904218,0.0
20.9,uav_04,1,0.7619606754715937,36.74758468746154,8.010000000000002,-0.25116467751316995,0.05,0.0
20.9,uav_05,1,0.805285381365187,51.12003475948904,8.010000000000002,-0.2438871735011131,0.044611282649888694,0.0
20.9,uav_06,1,0.8218266755234273,65.7133279113716,8.010000000000002,-0.300231822557863,0.04274834750526028,0.0
21.0,uav_01,1,0.7752965809764392,-6.806339969217397,8.010000000000002,-0.34725230249699823,0.05215653781212477,0.0
21.0,uav_02,1,0.742238257217592,7.784815582981001,8.010000000000002,-0.3587806764122319,0.05536590754635197,0.0
21.0,uav_03,1,0.7851232725251596,22.159403254692666,8.010000000000002,-0.3409502160549392,0.05209502160549392,0.0
21.0,uav_04,1,0.7401852941192435,36.74864131068534,8.010000000000002,-0.3347658997186248,0.05190635988744992,0.0
21.0,uav_05,1,0.7889549013306885,51.125146478996555,8.010000000000002,-0.3228370686395785,0.04410463357994732,0.0
21.0,uav_06,1,0.7973569662060461,65.7133279113716,8.010000000000002,-0.38631025517564105,0.05090146502509158,0.0
21.1,uav_01,1,0.751884133614791,-6.806136370124715,8.010000000000002,-0.4109183338035659,0.06055100028213956,0.0
21.1,uav_02,1,0.7072932108662575,7.792926707536755,8.010000000000002,-0.41694944728964106,0.07926592971952144,0.0
21.1,uav_03,1,0.7598182244382742,22.160099308703693,8.010000000000002,-0.4231395519450085,0.0612558207780034,0.0
21.1,uav_04,1,0.713204420271361,36.75897402578444,8.010274323530655,-0.38082297059196035,0.0710972941226138,0.0
21.1,uav_05,1,0.7621469591375195,51.12887780971965,8.010000000000002,-0.38346413518901695,0.056732067594508474,0.0
21.1,uav_06,1,0.7611916519004269,65.71362948497469,8.010000000000002,-0.4510881983032135,0.0608161487274101,0.0
21.2,uav_01,1,0.7160454708732203,-6.7958426701024175,8.010000000000002,-0.4573480726088708,0.08840884356532246,0.0
21.2,uav_02,1,0.6743707755506404,7.799062840182303,8.012767702968333,-0.44276770296833196,0.12383851484165977,0.0
21.2,uav_03,1,0.7250762807630384,22.170078005424692,8.010000000000002,-0.46814846821126077,0.07925938728450432,0.0
21.2,uav_04,1,0.6812792069544972,36.77083897953668,8.02,-0.41097769942970447,0.11488849714852244,0.0
21.2,uav_05,1,0.7330302932730165,51.13907927386433,8.01256877565569,-0.41770632696706633,0.07770632696706634,0.0
21.2,uav_06,1,0.7272956654110537,65.72336520305653,8.010000000000002,-0.486218567102923,0.08716392532719225,0.0
21.3,uav_01,1,0.682865214977367,-6.78631252686208,8.010000000000002,-0.47613351584879465,0.12226703169758935,0.0
21.3,uav_02,1,0.6347267005414075,7.81779281609984,8.02,-0.44756828076448885,0.17459031541306697,0.0
21.3,uav_03,1,0.6942575999754643,22.178929849818154,8.010000000000002,-0.4852298866090766,0.11045977321815331,0.0
21.3,uav_04,1,0.6386416807328977,36.783085471681886,8.02,-0.4179747387790073,0.17215156732595602,0.0
21.3,uav_05,1,0.6964370997713266,51.149589692511526,8.02,-0.4379497744272813,0.11025112786359355,0.0
21.3,uav_06,1,0.6795136413693056,65.73455408299144,8.019148131745405,-0.49914813174540507,0.1357406587270253,0.0
21.4,uav_01,1,0.6344593388623261,-6.774761280079762,8.018487138804973,-0.47151286119502656,0.18092283282984056,0.0
21.4,uav_02,1,0.5852655504741154,7.837340538465572,8.02,-0.4366447594851108,0.24684192411911393,0.0
21.4,uav_03,1,0.6452837769030646,22.190711768025434,8.018243413123512,-0.49,0.16946047874107806,0.0
21.4,uav_04,1,0.5956428906682133,36.80245585285823,8.02,-0.40683357189897246,0.24533142480822043,0.0
21.4,uav_05,1,0.6604335180656128,51.16145931104728,8.02,-0.4286210951887962,0.15965233367842652,0.0
21.4,uav_06,1,0.6363724704266018,65.75786970576347,8.02,-0.48981884271922715,0.2006340504827049,0.0
21.5,uav_01,1,0.5970178932255847,-6.755768732414077,8.02,-0.45437968187687855,0.24467111343092512,0.0
21.5,uav_02,1,0.5440494795551293,7.872855189824118,8.02,-0.41789650773548476,0.33227597937204056,0.0
21.5,uav_03,1,0.6059781465259986,22.210369926822317,8.02,-0.47402295990916854,0.23591964031791007,0.0
21.5,uav_04,1,0.5529286433084446,36.83926143820679,8.02,-0.38729839328911897,0.3338709512290161,0.0
21.5,uav_05,1,0.6172277021017124,51.18513753792658,8.02,-0.4158820593700626,0.23441279220478078,0.0
21.5,uav_06,1,0.5853482654835938,65.7816879711589,8.02,-0.46749857431652486,0.276670468489267,0.0
21.6,uav_01,1,0.5558418940382853,-6.722716101333937,8.02,-0.43304193325518536,0.3278322669792586,0.0
21.6,uav_02,1,0.5048793547083292,7.906606911105791,8.02,-0.39163271761540364,0.4134691295383856,0.0
21.6,uav_03,1,0.5631754481201352,22.238983457476166,8.02,-0.45547379396622584,0.3008417211182095,0.0
21.6,uav_04,1,0.5137384343778763,36.87303046463565,8.02,-0.3612235673344303,0.4151057306622789,0.0
21.6,uav_05,1,0.5724011653452913,51.208358275114634,8.02,-0.39662308673496594,0.3035076530601363,0.0
21.6,uav_06,1,0.5429728782309463,65.80844267468474,8.02,-0.43564772144466185,0.36160607614756834,0.0
21.7,uav_01,1,0.5154127147028338,-6.693835195634717,8.02,-0.4156729545458682,0.3973081818165271,0.0
21.7,uav_02,1,0.46610810770372413,7.949391791973225,8.02,-0.36731169850986556,0.4938354706403586,0.0
21.7,uav_03,1,0.5273749692956897,22.267556217538615,8.02,-0.4324352010966507,0.36683946374226484,0.0
21.7,uav_04,1,0.4816803984839641,36.911606305802515,8.02,-0.3428144322877435,0.4887422708490261,0.0
21.7,uav_05,1,0.5381678815173099,51.23847511686224,8.02,-0.37776622399943977,0.37595673600149393,0.0
21.7,uav_06,1,0.4977393540096603,65.85093412663221,8.02,-0.40689906408197474,0.43826916244806735,0.0
21.8,uav_01,1,0.4737467141970174,-6.6522540150594,8.02,-0.3882492834060016,0.4780019109173289,0.0
21.8,uav_02,1,0.4239618922666977,8.009918673859003,8.02,-0.33455091463908426,0.5811975609624419,0.0
21.8,uav_03,1,0.4914512737013744,22.304233802835423,8.02,-0.4096741738050612,0.4413033047797551,0.0
21.8,uav_04,1,0.4488934226458454,36.96757042223639,8.02,-0.318930507309462,0.5695186471747682,0.0
21.8,uav_05,1,0.5135992027383123,51.266701908036204,8.02,-0.3523028327173817,0.44385911275364875,0.0
21.8,uav_06,1,0.46056400283929916,65.89438284354314,8.02,-0.3780021960718871,0.5153274771416343,0.0
21.9,uav_01,1,0.43128824073275474,-6.5943268727549205,8.02,-0.355245777992318,0.566011258687152,0.0
21.9,uav_02,1,0.38612451535902376,8.07340938679647,8.02,-0.3067906182509002,0.6728375269963992,0.0
21.9,uav_03,1,0.44813568785663427,22.348335415451416,8.02,-0.38467320863088816,0.5208714436509649,0.0
21.9,uav_04,1,0.41099761615868524,37.03366196971164,8.02,-0.28596482676176016,0.6574271286353062,0.0
21.9,uav_05,1,0.47299364642415326,51.32437803603014,8.02,-0.3301092765919406,0.5295628936322376,0.0
21.9,uav_06,1,0.4185078640126833,65.95478036406364,8.02,-0.34531143026553995,0.6025028526252267,0.0
22.0,uav_01,1,0.38942873111894954,-6.524127062930836,8.02,-0.3227078537430061,0.6527790566853171,0.0
22.0,uav_02,1,0.35834695720387727,8.140346539061461,8.02,-0.28139680010285567,0.7496085330590516,0.0
22.0,uav_03,1,0.40835210739746614,22.401019128530592,8.02,-0.35322297705413075,0.6047387278556513,0.0
22.0,uav_04,1,0.3814344809030336,37.10159174752471,8.02,-0.2602167312750726,0.7391330748997097,0.0
22.0,uav_05,1,0.4480452826034721,51.37204877074136,8.02,-0.3043616499535364,0.5983689334572363,0.0
22.0,uav_06,1,0.37979083563156996,66.01568549714804,8.02,-0.3157477301193736,0.6870090795225056,0.0
22.1,uav_01,1,0.3610827386689959,-6.4609951702397295,8.02,-0.29423221023002366,0.7287141060532701,0.0
22.1,uav_02,1,0.3222784019468208,8.220234270462818,8.013503686082641,-0.2635036860826405,0.8254741974215165,-0.006496313917359509
22.1,uav_03,1,0.3733850793863433,22.470101052203766,8.02,-0.3227369219108434,0.6860348749044176,0.0
22.1,uav_04,1,0.3529249226087505,37.17235602935417,8.015259103973175,-0.24525910397317488,0.817927168214601,-0.004740896026825116
22.1,uav_05,1,0.4188559267039355,51.41598267314963,8.02,-0.2805819832496552,0.6617813780009194,0.0
22.1,uav_06,1,0.3521891369479316,66.08095040666852,8.01833824408386,-0.2950147322515839,0.7632940473291095,-0.0016617559161386903
22.2,uav_01,1,0.33016930569754654,-6.379687787233769,8.010731003117467,-0.27146200623493066,0.8141519750602775,-0.009268996882534684
22.2,uav_02,1,0.2926608554819518,8.296732961222878,8.010000000000002,-0.254439540707452,0.900044133632932,-0.01
22.2,uav_03,1,0.33415035480194466,22.54242221829868,8.014079758804932,-0.2981595176098649,0.7673619295605404,-0.005920241195067545
22.2,uav_04,1,0.3235223555843579,37.25660728379204,8.010000000000002,-0.23510133279263482,0.8991893376589215,-0.01
22.2,uav_05,1,0.39117748705680905,51.47323778719626,8.02,-0.26028194123548615,0.7288722350580553,0.0
22.2,uav_06,1,0.31939938259677164,66.1655374140978,8.010000000000002,-0.2677577200198052,0.8479382398415585,-0.01
22.3,uav_01,1,0.29488467086411185,-6.307327707588619,8.010000000000002,-0.2614058552123503,0.8887531583011976,-0.01
22.3,uav_02,1,0.2679795824927809,8.376880071763473,8.010000000000002,-0.25,0.9686100819432935,-0.01
22.3,uav_03,1,0.3035857569028246,22.61495839544014,8.010000000000002,-0.27976091498367456,0.8409563400653018,-0.01
22.3,uav_04,1,0.2938538490597585,37.353210177078424,8.010000000000002,-0.23514831309966655,0.9760381916976659,-0.01
22.3,uav_05,1,0.36674940101409814,51.551520091053,8.015052617104521,-0.2401052342090419,0.8095790631638324,-0.00494738289547906
22.3,uav_06,1,0.2813957250594009,66.25903748493944,8.010000000000002,-0.26,0.9322846634152523,-0.01
22.4,uav_01,1,0.26624027383392745,-6.225283650764145,8.010000000000002,-0.26,0.9641709658684866,-0.01
22.4,uav_02,1,0.24223935317162953,8.46559840509598,8.010000000000002,-0.25,1.0308578291330028,-0.007020310123856751
22.4,uav_03,1,0.27681708066005795,22.696970003238732,8.010000000000002,-0.27,0.9149390200083661,-0.01
22.4,uav_04,1,0.26233070627657296,37.46186036252291,8.010000000000002,-0.2339613153782717,1.0583094769738266,-0.003961315378271693
22.4,uav_05,1,0.33919426720239176,51.64527609819873,8.010000000000002,-0.23,0.9053601069483338,-0.01
22.4,uav_06,1,0.2527948583866048,66.34961815874948,8.010000000000002,-0.25733361123818105,1.0086647213327327,-0.00733361123818106
22.5,uav_01,1,0.23979477621069328,-6.136327843117949,8.010000000000002,-0.26,1.0301028961304461,-0.00284244340993627
22.5,uav_02,1,0.21775130790752478,8.551596725282176,8.010000000000002,-0.24856036974101817,1.0915170420718547,0.0
22.5,uav_03,1,0.24568968251623924,22.798012281202123,8.010000000000002,-0.26487897004044036,1.0009682396764772,-0.01
22.5,uav_04,1,0.23760785825266137,37.5775326476586,8.010000000000002,-0.23,1.1380872994570903,0.0
22.5,uav_05,1,0.30766511386078405,51.749680426046865,8.010000000000002,-0.23,0.9893049969828516,-0.01
22.5,uav_06,1,0.22331356915086403,66.45439152680811,8.010000000000002,-0.2471486434849711,1.0799594956052023,0.0
22.6,uav_01,1,0.20886909516803678,-6.0210443987179,8.010000000000002,-0.2521584783483385,1.1048906515616306,0.0
22.6,uav_02,1,0.1936856495376934,8.643759635301727,8.010000000000002,-0.2402463526406837,1.1580291788745303,0.0
22.6,uav_03,1,0.21442087949988403,22.905785838861686,8.010000000000002,-0.2540764658535827,1.0814647390249212,-0.004076465853582681
22.6,uav_04,1,0.21511547736426018,37.68153787469438,8.010000000000002,-0.2186328603014375,1.1997849889449688,0.0
22.6,uav_05,1,0.2793015479951611,51.84744056095356,8.010000000000002,-0.23,1.0578967742888585,-0.003157603673020209
22.6,uav_06,1,0.19530035810355809,66.56447578247449,8.010000000000002,-0.23747085602801063,1.1477040078039253,0.0
22.7,uav_01,1,0.17671808238791642,-5.897917451461994,8.010000000000002,-0.23210239031322433,1.1915904387471028,0.0
22.7,uav_02,1,0.17943380074580811,8.72426346936048,8.010000000000002,-0.225968201865237,1.2091112934716706,0.0
22.7,uav_03,1,0.18504550025063474,23.013764234586333,8.010000000000002,-0.23785617412648224,1.152503390557312,0.0
22.7,uav_04,1,0.19432093054632374,37.78662003689104,8.010000000000002,-0.1970962096790859,1.2601088440821329,0.0
22.7,uav_05,1,0.24901829255908953,51.959914376726054,8.010000000000002,-0.2226955791865212,1.1384353665078306,0.0
22.7,uav_06,1,0.1700890187097929,66.6782351048915,8.010000000000002,-0.22442466895445717,1.2130091057729333,0.0
22.8,uav_01,1,0.15484004576228969,-5.767246328257051,8.010000000000002,-0.20071823204500774,1.2683241252283153,0.0
22.8,uav_02,1,0.15809276791055502,8.828953645912216,8.010000000000002,-0.1984666633669847,1.2676833391077769,0.0
22.8,uav_03,1,0.15534579809399202,23.134523079374816,8.010000000000002,-0.21733532800721334,1.2243263519747534,0.0
22.8,uav_04,1,0.17706372463752096,37.89926297812565,8.010000000000002,-0.1670236310585112,1.3194645534122333,0.0
22.8,uav_05,1,0.22573312625814046,52.07873466325983,8.010000000000002,-0.20395359978744954,1.2161624007439267,0.0
22.8,uav_06,1,0.15118170716543647,66.79097629584072,8.010000000000002,-0.19558301063107492,1.2777297313956189,0.0
22.9,uav_01,1,0.12494736686284658,-5.627962199299516,8.010000000000002,-0.15899509671235437,1.3315073549314684,0.0
22.9,uav_02,1,0.13696489396648168,8.93942925401871,8.010000000000002,-0.16390543000822697,1.3241418549876596,0.0
22.9,uav_03,1,0.1314443858641342,23.270824246300077,8.010000000000002,-0.18246233566677422,1.2981909125831452,0.0
22.9,uav_04,1,0.16082344088576878,38.01121309754384,8.010000000000002,-0.13170028278866322,1.3699596606536042,0.0
22.9,uav_05,1,0.20547977681192364,52.21396562844024,8.010000000000002,-0.17444403276778803,1.2896305902084948,0.0
22.9,uav_06,1,0.12501572791937152,66.90566877075776,8.010000000000002,-0.15784199453270548,1.3425896065607534,0.0
23.0,uav_01,1,0.10489262640161724,-5.479726899626645,8.010000000000002,-0.11227486650073999,1.3964376112493833,0.0
23.0,uav_02,1,0.1198800125436633,9.053765968508474,8.010000000000002,-0.12561414248023256,1.3743858575197674,0.0
23.0,uav_03,1,0.11089064510481295,23.412508584045668,8.010000000000002,-0.1398578503473718,1.3652132244789423,0.0
23.0,uav_04,1,0.14441903791068725,38.1267907215686,8.010000000000002,-0.08806988858185487,1.42128674094543,0.0
23.0,uav_05,1,0.18442057115914923,52.3591343104484,8.010000000000002,-0.13227314926260236,1.366021988790446,0.0
23.0,uav_06,1,0.1163886885841806,67.03451890031698,8.010000000000002,-0.11313595018666284,1.3962368597760044,0.0
23.1,uav_01,1,0.09437634254565866,-5.322659760977079,8.010000000000002,-0.04687935166693128,1.4465603241665344,0.0
23.1,uav_02,1,0.10260540316028374,9.209127076867983,8.010000000000002,-0.06805176838063252,1.4246321544129117,0.0
23.1,uav_03,1,0.08996200585378206,23.5660676972638,8.010000000000002,-0.07971439645343047,1.4219046696221411,0.0
23.1,uav_04,1,0.13508395715103205,38.26621588454668,8.010000000000002,-0.03001967902094555,1.459986880652703,0.0
23.1,uav_05,1,0.1637413458726841,52.50397835078662,8.010000000000002,-0.08852139376634424,1.4314786062336557,0.0
23.1,uav_06,1,0.1056365069714926,67.19510933319748,8.010000000000002,-0.047417239960509276,1.4415496560236944,0.0
23.2,uav_01,1,0.0894826074045021,-5.17056077253851,8.010000000000002,0.019188930278363332,1.472741275754052,0.0
23.2,uav_02,1,0.09648628000729206,9.363090549803081,8.010000000000002,-0.00394847685345923,1.4630257615732702,0.0
23.2,uav_03,1,0.07798012641220574,23.721692335808896,8.010000000000002,-0.01491947215556036,1.4575402639222197,0.0
23.2,uav_04,1,0.1350807925586699,38.415458788824324,8.010000000000002,0.02262251541188745,1.480327814426486,0.0
23.2,uav_05,1,0.15437804883435882,52.65971186056621,8.010000000000002,-0.03488157441783704,1.4830710553492978,0.0
23.2,uav_06,1,0.09648628000729206,67.34116532336715,8.010000000000002,0.005213723108725555,1.4706517153885907,0.0
23.3,uav_01,1,0.09648628000729206,-5.011601670516433,8.010000000000002,0.09801920429579815,1.4764975994630252,0.0
23.3,uav_02,1,0.09648628000729206,9.519389400056205,8.010000000000002,0.07150287759954413,1.48,0.0
23.3,uav_03,1,0.07718902373160315,23.873002079192638,8.010000000000002,0.05775875038026273,1.4793596429657894,0.0
23.3,uav_04,1,0.1350807925586699,38.54205356292137,8.010000000000002,0.08788032044796329,1.4884850400559955,0.0
23.3,uav_05,1,0.15437804883435882,52.820137532430074,8.010000000000002,0.021724065940480417,1.5129310164851202,0.0
23.3,uav_06,1,0.09716870156095646,67.48685816011782,8.010000000000002,0.08565818473197274,1.48,0.0
23.4,uav_01,1,0.10386090329230276,-4.855690943081463,8.010000000000002,0.18057273295085538,1.462356816762286,0.0
23.4,uav_02,1,0.10768006661908186,9.678759541128507,8.010000000000002,0.15640571261269698,1.4741992859234128,0.0
23.4,uav_03,1,0.08866586106973895,24.036427204376178,8.010000000000002,0.14757914384758755,1.478105214038103,0.0
23.4,uav_04,1,0.14387525705316276,38.69691547112324,8.010000000000002,0.17291784899354104,1.4808852688758074,0.0
23.4,uav_05,1,0.1549472724965483,52.95228221809112,8.010000000000002,0.09412967093510248,1.53,0.0
23.4,uav_06,1,0.10668723662813646,67.63519984390327,8.010000000000002,0.16228976732765793,1.4791413372521283,0.0
23.5,uav_01,1,0.12652239940253604,-4.713191191864902,8.010000000000002,0.2559698555219031,1.4351600825589124,0.0
23.5,uav_02,1,0.12716393897475342,9.828916340319756,8.010000000000002,0.23128194065742286,1.4523077397182473,0.0
23.5,uav_03,1,0.10943530024898064,24.20156439453915,8.010000000000002,0.23197203438632297,1.4548691281201473,0.0
23.5,uav_04,1,0.1595356298784777,38.828748207015266,8.010000000000002,0.23370891467267782,1.4569818937117094,0.0
23.5,uav_05,1,0.16731313270064713,53.124750469631984,8.010000000000002,0.1719214848833838,1.5265938614618904,0.0
23.5,uav_06,1,0.12740461006848186,67.78991318935932,8.010000000000002,0.2461328293672016,1.4469335853163992,0.0
23.6,uav_01,1,0.15622680495723432,-4.565306689661386,8.010000000000002,0.31986013712645095,1.3941118902988392,0.0
23.6,uav_02,1,0.14743215206394608,9.980275432998951,8.010000000000002,0.29840346833400355,1.414397687777331,0.0
23.6,uav_03,1,0.13344598104333608,24.36092297365339,8.010000000000002,0.30384275740860556,1.4161572425913944,0.0
23.6,uav_04,1,0.18138280061670214,38.951274459297906,8.010000000000002,0.2859763574535025,1.426015761697665,0.0
23.6,uav_05,1,0.1861774255704731,53.27646188799884,8.010000000000002,0.24035092801367006,1.5055638879941413,0.0
23.6,uav_06,1,0.14427292954900942,67.91588253478767,8.010000000000002,0.2985806568910925,1.4207096715544536,0.0
23.7,uav_01,1,0.18538587502130516,-4.424621894137321,8.010000000000002,0.35809135421209953,1.3497716144697514,0.004045677106049763
23.7,uav_02,1,0.18292010752981155,10.138719334874589,8.010000000000002,0.34958146930496875,1.363023163368789,0.007395367326242196
23.7,uav_03,1,0.1639151108610251,24.50896232656388,8.010000000000002,0.34988437124563065,1.3635260479239488,0.0032947904152102166
23.7,uav_04,1,0.2062391672191009,39.06994217742259,8.010000000000002,0.32833297846528775,1.3870837769183904,0.0
23.7,uav_05,1,0.20926765087637533,53.441796456590176,8.010000000000002,0.3091846731657407,1.4708153268342592,0.0
23.7,uav_06,1,0.171213914026844,68.05114556431964,8.010000000000002,0.34574828844449557,1.3742517115555044,0.0
23.8,uav_01,1,0.21892323433453917,-4.284545483190718,8.010000000000002,0.37422392848050556,1.2946564291169669,0.01
23.8,uav_02,1,0.21602053135133847,10.282172858212588,8.010000000000002,0.3759248689462001,1.3101878276344998,0.01
23.8,uav_03,1,0.201540532495455,24.66094377872376,8.010000000000002,0.37471999741126116,1.3016800155324328,0.01
23.8,uav_04,1,0.2369785509394092,39.19823042512556,8.010000000000002,0.3578042733876789,1.3365871798369633,0.003902136693839459
23.8,uav_05,1,0.2433092157741675,53.596658996201576,8.010000000000002,0.3460848770625483,1.4278302458749035,0.0030424385312741364
23.8,uav_06,1,0.20613324101605318,68.17527181169427,8.010000000000002,0.3668199751277772,1.3279500621805571,0.008409987563888603
23.9,uav_01,1,0.2528146929573762,-4.152445552207441,8.010000000000002,0.3759928698329896,1.2359572189979373,0.014007130167010436
23.9,uav_02,1,0.2524937113338684,10.414660311566568,8.010000000000002,0.38,1.2524669203700025,0.01
23.9,uav_03,1,0.24439582975361726,24.808652273491717,8.010000000000002,0.38,1.2350560912120991,0.01
23.9,uav_04,1,0.26985724984456444,39.329048004443905,8.010000000000002,0.37,1.2806308353978795,0.01
23.9,uav_05,1,0.2801479676245255,53.74664072735483,8.010000000000002,0.36345001817911,1.3792998909253398,0.01
23.9,uav_06,1,0.23420173783940937,68.29721237666784,8.010000000000002,0.3775768706028324,1.2745387763830056,0.01
24.0,uav_01,1,0.28894040659513864,-4.020039010685274,8.010000000000002,0.3602686569133589,1.1659402991967562,0.015134328456679473
24.0,uav_02,1,0.2851256784899783,10.545983850336508,8.010000000000002,0.3629939750594696,1.1804789127081436,0.01
24.0,uav_03,1,0.27960871192414893,24.944645797719257,8.010000000000002,0.3668058927444459,1.1704176782333378,0.01
24.0,uav_04,1,0.2956628220186288,39.43872975948308,8.010000000000002,0.3667850451082905,1.2303551353248716,0.01
24.0,uav_05,1,0.3106432902149336,53.884104960732934,8.010000000000002,0.36402204064410454,1.3220661219323138,0.01
24.0,uav_06,1,0.26929488744119107,68.42622552553505,8.010000000000002,0.3727245648236699,1.216347388942019,0.01
24.1,uav_01,1,0.3233512114348875,-3.8959486884639736,8.01504220723856,0.3399155855228823,1.094704549330088,0.01
24.1,uav_02,1,0.3201545624638435,10.661219571349877,8.01795339029622,0.34409321940756055,1.1143262679264618,0.01
24.1,uav_03,1,0.3189231574181596,25.079231769096232,8.017634328075188,0.3370970157744393,1.0965597034736918,0.01
24.1,uav_04,1,0.3309773247978199,39.553383789642496,8.011010151305813,0.3479796973883773,1.1729289408593206,0.01
24.1,uav_05,1,0.34449911612858686,54.0137731654049,8.010000000000002,0.3453035569438517,1.265910670831555,0.01
24.1,uav_06,1,0.3050379871300309,68.54217454379882,8.010000000000002,0.3569267557003918,1.1542436449513713,0.01
24.2,uav_01,1,0.35115215906693087,-3.789136052039534,8.02,0.3160600099862227,1.0274733566345196,0.005353336662074221
24.2,uav_02,1,0.352973069976757,10.791152479231089,8.02,0.3227818575948783,1.039736501582074,0.01
24.2,uav_03,1,0.3526201911763384,25.20216048207683,8.02,0.313025677271441,1.012102709085764,0.01
24.2,uav_04,1,0.35778363445363454,39.66600789078218,8.02,0.3291870366205031,1.107832097654675,0.01
24.2,uav_05,1,0.37110861829678665,54.12757690024939,8.011541066499845,0.3269178670003111,1.209212534501089,0.01
24.2,uav_06,1,0.3353646988481164,68.65585190787311,8.015859200529695,0.3382815989406121,1.0889855962921424,0.01
24.3,uav_01,1,0.3827961517660599,-3.6738851159308075,8.02,0.28884242969176904,0.9397909336129606,0.0
24.3,uav_02,1,0.37851353540191757,10.882266043899957,8.02,0.2977022201666569,0.9705392537777516,0.0025674067222189604
24.3,uav_03,1,0.38320864527839266,25.3092661090666,8.02,0.29189075311572504,0.9275630124629003,0.00094537655786253
24.3,uav_04,1,0.3886614740867052,39.78425903243173,8.02,0.29812315097240516,1.0224926038896207,0.009061575486202575
24.3,uav_05,1,0.3977941951818345,54.24852704030801,8.02,0.30771942047104933,1.143918454589465,0.009239806823683118
24.3,uav_06,1,0.3624841162864992,68.75850421593893,8.02,0.31431537874629856,1.018174343323463,0.004771792915432852
24.4,uav_01,1,0.4131716036025793,-3.571021322643211,8.02,0.27392733871413544,0.8514187097130833,0.0
24.4,uav_02,1,0.40668673704375474,10.979370053032424,8.02,0.27566869414776174,0.8855091236649278,0.0
24.4,uav_03,1,0.4107580440566176,25.404220070118072,8.02,0.2728556468411904,0.8514225873647616,0.0
24.4,uav_04,1,0.4157346485099421,39.88761657850205,8.02,0.2794170892209801,0.9476683568839201,0.0
24.4,uav_05,1,0.4227213696909324,54.34398925517218,8.02,0.28188447819389695,1.0750252751837253,0.0006281593979656514
24.4,uav_06,1,0.38948106307865804,68.85660327160193,8.02,0.29089019357562257,0.9435607743024903,0.0
24.5,uav_01,1,0.44043087050739443,-3.487506685272385,8.02,0.2590200366149197,0.7760801464596786,0.0
24.5,uav_02,1,0.43225226623766827,11.060837505393831,8.02,0.26400216580963387,0.8120173264770708,0.0
24.5,uav_03,1,0.44282090478111097,25.504034331992216,8.02,0.25070198863829657,0.7531589488723346,0.0
24.5,uav_04,1,0.4427849044045807,39.98085015457946,8.02,0.2607268629015035,0.8729074516060139,0.0
24.5,uav_05,1,0.4518109222292571,54.455391893270246,8.02,0.2611570525099957,0.9852067362949806,0.0
24.5,uav_06,1,0.4166869799437258,68.95202650535784,8.02,0.2720924146761065,0.8644158660424792,0.0
24.6,uav_01,1,0.4667658405045174,-3.4119097216083865,8.02,0.24541201680015215,0.7032961344012172,0.0
24.6,uav_02,1,0.4524504717812998,11.135913844795887,8.02,0.2510727382152079,0.7442909528608317,0.0
24.6,uav_03,1,0.4616403733047677,25.578737082481464,8.02,0.24077408508536943,0.6761926806829556,0.0
24.6,uav_04,1,0.4591990268239313,40.05507383795336,8.02,0.2440784226024403,0.7983529017109815,0.0
24.6,uav_05,1,0.4687221619795703,54.54057875737868,8.02,0.24420848522207916,0.9089381834993562,0.0
24.6,uav_06,1,0.4443246094972515,69.03670034070015,8.02,0.25649817287026044,0.7819853829620838,0.0
24.7,uav_01,1,0.49007880586885244,-3.343556096559501,8.02,0.23603705088848617,0.6243334579963756,0.0
24.7,uav_02,1,0.4732389002379369,11.208230019249756,8.02,0.23650908737111614,0.6650908737111614,0.0
24.7,uav_03,1,0.4912637168849291,25.649379482780247,8.02,0.23028201314654062,0.5825381183188655,0.0
24.7,uav_04,1,0.4822941331285861,40.128189916992355,8.02,0.23007113357311823,0.7154623682252685,0.0
24.7,uav_05,1,0.49520347350300037,54.6324094273731,8.02,0.22838140479739896,0.8202884287843938,0.0
24.7,uav_06,1,0.47114488389400233,69.1219378606102,8.02,0.2444650238787899,0.6940226552121342,0.0
24.8,uav_01,1,0.5140375488747458,-3.275119580401284,8.02,0.22574761948637428,0.5189714338364912,0.0
24.8,uav_02,1,0.5028548271436922,11.2762810998394,8.02,0.22627760621348472,0.5553312745618165,0.0
24.8,uav_03,1,0.5208094705825888,25.71726931835418,8.02,0.22007477517984367,0.48074775179843654,0.0
24.8,uav_04,1,0.5054312132002104,40.20102577086702,8.02,0.22,0.6231382637099663,0.0
24.8,uav_05,1,0.5170297062034899,54.71598002433517,8.02,0.21414173643595924,0.7172756279236332,0.0
24.8,uav_06,1,0.49536910315357513,69.20165219665785,8.02,0.23,0.5846601671137368,0.0
24.9,uav_01,1,0.5400200903163997,-3.2154172437333064,8.02,0.2151570581995563,0.38704175659423184,0.0
24.9,uav_02,1,0.5289876578127005,11.336328768477065,8.02,0.21587415728656922,0.4263640447253998,0.0
24.9,uav_03,1,0.5401279852729347,25.761659145882863,8.02,0.22,0.35131489514454506,0.0
24.9,uav_04,1,0.534139622361987,40.27193721077006,8.02,0.2121362438126454,0.47777116956439014,0.0
24.9,uav_05,1,0.5408000723424153,54.784372901788004,8.02,0.20316857672432162,0.5843600741405027,0.0
24.9,uav_06,1,0.5204960182196885,69.25938848537612,8.02,0.22527459605974842,0.4485697487767295,0.0
25.0,uav_01,1,0.5642481875174248,-3.176148294717193,8.02,0.20013580655221916,0.25588274258942456,0.0
25.0,uav_02,1,0.5461488341772446,11.375761491627948,8.02,0.20698109138911283,0.3107541880584668,0.0
25.0,uav_03,1,0.5705347828638848,25.807902800463108,8.02,0.1993440886242579,0.21212906349109453,0.0
25.0,uav_04,1,0.5578216755828063,40.32398543716023,8.02,0.20093212710175587,0.3230497794245822,0.0
25.0,uav_05,1,0.562153536705093,54.84043636578241,8.02,0.19368732070294778,0.44530981054421653,0.0
25.0,uav_06,1,0.5468599202837755,69.30757025820948,8.02,0.2144084005088143,0.3017176071234001,0.0
25.1,uav_01,1,0.5864636969667362,-3.15062504434693,8.02,0.1860895914714374,0.14698550618581127,0.0
25.1,uav_02,1,0.563870867808487,11.409971869787478,8.02,0.19853158994583894,0.20237907935006708,0.0
25.1,uav_03,1,0.5913274849478443,25.830205249958855,8.02,0.1871382708078042,0.08712221863511892,0.0
25.1,uav_04,1,0.5885410745195608,40.37242090146389,8.02,0.19000871776721331,0.1901046132065596,0.0
25.1,uav_05,1,0.5798416588134175,54.88516738264857,8.02,0.17904237426195224,0.3187754327026896,0.0
25.1,uav_06,1,0.5721872006104691,69.34877436308355,8.02,0.20348779158460725,0.16836570743067986,0.0
25.2,uav_01,1,0.6035805861362853,-3.13404184384234,8.02,0.174438951974275,0.054975283884237496,0.0
25.2,uav_02,1,0.5920580566713043,11.430892644207068,8.02,0.18638109402264602,0.08190547011323003,0.0
25.2,uav_03,1,0.6109152284473718,25.841457363415458,8.02,0.1668372049778348,-0.002651180088660809,0.0
25.2,uav_04,1,0.6076497364527502,40.39438437891139,8.02,0.1702216156401272,0.09110807820063586,0.0
25.2,uav_05,1,0.5966341967101021,54.91911848162726,8.02,0.16581915287454985,0.20982983449459816,0.0
25.2,uav_06,1,0.5910361595634068,69.36733468883814,8.02,0.18744020603201603,0.06720103016008018,0.0
25.3,uav_01,1,0.622739229508668,-3.123036225288992,8.02,0.15458261271166263,-0.034378242797518214,0.0
25.3,uav_02,1,0.6117475841827644,11.442203227407386,8.02,0.1659745375358925,-0.02012731232053759,0.0
25.3,uav_03,1,0.6294909750140619,25.85078959000748,8.02,0.14637748460886668,-0.07845253591264442,0.0
25.3,uav_04,1,0.6280506206855947,40.40673757399716,8.02,0.15723339155232985,-0.007377622527120387,0.0
25.3,uav_05,1,0.6139932123649446,54.94551281150589,8.02,0.15364713083092044,0.10505921957006238,0.0
25.3,uav_06,1,0.6098066541252093,69.37811733647449,8.02,0.16798615070556017,-0.012048472530539402,0.0
25.4,uav_01,1,0.6395441813326073,-3.1180955486799644,8.02,0.1314970359126279,-0.1255088922621163,0.0
25.4,uav_02,1,0.6301357799113624,11.449348354810626,8.02,0.14537505469641407,-0.11233318747622914,0.0
25.4,uav_03,1,0.6483174671739579,25.84865334971003,8.02,0.11421869227851385,-0.1515626154429723,0.0
25.4,uav_04,1,0.6402471244253044,40.41482577343139,8.02,0.12465570486526883,-0.09425145369261648,0.0
25.4,uav_05,1,0.6346865591635087,54.960640989270594,8.02,0.13220019920195716,-0.00509910359119279,0.0
25.4,uav_06,1,0.6310324242390234,69.3825437579282,8.02,0.13898110993669027,-0.09605037350215924,0.0
25.5,uav_01,1,0.6485993380388811,-3.128498958154922,8.02,0.10112304685724822,-0.20331542971412767,0.0
25.5,uav_02,1,0.6473822285050495,11.438910314963733,8.02,0.11616877813810748,-0.18670463825831188,0.0
25.5,uav_03,1,0.6583254523563891,25.837155242060053,8.02,0.08080181339551439,-0.21149773325560703,0.0
25.5,uav_04,1,0.6588739932497119,40.402535971058875,8.02,0.0885277456357879,-0.17720838154631816,0.0
25.5,uav_05,1,0.6509052080193113,54.960640989270594,8.02,0.1061727576888896,-0.09687264616296105,0.0
25.5,uav_06,1,0.6514393129432735,69.3825437579282,8.02,0.10725604583603855,-0.1730692263825767,0.0
25.6,uav_01,1,0.6572210394747785,-3.13968462495714,8.02,0.06538034119183615,-0.25461965880816384,0.0
25.6,uav_02,1,0.6575691612728636,11.427206615400292,8.02,0.0724214302720113,-0.25606285578239096,0.0
25.6,uav_03,1,0.6675943911605606,25.824393340313584,8.02,0.04046985076514982,-0.25571808954091013,0.0
25.6,uav_04,1,0.6657553339699288,40.39058303121968,8.02,0.04174594061426869,-0.2309524356314388,0.0
25.6,uav_05,1,0.6605811058166082,54.960640989270594,8.02,0.07145062577497344,-0.1724614048937965,0.0
25.6,uav_06,1,0.6631363453130042,69.36639114615618,8.02,0.06357181784507707,-0.2264281821549229,0.0
25.7,uav_01,1,0.6642585997300653,-3.155855435401703,8.02,0.036204961418892435,-0.28379503858110755,0.0
25.7,uav_02,1,0.6657553339699288,11.41274453409988,8.02,0.018595102670342596,-0.29456195893186293,0.0
25.7,uav_03,1,0.675403961422197,25.801911614021545,8.02,-0.01023206793817406,-0.2820464135876348,0.0
25.7,uav_04,1,0.6694277920865789,40.37510627550578,8.02,-0.009030987230140614,-0.25761239489205623,0.0
25.7,uav_05,1,0.6689934692851776,54.953200444832106,8.02,0.033219710102458555,-0.22342423191803315,0.0
25.7,uav_06,1,0.6657553339699288,69.35171788898107,8.02,0.01095990179941446,-0.25561603928023424,0.0
25.8,uav_01,1,0.6657553339699288,-3.1759637735330726,8.02,-0.007593132676702828,-0.29751862653534056,0.0
25.8,uav_02,1,0.6657553339699288,11.39073931322234,8.02,-0.0376514844549856,-0.31,0.0
25.8,uav_03,1,0.6752293220565112,25.783876840499115,8.02,-0.05126699425990716,-0.29,0.0
25.8,uav_04,1,0.671615052765524,40.35702126053004,8.02,-0.06748822122930687,-0.27,0.0
25.8,uav_05,1,0.6741275223436977,54.93700400847606,8.02,-0.0079375377574518,-0.2526458459191506,0.0
25.8,uav_06,1,0.6657553339699288,69.3295425285765,8.02,-0.05343724400754206,-0.26890620733459036,0.0
25.9,uav_01,1,0.6657553339699288,-3.1951707060422256,8.02,-0.06327340121473811,-0.3061819144592483,0.0
25.9,uav_02,1,0.6615732325412618,11.368655811862483,8.02,-0.11517040017629364,-0.3078327999748152,0.0
25.9,uav_03,1,0.6658239275121565,25.76226524948893,8.02,-0.11950235948276679,-0.29,0.0
25.9,uav_04,1,0.6622173047936368,40.34215943296173,8.02,-0.13933498005605838,-0.2663331274929927,0.0
25.9,uav_05,1,0.6660875689632105,54.927766959117456,8.02,-0.0579339963434679,-0.2693113321144893,0.0
25.9,uav_06,1,0.656265345147516,69.31621455286513,8.02,-0.12884907998081538,-0.27,0.0
26.0,uav_01,1,0.6609859952100522,-3.2145945100232796,8.02,-0.12954417853280648,-0.3050569776833992,0.0
26.0,uav_02,1,0.6474450842613879,11.352424076731936,8.02,-0.16641967444939798,-0.30051147507865744,0.0
26.0,uav_03,1,0.6589712958041998,25.746519365051373,8.02,-0.16921763291881592,-0.2829689095830263,0.0
26.0,uav_04,1,0.6510102783456173,40.32226332877233,8.02,-0.21112809029513385,-0.26,0.0
26.0,uav_05,1,0.6657553339699288,54.90716504170002,8.02,-0.13296263210718592,-0.2791203290133983,0.0
26.0,uav_06,1,0.6469598471096051,69.29501476319358,8.02,-0.2058396618143047,-0.2605200422732119,0.0
26.1,uav_01,1,0.649622936693335,-3.2332552352817836,8.02,-0.19351960390052234,-0.29664005658563963,0.0
26.1,uav_02,1,0.6298405586900138,11.33219835530536,8.02,-0.23889070142126353,-0.29138866232234206,0.0
26.1,uav_03,1,0.6464632827266847,25.73439751541887,8.02,-0.22997842166683044,-0.2750026972916462,0.0
26.1,uav_04,1,0.627881737048563,40.30252909481695,8.02,-0.294674217182416,-0.256915722852198,0.0
26.1,uav_05,1,0.648630015134767,54.895377185988046,8.02,-0.21099587046159113,-0.27112551619230113,0.0
26.1,uav_06,1,0.6258411594713862,69.27093323993665,8.02,-0.292735439542931,-0.2496580700571336,0.0
26.2,uav_01,1,0.6335815245801973,-3.250448926646788,8.02,-0.24892126988198016,-0.28888484126475245,0.0
26.2,uav_02,1,0.6133678013372763,11.313272914536336,8.02,-0.30718126923007755,-0.2828523413462403,0.0
26.2,uav_03,1,0.6279759631975085,25.72208608075616,8.02,-0.2944137970263273,-0.2669482753717091,0.0
26.2,uav_04,1,0.5967834739933422,40.28849792558353,8.02,-0.37296718535499307,-0.24712910183062586,0.0
26.2,uav_05,1,0.6278768761561323,54.87278170590674,8.02,-0.287402541018547,-0.260371065568779,0.0
26.2,uav_06,1,0.5898899254501112,69.25028117406349,8.02,-0.3672563631554078,-0.24034295460557403,0.0
26.3,uav_01,1,0.6069350238187207,-3.270858250253105,8.02,-0.32256628219160444,-0.27935842945209893,0.0
26.3,uav_02,1,0.5844113262314561,11.293477073853005,8.02,-0.3786125890842679,-0.27392342636446654,0.0
26.3,uav_03,1,0.6061890025502022,25.705719467752107,8.02,-0.3534710896268954,-0.25913222759327614,0.0
26.3,uav_04,1,0.5536632893822793,40.26552061524167,8.02,-0.4558785221346339,-0.23676518473317076,0.0
26.3,uav_05,1,0.5935302297288279,54.85264005441134,8.02,-0.368424445652625,-0.2512861727052639,0.0
26.3,uav_06,1,0.5623474324096693,69.23947992940873,8.02,-0.4424631569833346,-0.23094210537708318,0.0
26.4,uav_01,1,0.5791634872843248,-3.2921292721843574,8.02,-0.39932064711727555,-0.2601698382206811,0.0
26.4,uav_02,1,0.5519922874555772,11.274854065389427,8.02,-0.4458118610443605,-0.2610470347389099,0.0
26.4,uav_03,1,0.5705865236919215,25.68526774238669,8.02,-0.4272691044627923,-0.2406827238843019,0.0
26.4,uav_04,1,0.5062777112342222,40.247133048041256,8.02,-0.5344564550391783,-0.22388588624020545,0.0
26.4,uav_05,1,0.5516097393039672,54.828558968401495,8.02,-0.44702921711701576,-0.25,0.0
26.4,uav_06,1,0.5209107934731163,69.22064628779918,8.02,-0.5141908991216977,-0.2219761376097878,0.0
26.5,uav_01,1,0.5436700522522646,-3.3125654247794487,8.02,-0.4730624678639854,-0.2508671915170018,0.0
26.5,uav_02,1,0.5145162424739743,11.255182492866128,8.02,-0.5201441179874633,-0.2466506535569485,0.0
26.5,uav_03,1,0.5340798846205295,25.66833948576207,8.02,-0.4956471622815244,-0.2327058708576084,0.0
26.5,uav_04,1,0.4534233847193462,40.232022668769126,8.02,-0.6200965920441618,-0.20665593421731535,0.0
26.5,uav_05,1,0.5154961642795332,54.817715852097336,8.02,-0.5303950303177634,-0.2321344377071637,0.0
26.5,uav_06,1,0.4609911088825306,69.19696898038603,8.02,-0.6083316188476514,-0.2112964867947054,0.0
26.6,uav_01,1,0.5017838924022231,-3.3218676168602337,8.02,-0.5399141300040412,-0.2433428744439954,0.0
26.6,uav_02,1,0.45955199944855984,11.231675671699243,8.02,-0.6116167944736985,-0.23604790069078768,0.0
26.6,uav_03,1,0.49358262521313,25.649728673697833,8.02,-0.5655082947980608,-0.22431146315024242,0.0
26.6,uav_04,1,0.3983221472248297,40.21182732318654,8.02,-0.6996254198271771,-0.2,-0.0024531774783971235
26.6,uav_05,1,0.4679245960532676,54.79989197913159,8.02,-0.6000467955868061,-0.22249415055164926,0.0
26.6,uav_06,1,0.4169629513906431,69.18710118379575,8.02,-0.6704701335322638,-0.20369123330846703,0.0
26.7,uav_01,1,0.45430469234654136,-3.3384991101463,8.02,-0.6166415893475354,-0.22833960266311612,0.0
26.7,uav_02,1,0.40486396973288424,11.211808541261979,8.02,-0.6833053567127878,-0.22708683041090152,-0.002913169589098475
26.7,uav_03,1,0.44404182247576257,25.63545276555083,8.02,-0.6382983474300842,-0.21148925612664796,0.0
26.7,uav_04,1,0.33785326525466547,40.19373171950097,8.02,-0.7698432063370056,-0.2,-0.01
26.7,uav_05,1,0.41084016767027615,54.7803637663462,8.02,-0.6768264581239728,-0.21368594909733635,0.0
26.7,uav_06,1,0.36323637027805095,69.1737155674729,8.02,-0.7335357303515578,-0.19580803370605526,-0.004191966293944738
26.8,uav_01,1,0.3998392977462287,-3.359018990491693,8.02,-0.6906855340506763,-0.21491430824366545,0.0
26.8,uav_02,1,0.34739657619306663,11.19471763811883,8.02,-0.7511964029074663,-0.22,-0.01
26.8,uav_03,1,0.38832424622740686,25.623531239941308,8.02,-0.7100391260704275,-0.19749510924119656,-0.00250489075880344
26.8,uav_04,1,0.27860447804561717,40.18522290269914,8.02,-0.8312496440347431,-0.2,-0.01
26.8,uav_05,1,0.34747365822967685,54.76587760756678,8.02,-0.749872469963121,-0.21,-0.0056960671375887156
26.8,uav_06,1,0.2980897024546331,69.15792139888264,8.02,-0.8036866839234956,-0.1926318537692773,-0.01
26.9,uav_01,1,0.33185585152871505,-3.3799073298355164,8.02,-0.7660590269589557,-0.21,-0.004507378369869459
26.9,uav_02,1,0.27129205508458193,11.182836680187412,8.019019070963529,-0.8378474322917733,-0.22,-0.01
26.9,uav_03,1,0.3325755362022332,25.606177999096417,8.02,-0.775313133764928,-0.19066414172061602,-0.01
26.9,uav_04,1,0.19088290336189898,40.16376979407738,8.010870471572778,-0.9130362274177845,-0.2,-0.01
26.9,uav_05,1,0.28051688149124804,54.750224320424095,8.02,-0.8241760460394086,-0.21,-0.01
26.9,uav_06,1,0.23602211495007758,69.14842765645538,8.019401920135177,-0.8747846389185775,-0.2005980798648222,-0.01
27.0,uav_01,1,0.2578908137660299,-3.396618277223302,8.015910295850352,-0.8468073373468279,-0.21,-0.01
27.0,uav_02,1,0.18842721986572514,11.161680490281732,8.010000000000002,-0.9141874372112941,-0.22052342965141175,-0.01
27.0,uav_03,1,0.26796842330194254,25.596899664071785,8.02,-0.8422730289720866,-0.19903412862151082,-0.01
27.0,uav_04,1,0.11037879297213399,40.15345929790093,8.010000000000002,-0.9804812535706996,-0.2151203133926749,-0.01
27.0,uav_05,1,0.20430729506839107,54.72951303316378,8.015749723254066,-0.904002213967477,-0.21425027674593464,-0.01
27.0,uav_06,1,0.16479613104726015,69.13024297704696,8.01119971948468,-0.9404022441225712,-0.2088002805153214,-0.01
27.1,uav_01,1,0.184686552666723,-3.4095080300299894,8.010000000000002,-0.9228702058957733,-0.21285877573697165,-0.01
27.1,uav_02,1,0.10861019442371368,11.141302434897334,8.010000000000002,-0.9877196199489462,-0.22971495249361829,-0.01
27.1,uav_03,1,0.19870748437159158,25.58004944003969,8.02,-0.9069388702524528,-0.2,-0.01
27.1,uav_04,1,0.02167783428832562,40.13578233591778,8.010000000000002,-1.0540261834215383,-0.2267532729276923,-0.00324672707230772
27.1,uav_05,1,0.11756773353904491,54.708307390674335,8.010000000000002,-0.9805206628694002,-0.22381508285867505,-0.01
27.1,uav_06,1,0.0860100198701615,69.11187362583095,8.010000000000002,-1.006686218151663,-0.21708577726895786,-0.01
27.2,uav_01,1,0.09146216131083978,-3.4309290060822786,8.010000000000002,-1.0001656649797697,-0.2225207081224712,-0.01
27.2,uav_02,1,-0.0027814744655177133,11.117918960936322,8.010000000000002,-1.0720965576707315,-0.23026206970884144,0.0
27.2,uav_03,1,0.13009413315745072,25.562531791085124,8.014981304690961,-0.9701495624723224,-0.2050186953090403,-0.01
27.2,uav_04,1,-0.07255990655878458,40.115442665626794,8.010000000000002,-1.1274198582160078,-0.23,0.0
27.2,uav_05,1,0.020939809251163878,54.6868762438861,8.010000000000002,-1.0543712195997543,-0.2334816027999649,-0.006518397200035103
27.2,uav_06,1,-0.0013271154210012029,69.09860903381174,8.010000000000002,-1.0791003557413896,-0.2261375444676737,-0.0038624555323263096
27.3,uav_01,1,0.009294426564541465,-3.4485557057190412,8.010000000000002,-1.067539709467016,-0.23,-0.00905753631662301
27.3,uav_02,1,-0.10138385187680862,11.097321940736451,8.010000000000002,-1.1464188544513796,-0.23955235680642245,0.0
27.3,uav_03,1,0.04981380683438775,25.547621045391796,8.010000000000002,-1.0379070071316046,-0.21348837589145056,-0.006511624108549444
27.3,uav_04,1,-0.1724247486763087,40.095567909954156,8.010000000000002,-1.1942439434380596,-0.23,0.0
27.3,uav_05,1,-0.09014532658090423,54.66367170397499,8.010000000000002,-1.131584093896264,-0.24,0.0
27.3,uav_06,1,-0.10317514933294114,69.08196136380928,8.010000000000002,-1.149043932495383,-0.23,0.0
27.4,uav_01,1,-0.10229922737770403,-3.4615568224138573,8.010000000000002,-1.1493477041065872,-0.23,0.0
27.4,uav_02,1,-0.21413302175827992,11.075649775317377,8.010000000000002,-1.2152931163412817,-0.23067241195124547,0.0
27.4,uav_03,1,-0.04765899346856436,25.53447827632746,8.010000000000002,-1.1113778767960443,-0.22267223459950553,0.0
27.4,uav_04,1,-0.2799625293227245,40.07996618983563,8.010000000000002,-1.257008080480249,-0.2222834055770717,0.0
27.4,uav_05,1,-0.1998224309290073,54.645903254732126,8.010000000000002,-1.2074746034604662,-0.23607505664850484,0.0
27.4,uav_06,1,-0.21942945505829142,69.05970073129362,8.010000000000002,-1.2193285486163252,-0.22438163591195354,0.0
27.5,uav_01,1,-0.22177589631462374,-3.4844344803523466,8.010000000000002,-1.2215804851571148,-0.22669128995511006,0.0
27.5,uav_02,1,-0.35413020746575496,11.060377435526828,8.010000000000002,-1.2997294224735625,-0.20635146657241413,0.0
27.5,uav_03,1,-0.14000955883118,25.51544095057373,8.010000000000002,-1.1788131498611443,-0.2287409785912651,0.0
27.5,uav_04,1,-0.39403683274711143,40.06707906982061,8.010000000000002,-1.3219350779599928,-0.20177434576500275,0.0
27.5,uav_05,1,-0.33148972277433053,54.628328984890054,8.010000000000002,-1.284225429173418,-0.22022130595045197,0.0
27.5,uav_06,1,-0.3488122710414576,69.03608470014598,8.010000000000002,-1.2938926336813328,-0.20745924751961922,0.0
27.6,uav_01,1,-0.34766306733174657,-3.5077392847757722,8.010000000000002,-1.2973279067476913,-0.20566802331307718,0.0
27.6,uav_02,1,-0.5024899107277728,11.038465391585174,8.010000000000002,-1.3875937008250396,-0.1734023621906102,0.0
27.6,uav_03,1,-0.2631365409639209,25.492187203454293,8.010000000000002,-1.2522333762228908,-0.21650474965060265,0.0
27.6,uav_04,1,-0.5116538704278538,40.04938116984119,8.010000000000002,-1.3915923759090891,-0.1756528590340915,0.0
27.6,uav_05,1,-0.4691765543137738,54.604921447064335,8.010000000000002,-1.3635785452942026,-0.1882107273528987,0.0
27.6,uav_06,1,-0.48574563086442196,69.02041773528985,8.010000000000002,-1.3733913846990065,-0.17997823073787259,0.0
27.7,uav_01,1,-0.4928439752242434,-3.5283375761843403,8.010000000000002,-1.380395883114843,-0.17834520964866107,0.0
27.7,uav_02,1,-0.6498606180167704,11.026601352856014,8.010000000000002,-1.4732141066952984,-0.13839294665235075,0.0
27.7,uav_03,1,-0.3781025003680668,25.472951274449613,8.010000000000002,-1.3167838720969658,-0.19745604796363783,0.0
27.7,uav_04,1,-0.6293332899460607,40.03974623354859,8.010000000000002,-1.4611257914160274,-0.1494371042919863,0.0
27.7,uav_05,1,-0.6071010046560504,54.58897420548831,8.010000000000002,-1.4475258015371815,-0.15415806615427283,0.0
27.7,uav_06,1,-0.6271938841787512,69.00933800245812,8.010000000000002,-1.460020560079753,-0.1433241955201098,0.0
27.8,uav_01,1,-0.6330289517318545,-3.539598437812955,8.010000000000002,-1.4576490973266372,-0.14078363422445425,0.0
27.8,uav_02,1,-0.817791622374426,11.014326532407788,8.010000000000002,-1.5657739201896577,-0.09410047991570773,0.0
27.8,uav_03,1,-0.5085108362867572,25.46228657443747,8.010000000000002,-1.393748887325296,-0.16859416725301404,0.0
27.8,uav_04,1,-0.7839936340335261,40.02881698508156,8.010000000000002,-1.5414310890824414,-0.10936396040780381,0.0
27.8,uav_05,1,-0.7388374478854769,54.57918779054526,8.010000000000002,-1.5228717648356038,-0.12356411758219814,0.0
27.8,uav_06,1,-0.7658998276096478,68.99871411386307,8.010000000000002,-1.5400220979664052,-0.10498895101679745,0.0
27.9,uav_01,1,-0.7758329614926432,-3.5472781599617553,8.010000000000002,-1.544798544059942,-0.10897842486224797,0.0
27.9,uav_02,1,-0.9971103572465443,11.007647539669804,8.010000000000002,-1.6592573677683071,-0.05037131611584649,0.0
27.9,uav_03,1,-0.6435521242190562,25.45194337244922,8.010000000000002,-1.4683937178909643,-0.14060235579088842,0.0
27.9,uav_04,1,-0.9146078610286033,40.02881698508156,8.010000000000002,-1.6175771507687753,-0.07552126632498875,0.0
27.9,uav_05,1,-0.8784996084658839,54.572657440727845,8.010000000000002,-1.5952458680892385,-0.08737706595538072,0.0
27.9,uav_06,1,-0.9269828423882178,68.99456020938545,8.016514151356528,-1.6286273622087515,-0.07045754593041614,0.0
28.0,uav_01,1,-0.9421245309349449,-3.550958048460824,8.013319627880051,-1.6365570230404005,-0.07004111635984983,0.0
28.0,uav_02,1,-1.1753958089628378,11.007647539669804,8.015776467097282,-1.7404352696809775,-0.01267059870815249,0.0
28.0,uav_03,1,-0.8024154354359297,25.43987674666084,8.010684519005382,-1.5561606710484204,-0.09794644298385986,0.0
28.0,uav_04,1,-1.0839642714747664,40.01881165509657,8.010000000000002,-1.702206475550986,-0.04292257166838026,0.0
28.0,uav_05,1,-1.0540219209035009,54.572657440727845,8.014022555902228,-1.6821804472178115,-0.04390977639109424,0.0
28.0,uav_06,1,-1.1053363468655804,68.98637087827575,8.02,-1.7117131745656067,-0.030449614533939014,0.0
28.1,uav_01,1,-1.107524961639037,-3.558363403947033,8.02,-1.712500121518083,-0.03714278770395257,0.0
28.1,uav_02,1,-1.3658120970034078,11.007647539669804,8.02,-1.81625547572965,0.013215850208471408,0.0
28.1,uav_03,1,-0.9811357845950653,25.429550308327414,8.02,-1.6526426316450935,-0.06367868417745326,0.0
28.1,uav_04,1,-1.2705681303615624,40.01773174109629,8.019824340669885,-1.7885947253590806,-0.010526977990344834,0.0
28.1,uav_05,1,-1.2426795670577755,54.572657440727845,8.02,-1.7690817585374985,-0.010229560365625388,0.0
28.1,uav_06,1,-1.2982004563377039,68.98347496500634,8.02,-1.795463889570084,-0.003634027607479006,0.0
28.2,uav_01,1,-1.2977063595604295,-3.558363403947033,8.02,-1.7891529185935888,-0.0016705946875460627,0.0
28.2,uav_02,1,-1.5641648690966814,11.015881351051874,8.02,-1.8845663321464845,0.034855444048828205,0.0
28.2,uav_03,1,-1.1540022753792327,25.429550308327414,8.02,-1.734010626067501,-0.023995445971070943,0.0
28.2,uav_04,1,-1.4700781221450119,40.01852600673112,8.02,-1.8542990427773332,0.012149521388666542,0.0
28.2,uav_05,1,-1.4374758282464382,54.572657440727845,8.02,-1.844681285359366,0.01734064267968297,0.0
28.2,uav_06,1,-1.4980777305870079,68.99354695380315,8.02,-1.864515652261779,0.018171884087259612,0.0
28.3,uav_01,1,-1.487211497361748,-3.5530325128976563,8.02,-1.8636629824252824,0.0196179949786521,0.0
28.3,uav_02,1,-1.7651678762446872,11.02757047343121,8.02,-1.9478348825522949,0.06391744127614744,0.0
28.3,uav_03,1,-1.3154424766795685,25.429550308327414,8.02,-1.7986014000918304,0.002457542883380136,0.0
28.3,uav_04,1,-1.6744373507644725,40.030686430742215,8.02,-1.9201185626408606,0.04337285421362019,0.0
28.3,uav_05,1,-1.636035182329355,54.579986205728325,8.02,-1.9096676789985343,0.043222559666178086,0.0
28.3,uav_06,1,-1.6907065091972437,68.99456020938545,8.02,-1.9275610307624031,0.04878051538120164,0.0
28.4,uav_01,1,-1.6899556653115109,-3.5472781599617553,8.02,-1.933449523141074,0.04672476157053707,0.0
28.4,uav_02,1,-1.9903891167363625,11.029818028428014,8.02,-2.0151064804069714,0.0883688268023238,0.0
28.4,uav_03,1,-1.5206668443628353,25.43223670854213,8.02,-1.874540411322544,0.024846803774181317,0.0
28.4,uav_04,1,-1.8836710249000634,40.042244999425854,8.02,-1.9826804780394331,0.06634023901971665,0.0
28.4,uav_05,1,-1.8526448675065068,54.59219450947998,8.02,-1.9757463515163607,0.07287317575818034,0.0
28.4,uav_06,1,-1.9044326677394132,69.00637317196019,8.02,-1.9939388500491844,0.0719694250245922,0.0
28.5,uav_01,1,-1.9072554389803997,-3.5400615844499397,8.02,-1.9925503672495393,0.07302014689981581,0.0
28.5,uav_02,1,-2.212390786278316,11.052137610146294,8.02,-2.070806982771687,0.12053798851445788,0.0
28.5,uav_03,1,-1.7255445993666831,25.44442578506293,8.02,-1.9405150137973766,0.0468383379324589,0.0
28.5,uav_04,1,-2.0715116035945997,40.05284926014313,8.02,-2.0383975882976775,0.09503855297860665,0.0
28.5,uav_05,1,-2.065566953066342,54.6038433077586,8.02,-2.038796643671876,0.11253109578125065,0.0
28.5,uav_06,1,-2.080801681597646,69.01602218068793,8.02,-2.0461650801497013,0.09808254007485082,0.0
28.6,uav_01,1,-2.107508809346534,-3.5291058814916463,8.02,-2.048359284731848,0.09917964236592412,0.0
28.6,uav_02,1,-2.4363243981068803,11.0645901712078,8.02,-2.132735907322159,0.16205193049161926,0.0
28.6,uav_03,1,-1.92361383954167,25.451720797085624,8.02,-2.0010473325385925,0.07052366626929626,0.0
28.6,uav_04,1,-2.30032046078172,40.06479821298558,8.02,-2.0922933472069682,0.1298346777655746,0.0
28.6,uav_05,1,-2.2802551906759487,54.61558873045216,8.02,-2.093641605875681,0.14618496352540847,0.0
28.6,uav_06,1,-2.3132644738746344,69.02857237094331,8.02,-2.101705936292275,0.13102356177536506,0.0
28.7,uav_01,1,-2.3020075457528795,-3.512426227378006,8.02,-2.0985998296860067,0.12715989781160406,0.0
28.7,uav_02,1,-2.6668106347841114,11.088514617691555,8.02,-2.1773754986852794,0.19442529921116766,0.0
28.7,uav_03,1,-2.121046388055063,25.458602523746187,8.02,-2.055520015949715,0.096208006379886,0.0
28.7,uav_04,1,-2.533453220330285,40.0807879792251,8.02,-2.1472075979913874,0.17032455879483258,0.0
28.7,uav_05,1,-2.484404682662957,54.63562955942701,8.02,-2.14201788732216,0.18361430985772798,0.0
28.7,uav_06,1,-2.5181581189498043,69.04997245623788,8.02,-2.149968484556552,0.1599810907339312,0.0
28.8,uav_01,1,-2.516366687953944,-3.496487351180519,8.02,-2.149091968738192,0.1632735749905538,0.0
28.8,uav_02,1,-2.905742597287008,11.112177733833763,8.02,-2.230741747702178,0.22429669908087108,0.0
28.8,uav_03,1,-2.354571145591318,25.478442133398293,8.02,-2.1105266018170425,0.1264212814536341,0.0
28.8,uav_04,1,-2.7625114677218643,40.10430395539592,8.02,-2.200242009378479,0.20214520562708754,0.0
28.8,uav_05,1,-2.722430211814596,54.659563090858065,8.02,-2.186795192434299,0.21759639432572453,0.0
28.8,uav_06,1,-2.756812198579053,69.07381550512929,8.02,-2.202992421664059,0.19224431624804403,0.0
28.9,uav_01,1,-2.7511146677603455,-3.477267477060498,8.02,-2.202891610594805,0.19973496635688312,0.0
28.9,uav_02,1,-3.149498945730709,11.13848024267243,8.02,-2.278024194880229,0.24,0.0
28.9,uav_03,1,-2.5845184514934005,25.495924548181087,8.02,-2.1646905214085463,0.16481431284512787,0.0
28.9,uav_04,1,-3.0056811416080125,40.128135080946755,8.02,-2.249189729058192,0.224797432264548,0.0
28.9,uav_05,1,-2.961565077614508,54.68345356461901,8.02,-2.239872988082954,0.23994919523318164,0.0
28.9,uav_06,1,-2.9480313617682756,69.09291902007985,8.02,-2.2374589869417187,0.21809424020628873,0.0
29.0,uav_01,1,-2.969233582730992,-3.4554765760187545,8.02,-2.2456284369445645,0.22281421847228222,0.0
29.0,uav_02,1,-3.3811577576041536,11.168779753265872,8.02,-2.310714773199935,0.2373213067000162,0.0
29.0,uav_03,1,-2.817947078181533,25.51973288055606,8.02,-2.2183842695652682,0.19703056173916078,0.0
29.0,uav_04,1,-3.259040100723716,40.159582938901075,8.02,-2.2939519740714025,0.23,0.0
29.0,uav_05,1,-3.180951310307966,54.714935347405735,8.02,-2.277798553054951,0.24,0.0
29.0,uav_06,1,-3.2191558566237024,69.1189354627712,8.02,-2.293298393906581,0.23,0.0
29.1,uav_01,1,-3.2047391480960776,-3.4251401861166566,8.02,-2.286907572041413,0.2367268930103533,0.0
29.1,uav_02,1,-3.622299954526363,11.191592753596131,8.02,-2.351873993430571,0.22406300328471435,0.0
29.1,uav_03,1,-3.0647364297987947,25.54376012650663,8.02,-2.266057377636125,0.22302868881806254,0.0
29.1,uav_04,1,-3.5124877908573238,40.18803667973087,8.02,-2.3372642064493676,0.22318394838765812,0.0
29.1,uav_05,1,-3.3992428865388526,54.73644491481072,8.02,-2.315505395191362,0.23112365120215955,0.0
29.1,uav_06,1,-3.4702578226719543,69.14513017312225,8.02,-2.327772240446379,0.22805693988840517,0.0
29.2,uav_01,1,-3.4355181853397716,-3.400010361873187,8.02,-2.325700591935469,0.23357485201613273,0.0
29.2,uav_02,1,-3.843045920783462,11.21423179005053,8.02,-2.3884795652817807,0.2036403260386642,0.0
29.2,uav_03,1,-3.2959924404292775,25.56590083359358,8.02,-2.3060036460011335,0.23,0.0
29.2,uav_04,1,-3.744885215363866,40.209396667647134,8.02,-2.375801900903671,0.20709904954816474,0.0
29.2,uav_05,1,-3.6432570851512436,54.759807104872465,8.02,-2.357655463576906,0.21117226821154683,0.0
29.2,uav_06,1,-3.7153120305593905,69.1772992843218,8.02,-2.3696978777369453,0.21272659169729083,0.0
29.3,uav_01,1,-3.6771995725567153,-3.377201751963143,8.02,-2.36013891803623,0.21657405464251323,0.0
29.3,uav_02,1,-4.076469784872936,11.242429540625093,8.02,-2.4253906030830326,0.17460939691696747,0.0
29.3,uav_03,1,-3.5397779295145533,25.59703244835908,8.02,-2.341085655991016,0.22297144800299473,0.0
29.3,uav_04,1,-3.996132197366594,40.23248914592938,8.02,-2.4105990162985598,0.17940098370144028,0.0
29.3,uav_05,1,-3.9055356665434156,54.78393901554426,8.02,-2.4008956965867014,0.1791043034132985,0.0
29.3,uav_06,1,-3.9480663032010055,69.19869207070307,8.02,-2.406221060331823,0.183778939668177,0.0
29.4,uav_01,1,-3.938094104067888,-3.352931053421265,8.02,-2.400641090380723,0.18701918221445785,0.0
29.4,uav_02,1,-4.333539970260965,11.25675459824366,8.02,-2.4594390072141827,0.14292074458936294,0.0
29.4,uav_03,1,-3.769759972591607,25.621727871561703,8.02,-2.3767267993940964,0.20663660030295178,0.0
29.4,uav_04,1,-4.257230855875986,40.25648710603986,8.02,-2.450762479992379,0.13923752000762124,0.0
29.4,uav_05,1,-4.160369654774094,54.80650083887721,8.02,-2.431900308062941,0.1485747689527942,0.0
29.4,uav_06,1,-4.20071306422172,69.21898053195187,8.02,-2.439798386569523,0.15265121007285767,0.0
29.5,uav_01,1,-4.215789101385779,-3.3281898554290223,8.02,-2.4452791646319745,0.15354062652601924,0.0
29.5,uav_02,1,-4.6102507609877215,11.277312169541213,8.02,-2.499793472655398,0.11020652734460243,0.0
29.5,uav_03,1,-4.016435136311533,25.644400147321765,8.02,-2.410724093066263,0.17927590693373724,0.0
29.5,uav_04,1,-4.528554354045696,40.27113487015693,8.02,-2.4857849684096447,0.10421503159035533,0.0
29.5,uav_05,1,-4.403694578903132,54.82821764043174,8.02,-2.4716226493018887,0.11837735069811127,0.0
29.5,uav_06,1,-4.430043539869822,69.23087812937257,8.02,-2.4747736306815478,0.1252263693184523,0.0
29.6,uav_01,1,-4.456264097416975,-3.3069375389370266,8.02,-2.4752169489899867,0.12478305101001344,0.0
29.6,uav_02,1,-4.844174476411287,11.287361666468408,8.02,-2.526990429033207,0.085339713977862,0.0
29.6,uav_03,1,-4.294282589089842,25.660237078388416,8.02,-2.4524102366522476,0.14569232251081432,0.0
29.6,uav_04,1,-4.779272104931485,40.28186099758213,8.02,-2.5148130900956795,0.07518690990432061,0.0
29.6,uav_05,1,-4.67319027909491,54.84007347276955,8.02,-2.503708091844298,0.08752793877046787,0.0
29.6,uav_06,1,-4.638050525416017,69.24926103966538,8.02,-2.499648468787067,0.10035153121293287,0.0
29.7,uav_01,1,-4.6974279824658005,-3.2945135635084055,8.02,-2.512075875157374,0.09594309363196968,0.0
29.7,uav_02,1,-5.052604588128705,11.296545599364023,8.02,-2.5512299395286413,0.06877006047135857,0.0
29.7,uav_03,1,-4.562593126916597,25.681846040579597,8.02,-2.4863940094598167,0.11360599054018358,0.0
29.7,uav_04,1,-5.010784850240204,40.29201741433886,8.02,-2.542299404430623,0.05513373037958452,0.0
29.7,uav_05,1,-4.905038652834411,54.849938992812156,8.02,-2.530271434974254,0.06972856502574613,0.0
29.7,uav_06,1,-4.875152229646346,69.25948480221487,8.02,-2.526965509067368,0.0730344909326318,0.0
29.8,uav_01,1,-4.958935948772882,-3.282957996176858,8.02,-2.545329742407208,0.07311350506186118,0.0
29.8,uav_02,1,-5.301904972972847,11.307153730462563,8.02,-2.5701845661623426,0.04981543383765732,0.0
29.8,uav_03,1,-4.80948595707523,25.694088234392467,8.02,-2.515919071627719,0.08408092837228076,0.0
29.8,uav_04,1,-5.228055349827365,40.30136800907917,8.02,-2.5617366145972604,0.044131692701369636,0.0
29.8,uav_05,1,-5.125340004732518,54.859313168840586,8.02,-2.5471843251331636,0.05281567486683604,0.0
29.8,uav_06,1,-5.084277069693481,69.26868252748869,8.02,-2.544571544236747,0.05542845576325265,0.0
29.9,uav_01,1,-5.2397272493385385,-3.270945961065951,8.02,-2.559279305530954,0.05144138893809215,0.0
29.9,uav_02,1,-5.582697815628554,11.319101916495628,8.02,-2.58,0.03903697409022497,0.0
29.9,uav_03,1,-5.081437505051704,25.70571605833405,8.02,-2.547387455824199,0.06174169611720072,0.0
29.9,uav_04,1,-5.461573028926161,40.31130456108978,8.02,-2.574832071804659,0.03516792819534126,0.0
29.9,uav_05,1,-5.3933842115619175,54.871097537309545,8.02,-2.5684456849479704,0.0407771575260147,0.0
29.9,uav_06,1,-5.319495409982297,69.27880288183917,8.02,-2.562830689657946,0.04358465517102696,0.0
30.0,uav_01,1,-5.486278214395954,-3.2604548218253115,8.02,-2.5774867264590116,0.0412566367704942,0.0
30.0,uav_02,1,-5.851247509897575,11.330478797188883,8.02,-2.58,0.03,0.0
30.0,uav_03,1,-5.370280837011302,25.718006805628672,8.02,-2.5702166362661334,0.03978336373386638,0.0
30.0,uav_04,1,-5.730831254912217,40.32276193049561,8.02,-2.58,0.024832233990033065,0.0
30.0,uav_05,1,-5.665742555624712,54.882334454107706,8.02,-2.579359666510053,0.030640333489946887,0.0
30.0,uav_06,1,-5.5644520601618925,69.28277655969774,8.02,-2.575818203437873,0.03418179656212679,0.0
30.1,uav_01,1,-5.769615907896599,-3.2483983486262216,8.02,-2.58,0.03038049081862166,0.0
30.1,uav_02,1,-6.05048730062196,11.338653985268499,8.02,-2.58,0.03,0.0
30.1,uav_03,1,-5.6577320125288395,25.73023831436168,8.02,-2.58,0.028749318507655955,0.0
30.1,uav_04,1,-5.981985443747255,40.328118579772955,8.02,-2.58,0.02,0.0
30.1,uav_05,1,-5.873449919817487,54.88304427940451,8.02,-2.58,0.03,0.0
30.1,uav_06,1,-5.783142935868564,69.28727979715812,8.02,-2.58,0.025937629062226266,0.0
30.2,uav_01,1,-5.993937745174519,-3.239178932727938,8.02,-2.58,0.03,0.0
30.2,uav_02,1,-6.2843103912733564,11.34020486749851,8.02,-2.564950759478796,0.03,0.0
30.2,uav_03,1,-5.940188064723048,25.73993714739791,8.02,-2.577907015068608,0.02,0.0
30.2,uav_04,1,-6.212019597837642,40.33174145753112,8.02,-2.5734636032652642,0.02,0.0
30.2,uav_05,1,-6.100148083828328,54.88970757222778,8.02,-2.573989042915622,0.03,0.0
30.2,uav_06,1,-5.985414264025061,69.29564298876059,8.02,-2.578393193128786,0.02,0.0
30.3,uav_01,1,-6.209747826574793,-3.236891320891259,8.02,-2.567712084877645,0.03,0.0
30.3,uav_02,1,-6.503880984589749,11.346803929457174,8.02,-2.548093970746287,0.035953014626856454,0.0
30.3,uav_03,1,-6.215247056130799,25.74287622948109,8.02,-2.567348653775536,0.02,0.0
30.3,uav_04,1,-6.46684873175774,40.33920382415206,8.02,-2.5538999595507796,0.0230500202246102,0.0
30.3,uav_05,1,-6.323016256492392,54.89919097062526,8.02,-2.5654340683267316,0.03456593167326812,0.0
30.3,uav_06,1,-6.19862040377955,69.30471525212701,8.02,-2.5702091034901966,0.02,0.0
30.4,uav_01,1,-6.439534106905288,-3.2313880631636986,8.02,-2.5500710213697526,0.03,0.0
30.4,uav_02,1,-6.702226809853255,11.355395929818464,8.02,-2.528888422679029,0.04,0.0
30.4,uav_03,1,-6.454234904239272,25.75304554595131,8.02,-2.5563498248570755,0.02,0.0
30.4,uav_04,1,-6.721791755917821,40.342468760102584,8.02,-2.5311641029132033,0.03,0.0
30.4,uav_05,1,-6.535159235048607,54.908217994717525,8.02,-2.551872366836153,0.04,0.0
30.4,uav_06,1,-6.391058352608341,69.30494704845594,8.02,-2.5628222175733595,0.02,0.0
30.5,uav_01,1,-6.6995574630876975,-3.220323652278712,8.02,-2.5301086088123586,0.03494569559382084,0.0
30.5,uav_02,1,-6.891026739872468,11.36368816708561,8.02,-2.5064471386164753,0.04118428712784146,0.0
30.5,uav_03,1,-6.696517097295192,25.762107636156117,8.02,-2.536624145079174,0.021125284973608573,0.0
30.5,uav_04,1,-6.923174282167089,40.35132755078603,8.02,-2.506252740106609,0.03093681497334776,0.0
30.5,uav_05,1,-6.753867104999187,54.91630001214801,8.02,-2.5265590916936183,0.04114696943546049,0.0
30.5,uav_06,1,-6.622606327787041,69.31167128901558,8.02,-2.5418021852241752,0.02606593825860824,0.0
30.6,uav_01,1,-6.94174452813943,-3.2147208325268757,8.02,-2.5023783817200798,0.04,0.0
30.6,uav_02,1,-7.099929446808012,11.3725773125269,8.02,-2.482390441793322,0.04920318606889268,0.0
30.6,uav_03,1,-6.9413085293441945,25.762708313238914,8.02,-2.5078325165107946,0.03,0.0
30.6,uav_04,1,-7.168932439927804,40.36137431251644,8.02,-2.468461248702503,0.04,0.0
30.6,uav_05,1,-6.999182572130895,54.91728825232302,8.02,-2.496434033779614,0.05,0.0
30.6,uav_06,1,-6.875368559174931,69.32267266724959,8.02,-2.5120291517770785,0.03,0.0
30.7,uav_01,1,-7.159004751340193,-3.2113222390096063,8.02,-2.4677365138700034,0.04,0.0
30.7,uav_02,1,-7.285405191347593,11.373460600242,8.02,-2.453735969554658,0.05,0.0
30.7,uav_03,1,-7.183652230820417,25.773417046017155,8.02,-2.4689888997116753,0.03,0.0
30.7,uav_04,1,-7.381764526275476,40.36137431251644,8.02,-2.4345254416739937,0.04,0.0
30.7,uav_05,1,-7.276087099227139,54.92913582002751,8.02,-2.453683266004669,0.05,0.0
30.7,uav_06,1,-7.125399835205461,69.32711753682034,8.02,-2.477054227896614,0.03573644302584656,0.0
30.8,uav_01,1,-7.376276008299898,-3.201721412165474,8.02,-2.4330928866632644,0.04,0.0
30.8,uav_02,1,-7.4986762100315305,11.379077999044863,8.02,-2.4146627191502352,0.044932543830047085,0.0
30.8,uav_03,1,-7.408857766905882,25.783368474403016,8.02,-2.4241029772839355,0.03,0.0
30.8,uav_04,1,-7.637872861440098,40.371839652561405,8.02,-2.382796078791523,0.04,0.0
30.8,uav_05,1,-7.5118543675258405,54.93959729041816,8.02,-2.4139011382332725,0.05,0.0
30.8,uav_06,1,-7.357668232893391,69.33268724365658,8.02,-2.4399022677506617,0.04,0.0
30.9,uav_01,1,-7.547388663007111,-3.19416025106731,8.02,-2.4058091901038425,0.04,0.0
30.9,uav_02,1,-7.711005543093586,11.388617035219996,8.02,-2.3679642693287337,0.04,0.0
30.9,uav_03,1,-7.650884878067808,25.7842781245205,8.02,-2.3758643312637004,0.03,0.0
30.9,uav_04,1,-7.807032670509803,40.37961351559233,8.02,-2.341278479109033,0.03354641318483885,0.0
30.9,uav_05,1,-7.73296336222265,54.94955574489149,8.02,-2.3589024809862553,0.0498170801643759,0.0
30.9,uav_06,1,-7.584273320900159,69.34291265160884,8.02,-2.3945073518508484,0.03575122530847472,0.0
31.0,uav_01,1,-7.758567053192439,-3.1925503437686658,8.02,-2.356533818081056,0.04,0.0
31.0,uav_02,1,-7.899070305703835,11.397327547642597,8.02,-2.3192873690038884,0.04,0.0
31.0,uav_03,1,-7.838721297976277,25.791558127994712,8.02,-2.330596249075405,0.03,0.0
31.0,uav_04,1,-7.998374328827171,40.38354480127465,8.02,-2.2892981747246393,0.03,0.0
31.0,uav_05,1,-7.9103142853963515,54.94955574489149,8.02,-2.3147882073729793,0.04246470122882992,0.0
31.0,uav_06,1,-7.793676115055119,69.34928802518472,8.02,-2.343800789140854,0.03,0.0
31.1,uav_01,1,-8.005573334281424,-3.1842536795347804,8.02,-2.295093468876802,0.04,0.0
31.1,uav_02,1,-8.11223555125267,11.406716332985486,8.02,-2.254850025033596,0.03926428929051371,0.0
31.1,uav_03,1,-8.058049458792077,25.795363368899608,8.02,-2.2746255794500274,0.024104263241671267,0.0
31.1,uav_04,1,-8.205003958117546,40.38710190142713,8.02,-2.227537976520474,0.03,0.0
31.1,uav_05,1,-8.142790003085674,54.95783846418208,8.02,-2.2476971070268785,0.04,0.0
31.1,uav_06,1,-7.960389456586432,69.34928802518472,8.02,-2.302332507884191,0.03,0.0
31.2,uav_01,1,-8.231680336752811,-3.1735460026629903,8.02,-2.222849453925797,0.03285618174072459,0.0
31.2,uav_02,1,-8.299233526419133,11.406716332985486,8.02,-2.198322738504447,0.031188962643492413,0.0
31.2,uav_03,1,-8.289430852986337,25.801890048417043,8.02,-2.202898252660155,0.02,0.0
31.2,uav_04,1,-8.393095835743011,40.39463004525993,8.02,-2.164838768431335,0.02831541871459275,0.0
31.2,uav_05,1,-8.373074388576283,54.960640989270594,8.02,-2.170668397976919,0.03258354974711487,0.0
31.2,uav_06,1,-8.172742808414734,69.35900460190258,8.02,-2.2386427265840934,0.021234675226299064,0.0
31.3,uav_01,1,-8.42741605930283,-3.1703798554042835,8.02,-2.1532815911567766,0.024160198894597043,0.0
31.3,uav_02,1,-8.540807886107414,11.417408128775394,8.02,-2.1031943670008797,0.020354929666764394,0.0
31.3,uav_03,1,-8.487281822541432,25.806448612884882,8.02,-2.128380358214261,0.015375595357140084,0.0
31.3,uav_04,1,-8.599498330581985,40.39577204610199,8.02,-2.079698009326577,0.01896980093265769,0.0
31.3,uav_05,1,-8.576159102560895,54.96812228021295,8.02,-2.089260140617107,0.023251126735234107,0.0
31.3,uav_06,1,-8.382498455767506,69.36037326956382,8.02,-2.1646914549666825,0.02,0.0
31.4,uav_01,1,-8.620208825279619,-3.165133053882049,8.02,-2.0726685985189106,0.015266859851891043,0.0
31.4,uav_02,1,-8.735520978672064,11.417801576970763,8.02,-2.020783417675143,0.011198157519460392,0.0
31.4,uav_03,1,-8.659343716360361,25.809204260564606,8.02,-2.055141299681967,0.007514129968196696,0.0
31.4,uav_04,1,-8.798308545707219,40.40571528963904,8.02,-1.9858501801381674,0.009585018013816738,0.0
31.4,uav_05,1,-8.756982825368263,54.971726233649704,8.02,-2.0073254763410326,0.014732547634103274,0.0
31.4,uav_06,1,-8.608754479029368,69.36963945459235,8.02,-2.0747687625056552,0.011640973611739455,0.0
31.5,uav_01,1,-8.814424610766036,-3.159294611025178,8.02,-1.979324960711016,0.005932496071101599,0.0
31.5,uav_02,1,-8.91975663850231,11.426489529772505,8.02,-1.9316259695806324,0.01,0.0
31.5,uav_03,1,-8.812724732191512,25.817214189028853,8.02,-1.9828837274506859,0.0002883727450685939,0.0
31.5,uav_04,1,-8.986597375721123,40.40571528963904,8.02,-1.8929236543548222,0.0002923654354822277,0.0
31.5,uav_05,1,-8.95227927282734,54.97691478595307,8.02,-1.9131940631144106,0.01,0.0
31.5,uav_06,1,-8.79791789255339,69.37145851394293,8.02,-1.9880410261841015,0.002804102618410154,0.0
31.6,uav_01,1,-9.009149280870353,-3.159294611025178,8.02,-1.8795443581949813,0.0,0.0
31.6,uav_02,1,-9.098919243912873,11.428886821349868,8.02,-1.825836443022795,0.002986370251899571,0.0
31.6,uav_03,1,-8.987137314344928,25.81753385726399,8.02,-1.892790036480413,0.0,0.0
31.6,uav_04,1,-9.165160668259936,40.40571528963904,8.02,-1.7915905251292135,0.0,0.0
31.6,uav_05,1,-9.16125582040027,54.98281147763498,8.02,-1.7937604618354483,0.004480038486287363,0.0
31.6,uav_06,1,-8.986135317439802,69.37145851394293,8.02,-1.893309279969494,0.0,0.0
31.7,uav_01,1,-9.20352538723425,-3.159294611025178,8.02,-1.7702331727031475,0.0,0.0
31.7,uav_02,1,-9.270882755183537,11.428886821349868,8.02,-1.7213956261753605,0.0,0.0
31.7,uav_03,1,-9.13171431418348,25.81753385726399,8.02,-1.805442826801162,0.0,0.0
31.7,uav_04,1,-9.31479879001359,40.40571528963904,8.02,-1.6953597189881735,0.0,0.0
31.7,uav_05,1,-9.351079055674528,54.98281147763498,8.02,-1.6655898301449263,0.0,0.0
31.7,uav_06,1,-9.178904492616821,69.37883965960008,8.02,-1.780097610838918,0.0,0.0
31.8,uav_01,1,-9.37159459607604,-3.15584658470396,8.02,-1.6626744202386772,0.0,0.0
31.8,uav_02,1,-9.443692820867813,11.428886821349868,8.02,-1.6082655230270348,0.0,0.0
31.8,uav_03,1,-9.297603321812819,25.81753385726399,8.02,-1.70430983280707,-0.0050627424720845315,0.0
31.8,uav_04,1,-9.467131866464644,40.40571528963904,8.02,-1.5880745870001034,0.0,0.0
31.8,uav_05,1,-9.523121489322527,54.98958104671321,8.02,-1.5467180531518814,0.0,0.0
31.8,uav_06,1,-9.371140502232388,69.3825437579282,8.02,-1.6590844433183838,0.0,0.0
31.9,uav_01,1,-9.524353343254223,-3.1482093670399003,8.02,-1.5484943976552556,0.0,0.0
31.9,uav_02,1,-9.615141829085255,11.428886821349868,8.02,-1.474448345408307,0.0,0.0
31.9,uav_03,1,-9.46219759410884,25.81753385726399,8.02,-1.5958020896928564,-0.01,0.0
31.9,uav_04,1,-9.639225670663793,40.41290473846146,8.02,-1.4556871680090584,-0.006485602460841662,0.0
31.9,uav_05,1,-9.680898592513612,54.99389672201408,8.02,-1.4190136769769124,0.0,0.0
31.9,uav_06,1,-9.552823673422122,69.3825437579282,8.02,-1.5224007114286933,-0.008276868351638982,0.0
32.0,uav_01,1,-9.671432195780978,-3.1482093670399003,8.02,-1.427941016749033,-0.001575641660783358,0.0
32.0,uav_02,1,-9.758910789587667,11.435855664242867,8.02,-1.3419876863645228,0.0,0.0
32.0,uav_03,1,-9.610982767426233,25.821758985897016,8.02,-1.4804506438009748,-0.01,0.0
32.0,uav_04,1,-9.780415443817494,40.416800534018144,8.02,-1.323413308028485,-0.01,0.0
32.0,uav_05,1,-9.828158608027412,54.99389672201408,8.02,-1.2803360587794776,0.0,0.0
32.0,uav_06,1,-9.725255978478142,69.3825437579282,8.02,-1.3785974718770586,-0.01,0.0
32.1,uav_01,1,-9.806360784778994,-3.1482093670399003,8.02,-1.2965231208993402,-0.01,0.0
32.1,uav_02,1,-9.904410094573453,11.439972065728975,8.02,-1.1949031712100502,-0.006792630627853547,0.0
32.1,uav_03,1,-9.758841720676187,25.82461161408027,8.02,-1.3493878312820269,-0.013615154908426642,0.0
32.1,uav_04,1,-9.90875071267723,40.416800534018144,8.02,-1.1904044819767772,-0.01,0.0
32.1,uav_05,1,-9.965408884969685,54.99389672201408,8.02,-1.1348893854345965,0.0,0.0
32.1,uav_06,1,-9.853901811623029,69.3825437579282,8.02,-1.247250802528172,-0.01,0.0
32.2,uav_01,1,-9.957001489651425,-3.1482093670399003,8.02,-1.1354626610791394,-0.01,0.0
32.2,uav_02,1,-10.02636301464458,11.439972065728975,8.02,-1.0549273047974403,-0.01,0.0
32.2,uav_03,1,-9.8791361352,25.81753385726399,8.02,-1.2288742598626732,-0.02,0.0
32.2,uav_04,1,-10.025342001279622,40.416800534018144,8.02,-1.0594951996900117,-0.01,0.0
32.2,uav_05,1,-10.075597049811773,54.99389672201408,8.01340746707455,-0.9977045390437002,0.0,0.0
32.2,uav_06,1,-9.991598612202603,69.3825437579282,8.02,-1.0948887228197077,-0.01,0.0
32.3,uav_01,1,-10.067064776273014,-3.1482093670399003,8.017847739018459,-0.9998683462584181,-0.01,0.0
32.3,uav_02,1,-10.13759882889976,11.439972065728975,8.02,-0.9192628992900536,-0.01,0.0
32.3,uav_03,1,-9.99543733189888,25.81753385726399,8.02,-1.0973211837149577,-0.02,0.0
32.3,uav_04,1,-10.132095312794847,40.416800534018144,8.02,-0.9236043075032354,-0.01,0.0
32.3,uav_05,1,-10.186377864207756,54.99389672201408,8.010000000000002,-0.8586065046011347,0.0,0.0
32.3,uav_06,1,-10.116327551645357,69.3825437579282,8.019526836240018,-0.9438488711202485,-0.01,0.0
32.4,uav_01,1,-10.17973391816136,-3.1482093670399003,8.010000000000002,-0.8534635274326284,-0.013044706047280967,0.0
32.4,uav_02,1,-10.239298536860924,11.439972065728975,8.02,-0.7757388000963007,-0.01,0.0
32.4,uav_03,1,-10.104932953169257,25.81753385726399,8.02,-0.96320128978673,-0.02,0.0
32.4,uav_04,1,-10.24058722440874,40.416800534018144,8.013648355229066,-0.78378026274878,-0.01,0.0
32.4,uav_05,1,-10.279385479993701,54.99389672201408,8.010000000000002,-0.7244085836134214,-0.007965951365548214,0.0
32.4,uav_06,1,-10.215983274418683,69.3825437579282,8.010000000000002,-0.8093113316973457,-0.010890722358554518,0.0
32.5,uav_01,1,-10.276801430101404,-3.1482093670399003,8.010000000000002,-0.7273069950780429,-0.02,0.0
32.5,uav_02,1,-10.333944339537576,11.439972065728975,8.02,-0.6518881540708925,-0.01891925872082796,0.0
32.5,uav_03,1,-10.2026861505387,25.81753385726399,8.018576486080281,-0.831494319043664,-0.02,0.0
32.5,uav_04,1,-10.33016155771517,40.416800534018144,8.010000000000002,-0.6625149132818409,-0.017044098792559925,0.0
32.5,uav_05,1,-10.363782718037744,54.99389672201408,8.010000000000002,-0.6021023031854089,-0.01,0.0
32.5,uav_06,1,-10.2993870739072,69.3825437579282,8.010000000000002,-0.6938708022791461,-0.02,0.0
32.6,uav_01,1,-10.359096618121287,-3.1482093670399003,8.010000000000002,-0.596402248102676,-0.02,0.0
32.6,uav_02,1,-10.404665437727061,11.439972065728975,8.02,-0.5401045036779117,-0.02,0.0
32.6,uav_03,1,-10.26865489400371,25.81753385726399,8.011739374787359,-0.7426118722356495,-0.02,0.0
32.6,uav_04,1,-10.396629375224649,40.416800534018144,8.010000000000002,-0.5459807179258925,-0.02,0.0
32.6,uav_05,1,-10.423995776801315,54.99389672201408,8.010000000000002,-0.5006597510807641,-0.015956016594615728,0.0
32.6,uav_06,1,-10.379865219965742,69.3825437579282,8.010000000000002,-0.5703337505044416,-0.02,0.0
32.7,uav_01,1,-10.427792290476708,-3.1482093670399003,8.010000000000002,-0.42636767041156354,-0.02,0.0
32.7,uav_02,1,-10.461219556858408,11.428886821349868,8.02,-0.3707201271420859,-0.02,0.0
32.7,uav_03,1,-10.356945388377902,25.81753385726399,8.010000000000002,-0.5576639940068762,-0.03,0.0
32.7,uav_04,1,-10.45491399581119,40.408897129280795,8.010000000000002,-0.3930550676143325,-0.02,0.0
32.7,uav_05,1,-10.48230814213433,54.99389672201408,8.010000000000002,-0.3678798095599427,-0.02,0.0
32.7,uav_06,1,-10.43891044169683,69.3825437579282,8.010000000000002,-0.4091893432794268,-0.02181239157179842,0.0
32.8,uav_01,1,-10.474697669406448,-3.1554570220676865,8.010000000000002,-0.22577590018693133,-0.02,0.0
32.8,uav_02,1,-10.497386168596016,11.428886821349868,8.02,-0.2114144748888369,-0.02,0.0
32.8,uav_03,1,-10.416837897845335,25.81753385726399,8.010000000000002,-0.3590719831620994,-0.03,0.0
32.8,uav_04,1,-10.500521279215677,40.40571528963904,8.010000000000002,-0.21010502668863218,-0.02,0.0
32.8,uav_05,1,-10.516487949207118,54.99389672201408,8.010000000000002,-0.23214164466828072,-0.02,0.0
32.8,uav_06,1,-10.484637400924115,69.37896646889396,8.010000000000002,-0.21191268798241109,-0.03,0.0
32.9,uav_01,1,-10.495247902425946,-3.159294611025178,8.010000000000002,-0.040783237680858855,-0.02,0.0
32.9,uav_02,1,-10.517752797245512,11.428886821349868,8.010000000000002,-0.029143011121459884,-0.02,0.0
32.9,uav_03,1,-10.454190210898497,25.814818987700555,8.010000000000002,-0.14836557048272903,-0.03,0.0
32.9,uav_04,1,-10.516103214240609,40.40571528963904,8.010000000000002,-0.025880656994922258,-0.02,0.0
32.9,uav_05,1,-10.536211773949814,54.99389672201408,8.010000000000002,-0.10579312186523486,-0.02,0.0
32.9,uav_06,1,-10.501692471535454,69.37145851394293,8.010000000000002,-0.028045391228357558,-0.02586969274855717,0.0
33.0,uav_01,1,-10.497707291942197,-3.159294611025178,8.010000000000002,0.10286541160787468,-0.02,0.0
33.0,uav_02,1,-10.525279720131051,11.428886821349868,8.010000000000002,0.11565819476178046,-0.02,0.0
33.0,uav_03,1,-10.468761406843086,25.806448612884882,8.010000000000002,0.022116429645717344,-0.03,0.0
33.0,uav_04,1,-10.526477814820677,40.40571528963904,8.010000000000002,0.12099960808764383,-0.02,0.0
33.0,uav_05,1,-10.545950431945842,54.99109321977951,8.010000000000002,0.012877515193200819,-0.02,0.0
33.0,uav_06,1,-10.507355919394465,69.37145851394293,8.010000000000002,0.11280249689187484,-0.02,0.0
33.1,uav_01,1,-10.490691360952434,-3.159294611025178,8.010000000000002,0.20271428011338008,-0.02,0.0
33.1,uav_02,1,-10.516471774702122,11.428580772150093,8.010276087011986,0.21248478310786906,-0.02,0.0
33.1,uav_03,1,-10.46489513184278,25.806448612884882,8.010000000000002,0.15407779781503736,-0.02599292747136024,0.0
33.1,uav_04,1,-10.506393509594966,40.40516243654594,8.010000000000002,0.2339898306194378,-0.02,0.0
33.1,uav_05,1,-10.545076760813615,54.98281147763498,8.010000000000002,0.1226768228678177,-0.02,0.0
33.1,uav_06,1,-10.500065265552058,69.37145851394293,8.010000000000002,0.2140027015469191,-0.02,0.0
33.2,uav_01,1,-10.47436532206021,-3.159294611025178,8.010000000000002,0.286768033187463,-0.02,0.0
33.2,uav_02,1,-10.49736157426501,11.417801576970763,8.02,0.3008360510421477,-0.01988056413683604,0.0
33.2,uav_03,1,-10.450534488957365,25.806448612884882,8.010000000000002,0.2644534202733343,-0.02,0.0
33.2,uav_04,1,-10.488694995494333,40.394995584266546,8.010000000000002,0.3073619778212363,-0.02,0.0
33.2,uav_05,1,-10.531983653002222,54.98281147763498,8.010000000000002,0.26790161320670336,-0.018508198899441386,0.0
33.2,uav_06,1,-10.482224926963816,69.37145851394293,8.010000000000002,0.2911616369194255,-0.02,0.0
33.3,uav_01,1,-10.449382816771136,-3.166715922071992,8.010000000000002,0.35686335776739186,-0.013305234604658307,0.0
33.3,uav_02,1,-10.466641127438956,11.417801576970763,8.02,0.3743949863629453,-0.009267502272842442,0.0
33.3,uav_03,1,-10.42900768858487,25.806448612884882,8.013733807069716,0.34987045655772364,-0.016266192930284546,0.0
33.3,uav_04,1,-10.465401518925747,40.39463004525993,8.02,0.384352805379047,-0.009129438924190603,0.0
33.3,uav_05,1,-10.50441989371662,54.98281147763498,8.010000000000002,0.37760736561690345,-0.009239263438309655,0.0
33.3,uav_06,1,-10.460944183968772,69.36846479550123,8.010000000000002,0.35620380213183034,-0.01729936631136162,0.0
33.4,uav_01,1,-10.4198820925622,-3.1703798554042835,8.016886447392752,0.4144322369637575,-0.0031135526072484966,0.0
33.4,uav_02,1,-10.440298980536628,11.417801576970763,8.02,0.4289978732187771,-0.00016702113020381458,0.0
33.4,uav_03,1,-10.400473771331436,25.806448612884882,8.02,0.4179574203942801,-0.0064085159211439945,0.0
33.4,uav_04,1,-10.424065922703017,40.39463004525993,8.02,0.43316157534142885,0.0015807876707144353,0.0
33.4,uav_05,1,-10.464063483217812,54.98281147763498,8.010000000000002,0.4773035104966137,0.0012172517494356205,0.0
33.4,uav_06,1,-10.428228295267559,69.36037326956382,8.013002299311891,0.41200919724755786,-0.006997700688110535,0.0
33.5,uav_01,1,-10.384716008975735,-3.1703798554042835,8.02,0.44355303056444695,0.0067765152822234645,0.0
33.5,uav_02,1,-10.403935563589103,11.417801576970763,8.02,0.45788994379312015,0.009296647931040037,0.0
33.5,uav_03,1,-10.359273012130904,25.806448612884882,8.02,0.4593902440358674,0.014085366053801122,0.0
33.5,uav_04,1,-10.380803424278142,40.39463004525993,8.02,0.45279028237991303,0.021161129519652162,0.0
33.5,uav_05,1,-10.427720870928738,54.98281147763498,8.010000000000002,0.5315210606527297,0.011521060652729703,0.0
33.5,uav_06,1,-10.391335054777292,69.36321274679679,8.02,0.4425614926796964,0.007684478039089198,0.0
33.6,uav_01,1,-10.350246469773127,-3.164052711187652,8.02,0.45,0.032830869578509295,0.0
33.6,uav_02,1,-10.36324802474942,11.417801576970763,8.02,0.46787116796532346,0.03361350389597037,0.0
33.6,uav_03,1,-10.312397263809624,25.806448612884882,8.02,0.47551460552911423,0.05205842211645702,0.0
33.6,uav_04,1,-10.3382747626826,40.398008505781824,8.02,0.4569522904445285,0.062190838221885966,0.0
33.6,uav_05,1,-10.378800003741084,54.98352924916489,8.010647501764836,0.5593524982351659,0.04323750882417072,0.0
33.6,uav_06,1,-10.354249878610377,69.37145851394293,8.02,0.45,0.038681670236928,0.0
33.7,uav_01,1,-10.310311356308523,-3.159294611025178,8.02,0.44515594176205603,0.07422029118972003,0.0
33.7,uav_02,1,-10.322470654721895,11.426563961375983,8.02,0.462095452201545,0.07952273899227483,0.0
33.7,uav_03,1,-10.274081780598406,25.812481544319997,8.02,0.4691153839666585,0.1026538481000246,0.0
33.7,uav_04,1,-10.29774301372421,40.407723473894904,8.02,0.4445652503800857,0.10086949923982864,0.0
33.7,uav_05,1,-10.329066690092867,54.99478020647928,8.02,0.5484060171612266,0.09478194851632026,0.0
33.7,uav_06,1,-10.310123597353146,69.3746543650174,8.02,0.4442340446836779,0.08729786594896644,0.0
33.8,uav_01,1,-10.26833841395126,-3.15438336199325,8.02,0.4311391232552924,0.1310130686064766,0.0
33.8,uav_02,1,-10.282698158610172,11.436167404531368,8.02,0.44686437045046623,0.12940688864860128,0.0
33.8,uav_03,1,-10.229886170997835,25.82976057270226,8.02,0.4489702786539319,0.1686040247112384,0.0
33.8,uav_04,1,-10.259240949140866,40.42076379667815,8.02,0.4164247403170666,0.1625134088902668,0.0
33.8,uav_05,1,-10.265638075977117,55.009646827491224,8.02,0.5236877424330478,0.1647286009895552,0.0
33.8,uav_06,1,-10.263566467701525,69.38605431035029,8.02,0.42366626065780316,0.14900121802659047,0.0
33.9,uav_01,1,-10.232086218803556,-3.1397324045932655,8.02,0.41235293137730616,0.1967647401794284,0.0
33.9,uav_02,1,-10.241345713118875,11.454215186736079,8.02,0.4207269184516686,0.19497052361277323,0.0
33.9,uav_03,1,-10.18702315417057,25.85189714620138,8.02,0.42350131017951614,0.24399650618795687,0.0
33.9,uav_04,1,-10.216740508459658,40.44517803236384,8.02,0.3944006556109163,0.24239737755633486,0.0
33.9,uav_05,1,-10.216042200815034,55.03376060534197,8.02,0.4910581801017612,0.24384485306197007,0.0
33.9,uav_06,1,-10.227520572198856,69.39918606270365,8.02,0.4024804628048574,0.21005209918704693,0.0
34.0,uav_01,1,-10.194389894719576,-3.1140973767983873,8.02,0.38922757025796606,0.2687264793120905,0.0
34.0,uav_02,1,-10.199255351005483,11.478393854163095,8.02,0.3953397004137761,0.27864119834489576,0.0
34.0,uav_03,1,-10.14776767863986,25.874447323157565,8.02,0.3986583564923371,0.3253665740306515,0.0
34.0,uav_04,1,-10.173767516038168,40.47422483042311,8.02,0.36819753594625715,0.3314732374766476,0.0
34.0,uav_05,1,-10.172116184691369,55.06092792153659,8.02,0.45953114810882617,0.3279169383764635,0.0
34.0,uav_06,1,-10.192357401752691,69.42117839772794,8.02,0.37676512491981845,0.2829395003207261,0.0
34.1,uav_01,1,-10.154568486152739,-3.0797844641316385,8.02,0.36218259209212056,0.35126963163151775,0.0
34.1,uav_02,1,-10.15752582043882,11.511391343607894,8.02,0.3655726616890234,0.3651395688292709,0.0
34.1,uav_03,1,-10.105710555635575,25.913168471169225,8.02,0.3702960036236402,0.41254399033695954,0.0
34.1,uav_04,1,-10.136256295260615,40.51599703016074,8.02,0.3353861226756737,0.41897033953153684,0.0
34.1,uav_05,1,-10.120004595026565,55.0968503158625,8.02,0.4271255524153044,0.4143318602258548,0.0
34.1,uav_06,1,-10.160737717296755,69.44842413050667,8.02,0.36037953931935585,0.34848184272257665,0.0
34.2,uav_01,1,-10.119457004801614,-3.046197468161184,8.02,0.3379750555463487,0.4320665185430701,0.0
34.2,uav_02,1,-10.128281747243376,11.542930520182104,8.02,0.3371211671895804,0.44101022082778557,0.0
34.2,uav_03,1,-10.071263694450014,25.960863553058353,8.02,0.3380266997386264,0.4985954673636629,0.0
34.2,uav_04,1,-10.105074088868365,40.5637637355502,8.02,0.30306836031058815,0.5051510391717648,0.0
34.2,uav_05,1,-10.074223290378152,55.13679208839403,8.02,0.3958205563313552,0.4978118497830528,0.0
34.2,uav_06,1,-10.137708289176883,69.47467212254254,8.02,0.3368909926072448,0.41162401971401386,0.0
34.3,uav_01,1,-10.091221679451241,-3.005415700252067,8.02,0.30871149103315054,0.5101026905782653,0.0
34.3,uav_02,1,-10.088989460499167,11.588073166890943,8.02,0.31319899047635175,0.527204038094593,0.0
34.3,uav_03,1,-10.037060626170833,26.010724631254664,8.02,0.3094335495242938,0.5748438679352165,0.0
34.3,uav_04,1,-10.06698727294623,40.61966806200034,8.02,0.2701959089758882,0.5994122730723356,0.0
34.3,uav_05,1,-10.03874542451511,55.18189661786643,8.02,0.36824316458182055,0.5713515611151452,0.0
34.3,uav_06,1,-10.104969722164503,69.51228524319278,8.02,0.31648009629952867,0.4840796148018853,0.0
34.4,uav_01,1,-10.065585865142907,-2.9563276734889548,8.02,0.2795228034233175,0.5809543931533651,0.0
34.4,uav_02,1,-10.059650864766576,11.6395231476524,8.02,0.277987958263464,0.604024083473072,0.0
34.4,uav_03,1,-10.00924205571518,26.05818262520046,8.02,0.28374643273731665,0.6433428460338223,0.0
34.4,uav_04,1,-10.039822606844382,40.686923671176544,8.02,0.23816094474301963,0.688237480685281,0.0
34.4,uav_05,1,-10.004202622971118,55.23468461164726,8.02,0.34139260985711944,0.6429530403810148,0.0
34.4,uav_06,1,-10.07152226435643,69.56675338450631,8.02,0.28829468593194446,0.5678808375148149,0.0
34.5,uav_01,1,-10.036450504176806,-2.8975625167087484,8.02,0.24463048345058463,0.6641628244723692,-0.0026847582747076882
34.5,uav_02,1,-10.032012270302554,11.700817028942984,8.02,0.24734586552856486,0.6804110252571604,0.0
34.5,uav_03,1,-9.981608205433352,26.116599898863207,8.02,0.2600708308230622,0.7246812612962201,-0.004964584588468901
34.5,uav_04,1,-10.010116013733201,40.7612141553019,8.02,0.21310147865183449,0.7775940853926621,-0.008449260674082757
34.5,uav_05,1,-9.972326103078062,55.29212056529711,8.02,0.3154861199477526,0.7135416401567422,-0.0015046266840824693
34.5,uav_06,1,-10.042982533785143,69.621401892945,8.02,0.25871563089250216,0.6467583176199942,0.0
34.6,uav_01,1,-10.010566525935713,-2.8380866573157326,8.02,0.22674609044930222,0.7430156382027912,-0.01
34.6,uav_02,1,-10.002362901728867,11.768944952523867,8.02,0.22441117468029245,0.770149713938684,-0.007794412659853778
34.6,uav_03,1,-9.953985478684716,26.185067671495826,8.02,0.24098505932601483,0.8060597626959407,-0.01
34.6,uav_04,1,-9.98756526189225,40.844157937129,8.010640120252917,0.20064012025291594,0.8742389177237567,-0.01
34.6,uav_05,1,-9.941183497251945,55.368697992305805,8.01773646686537,0.28547293373073934,0.8081082650770427,-0.01
34.6,uav_06,1,-10.020362876850168,69.68648262660527,8.02,0.2279083574437133,0.7362749276688602,-0.007363880852095567
34.7,uav_01,1,-9.987445590566987,-2.7849596829793706,8.02,0.21077080740678197,0.8069167703728721,-0.01
34.7,uav_02,1,-9.979165936320374,11.860878621625536,8.011287518962114,0.21128751896211181,0.8596998483031055,-0.01
34.7,uav_03,1,-9.932058550168293,26.255391458655346,8.016876076485998,0.23,0.8749913881120206,-0.01
34.7,uav_04,1,-9.956888975153069,40.94036693105602,8.010000000000002,0.2,0.9623093018646623,-0.01
34.7,uav_05,1,-9.914399239218982,55.449075981130626,8.010000000000002,0.2684832489557345,0.882134008354124,-0.01
34.7,uav_06,1,-9.994160658482711,69.76062052012085,8.012705273312745,0.21270527331274416,0.8183578134980467,-0.01
34.8,uav_01,1,-9.97015335298905,-2.7080553106721803,8.011617122473405,0.20161712247340313,0.885445897739372,-0.01
34.8,uav_02,1,-9.96263421916867,11.928781994597223,8.010000000000002,0.21,0.935514199285465,-0.01
34.8,uav_03,1,-9.912456551143945,26.335772536676018,8.010000000000002,0.23,0.9475031671424194,-0.01
34.8,uav_04,1,-9.935979891215409,41.04846731031326,8.010000000000002,0.2,1.0576429619341914,-0.008908148295115515
34.8,uav_05,1,-9.890466083216687,55.51323481559372,8.010000000000002,0.2602150073545354,0.9482799411637168,-0.01
34.8,uav_06,1,-9.974817132496556,69.83452080522358,8.010000000000002,0.20403393228939976,0.8936946093954024,-0.01
34.9,uav_01,1,-9.952776541468067,-2.628198900256341,8.010000000000002,0.2,0.9591014965410599,-0.01
34.9,uav_02,1,-9.936359919432519,12.02235699814803,8.010000000000002,0.21,1.0181062301571848,-0.01
34.9,uav_03,1,-9.889038446683774,26.407827340413142,8.010000000000002,0.22972179852860006,1.0122256117711996,-0.00972179852860005
34.9,uav_04,1,-9.917617268955505,41.14407587950724,8.010000000000002,0.1993924834353725,1.1242526159523927,0.0
34.9,uav_05,1,-9.869342759055048,55.585563472493206,8.010000000000002,0.2529174847222467,1.01374263749978,-0.01
34.9,uav_06,1,-9.954991099305719,69.90718669735652,8.010000000000002,0.2,0.9632804505621172,-0.01
35.0,uav_01,1,-9.928468465920448,-2.538625120887373,8.010000000000002,0.2,1.0332497887525829,-0.01
35.0,uav_02,1,-9.915003863073004,12.11911648419961,8.010000000000002,0.20303819428284106,1.0956944457372717,-0.0030381942828410537
35.0,uav_03,1,-9.865147188639076,26.490172861770542,8.010000000000002,0.22146803150969227,1.078255747922462,-0.0014680315096922657
35.0,uav_04,1,-9.895796548221854,41.263762837137264,8.010000000000002,0.1874464031643226,1.2002143873427096,0.0
35.0,uav_05,1,-9.84497858268453,55.66953899165595,8.010000000000002,0.2445003375383842,1.0839972996929264,-0.004500337538384223
35.0,uav_06,1,-9.932497892696569,69.98787155899696,8.010000000000002,0.2,1.0331700202574423,-0.0071037474678197245
35.1,uav_01,1,-9.907432431248184,-2.446548361000251,8.010000000000002,0.2,1.1070830818751765,-0.004114614765602926
35.1,uav_02,1,-9.895041661490154,12.23042077025435,8.010000000000002,0.19269361404943364,1.1711447016539647,0.0
35.1,uav_03,1,-9.848006211237239,26.578874540215715,8.010000000000002,0.2133194490041429,1.1434444079668569,0.0
35.1,uav_04,1,-9.869896116823012,41.37835057959499,8.010000000000002,0.16865192778413568,1.274044216647593,0.0
35.1,uav_05,1,-9.815709890215542,55.77663893965744,8.010000000000002,0.23438881633741238,1.1592782856381134,0.0
35.1,uav_06,1,-9.912271203217724,70.09618842451671,8.010000000000002,0.2,1.1170231428072486,0.0
35.2,uav_01,1,-9.890610339696943,-2.3544755670619,8.010000000000002,0.19539726558648185,1.1722191408946272,0.0
35.2,uav_02,1,-9.876218143457647,12.346379009414939,8.010000000000002,0.18293910917911144,1.2394262357462198,0.0
35.2,uav_03,1,-9.832185754656896,26.675162941318366,8.010000000000002,0.20024231151502928,1.2041519096973976,0.0
35.2,uav_04,1,-9.858865804773721,41.506076787883075,8.010000000000002,0.14578792570824983,1.3363181114376252,0.0
35.2,uav_05,1,-9.792902135707893,55.88913594684579,8.010000000000002,0.2142921640172398,1.226651617293107,0.0
35.2,uav_06,1,-9.890764588106936,70.21973246020178,8.010000000000002,0.19095439681167325,1.2016596111591435,0.0
35.3,uav_01,1,-9.874500328596197,-2.2586608065288982,8.010000000000002,0.18409784551921862,1.230657540682735,0.0
35.3,uav_02,1,-9.856044355454607,12.473855430502185,8.010000000000002,0.1574546476641987,1.3126058221168697,0.0
35.3,uav_03,1,-9.816471683413027,26.774458793069563,8.010000000000002,0.1809339768527104,1.2611540540103423,0.0
35.3,uav_04,1,-9.842723538332152,41.61735123871396,8.010000000000002,0.11232769444852173,1.3865084583272174,0.0
35.3,uav_05,1,-9.774813939978255,56.0034336891626,8.010000000000002,0.18617179893873437,1.2922658024762865,0.0
35.3,uav_06,1,-9.868885346235947,70.35191388148023,8.010000000000002,0.16827838364336423,1.2810256572482253,0.0
35.4,uav_01,1,-9.858130600146398,-2.1536322813142745,8.010000000000002,0.16569797667457087,1.2900380544260013,0.0
35.4,uav_02,1,-9.839361530300579,12.586101596351245,8.010000000000002,0.12535881002450516,1.3669617849632423,0.0
35.4,uav_03,1,-9.800790531949984,26.87354662837764,8.010000000000002,0.15540755214327248,1.3180367837492732,0.0
35.4,uav_04,1,-9.834705354770868,41.720154775740404,8.010000000000002,0.08141466726628904,1.4257316659171386,0.0
35.4,uav_05,1,-9.755745191821642,56.12890582000798,8.010000000000002,0.15203605787790886,1.3569459131831367,0.0
35.4,uav_06,1,-9.847747457847984,70.49303655660583,8.010000000000002,0.132741443313247,1.3508878350301297,0.0
35.5,uav_01,1,-9.840872848821103,-2.0296518405011743,8.010000000000002,0.1369830461087472,1.353771192364066,0.0
35.5,uav_02,1,-9.82638721198764,12.71389803175897,8.010000000000002,0.08693041742420994,1.4188369782197374,0.0
35.5,uav_03,1,-9.783271848808129,26.988010905073985,8.010000000000002,0.11818847146681839,1.3827172927997724,0.0
35.5,uav_04,1,-9.831951957972267,41.83559124967177,8.015376250260973,0.043118748695140895,1.4615050010438873,0.0
35.5,uav_05,1,-9.740867481915519,56.26073811426562,8.010000000000002,0.10799260297521952,1.4120073970247804,0.0
35.5,uav_06,1,-9.834310076341588,70.63592137181105,8.010000000000002,0.09733198078478857,1.4077800320253524,0.0
35.6,uav_01,1,-9.831880747198822,-1.9056802478593744,8.010000000000002,0.09963097982755564,1.4003690201724444,0.0
35.6,uav_02,1,-9.822303329148847,12.84185183198906,8.014971991099397,0.045140044503015946,1.4598879643975873,0.0
35.6,uav_03,1,-9.772792455822222,27.144527054218727,8.011313900167929,0.07474439932829062,1.4465695008396366,0.0
35.6,uav_04,1,-9.831951957972267,41.95777584041401,8.02,0.004580312132908569,1.4877098439335457,0.0
35.6,uav_05,1,-9.730659792903246,56.40699011019057,8.010000000000002,0.05011460291603359,1.454942698541983,0.0
35.6,uav_06,1,-9.823854766066233,70.789368606626,8.010000000000002,0.04803967561494614,1.453568259508043,0.0
35.7,uav_01,1,-9.822993841705664,-1.783158982131048,8.010000000000002,0.05357829371123556,1.4464217062887643,0.0
35.7,uav_02,1,-9.819448437549024,12.95694910979679,8.02,0.00816456904800051,1.4859177154759997,0.0
35.7,uav_03,1,-9.765139048657378,27.258835389493935,8.019246020257238,0.043015918971043746,1.4862301012861954,0.0
35.7,uav_04,1,-9.831951957972267,42.08048814436929,8.02,-0.03422127752428665,1.5023702129207144,0.0
35.7,uav_05,1,-9.725817049141554,56.562278431664566,8.015756715743265,-0.008783578716322696,1.481513431486529,0.0
35.7,uav_06,1,-9.822303329148847,70.92564265290305,8.010000000000002,0.008606253838673326,1.483545309620995,0.0
35.8,uav_01,1,-9.812840128310215,-1.6323003651455892,8.010000000000002,0.0009608963272342147,1.4892312829382126,0.0
35.8,uav_02,1,-9.813444828992708,13.069310990454268,8.02,-0.0249134074252784,1.5008189012375464,0.0
35.8,uav_03,1,-9.764411561692933,27.409673781264694,8.02,-0.008565227798348729,1.5191391366790092,0.0
35.8,uav_04,1,-9.832860319719433,42.20296294342493,8.02,-0.08659008989787892,1.5090585585860172,-0.0009414414139827035
35.8,uav_05,1,-9.732057551230453,56.70946367339075,8.02,-0.07527432386687141,1.4964677605524102,0.0
35.8,uav_06,1,-9.822303329148847,71.0729035503593,8.018067211233731,-0.04840326740238907,1.506134422467463,0.0
35.9,uav_01,1,-9.821529668167868,-1.496977831258159,8.019198164728811,-0.03679265891524283,1.4991981647288106,0.0
35.9,uav_02,1,-9.820536451421006,13.167081207559205,8.02,-0.06901266898376156,1.5081687781639603,0.0
35.9,uav_03,1,-9.764411561692933,27.544029790606867,8.02,-0.06421792121028772,1.5380726404034293,0.0
35.9,uav_04,1,-9.839401225484085,42.29314058375177,8.02,-0.1340438242026441,1.5022794536853366,-0.007720546314663445
35.9,uav_05,1,-9.742131523170377,56.856009048850844,8.013091405758615,-0.148360159689699,1.4930914057586144,0.0
35.9,uav_06,1,-9.831228336501797,71.22380318195374,8.02,-0.11550015976127101,1.5007499733731215,0.0
36.0,uav_01,1,-9.822303329148847,-1.344235263079644,8.02,-0.09878395145013782,1.5097973252416896,0.0
36.0,uav_02,1,-9.82984052833864,13.304013338658361,8.02,-0.13468175353629863,1.502188320923386,-0.007811679076614093
36.0,uav_03,1,-9.773716484500756,27.696891939754632,8.02,-0.13750645102318507,1.5496437787175978,0.0
36.0,uav_04,1,-9.853031140839109,42.40882372050658,8.014076590344622,-0.1855404579322695,1.4822297710338652,-0.01
36.0,uav_05,1,-9.760496983073518,57.01543359264646,8.010000000000002,-0.2258000277633081,1.4660857023871536,0.0
36.0,uav_06,1,-9.851187992419492,71.37743053016433,8.010031725664826,-0.18977792034622915,1.480063451329649,0.0
36.1,uav_01,1,-9.840200815359383,-1.2179407418637318,8.010725372584142,-0.16492239191101102,1.4914507451682826,-0.009274627415858714
36.1,uav_02,1,-9.844911286025068,13.432326586043908,8.013284367545491,-0.19029379472706126,1.4798531026364694,-0.01
36.1,uav_03,1,-9.79140037602165,27.831518539480157,8.02,-0.19391498136953772,1.5320283395434875,0.0
36.1,uav_04,1,-9.87538108885975,42.53967611310873,8.010000000000002,-0.23501780096894595,1.4499857592248433,-0.004996439806210811
36.1,uav_05,1,-9.786931016365225,57.156780863714374,8.010000000000002,-0.2788992350068449,1.428880611994524,0.0
36.1,uav_06,1,-9.869352162072454,71.51307704350594,8.010000000000002,-0.2369055000673735,1.451856699959576,0.0
36.2,uav_01,1,-9.859278320674102,-1.0762777173958533,8.010000000000002,-0.22496450375229163,1.462517748123854,-0.0008392493746180625
36.2,uav_02,1,-9.861870288628422,13.558973141119738,8.010000000000002,-0.2375196509374213,1.4534882094375472,-0.004496069812515737
36.2,uav_03,1,-9.81179787567326,27.994436162596333,8.010444014429348,-0.2573359134239226,1.5108880288586926,0.0
36.2,uav_04,1,-9.899450657005028,42.6595073670365,8.010000000000002,-0.2732757136277265,1.4134053579653418,0.0
36.2,uav_05,1,-9.816882481418668,57.29688611125336,8.010000000000002,-0.3225089898361706,1.3793637627047868,0.0
36.2,uav_06,1,-9.899610837397947,71.6556087020756,8.010000000000002,-0.29008186528175056,1.3997544041547483,0.0
36.3,uav_01,1,-9.876096549360268,-0.950682440636151,8.010000000000002,-0.2693804887153602,1.4284956090277119,0.0
36.3,uav_02,1,-9.882801750304631,13.684778559824128,8.010000000000002,-0.27693543812555815,1.4188307023430522,0.0
36.3,uav_03,1,-9.83928688392853,28.133916299421397,8.010000000000002,-0.3060034015237675,1.473197278780986,0.0
36.3,uav_04,1,-9.920626799889115,42.76423001475704,8.010000000000002,-0.30126939682561793,1.376191809523146,0.0
36.3,uav_05,1,-9.850941621900557,57.42050504268182,8.010000000000002,-0.3448406034218392,1.3254781897344823,0.0
36.3,uav_06,1,-9.922278361084649,71.76845982453693,8.010000000000002,-0.3057438667599139,1.3527683997202584,0.0
36.4,uav_01,1,-9.904219985927025,-0.8096671387566295,8.010000000000002,-0.30489979733585343,1.3785003377735776,0.0
36.4,uav_02,1,-9.912753957134603,13.813581859738454,8.010000000000002,-0.30687227405009615,1.3693831778497114,0.0
36.4,uav_03,1,-9.87055519745064,28.289573408704875,8.010000000000002,-0.3300022615386409,1.4199886923067957,0.0
36.4,uav_04,1,-9.943916576436092,42.87125988540703,8.010000000000002,-0.31736133975100034,1.327915980746999,0.0
36.4,uav_05,1,-9.884387251969427,57.553772643839295,8.010000000000002,-0.35,1.2613103614525027,0.0
36.4,uav_06,1,-9.948371806934095,71.8830993339135,8.010000000000002,-0.316886495206668,1.2986810287599921,0.0
36.5,uav_01,1,-9.939014216692788,-0.6840888630320197,8.010000000000002,-0.3254805608435397,1.323558317469381,0.0
36.5,uav_02,1,-9.948605819886625,13.94520852790032,8.010000000000002,-0.32363400684372884,1.3045619520938985,0.0
36.5,uav_03,1,-9.90722871450435,28.41597528309346,8.010000000000002,-0.33950452355189714,1.3724773822405145,0.0
36.5,uav_04,1,-9.967100417101536,42.970386847463054,8.010000000000002,-0.32,1.2731696937644084,0.0
36.5,uav_05,1,-9.919980872091333,57.67197563871272,8.017808661042947,-0.34219133895705217,1.195339372699365,0.007808661042947829
36.5,uav_06,1,-9.976564663906792,71.98166478144705,8.010000000000002,-0.32,1.2452116877454542,0.0
36.6,uav_01,1,-9.969608944714132,-0.5535083655469045,8.010000000000002,-0.32244332953712623,1.2571033067598836,0.0
36.6,uav_02,1,-9.97729075407347,14.066046932466108,8.013543855713284,-0.322912288573436,1.235193010007026,0.0
36.6,uav_03,1,-9.939113098666857,28.558831526348953,8.02,-0.3397340986665759,1.3081386906660313,0.01
36.6,uav_04,1,-9.990929362791558,43.07076887561314,8.010000000000002,-0.31507771642342686,1.2155440149639878,0.0
36.6,uav_05,1,-9.95320058165775,57.80301038767516,8.02,-0.3228905941093964,1.1201170793828876,0.0014452970546982129
36.6,uav_06,1,-10.004510078351268,72.07894201499005,8.010000000000002,-0.31410524537958157,1.1893683588285355,0.0
36.7,uav_01,1,-10.00362804107486,-0.41781034149027524,8.010000000000002,-0.3106906752804971,1.1748347269634798,0.009309324719502882
36.7,uav_02,1,-10.0070260556957,14.191310128036243,8.02,-0.3061834222991317,1.1632839560939219,0.0
36.7,uav_03,1,-9.979970855849954,28.69138415724286,8.02,-0.32659072989686994,1.2320450364260298,0.00886357663228997
36.7,uav_04,1,-10.016186440579938,43.17312327561907,8.013647903435256,-0.30270419312948804,1.1544646759532082,0.0
36.7,uav_05,1,-9.988686850596512,57.901551870652305,8.02,-0.3037786634318425,1.053225322011449,0.0
36.7,uav_06,1,-10.03108928700218,72.18854893807436,8.012129756711962,-0.2957404865760765,1.122961946304306,0.0
36.8,uav_01,1,-10.03429908639872,-0.28937085386101286,8.0199053202027,-0.29018935959459913,1.100662758581097,9.467979729957735e-05
36.8,uav_02,1,-10.03539284565849,14.302790324831143,8.02,-0.28915044940065704,1.0946843819348666,0.0
36.8,uav_03,1,-10.010626343653616,28.82052373720233,8.02,-0.29654591168165023,1.157910690885776,0.0
36.8,uav_04,1,-10.042915341534663,43.27548546096958,8.02,-0.2813540082809931,1.0898260193223173,0.0
36.8,uav_05,1,-10.01724288242373,57.99369226248143,8.02,-0.27796137609960414,0.9885765442324096,0.0
36.8,uav_06,1,-10.058434098190189,72.2915221075813,8.02,-0.2752701085562731,1.0489635866313038,0.0
36.9,uav_01,1,-10.066010307024941,-0.17986251926617441,8.02,-0.25741799921178116,1.0131146645647497,0.0
36.9,uav_02,1,-10.064331626771658,14.402533040913358,8.02,-0.2591578111834926,1.0210874964893137,0.0
36.9,uav_03,1,-10.041179796331788,28.944173257533585,8.02,-0.2731527563900241,1.081740683706731,0.0
36.9,uav_04,1,-10.06879201331311,43.372564544434425,8.02,-0.2563566613999849,1.0236049762999322,0.0
36.9,uav_05,1,-10.041765770180556,58.078214809003505,8.02,-0.2583636289346118,0.917636330205753,0.0
36.9,uav_06,1,-10.086853231512865,72.39643079099491,8.02,-0.24372406378173742,0.9711721913452123,0.0
37.0,uav_01,1,-10.09554931931673,-0.07923221416049832,8.02,-0.2278688472049907,0.9314753888199627,0.0
37.0,uav_02,1,-10.091767675424705,14.497096317785383,8.02,-0.23381508701208353,0.942167891554376,0.0
37.0,uav_03,1,-10.072351230203687,29.051611211264063,8.02,-0.24389743996178298,0.9925384798280235,0.0
37.0,uav_04,1,-10.091772779548803,43.451771891567866,8.02,-0.24047822669633415,0.9521520201335036,0.0
37.0,uav_05,1,-10.062198446897431,58.15342372402463,8.02,-0.24136867431965933,0.8454746972786373,0.0
37.0,uav_06,1,-10.1055819722997,72.48462490214848,8.02,-0.2176035069790627,0.8904140279162507,0.0
37.1,uav_01,1,-10.123729807020494,0.010657175741338832,8.02,-0.207596540157606,0.850386160630424,0.0
37.1,uav_02,1,-10.119265355381481,14.596182199747622,8.02,-0.21222357341125517,0.8488942936450207,0.0
37.1,uav_03,1,-10.097977086209397,29.146268233320306,8.02,-0.22428709256439242,0.9071483702575697,0.0
37.1,uav_04,1,-10.119766905554352,43.537802993482835,8.02,-0.2117037577314017,0.8745433539504046,0.0
37.1,uav_05,1,-10.08111069072461,58.21882560396205,8.02,-0.22451180498839582,0.7780472199535833,0.0
37.1,uav_06,1,-10.132186358586154,72.55810251113893,8.02,-0.19883202893451773,0.8153281157380708,0.0
37.2,uav_01,1,-10.145131817162515,0.10392924853178248,8.02,-0.1877075689779517,0.7616605518236137,0.0
37.2,uav_02,1,-10.142366928156184,14.673920250221345,8.02,-0.19218714381299365,0.7687485752519746,0.0
37.2,uav_03,1,-10.12074869885512,29.237150764076862,8.02,-0.20379080742691827,0.8220586334211322,0.0
37.2,uav_04,1,-10.134779064583551,43.604274260022095,8.02,-0.19614490433414858,0.8145796173365943,0.0
37.2,uav_05,1,-10.103143905838138,58.278285762445684,8.02,-0.2092880755823124,0.7164403779115621,0.0
37.2,uav_06,1,-10.146559021694662,72.62415314128376,8.02,-0.18393595881510197,0.7557438352604079,0.0
37.3,uav_01,1,-10.166123949247467,0.1762824084172833,8.02,-0.17365854024579316,0.6714634311060692,0.0
37.3,uav_02,1,-10.168782292588944,14.75649771901538,8.02,-0.17545169431445073,0.6790652488300566,0.0
37.3,uav_03,1,-10.147585361379774,29.31937066441791,8.02,-0.18524816227787314,0.7338648925283022,0.0
37.3,uav_04,1,-10.150786514038185,43.666258590939414,8.02,-0.18477725764514644,0.7482180611611714,0.0
37.3,uav_05,1,-10.121464747222127,58.33441560627565,8.02,-0.19662939106030947,0.6531469553015473,0.0
37.3,uav_06,1,-10.16245191887615,72.68329397724365,8.02,-0.1716428624568678,0.6898571747412069,0.0
37.4,uav_01,1,-10.18709289890458,0.2485556658945315,8.02,-0.1559629845963206,0.5655928305595267,0.0
37.4,uav_02,1,-10.190006734321798,14.829545939023317,8.02,-0.15890602130410353,0.5745301065205177,0.0
37.4,uav_03,1,-10.17244767341193,29.39982132034319,8.02,-0.16710452597434508,0.6239407337691057,0.0
37.4,uav_04,1,-10.169021379506091,43.73428758605873,8.02,-0.17065559493872012,0.6586057721629607,0.0
37.4,uav_05,1,-10.144093999456308,58.39376164251255,8.02,-0.1832453746902222,0.5727176228315555,0.0
37.4,uav_06,1,-10.178890757475868,72.73995339083959,8.02,-0.16028453740069282,0.6217072244041568,0.0
37.5,uav_01,1,-10.20810887968546,0.31006613478871076,8.02,-0.14014465359389133,0.4408679215633481,0.0
37.5,uav_02,1,-10.211483245389555,14.883830651689857,8.02,-0.13664740414490198,0.4432081269418629,0.0
37.5,uav_03,1,-10.188820889849612,29.45319455774378,8.02,-0.15013505040051356,0.4958778276033381,0.0
37.5,uav_04,1,-10.188810231515893,43.79747612615303,8.02,-0.15014609687631097,0.5408765812578658,0.0
37.5,uav_05,1,-10.166538785233039,58.454630726760165,8.02,-0.17161429828170743,0.45775728109878167,0.0
37.5,uav_06,1,-10.19847500988793,72.79651219437326,8.02,-0.14506467889611366,0.5007761467533639,0.0
37.6,uav_01,1,-10.227282632464942,0.34873182843277417,8.02,-0.1202726539675705,0.31677225078920823,0.0
37.6,uav_02,1,-10.232232989492017,14.923273920495026,8.02,-0.12257101046606157,0.3108521255927389,0.0
37.6,uav_03,1,-10.20812835297688,29.497558989389407,8.02,-0.13506223557334127,0.3608712980267774,0.0
37.6,uav_04,1,-10.207866288417483,43.84126287990675,8.015198039634951,-0.13519803963495114,0.4175745152543647,0.0
37.6,uav_05,1,-10.187185645946228,58.49379126488008,8.02,-0.15182984389286203,0.3309790633571721,0.0
37.6,uav_06,1,-10.21783699960827,72.84100191493889,8.015031133482339,-0.13006226696467443,0.37540473527038387,0.0
37.7,uav_01,1,-10.24163569159472,0.37601835074699247,8.02,-0.10539690312594992,0.19936593438544906,0.0
37.7,uav_02,1,-10.244073414515006,14.955533990146485,8.02,-0.1057408127853707,0.19444487671222419,0.0
37.7,uav_03,1,-10.225127126424661,29.528311990726547,8.02,-0.12250665657341785,0.24503993944050703,0.0
37.7,uav_04,1,-10.22437459841722,43.87547446509132,8.010000000000002,-0.12328658921947906,0.3097195353168743,0.0
37.7,uav_05,1,-10.202695599306505,58.52052018719134,8.02,-0.14287753407185602,0.23453040886227208,0.0
37.7,uav_06,1,-10.23551679651948,72.87246838391414,8.010000000000002,-0.1158693144866065,0.26043177383927807,0.0
37.8,uav_01,1,-10.257737078606427,0.39424163678864294,8.02,-0.08870915600617851,0.0891912020278033,0.0
37.8,uav_02,1,-10.252997113550252,14.972150199754122,8.02,-0.08724346964342754,0.1025956133954239,0.0
37.8,uav_03,1,-10.239569087886721,29.544904263284543,8.02,-0.10507753142325735,0.14538765711628673,0.0
37.8,uav_04,1,-10.238763376779112,43.901172552729996,8.010000000000002,-0.1067476363103968,0.21211199970718236,0.0
37.8,uav_05,1,-10.218703346995827,58.536095417921864,8.02,-0.1291643700044223,0.1404040350243226,0.0
37.8,uav_06,1,-10.249991609374426,72.8927158586004,8.010000000000002,-0.10347337994039682,0.15736689970198414,0.0
37.9,uav_01,1,-10.271385516881555,0.3990687929218549,8.02,-0.06912737064153672,0.011945797245378538,0.0
37.9,uav_02,1,-10.267691958691616,14.976164981311623,8.02,-0.0683917506418654,0.023567002567461616,0.0
37.9,uav_03,1,-10.249621527355824,29.556453443436208,8.02,-0.08424049841488172,0.04696199365952692,0.0
37.9,uav_04,1,-10.253067059813759,43.923313128287205,8.010000000000002,-0.08354924179448951,0.08774620897244755,0.0
37.9,uav_05,1,-10.237143960739669,58.54668856686131,8.02,-0.11005220868947638,0.04523493910264373,0.0
37.9,uav_06,1,-10.259349766000755,72.90765142952557,8.010000000000002,-0.08407547849492943,0.0633396532271824,0.0
38.0,uav_01,1,-10.280248301940569,0.3990687929218549,8.02,-0.04613443683841754,-0.05697483509755323,0.0
38.0,uav_02,1,-10.281713245075487,14.976164981311623,8.013859853874253,-0.047719707748503114,-0.052981022880239106,0.0
38.0,uav_03,1,-10.262923220436205,29.56434641368667,8.02,-0.060001226405186514,-0.03666339625283598,0.0
38.0,uav_04,1,-10.26920112603348,43.93082296084258,8.010000000000002,-0.06365524957329786,-0.0053790017068085574,0.0
38.0,uav_05,1,-10.251450934824712,58.552260126354945,8.02,-0.0856726614838383,-0.03820623604309788,0.0
38.0,uav_06,1,-10.269883455318487,72.90765142952557,8.010000000000002,-0.05836134167029847,-0.034915974989104606,0.0
38.1,uav_01,1,-10.290051085378385,0.39376824634439067,8.015218376432498,-0.015655129297495497,-0.1239081178375075,0.0
38.1,uav_02,1,-10.285437474280771,14.969567841180412,8.010000000000002,-0.022146157796086488,-0.11570768440782704,0.0
38.1,uav_03,1,-10.275788846828503,29.560788824218186,8.02,-0.03037209461473739,-0.10925581077052521,0.0
38.1,uav_04,1,-10.278742879848203,43.927429091929525,8.010000000000002,-0.04081517127390351,-0.0814312670275585,0.0
38.1,uav_05,1,-10.261010614707034,58.54706825007683,8.015316407919796,-0.0559492237593877,-0.11278514456142871,0.0
38.1,uav_06,1,-10.280362575717444,72.9023967026011,8.010000000000002,-0.025779131037340294,-0.11844173792531941,0.0
38.2,uav_01,1,-10.295086103104193,0.3755544401589852,8.010000000000002,0.016818450066799818,-0.17242460008906643,0.0
38.2,uav_02,1,-10.291298632584956,14.958345891809492,8.010000000000002,0.008223806961948717,-0.17037301160324786,0.0
38.2,uav_03,1,-10.27928048067258,29.545238139307106,8.02,0.0008563643731205536,-0.16809394062186758,0.0
38.2,uav_04,1,-10.285437474280771,43.91544595337594,8.010000000000002,-0.008385199275930235,-0.14935800120678294,0.0
38.2,uav_05,1,-10.270721469847055,58.53064814532235,8.010000000000002,-0.021007659406548675,-0.17374042574181417,0.0
38.2,uav_06,1,-10.29068070180878,72.89054227651168,8.010000000000002,0.006302505642917884,-0.17717084273819647,0.0
38.3,uav_01,1,-10.295086103104193,0.3518130497735366,8.010000000000002,0.06157352732770982,-0.20262941093108391,0.0
38.3,uav_02,1,-10.295086103104193,14.93862999280854,8.010000000000002,0.054650792288270966,-0.20386031691530837,0.0
38.3,uav_03,1,-10.285437474280771,29.52646437021581,8.02,0.040866976717701196,-0.20834679068708048,0.0
38.3,uav_04,1,-10.285437474280771,43.898561268131004,8.010000000000002,0.03275819138789229,-0.19365491483273536,0.0
38.3,uav_05,1,-10.275788846828503,58.50915349921032,8.010000000000002,0.017772985536891103,-0.21332973915266834,0.0
38.3,uav_06,1,-10.288768133865059,72.87096359679381,8.010000000000002,0.0527402440012891,-0.21964414640077345,0.0
38.4,uav_01,1,-10.288830793428188,0.32926920587888464,8.010000000000002,0.11889864429743827,-0.21648310738290638,0.0
38.4,uav_02,1,-10.287610688117097,14.914647097084053,8.010000000000002,0.11648586938456598,-0.21774764489742765,0.0
38.4,uav_03,1,-10.281058867621187,29.509944332176044,8.015461938310661,0.09722837013603447,-0.2245380616893391,0.0
38.4,uav_04,1,-10.285437474280771,43.87583579730493,8.010000000000002,0.09361374143571316,-0.21480196306224472,0.0
38.4,uav_05,1,-10.275788846828503,58.48797800019364,8.010000000000002,0.06396673771200079,-0.23399445628533347,0.0
38.4,uav_06,1,-10.285437474280771,72.84882893998079,8.010000000000002,0.11572320883926858,-0.23,0.0
38.5,uav_01,1,-10.278664469562306,0.3059091625216893,8.010000000000002,0.18913759315902456,-0.21298034383442505,0.0
38.5,uav_02,1,-10.278551264111565,14.893830473024174,8.010000000000002,0.17995888940982338,-0.21286301579859665,0.0
38.5,uav_03,1,-10.271628536414433,29.488275441863472,8.010000000000002,0.16018271048660634,-0.2256881842161991,0.0
38.5,uav_04,1,-10.276072985334029,43.85355269602072,8.010000000000002,0.16396929923529707,-0.22,0.0
38.5,uav_05,1,-10.27275023580949,58.46768133633557,8.010000000000002,0.11889560583023132,-0.24,0.0
38.5,uav_06,1,-10.272326459151571,72.82607680531636,8.010000000000002,0.1875596691645638,-0.23,0.0
38.6,uav_01,1,-10.263623458027569,0.2923132277495545,8.010000000000002,0.2604336518192369,-0.2036957935225954,0.0
38.6,uav_02,1,-10.260813696229713,14.87027817693841,8.010000000000002,0.2620819887961237,-0.20223975140048456,0.0
38.6,uav_03,1,-10.259038317266823,29.46750513171985,8.010000000000002,0.2294421217522415,-0.22,0.0
38.6,uav_04,1,-10.255109590246395,43.8294679911344,8.010000000000002,0.24572931601157427,-0.2142838354985532,0.0
38.6,uav_05,1,-10.258448367161208,58.443655810524604,8.010000000000002,0.19188785848159512,-0.2360140176898006,0.0
38.6,uav_06,1,-10.251485230853127,72.80213245721471,8.010000000000002,0.2631603654924722,-0.22240566207250398,0.0
38.7,uav_01,1,-10.238140576518504,0.2741607786480724,8.010000000000002,0.334378364622567,-0.1936602336253476,0.0
38.7,uav_02,1,-10.235534118795306,14.849260605787741,8.010000000000002,0.33792180181326936,-0.19275977477334133,0.0
38.7,uav_03,1,-10.236860458696267,29.445848083000623,8.010000000000002,0.30758942591003674,-0.21655132176124542,0.0
38.7,uav_04,1,-10.233451463299636,43.80458511401024,8.010000000000002,0.33551669982340954,-0.20306041252207382,0.0
38.7,uav_05,1,-10.23725441868096,58.419306224965176,8.010000000000002,0.27975091290740817,-0.22503113588657397,0.0
38.7,uav_06,1,-10.22165662015531,72.77750804033424,8.010000000000002,0.3496094601605708,-0.21129881747992865,0.0
38.8,uav_01,1,-10.202514266031889,0.2516666346910369,8.010000000000002,0.4183717612281831,-0.1835142487524241,0.0
38.8,uav_02,1,-10.202417236080924,14.83592456731599,8.010000000000002,0.4120871369171596,-0.18348910788535505,0.0
38.8,uav_03,1,-10.205136979982884,29.423993486787833,8.010000000000002,0.38644956006094733,-0.20338760998476316,0.0
38.8,uav_04,1,-10.201798681252141,43.790404883732535,8.010000000000002,0.41336929811136786,-0.193328837736079,0.0
38.8,uav_05,1,-10.210153881743699,58.39483104986026,8.010000000000002,0.36806714555924813,-0.20798321361018798,0.0
38.8,uav_06,1,-10.189916373693462,72.75319726860069,8.010000000000002,0.4469990155210073,-0.2003334427198881,0.0
38.9,uav_01,1,-10.163800848415887,0.23231734771582754,8.010000000000002,0.4917059849017996,-0.1695735037745501,0.0
38.9,uav_02,1,-10.165655328900412,14.818674574183927,8.010000000000002,0.4943245074227856,-0.1739639436196905,0.0
38.9,uav_03,1,-10.172610462857891,29.405308737265056,8.010000000000002,0.45387161753507904,-0.18826604780811512,0.0
38.9,uav_04,1,-10.161971270816812,43.77121625901643,8.010000000000002,0.4959248901941717,-0.17601877745145708,0.0
38.9,uav_05,1,-10.17104999609055,58.370155556581,8.010000000000002,0.4571062053853919,-0.19286172432682602,0.0
38.9,uav_06,1,-10.13843982242808,72.7292451388716,8.010000000000002,0.5337613336803253,-0.17952983328995933,0.0
39.0,uav_01,1,-10.12174276311991,0.21298924635868613,8.010000000000002,0.5614495136900132,-0.15606881078874835,0.0
39.0,uav_02,1,-10.118581442936197,14.797717530817572,8.010000000000002,0.5739098547959897,-0.1590225363010026,0.0
39.0,uav_03,1,-10.13495920096289,29.3843405779432,8.010000000000002,0.5295331328873022,-0.17761671677817445,0.0
39.0,uav_04,1,-10.111484098846494,43.74965748015253,8.010000000000002,0.5737175969349497,-0.1632853003831313,0.0
39.0,uav_05,1,-10.12639889069628,58.348366897474236,8.010000000000002,0.5426944636315796,-0.18303394848538004,0.0
39.0,uav_06,1,-10.09249257450944,72.70812974453204,8.010000000000002,0.6099541319354442,-0.17000573350806947,0.0
39.1,uav_01,1,-10.075204497313873,0.19622933351539507,8.010000000000002,0.6338519807593035,-0.14701850240508707,0.0
39.1,uav_02,1,-10.067603966149807,14.782955399483772,8.010000000000002,0.644355071361727,-0.14570561607978413,0.0
39.1,uav_03,1,-10.095596165048367,29.366251006458764,8.010000000000002,0.5948075506164102,-0.16129811234589744,0.0
39.1,uav_04,1,-10.05065513294779,43.726362149607525,8.010000000000002,0.6649985377005194,-0.15277794025549782,0.0
39.1,uav_05,1,-10.06841885910567,58.33334101204563,8.010000000000002,0.6298956463958529,-0.16502608840103677,0.0
39.1,uav_06,1,-10.029655206276784,72.69541744939832,8.010000000000002,0.6965533304211817,-0.15,0.0
39.2,uav_01,1,-10.02631270049073,0.18573761776429384,8.010000000000002,0.7010073393317588,-0.13877696229647124,0.0
39.2,uav_02,1,-10.014684429771915,14.770102009651893,8.010000000000002,0.7135577132105846,-0.13705528584867693,0.0
39.2,uav_03,1,-10.03658838694875,29.343413294301254,8.010000000000002,0.6868670548587241,-0.15034810501569731,0.0
39.2,uav_04,1,-9.980530654617118,43.7113334549117,8.010000000000002,0.7540120519229664,-0.1419984935096292,0.0
39.2,uav_05,1,-10.00675860124503,58.31251309680266,8.010000000000002,0.7151032815754398,-0.15186208980307003,0.0
39.2,uav_06,1,-9.967044583937556,72.67486518469887,8.010000000000002,0.7799842315610241,-0.15,0.0
39.3,uav_01,1,-9.971478489058407,0.16773800067317318,8.010000000000002,0.7740758938703837,-0.13065823401440183,0.0
39.3,uav_02,1,-9.951530657768215,14.752233814826097,8.010000000000002,0.7880749575057825,-0.13,-0.0020083286117536098
39.3,uav_03,1,-9.979301170079564,29.333569870932187,8.010000000000002,0.7554683472724085,-0.14181645659094894,0.0
39.3,uav_04,1,-9.906305785779947,43.6891841321913,8.010000000000002,0.8419296517003942,-0.14,-0.00899120646254928
39.3,uav_05,1,-9.92639406525291,58.28839844120915,8.010000000000002,0.8111334409548723,-0.14098517322723642,-0.009014826772763584
39.3,uav_06,1,-9.882278214656662,72.65172503769311,8.010000000000002,0.8678410222916315,-0.14087122469907018,-0.01
39.4,uav_01,1,-9.909803085292872,0.15805981623162396,8.010000000000002,0.8467280078297312,-0.13,-0.007414223092192366
39.4,uav_02,1,-9.889573080305565,14.74329711651271,8.010000000000002,0.8603155637920785,-0.1300350626435643,-0.01
39.4,uav_03,1,-9.916261721274314,29.316973660438506,8.010000000000002,0.8291974393641238,-0.14,-0.006577493262680421
39.4,uav_04,1,-9.810957237516066,43.67542896433325,8.010000000000002,0.9415638047603262,-0.1501954755950408,-0.00980452440495922
39.4,uav_05,1,-9.841076265384368,58.274995156073594,8.010000000000002,0.9104830347433327,-0.14012075868583318,-0.01
39.4,uav_06,1,-9.799522231499589,72.64071610894098,8.010000000000002,0.9532095215161398,-0.15080238037903496,-0.009598809810482525
39.5,uav_01,1,-9.84543332032878,0.14385501554062746,8.010000000000002,0.9109135012683701,-0.13511418765854627,-0.01
39.5,uav_02,1,-9.824902800079625,14.72472230300393,8.010000000000002,0.9357190983745681,-0.1384132331527298,-0.01
39.5,uav_03,1,-9.838521513144826,29.30283426849725,8.010000000000002,0.9072810683138507,-0.14,-0.01
39.5,uav_04,1,-9.71334952508486,43.651087517575355,8.010000000000002,1.0293974918187556,-0.16234937295468888,0.0
39.5,uav_05,1,-9.74641951310777,58.25104139143666,8.010000000000002,0.9969178082198714,-0.16086472602748392,-0.009135273972516079
39.5,uav_06,1,-9.706797668131383,72.61747762499951,8.010000000000002,1.0370632772279291,-0.17088290965349115,0.0
39.6,uav_01,1,-9.77008340290943,0.1288201935992637,8.010000000000002,0.9803303182570144,-0.14379128978212682,-0.01
39.6,uav_02,1,-9.741763019106136,14.704914967344882,8.010000000000002,1.00877866373133,-0.15469466593283251,-0.01
39.6,uav_03,1,-9.742315232667742,29.282805595666645,8.010000000000002,0.9959120053368636,-0.1539780013342159,-0.0030109993328920424
39.6,uav_04,1,-9.595406178311949,43.62645036765165,8.010000000000002,1.1182981932240736,-0.18,0.0
39.6,uav_05,1,-9.65573668405265,58.230257469597404,8.010000000000002,1.0719145209585543,-0.17,0.0
39.6,uav_06,1,-9.608412167001864,72.59692590801322,8.010000000000002,1.1110693391196167,-0.18,0.0
39.7,uav_01,1,-9.673101159335728,0.11294137944751238,8.010000000000002,1.0624622786813733,-0.15811556967034332,-0.005942215164828341
39.7,uav_02,1,-9.65988759623617,14.692567808472793,8.010000000000002,1.0766643136817926,-0.16583303921022408,-0.004166960789775922
39.7,uav_03,1,-9.6571042649596,29.26255838004876,8.010000000000002,1.0689720666815843,-0.16612150833519804,0.0
39.7,uav_04,1,-9.482722614094639,43.603448511410555,8.010000000000002,1.1986358387576923,-0.17733773732032965,0.0
39.7,uav_05,1,-9.541427342009554,58.206379426081675,8.010000000000002,1.1570665556298132,-0.17,0.0
39.7,uav_06,1,-9.49637719892176,72.57365388636279,8.010000000000002,1.1845472644412955,-0.17935039079410062,0.0
39.8,uav_01,1,-9.566366761648307,0.09064566404078658,8.010000000000002,1.1387998794967082,-0.17,0.0
39.8,uav_02,1,-9.577468678225662,14.679130673246432,8.010000000000002,1.1378413810733714,-0.17,0.0
39.8,uav_03,1,-9.563818816683558,29.243262741353288,8.010000000000002,1.138598457867343,-0.17,0.0
39.8,uav_04,1,-9.370411433774137,43.58194291737538,8.010000000000002,1.266536534096799,-0.1676376379861716,0.0
39.8,uav_05,1,-9.452595908177333,58.187823454942205,8.010000000000002,1.2156542572330025,-0.17,0.0
39.8,uav_06,1,-9.37873484946789,72.55126563332183,8.010000000000002,1.2559826558022489,-0.1692521680247189,0.0
39.9,uav_01,1,-9.455154222510323,0.06826302740004153,8.010000000000002,1.2136796633320333,-0.17,0.0
39.9,uav_02,1,-9.487468164968078,14.660784464384234,8.010000000000002,1.1957667904300535,-0.17,0.0
39.9,uav_03,1,-9.455928538373625,29.227196378879658,8.010000000000002,1.2090015722752638,-0.16585691824639087,0.0
39.9,uav_04,1,-9.237720606515492,43.56137779322003,8.010000000000002,1.3462121966751743,-0.1501704262468096,0.0032765245843967995
39.9,uav_05,1,-9.327601430817674,58.17598282142249,8.010000000000002,1.2860785731185613,-0.16056020384020553,0.0
39.9,uav_06,1,-9.24608371417981,72.52928614815548,8.010000000000002,1.3405868793684272,-0.1560299202368398,0.001323359921053403
40.0,uav_01,1,-9.341724193257965,0.050984707410094365,8.010000000000002,1.2880468304763757,-0.16198661986389268,0.0
40.0,uav_02,1,-9.380570396993937,14.640568689371635,8.010000000000002,1.2609657994405372,-0.16725855013986574,0.0
40.0,uav_03,1,-9.339567999706922,29.21140794159521,8.010000000000002,1.2793504143313734,-0.15580708366694668,0.0
40.0,uav_04,1,-9.090746796835576,43.549316562818575,8.010000000000002,1.4374126571548032,-0.1175291142817323,0.01
40.0,uav_05,1,-9.205844544211157,58.15508294815479,8.010000000000002,1.3631742953034216,-0.1417064261741446,0.0091467869129277
40.0,uav_06,1,-9.129275657287709,72.51844621133286,8.010000000000002,1.4144082718830866,-0.12834689804384253,0.01
40.1,uav_01,1,-9.215166671125429,0.034958644650946155,8.010000000000002,1.3638552120306229,-0.13730429548851644,0.0
40.1,uav_02,1,-9.252947683990742,14.619724090259373,8.010000000000002,1.3423629199362745,-0.1453639050238971,0.0015453649920343043
40.1,uav_03,1,-9.213480354283645,29.188874249866938,8.010000000000002,1.3548539132238633,-0.1369297825410513,0.004356739152982903
40.1,uav_04,1,-8.93905934745422,43.5372665728593,8.010000000000002,1.5302180718796556,-0.07989096406017222,0.004972741015043056
40.1,uav_05,1,-9.058387282332257,58.14197783940564,8.010000000000002,1.451041246178779,-0.09965291794040698,0.00988430598013566
40.1,uav_06,1,-8.97607320367819,72.49623758356435,8.010000000000002,1.5002282616012492,-0.09545410595500038,0.008863526488750093
40.2,uav_01,1,-9.079465056459464,0.017428375205206074,8.010000000000002,1.4485007479215366,-0.10716641735948777,0.0042778608801707415
40.2,uav_02,1,-9.11357703687429,14.607799667247164,8.010000000000002,1.428419105583283,-0.11309283540626881,0.01
40.2,uav_03,1,-9.081081163347928,29.171753375473454,8.010000000000002,1.4374239877307893,-0.10752533742307024,0.01
40.2,uav_04,1,-8.773113374555974,43.52500615896132,8.010000000000002,1.6247864176154405,-0.041737860794853185,0.0
40.2,uav_05,1,-8.905617915603978,58.13027679228133,8.010000000000002,1.5453696778752934,-0.067986370796765,0.0
40.2,uav_06,1,-8.83612873841115,72.48641214784551,8.010000000000002,1.5867994410490611,-0.05773351965031299,0.0
40.3,uav_01,1,-8.921144748865771,0.005267162489231625,8.010000000000002,1.5419879377731363,-0.07425452333507393,0.004751507778357976
40.3,uav_02,1,-8.97397124847377,14.597106856917616,8.010000000000002,1.5075353631043573,-0.08415487896521422,0.008051626321738073
40.3,uav_03,1,-8.940230948400835,29.160533533875288,8.010000000000002,1.5242371298442001,-0.07716107630842495,0.005720358769474984
40.3,uav_04,1,-8.60096517567827,43.520668923935446,8.010000000000002,1.714501344866194,-0.00956199567517724,0.0
40.3,uav_05,1,-8.772445712103613,58.12007674850174,8.010000000000002,1.618981361520707,-0.04038198942973499,0.0
40.3,uav_06,1,-8.689990764644255,72.48618080902258,8.010000000000002,1.6716695261918288,-0.02937392767806419,0.0
40.4,uav_01,1,-8.75387307381389,-0.006743919459613686,8.010000000000002,1.634753213425705,-0.041748928858098305,0.0
40.4,uav_02,1,-8.81985953911636,14.585482898187989,8.010000000000002,1.5994747835574672,-0.05269695616594981,0.0
40.4,uav_03,1,-8.792015960478388,29.154192376385712,8.010000000000002,1.6081415045392409,-0.043048220204781815,0.0
40.4,uav_04,1,-8.447489014716997,43.51420988292785,8.010000000000002,1.7807869105154057,0.01748010450660241,0.0
40.4,uav_05,1,-8.613624119373357,58.109326668580024,8.010000000000002,1.7061328677732117,-0.001718725434128092,0.0
40.4,uav_06,1,-8.555852067928143,72.47711545290213,8.010000000000002,1.7370923950826,-0.004840351844025009,0.0
40.5,uav_01,1,-8.594250146002718,-0.011085244379104964,8.010000000000002,1.7183646715469594,-0.011863248169890251,0.0
40.5,uav_02,1,-8.669518481512783,14.577096187995943,8.010000000000002,1.6784052974219352,-0.023864900859354908,0.0
40.5,uav_03,1,-8.63451281677736,29.149559655820926,8.010000000000002,1.6934334212677793,-0.011641644683055188,0.0
40.5,uav_04,1,-8.288996695403728,43.51478468524484,8.010000000000002,1.8428427940552365,0.04407548316652999,0.0
40.5,uav_05,1,-8.436258415224254,58.1088503563105,8.010000000000002,1.7920590134406273,0.021029506720313694,0.0
40.5,uav_06,1,-8.399708366454368,72.4753269034664,8.010000000000002,1.8022671693441645,0.022400215433213314,0.0
40.6,uav_01,1,-8.420021817795556,-0.011085244379104964,8.010000000000002,1.7940798130345943,0.012594232295598378,0.0
40.6,uav_02,1,-8.496229772647425,14.574363990199688,8.010000000000002,1.7672530118409564,0.007394147931838488,0.0
40.6,uav_03,1,-8.469439989580687,29.143107132006605,8.010000000000002,1.772057896986104,0.012021711369789046,0.0
40.6,uav_04,1,-8.108606148325178,43.520668923935446,8.010000000000002,1.907190900036391,0.0735954500181955,0.0
40.6,uav_05,1,-8.265693743497286,58.1088503563105,8.010000000000002,1.8478830412180125,0.04894152060900621,0.0
40.6,uav_06,1,-8.236748960313125,72.48252036101303,8.010000000000002,1.8654245311192719,0.04946765619397368,0.0
40.7,uav_01,1,-8.248201160922399,-0.011085244379104964,8.010000000000002,1.8633322954703697,0.04476131169735414,0.0
40.7,uav_02,1,-8.329512487244422,14.568178603924046,8.010000000000002,1.833688123972571,0.035866338845387605,0.0
40.7,uav_03,1,-8.285994621240235,29.143107132006605,8.010000000000002,1.8459756187173846,0.042987809358692335,0.0
40.7,uav_04,1,-7.931391408821346,43.525090431255954,8.010000000000002,1.9639318538755342,0.10595456925035607,0.0
40.7,uav_05,1,-8.101371794012739,58.11892575443097,8.010000000000002,1.913623125424189,0.06817803583548265,0.0
40.7,uav_06,1,-8.084738507801315,72.48641214784551,8.010000000000002,1.9186867388560018,0.07434336942800092,0.0
40.8,uav_01,1,-8.057779908661068,-0.003947362184032585,8.010000000000002,1.9286345052087088,0.07931725260435449,0.0
40.8,uav_02,1,-8.146243410797291,14.577096187995943,8.010000000000002,1.9017147238597334,0.0658573619298668,0.0
40.8,uav_03,1,-8.094026501361684,29.14842893068632,8.010000000000002,1.908804770545654,0.074402385272827,0.0
40.8,uav_04,1,-7.758627309847261,43.53501480704335,8.010000000000002,2.017648537160488,0.1388242685802439,0.0
40.8,uav_05,1,-7.925591565203186,58.119935600295776,8.010000000000002,1.96973517054099,0.09486758527049502,0.0
40.8,uav_06,1,-7.923137826950554,72.49019925515994,8.010000000000002,1.9704980991933683,0.10366539946224565,0.0
40.9,uav_01,1,-7.875578872415942,0.0,8.010000000000002,1.9871424933650674,0.10857124668253373,0.0
40.9,uav_02,1,-7.927555615926615,14.58118377908284,8.010000000000002,1.9721244978302972,0.10106224891514867,0.0
40.9,uav_03,1,-7.907941790080629,29.159406677159705,8.010000000000002,1.968222927320326,0.10411146366016297,0.0
40.9,uav_04,1,-7.5612271274809855,43.54618701458395,8.010000000000002,2.0750993616813056,0.17509936168130552,0.0
40.9,uav_05,1,-7.7201811867985155,58.129838861884515,8.010000000000002,2.0336023992798933,0.12680119963994654,0.0
40.9,uav_06,1,-7.741510728775499,72.50063276313222,8.010000000000002,2.0241420924598845,0.14131367396790767,0.0
41.0,uav_01,1,-7.676589572332208,0.007065721321741362,8.010000000000002,2.048243927224878,0.14549595148325223,0.0
41.0,uav_02,1,-7.727573645442028,14.59267167670968,8.010000000000002,2.0302532491890526,0.1362025993512422,0.0
41.0,uav_03,1,-7.716586667731467,29.170399008189374,8.010000000000002,2.027720025457398,0.1384800169715985,0.0
41.0,uav_04,1,-7.360418778548166,43.56012619188546,8.010000000000002,2.1239860139853426,0.21839160839120564,0.0
41.0,uav_05,1,-7.529594445795718,58.140321996131064,8.010000000000002,2.0819528480297516,0.16356227842380128,0.0
41.0,uav_06,1,-7.584815706285715,72.50958398850409,8.010000000000002,2.064516599995235,0.17361327999618809,0.0
41.1,uav_01,1,-7.493891724289768,0.023036706494964858,8.010000000000002,2.0969535382338713,0.18156283058709705,0.0
41.1,uav_02,1,-7.534598627074352,14.60354323425524,8.010000000000002,2.0792894153108747,0.17157364918652476,0.0
41.1,uav_03,1,-7.519647275600409,29.181457398972288,8.010000000000002,2.0829788990118847,0.17378733940713093,0.0
41.1,uav_04,1,-7.1457253519416115,43.582549813857135,8.010000000000002,2.171645514898418,0.24873413617381335,0.0
41.1,uav_05,1,-7.3203201722574285,58.16143636161118,8.010000000000002,2.133594602517305,0.20487568201384376,0.0
41.1,uav_06,1,-7.428129202856845,72.51815618271229,8.010000000000002,2.1031814860141744,0.20454518881133976,0.0
41.2,uav_01,1,-7.321489451123647,0.04150773660627358,8.010000000000002,2.1386103339880473,0.2111662003928284,0.0
41.2,uav_02,1,-7.311744282175246,14.620629507014774,8.010000000000002,2.1331785288710403,0.20854282309683217,0.0
41.2,uav_03,1,-7.335463334388394,29.195248362456088,8.010000000000002,2.127591523467334,0.20407321877386747,0.0
41.2,uav_04,1,-6.960325394498122,43.603500079836415,8.010000000000002,2.2078699911216577,0.273147996448663,0.0
41.2,uav_05,1,-7.160505149107659,58.178257317872436,8.010000000000002,2.1715300687659354,0.22891804125956122,0.0
41.2,uav_06,1,-7.250447233521361,72.53533987795937,8.010000000000002,2.145344276393014,0.23120656583580834,0.0
41.3,uav_01,1,-7.14014851812033,0.06044786259466896,8.010000000000002,2.179060046517808,0.23679503488835613,0.0
41.3,uav_02,1,-7.080572657990698,14.644774191934063,8.010000000000002,2.187630835719675,0.2465785014318052,0.0
41.3,uav_03,1,-7.146458150780612,29.214988979893377,8.010000000000002,2.172111556173536,0.23726693370412147,0.0
41.3,uav_04,1,-6.745956337265992,43.63425678486974,8.010000000000002,2.254935242968041,0.29,0.0
41.3,uav_05,1,-7.004022344428577,58.194246615503985,8.010000000000002,2.207589936348037,0.25055396180882217,0.0
41.3,uav_06,1,-7.072814778344156,72.55389267267566,8.010000000000002,2.187185471312196,0.2563112827873174,0.0
41.4,uav_01,1,-6.95874284250467,0.07931657513029795,8.010000000000002,2.213878726611589,0.2615514906446357,0.0
41.4,uav_02,1,-6.87726553063522,14.665516587692203,8.010000000000002,2.2295281035803782,0.26976405179018914,0.0
41.4,uav_03,1,-6.956320801819654,29.234847846296322,8.010000000000002,2.2155186155474005,0.26275930777370027,0.0
41.4,uav_04,1,-6.551940139053155,43.65363973415889,8.010000000000002,2.289905963732093,0.29,0.0
41.4,uav_05,1,-6.840379184251581,58.21059518370618,8.010000000000002,2.2435680389763486,0.2708920097440871,0.0
41.4,uav_06,1,-6.866482044507467,72.58041445743667,8.010000000000002,2.2297326576462653,0.2798663288231327,0.0
41.5,uav_01,1,-6.713134661836155,0.10385375731234746,8.010000000000002,2.2673729707974295,0.28,0.0
41.5,uav_02,1,-6.671759749469094,14.69063939091912,8.010000000000002,2.2707122252211853,0.2841424450442371,0.0
41.5,uav_03,1,-6.748466991429067,29.25753117973991,8.010000000000002,2.254295927142891,0.28107398178572274,0.0
41.5,uav_04,1,-6.356554731415295,43.682893280962595,8.010000000000002,2.3339043491815867,0.28121913016368266,0.0
41.5,uav_05,1,-6.653061657962876,58.22930890998026,8.010000000000002,2.2773313480501365,0.27933283701253425,0.0
41.5,uav_06,1,-6.64132367604277,72.60852533748691,8.010000000000002,2.2753958028500487,0.29,0.0
41.6,uav_01,1,-6.534481538292276,0.12170187723421116,8.010000000000002,2.299574552699499,0.28,0.0
41.6,uav_02,1,-6.424071056805362,14.72138772764437,8.010000000000002,2.3203308255469026,0.2798345872265485,0.0
41.6,uav_03,1,-6.544213691411288,29.28686433614293,8.010000000000002,2.2895778517713756,0.28989446294284393,0.0
41.6,uav_04,1,-6.162078401756195,43.70297671566517,8.010000000000002,2.3689197562973625,0.25831018277697787,0.0
41.6,uav_05,1,-6.451878594709134,58.25871776230299,8.010000000000002,2.3135938704019363,0.28,0.0
41.6,uav_06,1,-6.4337936699578275,72.6341700106914,8.010000000000002,2.3177231781186154,0.2855692054703461,0.0
41.7,uav_01,1,-6.305806542581603,0.15559747919756217,8.010000000000002,2.3407290048742437,0.2696354975628781,0.0
41.7,uav_02,1,-6.1728575531625385,14.745439187110406,8.010000000000002,2.3637244740236336,0.2581377629881832,0.0
41.7,uav_03,1,-6.303035915144166,29.310995724799792,8.010000000000002,2.3429046343421738,0.27854768282891307,0.0
41.7,uav_04,1,-5.947689990092313,43.72292712305564,8.010000000000002,2.4049142857142547,0.2313142857143089,0.0
41.7,uav_05,1,-6.28345113698505,58.276766476542186,8.010000000000002,2.342954299759669,0.2742614250600828,0.0
41.7,uav_06,1,-6.225116209434985,72.66083708937704,8.010000000000002,2.354697515968954,0.26897686302328444,0.0
41.8,uav_01,1,-6.095442606996943,0.17493233703915395,8.010000000000002,2.3756129590395427,0.2521935204802286,0.0
41.8,uav_02,1,-5.943216247268237,14.767425300668037,8.010000000000002,2.4033918245410764,0.23245613159419276,0.0
41.8,uav_03,1,-6.115512169644874,29.328949456500162,8.010000000000002,2.375296760462933,0.2623516197685334,0.0
41.8,uav_04,1,-5.721569787125836,43.74371016232147,8.010000000000002,2.442411049346334,0.20319171299024952,0.0
41.8,uav_05,1,-6.095412782016137,58.29476947735699,8.010000000000002,2.375435317528782,0.26228234123560895,0.0
41.8,uav_06,1,-6.012032304074156,72.68098291192703,8.010000000000002,2.3910446130103287,0.24171654024225347,0.0
41.9,uav_01,1,-5.853776185367284,0.1979684328746071,8.010000000000002,2.417174688151956,0.22211898388603302,0.0
41.9,uav_02,1,-5.701713998726411,14.789990337630362,8.010000000000002,2.4441036689135442,0.20192224831484193,0.0
41.9,uav_03,1,-5.874539714803124,29.36102464926861,8.010000000000002,2.415444553290888,0.22455544670911157,0.0
41.9,uav_04,1,-5.494156981888929,43.759035529732536,8.010000000000002,2.4750916207169005,0.16987783904413267,0.0
41.9,uav_05,1,-5.866416687518686,58.31636145504897,8.010000000000002,2.414391568009588,0.2356084319904121,0.0
41.9,uav_06,1,-5.792879431926498,72.701125573437,8.010000000000002,2.427386007352059,0.21446049448595594,0.0
42.0,uav_01,1,-5.652285243853437,0.21655039893212022,8.010000000000002,2.450700275413922,0.18929972458607788,0.0
42.0,uav_02,1,-5.463772388450943,14.811859899535788,8.010000000000002,2.477670552997409,0.16643926267012132,0.0
42.0,uav_03,1,-5.599797981932145,29.376453776041316,8.010000000000002,2.4607530481213535,0.18924695187864665,0.0
42.0,uav_04,1,-5.278660612006531,43.77299530885564,8.010000000000002,2.5052473169584433,0.13856451228116773,0.0
42.0,uav_05,1,-5.639909337996028,58.33718007729121,8.010000000000002,2.4519525308536667,0.2010356018597499,0.0
42.0,uav_06,1,-5.554303074115774,72.72112787650404,8.010000000000002,2.466948333796768,0.18305166620323227,0.0
42.1,uav_01,1,-5.4088968773661215,0.23892058053109783,8.010000000000002,2.4910605614401033,0.15670457891992257,0.0
42.1,uav_02,1,-5.214582840438344,14.827602193559919,8.010000000000002,2.5139259749400042,0.13205551879499666,0.0
42.1,uav_03,1,-5.364929827295975,29.398040852471375,8.010000000000002,2.48996360364697,0.16003639635303005,0.0
42.1,uav_04,1,-5.059382486456771,43.789544554023216,8.010000000000002,2.537658202589726,0.11489453160684922,0.0
42.1,uav_05,1,-5.411810286842841,58.35793656202049,8.010000000000002,2.487051038762102,0.17294896123789769,0.0
42.1,uav_06,1,-5.310442798408854,72.73422431532538,8.010000000000002,2.5053270733124635,0.1446729266875365,0.0
42.2,uav_01,1,-5.1808868288769006,0.25156861602834024,8.010000000000002,2.5208202249450813,0.12917977505491868,0.0
42.2,uav_02,1,-4.942404111757451,14.839629283049032,8.010000000000002,2.5504933968927355,0.10633773540484313,0.0
42.2,uav_03,1,-5.082336521726395,29.41278393520516,8.010000000000002,2.526550944889389,0.12508679133295852,0.0
42.2,uav_04,1,-4.798390047959019,43.80107734109433,8.010000000000002,2.565912925531666,0.097043537234167,0.0
42.2,uav_05,1,-5.173935857887609,58.37692763416001,8.010000000000002,2.515497621429347,0.14450237857065276,0.0
42.2,uav_06,1,-5.105890534072283,72.75230190976585,8.010000000000002,2.5297887732218616,0.12021122677813803,0.0
42.3,uav_01,1,-4.929544805939774,0.26267496873153445,8.010000000000002,2.5508773507346683,0.10608176617688782,0.0
42.3,uav_02,1,-4.6773566448394925,14.851341254568284,8.010000000000002,2.5747930063451934,0.08520699365480658,0.0
42.3,uav_03,1,-4.801835246738959,29.434332813204108,8.010000000000002,2.5654294348331663,0.09728528258341698,0.0
42.3,uav_04,1,-4.5571576244441205,43.81173696886673,8.010000000000002,2.5851450279695674,0.08485497203043278,0.0
42.3,uav_05,1,-4.9212227370314885,58.38809457326449,8.010000000000002,2.545718712090942,0.11618752527270537,0.0
42.3,uav_06,1,-4.835455841669991,72.76432998339344,8.010000000000002,2.5614194170087994,0.09929029149560037,0.0
42.4,uav_01,1,-4.639282572184912,0.2755011358077972,8.010000000000002,2.5770592068817475,0.08294079311825259,0.0
42.4,uav_02,1,-4.423790849671648,14.862237776306399,8.010000000000002,2.5944525131057077,0.0727737434471462,0.0
42.4,uav_03,1,-4.5246030387351714,29.446272594495166,8.010000000000002,2.586971191008565,0.0830288089914349,0.0
42.4,uav_04,1,-4.295663646423976,43.82316890345083,8.010000000000002,2.6028852633539095,0.07,0.0
42.4,uav_05,1,-4.671709431219611,58.399120118042305,8.010000000000002,2.5737047652704725,0.09629523472952711,0.0
42.4,uav_06,1,-4.596335611649705,72.77488635939321,8.010000000000002,2.580465232595552,0.08953476740444802,0.0
42.5,uav_01,1,-4.367181857819195,0.28713982680908734,8.010000000000002,2.5980577360234407,0.061942263976559275,0.0
42.5,uav_02,1,-4.148161761077445,14.873966236358088,8.010000000000002,2.6078065014717633,0.062193498528236774,0.0
42.5,uav_03,1,-4.264566815038483,29.453493971077105,8.010000000000002,2.6037085699655402,0.07,0.0
42.5,uav_04,1,-4.05431282792705,43.83105576261212,8.010000000000002,2.6121497092352355,0.0678502907647646,0.0
42.5,uav_05,1,-4.409084590259364,58.41062973881573,8.010000000000002,2.5944704252411577,0.07776478737942111,0.0
42.5,uav_06,1,-4.325937008212766,72.78641835011416,8.010000000000002,2.600635626561904,0.07,0.0
42.6,uav_01,1,-4.07731535331138,0.29930159469139117,8.010000000000002,2.61,0.06,0.0
42.6,uav_02,1,-3.874373206945855,14.885616378403252,8.010000000000002,2.61,0.06,0.0
42.6,uav_03,1,-4.017343147310944,29.457039530938896,8.010000000000002,2.61,0.06680155011424369,0.0
42.6,uav_04,1,-3.754316293227195,43.83511885743948,8.010000000000002,2.616334681772987,0.06366531822701307,0.0
42.6,uav_05,1,-4.172378049536246,58.4207019819541,8.010000000000002,2.61,0.07,0.0
42.6,uav_06,1,-4.053213700293387,72.79840763255837,8.010000000000002,2.611451159385703,0.07,0.0
42.7,uav_01,1,-3.7987249732300223,0.30027955585767474,8.010000000000002,2.61,0.06,0.0
42.7,uav_02,1,-3.597380629727871,14.89778438893286,8.010000000000002,2.61,0.06,0.0
42.7,uav_03,1,-3.758054749108147,29.468072668242172,8.010000000000002,2.61,0.06,0.0
42.7,uav_04,1,-3.471684005980663,43.84714531481226,8.010000000000002,2.6054856134426165,0.07,0.0
42.7,uav_05,1,-3.883008545270988,58.43301511841854,8.010000000000002,2.61,0.07,0.0
42.7,uav_06,1,-3.7802263798137568,72.80788423129512,8.010000000000002,2.6180700020811516,0.07,0.0
42.8,uav_01,1,-3.570910462350887,0.3103462702114661,8.010000000000002,2.61,0.06,0.0
42.8,uav_02,1,-3.358758258892016,14.907967186453208,8.010000000000002,2.593042475770079,0.06,0.0
42.8,uav_03,1,-3.531546113007436,29.47771097395491,8.010000000000002,2.6081538390644017,0.061846160935598304,0.0
42.8,uav_04,1,-3.2089236890846973,43.85832618781051,8.010000000000002,2.590798693385632,0.07460065330718416,0.0
42.8,uav_05,1,-3.6311948294024217,58.443819523551475,8.010000000000002,2.6078242790834207,0.07,0.0
42.8,uav_06,1,-3.5296622550343133,72.80960034233578,8.010000000000002,2.6084518960133485,0.07,0.0
42.9,uav_01,1,-3.2857197791341526,0.32248309357391003,8.010000000000002,2.5890879673162264,0.06091203268377344,0.0
42.9,uav_02,1,-3.0854050852837904,14.90965351582465,8.010000000000002,2.572056711663232,0.06897164416838408,0.0
42.9,uav_03,1,-3.293349263573407,29.4878888217222,8.010000000000002,2.5979448032670214,0.07,0.0
42.9,uav_04,1,-2.951766274868395,43.86945930799263,8.010000000000002,2.5660684732037318,0.08,0.0
42.9,uav_05,1,-3.362821538662107,58.455560474838755,8.010000000000002,2.5972327657213974,0.07,0.0
42.9,uav_06,1,-3.238955600952931,72.82197037663046,8.010000000000002,2.594585773218104,0.072707113390948,0.0
43.0,uav_01,1,-3.0419500206415586,0.3328673711145349,8.010000000000002,2.5791609287020134,0.07,0.0
43.0,uav_02,1,-2.8130859329002895,14.920503007921834,8.010000000000002,2.5504253436160838,0.07,0.0
43.0,uav_03,1,-3.0697382035159233,29.49776979307454,8.010000000000002,2.5801175528890985,0.07,0.0
43.0,uav_04,1,-2.681735183896427,43.8813914971851,8.010000000000002,2.533776386215659,0.08,0.0
43.0,uav_05,1,-3.0839379590560396,58.46357817210976,8.010000000000002,2.579582783688574,0.07,0.0
43.0,uav_06,1,-2.9539595258939455,72.83425290535527,8.010000000000002,2.56863844886354,0.08,0.0
43.1,uav_01,1,-2.805587033773194,0.3433118272223815,8.010000000000002,2.5508950941818456,0.07,0.0
43.1,uav_02,1,-2.5584206639612925,14.931348155307463,8.010000000000002,2.521287789962842,0.07,0.0
43.1,uav_03,1,-2.7779121647416027,29.508920192184974,8.011189431406484,2.5464317057805514,0.07118943140648287,0.0
43.1,uav_04,1,-2.4370719370518867,43.892202726678725,8.010000000000002,2.4993572696369912,0.08,0.0
43.1,uav_05,1,-2.8032706760850843,58.46846604983828,8.010000000000002,2.546771935120164,0.07440935495994533,0.0
43.1,uav_06,1,-2.6837593294144644,72.84619256683706,8.010000000000002,2.536326139130971,0.08,0.0
43.2,uav_01,1,-2.5610707104268635,0.3537286386377395,8.010000000000002,2.522704073531037,0.07,0.0
43.2,uav_02,1,-2.323084610192666,14.94172893120346,8.010000000000002,2.4842590576240267,0.07,0.0
43.2,uav_03,1,-2.542779732183164,29.50954354170896,8.02,2.5177507053424493,0.08,0.0
43.2,uav_04,1,-2.203499070012299,43.90252389220914,8.014471407161205,2.4576429641939797,0.08,0.0
43.2,uav_05,1,-2.5374210917684614,58.480213465757636,8.010000000000002,2.5149799000934028,0.08,0.0
43.2,uav_06,1,-2.409495661276705,72.85831178580251,8.010000000000002,2.498037190447141,0.08,0.0
43.3,uav_01,1,-2.300028304497855,0.3656450995515511,8.019848482702706,2.470757586486467,0.07,0.0
43.3,uav_02,1,-2.0945325514464663,14.95218499563344,8.018367652599819,2.4381617370009065,0.07,0.0
43.3,uav_03,1,-2.2801475593673994,29.52119451996365,8.02,2.4746366387654457,0.07892732775308917,0.0
43.3,uav_04,1,-1.9547739235417345,43.913709095475014,8.02,2.4026305195056743,0.0754384199176124,0.0
43.3,uav_05,1,-2.2801786827185078,58.4915805458769,8.015260944203552,2.473695278982237,0.0747390557964474,0.0
43.3,uav_06,1,-2.1557081870128862,72.86952619876462,8.010000000000002,2.4519638731043605,0.07439277462087204,0.0
43.4,uav_01,1,-2.0938847055796463,0.36581306017836696,8.02,2.437713422494779,0.07,0.0
43.4,uav_02,1,-1.8900228764394447,14.961583387652144,8.02,2.388924342093709,0.07,0.0
43.4,uav_03,1,-2.079482628523796,29.53041622395682,8.02,2.433042138555097,0.07060842771101938,0.0
43.4,uav_04,1,-1.726868647426743,43.92436785491698,8.02,2.34493891122743,0.07,0.0
43.4,uav_05,1,-2.0296037057886895,58.50288576811407,8.02,2.4227030679078503,0.07,0.0
43.4,uav_06,1,-1.9264374859164781,72.8798677218238,8.01493631448165,2.4003821131101057,0.07,0.0
43.5,uav_01,1,-1.8692582550880834,0.37391279888210527,8.02,2.3861593497081266,0.0626932249513544,0.0
43.5,uav_02,1,-1.6779610247564578,14.971589225062736,8.02,2.3347667408623622,0.064127790143727,0.0
43.5,uav_03,1,-1.8532934125435994,29.540810914893786,8.02,2.3773882543486886,0.07,0.0
43.5,uav_04,1,-1.5150495070227925,43.9345077545859,8.02,2.2867316305161043,0.06667594721658633,0.0
43.5,uav_05,1,-1.789040987780322,58.51394100419746,8.02,2.3674061044077632,0.07,0.0
43.5,uav_06,1,-1.711759831372015,72.88991057603185,8.02,2.34202817927062,0.06600402561008857,0.0
43.6,uav_01,1,-1.6542889168176405,0.3840791041666534,8.02,2.331133198590569,0.06,0.0
43.6,uav_02,1,-1.4775939014192743,14.9811809103355,8.02,2.273801038349454,0.05547512979368176,0.0
43.6,uav_03,1,-1.6557116148530087,29.549890931245955,8.02,2.3282417524396526,0.0630402920732754,0.0
43.6,uav_04,1,-1.2818876867100415,43.94190820522169,8.02,2.208136051770835,0.05645956130787053,0.0
43.6,uav_05,1,-1.5473333544896382,58.52530070808055,8.02,2.3002406574522,0.06432009392174286,0.0
43.6,uav_06,1,-1.484538834004359,72.90078777137734,8.02,2.273341946640524,0.06,0.0
43.7,uav_01,1,-1.463125150446023,0.3932302196989982,8.02,2.2721358196404733,0.05526697745505916,0.0
43.7,uav_02,1,-1.2960097859975488,14.987250225296904,8.02,2.210245666498844,0.04753070831235554,0.0
43.7,uav_03,1,-1.466787750494475,29.55903497000062,8.02,2.268331630801463,0.06,0.0
43.7,uav_04,1,-1.0911799996712863,43.94438136036594,8.02,2.129920698599811,0.047768966511090125,0.0
43.7,uav_05,1,-1.332811580868401,58.53580826029344,8.02,2.228729839407162,0.05484122992589527,0.0
43.7,uav_06,1,-1.2448323595844488,72.91246314125705,8.02,2.1909341881507443,0.055659354238971594,0.0
43.8,uav_01,1,-1.2691287839475849,0.3990687929218549,8.02,2.2040335197797054,0.04675418997246317,0.0
43.8,uav_02,1,-1.1214249325883756,14.987640042010968,8.02,2.1468351167492683,0.03964834630547428,0.0
43.8,uav_03,1,-1.2717146622382924,29.56434641368667,8.02,2.1980091884623443,0.056001148557793035,0.0
43.8,uav_04,1,-0.9339182863140599,43.95259394826236,8.02,2.063243511755706,0.040360390195078456,0.0
43.8,uav_05,1,-1.1307797400221622,58.54117488197584,8.02,2.1498923583832275,0.045543595375914146,0.0
43.8,uav_06,1,-1.0259896549272884,72.91873667351086,8.02,2.1004625484288058,0.04560694982542289,0.0
43.9,uav_01,1,-1.0398307321856746,0.4032157817901546,8.02,2.1125900095074437,0.03625900095074439,0.0
43.9,uav_02,1,-0.9097068930151848,14.998713661823475,8.02,2.0565883282809474,0.03,0.0
43.9,uav_03,1,-1.0585217715278437,29.56852506052434,8.02,2.1160739794370143,0.04623044215966828,0.0
43.9,uav_04,1,-0.765529790751264,43.96178732498541,8.02,1.9806704390422396,0.03206704390422396,0.0
43.9,uav_05,1,-0.9174785835573734,58.54616877449089,8.02,2.0549500909113094,0.04,0.0
43.9,uav_06,1,-0.8125647676114797,72.9239015653946,8.02,2.0034075054449723,0.03534075054449725,0.0
44.0,uav_01,1,-0.8237279859259348,0.4147081983732704,8.02,2.013025217803899,0.03,0.0
44.0,uav_02,1,-0.7348682620030915,15.00827894452067,8.02,1.9702999040471538,0.03,0.0
44.0,uav_03,1,-0.8461578139998459,29.579615220941722,8.02,2.0222600717972767,0.036226007179727654,0.0
44.0,uav_04,1,-0.5887707639608905,43.96407869358607,8.02,1.8901059500611077,0.03,0.0
44.0,uav_05,1,-0.7085246335563739,58.557562929068936,8.02,1.952163410015737,0.03521634100157371,0.0
44.0,uav_06,1,-0.6166837281356041,72.92982191788995,8.02,1.9045706824804913,0.03,0.0
44.1,uav_01,1,-0.6337671272589681,0.4212392816800648,8.02,1.9197657875946523,0.026342344326786577,0.0
44.1,uav_02,1,-0.5382807447298561,15.00942071405511,8.02,1.8689415981057418,0.020894159810574176,0.0
44.1,uav_03,1,-0.6439655753017942,29.586516902051056,8.02,1.9237083642013726,0.03,0.0
44.1,uav_04,1,-0.41449848520007415,43.97110363548046,8.02,1.7902907917989033,0.02366279925444574,0.0
44.1,uav_05,1,-0.5159985087927168,58.563345370340215,8.02,1.8476342325678208,0.025239475687983702,0.0
44.1,uav_06,1,-0.4152510424892112,72.93563448625507,8.02,1.7923212968251967,0.02475648152956334,0.0
44.2,uav_01,1,-0.450478258750698,0.4212392816800648,8.02,1.8134587104438271,0.016678064585802458,0.0
44.2,uav_02,1,-0.3444860664989018,15.020095737522402,8.02,1.7540706597922848,0.010370059981116812,0.0
44.2,uav_03,1,-0.4445787620832371,29.591139513778746,8.02,1.8141293567686565,0.025829941524423305,0.0
44.2,uav_04,1,-0.2417408464590492,43.97516393796517,8.02,1.683110386953153,0.02,0.0
44.2,uav_05,1,-0.3360879020024365,58.56837516807357,8.02,1.740088808893412,0.02,0.0
44.2,uav_06,1,-0.2182141738363948,72.94090716226906,8.02,1.6704316192288389,0.013675601748076267,0.0
44.3,uav_01,1,-0.284764347674612,0.4240023065365106,8.02,1.7100896991339265,0.01,0.0
44.3,uav_02,1,-0.17537624633684823,15.020505958040388,8.02,1.6378419232093102,0.01,0.0
44.3,uav_03,1,-0.2826358672251044,29.597602146430155,8.02,1.7119523702785413,0.02,0.0
44.3,uav_04,1,-0.07262524271011894,43.98199309924688,8.02,1.5599123685270369,0.01383941296361823,0.0
44.3,uav_05,1,-0.1511937228532201,58.574430614719326,8.02,1.6141409732589824,0.014511747771581866,0.0
44.3,uav_06,1,-0.059727547193841504,72.94770362013297,8.02,1.5502958885270695,0.01,0.0
44.4,uav_01,1,-0.10425487922259673,0.43232452566534274,8.02,1.5833304747155825,0.006944206226298533,0.0
44.4,uav_02,1,0.0017626260421203912,15.020640962660902,8.0198782123191,1.4984167601482938,0.0,0.0
44.4,uav_03,1,-0.13554198205062812,29.599647513552206,8.02,1.6078584887286183,0.018154874060718196,0.0
44.4,uav_04,1,0.0894030838561975,43.98624918234428,8.02,1.4265896791564907,0.0035838214735762113,0.0
44.4,uav_05,1,0.024756084298643843,58.574430614719326,8.02,1.4741531826467054,0.003396398665131188,0.0
44.4,uav_06,1,0.09888516553306492,72.95199240625435,8.02,1.4167299262015458,0.0035946097078112084,0.0
44.5,uav_01,1,0.06770145207856641,0.4367709591667999,8.015988871918928,1.4438442068649944,0.0,0.0
44.5,uav_02,1,0.1350626365505195,15.03085079554845,8.01066792110821,1.3786829744067202,0.0,0.0
44.5,uav_03,1,0.02984533131261706,29.608687390415437,8.02,1.4767425859841974,0.007441737383399797,0.0
44.5,uav_04,1,0.24151276438026817,43.98624918234428,8.02,1.2796921179166079,0.0,0.0
44.5,uav_05,1,0.18576187533147256,58.58274652299442,8.012498218360646,1.33247683868838,0.0,0.0
44.5,uav_06,1,0.24018524260810986,72.9590340714271,8.013647713183467,1.281067984568513,0.0,0.0
44.6,uav_01,1,0.21175821502281436,0.44340977004444776,8.010000000000002,1.304778073453638,0.0,0.0
44.6,uav_02,1,0.27911688942474167,15.031591202419495,8.010000000000002,1.2307185717409759,0.0,0.0
44.6,uav_03,1,0.18241132588610626,29.608687390415437,8.02,1.3409458404663102,0.0,0.0
44.6,uav_04,1,0.37566028212919994,43.99542597415065,8.011721614951774,1.1241026093248172,0.0,0.0
44.6,uav_05,1,0.32390451511348417,58.58551585909843,8.010000000000002,1.1861691501223923,0.0,0.0
44.6,uav_06,1,0.35561562183566,72.96307765063345,8.010000000000002,1.150006336312516,0.0,0.0
44.7,uav_01,1,0.3434570729974371,0.44340977004444776,8.010000000000002,1.169730351454563,-0.0043049748961026466,0.0
44.7,uav_02,1,0.382660929534995,15.031591202419495,8.010000000000002,1.1152040833151553,0.0,0.0
44.7,uav_03,1,0.3097578066840344,29.61155460634252,8.017413484241729,1.203788779384207,0.0,0.0
44.7,uav_04,1,0.47664514714698164,43.99733442632956,8.010000000000002,1.0089967182163202,0.0,0.0
44.7,uav_05,1,0.42758067591425963,58.58551585909843,8.010000000000002,1.0629895808183623,0.0,0.0
44.7,uav_06,1,0.44808575952826013,72.96307765063345,8.010000000000002,1.0418961000881848,0.0,0.0
44.8,uav_01,1,0.46197906154885926,0.44340977004444776,8.010000000000002,1.0208626265142373,-0.01,0.0
44.8,uav_02,1,0.4905598082306033,15.031591202419495,8.010000000000002,0.9849960044724866,-0.005526526080395448,0.0
44.8,uav_03,1,0.4331145689123654,29.619772634794543,8.010000000000002,1.051390990553173,0.0,0.0
44.8,uav_04,1,0.5673578257252837,43.99733442632956,8.010000000000002,0.8887731594381335,-0.005801917182990464,0.0
44.8,uav_05,1,0.5139612389607209,58.58551585909843,8.010000000000002,0.9541524337649704,-0.004389837749001974,0.0
44.8,uav_06,1,0.5266131062167768,72.96307765063345,8.010000000000002,0.9509923068458657,-0.0006434066538667357,0.0
44.9,uav_01,1,0.559510435459254,0.44340977004444776,8.010000000000002,0.8676994918246848,-0.01,0.0
44.9,uav_02,1,0.5841376987256223,15.031591202419495,8.010000000000002,0.8542617950943947,-0.01,0.0
44.9,uav_03,1,0.5452267396269466,29.619772634794543,8.010000000000002,0.8798357149326776,-0.003898015837073463,0.0
44.9,uav_04,1,0.647257144178215,43.99733442632956,8.010000000000002,0.7534471889308523,-0.01,0.0
44.9,uav_05,1,0.5914355117389732,58.58551585909843,8.010000000000002,0.847296043392604,-0.01,0.0
44.9,uav_06,1,0.6001065523817815,72.96307765063345,8.010000000000002,0.8325058862342074,-0.00910672241184233,0.0
45.0,uav_01,1,0.6483312362890714,0.44340977004444776,8.010000000000002,0.6751465675532553,-0.015242671622337233,0.0
45.0,uav_02,1,0.661677602035616,15.031591202419495,8.010000000000002,0.6775372956710884,-0.01697172128046903,0.0
45.0,uav_03,1,0.6390755936632665,29.619772634794543,8.010000000000002,0.6588347417879303,-0.01529358372438427,0.0
45.0,uav_04,1,0.7206308529243073,43.99733442632956,8.010000000000002,0.5851813783313031,-0.015267701203816493,0.0
45.0,uav_05,1,0.6580446484769367,58.58551585909843,8.010000000000002,0.7245483110395358,-0.01028693099791917,0.0
45.0,uav_06,1,0.6840110626398896,72.96307765063345,8.010000000000002,0.6709278614332399,-0.01,0.0
45.1,uav_01,1,0.7141369725510202,0.44340977004444776,8.010000000000002,0.45339712374292196,-0.02,0.0
45.1,uav_02,1,0.7299882094490117,15.031591202419495,8.010000000000002,0.4569978937005367,-0.02,0.0
45.1,uav_03,1,0.7049575757377314,29.619772634794543,8.010000000000002,0.4313545800336961,-0.02,0.0
45.1,uav_04,1,0.7821105407772028,43.99733442632956,8.010000000000002,0.37763004543228584,-0.02,0.0
45.1,uav_05,1,0.7275416589411096,58.58551585909843,8.010000000000002,0.5230471839489683,-0.02,0.0
45.1,uav_06,1,0.7494493352516173,72.96307765063345,8.010000000000002,0.4608604429853441,-0.019456977850732794,0.0
45.2,uav_01,1,0.754746062014724,0.44340977004444776,8.010000000000002,0.26440044942127283,-0.02,0.0
45.2,uav_02,1,0.7765677318867594,15.031591202419495,8.010000000000002,0.23576085581872647,-0.028711957209063676,0.0
45.2,uav_03,1,0.7375476563642407,29.619772634794543,8.010000000000002,0.25875713666199807,-0.024802255965157994,0.0
45.2,uav_04,1,0.814226786797229,43.99733442632956,8.010000000000002,0.16815610392006633,-0.026939152425259665,0.0
45.2,uav_05,1,0.7670402138703576,58.58551585909843,8.010000000000002,0.35111192984827755,-0.02,0.0
45.2,uav_06,1,0.7864256545028047,72.96307765063345,8.010000000000002,0.27467627160834807,-0.02,0.0
45.3,uav_01,1,0.7771754801921653,0.44340977004444776,8.010000000000002,0.0868789352250747,-0.025477709692642667,0.0
45.3,uav_02,1,0.797605685650982,15.031591202419495,8.010000000000002,0.07678466477484766,-0.03,0.0
45.3,uav_03,1,0.7594796241161719,29.619772634794543,8.010000000000002,0.10646929608417774,-0.03,0.0
45.3,uav_04,1,0.826655285901231,43.99733442632956,8.010000000000002,0.015368256978618947,-0.03,0.0
45.3,uav_05,1,0.7926672978444187,58.58551585909843,8.010000000000002,0.19361996859587913,-0.02717789638969057,0.0
45.3,uav_06,1,0.8144735920895922,72.96307765063345,8.010000000000002,0.10519541120117634,-0.028044699377712423,0.0
45.4,uav_01,1,0.7815388702529098,0.44340977004444776,8.010000000000002,-0.0815334351433359,-0.03653810251023828,0.0
45.4,uav_02,1,0.8008361265285986,15.031591202419495,8.010000000000002,-0.08307769224027335,-0.038871846149351554,0.0
45.4,uav_03,1,0.771890241429489,29.619772634794543,8.010000000000002,-0.04084027016090683,-0.03,0.0
45.4,uav_04,1,0.8297820102565557,43.99733442632956,8.010000000000002,-0.13089883666529192,-0.03,0.0
45.4,uav_05,1,0.8054119654094328,58.58551585909843,8.010000000000002,0.05937789974894808,-0.03,0.0
45.4,uav_06,1,0.8201333828042876,72.96307765063345,8.010000000000002,-0.02906067841058156,-0.03,0.0
45.5,uav_01,1,0.7760315807057689,0.44340977004444776,8.010000000000002,-0.20420200882745607,-0.03429215316711876,0.0
45.5,uav_02,1,0.7937292560785193,15.031591202419495,8.010000000000002,-0.19575382942161634,-0.04,0.0
45.5,uav_03,1,0.7693083021428675,29.619772634794543,8.010000000000002,-0.1547875497236547,-0.03,0.0
45.5,uav_04,1,0.815920807375092,43.99733442632956,8.010000000000002,-0.25619589862996034,-0.03,0.0
45.5,uav_05,1,0.8080125119791793,58.58551585909843,8.010000000000002,-0.07612091849386698,-0.032562273249659275,0.0
45.5,uav_06,1,0.8147101925475669,72.96307765063345,8.010000000000002,-0.16993095878753864,-0.03,0.0
45.6,uav_01,1,0.7579397959344727,0.44340977004444776,8.010000000000002,-0.308194919962117,-0.03,0.0
45.6,uav_02,1,0.780586035898716,15.031591202419495,8.010000000000002,-0.2904314303572767,-0.03450623360388394,0.0
45.6,uav_03,1,0.756749786288925,29.619772634794543,8.010000000000002,-0.26707546733041193,-0.028102725852176453,0.0
45.6,uav_04,1,0.7883729929576351,43.99733442632956,8.010000000000002,-0.35875100137878274,-0.03,0.0
45.6,uav_05,1,0.7974547957663166,58.58551585909843,8.010000000000002,-0.2345312753251796,-0.03824776604820146,0.0
45.6,uav_06,1,0.7933479674543981,72.96307765063345,8.010000000000002,-0.3169636978224044,-0.03,0.0
45.7,uav_01,1,0.729857211831668,0.44340977004444776,8.010000000000002,-0.38712747551851134,-0.016436262240744327,0.0
45.7,uav_02,1,0.7571747858472916,15.031591202419495,8.010000000000002,-0.3705026909416846,-0.02237432726457885,0.0
45.7,uav_03,1,0.7290419582288885,29.619772634794543,8.010000000000002,-0.34881736109808475,-0.017060879633971765,0.0
45.7,uav_04,1,0.7529696909079239,43.99733442632956,8.010000000000002,-0.4244143648249797,-0.015195211725006777,0.0
45.7,uav_05,1,0.7804822925682617,58.58551585909843,8.010000000000002,-0.3527376370753265,-0.029452472584934695,0.0
45.7,uav_06,1,0.7622167964106337,72.96307765063345,8.010000000000002,-0.42340192484395034,-0.016649518789012416,0.0
45.8,uav_01,1,0.7024881757650003,0.4467157962145818,8.010000000000002,-0.4319294660796679,0.005964733039833953,0.0
45.8,uav_02,1,0.7243750866801686,15.031591202419495,8.010000000000002,-0.42924550458536814,-0.005377247707315936,0.0
45.8,uav_03,1,0.7050322724491626,29.619772634794543,8.010000000000002,-0.3985854418408591,-0.0004715193863803202,0.0
45.8,uav_04,1,0.71240341616573,43.99733442632956,8.010000000000002,-0.4637398579617856,0.013739857961785585,0.0
45.8,uav_05,1,0.7487036085980601,58.58551585909843,8.010000000000002,-0.43507753948476136,-0.01298449210304773,0.0
45.8,uav_06,1,0.7228140517405909,72.96307765063345,8.010000000000002,-0.474690709548129,0.0023453547740644835,0.0
45.9,uav_01,1,0.6747407482513136,0.45449501442355267,8.010000000000002,-0.46,0.020859206595189767,0.0
45.9,uav_02,1,0.692612303611621,15.032191187277508,8.010000000000002,-0.4605412463970064,0.012164985588025416,0.0
45.9,uav_03,1,0.6701004811891115,29.619772634794543,8.010000000000002,-0.4266224622986735,0.017748308199115655,0.0
45.9,uav_04,1,0.6760629014450059,44.00545909675861,8.010000000000002,-0.47,0.05664632980199737,0.0
45.9,uav_05,1,0.7173030796294523,58.58551585909843,8.010000000000002,-0.4832188132159274,0.0032875252863709646,0.0
45.9,uav_06,1,0.6798431773424279,72.97011653759584,8.010000000000002,-0.4963497805927084,0.04174890296354194,0.0
46.0,uav_01,1,0.6312528819474229,0.4570485760119891,8.010000000000002,-0.45884821590464436,0.07806248866748972,0.0
46.0,uav_02,1,0.6587881175001653,15.041906282615756,8.010000000000002,-0.46930523481801,0.04722093927204006,0.0
46.0,uav_03,1,0.6279404632317492,29.630633947856573,8.010000000000002,-0.43979799153774507,0.07878794922647052,0.0
46.0,uav_04,1,0.6340463707485444,44.01570571399462,8.010000000000002,-0.4568545193289708,0.10943644201308765,0.0
46.0,uav_05,1,0.6677077146152939,58.59393543869231,8.010000000000002,-0.5075953038156494,0.04038121526259769,0.0
46.0,uav_06,1,0.6301090351453383,72.98235365373209,8.010000000000002,-0.492611115524011,0.104333306855934,0.0
46.1,uav_01,1,0.591848788098262,0.4751570154563623,8.010000000000002,-0.45068040329413617,0.13523717694104703,0.0
46.1,uav_02,1,0.6063582246720205,15.054626428617459,8.010000000000002,-0.45921991991876154,0.11312032032495396,0.0
46.1,uav_03,1,0.592743562564133,29.640743318488312,8.010000000000002,-0.4310823439449841,0.13350593633009528,0.0
46.1,uav_04,1,0.593701693375187,44.03318277733832,8.010000000000002,-0.43766119895443756,0.1731858036594685,0.0
46.1,uav_05,1,0.6284827178352177,58.60453535696352,8.010000000000002,-0.5028425088266323,0.09294494704020599,0.0
46.1,uav_06,1,0.5740618610542972,73.00521605811116,8.010000000000002,-0.47198693828440613,0.18304571600457842,0.0
46.2,uav_01,1,0.5509643339199806,0.48746566759583154,8.010000000000002,-0.4305143406161554,0.20819980784345604,0.0
46.2,uav_02,1,0.5764559468319681,15.071803692804119,8.010000000000002,-0.44372430827573933,0.17510276689704268,0.0
46.2,uav_03,1,0.5499367806418987,29.664143785053536,8.010000000000002,-0.4099727808104824,0.21007258450538027,0.0
46.2,uav_04,1,0.5532724123868535,44.056407242281075,8.010000000000002,-0.41671040656678227,0.24651357701626198,0.0
46.2,uav_05,1,0.5790668853827289,58.625354170630054,8.010000000000002,-0.48406185477120756,0.17375258091516982,0.0
46.2,uav_06,1,0.5370559156945256,73.02592335705408,8.010000000000002,-0.4449603224873782,0.24842591419611748,0.0
46.3,uav_01,1,0.5186943515882491,0.5147015834283485,8.010000000000002,-0.4137917651857571,0.26672882184985,0.0
46.3,uav_02,1,0.5402611081849409,15.092595696757986,8.010000000000002,-0.4249678392807372,0.24261256251741975,0.0
46.3,uav_03,1,0.5194606757654545,29.69040412964228,8.010000000000002,-0.38628332119945064,0.2732444768014649,0.0
46.3,uav_04,1,0.5151324456614109,44.08121076396958,8.010000000000002,-0.3943351470072973,0.31177294131387373,0.0
46.3,uav_05,1,0.5336793411948821,58.64621234931089,8.010000000000002,-0.45786853461545113,0.24164008589728075,0.0
46.3,uav_06,1,0.492578068810987,73.05585038582983,8.010000000000002,-0.4242064705583456,0.32317411776661764,0.0
46.4,uav_01,1,0.4798566564760707,0.5481668592834146,8.010000000000002,-0.39366574594378495,0.3453370162248601,0.0
46.4,uav_02,1,0.5012498149694459,15.118386190880416,8.010000000000002,-0.40170223179528375,0.3087940485459101,0.0
46.4,uav_03,1,0.47915424749917673,29.725134968760493,8.010000000000002,-0.3633017517226071,0.3567929931095717,0.0
46.4,uav_04,1,0.47556254098910306,44.11607845648259,8.010000000000002,-0.37144049899031184,0.3842380040387527,0.0
46.4,uav_05,1,0.48986051212090376,58.67888161567125,8.010000000000002,-0.43384982746104184,0.32460069015583276,0.0
46.4,uav_06,1,0.45648249285360115,73.08520424430151,8.010000000000002,-0.4065530580185627,0.3870642969350307,0.0
46.5,uav_01,1,0.4370723565867952,0.5952896716447765,8.010000000000002,-0.3622418435378237,0.4340217505658035,0.0
46.5,uav_02,1,0.4569663085839262,15.15330090659832,8.010000000000002,-0.3768037753865724,0.38618678614699664,0.0
46.5,uav_03,1,0.44267230898424365,29.765218788399515,8.010000000000002,-0.3443965047468324,0.4246122333860866,0.0
46.5,uav_04,1,0.4396241567811832,44.162676234179344,8.010000000000002,-0.34563385346378767,0.4635210085844955,0.0
46.5,uav_05,1,0.4457070408659157,58.71059848081206,8.010000000000002,-0.41477530254501604,0.3932864410924437,0.0
46.5,uav_06,1,0.41640345018422403,73.13549820036421,8.010000000000002,-0.3786756423389549,0.4668649537627869,0.0
46.6,uav_01,1,0.39500252082973514,0.6437932388981473,8.010000000000002,-0.3295404310221044,0.5212255172743884,0.0
46.6,uav_02,1,0.424068266154876,15.20246753124239,8.010000000000002,-0.3495114674468215,0.46463608680847607,0.0
46.6,uav_03,1,0.40242550390495857,29.81145807360686,8.010000000000002,-0.323540272749021,0.5058389090039161,0.0
46.6,uav_04,1,0.40819429733945467,44.2092573873197,8.010000000000002,-0.3130594198591988,0.5381163053168028,0.0
46.6,uav_05,1,0.4016105313711925,58.76532420977642,8.010000000000002,-0.38467692072332343,0.47752821140447077,0.0
46.6,uav_06,1,0.378348106287197,73.1901501132478,8.010000000000002,-0.34909474460675427,0.545747347715322,0.0
46.7,uav_01,1,0.3589256338363376,0.6956038560867385,8.010000000000002,-0.3014974130318879,0.5960068985816322,0.0
46.7,uav_02,1,0.3917563298871386,15.253264446464605,8.010000000000002,-0.3220171259758688,0.5379543307310165,0.0
46.7,uav_03,1,0.3739650450938042,29.86072215392354,8.010000000000002,-0.2975836482015282,0.5797769381292581,0.0
46.7,uav_04,1,0.37523885819751174,44.26581050751175,8.010000000000002,-0.2789038495459878,0.6195897345440324,0.0
46.7,uav_05,1,0.3621418112370983,58.812397718382876,8.010000000000002,-0.3539973881745815,0.5593402982011159,0.0
46.7,uav_06,1,0.3379818936163909,73.24812070247104,8.010000000000002,-0.31029010642890725,0.6294197871421855,0.0
46.8,uav_01,1,0.330153974862183,0.7600550712273875,8.010000000000002,-0.27217712021716595,0.6741943460875576,0.0
46.8,uav_02,1,0.35812079947998227,15.310269796863244,8.010000000000002,-0.2911624064398183,0.6202335828271512,0.0
46.8,uav_03,1,0.34282265395482614,29.929478505150687,8.010000000000002,-0.265307151033574,0.6658475972438027,0.0
46.8,uav_04,1,0.3468289086209475,44.33498538259424,8.010000000000002,-0.25297286773079886,0.6981085290768047,0.0
46.8,uav_05,1,0.3178996267261735,58.88597806214332,8.010000000000002,-0.31947650754121787,0.6513959798900857,0.0
46.8,uav_06,1,0.30970771551122556,73.30453360543197,8.010000000000002,-0.28098627366041395,0.7007032702388961,0.0
46.9,uav_01,1,0.3011271472562408,0.8370643078290365,8.010000000000002,-0.2420932286226865,0.7544180570061693,-0.00930225712577116
46.9,uav_02,1,0.31756895829598003,15.38221670540644,8.010000000000002,-0.2568503484685936,0.7117324040837504,0.0
46.9,uav_03,1,0.31037638827246605,30.01449782843774,8.010000000000002,-0.23167929773370527,0.7555218727101194,0.0
46.9,uav_04,1,0.31700723390589103,44.414929870119074,8.010000000000002,-0.2323677447396818,0.7805290210412728,-0.003816127630159097
46.9,uav_05,1,0.2860384731186813,58.96049807483601,8.010000000000002,-0.2876367153654924,0.7394531385380303,-0.001181642317253786
46.9,uav_06,1,0.28375880142657706,73.37003666799573,8.010000000000002,-0.2646974611095064,0.7724203111239489,-0.005302538890493614
47.0,uav_01,1,0.27305473163442606,0.9123194671020654,8.010000000000002,-0.23099950187884297,0.8320039849692563,-0.01
47.0,uav_02,1,0.29219874064886897,15.473494807952738,8.010000000000002,-0.23283967773592104,0.7986412890563159,-0.008580161132039481
47.0,uav_03,1,0.27900099972642073,30.100156934440967,8.010000000000002,-0.21958065911981137,0.8437740679216977,-0.01
47.0,uav_04,1,0.2917954036697299,44.496517815918985,8.010000000000002,-0.22,0.8603133878561956,-0.01
47.0,uav_05,1,0.2521981007578375,59.04803139316106,8.010000000000002,-0.26784558599608804,0.827235312031296,-0.01
47.0,uav_06,1,0.2564442816486321,73.44851333451717,8.010000000000002,-0.25052210466410674,0.8526505290115197,-0.01
47.1,uav_01,1,0.24256563968911338,1.0046213957293428,8.010000000000002,-0.23,0.9162690664562205,-0.00046636669297243916
47.1,uav_02,1,0.2613179108757276,15.561525043530718,8.010000000000002,-0.23,0.897497194778646,-0.0002780894690393356
47.1,uav_03,1,0.2565519855718302,30.198772289961603,8.010000000000002,-0.21,0.9395788386753736,-0.00863159447494663
47.1,uav_04,1,0.26712817586293924,44.59530756112959,8.010000000000002,-0.2156187080602345,0.9450503355181239,-0.00561870806023451
47.1,uav_05,1,0.21363284376926547,59.14616539799827,8.010000000000002,-0.2571375546762316,0.9128995625901469,-0.007137554676231636
47.1,uav_06,1,0.22781752269254874,73.54134860421665,8.010000000000002,-0.24,0.9370295892890386,-0.005371301338870184
47.2,uav_01,1,0.21295402907464658,1.1061661624015817,8.010000000000002,-0.22023637654003034,0.9981089876797572,0.0
47.2,uav_02,1,0.2304285316830387,15.667374310624437,8.010000000000002,-0.22,0.9827533400794964,0.0
47.2,uav_03,1,0.2271264775021894,30.30019259981314,8.010000000000002,-0.21,1.012272819459946,0.0
47.2,uav_04,1,0.23969106452953426,44.68987450373868,8.010000000000002,-0.21,1.0170203704678311,0.0
47.2,uav_05,1,0.1844893249757636,59.246613777681254,8.010000000000002,-0.24706927758069203,0.9934457793544637,0.0
47.2,uav_06,1,0.19879677573289956,73.64137383204977,8.010000000000002,-0.23534543816868833,1.0125819328191819,0.0
47.3,uav_01,1,0.1894249976409912,1.2218775256556629,8.0,-0.20877441559327256,1.078579090847092,0.0
47.3,uav_02,1,0.20028406002435495,15.776642880999896,8.0087888802531,-0.2175777605061977,1.058477838228308,0.0
47.3,uav_03,1,0.20256781597212786,30.384991746400324,8.010000000000002,-0.20994468346679498,1.0801936078662175,0.0
47.3,uav_04,1,0.21721828420480924,44.77813095242567,8.010000000000002,-0.20512867441698862,1.0770496395405398,0.0
47.3,uav_05,1,0.1594733136180497,59.34329861885964,8.007640409287454,-0.2352808185749041,1.0665171349878357,0.0
47.3,uav_06,1,0.1697070409753787,73.74685162411322,8.010000000000002,-0.22529574162775157,1.0829298086057393,0.0
47.4,uav_01,1,0.1610172940797181,1.3381600905790971,8.0,-0.19532153872460067,1.1524758967343982,0.0
47.4,uav_02,1,0.176918670853315,15.901052627687417,8.0,-0.19557431946510964,1.1354898818721164,0.0
47.4,uav_03,1,0.18058155668761375,30.52234566122581,8.010000000000002,-0.18715775565653123,1.1599478552021407,0.0
47.4,uav_04,1,0.20013542365544676,44.87769081237398,8.010000000000002,-0.18742371128097657,1.139017010516582,0.0
47.4,uav_05,1,0.13379213543432497,59.46988033295697,8.0,-0.21244294305925823,1.1464496992925963,0.0
47.4,uav_06,1,0.14541556987523654,73.85704087391943,8.010000000000002,-0.20606670477230477,1.1525110221979555,0.0
47.5,uav_01,1,0.1431058116649021,1.4522738688789136,8.0,-0.16747589762579648,1.2258895722064749,0.0008413674580678457
47.5,uav_02,1,0.1489925248017605,16.030038110763172,8.0,-0.1716275288740662,1.2095357659605122,0.0
47.5,uav_03,1,0.1623851327066187,30.628760367683668,8.010000000000002,-0.16744801505992896,1.225103969880142,0.0008506616466903536
47.5,uav_04,1,0.18321814738391629,44.98458961200679,8.010000000000002,-0.16983554370079088,1.2003837313648213,0.0
47.5,uav_05,1,0.1069945525415312,59.599432491629116,8.0,-0.1817818997356172,1.2218816754626698,0.004554525066095703
47.5,uav_06,1,0.12631678826422132,73.97682209124177,8.010000000000002,-0.17637525847834187,1.2217910635505356,0.0
47.6,uav_01,1,0.12504177594357438,1.5794868507372029,8.000404604482457,-0.1383815820701709,1.2924276268947437,0.01
47.6,uav_02,1,0.13176320669793448,16.163683761837838,8.003438401374384,-0.13624639450247095,1.2840688096206758,0.0034384013743822646
47.6,uav_03,1,0.14180199318084666,30.770647354942405,8.010000000000002,-0.13393193148648916,1.2891021027702663,0.008482982871622285
47.6,uav_04,1,0.16610634239468358,45.09271762206058,8.010000000000002,-0.1432331012424962,1.2624560971008423,0.0
47.6,uav_05,1,0.08794747161166391,59.725825784153955,8.004424882104296,-0.14230047158282183,1.2865492926257673,0.01
47.6,uav_06,1,0.10661240163841657,74.10738319056313,8.010000000000002,-0.1409897645270568,1.288515353209415,0.0
47.7,uav_01,1,0.11711801626866084,1.6887295115720788,8.008616922466661,-0.10553231013335948,1.3417015347999608,0.01
47.7,uav_02,1,0.12152536275543323,16.304830043538782,8.010000000000002,-0.09380370265452606,1.3502453716818423,0.01
47.7,uav_03,1,0.12571696523994408,30.88152724019285,8.010000000000002,-0.10059034611060994,1.3391144808340851,0.00014758652765248063
47.7,uav_04,1,0.1469437177117665,45.22361783181952,8.010000000000002,-0.10458987053743601,1.3319677265594871,0.008852532365640998
47.7,uav_05,1,0.07281345263184102,59.859159323083716,8.010000000000002,-0.09732542207993782,1.3472094935040746,0.01
47.7,uav_06,1,0.09247726935606645,74.23124630942667,8.010000000000002,-0.09922496919350346,1.344930036967796,0.004155006161299309
47.8,uav_01,1,0.10819665177742964,1.8204423928101083,8.010000000000002,-0.06068412557597599,1.3971790493088287,0.01
47.8,uav_02,1,0.11208153374204877,16.439282681932504,8.010000000000002,-0.04697909329023604,1.3953472711398425,0.00616318221503934
47.8,uav_03,1,0.11578353628298099,31.03525171481756,8.010000000000002,-0.04734468207696377,1.4015931907538217,0.009468936415392754
47.8,uav_04,1,0.13580862426244075,45.37211934420874,8.010000000000002,-0.06301734814561531,1.3862283148179808,0.01
47.8,uav_05,1,0.06275215325827159,60.00943100675085,8.010000000000002,-0.045186921431308175,1.3998504628549533,0.005037384286261634
47.8,uav_06,1,0.08356708044687974,74.36432544478846,8.010000000000002,-0.04966194678229145,1.393558702145139,0.0066103244637152414
47.9,uav_01,1,0.10000842239845657,1.942738613236194,8.010000000000002,-0.01825203588832744,1.435398371289338,0.003650407177665488
47.9,uav_02,1,0.10613490883071279,16.587763700281986,8.010000000000002,0.010701297490092703,1.428280518996037,0.0
47.9,uav_03,1,0.11578353628298099,31.15526395300031,8.010000000000002,-0.005705046473804168,1.4265769721157175,0.0011410092947608322
47.9,uav_04,1,0.1350807925586699,45.52688253493848,8.010000000000002,-8.976506078744312e-05,1.4299401566261416,1.4960843464573853e-05
47.9,uav_05,1,0.05789176882706675,60.15376684318554,8.010000000000002,0.009870481860330172,1.4299568272867766,0.0
47.9,uav_06,1,0.07718902373160315,74.50379806301243,8.010000000000002,0.005340017504452519,1.426136007001781,0.0
48.0,uav_01,1,0.09648628000729206,2.070866127139981,8.010000000000002,0.03144394630707994,1.46572197315354,0.0
48.0,uav_02,1,0.10613490883071279,16.732650334728323,8.010000000000002,0.0735542287455842,1.444194278593198,0.0
48.0,uav_03,1,0.11578353628298099,31.306259037142883,8.010000000000002,0.05602133552522446,1.448673778508408,0.0
48.0,uav_04,1,0.1350807925586699,45.64657957113116,8.010000000000002,0.04145546840580489,1.4382910936811608,0.0
48.0,uav_05,1,0.062489856953993714,60.29480727735604,8.010000000000002,0.07812428782994243,1.44,0.0
48.0,uav_06,1,0.08081671736708242,74.65787562362969,8.010000000000002,0.0700784179959212,1.4437598022494902,0.0
48.1,uav_01,1,0.10080303754599092,2.2088850489222995,8.010000000000002,0.09131771708073542,1.4844739595829621,0.0
48.1,uav_02,1,0.11479161780597555,16.885934976226256,8.010000000000002,0.15140185644363033,1.4455140205080528,0.0
48.1,uav_03,1,0.12306798930974439,31.424612783490403,8.010000000000002,0.12039783845152797,1.45,0.0
48.1,uav_04,1,0.1350807925586699,45.77954735391032,8.010000000000002,0.1026262522980392,1.447518036042577,0.0
48.1,uav_05,1,0.0714493200539116,60.428622359793415,8.010000000000002,0.15241019549289564,1.435948725563388,0.0
48.1,uav_06,1,0.0903178807927167,74.80377973152484,8.010000000000002,0.14885573729452856,1.4427860656763678,0.0
48.2,uav_01,1,0.1140846407714558,2.3585793206781367,8.010000000000002,0.16295694431180133,1.485880381961025,0.0
48.2,uav_02,1,0.13349687070924574,17.03173461687516,8.010000000000002,0.22343359017999526,1.4274624036825017,0.0
48.2,uav_03,1,0.1383415772257312,31.56374395114828,8.010000000000002,0.18682836416865067,1.4366204673803855,0.0
48.2,uav_04,1,0.14738084252342964,45.91423459873813,8.010000000000002,0.1709919121725324,1.4436260109784333,0.0
48.2,uav_05,1,0.08532774819317118,60.579802040516476,8.005782444744842,0.2337404420412714,1.4215648894896822,0.0
48.2,uav_06,1,0.10529411701446603,74.96877061636216,8.010000000000002,0.23195006490528491,1.4208714100270614,0.0
48.3,uav_01,1,0.1339289022729196,2.513290978095423,8.010000000000002,0.23641848690699552,1.471193837697668,0.0
48.3,uav_02,1,0.15736076943605276,17.17850276846241,8.010000000000002,0.29181890341557254,1.392544877267542,0.0
48.3,uav_03,1,0.15664366364303803,31.704089865530594,8.010000000000002,0.2532184266163103,1.4114778171644384,0.0
48.3,uav_04,1,0.16563005837211892,46.05453573264397,8.010000000000002,0.24081619979496738,1.422507342945014,0.0
48.3,uav_05,1,0.1115153041235702,60.74436434191985,8.0,0.3111526659697645,1.3840394450251963,0.0
48.3,uav_06,1,0.13139639490845856,75.12483277581335,8.010000000000002,0.30236285774974914,1.3884247615001672,0.0
48.4,uav_01,1,0.15836436827434625,2.6670509560576687,8.010000000000002,0.2982629773801477,1.445868511309926,0.0
48.4,uav_02,1,0.1866530375468524,17.324335427700046,8.010000000000002,0.33793378645305655,1.3520662135469435,0.0044834466132641325
48.4,uav_03,1,0.1826446768819701,31.851915194016488,8.010000000000002,0.3121600141324431,1.3742719886940455,0.0
48.4,uav_04,1,0.18697858988840088,46.180846983841064,8.010000000000002,0.2929795795895917,1.3916163363283267,0.0
48.4,uav_05,1,0.14512183751981794,60.88151395614346,8.005101677021665,0.35530503106499206,1.339593291913344,0.005101677021664014
48.4,uav_06,1,0.16121488383541738,75.25276687158163,8.010000000000002,0.34708581115259163,1.3486427360592605,0.004271452788147912
48.5,uav_01,1,0.1895834431236974,2.8283398396356425,8.010000000000002,0.3464874613915674,1.4080167181445769,0.0054958204638557865
48.5,uav_02,1,0.22211777710531488,17.471031973424978,8.010000000000002,0.3650516479341496,1.2996901123951021,0.01
48.5,uav_03,1,0.2161866424106604,31.98334446148959,8.010000000000002,0.34804459820434824,1.3239108035913036,0.006014866068116077
48.5,uav_04,1,0.21187842668549806,46.304811761526956,8.010000000000002,0.3295943567670924,1.3540094053881793,0.0031981189223641454
48.5,uav_05,1,0.17996629950076656,61.006189894835984,8.010000000000002,0.3782600463954146,1.2952198608137564,0.01
48.5,uav_06,1,0.19225404299840043,75.36609915241124,8.010000000000002,0.3723138290512664,1.3061170256924015,0.01
48.6,uav_01,1,0.2227450676616839,2.968389368031202,8.010000000000002,0.3704283631056791,1.3639290922358023,0.01
48.6,uav_02,1,0.2649052360764172,17.618506650918107,8.010000000000002,0.37,1.2331716513688555,0.016138058105190735
48.6,uav_03,1,0.2468765749408328,32.11257481685868,8.010000000000002,0.36528900845410506,1.2735549577294745,0.01
48.6,uav_04,1,0.24721334824081065,46.4567601326388,8.010000000000002,0.3581080312409802,1.2956759062770595,0.01
48.6,uav_05,1,0.21253949432509675,61.132563001062344,8.010000000000002,0.3865735005431835,1.239441003259101,0.013426499456816513
48.6,uav_06,1,0.2303410807917622,75.49737298136421,8.010000000000002,0.38,1.246905958250793,0.012182340291534498
48.7,uav_01,1,0.25846875923108475,3.101778178076504,8.010000000000002,0.3755296600287704,1.3176483001438521,0.014470339971229578
48.7,uav_02,1,0.3004627802028987,17.75688052356568,8.010000000000002,0.362865110691596,1.160055774841172,0.02
48.7,uav_03,1,0.27818268760768916,32.2362908052859,8.010000000000002,0.37,1.2179518897844002,0.014578301459371393
48.7,uav_04,1,0.2911135399113463,46.602052153590584,8.010000000000002,0.3645712604841225,1.227427562904735,0.01
48.7,uav_05,1,0.24435381524878977,61.25679055532282,8.010000000000002,0.37668690136562655,1.1801214081937594,0.02
48.7,uav_06,1,0.2640687040878663,75.61634475613509,8.010000000000002,0.37877158781575604,1.1926295268945362,0.02
48.8,uav_01,1,0.2908113789183098,3.2320217663405364,8.010000000000002,0.36619940214916413,1.263395815044149,0.02
48.8,uav_02,1,0.3393540378081487,17.888489888133158,8.010000000000002,0.3441438901606279,1.0845036155621977,0.012071945080313952
48.8,uav_03,1,0.3139661668497177,32.349347154349275,8.010000000000002,0.36230009811128433,1.156900294333853,0.02
48.8,uav_04,1,0.32683911463341303,46.74089487926275,8.010000000000002,0.3537528190021026,1.1562697330147182,0.01
48.8,uav_05,1,0.2844179098754668,61.38668916864891,8.010000000000002,0.3626122527156496,1.1141428845047736,0.02
48.8,uav_06,1,0.2981944546965461,75.75090326064097,8.010000000000002,0.36320969767224837,1.124155961235246,0.017736565890749446
48.9,uav_01,1,0.32008482312664166,3.3502806512694816,8.010000000000002,0.35412935877140794,1.2023880763142238,0.017064679385703985
48.9,uav_02,1,0.3666675740508295,17.98773181545397,8.010000000000002,0.31997957286421064,1.0166121943045618,0.01
48.9,uav_03,1,0.3470344303126086,32.46365338711946,8.010000000000002,0.34032769321851436,1.0942071819160384,0.016775897739504796
48.9,uav_04,1,0.36539288905811573,46.870350726102366,8.010000000000002,0.33565033896549057,1.0726013558619623,0.01
48.9,uav_05,1,0.3231003718195248,61.49779422466452,8.010000000000002,0.3425666761548734,1.0402667046194938,0.016283338077436715
48.9,uav_06,1,0.33258473730919097,75.86259474768013,8.010000000000002,0.3368690645077384,1.0574762580309536,0.01
49.0,uav_01,1,0.3579102270898031,3.4697883726753007,8.010000000000002,0.3317918759356246,1.1381116691616655,0.01
49.0,uav_02,1,0.39772229213200505,18.08614704383484,8.010000000000002,0.29889697102582524,0.945587884103301,0.004448485512912615
49.0,uav_03,1,0.37361037736347935,32.572941062882386,8.010000000000002,0.31518929026020875,1.020757161040835,0.01
49.0,uav_04,1,0.39953795543788573,46.9906749545365,8.010000000000002,0.30591215872507493,0.9857657566001999,0.01
49.0,uav_05,1,0.35770420715928736,61.60709716220521,8.010000000000002,0.3192693568374168,0.9613849515664448,0.006423118945805594
49.0,uav_06,1,0.36653814297965276,75.9807517664366,8.010000000000002,0.31505685858022264,0.9702274343208906,0.007528429290111329
49.1,uav_01,1,0.39684175132689165,3.600093622133678,8.010000000000002,0.30247103316728485,1.0498841326691395,0.01
49.1,uav_02,1,0.4288571489403219,18.178247884194164,8.010000000000002,0.27552525401196687,0.8665757620359006,0.0
49.1,uav_03,1,0.4033683764335184,32.67722704873202,8.010000000000002,0.2939566842017401,0.9438844912046402,0.007985561400580031
49.1,uav_04,1,0.4307711606157499,47.110287023978834,8.010000000000002,0.27354154064218456,0.8994441083791589,0.0011805135473948528
49.1,uav_05,1,0.38106727442722393,61.69474236219664,8.011648172731286,0.2967036545374316,0.8968146181497263,0.0
49.1,uav_06,1,0.39962929604137537,76.0697700359149,8.011394169625884,0.2958174911223505,0.8988466429929347,0.0
49.2,uav_01,1,0.4277895312394243,3.718612615331116,8.014456083024575,0.2766317509262757,0.9598952527788271,0.005543916975425235
49.2,uav_02,1,0.4541057842611993,18.255602520778204,8.013547618549662,0.25290476290067715,0.7916190516027085,0.0
49.2,uav_03,1,0.4383233205851959,32.771148983191665,8.010000000000002,0.26714290348148173,0.8671430656666678,0.0
49.2,uav_04,1,0.46247053498734186,47.21002214614271,8.010000000000002,0.25045851779881306,0.8118340711952523,0.0
49.2,uav_05,1,0.40367065182839984,61.77264896709539,8.019457012337943,0.2810859753241114,0.8343439012964455,0.0
49.2,uav_06,1,0.4235337338384334,76.15216098333596,8.019652489883685,0.2710425303489434,0.8327800809305156,0.0
49.3,uav_01,1,0.45784665458286455,3.828355468357077,8.02,0.2503200290180822,0.8664401305813698,0.0
49.3,uav_02,1,0.4759564740058363,18.327408477644166,8.02,0.23835536131338914,0.7268428905071131,0.0
49.3,uav_03,1,0.46690988101737896,32.871846667561975,8.010000000000002,0.2460867640129631,0.7743470560518524,0.0
49.3,uav_04,1,0.4939009446513345,47.30561863450147,8.010000000000002,0.22874184825565455,0.7149673930226181,0.0
49.3,uav_05,1,0.4283293175441221,61.848798019355925,8.02,0.2640482052059001,0.7661928208236003,0.0
49.3,uav_06,1,0.4472489440852462,76.22520286201815,8.02,0.2543091262008785,0.7593910679039532,0.0
49.4,uav_01,1,0.481774194785061,3.921156226328836,8.02,0.2353405696268871,0.7827245570150967,0.0
49.4,uav_02,1,0.49197806743926087,18.401036883112262,8.02,0.23005283726306144,0.6604226981044914,0.0
49.4,uav_03,1,0.48698743531729277,32.94734665763517,8.011180487486044,0.22763902502791566,0.6970146376535361,0.0
49.4,uav_04,1,0.5207985751856696,47.377724483934344,8.010000000000002,0.21015707847422366,0.6406283138968947,0.0
49.4,uav_05,1,0.45788454844217114,61.93027200444368,8.02,0.24362718011244033,0.6763223105059815,0.0
49.4,uav_06,1,0.4771326295606409,76.31675797283812,8.02,0.2336611574182855,0.674644629673142,0.0
49.5,uav_01,1,0.5033546339893348,3.998741850005552,8.02,0.22220987363775555,0.7010493681887777,0.0
49.5,uav_02,1,0.5215620808641852,18.46078098555587,8.02,0.21472215345896287,0.5836107672948144,0.0
49.5,uav_03,1,0.5177689524158011,33.03575835452946,8.019156107610154,0.21168778477969055,0.609282816288298,0.0
49.5,uav_04,1,0.5384361424593485,47.438341411605364,8.01902212702609,0.2009778729739094,0.5678229837912752,0.0
49.5,uav_05,1,0.48439208862125316,61.993191084320436,8.02,0.23449197772325012,0.6049197772325012,0.0
49.5,uav_06,1,0.5011479220123607,76.37599847386261,8.02,0.2235339612427619,0.6018056511848571,0.0
49.6,uav_01,1,0.5294550806037867,4.0654825777839365,8.02,0.20708795671121463,0.6050554805345756,0.0
49.6,uav_02,1,0.5423750606189701,18.51270878446087,8.02,0.2039366928435045,0.5054302355915403,0.0
49.6,uav_03,1,0.5423450882525,33.08533774944489,8.02,0.19895222441984142,0.5184744686182554,0.0
49.6,uav_04,1,0.5622858276233647,47.49531088998299,8.02,0.19241251090279735,0.4841251090279735,0.0
49.6,uav_05,1,0.5096930708389463,62.051327342359016,8.02,0.2258727743250846,0.5269821946006769,0.0
49.6,uav_06,1,0.5204792588193176,76.43087495780551,8.02,0.21528328092153992,0.5275495282938593,0.0
49.7,uav_01,1,0.5562374754070512,4.130622104482211,8.02,0.1967530732708375,0.4745430257917248,0.0
49.7,uav_02,1,0.5615132614655983,18.56767816127681,8.02,0.19401911670044475,0.398229400405337,0.0
49.7,uav_03,1,0.5640151051723298,33.1549783429431,8.02,0.1877226399596246,0.3881169594347442,0.0
49.7,uav_04,1,0.584148743824311,47.554094796857875,8.02,0.1822892194069653,0.3674706328835838,0.0
49.7,uav_05,1,0.5308168994260487,62.105489793564956,8.02,0.2149262288778927,0.4191147465347125,0.0
49.7,uav_06,1,0.5412909420186882,76.48634335316706,8.02,0.2063323280411109,0.4323202645344418,0.0
49.8,uav_01,1,0.5728536896545234,4.176288566196629,8.02,0.18814241159707953,0.3539937623591136,0.0
49.8,uav_02,1,0.5790814517778031,18.606864704768,8.02,0.1849151328187826,0.2838967266441741,0.0
49.8,uav_03,1,0.5842711401698016,33.19537183617614,8.02,0.17815052848093693,0.25780634177124334,0.0
49.8,uav_04,1,0.6027465837942543,47.59122050939081,8.02,0.17265166263820325,0.2444716142966421,0.0
49.8,uav_05,1,0.5527480034918831,62.15182709732751,8.02,0.2057075644479988,0.3041983378239843,0.0
49.8,uav_06,1,0.5663791341470376,76.53308860785148,8.02,0.19649758032371872,0.30446854420834335,0.0
49.9,uav_01,1,0.5941260788651718,4.218780397195487,8.02,0.17615850751914328,0.21695104511485966,0.0
49.9,uav_02,1,0.5992194166857152,18.635449623045815,8.02,0.1763196468921001,0.17215540959730158,0.0
49.9,uav_03,1,0.6123673952001836,33.227651436114805,8.02,0.1676660775019112,0.13199293002293433,0.0
49.9,uav_04,1,0.6263744316944364,47.621305817897614,8.02,0.15721001863429374,0.12686512112290932,0.0
49.9,uav_05,1,0.5750903825065488,62.183823081601496,8.02,0.19698333852524094,0.1907834008281323,0.0
49.9,uav_06,1,0.5850480636789704,76.56526152001325,8.02,0.18682318451054164,0.18187821412649965,0.0
50.0,uav_01,1,0.617677077845206,4.245837981558098,8.02,0.15991455579147226,0.11897466949766711,0.0
50.0,uav_02,1,0.623487514815932,18.659898574946983,8.02,0.16380707727121066,0.059035386356053335,0.0
50.0,uav_03,1,0.6304367934254144,33.24652937572707,8.02,0.15660472767728068,0.024721274547763003,0.0
50.0,uav_04,1,0.6424455648821452,47.639769835206586,8.02,0.13831727171961936,0.027427722738287093,0.0
50.0,uav_05,1,0.5926018502995667,62.202396421799705,8.02,0.18721166485766394,0.08605832428831969,0.0
50.0,uav_06,1,0.6029665778157697,76.58977222930433,8.02,0.17671688025155263,0.08194284138353955,0.0
50.1,uav_01,1,0.633861204139101,4.264431815757136,8.02,0.15152780585009118,0.018333670201094318,0.0
50.1,uav_02,1,0.6424884886391397,18.67081362109319,8.02,0.14411414895511077,-0.042372180746890746,0.0
50.1,uav_03,1,0.6479774829792401,33.255732748607656,8.02,0.13763789432555584,-0.05787368558148058,0.0
50.1,uav_04,1,0.6552763793033398,47.644379784521774,8.02,0.12086056433814435,-0.055697178309278304,0.0
50.1,uav_05,1,0.6191959854232366,62.22147597291155,8.02,0.16825489029849786,-0.009598103358261877,0.0
50.1,uav_06,1,0.6323651244125147,76.60202735890945,8.02,0.15460617310604902,-0.03966604791673043,0.0
50.2,uav_01,1,0.6533032143783755,4.267819035939384,8.02,0.12435837757546565,-0.0854720747484478,0.0
50.2,uav_02,1,0.6592985798915153,18.67496943731125,8.02,0.12007566317425523,-0.15308112275248256,0.0
50.2,uav_03,1,0.6658675431242134,33.25560383225569,8.02,0.10965111362779939,-0.15093036365920165,0.0
50.2,uav_04,1,0.6713450477597106,47.644379784521774,8.02,0.10131009034145876,-0.13606972897562375,0.0
50.2,uav_05,1,0.6361749955697646,62.22147597291155,8.02,0.15065755946145187,-0.1063834229620147,0.0
50.2,uav_06,1,0.6499072709850173,76.60616025342567,8.02,0.12927559393963345,-0.15574802020122186,0.0
50.3,uav_01,1,0.6652948647005599,4.267819035939384,8.02,0.09143171411543324,-0.19522761961522253,0.0
50.3,uav_02,1,0.6710070715987434,18.664534473102236,8.02,0.08911402211011547,-0.23905046130729793,0.0
50.3,uav_03,1,0.6757801393040217,33.244215316398915,8.02,0.07844049185139536,-0.232339262222907,0.0
50.3,uav_04,1,0.6875637925343595,47.64149468089384,8.02,0.0721920429579295,-0.21821856643149787,0.0
50.3,uav_05,1,0.6569571494903728,62.220498903158415,8.02,0.1164743411341501,-0.21705131773169978,0.0
50.3,uav_06,1,0.6636830103932283,76.59468558121642,8.02,0.09429558039032736,-0.24748273431692713,0.0
50.4,uav_01,1,0.6821555551000498,4.258397984052908,8.02,0.06450380370791517,-0.2594911246815313,0.0
50.4,uav_02,1,0.6876901146785641,18.65040560314532,8.02,0.04633212627394838,-0.3036678737260516,0.0
50.4,uav_03,1,0.6853953900459748,33.232774579402374,8.02,0.0385788660530095,-0.29106585046024286,0.0
50.4,uav_04,1,0.6979311494805606,47.625872845934666,8.02,0.03326222149910407,-0.28673777850089593,0.0
50.4,uav_05,1,0.6676696686719749,62.20599199560932,8.02,0.07007975636163644,-0.29793619491069084,0.0
50.4,uav_06,1,0.6790212047578842,76.57964086742203,8.02,0.051255143078429946,-0.30499588553725604,0.0
50.5,uav_01,1,0.6850525902456177,4.236731355518996,8.02,0.014889500512921656,-0.31511049948707837,0.0
50.5,uav_02,1,0.694701217697886,18.62808763245509,8.02,-0.004000483282092833,-0.34560019331283715,0.0
50.5,uav_03,1,0.694701217697886,33.209139508672244,8.02,-0.006095300553473269,-0.32203176685115775,0.0
50.5,uav_04,1,0.7043498451501542,47.604834077896186,8.02,-0.011348372266269988,-0.325674186133135,0.0
50.5,uav_05,1,0.677488593796504,62.18343020010481,8.02,0.01919726101782091,-0.33432109559287165,0.0
50.5,uav_06,1,0.6850525902456177,76.55533097843067,8.02,-0.0035697407757255863,-0.34414184446543533,0.0
50.6,uav_01,1,0.6945184299160697,4.212812822175558,8.02,-0.03905277832147357,-0.33962111132858946,0.0
50.6,uav_02,1,0.694701217697886,18.605089757018693,8.02,-0.059039737507201526,-0.36,0.0
50.6,uav_03,1,0.694701217697886,33.18535212917301,8.02,-0.07221627471103373,-0.34,0.0
50.6,uav_04,1,0.7043498451501542,47.582687519044356,8.02,-0.05695779795165324,-0.3428262996586089,0.0
50.6,uav_05,1,0.6850525902456177,62.16026002299216,8.02,-0.03218680076495825,-0.35,0.0
50.6,uav_06,1,0.6850525902456177,76.5315720074811,8.02,-0.06801303251466224,-0.36,0.0
50.7,uav_01,1,0.6845551456610428,4.189079305031444,8.02,-0.11412447897978988,-0.33948444012752627,0.0
50.7,uav_02,1,0.6921011401451007,18.580992970669065,8.02,-0.121558113343253,-0.35730523583209334,0.0
50.7,uav_03,1,0.6930923908680453,33.1652024243644,8.02,-0.13583595286707792,-0.3391662924475603,0.0
50.7,uav_04,1,0.7016354799411015,47.56054604251296,8.02,-0.11969249673838506,-0.3471867861802307,0.0
50.7,uav_05,1,0.682843479719671,62.127717954480715,8.02,-0.10602691321702737,-0.35,0.0
50.7,uav_06,1,0.6799139068141032,76.50372965890143,8.02,-0.13728072110442002,-0.35467418269936857,0.0
50.8,uav_01,1,0.6720920559854154,4.164246811755951,8.02,-0.20201380016219084,-0.32828374283397277,0.0
50.8,uav_02,1,0.6798932403673784,18.550771331136733,8.02,-0.20138894692397963,-0.34465276326900507,0.0
50.8,uav_03,1,0.6779160678231709,33.14776644825202,8.02,-0.1908874378017298,-0.3313017945997529,0.0
50.8,uav_04,1,0.6888222057120232,47.537858228834246,8.02,-0.19437242642942634,-0.3369534466963217,0.0
50.8,uav_05,1,0.6685571940291798,62.10275732514556,8.02,-0.18838441815852505,-0.3429038954603687,0.0
50.8,uav_06,1,0.6665167088379039,76.47797481692395,8.02,-0.20684359043514167,-0.3453945511956073,0.0
50.9,uav_01,1,0.6536017160274609,4.1430033839348726,8.02,-0.2716829581113761,-0.31870189354318046,0.0
50.9,uav_02,1,0.6595130501547146,18.529747239794485,8.02,-0.2772522874032969,-0.3278434640745879,0.0
50.9,uav_03,1,0.6597224295954642,33.12686389921293,8.02,-0.2650104101959351,-0.32187369872550814,0.0
50.9,uav_04,1,0.6684777537483053,47.514484624128805,8.02,-0.2691425011970239,-0.32521437470074405,0.0
50.9,uav_05,1,0.6471632370060572,62.078177950436334,8.02,-0.27707664404992033,-0.32536541949375997,0.0
50.9,uav_06,1,0.6477007297722656,76.45635726403344,8.02,-0.2848483778271133,-0.3312879055432217,0.0
51.0,uav_01,1,0.630456056561074,4.118236332393096,8.02,-0.3631695275020041,-0.30835380906224946,0.0
51.0,uav_02,1,0.6279568777002225,18.50557745610464,8.02,-0.36446654510356363,-0.3138833637241091,0.0
51.0,uav_03,1,0.6373666130810032,33.108356239868016,8.02,-0.3382676383884747,-0.3070516359136723,0.0
51.0,uav_04,1,0.6382994111175518,47.48293740681315,8.02,-0.35536733715933205,-0.30718140698229646,0.0
51.0,uav_05,1,0.6205508948388171,62.0538296566052,8.02,-0.36493503749492784,-0.30876624062626806,0.0
51.0,uav_06,1,0.6214281230219325,76.43206334269456,8.02,-0.3725105735544077,-0.31468617830569906,0.0
51.1,uav_01,1,0.5944227057177389,4.088276693252916,8.02,-0.43786066561728265,-0.29803483359567934,0.0
51.1,uav_02,1,0.59755902837709,18.484268001321993,8.02,-0.4440295389307757,-0.2973300512299138,0.0
51.1,uav_03,1,0.6088369886525208,33.08650457627422,8.02,-0.4206430080027781,-0.29366962399965274,0.0
51.1,uav_04,1,0.6082954276350833,47.46172133620112,8.02,-0.43910482236339643,-0.2976118972045754,0.0
51.1,uav_05,1,0.5866563992611361,62.025838486027695,8.02,-0.44945379202867747,-0.29450513421903585,0.0
51.1,uav_06,1,0.5811209788896031,76.40938410495082,8.02,-0.4543463443735011,-0.29891341390662474,0.0
51.2,uav_01,1,0.5567745087141479,4.06697677773929,8.02,-0.51471928887689,-0.27941008889038876,0.0
51.2,uav_02,1,0.5482319151498252,18.45593220582666,8.02,-0.5390709912501079,-0.282732252187473,0.0
51.2,uav_03,1,0.5677785131972951,33.06438155869175,8.02,-0.5004717138909258,-0.27738207152726857,0.0
51.2,uav_04,1,0.5699351675999185,47.440717408041245,8.02,-0.5148954049248163,-0.28627614876879587,0.0
51.2,uav_05,1,0.5427174628047332,61.99865435386741,8.02,-0.5340296235376003,-0.2789925941155999,0.0
51.2,uav_06,1,0.5351370892391106,76.38262612335974,8.02,-0.5356748924477751,-0.2849250119502472,0.0
51.3,uav_01,1,0.5129621955647758,4.04684250831111,8.02,-0.5873717955687194,-0.27032852555391007,0.0
51.3,uav_02,1,0.4894071675339169,18.43055430005005,8.02,-0.6241552982581599,-0.26620496686020445,0.0
51.3,uav_03,1,0.5231175574749446,33.043857289352935,8.02,-0.5800979334864529,-0.2644335629459497,0.0
51.3,uav_04,1,0.5249016245140157,47.42046407781685,8.02,-0.5889747218176027,-0.26900280868693305,0.0
51.3,uav_05,1,0.4884830156416588,61.98245445731212,8.02,-0.6205920082923863,-0.26437866574529045,0.0
51.3,uav_06,1,0.48725211336808827,76.36070418544368,8.02,-0.6250067192746837,-0.2699985068278481,0.0
51.4,uav_01,1,0.45657776129457944,4.035621016419256,8.02,-0.675192720181586,-0.260534142202046,0.0
51.4,uav_02,1,0.43436961457809475,18.416355231676278,8.02,-0.7064160567056277,-0.25669799291179657,0.0
51.4,uav_03,1,0.47662820929669264,33.02441528465311,8.02,-0.6546860341567226,-0.25132849146081937,0.0
51.4,uav_04,1,0.47704998994820286,47.402138603441166,8.02,-0.6633660765503954,-0.26073710260551164,0.0
51.4,uav_05,1,0.42269353498233553,61.96432575751245,8.02,-0.7079009450668111,-0.2540123818666486,-0.005987618133351389
51.4,uav_06,1,0.4252429399556265,76.3427244045652,8.02,-0.7148812352472275,-0.25438984559409655,-0.005610154405903434
51.5,uav_01,1,0.38459070262633993,4.012469397708269,8.02,-0.7714037423296152,-0.25,-0.01
51.5,uav_02,1,0.36906483513450145,18.393885731369807,8.02,-0.7909318879706252,-0.25,-0.0034368764411805775
51.5,uav_03,1,0.4178286815236645,33.004387211130755,8.02,-0.7303247605264501,-0.24,-0.0033694178362722415
51.5,uav_04,1,0.41373724202469125,47.3811224062873,8.02,-0.7399380341376685,-0.25125774573279147,0.0
51.5,uav_05,1,0.3556543484279621,61.94231979362909,8.02,-0.7932206832685734,-0.2440865907479363,-0.01
51.5,uav_06,1,0.3522521870780402,76.32054319483838,8.02,-0.8005349124931649,-0.25,-0.01
51.6,uav_01,1,0.32131488980073547,3.9942951084212956,8.02,-0.8369838558147853,-0.25,-0.01
51.6,uav_02,1,0.28583641615846567,18.371019963079018,8.02,-0.8837543418135297,-0.25,-0.01
51.6,uav_03,1,0.34061046189886424,32.98220833702474,8.02,-0.8169856018040113,-0.24,-0.01
51.6,uav_04,1,0.33185971506634965,47.36779531624824,8.02,-0.8355618998436297,-0.24049312223959668,-0.009506877760403307
51.6,uav_05,1,0.27547832792436544,61.91983671246594,8.02,-0.8844896376073932,-0.24605440417859925,-0.01
51.6,uav_06,1,0.27895890723647654,76.29949165500332,8.02,-0.8808823071228048,-0.25,-0.01
51.7,uav_01,1,0.23456381619833305,3.9717459262847625,8.02,-0.926894125047121,-0.25,-0.01
51.7,uav_02,1,0.19988415867718212,18.34907552435128,8.02,-0.969188180893033,-0.2536485226116291,-0.01
51.7,uav_03,1,0.2623211563954385,32.96405214216649,8.02,-0.8981259520256551,-0.24312510578062835,-0.01
51.7,uav_04,1,0.24843274285104167,47.344519463253846,8.019747986346824,-0.9320161092254157,-0.25025201365317695,-0.01
51.7,uav_05,1,0.19686123807772676,61.89976501269136,8.02,-0.9608619637549493,-0.25510774546936865,-0.01
51.7,uav_06,1,0.18972731268564194,76.27681999260332,8.02,-0.968027085919187,-0.25533634287990964,-0.01
51.8,uav_01,1,0.13084197452460028,3.947590011953203,8.02,-1.015514545104598,-0.25943931813807475,-0.01
51.8,uav_02,1,0.10363830176086306,18.32641047767167,8.016128406833,-1.0471011521690092,-0.2638715931670013,-0.01
51.8,uav_03,1,0.17515063904409647,32.949417658195806,8.016836562368322,-0.9853075010534187,-0.2531634376316773,-0.01
51.8,uav_04,1,0.14950110188089874,47.321787083098314,8.010000000000002,-1.0135381847731761,-0.2605054549675966,-0.01
51.8,uav_05,1,0.12066826110110904,61.88187701819102,8.02,-1.025409010554307,-0.2631761263192884,-0.01
51.8,uav_06,1,0.08451699663411397,76.25264490690557,8.013759483382273,-1.0536836163240946,-0.2662405166177278,-0.01
51.9,uav_01,1,0.04155577485408643,3.9270739484357673,8.02,-1.0895447177566169,-0.2686930897195771,-0.01
51.9,uav_02,1,0.005809174870463098,18.305974981237384,8.010000000000002,-1.114712199250641,-0.27,-0.00691097509366989
51.9,uav_03,1,0.09422273019359143,32.9297568353391,8.010000000000002,-1.0542201698092055,-0.2620314528298865,-0.007968547170113515
51.9,uav_04,1,0.036691911691481796,47.29630878109063,8.010000000000002,-1.0959795546020767,-0.27,-0.008002555674740425
51.9,uav_05,1,0.03424603730897442,61.86382430625449,8.018681197086908,-1.0892316203916452,-0.27,-0.008681197086907828
51.9,uav_06,1,-0.008839145109900498,76.23238604750728,8.010000000000002,-1.1230262093725214,-0.27,-0.004621723828434821
52.0,uav_01,1,-0.05619152580269553,3.906392136760504,8.011978378125681,-1.1561513531202392,-0.27,-0.0019783781256801046
52.0,uav_02,1,-0.09351810303076616,18.285678742761306,8.010000000000002,-1.185705509876256,-0.2677563557319635,0.0
52.0,uav_03,1,-0.022759375846415866,32.90588462043296,8.010000000000002,-1.1323921323110928,-0.26720098346111343,0.0
52.0,uav_04,1,-0.07739399404230628,47.272984854148184,8.010000000000002,-1.1776239200167369,-0.2674822971404662,0.0
52.0,uav_05,1,-0.053855317171583886,61.8454208414952,8.010380313291826,-1.1473378069572333,-0.27,-0.00038031329182381356
52.0,uav_06,1,-0.11198157729633536,76.21178222337863,8.010000000000002,-1.1927014246964691,-0.2653283679005044,0.0
52.1,uav_01,1,-0.1698680771461349,3.885624692111756,8.010000000000002,-1.2217214522567952,-0.2552224422123442,0.0
52.1,uav_02,1,-0.20511754740291607,18.264630440480854,8.010000000000002,-1.253899857383693,-0.2547875534811151,0.0
52.1,uav_03,1,-0.14309474337786526,32.88284253732402,8.010000000000002,-1.212345045775571,-0.2568078506034899,0.0
52.1,uav_04,1,-0.19064808103919262,47.25169082764701,8.010000000000002,-1.2469789972005878,-0.25575525069985305,0.0
52.1,uav_05,1,-0.17763673152980827,61.82164863725792,8.010000000000002,-1.2323949851445675,-0.2593157185301236,0.0
52.1,uav_06,1,-0.22462396025387749,76.19096365317246,8.010000000000002,-1.262494794717162,-0.2518763013207095,0.0
52.2,uav_01,1,-0.26433902199364956,3.8680176197983607,8.010000000000002,-1.2826435986579667,-0.23933910033550831,0.0
52.2,uav_02,1,-0.3337760981597272,18.24220556163134,8.010000000000002,-1.334817799859322,-0.22444332505275424,0.0
52.2,uav_03,1,-0.25188792096873924,32.86245201066988,8.010000000000002,-1.2791143802116354,-0.2428321074206368,0.0
52.2,uav_04,1,-0.32372128342883644,47.22860233425578,8.010000000000002,-1.3277550850970155,-0.2323906778155648,0.0
52.2,uav_05,1,-0.2786522971930593,61.80230595232327,8.010000000000002,-1.2934666178086922,-0.2418666806260879,0.0
52.2,uav_06,1,-0.33147787915704746,76.17248560481306,8.010000000000002,-1.3291709922327801,-0.23041450388360996,0.0
52.3,uav_01,1,-0.36354320165080545,3.853960763709407,8.013341591034138,-1.3467327282730974,-0.21997522689758844,0.0
52.3,uav_02,1,-0.4448353484876098,18.224059608790448,8.010000000000002,-1.4005913258946514,-0.1997782527895057,0.0
52.3,uav_03,1,-0.3782096333177285,32.84051389320812,8.010000000000002,-1.3582758918624986,-0.21314654055156307,0.0
52.3,uav_04,1,-0.45098548191502436,47.20988501172408,8.010000000000002,-1.3976200212851821,-0.20412665957160592,0.0
52.3,uav_05,1,-0.4083346925606429,61.79048128631739,8.010000000000002,-1.3704028160466382,-0.20479859197668088,0.0
52.3,uav_06,1,-0.45413914138856193,76.15399074925303,8.011476959055889,-1.4018156724470978,-0.19556912283233835,0.0
52.4,uav_01,1,-0.48910621823418043,3.8411231700339608,8.02,-1.4196895423483809,-0.19261642161935716,0.0
52.4,uav_02,1,-0.5626894125079474,18.214388055717833,8.010000000000002,-1.470388999886918,-0.1736041250424058,0.0
52.4,uav_03,1,-0.5281820708989351,32.819904046999504,8.010000000000002,-1.4452889395882962,-0.18051664765438888,0.0
52.4,uav_04,1,-0.5999584728976769,47.19788040697902,8.010000000000002,-1.492297082517383,-0.16885145874130852,0.0
52.4,uav_05,1,-0.5315784905239569,61.7715834144284,8.01792406203102,-1.443392496248152,-0.17622781390694306,0.0
52.4,uav_06,1,-0.5830803256848136,76.14355102053851,8.02,-1.4780517565510223,-0.16642144153287894,0.0
52.5,uav_01,1,-0.6218620621860684,3.8225980647108417,8.02,-1.494704966028551,-0.16346445954286629,0.0
52.5,uav_02,1,-0.7140072471907549,18.203356083415308,8.01875056828324,-1.558755114549165,-0.13499772686703787,0.0
52.5,uav_03,1,-0.6842262411496636,32.807952173368285,8.010000000000002,-1.5354861352682267,-0.1442283843252326,0.0
52.5,uav_04,1,-0.7582251357647498,47.18624377275323,8.010000000000002,-1.5795608996326194,-0.13014636678912692,0.0
52.5,uav_05,1,-0.687407658634799,61.757193365465135,8.02,-1.53946450012536,-0.14351183329154668,0.0
52.5,uav_06,1,-0.7478428410973077,76.13172011079781,8.02,-1.5725384352784122,-0.1252980867705954,0.0
52.6,uav_01,1,-0.7515379174962509,3.8133240219096582,8.02,-1.5747152109585711,-0.1279043506850795,0.0
52.6,uav_02,1,-0.8461748313423023,18.193865679880012,8.02,-1.6284948976608564,-0.10806441337717884,0.0
52.6,uav_03,1,-0.8405080625669231,32.80123773457793,8.014183332986882,-1.6234666638950508,-0.10745000103935598,0.0
52.6,uav_04,1,-0.9136817163029303,47.17573771230982,8.010000000000002,-1.662096500164804,-0.09895174991759792,0.0
52.6,uav_05,1,-0.8576609136272902,61.75589571450272,8.02,-1.6247737237216984,-0.1026131381391508,0.0
52.6,uav_06,1,-0.8951935092691096,76.12237226165863,8.02,-1.6483734472453282,-0.09581327637733586,0.0
52.7,uav_01,1,-0.8957227431843209,3.8133240219096582,8.02,-1.65382816139872,-0.0927430393783466,0.0
52.7,uav_02,1,-0.9974335888623148,18.190885813444673,8.02,-1.7005586265498351,-0.07472068672508242,0.0
52.7,uav_03,1,-1.0088903214132516,32.79658003149325,8.02,-1.703613715136237,-0.07319314243188155,0.0
52.7,uav_04,1,-1.0760672251055525,47.16771428173384,8.010000000000002,-1.740112946433253,-0.05994352678337349,0.0
52.7,uav_05,1,-1.0159526012077884,61.74592223378234,8.02,-1.7019766231887667,-0.06401168840561655,0.0
52.7,uav_06,1,-1.0292689408296003,76.12237226165863,8.02,-1.7137654601036278,-0.06311726994818603,0.0
52.8,uav_01,1,-1.0718958179400937,3.802238777530553,8.02,-1.7304136950453555,-0.049844864357991736,0.0
52.8,uav_02,1,-1.1741836729079156,18.190885813444673,8.02,-1.7819749613934905,-0.034012519303254746,0.0
52.8,uav_03,1,-1.1967416913956244,32.79015249019883,8.02,-1.7901436317105597,-0.034946138108540116,0.0
52.8,uav_04,1,-1.2519571762748438,47.16771428173384,8.010000000000002,-1.815015608535168,-0.022492195732415992,0.0
52.8,uav_05,1,-1.1829564614991994,61.74481047012361,8.02,-1.7793493014440243,-0.03399401195849093,0.0
52.8,uav_06,1,-1.18970326370851,76.12237226165863,8.02,-1.788012634067059,-0.034495262224852885,0.0
52.9,uav_01,1,-1.2516156399760223,3.802238777530553,8.02,-1.8122722481983071,-0.018863875900846414,0.0
52.9,uav_02,1,-1.3696879211003892,18.190885813444673,8.02,-1.8540739621903544,-0.005308679269881907,0.0
52.9,uav_03,1,-1.385937918294183,32.79636077054558,8.02,-1.863602941718394,-0.0031985291408030657,0.0
52.9,uav_04,1,-1.404155144675069,47.16860634959061,8.010000000000002,-1.865633141484131,0.0016094689954659898,0.0
52.9,uav_05,1,-1.3697281930501561,61.7547060510402,8.02,-1.852487631347724,-0.003219586565261147,0.0
52.9,uav_06,1,-1.3597466935279368,76.12237226165863,8.02,-1.8471360917883775,-0.006431954105811356,0.0
53.0,uav_01,1,-1.4250598437971949,3.802238777530553,8.02,-1.8690387166228972,0.00951935831144856,0.0
53.0,uav_02,1,-1.5675497756927042,18.199907737558284,8.02,-1.918832071563245,0.0244160357816225,0.0
53.0,uav_03,1,-1.5925641271056987,32.80123773457793,8.02,-1.9291680557891704,0.02305601859639016,0.0
53.0,uav_04,1,-1.5721144920525258,47.17876252715788,8.010000000000002,-1.9297663626740345,0.01993324647829557,0.0
53.0,uav_05,1,-1.5348583862350684,61.75589571450272,8.02,-1.9076062068294939,0.015868735609831278,0.0
53.0,uav_06,1,-1.525583080540487,76.13002340847343,8.02,-1.908314701843306,0.020706300789988284,0.0
53.1,uav_01,1,-1.5755397359753558,3.8107143238027463,8.02,-1.9158747465495785,0.025291582183192836,0.0
53.1,uav_02,1,-1.752125425887452,18.20197105782378,8.02,-1.9767796581403083,0.053389829070154146,0.0
53.1,uav_03,1,-1.7927851138041713,32.80889057559846,8.02,-1.9914217731104331,0.05071088655521665,0.0
53.1,uav_04,1,-1.7237573675777922,47.18747545153715,8.017826553143529,-1.9691327657176465,0.043479659430587986,0.0
53.1,uav_05,1,-1.7191414190939784,61.76430647800627,8.02,-1.9655241049167276,0.0427620524583638,0.0
53.1,uav_06,1,-1.6984835741822772,76.13345750603773,8.02,-1.9600842195885244,0.048050531753114606,0.0
53.2,uav_01,1,-1.754774642286367,3.8210104131899327,8.02,-1.9716033657936998,0.050801682896849915,0.0
53.2,uav_02,1,-1.959852736649116,18.21100945222426,8.02,-2.030767682206078,0.08446060932364663,0.0
53.2,uav_03,1,-1.995788808966879,32.82016019425228,8.02,-2.045349765061766,0.08120985903705946,0.0
53.2,uav_04,1,-1.9049699230652004,47.18988477049205,8.02,-2.014367332432314,0.07062039945938851,0.0
53.2,uav_05,1,-1.9340346682553176,61.77619047319606,8.02,-2.0215395204341706,0.07492371226050247,0.0
53.2,uav_06,1,-1.888072438158518,76.13962459480408,8.02,-2.013379988147009,0.07112666271566977,0.0
53.3,uav_01,1,-1.9261557514428433,3.8305483875724993,8.02,-2.017690510429402,0.07661430625764104,0.0
53.3,uav_02,1,-2.1425120128954926,18.228226499560222,8.02,-2.08105511013022,0.11052755506510994,0.0
53.3,uav_03,1,-2.221876786323548,32.83211469415862,8.012145891494539,-2.0992705425273144,0.12141643402185148,0.0
53.3,uav_04,1,-2.1017882565359987,47.204488642159006,8.01341292287886,-2.069522462726846,0.0997612313634231,0.0
53.3,uav_05,1,-2.159903475058546,61.788547576297624,8.02,-2.077276239801613,0.10836574388096798,0.0
53.3,uav_06,1,-2.1045830394900484,76.15776696089459,8.02,-2.0698239043281617,0.1038591234625293,0.0
53.4,uav_01,1,-2.101739596104656,3.8401544401745893,8.02,-2.0652223392169806,0.10681489281132026,0.0
53.4,uav_02,1,-2.3542556788922813,18.242784412514276,8.02,-2.134088657356334,0.14045319441380041,0.0
53.4,uav_03,1,-2.427357258576711,32.85119729744939,8.010000000000002,-2.1476713175042366,0.15260279050254202,0.0
53.4,uav_04,1,-2.289835651459054,47.21826420981157,8.010000000000002,-2.118005476211415,0.13240438096913182,0.0
53.4,uav_05,1,-2.3616877320052168,61.79911268767329,8.02,-2.133916217488697,0.13695810874434847,0.0
53.4,uav_06,1,-2.2969994627195587,76.17255404290557,8.014731010048484,-2.1163449497575852,0.1358069698545511,0.0
53.5,uav_01,1,-2.2880449793397655,3.8537718825192897,8.02,-2.1129760386833847,0.13973202901253842,0.0
53.5,uav_02,1,-2.547759001083249,18.25946721497764,8.02,-2.1737345787157376,0.17373457871573766,0.0
53.5,uav_03,1,-2.627009578355041,32.87138099685527,8.010000000000002,-2.1931906111574735,0.17991436669448402,0.0
53.5,uav_04,1,-2.516654594530871,47.23647200866712,8.010000000000002,-2.1700658813023743,0.1680395287814247,0.0
53.5,uav_05,1,-2.5914146507414926,61.82198247720994,8.02,-2.1792337511646642,0.169425313373498,0.0
53.5,uav_06,1,-2.479389775754331,76.18644315856405,8.010000000000002,-2.1594959065890764,0.16169754395344582,0.0
53.6,uav_01,1,-2.4748944572567377,3.873090082193011,8.02,-2.1497874233238887,0.16782993865911092,0.0
53.6,uav_02,1,-2.7541639775429037,18.280479819362082,8.02,-2.2170569052294806,0.20623414313768837,0.0
53.6,uav_03,1,-2.85653871117501,32.894311821856675,8.010000000000002,-2.237924287958254,0.21094321596869053,0.0
53.6,uav_04,1,-2.749950559979196,47.259779154247646,8.010000000000002,-2.216103462242113,0.19957759668158478,0.0
53.6,uav_05,1,-2.823991012187945,61.845208758210646,8.02,-2.2311386124584955,0.2005693062292478,0.0
53.6,uav_06,1,-2.6921507486238254,76.20769878104973,8.010000000000002,-2.203946124050981,0.19045959303823565,0.0
53.7,uav_01,1,-2.7095684227194217,3.8965348954262504,8.02,-2.2026613441216094,0.20506453764864382,0.0
53.7,uav_02,1,-2.9794653077678315,18.308384946657203,8.02,-2.2613279738790775,0.2253319934697694,0.0
53.7,uav_03,1,-3.101530598849887,32.92767868513076,8.010000000000002,-2.2820831930279315,0.22802079825698288,0.0
53.7,uav_04,1,-2.9519895757111754,47.28620467933275,8.010000000000002,-2.2581503335272504,0.22126013341090014,0.0
53.7,uav_05,1,-3.0636250794204174,61.86885330604078,8.02,-2.2731650923745557,0.22063301847491112,0.0
53.7,uav_06,1,-2.920823876303653,76.23474640166673,8.010000000000002,-2.248954539169048,0.21758181566761914,0.0
53.8,uav_01,1,-2.952360516753492,3.920790740025784,8.02,-2.2538914754769794,0.22694573773848967,0.0
53.8,uav_02,1,-3.2156093607044594,18.336168239731578,8.02,-2.302118583756371,0.23,0.0
53.8,uav_03,1,-3.3321922081990154,32.95142416392106,8.010000000000002,-2.320966387545626,0.23,0.0
53.8,uav_04,1,-3.1593035675366283,47.31130101034037,8.010000000000002,-2.294294404261165,0.23,0.0
53.8,uav_05,1,-3.2616985263335834,61.897298963452855,8.02,-2.3159331432719354,0.2291866286543871,0.0
53.8,uav_06,1,-3.1319635913478994,76.26241766026466,8.010000000000002,-2.292669937426592,0.23316748435664808,0.0
53.9,uav_01,1,-3.179643640493791,3.9471001988614547,8.02,-2.294239337858845,0.24,0.0
53.9,uav_02,1,-3.4688299345215423,18.367578171286254,8.02,-2.345858925768071,0.2235352685579822,0.0
53.9,uav_03,1,-3.574499027008596,32.9744142629021,8.010000000000002,-2.362445129201093,0.22188871769972673,0.0
53.9,uav_04,1,-3.376676478455678,47.33174434084605,8.010000000000002,-2.3299288333996433,0.22601423332007137,0.0
53.9,uav_05,1,-3.5051771577217448,61.92151152006605,8.02,-2.3491030533949826,0.23,0.0
53.9,uav_06,1,-3.3611123728289476,76.28408498150038,8.010000000000002,-2.3317621226965377,0.23705946932586552,0.0
54.0,uav_01,1,-3.4198971106059086,3.9768924546745357,8.02,-2.335110200804105,0.2324448995979473,0.0
54.0,uav_02,1,-3.7246678475195703,18.395325054761827,8.02,-2.38884932181682,0.20557533909159006,0.0
54.0,uav_03,1,-3.779194117570629,33.00079255456372,8.010000000000002,-2.3966912324010328,0.1999815756992255,0.0
54.0,uav_04,1,-3.608384491280286,47.357520024053315,8.010000000000002,-2.3712237799589855,0.212517480027343,0.0
54.0,uav_05,1,-3.731857625592534,61.95247166332599,8.02,-2.3864415787672106,0.21177921061639482,0.0
54.0,uav_06,1,-3.6085464046646734,76.3103724238297,8.010000000000002,-2.372793287890025,0.2236033560549876,0.0
54.1,uav_01,1,-3.6678904515999524,4.0041848642519255,8.02,-2.3762341144004604,0.21188294279976969,0.0
54.1,uav_02,1,-3.932138198548343,18.41439395859113,8.02,-2.4232534423141163,0.18255991826441284,0.0
54.1,uav_03,1,-3.996128356483735,33.02393641055723,8.010000000000002,-2.4317929981875195,0.17365525135936039,0.0
54.1,uav_04,1,-3.8576550653258455,47.387555007739934,8.010000000000002,-2.4066366838916826,0.19168165805415868,0.0
54.1,uav_05,1,-3.9895838528763043,61.97714580765192,8.02,-2.429179464757602,0.18061540143179844,0.0
54.1,uav_06,1,-3.8362189384259784,76.33883796622202,8.010000000000002,-2.4079106020949164,0.20208939790508373,0.0
54.2,uav_01,1,-3.9016490297604443,4.032256223865763,8.02,-2.414997524600182,0.1887518565498633,0.0
54.2,uav_02,1,-4.168803279784052,18.43566656809484,8.02,-2.456225116518435,0.15377488348156518,0.0
54.2,uav_03,1,-4.226167986426047,33.0391471753039,8.010000000000002,-2.468472526282168,0.14614560528837411,0.0
54.2,uav_04,1,-4.09897772774439,47.40921735118199,8.010000000000002,-2.4457198884314213,0.16428011156857902,0.0
54.2,uav_05,1,-4.24969171635063,61.99996089304783,8.02,-2.4705136702870902,0.14948632971290993,0.0
54.2,uav_06,1,-4.088993502669913,76.36207084676079,8.010000000000002,-2.4424642374339856,0.1706518219245111,0.0
54.3,uav_01,1,-4.167624987543194,4.051204686130326,8.02,-2.4537765163549707,0.1516313115267056,0.0
54.3,uav_02,1,-4.42159022095497,18.451926700729636,8.02,-2.491940046896269,0.12354496482779806,0.0
54.3,uav_03,1,-4.444706702488122,33.0524949095688,8.010000000000002,-2.499988686151684,0.12001131384831609,0.0
54.3,uav_04,1,-4.366598134838605,47.42803058964248,8.010000000000002,-2.484494105731354,0.1255058942686462,0.0
54.3,uav_05,1,-4.477346213860758,62.010020536643054,8.02,-2.4977380865954557,0.12226191340454416,0.0
54.3,uav_06,1,-4.3243657753465765,76.38323230347989,8.010000000000002,-2.4779828063708096,0.13935625817225417,0.0
54.4,uav_01,1,-4.439998226041156,4.06928134552763,8.02,-2.4917982569186177,0.1136513073110369,0.0
54.4,uav_02,1,-4.667752391294403,18.468241655318433,8.02,-2.520202733957926,0.09469589906311122,0.0
54.4,uav_03,1,-4.649933800429274,33.06895787005426,8.010000000000002,-2.523020724723162,0.095468912915257,0.0
54.4,uav_04,1,-4.6425279519487574,47.44620795969465,8.010000000000002,-2.5168437639990557,0.09315623600094435,0.0
54.4,uav_05,1,-4.715728411832576,62.030252103713934,8.02,-2.5262453916083922,0.09375460839160771,0.0
54.4,uav_06,1,-4.60551787317335,76.4034785370148,8.01358600035617,-2.510758001068508,0.10282799928766125,0.0
54.5,uav_01,1,-4.684290705047495,4.085120460734631,8.02,-2.520375191886448,0.08962480811355172,0.0
54.5,uav_02,1,-4.930573072091961,18.484855351261963,8.02,-2.5455698524601287,0.0696200983599142,0.0
54.5,uav_03,1,-4.859186546659718,33.07820437296388,8.010000000000002,-2.5397032676097218,0.07044509858541734,0.0
54.5,uav_04,1,-4.898803723889553,47.46197424145206,8.010000000000002,-2.5409038805197595,0.06909611948024047,0.0
54.5,uav_05,1,-4.964483595358035,62.042275777969344,8.02,-2.5466869709266535,0.07331302907334625,0.0
54.5,uav_06,1,-4.88263797785982,76.41553377815482,8.015538965315832,-2.5433831040525043,0.07661689594749566,0.0
54.6,uav_01,1,-4.950676468908183,4.096653182546995,8.02,-2.5467737967298514,0.06881746884676565,0.0
54.6,uav_02,1,-5.182801040734592,18.495588055930764,8.02,-2.5648719248850127,0.05025615022997479,0.0
54.6,uav_03,1,-5.127979277442738,33.0896480264201,8.010000000000002,-2.560349909344802,0.04982504532759888,0.0
54.6,uav_04,1,-5.1424167724283345,47.47234036741688,8.010000000000002,-2.559606447282338,0.05039355271766195,0.0
54.6,uav_05,1,-5.211499901703551,62.0527867182328,8.02,-2.565650811332873,0.05434918866712677,0.0
54.6,uav_06,1,-5.1520380583981265,76.42699718368272,8.010000000000002,-2.5648021740889537,0.050395651822092054,0.0
54.7,uav_01,1,-5.2400459350868145,4.108966317519859,8.02,-2.566698945953697,0.046602108092605884,0.0
54.7,uav_02,1,-5.41161099940457,18.50532428688186,8.02,-2.573654979744358,0.03634502025564187,0.0
54.7,uav_03,1,-5.349629615086049,33.09907960400626,8.010000000000002,-2.5773663634050172,0.04131681829749147,0.0
54.7,uav_04,1,-5.403389542711234,47.47810112080433,8.010000000000002,-2.574820873944746,0.03517912605525431,0.0
54.7,uav_05,1,-5.426631249372685,62.06194090209387,8.02,-2.5760833960070944,0.04391660399290577,0.0
54.7,uav_06,1,-5.419561304148414,76.43838072712879,8.010000000000002,-2.575071269705391,0.034928730294609245,0.0
54.8,uav_01,1,-5.525548915289777,4.121114927502713,8.02,-2.5776582081651407,0.03234179183485947,0.0
54.8,uav_02,1,-5.640583151440084,18.515067419310434,8.02,-2.58,0.03,0.0
54.8,uav_03,1,-5.626574429518662,33.11086404995332,8.010000000000002,-2.58,0.030686068166194562,0.0
54.8,uav_04,1,-5.692199623437166,47.484649265441895,8.010000000000002,-2.58,0.024092918104810266,0.0
54.8,uav_05,1,-5.634598517789562,62.07079024294697,8.02,-2.58,0.03593361263547486,0.0
54.8,uav_06,1,-5.697536653793379,76.45020902414369,8.010000000000002,-2.58,0.03,0.0
54.9,uav_01,1,-5.770600999605699,4.1315422866882745,8.02,-2.58,0.03,0.0
54.9,uav_02,1,-5.92774662493684,18.52728668562542,8.02,-2.58,0.03,0.0
54.9,uav_03,1,-5.878766245945615,33.121239122020995,8.018673285349053,-2.58,0.03,0.0
54.9,uav_04,1,-5.950693081520324,47.4956485769311,8.01582956182711,-2.58,0.025829561827109725,0.0
54.9,uav_05,1,-5.868936268502004,62.08064047983843,8.02,-2.58,0.03,0.0
54.9,uav_06,1,-5.98350096712852,76.46237726440404,8.016718548600135,-2.58,0.03,0.0
55.0,uav_01,1,-6.0539598674410735,4.143285248406032,8.02,-2.572341942901501,0.03,0.0
55.0,uav_02,1,-6.193473281623238,18.534528385258657,8.02,-2.5726652116528377,0.03,0.0
55.0,uav_03,1,-6.158662208367253,33.122709817633705,8.02,-2.570631819907012,0.02063181990701248,0.0
55.0,uav_04,1,-6.172547093188664,47.505088820977406,8.02,-2.5713087859477746,0.03,0.0
55.0,uav_05,1,-6.141017095384143,62.0884530419376,8.02,-2.576864697370533,0.03,0.0
55.0,uav_06,1,-6.260559039100657,76.46601483347261,8.02,-2.565292707607624,0.03,0.0
55.1,uav_01,1,-6.2966025989510275,4.153513934146527,8.02,-2.5631146445301862,0.0368853554698139,0.0
55.1,uav_02,1,-6.4533385239508405,18.53856622003351,8.02,-2.552714937737481,0.03364253113125965,0.0
55.1,uav_03,1,-6.399022773829539,33.132237157583575,8.02,-2.561405385732558,0.02859461426744181,0.0
55.1,uav_04,1,-6.40171895973878,47.51484045143394,8.02,-2.556857446018349,0.03,0.0
55.1,uav_05,1,-6.383732267097507,62.091171277088996,8.02,-2.5650957594528254,0.03,0.0
55.1,uav_06,1,-6.551639680004055,76.47546723402606,8.02,-2.551472988569148,0.03,0.0
55.2,uav_01,1,-6.5579063223049285,4.164632826660751,8.02,-2.546168580597252,0.04,0.0
55.2,uav_02,1,-6.717831718090436,18.54982082973414,8.02,-2.5324093685227598,0.04,0.0
55.2,uav_03,1,-6.683361589005036,33.14433623011274,8.02,-2.5409816218498475,0.03,0.0
55.2,uav_04,1,-6.66966584470237,47.522442097926934,8.02,-2.5397162660067965,0.0334279113310678,0.0
55.2,uav_05,1,-6.674712249994652,62.10355294204835,8.02,-2.5391351349915787,0.03362162166947374,0.0
55.2,uav_06,1,-6.82955496140119,76.48729297485096,8.02,-2.5224149589866265,0.03919501367112453,0.0
55.3,uav_01,1,-6.851934031381673,4.16805183770892,8.02,-2.5153933985531234,0.04,0.0
55.3,uav_02,1,-6.951225325346667,18.55975210204437,8.02,-2.5089827294125002,0.04,0.0
55.3,uav_03,1,-6.925870159465155,33.15465535896063,8.02,-2.5135457714013714,0.03881807619954279,0.0
55.3,uav_04,1,-6.931270882703664,47.52628849123771,8.02,-2.509590504694625,0.04,0.0
55.3,uav_05,1,-6.921222537746842,62.11417384348169,8.02,-2.5103917864370917,0.04,0.0
55.3,uav_06,1,-7.1161218629880985,76.49949517523093,8.02,-2.4891895207461454,0.04,0.0
55.4,uav_01,1,-7.1270264529540555,4.178138123128423,8.02,-2.4827034829150496,0.04,0.0
55.4,uav_02,1,-7.170430728035616,18.56912947163383,8.02,-2.4751454254478342,0.04,0.0
55.4,uav_03,1,-7.197270324710388,33.166597653113165,8.02,-2.4716351164760484,0.04,0.0
55.4,uav_04,1,-7.212010496814618,47.53841545333972,8.02,-2.4723617376751523,0.035590434418787995,0.0
55.4,uav_05,1,-7.188744659250854,62.1259951656648,8.02,-2.4745329846076074,0.04,0.0
55.4,uav_06,1,-7.348913635371013,76.50978182578115,8.02,-2.452071167019601,0.04,0.0
55.5,uav_01,1,-7.358639043515232,4.188372667801103,8.02,-2.4466743090283662,0.04,0.0
55.5,uav_02,1,-7.433507887350654,18.57886936238125,8.02,-2.4314976313409358,0.03829952626818719,0.0
55.5,uav_03,1,-7.46628100535601,33.167399507813506,8.02,-2.4284271295351423,0.03,0.0
55.5,uav_04,1,-7.463330178087911,47.54952081870523,8.02,-2.427861415382186,0.03,0.0
55.5,uav_05,1,-7.43662501686628,62.13694855347023,8.02,-2.43126096880776,0.036252193761552066,0.0
55.5,uav_06,1,-7.621932104697407,76.51077697614339,8.02,-2.3977203990345304,0.03,0.0
55.6,uav_01,1,-7.624581625824968,4.200124192793164,8.02,-2.3953376256797556,0.031067525135951138,0.0
55.6,uav_02,1,-7.66369082037868,18.579879350996652,8.02,-2.384533334854459,0.03,0.0
55.6,uav_03,1,-7.735715097337278,33.17935208741753,8.02,-2.373418014248315,0.028903002374719208,0.0
55.6,uav_04,1,-7.678382391613243,47.55569783067042,8.02,-2.381278952982776,0.03,0.0
55.6,uav_05,1,-7.692971926569157,62.14387926304547,8.02,-2.3762018766914337,0.03,0.0
55.6,uav_06,1,-7.838953402364399,76.52075034866623,8.02,-2.34373851535517,0.03,0.0
55.7,uav_01,1,-7.857227901171984,4.201307570452408,8.02,-2.338792916094753,0.03,0.0
55.7,uav_02,1,-7.927286921877483,18.592078040125035,8.02,-2.3165911514431294,0.028084450206161373,0.0
55.7,uav_03,1,-7.960561896883443,33.18922128312068,8.02,-2.3165133541911125,0.02,0.0
55.7,uav_04,1,-7.879939027278193,47.557334058929484,8.02,-2.329667708332119,0.02852395833315989,0.0
55.7,uav_05,1,-7.935835163538385,62.14825944656618,8.02,-2.3162918161968595,0.026048636032809956,0.0
55.7,uav_06,1,-8.09272059730763,76.53241240611179,8.02,-2.270719199241158,0.020102742748736822,0.0
55.8,uav_01,1,-8.131611116086114,4.212292525229315,8.02,-2.26063329881722,0.03,0.0
55.8,uav_02,1,-8.145178783683813,18.601039850745632,8.02,-2.249400007622246,0.02,0.0
55.8,uav_03,1,-8.151214846468074,33.18922128312068,8.02,-2.250648048740892,0.02,0.0
55.8,uav_04,1,-8.074719146798808,47.56628532215536,8.02,-2.2731431605294157,0.020449022932773654,0.0
55.8,uav_05,1,-8.160782138376835,62.154964507424566,8.02,-2.2506761483886555,0.02,0.0
55.8,uav_06,1,-8.316973394020222,76.53252629895958,8.02,-2.193383068988102,0.02,0.0
55.9,uav_01,1,-8.36965764927823,4.223478059210618,8.02,-2.1743442279427474,0.02,0.0
55.9,uav_02,1,-8.358257056224879,18.601648954776696,8.02,-2.175054744765122,0.01945052719612465,0.0
55.9,uav_03,1,-8.340522634773256,33.1968080993102,8.02,-2.1852474591985227,0.013155932399815311,0.0
55.9,uav_04,1,-8.273292600707151,47.57577040366225,8.02,-2.2132477080588915,0.02,0.0
55.9,uav_05,1,-8.354808066109902,62.15732919636989,8.02,-2.180801324232295,0.01786681380358831,0.0
55.9,uav_06,1,-8.55881428367101,76.5436115433387,8.02,-2.095705056691154,0.009522784076794893,0.0
56.0,uav_01,1,-8.576335271777587,4.223478059210618,8.02,-2.0905252099681877,0.02,0.0
56.0,uav_02,1,-8.540946880702446,18.610774655656908,8.02,-2.100964084141768,0.011218231571307564,0.0
56.0,uav_03,1,-8.52465971752949,33.20030652749979,8.02,-2.1149607190174367,0.01,0.0
56.0,uav_04,1,-8.471797024543577,47.5778683190348,8.02,-2.137268981722176,0.013029886858019556,0.0
56.0,uav_05,1,-8.559724657954973,62.166049751409844,8.02,-2.095708055565884,0.008570805556588432,0.0
56.0,uav_06,1,-8.71308697765574,76.5436115433387,8.02,-2.0302951802363736,0.002255020026263754,0.0
56.1,uav_01,1,-8.774803790914023,4.2337749357318,8.02,-1.9971118638898981,0.01071118638898982,0.0
56.1,uav_02,1,-8.755731108690973,18.612125095124735,8.02,-2.010396369538362,0.01,0.0
56.1,uav_03,1,-8.70042014979892,33.20369566189159,8.02,-2.039426615454788,0.006942661545478851,0.0
56.1,uav_04,1,-8.656870362230734,47.584021925387404,8.02,-2.0544883112887753,0.01,0.0
56.1,uav_05,1,-8.76188905575729,62.16710631891964,8.02,-2.000468703497488,0.0,0.0
56.1,uav_06,1,-8.86828748664827,76.54948365949556,8.02,-1.957027632728108,0.0,0.0
56.2,uav_01,1,-8.952642055996682,4.2345633031958965,8.02,-1.9133325173520204,0.002333251735202051,0.0
56.2,uav_02,1,-8.92786263939339,18.612125095124735,8.02,-1.919864130991588,0.002714920999235291,0.0
56.2,uav_03,1,-8.874202440984524,33.21139177187889,8.02,-1.95494521899316,0.0,0.0
56.2,uav_04,1,-8.831710046462454,47.5889535634139,8.02,-1.9721215917582726,0.006212159175827273,0.0
56.2,uav_05,1,-8.992335795912313,62.177134995788954,8.02,-1.8881057539905781,0.0,0.0
56.2,uav_06,1,-9.030420508266653,76.55469678732398,8.02,-1.8718963543796103,0.0,0.0
56.3,uav_01,1,-9.11018820788253,4.2345633031958965,8.02,-1.8251857204224498,0.0,0.0
56.3,uav_02,1,-9.128048895125488,18.620464693452025,8.02,-1.81476847295051,0.0,0.0
56.3,uav_03,1,-9.08581849621845,33.21139177187889,8.02,-1.834317881931568,0.0,0.0
56.3,uav_04,1,-9.013936541995236,47.5889535634139,8.02,-1.8812926969980575,0.0,0.0
56.3,uav_05,1,-9.191785911926047,62.177134995788954,8.02,-1.7730666924229586,0.0,0.0
56.3,uav_06,1,-9.200214486386713,76.55469678732398,8.02,-1.7714168310067528,0.0,0.0
56.4,uav_01,1,-9.285775825414516,4.2406271588699065,8.02,-1.714357542694061,0.0,0.0
56.4,uav_02,1,-9.313394027466163,18.623210339110017,8.02,-1.6999634570855828,0.0,0.0
56.4,uav_03,1,-9.266286691164098,33.21335998758498,8.02,-1.7304691959908216,0.0,0.0
56.4,uav_04,1,-9.216795080627186,47.5889535634139,8.02,-1.763849895064537,0.0,0.0
56.4,uav_05,1,-9.359812957442964,62.177134995788954,8.02,-1.6695551884347481,-0.0017037342971043127,0.0
56.4,uav_06,1,-9.36307153284732,76.55469678732398,8.02,-1.6639703600292146,0.0,0.0
56.5,uav_01,1,-9.46438562203701,4.2456485475750005,8.02,-1.59396794560474,0.0,0.0
56.5,uav_02,1,-9.49861188394445,18.623210339110017,8.02,-1.5736528308921038,-0.008028930758991358,0.0
56.5,uav_03,1,-9.431625139985904,33.222477015864165,8.02,-1.6284570950816541,-0.0008879157629496681,0.0
56.5,uav_04,1,-9.393681558510469,47.59238809261567,8.02,-1.6528205305975034,-0.0030982891168747063,0.0
56.5,uav_05,1,-9.522277956921645,62.178454740531784,8.02,-1.5545229558591216,-0.01,0.0
56.5,uav_06,1,-9.526217619986726,76.55555307692853,8.02,-1.5499580338704828,-0.000772458933039788,0.0
56.6,uav_01,1,-9.623451214272036,4.2456485475750005,8.02,-1.471826106240298,-0.005244145673823223,0.0
56.6,uav_02,1,-9.668595062722822,18.623210339110017,8.02,-1.4356859841314764,-0.01,0.0
56.6,uav_03,1,-9.590084383950904,33.222477015864165,8.02,-1.5024239350382493,-0.01,0.0
56.6,uav_04,1,-9.560232412328217,47.600038807793005,8.02,-1.5306869410656083,-0.01,0.0
56.6,uav_05,1,-9.664288203490212,62.18822024016806,8.02,-1.4345483370578034,-0.01,0.0
56.6,uav_06,1,-9.67747151025035,76.56577511138548,8.02,-1.4300811566489324,-0.00999375718085135,0.0
56.7,uav_01,1,-9.763956666664916,4.2456485475750005,8.015364764037178,-1.3451066965204812,-0.01,0.0
56.7,uav_02,1,-9.827131794170823,18.623210339110017,8.02,-1.2846626520423976,-0.01,0.0
56.7,uav_03,1,-9.748900426752373,33.222477015864165,8.02,-1.3660760007866364,-0.010994571372383103,0.0
56.7,uav_04,1,-9.69153016853507,47.600038807793005,8.02,-1.4185935616285867,-0.01152903131224381,0.0
56.7,uav_05,1,-9.781392530545604,62.18822024016806,8.02,-1.3283505588662576,-0.01,0.0
56.7,uav_06,1,-9.799626785696255,76.56578203170307,8.02,-1.3119355268826685,-0.01,0.0
56.8,uav_01,1,-9.898528468820135,4.2456485475750005,8.010000000000002,-1.2109989864256814,-0.01,0.0
56.8,uav_02,1,-9.975929563964034,18.624062129910914,8.02,-1.129242392134325,-0.02,0.0
56.8,uav_03,1,-9.871455819008055,33.222477015864165,8.02,-1.2390575345512334,-0.02,0.0
56.8,uav_04,1,-9.848984604537941,47.600038807793005,8.02,-1.2702199308183466,-0.02,0.0
56.8,uav_05,1,-9.92009051640464,62.18822024016806,8.02,-1.180086465773838,-0.01856525244472586,0.0
56.8,uav_06,1,-9.936522470766606,76.56578203170307,8.02,-1.1625153168414042,-0.01910604879704255,0.0
56.9,uav_01,1,-10.019984248006642,4.2456485475750005,8.010000000000002,-1.0739002235374802,-0.01,0.0
56.9,uav_02,1,-10.084304263971745,18.634140171939613,8.019859803226531,-0.9980372451714328,-0.02,0.0
56.9,uav_03,1,-10.004596354546194,33.222477015864165,8.02,-1.1010684494839125,-0.02,0.0
56.9,uav_04,1,-9.970179849954526,47.600038807793005,8.02,-1.1349489309254748,-0.02,0.0
56.9,uav_05,1,-10.044597362587021,62.18822024016806,8.02,-1.041119252074794,-0.02,0.0
56.9,uav_06,1,-10.056149060288526,76.56578203170307,8.02,-1.0289951572812295,-0.02,0.0
