t_s,agent_id,valid,east_m,north_m,up_m
0.0,uav_01,1,8.934629551436377,-14.96507973693252,7.735571021694706
0.1,uav_01,1,8.934629551436377,-14.96507973693252,7.739999771118164
0.2,uav_01,1,8.934629551436377,-14.96507973693252,7.739999771118164
0.3,uav_01,1,8.934629551436377,-14.96507973693252,7.739999771118164
0.4,uav_01,1,8.934629551436377,-14.96507973693252,7.739999771118164
0.5,uav_01,1,8.930388173879853,-14.96507973693252,7.744395706241771
0.6,uav_01,1,8.924980922612956,-14.960476861844102,7.75
0.7,uav_01,1,8.924980922612956,-14.953994492553415,7.75
0.8,uav_01,1,8.92144461079172,-14.945868802088796,7.75
0.9,uav_01,1,8.912031005050302,-14.924238343498759,7.75
1.0,uav_01,1,8.902805892734003,-14.903041003426608,7.75
1.1,uav_01,1,8.8920034741155,-14.880535270421808,7.75
1.2,uav_01,1,8.875742382870381,-14.849652861650737,7.751031672667169
1.3,uav_01,1,8.867114137920705,-14.810001127721083,7.759974335732166
1.4,uav_01,1,8.83267610396779,-14.770349393440268,7.760000228881836
1.5,uav_01,1,8.805746002477804,-14.721985739062278,7.760000228881836
1.6,uav_01,1,8.779861266402627,-14.664881461521194,7.760000228881836
1.7,uav_01,1,8.748434414861626,-14.605403860148567,7.760000228881836
1.8,uav_01,1,8.713921432610624,-14.535536282598747,7.760000228881836
1.9,uav_01,1,8.675907100686565,-14.464278169290859,7.760000228881836
2.0,uav_01,1,8.63028490631542,-14.396249467737489,7.760000228881836
2.1,uav_01,1,8.577581640859519,-14.309137544560759,7.760000228881836
2.2,uav_01,1,8.519700149733081,-14.22784482462358,7.760000228881836
2.3,uav_01,1,8.456521415030275,-14.120195207439888,7.760000228881836
2.4,uav_01,1,8.387972334694116,-14.003315239000205,7.760000228881836
2.5,uav_01,1,8.3237443237451,-13.882772119489836,7.760000228881836
2.6,uav_01,1,8.256244519041088,-13.749938250511743,7.760000228881836
2.7,uav_01,1,8.190967233831078,-13.59994497634668,7.760000228881836
2.8,uav_01,1,8.119754374462358,-13.44178442886425,7.760000228881836
2.9,uav_01,1,8.048541515093637,-13.283766308506996,7.760000228881836
3.0,uav_01,1,7.977328655724916,-13.113457438729908,7.766023611370022
3.1,uav_01,1,7.907447221528388,-12.93435419757363,7.770000457763672
3.2,uav_01,1,7.832226915349025,-12.760747204524566,7.770000457763672
3.3,uav_01,1,7.747110796768667,-12.57645665410145,7.770000457763672
3.4,uav_01,1,7.658683822517429,-12.384558464177859,7.770000457763672
3.5,uav_01,1,7.563389302149021,-12.192660274406654,7.770000457763672
3.6,uav_01,1,7.465137109157088,-12.000762084468647,7.770000457763672
3.7,uav_01,1,7.3668849161651595,-11.800568047186974,7.770000457763672
3.8,uav_01,1,7.253838082157113,-11.58888299680363,7.770000457763672
3.9,uav_01,1,7.143509361558418,-11.383110166011708,7.770000457763672
4.0,uav_01,1,7.035431949530959,-11.162114844974505,7.770000457763672
4.1,uav_01,1,6.9256519537846675,-10.96529398862333,7.770000457763672
4.2,uav_01,1,6.818491722941162,-10.765248800709234,7.770000457763672
4.3,uav_01,1,6.7181982182917706,-10.561926742821504,7.770000457763672
4.4,uav_01,1,6.615773835715248,-10.35275712841038,7.770000457763672
4.5,uav_01,1,6.509590578376161,-10.144197382994331,7.770000457763672
4.6,uav_01,1,6.403407321037071,-9.94087532520457,7.770000457763672
4.7,uav_01,1,6.2972240636979775,-9.734463134806463,7.7727881303861475
4.8,uav_01,1,6.191040806358888,-9.518803983021305,7.780000686645508
4.9,uav_01,1,6.084857549019795,-9.296401569115151,7.780000686645508
5.0,uav_01,1,5.978384701376682,-9.082580700082476,7.780000686645508
5.1,uav_01,1,5.86335283978328,-8.858926436778775,7.780000686645508
5.2,uav_01,1,5.75812852659719,-8.62978622929192,7.780000686645508
5.3,uav_01,1,5.6224224280058115,-8.381854459327995,7.780000686645508
5.4,uav_01,1,5.502106086174741,-8.130514125919422,7.780000686645508
5.5,uav_01,1,5.372979932105985,-7.8788388494033885,7.780000686645508
5.6,uav_01,1,5.243654767369104,-7.605914178019349,7.780000686645508
5.7,uav_01,1,5.114329603889721,-7.3650955053781075,7.780000686645508
5.8,uav_01,1,4.985004439237961,-7.11135593289309,7.780000686645508
5.9,uav_01,1,4.854380977525137,-6.841527705480858,7.780000686645508
6.0,uav_01,1,4.716705483654541,-6.597841229396564,7.780000686645508
6.1,uav_01,1,4.589812826873264,-6.3399119302338605,7.780000686645508
6.2,uav_01,1,4.473960627499654,-6.104424100219551,7.780000686645508
6.3,uav_01,1,4.363651549273484,-5.880203534533132,7.780000686645508
6.4,uav_01,1,4.2450472859737465,-5.655982968508114,7.780000686645508
6.5,uav_01,1,4.140516633686114,-5.431762402766451,7.780000686645508
6.6,uav_01,1,4.026755756893576,-5.2075418368364055,7.780000686645508
6.7,uav_01,1,3.907961364215644,-4.983321270999771,7.780000686645508
6.8,uav_01,1,3.792808899124627,-4.759100705164702,7.780000686645508
6.9,uav_01,1,3.682499820546223,-4.5348801392331035,7.780000686645508
7.0,uav_01,1,3.572190741301127,-4.310659573546673,7.780000686645508
7.1,uav_01,1,3.4617296786030365,-4.086439007854052,7.780000686645508
7.2,uav_01,1,3.3429352859251003,-3.8622184418212733,7.780000686645508
7.3,uav_01,1,3.222630319911609,-3.610354514629026,7.780000686645508
7.4,uav_01,1,3.096326792726708,-3.3708339868766046,7.788532801304199
7.5,uav_01,1,2.9781348795631546,-3.1169440099910117,7.790000915527344
7.6,uav_01,1,2.8522057489246686,-2.8776911992495426,7.790000915527344
7.7,uav_01,1,2.733405845084128,-2.6214567404080276,7.790000915527344
7.8,uav_01,1,2.615798949586546,-2.3926722400190137,7.790000915527344
7.9,uav_01,1,2.498192054088958,-2.167475946140549,7.790000915527344
8.0,uav_01,1,2.389648564069573,-1.9318667658789843,7.790000915527344
8.1,uav_01,1,2.2818422439260604,-1.7271730286325977,7.790000915527344
8.2,uav_01,1,2.1740359225345323,-1.5244963643493348,7.790000915527344
8.3,uav_01,1,2.073438790006743,-1.3169387004728201,7.790117922958219
8.4,uav_01,1,1.9816121238430981,-1.1191959287933966,7.799999237060547
8.5,uav_01,1,1.8910070425372234,-0.9433641911304955,7.799999237060547
8.6,uav_01,1,1.8076074203392378,-0.7695727956501554,7.799999237060547
8.7,uav_01,1,1.7204412631166415,-0.6081403876616277,7.799999237060547
8.8,uav_01,1,1.6519051124535082,-0.4590669669386746,7.799999237060547
8.9,uav_01,1,1.5906873354889983,-0.3263034906565616,7.799999237060547
9.0,uav_01,1,1.533462816866856,-0.20449450364060148,7.799999237060547
9.1,uav_01,1,1.4824480026537061,-0.09645002993046425,7.799999237060547
9.2,uav_01,1,1.4388410157100975,-0.01903137475537093,7.799999237060547
9.3,uav_01,1,1.407297553968185,0.043330739094017745,7.799999237060547
9.4,uav_01,1,1.3843539543302732,0.0891970419673292,7.799999237060547
9.5,uav_01,1,1.3687515667272656,0.1250479992778048,7.799999237060547
9.6,uav_01,1,1.3604565516678147,0.1441081753530566,7.799999237060547
9.7,uav_01,1,1.3604565516678147,0.1441081753530566,7.799999237060547
9.8,uav_01,1,1.3679116228155035,0.13554309333029518,7.799999237060547
9.9,uav_01,1,1.382696626595536,0.1113235864601479,7.799999237060547
10.0,uav_01,1,1.3996751869918709,0.07616260714242612,7.799999237060547
10.1,uav_01,1,1.4206307749639933,0.03714949853152098,7.799999237060547
10.2,uav_01,1,1.4489162950742,-0.0018636100102176652,7.799999237060547
10.3,uav_01,1,1.4796934880709758,-0.04515849755236113,7.799999237060547
10.4,uav_01,1,1.4975203952418217,-0.10546298329306483,7.799999237060547
10.5,uav_01,1,1.516628602098461,-0.15931565248146293,7.799999237060547
10.6,uav_01,1,1.5357368078388904,-0.2023002751116584,7.8008309559037325
10.7,uav_01,1,1.5541370633030038,-0.23441685083029742,7.809999465942383
10.8,uav_01,1,1.563691167386746,-0.25566537966241426,7.809999465942383
10.9,uav_01,1,1.5727263679580878,-0.26604586194790325,7.809999465942383
11.0,uav_01,1,1.5723019903553062,-0.26555829732183317,7.809999465942383
11.1,uav_01,1,1.5627478874952356,-0.2542026857976687,7.809657592950524
11.2,uav_01,1,1.5529584549996827,-0.23197902773844864,7.799999237060547
11.3,uav_01,1,1.5338456238426812,-0.19887669735837948,7.799999237060547
11.4,uav_01,1,1.5144196698464467,-0.15400164171253186,7.799999237060547
11.5,uav_01,1,1.4948096867971454,-0.09725919598877604,7.799999237060547
11.6,uav_01,1,1.4751997037478422,-0.030267506643041037,7.799999237060547
11.7,uav_01,1,1.4562718676021702,0.026795685471523015,7.799999237060547
11.8,uav_01,1,1.4457891769416236,0.09559841692691934,7.799999237060547
11.9,uav_01,1,1.426179193892321,0.18571752992238427,7.799999237060547
12.0,uav_01,1,1.4065692108430194,0.2782843377390494,7.799999237060547
12.1,uav_01,1,1.3881808316815445,0.39093322882964765,7.799999237060547
12.2,uav_01,1,1.3783758406577595,0.5051652571561875,7.799999237060547
12.3,uav_01,1,1.370105179120083,0.6299985054300261,7.799999237060547
12.4,uav_01,1,1.370105179120083,0.7593902905235353,7.799999237060547
12.5,uav_01,1,1.370105179120083,0.8870251763376678,7.799999237060547
12.6,uav_01,1,1.370105179120083,1.0243553960198142,7.799999237060547
12.7,uav_01,1,1.370105179120083,1.161685615338979,7.799999237060547
12.8,uav_01,1,1.370105179120083,1.319795095101358,7.809371937816151
12.9,uav_01,1,1.361515827971815,1.4782530407830434,7.809999465942383
13.0,uav_01,1,1.3604565516678147,1.6460578537245767,7.809999465942383
13.1,uav_01,1,1.3450930948852522,1.8239051488951197,7.809999465942383
13.2,uav_01,1,1.3267034619768605,2.0034908205948607,7.809999465942383
13.3,uav_01,1,1.3083138290684677,2.198641940186369,7.809999465942383
13.4,uav_01,1,1.2959045465866277,2.399124051619473,7.809999465942383
13.5,uav_01,1,1.2721624171720936,2.6039872118573344,7.809999465942383
13.6,uav_01,1,1.2494256030257007,2.8192062076251565,7.809999465942383
13.7,uav_01,1,1.2446730153848338,3.0550871609357473,7.809999465942383
13.8,uav_01,1,1.2288425813743662,3.294836925858938,7.809999465942383
13.9,uav_01,1,1.225375759109145,3.516860909431099,7.809999465942383
14.0,uav_01,1,1.2167661449789005,3.7550002629960693,7.809999465942383
14.1,uav_01,1,1.2157271316568767,4.006640153613076,7.809999465942383
14.2,uav_01,1,1.2250455885662879,4.2487678461538945,7.809999465942383
14.3,uav_01,1,1.225375759109145,4.512258749126069,7.809999465942383
14.4,uav_01,1,1.225375759109145,4.745038935213922,7.809999465942383
14.5,uav_01,1,1.242166267319163,4.987055812283809,7.809999465942383
14.6,uav_01,1,1.2446730153848338,5.203523513451731,7.809999465942383
14.7,uav_01,1,1.2446730153848338,5.438709158561132,7.809999465942383
14.8,uav_01,1,1.2446730153848338,5.674467362319115,7.809999465942383
14.9,uav_01,1,1.2446730153848338,5.912532993596695,7.809999465942383
15.0,uav_01,1,1.2487903620760727,6.150257140676503,7.809999465942383
15.1,uav_01,1,1.254321642837102,6.390104248889128,7.809999465942383
15.2,uav_01,1,1.254321642837102,6.637132163257066,7.809999465942383
15.3,uav_01,1,1.254321642837102,6.873047384350232,7.809999465942383
15.4,uav_01,1,1.254321642837102,7.126689760568458,7.809999465942383
15.5,uav_01,1,1.2546886617508013,7.392470977695718,7.809999465942383
15.6,uav_01,1,1.2639702716605226,7.646140956425819,7.809999465942383
15.7,uav_01,1,1.2639702716605226,7.921138092820234,7.809999465942383
15.8,uav_01,1,1.2641144009177883,8.196135229214617,7.809999465942383
15.9,uav_01,1,1.2736188991127908,8.471115789087008,7.809999465942383
16.0,uav_01,1,1.2736188991127908,8.743840221487295,7.809999465942383
16.1,uav_01,1,1.2925978242143008,9.029719592217864,7.809999465942383
16.2,uav_01,1,1.2929161553884796,9.304899592891474,7.809999465942383
16.3,uav_01,1,1.2929161553884796,9.579896728904624,7.809999465942383
16.4,uav_01,1,1.2929161553884796,9.86554016899153,7.809999465942383
16.5,uav_01,1,1.2929161553884796,10.150358974532162,7.809999465942383
16.6,uav_01,1,1.3025647828407478,10.441615746259009,7.809999465942383
16.7,uav_01,1,1.303393656205178,10.743238364106737,7.809999465942383
16.8,uav_01,1,1.3122134116641688,11.035680311523482,7.809999465942383
16.9,uav_01,1,1.3122134116641688,11.33825521603163,7.809999465942383
17.0,uav_01,1,1.314484330159115,11.638221077521353,7.809999465942383
17.1,uav_01,1,1.321862039116437,11.93231978095573,7.809999465942383
17.2,uav_01,1,1.321862039116437,12.238608233115304,7.809999465942383
17.3,uav_01,1,1.321862039116437,12.544289035106653,7.809999465942383
17.4,uav_01,1,1.3257866745928713,12.83200881875222,7.809999465942383
17.5,uav_01,1,1.3315106679398576,13.111141139606767,7.809999465942383
17.6,uav_01,1,1.3315106679398576,13.38412620774325,7.809999465942383
17.7,uav_01,1,1.3315106679398576,13.657111275739817,7.809999465942383
17.8,uav_01,1,1.3315106679398576,13.930096343917896,7.809999465942383
17.9,uav_01,1,1.3330916041213774,14.203081411808322,7.811638012330559
18.0,uav_01,1,1.3411592953921259,14.477022412030358,7.819999694824219
18.1,uav_01,1,1.3411592953921259,14.757734989442852,7.819999694824219
18.2,uav_01,1,1.3411592953921259,15.030720057333241,7.819999694824219
18.3,uav_01,1,1.3411592953921259,15.303705125223674,7.819999694824219
18.4,uav_01,1,1.3411592953921259,15.576690193465112,7.819999694824219
18.5,uav_01,1,1.3560986102936328,15.839733567741364,7.819999694824219
18.6,uav_01,1,1.3604565516678147,16.08613207747071,7.819999694824219
18.7,uav_01,1,1.3604565516678147,16.327184924468117,7.819999694824219
18.8,uav_01,1,1.3604565516678147,16.571486985860766,7.819999694824219
18.9,uav_01,1,1.3604565516678147,16.820375862696174,7.819999694824219
19.0,uav_01,1,1.3604565516678147,17.061428709513702,7.819999694824219
19.1,uav_01,1,1.3604565516678147,17.31137407260959,7.819999694824219
19.2,uav_01,1,1.3604565516678147,17.554619647921683,7.819999694824219
19.3,uav_01,1,1.3604565516678147,17.795672494739193,7.819999694824219
19.4,uav_01,1,1.3604565516678147,18.040175914863852,7.819999694824219
19.5,uav_01,1,1.3604565516678147,18.288863433147153,7.819999694824219
19.6,uav_01,1,1.3604565516678147,18.529916279964688,7.819999694824219
19.7,uav_01,1,1.3604565516678147,18.809895993964826,7.819999694824219
19.8,uav_01,1,1.3604565516678147,19.099891015384184,7.819999694824219
19.9,uav_01,1,1.3604565516678147,19.401083391474558,7.819999694824219
20.0,uav_01,1,1.3604565516678147,19.692691599756532,7.819999694824219
20.1,uav_01,1,1.3604565516678147,20.004625038772406,7.819999694824219
20.2,uav_01,1,1.3604565516678147,20.296577428477665,7.819999694824219
20.3,uav_01,1,1.3604565516678147,20.587435098840754,7.819999694824219
20.4,uav_01,1,1.3604565516678147,20.886715986255297,7.819999694824219
20.5,uav_01,1,1.3699020445023526,21.18868574463364,7.819999694824219
20.6,uav_01,1,1.370105179120083,21.479776795025487,7.819999694824219
20.7,uav_01,1,1.370105179120083,21.791653269433304,7.819999694824219
20.8,uav_01,1,1.370105179120083,22.09963941102054,7.819999694824219
20.9,uav_01,1,1.370105179120083,22.420149162400296,7.819999694824219
21.0,uav_01,1,1.370105179120083,22.743144897486317,7.819999694824219
21.1,uav_01,1,1.370105179120083,23.044712749663077,7.819999694824219
21.2,uav_01,1,1.370105179120083,23.363432277205693,7.819999694824219
21.3,uav_01,1,1.3741673099805791,23.677484850084312,7.819999694824219
21.4,uav_01,1,1.3797538079435037,23.98978608810313,7.819999694824219
21.5,uav_01,1,1.3797538079435037,24.30850561584822,7.819999694824219
21.6,uav_01,1,1.3797538079435037,24.61974528129168,7.819999694824219
21.7,uav_01,1,1.3797538079435037,24.940029373433767,7.819999694824219
21.8,uav_01,1,1.3797538079435037,25.244300861691002,7.819999694824219
21.9,uav_01,1,1.3797538079435037,25.546453163187184,7.819999694824219
22.0,uav_01,1,1.3879445367791365,25.851581345122604,7.819999694824219
22.1,uav_01,1,1.389402435395772,26.156709526783242,7.819999694824219
22.2,uav_01,1,1.389402435395772,26.451126524366174,7.819999694824219
22.3,uav_01,1,1.389402435395772,26.744461900517535,7.819999694824219
22.4,uav_01,1,1.389402435395772,27.034767590150757,7.819999694824219
22.5,uav_01,1,1.389402435395772,27.31166895570042,7.819999694824219
22.6,uav_01,1,1.389402435395772,27.55466649351096,7.819999694824219
22.7,uav_01,1,1.389402435395772,27.7856041913849,7.819999694824219
22.8,uav_01,1,1.4064952214886595,28.006722995758118,7.819999694824219
22.9,uav_01,1,1.4086996916714607,28.227619924391945,7.819999694824219
23.0,uav_01,1,1.4086996916714607,28.425327020445085,7.819999694824219
23.1,uav_01,1,1.4086996916714607,28.616101640407543,7.819999694824219
23.2,uav_01,1,1.4086996916714607,28.801235265730604,7.819999694824219
23.3,uav_01,1,1.4086996916714607,28.97737259655867,7.819999694824219
23.4,uav_01,1,1.4086996916714607,29.144513632765534,7.819999694824219
23.5,uav_01,1,1.4086996916714607,29.302658374157783,7.819999694824219
23.6,uav_01,1,1.4086996916714607,29.451744145262243,7.819999694824219
23.7,uav_01,1,1.4086996916714607,29.591109818092008,7.819999694824219
23.8,uav_01,1,1.4086996916714607,29.711017979130844,7.819999694824219
23.9,uav_01,1,1.4086996916714607,29.82164394812748,7.819999694824219
24.0,uav_01,1,1.4086996916714607,29.915181172920875,7.819999694824219
24.1,uav_01,1,1.4086996916714607,29.99801589634309,7.819999694824219
24.2,uav_01,1,1.4139251545909401,30.071951170614565,7.819999694824219
24.3,uav_01,1,1.418348319123729,30.13698699566372,7.819999694824219
24.4,uav_01,1,1.418348319123729,30.193123371348833,7.819999694824219
24.5,uav_01,1,1.418348319123729,30.232185875883204,7.817541589617445
24.6,uav_01,1,1.418348319123729,30.240546312935532,7.809999465942383
24.7,uav_01,1,1.418348319123729,30.24006515167054,7.809999465942383
24.8,uav_01,1,1.418348319123729,30.228955811743724,7.809999465942383
24.9,uav_01,1,1.418348319123729,30.19437896636071,7.809999465942383
25.0,uav_01,1,1.4188375977048433,30.137406341634737,7.809999465942383
25.1,uav_01,1,1.4279969479471495,30.0712317140139,7.809999465942383
25.2,uav_01,1,1.4296608774875132,30.024191639580227,7.809999465942383
25.3,uav_01,1,1.448297512033646,29.95649904437079,7.809999465942383
25.4,uav_01,1,1.4604667845736818,29.888806449161347,7.809999465942383
25.5,uav_01,1,1.489926697816491,29.822660257529055,7.811394508734021
25.6,uav_01,1,1.5224212864835847,29.76624976131591,7.819999694824219
25.7,uav_01,1,1.5716443010177685,29.711666181690312,7.819999694824219
25.8,uav_01,1,1.6235917090260055,29.665800273934625,7.819999694824219
25.9,uav_01,1,1.683879312308373,29.619624257515962,7.819999694824219
26.0,uav_01,1,1.7498544162267424,29.573448240786952,7.817052317199705
26.1,uav_01,1,1.8334809434155748,29.530998149308658,7.809999465942383
26.2,uav_01,1,1.923912349245957,29.49636613686443,7.809999465942383
26.3,uav_01,1,2.0183854225368747,29.461734124420204,7.809999465942383
26.4,uav_01,1,2.1233057350685933,29.42710211197598,7.809999465942383
26.5,uav_01,1,2.2386732875289503,29.398031064405192,7.809999465942383
26.6,uav_01,1,2.358728866517385,29.36907258083955,7.809999465942383
26.7,uav_01,1,2.487515833960044,29.341358308062123,7.809999465942383
26.8,uav_01,1,2.6223339362314606,29.32539360934574,7.809999465942383
26.9,uav_01,1,2.756054331488528,29.32047104010315,7.809999465942383
27.0,uav_01,1,2.8949443938166564,29.308592247579185,7.809999465942383
27.1,uav_01,1,3.0432887418580874,29.29830055173877,7.809999465942383
27.2,uav_01,1,3.1911367255989442,29.309732786732614,7.809999465942383
27.3,uav_01,1,3.3392867311529266,29.326075518317097,7.809999465942383
27.4,uav_01,1,3.487329057381233,29.34254196194598,7.809999465942383
27.5,uav_01,1,3.6352847204477885,29.369870370990224,7.809999465942383
27.6,uav_01,1,3.7789347494719325,29.402791185584135,7.809999465942383
27.7,uav_01,1,3.9123878239289374,29.4394125759422,7.809999465942383
27.8,uav_01,1,4.037006587803877,29.47584046948315,7.809999465942383
27.9,uav_01,1,4.147883681796665,29.507704654195955,7.81222538260549
28.0,uav_01,1,4.258760776550201,29.545719229983565,7.819999694824219
28.1,uav_01,1,4.369637870237796,29.57511598824114,7.819999694824219
28.2,uav_01,1,4.472077543701933,29.614206442889095,7.819999694824219
28.3,uav_01,1,4.567107831137196,29.644994749135382,7.819999694824219
28.4,uav_01,1,4.654728731662786,29.674391507392954,7.819999694824219
28.5,uav_01,1,4.734940245828286,29.703788265650527,7.819999694824219
28.6,uav_01,1,4.815660248718217,29.7331850239081,7.819999694824219
28.7,uav_01,1,4.892432370573727,29.76258178216567,7.819999694824219
28.8,uav_01,1,4.953159652820265,29.790339002419298,7.819999694824219
28.9,uav_01,1,5.017057928204708,29.81363306472279,7.819999694824219
29.0,uav_01,1,5.074488047804671,29.84559438851919,7.819999694824219
29.1,uav_01,1,5.121826200287195,29.868274226888875,7.819999694824219
29.2,uav_01,1,5.159072385334679,29.89095406534979,7.819999694824219
29.3,uav_01,1,5.183769925767496,29.913633904022078,7.819999694824219
29.4,uav_01,1,5.193640224074384,29.939390876709787,7.819999694824219
29.5,uav_01,1,5.1977104892045185,29.963415206608527,7.819999694824219
29.6,uav_01,1,5.184718505566109,29.967001690940904,7.819999694824219
29.7,uav_01,1,5.164977909593755,29.98218276953027,7.819999694824219
29.8,uav_01,1,5.137929031110709,29.99667093935201,7.819999694824219
29.9,uav_01,1,5.1018229047633845,29.99667093935201,7.819999694824219
30.0,uav_01,1,5.071624349921195,29.99667093935201,7.819999694824219
30.1,uav_01,1,5.036607364558537,29.98559921509526,7.819999694824219
30.2,uav_01,1,5.0015786114133975,29.96848486025933,7.819999694824219
30.3,uav_01,1,4.971380056571207,29.94392924914963,7.819999694824219
30.4,uav_01,1,4.947252602619644,29.909234330918423,7.819999694824219
30.5,uav_01,1,4.920631574339099,29.867084636454162,7.81327458655922
30.6,uav_01,1,4.890433018515476,29.812890240889512,7.809999465942383
30.7,uav_01,1,4.874882008215374,29.75506537700887,7.809999465942383
30.8,uav_01,1,4.851624227375042,29.685594358899515,7.809999465942383
30.9,uav_01,1,4.8316072305545,29.615843854099285,7.809999465942383
31.0,uav_01,1,4.809614157614578,29.54148072754693,7.809999465942383
31.1,uav_01,1,4.787711583336359,29.458250455161963,7.809999465942383
31.2,uav_01,1,4.770557685045717,29.36956446028591,7.809999465942383
31.3,uav_01,1,4.753403786755074,29.278942678017046,7.809999465942383
31.4,uav_01,1,4.736249888464432,29.179698141057585,7.809999465942383
31.5,uav_01,1,4.71909599017379,29.07130414743688,7.809999465942383
31.6,uav_01,1,4.701942091883147,28.953582856208097,7.809999465942383
31.7,uav_01,1,4.68478819459392,28.83533486297756,7.809999465942383
31.8,uav_01,1,4.673609444258966,28.710222062440142,7.809999465942383
31.9,uav_01,1,4.664646891483081,28.57636084158239,7.809999465942383
32.0,uav_01,1,4.660287336418349,28.422947574791344,7.8153099883002115
32.1,uav_01,1,4.65512209843264,28.25595494255814,7.819999694824219
32.2,uav_01,1,4.655845374932101,28.082980405446083,7.819999694824219
32.3,uav_01,1,4.660287336418349,27.898825428365917,7.819999694824219
32.4,uav_01,1,4.665576861706762,27.71564421243299,7.819999694824219
32.5,uav_01,1,4.675266919262181,27.525269340969245,7.819999694824219
32.6,uav_01,1,4.690329360653169,27.318705885804093,7.819999694824219
32.7,uav_01,1,4.709709475018209,27.11340177923047,7.819999694824219
32.8,uav_01,1,4.729089589990938,26.91301062055064,7.819999694824219
32.9,uav_01,1,4.747862552576774,26.70099850129038,7.819999694824219
33.0,uav_01,1,4.770429989965262,26.4889028448163,7.819999694824219
33.1,uav_01,1,4.800681075803338,26.28155248569946,7.819999694824219
33.2,uav_01,1,4.830135208440786,26.072126612413495,7.819999694824219
33.3,uav_01,1,4.8500013801550725,25.86346297735716,7.819999694824219
33.4,uav_01,1,4.876605581660537,25.64086719077456,7.819999694824219
33.5,uav_01,1,4.903778698796377,25.42625583985468,7.819999694824219
33.6,uav_01,1,4.939250968310481,25.202109648913897,7.819999694824219
33.7,uav_01,1,4.948753970582038,24.977963458326457,7.819999694824219
33.8,uav_01,1,4.965497899339902,24.744768742846293,7.819999694824219
33.9,uav_01,1,4.983234034096954,24.510434088855366,7.819999694824219
34.0,uav_01,1,4.994952680491526,24.27584115789795,7.819999694824219
34.1,uav_01,1,5.004419812833123,24.01438935398803,7.819999694824219
34.2,uav_01,1,5.013975203099821,23.754497917809296,7.826567885908599
34.3,uav_01,1,5.023530593796521,23.494827349221925,7.829999923706055
34.4,uav_01,1,5.033085984089718,23.231352369940264,7.829999923706055
34.5,uav_01,1,5.048698919663762,22.96091791731083,7.829999923706055
34.6,uav_01,1,5.055881085270937,22.693317166997804,7.829999923706055
34.7,uav_01,1,5.067623225341371,22.42309695459312,7.829999923706055
34.8,uav_01,1,5.080956173521783,22.14864385104474,7.829999923706055
34.9,uav_01,1,5.096196158471247,21.880721740394627,7.829999923706055
35.0,uav_01,1,5.1041242252745835,21.59952625738709,7.829999923706055
35.1,uav_01,1,5.110167344184923,21.30963087233438,7.829999923706055
35.2,uav_01,1,5.120172199310127,21.02226810170385,7.829999923706055
35.3,uav_01,1,5.130121222810509,20.721114356096194,7.829999923706055
35.4,uav_01,1,5.140101503973931,20.42768149796452,7.8227123017693705
35.5,uav_01,1,5.150106358561663,20.131831138945802,7.819999694824219
35.6,uav_01,1,5.15236736527823,19.83297385745167,7.819999694824219
35.7,uav_01,1,5.168567514954853,19.534116576195906,7.819999694824219
35.8,uav_01,1,5.171664621553918,19.244974683092817,7.819999694824219
35.9,uav_01,1,5.171664621553918,18.937362602828166,7.819999694824219
36.0,uav_01,1,5.171664621553918,18.65742354886355,7.819999694824219
36.1,uav_01,1,5.179458990583625,18.390382964870252,7.819999694824219
36.2,uav_01,1,5.181313249006187,18.11668262190225,7.819999694824219
36.3,uav_01,1,5.187594349126718,17.84806824685293,7.819999694824219
36.4,uav_01,1,5.190961877829608,17.582453510024568,7.819999694824219
36.5,uav_01,1,5.190961877829608,17.311361045583435,7.819999694824219
36.6,uav_01,1,5.194973072354878,17.0401387920999,7.819999694824219
36.7,uav_01,1,5.200610505281876,16.774524055178883,7.819999694824219
36.8,uav_01,1,5.200610505281876,16.503169620041252,7.819999694824219
36.9,uav_01,1,5.200610505281876,16.221124093038856,7.819999694824219
37.0,uav_01,1,5.201625815780068,15.95342715758175,7.819999694824219
37.1,uav_01,1,5.210259134105296,15.668701388892053,7.819999694824219
37.2,uav_01,1,5.210259134105296,15.379287130190152,7.819999694824219
37.3,uav_01,1,5.210259134105296,15.100331478291109,7.819999694824219
37.4,uav_01,1,5.210259134105296,14.810732486202905,7.810398116878022
37.5,uav_01,1,5.219139106475164,14.52334325247686,7.809999465942383
37.6,uav_01,1,5.219907761557565,14.233857235027553,7.809999465942383
37.7,uav_01,1,5.219907761557565,13.944172519461983,7.809999465942383
37.8,uav_01,1,5.219907761557565,13.654487803572188,7.809999465942383
37.9,uav_01,1,5.219907761557565,13.373573147526784,7.809999465942383
38.0,uav_01,1,5.219907761557565,13.08620361675058,7.809999465942383
38.1,uav_01,1,5.2274074015095575,12.781437007456956,7.809999465942383
38.2,uav_01,1,5.229556389009833,12.461150694497666,7.809999465942383
38.3,uav_01,1,5.229556389009833,12.137979795969756,7.809999465942383
38.4,uav_01,1,5.229556389009833,11.814885248598204,7.809999465942383
38.5,uav_01,1,5.229556389009833,11.501762844887446,7.809999465942383
38.6,uav_01,1,5.229556389009833,11.168467101452672,7.809999465942383
38.7,uav_01,1,5.229556389009833,10.84529620328986,7.809999465942383
38.8,uav_01,1,5.232700757746351,10.522125305127087,7.809999465942383
38.9,uav_01,1,5.239205017833253,10.198954406964308,7.809999465942383
39.0,uav_01,1,5.239205017833253,9.893248555527718,7.809999465942383
39.1,uav_01,1,5.239205017833253,9.616320352189813,7.809999465942383
39.2,uav_01,1,5.239205017833253,9.353286821463492,7.809999465942383
39.3,uav_01,1,5.239205017833253,9.094602017976728,7.809999465942383
39.4,uav_01,1,5.239205017833253,8.819276663358222,7.809999465942383
39.5,uav_01,1,5.239205017833253,8.555778535566445,7.809999465942383
39.6,uav_01,1,5.239205017833253,8.29034480427372,7.809999465942383
39.7,uav_01,1,5.239205017833253,8.017221215164156,7.809999465942383
39.8,uav_01,1,5.239205017833253,7.747871668847899,7.809999465942383
39.9,uav_01,1,5.2435049712246125,7.482177723324554,7.809999465942383
40.0,uav_01,1,5.2488536452855215,7.216483777801213,7.809999465942383
40.1,uav_01,1,5.2488536452855215,6.946657045388251,7.809999465942383
40.2,uav_01,1,5.2488536452855215,6.662302921945363,7.809999465942383
40.3,uav_01,1,5.2488536452855215,6.369072161913045,7.809999465942383
40.4,uav_01,1,5.2488536452855215,6.077441898819678,7.809999465942383
40.5,uav_01,1,5.2488536452855215,5.792320234558166,7.809999465942383
40.6,uav_01,1,5.2488536452855215,5.489379881681498,7.809999465942383
40.7,uav_01,1,5.2488536452855215,5.196149121713993,7.809999465942383
40.8,uav_01,1,5.2488536452855215,4.903619476016918,7.809999465942383
40.9,uav_01,1,5.249268190800176,4.620772846141153,7.809999465942383
41.0,uav_01,1,5.2585022741089436,4.327793508600836,7.809999465942383
41.1,uav_01,1,5.2585022741089436,4.045398605092409,7.809999465942383
41.2,uav_01,1,5.2585022741089436,3.753088310537535,7.809999465942383
41.3,uav_01,1,5.2585022741089436,3.4659978131044316,7.809999465942383
41.4,uav_01,1,5.2585022741089436,3.178907315284372,7.809999465942383
41.5,uav_01,1,5.2585022741089436,2.894591830644341,7.809999465942383
41.6,uav_01,1,5.2585022741089436,2.629036915231842,7.809999465942383
41.7,uav_01,1,5.2585022741089436,2.3573847425372425,7.809999465942383
41.8,uav_01,1,5.2585022741089436,2.098241997488493,7.809999465942383
41.9,uav_01,1,5.2585022741089436,1.857085979433849,7.809999465942383
42.0,uav_01,1,5.2585022741089436,1.6192169692540153,7.809999465942383
42.1,uav_01,1,5.2585022741089436,1.396767076685641,7.806842747704657
42.2,uav_01,1,5.2585022741089436,1.1946644960067707,7.799999237060547
42.3,uav_01,1,5.2585022741089436,1.006862598051352,7.799999237060547
42.4,uav_01,1,5.256570821520458,0.8291445268116331,7.799999237060547
42.5,uav_01,1,5.2488536452855215,0.664946930824466,7.799999237060547
42.6,uav_01,1,5.2488536452855215,0.5249127382535217,7.799999237060547
42.7,uav_01,1,5.2488536452855215,0.36901233183846804,7.799999237060547
42.8,uav_01,1,5.2488536452855215,0.2525824408496566,7.799999237060547
42.9,uav_01,1,5.2488536452855215,0.13615255022920195,7.799999237060547
43.0,uav_01,1,5.239888475130407,0.04032270884806986,7.799999237060547
43.1,uav_01,1,5.239205017833253,-0.04513879478181797,7.799999237060547
43.2,uav_01,1,5.239205017833253,-0.11971899612455913,7.799999237060547
43.3,uav_01,1,5.239205017833253,-0.17533883711875642,7.799999237060547
43.4,uav_01,1,5.239205017833253,-0.21933490184712306,7.799999237060547
43.5,uav_01,1,5.239205017833253,-0.23279012920441533,7.799999237060547
43.6,uav_01,1,5.239205017833253,-0.23279012920441533,7.799999237060547
43.7,uav_01,1,5.234421104214426,-0.23279012920441533,7.799999237060547
43.8,uav_01,1,5.229556389009833,-0.21392945306406175,7.799999237060547
43.9,uav_01,1,5.232968665415052,-0.16884744597641915,7.799999237060547
44.0,uav_01,1,5.239205017833253,-0.12030854133700335,7.799999237060547
44.1,uav_01,1,5.239205017833253,-0.07406083243563957,7.799999237060547
44.2,uav_01,1,5.24076197374506,-0.013226606651682451,7.799999237060547
44.3,uav_01,1,5.25176720162321,0.04329782883373072,7.799999237060547
44.4,uav_01,1,5.273047072442286,0.10914249498722724,7.799999237060547
44.5,uav_01,1,5.302518792905132,0.1655755995369116,7.799999237060547
44.6,uav_01,1,5.333973128743936,0.22200870433289244,7.799999237060547
44.7,uav_01,1,5.375426648862779,0.27596261948947876,7.799999237060547
44.8,uav_01,1,5.424546183004814,0.3211091032155688,7.799999237060547
44.9,uav_01,1,5.4786826194465625,0.3662555867382949,7.799999237060547
45.0,uav_01,1,5.54744996752463,0.4114020705596209,7.799999237060547
45.1,uav_01,1,5.621935333223089,0.4532638582676478,7.799999237060547
45.2,uav_01,1,5.710114493094619,0.48703334060567866,7.799999237060547
45.3,uav_01,1,5.800709309551244,0.5205472637778398,7.799999237060547
45.4,uav_01,1,5.900737860674323,0.5539469097661124,7.799999237060547
45.5,uav_01,1,6.007332064877291,0.5800706526401427,7.799999237060547
45.6,uav_01,1,6.1203427437536035,0.5948897906743641,7.799999237060547
45.7,uav_01,1,6.246317712552249,0.6208901149874352,7.799999237060547
45.8,uav_01,1,6.375584426573665,0.6467260313736043,7.799999237060547
45.9,uav_01,1,6.514170033478111,0.6616257795767633,7.799999237060547
46.0,uav_01,1,6.65873293127344,0.676199899248863,7.799999237060547
46.1,uav_01,1,6.807425267168891,0.676199899248863,7.799999237060547
46.2,uav_01,1,6.958150603047678,0.676199899248863,7.799999237060547
46.3,uav_01,1,7.101345284228012,0.676199899248863,7.799999237060547
46.4,uav_01,1,7.2437726617958615,0.6723050886557757,7.799999237060547
46.5,uav_01,1,7.371438026626648,0.6429703117106899,7.799999237060547
46.6,uav_01,1,7.499103391457418,0.6136355347656074,7.799999237060547
46.7,uav_01,1,7.6341345919393655,0.584300757820522,7.799999237060547
46.8,uav_01,1,7.757854518952004,0.5549659808754368,7.799999237060547
46.9,uav_01,1,7.88209948732092,0.5197826157462381,7.799999237060547
47.0,uav_01,1,8.00185880462694,0.48066957986501174,7.799999237060547
47.1,uav_01,1,8.112502121381118,0.44479116167579946,7.799999237060547
47.2,uav_01,1,8.221467620791547,0.4135287523914349,7.799999237060547
47.3,uav_01,1,8.324042378535486,0.37490927695314247,7.799999237060547
47.4,uav_01,1,8.433113297971664,0.34354495989862716,7.799999237060547
47.5,uav_01,1,8.527779180751269,0.3000405596636586,7.799999237060547
47.6,uav_01,1,8.631750853301382,0.2779188772499573,7.799999237060547
47.7,uav_01,1,8.70851207636601,0.24568446263880578,7.799999237060547
47.8,uav_01,1,8.775303073297398,0.21305616255918108,7.809266787006845
47.9,uav_01,1,8.841569191512177,0.19049178836135172,7.809999465942383
48.0,uav_01,1,8.899257680128555,0.1588848063852108,7.809999465942383
48.1,uav_01,1,8.947661619524432,0.135902144097395,7.809999465942383
48.2,uav_01,1,8.978363817650436,0.11430591927063691,7.809999465942383
48.3,uav_01,1,8.990823796672379,0.09258249799398874,7.809999465942383
48.4,uav_01,1,8.99252131889229,0.06980860020095671,7.809999465942383
48.5,uav_01,1,8.9836460723262,0.04611804147947214,7.809999465942383
48.6,uav_01,1,8.982872691440022,0.03332620164480869,7.809999465942383
48.7,uav_01,1,8.951974682831517,0.021422893999363014,7.809999465942383
48.8,uav_01,1,8.920892664046624,0.011085244379104964,7.809999465942383
48.9,uav_01,1,8.88981064654041,0.013468965271800878,7.809999465942383
49.0,uav_01,1,8.858728629034196,0.02537227263466683,7.809999465942383
49.1,uav_01,1,8.827646611030763,0.04129542772704431,7.809999465942383
49.2,uav_01,1,8.796564592650615,0.06993995350425589,7.809999465942383
49.3,uav_01,1,8.766628920482527,0.10954981222417658,7.814705797952725
49.4,uav_01,1,8.738533444258303,0.15258808599791493,7.819999694824219
49.5,uav_01,1,8.711096995068285,0.19893005194380736,7.819999694824219
49.6,uav_01,1,8.690162748710044,0.25520114211137535,7.819999694824219
49.7,uav_01,1,8.675521353193318,0.32140135672066855,7.819999694824219
49.8,uav_01,1,8.650329715873795,0.39753069568006894,7.817673081295255
49.9,uav_01,1,8.630297083332572,0.48158816991462955,7.809999465942383
50.0,uav_01,1,8.604099156013083,0.5670685733881474,7.809999465942383
50.1,uav_01,1,8.585820344790502,0.6632461636958309,7.809999465942383
50.2,uav_01,1,8.567526207965317,0.7775369855817168,7.809999465942383
50.3,uav_01,1,8.540089759308811,0.872101644155599,7.809999465942383
50.4,uav_01,1,8.521660631794353,0.9955075998294848,7.809999465942383
50.5,uav_01,1,8.495690638923822,1.1100616546792799,7.809999465942383
50.6,uav_01,1,8.476117677167581,1.2402848643537163,7.809999465942383
50.7,uav_01,1,8.46483638973669,1.3742595756401355,7.816901139851108
50.8,uav_01,1,8.455866238423031,1.5219762903621543,7.819999694824219
50.9,uav_01,1,8.452198150028764,1.6765624955518013,7.819999694824219
51.0,uav_01,1,8.452198150028764,1.8311487007414564,7.819999694824219
51.1,uav_01,1,8.452198150028764,1.9947999261443368,7.819999694824219
51.2,uav_01,1,8.452198150028764,2.1699976254700277,7.819999694824219
51.3,uav_01,1,8.454786306269463,2.3481688401806933,7.819999694824219
51.4,uav_01,1,8.463909781106768,2.5368430320070456,7.819999694824219
51.5,uav_01,1,8.473702582958905,2.7418947551172157,7.819999694824219
51.6,uav_01,1,8.486585270551041,2.963722298351756,7.819999694824219
51.7,uav_01,1,8.506909409998485,3.1892654313533577,7.819999694824219
51.8,uav_01,1,8.527233549445928,3.4227681081585426,7.819999694824219
51.9,uav_01,1,8.551818631745405,3.6611661542493574,7.819999694824219
52.0,uav_01,1,8.582304840194517,3.9063439652599214,7.815051329160774
52.1,uav_01,1,8.618078875345898,4.151521776050549,7.809999465942383
52.2,uav_01,1,8.647124618415933,4.403364624535087,7.809999465942383
52.3,uav_01,1,8.673606903871292,4.666093460893234,7.809999465942383
52.4,uav_01,1,8.696291058435172,4.913869121177768,7.809999465942383
52.5,uav_01,1,8.714661187310877,5.152690458754271,7.809999465942383
52.6,uav_01,1,8.73795240720073,5.391748870779784,7.809999465942383
52.7,uav_01,1,8.751305618874062,5.630807282774848,7.809999465942383
52.8,uav_01,1,8.755299582573745,5.874454333114378,7.809999465942383
52.9,uav_01,1,8.764346413805242,6.123906589048057,7.809999465942383
53.0,uav_01,1,8.773393245443781,6.376564682990385,7.809999465942383
53.1,uav_01,1,8.782440076504237,6.631381907544723,7.809999465942383
53.2,uav_01,1,8.789900131425439,6.87408639434023,7.809999465942383
53.3,uav_01,1,8.79088511161099,7.133932494394216,7.809999465942383
53.4,uav_01,1,8.799941964256066,7.393614695624956,7.809999465942383
53.5,uav_01,1,8.809197386329977,7.64963573510545,7.809999465942383
53.6,uav_01,1,8.809197386329977,7.920366025008799,7.809999465942383
53.7,uav_01,1,8.818428763847526,8.191096314912166,7.809999465942383
53.8,uav_01,1,8.82785453982185,8.47217643896461,7.819336266333719
53.9,uav_01,1,8.837280316985398,8.743642138704162,7.819999694824219
54.0,uav_01,1,8.838143271429086,9.034047966652166,7.819999694824219
54.1,uav_01,1,8.846483241485817,9.297691470338107,7.819999694824219
54.2,uav_01,1,8.847791898881352,9.576243955945616,7.819999694824219
54.3,uav_01,1,8.8635804339677,9.857803457505685,7.819999694824219
54.4,uav_01,1,8.867089155157043,10.139362958815191,7.819999694824219
54.5,uav_01,1,8.867089155157043,10.423903064964973,7.819999694824219
54.6,uav_01,1,8.867089155157043,10.722710902441268,7.819999694824219
54.7,uav_01,1,8.867089155157043,11.016451384691901,7.819999694824219
54.8,uav_01,1,8.867089155157043,11.307849950478449,7.819999694824219
54.9,uav_01,1,8.867089155157043,11.608359022292124,7.819999694824219
55.0,uav_01,1,8.867089155157043,11.892499427030508,7.819999694824219
55.1,uav_01,1,8.867089155157043,12.191400939404566,7.819999694824219
55.2,uav_01,1,8.867089155157043,12.494007142142983,7.819999694824219
55.3,uav_01,1,8.867089155157043,12.777413189541916,7.819999694824219
55.4,uav_01,1,8.867089155157043,13.077049059255407,7.819999694824219
55.5,uav_01,1,8.867089155157043,13.350336718631759,7.812098026793245
55.6,uav_01,1,8.867089155157043,13.600036287463732,7.809999465942383
55.7,uav_01,1,8.867089155157043,13.849271577264453,7.809999465942383
55.8,uav_01,1,8.867089155157043,14.098635838372175,7.809999465942383
55.9,uav_01,1,8.863506231977853,14.344451189686652,7.809999465942383
56.0,uav_01,1,8.847791898881352,14.59723538889918,7.809999465942383
56.1,uav_01,1,8.847791898881352,14.8409925423,7.809999465942383
56.2,uav_01,1,8.847791898881352,15.092763230604492,7.809999465942383
56.3,uav_01,1,8.847791898881352,15.34589565890553,7.809999465942383
56.4,uav_01,1,8.843793619402204,15.599028087206568,7.809999465942383
56.5,uav_01,1,8.838143271429086,15.849276887756696,7.809999465942383
56.6,uav_01,1,8.838143271429086,16.09743424323173,7.809999465942383
56.7,uav_01,1,8.837649570772218,16.377135164302814,7.809999465942383
56.8,uav_01,1,8.828494642605664,16.671009266774966,7.809999465942383
56.9,uav_01,1,8.828494642605664,16.956925233091546,7.809999465942383
57.0,uav_01,1,8.828336483451208,17.253727876424414,7.809999465942383
57.1,uav_01,1,8.818846015153396,17.561169923792658,7.809999465942383
57.2,uav_01,1,8.818846015153396,17.846804898419432,7.809999465942383
57.3,uav_01,1,8.818846015153396,18.14340897477911,7.809999465942383
57.4,uav_01,1,8.809384894368888,18.429160092445947,7.809999465942383
57.5,uav_01,1,8.809197386329977,18.72556560105308,7.809999465942383
57.6,uav_01,1,8.79990910047333,19.032857786676416,7.809999465942383
57.7,uav_01,1,8.799548758877707,19.3290308824689,7.809999465942383
57.8,uav_01,1,8.799216075173922,19.631202210680073,7.809999465942383
57.9,uav_01,1,8.789900131425439,19.944676960422175,7.809181107304874
58.0,uav_01,1,8.789900131425439,20.25815171016434,7.799999237060547
58.1,uav_01,1,8.788196741522786,20.57358347304167,7.799999237060547
58.2,uav_01,1,8.780251502602018,20.893704509217788,7.799999237060547
58.3,uav_01,1,8.780251502602018,21.19556908301288,7.799999237060547
58.4,uav_01,1,8.777177406984631,21.500965465147626,7.799999237060547
58.5,uav_01,1,8.77060287514975,21.814440214889775,7.799999237060547
58.6,uav_01,1,8.77060287514975,22.12750773559498,7.799999237060547
58.7,uav_01,1,8.766212931911838,22.444731558858948,7.799999237060547
58.8,uav_01,1,8.76095424632633,22.755923211478617,7.799999237060547
58.9,uav_01,1,8.76095424632633,23.060876891384115,7.799999237060547
59.0,uav_01,1,8.75543195261405,23.372718435748403,7.799999237060547
59.1,uav_01,1,8.751305618874062,23.677751010561124,7.799999237060547
59.2,uav_01,1,8.751305618874062,23.99258969167381,7.799999237060547
59.3,uav_01,1,8.751305618874062,24.30050521376154,7.799999237060547
59.4,uav_01,1,8.751305618874062,24.608999368086717,7.799999237060547
59.5,uav_01,1,8.751305618874062,24.92084091257395,7.799999237060547
59.6,uav_01,1,8.751305618874062,25.21767413952698,7.799999237060547
59.7,uav_01,1,8.73571460382991,25.516174461337457,7.799999237060547
59.8,uav_01,1,8.732008362598371,25.80705225122874,7.799999237060547
59.9,uav_01,1,8.732008362598371,26.095801002986295,7.808115762111653
60.0,uav_01,1,8.732008362598371,26.375532117571865,7.809999465942383
60.1,uav_01,1,8.72414156276327,26.653175148293933,7.809999465942383
60.2,uav_01,1,8.722359735146105,26.93081817869414,7.809999465942383
60.3,uav_01,1,8.722359735146105,27.199382140998623,7.809999465942383
60.4,uav_01,1,8.722359735146105,27.46591945068883,7.809999465942383
60.5,uav_01,1,8.722359735146105,27.723336737828664,7.809999465942383
60.6,uav_01,1,8.722359735146105,27.950731658980967,7.809999465942383
60.7,uav_01,1,8.722359735146105,28.156899146682974,7.809999465942383
60.8,uav_01,1,8.722359735146105,28.357195666189916,7.809999465942383
60.9,uav_01,1,8.722359735146105,28.55308074964021,7.809999465942383
61.0,uav_01,1,8.722359735146105,28.73832551720714,7.809999465942383
61.1,uav_01,1,8.722359735146105,28.90940955435006,7.809999465942383
61.2,uav_01,1,8.722359735146105,29.07155435608159,7.809999465942383
61.3,uav_01,1,8.722359735146105,29.242288466239717,7.809999465942383
61.4,uav_01,1,8.722359735146105,29.385803221632056,7.809999465942383
61.5,uav_01,1,8.722359735146105,29.519334234718947,7.809999465942383
61.6,uav_01,1,8.722359735146105,29.644970519080868,7.809999465942383
61.7,uav_01,1,8.722359735146105,29.759462363736176,7.809999465942383
61.8,uav_01,1,8.722359735146105,29.87325313248467,7.809999465942383
61.9,uav_01,1,8.722359735146105,29.981523597965047,7.809999465942383
62.0,uav_01,1,8.724061416214731,30.076867755716105,7.80823577465527
62.1,uav_01,1,8.732008362598371,30.152167455264653,7.799999237060547
62.2,uav_01,1,8.732008362598371,30.216495897159582,7.799999237060547
62.3,uav_01,1,8.732008362598371,30.268069011407327,7.799999237060547
62.4,uav_01,1,8.732008362598371,30.297699610737595,7.799999237060547
62.5,uav_01,1,8.732008362598371,30.30705777842251,7.799999237060547
62.6,uav_01,1,8.732008362598371,30.30383159848508,7.799999237060547
62.7,uav_01,1,8.732008362598371,30.280151041501167,7.799999237060547
62.8,uav_01,1,8.732008362598371,30.244844655659968,7.799999237060547
62.9,uav_01,1,8.735309315753845,30.19970569422388,7.799999237060547
63.0,uav_01,1,8.751305618874062,30.150479217067215,7.799999237060547
63.1,uav_01,1,8.751305618874062,30.083221116942262,7.799999237060547
63.2,uav_01,1,8.755487613718826,30.015512674488257,7.799999237060547
63.3,uav_01,1,8.777396793335107,29.950406061160784,7.799999237060547
63.4,uav_01,1,8.806863603129852,29.893982359149902,7.799999237060547
63.5,uav_01,1,8.83894233661169,29.837558656944243,7.799999237060547
63.6,uav_01,1,8.88101698259853,29.784335272536303,7.799999237060547
63.7,uav_01,1,8.93495369675698,29.739913910237544,7.799999237060547
63.8,uav_01,1,8.994788440756107,29.697502648886374,7.799999237060547
63.9,uav_01,1,9.04514541294329,29.65806917722553,7.799999237060547
64.0,uav_01,1,9.117298819496272,29.62698296465872,7.799999237060547
64.1,uav_01,1,9.190441813824155,29.595896752091914,7.799999237060547
64.2,uav_01,1,9.280633572136106,29.564810539525105,7.799999237060547
64.3,uav_01,1,9.370825330448056,29.5337243269583,7.799999237060547
64.4,uav_01,1,9.469272154310618,29.502638114391484,7.799999237060547
64.5,uav_01,1,9.576108701466508,29.480312917075512,7.799999237060547
64.6,uav_01,1,9.691334971807157,29.45958877540445,7.799999237060547
64.7,uav_01,1,9.814950966237358,29.43886463381595,7.799999237060547
64.8,uav_01,1,9.940269042323056,29.417294399113015,7.799999237060547
64.9,uav_01,1,10.08068509625824,29.40192606529664,7.799999237060547
65.0,uav_01,1,10.230254205392976,29.390470135320072,7.799999237060547
65.1,uav_01,1,10.38675894578997,29.386982505590126,7.799999237060547
65.2,uav_01,1,10.53814126511925,29.395252574467715,7.799999237060547
65.3,uav_01,1,10.702405117370626,29.406685044479367,7.799999237060547
65.4,uav_01,1,10.85627044662199,29.427128955056144,7.799999237060547
65.5,uav_01,1,11.013985365527876,29.459399481236286,7.799999237060547
65.6,uav_01,1,11.156588837778093,29.493767271170217,7.799999237060547
65.7,uav_01,1,11.296186673091912,29.53823509849975,7.799999237060547
65.8,uav_01,1,11.41574500179065,29.580196501258932,7.799999237060547
65.9,uav_01,1,11.535481255359814,29.611593233228334,7.799999237060547
66.0,uav_01,1,11.643175461393492,29.64829217248239,7.8064312537410565
66.1,uav_01,1,11.74612341782797,29.681816587144976,7.809999465942383
66.2,uav_01,1,11.849071374262463,29.71138564191375,7.809999465942383
66.3,uav_01,1,11.94302840089566,29.74095469668252,7.809999465942383
66.4,uav_01,1,12.020239368252428,29.770523751451293,7.809999465942383
66.5,uav_01,1,12.097450334785806,29.799107385098733,7.809999465942383
66.6,uav_01,1,12.174661302416446,29.818820088161182,7.809999465942383
66.7,uav_01,1,12.235138113762266,29.848145671378493,7.809999465942383
66.8,uav_01,1,12.295191088450645,29.869330738963072,7.809999465942383
66.9,uav_01,1,12.358170859426188,29.890004178312044,7.809999465942383
67.0,uav_01,1,12.39839756507187,29.91161555669951,7.809999465942383
67.1,uav_01,1,12.433261483229272,29.933507686204905,7.809999465942383
67.2,uav_01,1,12.446730152477185,29.95539981559135,7.809999465942383
67.3,uav_01,1,12.452769328306378,29.984230314079518,7.809999465942383
67.4,uav_01,1,12.450509655743652,29.99667093935201,7.809999465942383
67.5,uav_01,1,12.435297179564676,30.01637383836574,7.809999465942383
67.6,uav_01,1,12.416242207856556,30.029926672095502,7.809999465942383
67.7,uav_01,1,12.39171303464871,30.029926672095502,7.809999465942383
67.8,uav_01,1,12.363130577763496,30.029926672095502,7.809999465942383
67.9,uav_01,1,12.339232985076729,30.029926672095502,7.809999465942383
68.0,uav_01,1,12.306659315002946,30.008999033835998,7.809999465942383
68.1,uav_01,1,12.278808854073926,29.98111119071762,7.809999465942383
68.2,uav_01,1,12.250640575084752,29.94874884306755,7.809999465942383
68.3,uav_01,1,12.227766516123737,29.91308112549377,7.809999465942383
68.4,uav_01,1,12.198198638260736,29.85702968929148,7.809999465942383
68.5,uav_01,1,12.176724178173542,29.797583493444247,7.809999465942383
68.6,uav_01,1,12.156649317048563,29.726337448408582,7.809999465942383
68.7,uav_01,1,12.143657303026535,29.65196481367302,7.809999465942383
68.8,uav_01,1,12.11673112837724,29.557548707078897,7.809999465942383
68.9,uav_01,1,12.104610983480976,29.463912756196127,7.809999465942383
69.0,uav_01,1,12.085117172634648,29.36312936523659,7.809999465942383
69.1,uav_01,1,12.065623362503818,29.256819455846962,7.809999465942383
69.2,uav_01,1,12.046129551329656,29.130763586349186,7.809999465942383
69.3,uav_01,1,12.026635740155502,28.999374811503536,7.809999465942383
69.4,uav_01,1,12.009864224110482,28.870324402599522,7.809999465942383
69.5,uav_01,1,12.000175410167145,28.72561602320697,7.809999465942383
69.6,uav_01,1,11.990428504287705,28.58004001419347,7.809999465942383
69.7,uav_01,1,11.98359600734526,28.427767316905914,7.813020076564981
69.8,uav_01,1,11.986369516407732,28.25754388771839,7.819999694824219
69.9,uav_01,1,11.993244634797529,28.086440966532745,7.819999694824219
70.0,uav_01,1,11.994167004433699,27.927885781436615,7.819999694824219
70.1,uav_01,1,12.002734787222858,27.760546832580673,7.819999694824219
70.2,uav_01,1,12.011302568816983,27.593207884067926,7.819999694824219
70.3,uav_01,1,12.027198810745395,27.417449317037164,7.819999694824219
70.4,uav_01,1,12.044334375106157,27.233089059020276,7.819999694824219
70.5,uav_01,1,12.06146993946692,27.046063175148806,7.819999694824219
70.6,uav_01,1,12.082691425501059,26.8590372914441,7.819999694824219
70.7,uav_01,1,12.108394771433428,26.668558896061096,7.819999694824219
70.8,uav_01,1,12.134098117365793,26.471689544585555,7.819999694824219
70.9,uav_01,1,12.159895891778898,26.273091818273716,7.819999694824219
71.0,uav_01,1,12.186682375721041,26.058603412056417,7.819999694824219
71.1,uav_01,1,12.223020132067921,25.839425328533444,7.819999694824219
71.2,uav_01,1,12.242084798502805,25.620247244657957,7.819999694824219
71.3,uav_01,1,12.26832603358943,25.391794884601378,7.819999694824219
71.4,uav_01,1,12.295579352239312,25.16217974942278,7.827781464267458
71.5,uav_01,1,12.322832670126388,24.932564614179903,7.829999923706055
71.6,uav_01,1,12.330946616194204,24.69561978035314,7.829999923706055
71.7,uav_01,1,12.342481694398009,24.45021134498542,7.829999923706055
71.8,uav_01,1,12.355414880067359,24.212495770881386,7.829999923706055
71.9,uav_01,1,12.369106138395175,23.967002404335727,7.829999923706055
72.0,uav_01,1,12.383436617529679,23.70508931094104,7.829999923706055
72.1,uav_01,1,12.393108358359441,23.438406150368827,7.829999923706055
72.2,uav_01,1,12.402947516779616,23.16710671505185,7.829999923706055
72.3,uav_01,1,12.412786675096386,22.89046373689321,7.829999923706055
72.4,uav_01,1,12.422625833462408,22.613422600038835,7.829999923706055
72.5,uav_01,1,12.437497086750064,22.336341824094255,7.829999923706055
72.6,uav_01,1,12.45195277759747,22.053738245505244,7.829999923706055
72.7,uav_01,1,12.461791936022546,21.77113466713712,7.829999923706055
72.8,uav_01,1,12.471631094280262,21.482093051414413,7.829999923706055
72.9,uav_01,1,12.481470252759491,21.19484226575284,7.829999923706055
73.0,uav_01,1,12.491376157175601,20.903369060983938,7.829999923706055
73.1,uav_01,1,12.501366396874596,20.61229332853857,7.829999923706055
73.2,uav_01,1,12.511380054157183,20.316913366449562,7.829999923706055
73.3,uav_01,1,12.521393710890141,20.02597690920177,7.829999923706055
73.4,uav_01,1,12.523919176208787,19.72115505541861,7.829999923706055
73.5,uav_01,1,12.531772397198273,19.419552733020662,7.829999923706055
73.6,uav_01,1,12.533567805032208,19.120432522042524,7.829999923706055
73.7,uav_01,1,12.542151082645542,18.811451040154957,7.829999923706055
73.8,uav_01,1,12.543216432484478,18.513315920805375,7.829999923706055
73.9,uav_01,1,12.561682294045394,18.21438844747426,7.829999923706055
74.0,uav_01,1,12.562513688760164,17.926366917497383,7.829999923706055
74.1,uav_01,1,12.562513688760164,17.64998424966906,7.829999923706055
74.2,uav_01,1,12.562513688760164,17.38307651215032,7.822356485094055
74.3,uav_01,1,12.562513688760164,17.110308530088204,7.819999694824219
74.4,uav_01,1,12.568346092590545,16.834928048305095,7.819999694824219
74.5,uav_01,1,12.572162316212435,16.565362409621624,7.819999694824219
74.6,uav_01,1,12.572162316212435,16.29525232894296,7.819999694824219
74.7,uav_01,1,12.575681275735478,16.023914755730285,7.819999694824219
74.8,uav_01,1,12.581810945035855,15.752419667903338,7.819999694824219
74.9,uav_01,1,12.581810945035855,15.46911088337499,7.819999694824219
75.0,uav_01,1,12.581810945035855,15.195073415452244,7.819999694824219
75.1,uav_01,1,12.582257370794308,14.92906106733685,7.819999694824219
75.2,uav_01,1,12.59115120865314,14.653173137084966,7.819999694824219
75.3,uav_01,1,12.591459572488121,14.377285207183593,7.819999694824219
75.4,uav_01,1,12.591459572488121,14.110393898938225,7.819999694824219
75.5,uav_01,1,12.591459572488121,13.828465142922333,7.819999694824219
75.6,uav_01,1,12.591459572488121,13.549621417517155,7.819999694824219
75.7,uav_01,1,12.591459572488121,13.273733487628327,7.819999694824219
75.8,uav_01,1,12.59627109922854,12.997845557739542,7.819999694824219
75.9,uav_01,1,12.601108201311543,12.718375392550787,7.819999694824219
76.0,uav_01,1,12.601108201311543,12.437478633538559,7.819999694824219
76.1,uav_01,1,12.601108201311543,12.154269740259746,7.819999694824219
76.2,uav_01,1,12.601108201311543,11.84676058885243,7.819999694824219
76.3,uav_01,1,12.601108201311543,11.526283323955456,7.819999694824219
76.4,uav_01,1,12.605440834533908,11.205806058881624,7.819999694824219
76.5,uav_01,1,12.610756828763812,10.891090811563526,7.819999694824219
76.6,uav_01,1,12.610756828763812,10.562844169476133,7.819999694824219
76.7,uav_01,1,12.610756828763812,10.233289019594572,7.819999694824219
76.8,uav_01,1,12.610756828763812,9.92092662476641,7.819999694824219
76.9,uav_01,1,12.618502677226083,9.594520580019951,7.819999694824219
77.0,uav_01,1,12.620405456216078,9.271857224903615,7.819999694824219
77.1,uav_01,1,12.620405456216078,8.961282777301266,7.819999694824219
77.2,uav_01,1,12.620405456216078,8.647386742634088,7.819999694824219
77.3,uav_01,1,12.620405456216078,8.343456110110683,7.819999694824219
77.4,uav_01,1,12.620405456216078,8.040349288900655,7.819999694824219
77.5,uav_01,1,12.629705046199586,7.737242467690591,7.810361223903195
77.6,uav_01,1,12.6300540850395,7.434135646480525,7.809999465942383
77.7,uav_01,1,12.6300540850395,7.120062720618861,7.809999465942383
77.8,uav_01,1,12.6300540850395,6.816836759681327,7.809999465942383
77.9,uav_01,1,12.6300540850395,6.513766249874073,7.809999465942383
78.0,uav_01,1,12.630224012909508,6.213355611665843,7.809999465942383
78.1,uav_01,1,12.639252717796248,5.922911071133722,7.809999465942383
78.2,uav_01,1,12.639702712491768,5.653789448084493,7.809999465942383
78.3,uav_01,1,12.639702712491768,5.385786314531426,7.809999465942383
78.4,uav_01,1,12.639702712491768,5.124896100300758,7.809999465942383
78.5,uav_01,1,12.639702712491768,4.854911575452754,7.809999465942383
78.6,uav_01,1,12.639702712491768,4.581776914653941,7.809999465942383
78.7,uav_01,1,12.639702712491768,4.317409093656207,7.809999465942383
78.8,uav_01,1,12.639702712491768,4.059332002399183,7.809999465942383
78.9,uav_01,1,12.639702712491768,3.801254910924275,7.809999465942383
79.0,uav_01,1,12.639702712491768,3.5433355251441006,7.809999465942383
79.1,uav_01,1,12.639702712491768,3.2951844757124955,7.809999465942383
79.2,uav_01,1,12.639702712491768,3.0365284632692893,7.809999465942383
79.3,uav_01,1,12.639702712491768,2.7795424817455556,7.809999465942383
79.4,uav_01,1,12.639702712491768,2.523129542810595,7.809999465942383
79.5,uav_01,1,12.639702712491768,2.2748085881188755,7.809999465942383
79.6,uav_01,1,12.639702712491768,2.036770133939073,7.809999465942383
79.7,uav_01,1,12.639702712491768,1.809014180438085,7.816575241123731
79.8,uav_01,1,12.639702712491768,1.5846528588700328,7.819999694824219
79.9,uav_01,1,12.639702712491768,1.373264531182165,7.819999694824219
80.0,uav_01,1,12.639702712491768,1.1763560796572037,7.819999694824219
80.1,uav_01,1,12.639702712491768,0.9840463754560159,7.819999694824219
80.2,uav_01,1,12.634929004630616,0.7990678379370871,7.819999694824219
80.3,uav_01,1,12.6300540850395,0.6240686868770468,7.819999694824219
80.4,uav_01,1,12.6300540850395,0.45770670143122166,7.819999694824219
80.5,uav_01,1,12.6300540850395,0.30325507249873895,7.819999694824219
80.6,uav_01,1,12.624022078750885,0.1676439309406597,7.819999694824219
80.7,uav_01,1,12.620405456216078,0.0558535020047634,7.819999694824219
80.8,uav_01,1,12.620405456216078,-0.03987145729517132,7.819999694824219
80.9,uav_01,1,12.613296181001742,-0.1318538594796293,7.819999694824219
81.0,uav_01,1,12.610756828763812,-0.20667555115885447,7.819999694824219
81.1,uav_01,1,12.610756828763812,-0.257676530314476,7.819999694824219
81.2,uav_01,1,12.603031192431096,-0.2926736593652204,7.819999694824219
81.3,uav_01,1,12.601108201311543,-0.30767103641461174,7.819999694824219
81.4,uav_01,1,12.601108201311543,-0.3025933577038914,7.819999694824219
81.5,uav_01,1,12.601108201311543,-0.27764903191785073,7.819999694824219
81.6,uav_01,1,12.595327367677115,-0.2461211802237525,7.819999694824219
81.7,uav_01,1,12.591459572488121,-0.20852772823289928,7.819999694824219
81.8,uav_01,1,12.591459572488121,-0.1610009527712185,7.819999694824219
81.9,uav_01,1,12.595736453433386,-0.10354085382198766,7.819999694824219
82.0,uav_01,1,12.604883764157211,-0.040485150433788544,7.819999694824219
82.1,uav_01,1,12.617305319936817,0.018808794084120617,7.819999694824219
82.2,uav_01,1,12.635799953707028,0.07192969626186206,7.819999694824219
82.3,uav_01,1,12.65756264063411,0.1265756209347035,7.819999694824219
82.4,uav_01,1,12.689148956237831,0.17874614504664407,7.819999694824219
82.5,uav_01,1,12.730623546542922,0.22324074761249293,7.819999694824219
82.6,uav_01,1,12.779033831694386,0.2677353500087207,7.819999694824219
82.7,uav_01,1,12.83307055662342,0.31222995268667664,7.819999694824219
82.8,uav_01,1,12.900844956110644,0.3534540594479198,7.817049312621924
82.9,uav_01,1,12.971499433342089,0.38682501135758746,7.809999465942383
83.0,uav_01,1,13.054782903267036,0.42019596326725184,7.809999465942383
83.1,uav_01,1,13.148656537770409,0.45018120009266643,7.809999465942383
83.2,uav_01,1,13.243089053313033,0.47211311229326547,7.809999465942383
83.3,uav_01,1,13.35316946858943,0.49319155467413506,7.809999465942383
83.4,uav_01,1,13.461140170986345,0.5158384186821092,7.809999465942383
83.5,uav_01,1,13.570176581493442,0.544401353286876,7.809999465942383
83.6,uav_01,1,13.687144841949555,0.5552149638711109,7.8095697176174115
83.7,uav_01,1,13.804113103625422,0.5758894334721664,7.80024428352579
83.8,uav_01,1,13.938603619714481,0.5864983022246075,7.809079624686921
83.9,uav_01,1,14.073566997390937,0.5875179453975043,7.809999465942383
84.0,uav_01,1,14.215989364430099,0.6046571099256542,7.809999465942383
84.1,uav_01,1,14.35995030138549,0.5940452879970718,7.809999465942383
84.2,uav_01,1,14.50391123746595,0.5804443817711114,7.809999465942383
84.3,uav_01,1,14.645166455471456,0.5764327010183994,7.8044683220287645
84.4,uav_01,1,14.78345877467894,0.5615040452437301,7.799999237060547
84.5,uav_01,1,14.920101962875178,0.5320687116751665,7.799999237060547
84.6,uav_01,1,15.054230336483679,0.5003267502648534,7.799999237060547
84.7,uav_01,1,15.18273618698952,0.4621122248501362,7.799999237060547
84.8,uav_01,1,15.311242036420893,0.4325843224765783,7.799999237060547
84.9,uav_01,1,15.422764524273825,0.39330038480002955,7.799999237060547
85.0,uav_01,1,15.541546370132616,0.3539298484878485,7.799999237060547
85.1,uav_01,1,15.648828087393088,0.32183012699150915,7.806558390105818
85.2,uav_01,1,15.751632767181707,0.29230222461794253,7.809999465942383
85.3,uav_01,1,15.850272052026394,0.2579887274934988,7.809999465942383
85.4,uav_01,1,15.940835399192672,0.22120630298383254,7.809999465942383
85.5,uav_01,1,16.026360304637457,0.1921470025465252,7.809999465942383
85.6,uav_01,1,16.11155597742845,0.16560510282947055,7.809999465942383
85.7,uav_01,1,16.186709766875794,0.13581716219025147,7.809999465942383
85.8,uav_01,1,16.251821671150953,0.11319486402875828,7.809999465942383
85.9,uav_01,1,16.306891690822596,0.08597524997381768,7.809999465942383
86.0,uav_01,1,16.351919826749075,0.05686502381976011,7.809999465942383
86.1,uav_01,1,16.37811653165796,0.03929185142401336,7.809999465942383
86.2,uav_01,1,16.387961787909145,0.022705671975147945,7.809999465942383
86.3,uav_01,1,16.38823098493697,0.005584309121937796,7.809999465942383
86.4,uav_01,1,16.378231896799758,-0.011807152651785831,7.809999465942383
86.5,uav_01,1,16.36223650793553,-0.02876815225322436,7.809999465942383
86.6,uav_01,1,16.335135462359606,-0.033255732743487906,7.809999465942383
86.7,uav_01,1,16.30430486224869,-0.033255732743487906,7.809999465942383
86.8,uav_01,1,16.273362580798054,-0.02438238788618812,7.809999465942383
86.9,uav_01,1,16.242355532443593,-0.002845093656434289,7.809999465942383
87.0,uav_01,1,16.211348484362738,0.010452050193933901,7.809999465942383
87.1,uav_01,1,16.189990063734147,0.04496561104407458,7.809999465942383
87.2,uav_01,1,16.159805991181862,0.09340950957509118,7.809999465942383
87.3,uav_01,1,16.13785211640828,0.15234683132967927,7.809999465942383
87.4,uav_01,1,16.110098159354695,0.21025578718222684,7.809999465942383
87.5,uav_01,1,16.091038738544494,0.2775977846352445,7.809999465942383
87.6,uav_01,1,16.07066183179457,0.3557517788369035,7.809999465942383
87.7,uav_01,1,16.043271269471823,0.44334074244504185,7.809999465942383
87.8,uav_01,1,16.024211848661622,0.5346509162691264,7.809999465942383
87.9,uav_01,1,16.004191695084582,0.6528781821848343,7.809999465942383
88.0,uav_01,1,15.976444379588955,0.7523829220794761,7.809999465942383
88.1,uav_01,1,15.957384958778755,0.8635301907033517,7.809999465942383
88.2,uav_01,1,15.938325537968556,0.9949136362366321,7.809999465942383
88.3,uav_01,1,15.919773241537227,1.1265248500574598,7.809999465942383
88.4,uav_01,1,15.91067697889076,1.2623831178783942,7.809999465942383
88.5,uav_01,1,15.884266263913265,1.4048398184849462,7.809999465942383
88.6,uav_01,1,15.873655738092395,1.5565370397957297,7.809999465942383
88.7,uav_01,1,15.87199310096297,1.7000125466687828,7.809999465942383
88.8,uav_01,1,15.865663100083891,1.8567432852515706,7.809999465942383
88.9,uav_01,1,15.867886682164144,2.025993171849175,7.809999465942383
89.0,uav_01,1,15.87199310096297,2.20451812405784,7.809999465942383
89.1,uav_01,1,15.875959725728833,2.38320368518803,7.809999465942383
89.2,uav_01,1,15.884820561762929,2.5635705977261543,7.809999465942383
89.3,uav_01,1,15.896072437080257,2.7569935422088943,7.809999465942383
89.4,uav_01,1,15.912271934789917,2.954121348899493,7.809999465942383
89.5,uav_01,1,15.92300938892742,3.168984633837658,7.809999465942383
89.6,uav_01,1,15.943545690439109,3.3895595542033803,7.809999465942383
89.7,uav_01,1,15.97234404570425,3.611614503979595,7.808664300969568
89.8,uav_01,1,16.001142401974413,3.8432181704434507,7.799999237060547
89.9,uav_01,1,16.02875088802646,4.076188869580295,7.799999237060547
90.0,uav_01,1,16.049090484686296,4.318821282150266,7.799999237060547
90.1,uav_01,1,16.07788883976837,4.562707730639738,7.799999237060547
90.2,uav_01,1,16.105644854459314,4.815171351415181,7.799999237060547
90.3,uav_01,1,16.124843758302084,5.058944803758508,7.799999237060547
90.4,uav_01,1,16.143071390334292,5.311885002441408,7.799999237060547
90.5,uav_01,1,16.152963904324896,5.5586228648265505,7.799999237060547
90.6,uav_01,1,16.17119968052882,5.811400810152251,7.799999237060547
90.7,uav_01,1,16.1803671246354,6.0641787554780215,7.799999237060547
90.8,uav_01,1,16.18953456749351,6.316956700803725,7.799999237060547
90.9,uav_01,1,16.190397826083956,6.567842291292062,7.799999237060547
91.0,uav_01,1,16.198140420420092,6.829190958121335,7.799999237060547
91.1,uav_01,1,16.20730786425581,7.092501317960322,7.799999237060547
91.2,uav_01,1,16.209695082359644,7.3480219220152865,7.799999237060547
91.3,uav_01,1,16.215994122750402,7.608036793002189,7.799999237060547
91.4,uav_01,1,16.21934370981191,7.878031248757,7.799999237060547
91.5,uav_01,1,16.22485786102684,8.150840377842162,7.799999237060547
91.6,uav_01,1,16.234438431566527,8.426016713654771,7.799999237060547
91.7,uav_01,1,16.238640966087598,8.70987641236569,7.799999237060547
91.8,uav_01,1,16.249596305450755,9.004857633276568,7.799999237060547
91.9,uav_01,1,16.25793822236329,9.285714788402618,7.799999237060547
92.0,uav_01,1,16.25793822236329,9.564855056737784,7.799999237060547
92.1,uav_01,1,16.25793822236329,9.853543019560602,7.799999237060547
92.2,uav_01,1,16.25793822236329,10.142230982214494,7.799999237060547
92.3,uav_01,1,16.25793822236329,10.430918945095115,7.799999237060547
92.4,uav_01,1,16.25793822236329,10.726008999620772,7.799999237060547
92.5,uav_01,1,16.25793822236329,11.015889153977506,7.799999237060547
92.6,uav_01,1,16.25793822236329,11.296639720243626,7.799999237060547
92.7,uav_01,1,16.25793822236329,11.581542419904356,7.799999237060547
92.8,uav_01,1,16.25793822236329,11.866222541514384,7.799999237060547
92.9,uav_01,1,16.25793822236329,12.145471330046234,7.799999237060547
93.0,uav_01,1,16.249963561504092,12.428308582167737,7.799999237060547
93.1,uav_01,1,16.238640966087598,12.712652348434414,7.799999237060547
93.2,uav_01,1,16.238640966087598,12.995738139847493,7.799999237060547
93.3,uav_01,1,16.23560143544516,13.282235169918295,7.799999237060547
93.4,uav_01,1,16.22899233863533,13.564631148728314,7.799999237060547
93.5,uav_01,1,16.226541072489646,13.852180921721992,7.799999237060547
93.6,uav_01,1,16.21934370981191,14.135548827547249,7.799999237060547
93.7,uav_01,1,16.21934370981191,14.427851465791342,7.799999237060547
93.8,uav_01,1,16.217590784311287,14.720154104035407,7.799999237060547
93.9,uav_01,1,16.209695082359644,15.010702038357053,7.799999237060547
94.0,uav_01,1,16.208393409353693,15.293674136197687,7.799999237060547
94.1,uav_01,1,16.200046453536224,15.584740512084378,7.799999237060547
94.2,uav_01,1,16.200046453536224,15.867194168647504,7.799999237060547
94.3,uav_01,1,16.199421659734735,16.159496806891553,7.799999237060547
94.4,uav_01,1,16.190397826083956,16.452258045997027,7.799999237060547
94.5,uav_01,1,16.190220795846933,16.75509217166493,7.799999237060547
94.6,uav_01,1,16.180749198631684,17.04227777725454,7.799999237060547
94.7,uav_01,1,16.18052910245589,17.333064171231523,7.799999237060547
94.8,uav_01,1,16.170802901483896,17.63477206435743,7.799999237060547
94.9,uav_01,1,16.161451942355995,17.936911068821285,7.799999237060547
95.0,uav_01,1,16.160999129607568,18.248752861485197,7.799999237060547
95.1,uav_01,1,16.151803313532575,18.539759771810814,7.799999237060547
95.2,uav_01,1,16.15127576171756,18.839109456926945,7.799999237060547
95.3,uav_01,1,16.14215468608031,19.140817350425223,7.799999237060547
95.4,uav_01,1,16.14215468608031,19.44174089842319,7.799999237060547
95.5,uav_01,1,16.14215468608031,19.73301005122456,7.799999237060547
95.6,uav_01,1,16.141365687039073,20.03173529901106,7.799999237060547
95.7,uav_01,1,16.123166164873112,20.303556317562215,7.799999237060547
95.8,uav_01,1,16.113912036891495,20.585654639338298,7.799999237060547
95.9,uav_01,1,16.11320880235235,20.86793031260645,7.799999237060547
96.0,uav_01,1,16.105361142355736,21.15020598584581,7.799999237060547
96.1,uav_01,1,16.10356017352893,21.432481659085152,7.799999237060547
96.2,uav_01,1,16.096810248679265,21.71475733232459,7.799999237060547
96.3,uav_01,1,16.09391154607666,21.98990865115846,7.799999237060547
96.4,uav_01,1,16.088259354455502,22.268223434654992,7.799999237060547
96.5,uav_01,1,16.08426291725324,22.550499108057494,7.799999237060547
96.6,uav_01,1,16.07958061340426,22.83674061270191,7.799999237060547
96.7,uav_01,1,16.074614289800973,23.12919655772753,7.799999237060547
96.8,uav_01,1,16.074614289800973,23.424205982806505,7.799999237060547
96.9,uav_01,1,16.074614289800973,23.719215407885457,7.799999237060547
97.0,uav_01,1,16.074614289800973,24.01887385062007,7.799999237060547
97.1,uav_01,1,16.0667979880693,24.315829454013606,7.799999237060547
97.2,uav_01,1,16.055317033525284,24.604243683276227,7.799999237060547
97.3,uav_01,1,16.051715629186564,24.89418451226277,7.799999237060547
97.4,uav_01,1,16.045668406073016,25.180683109339267,7.799999237060547
97.5,uav_01,1,16.045668406073016,25.471930740166606,7.799999237060547
97.6,uav_01,1,16.04260991587116,25.757215161735207,7.799999237060547
97.7,uav_01,1,16.036019777249596,26.037654230887984,7.799999237060547
97.8,uav_01,1,16.036019777249596,26.302667147708615,7.802216164428465
97.9,uav_01,1,16.034388263073623,26.5738503853591,7.809999465942383
98.0,uav_01,1,16.026371149797324,26.836405840502103,7.809999465942383
98.1,uav_01,1,16.026371149797324,27.09825291160707,7.809999465942383
98.2,uav_01,1,16.026371149797324,27.35018079112877,7.809999465942383
98.3,uav_01,1,16.026371149797324,27.59173180966372,7.809999465942383
98.4,uav_01,1,16.026371149797324,27.83328282819874,7.809999465942383
98.5,uav_01,1,16.026371149797324,28.06537232313828,7.809999465942383
98.6,uav_01,1,16.026371149797324,28.296421123719405,7.809999465942383
98.7,uav_01,1,16.026371149797324,28.515336926781842,7.809999465942383
98.8,uav_01,1,16.026371149797324,28.725279457907078,7.809999465942383
98.9,uav_01,1,16.026371149797324,28.925209703072184,7.809999465942383
99.0,uav_01,1,16.026371149797324,29.13048977419099,7.809999465942383
99.1,uav_01,1,16.026371149797324,29.306808197523218,7.809999465942383
99.2,uav_01,1,16.026371149797324,29.47113539241937,7.809999465942383
99.3,uav_01,1,16.026371149797324,29.620068300639783,7.809999465942383
99.4,uav_01,1,16.026371149797324,29.761672214390085,7.809999465942383
99.5,uav_01,1,16.032763884410763,29.889012062607403,7.809999465942383
99.6,uav_01,1,16.036019777249596,29.99508972711897,7.809999465942383
99.7,uav_01,1,16.036019777249596,30.094936604719422,7.809999465942383
99.8,uav_01,1,16.042455790540338,30.18145391469659,7.809999465942383
99.9,uav_01,1,16.045668406073016,30.245344610818375,7.809999465942383
100.0,uav_01,1,16.045668406073016,30.301853402437935,7.809999465942383
100.1,uav_01,1,16.045668406073016,30.334230691296295,7.809999465942383
100.2,uav_01,1,16.052858236360557,30.340313511166002,7.809999465942383
100.3,uav_01,1,16.055317033525284,30.331836648510915,7.809999465942383
100.4,uav_01,1,16.055317033525284,30.311841513574738,7.809999465942383
100.5,uav_01,1,16.070827422069552,30.271418215275375,7.809999465942383
100.6,uav_01,1,16.074614289800973,30.23533758671014,7.809999465942383
100.7,uav_01,1,16.074614289800973,30.175567127473105,7.809999465942383
100.8,uav_01,1,16.074614289800973,30.11152337015694,7.809999465942383
100.9,uav_01,1,16.074614289800973,30.0477555031801,7.809999465942383
101.0,uav_01,1,16.074614289800973,29.968674624329875,7.809999465942383
101.1,uav_01,1,16.074614289800973,29.890850041213127,7.809999465942383
101.2,uav_01,1,16.062877824579235,29.816454196280954,7.809999465942383
101.3,uav_01,1,16.055317033525284,29.72948893796928,7.809999465942383
101.4,uav_01,1,16.050244813258317,29.63383713750402,7.809999465942383
101.5,uav_01,1,16.04103282098104,29.533258979109444,7.809999465942383
101.6,uav_01,1,16.031823974138337,29.427459155190693,7.809999465942383
101.7,uav_01,1,16.019158903452677,29.323381509562676,7.809999465942383
101.8,uav_01,1,16.004412372837994,29.21726593254763,7.809999465942383
101.9,uav_01,1,15.994342876860925,29.09614728937496,7.809999465942383
102.0,uav_01,1,15.977707141428088,28.959457297363002,7.809999465942383
102.1,uav_01,1,15.969178838952807,28.832081881881198,7.809999465942383
102.2,uav_01,1,15.96065053759007,28.69571195960679,7.809999465942383
102.3,uav_01,1,15.958830753517992,28.558538435033565,7.809999465942383
102.4,uav_01,1,15.9476543707192,28.41494467478561,7.809999465942383
102.5,uav_01,1,15.935065632428906,28.257706840677944,7.809999465942383
102.6,uav_01,1,15.926537330689854,28.09113898933917,7.809999465942383
102.7,uav_01,1,15.918009028531074,27.922012308216807,7.809999465942383
102.8,uav_01,1,15.90689395361967,27.74448965827082,7.809999465942383
102.9,uav_01,1,15.878212366171486,27.55513453200342,7.809999465942383
103.0,uav_01,1,15.84777622161985,27.3355553194555,7.809999465942383
103.1,uav_01,1,15.817340078276924,27.120838512641356,7.809999465942383
103.2,uav_01,1,15.781637173277657,26.890744772272352,7.809999465942383
103.3,uav_01,1,15.734040401048045,26.665685329195885,7.809999465942383
103.4,uav_01,1,15.689831988625668,26.432566115234707,7.809999465942383
103.5,uav_01,1,15.639105082573533,26.199446901371292,7.809999465942383
103.6,uav_01,1,15.588378176521413,25.96632768745074,7.809999465942383
103.7,uav_01,1,15.537862722818002,25.728349749871057,7.809999465942383
103.8,uav_01,1,15.488173194900657,25.48858028994139,7.809999465942383
103.9,uav_01,1,15.434041776629295,25.24741932998581,7.809999465942383
104.0,uav_01,1,15.381546360030361,25.009541070884055,7.809999465942383
104.1,uav_01,1,15.333248080529367,24.770196352476496,7.809999465942383
104.2,uav_01,1,15.284949801028368,24.526042241532295,7.809999465942383
104.3,uav_01,1,15.236651521527365,24.27557426932939,7.809999465942383
104.4,uav_01,1,15.188353242026361,24.026648775658543,7.809999465942383
104.5,uav_01,1,15.140054962525372,23.77615546369625,7.809999465942383
104.6,uav_01,1,15.08622799599601,23.527255309784888,7.809999465942383
104.7,uav_01,1,15.033809774699947,23.27037211705937,7.809999465942383
104.8,uav_01,1,14.986496197452208,23.015603450717546,7.809999465942383
104.9,uav_01,1,14.930573241659776,22.7720725370499,7.809999465942383
105.0,uav_01,1,14.866664316770887,22.53082048856563,7.809999465942383
105.1,uav_01,1,14.802755391881988,22.289568439922803,7.809999465942383
105.2,uav_01,1,14.738846466993078,22.044450461802107,7.809999465942383
105.3,uav_01,1,14.674937542104194,21.795979098339778,7.809999465942383
105.4,uav_01,1,14.61102861721529,21.55205316985976,7.809999465942383
105.5,uav_01,1,14.548928263469314,21.30031190144768,7.809999465942383
105.6,uav_01,1,14.49285939626092,21.05005246373483,7.809999465942383
105.7,uav_01,1,14.428950471372024,20.807914609600346,7.809999465942383
105.8,uav_01,1,14.36558555087679,20.556110766647123,7.809999465942383
105.9,uav_01,1,14.321367991305298,20.302104472649635,7.809999465942383
106.0,uav_01,1,14.260880928944058,20.058779779971996,7.818540188794883
106.1,uav_01,1,14.214072670826038,19.816178310159017,7.819999694824219
106.2,uav_01,1,14.170080794434563,19.566063156405587,7.819999694824219
106.3,uav_01,1,14.131778596709845,19.319890126154085,7.819999694824219
106.4,uav_01,1,14.09174566910388,19.071728671768323,7.819999694824219
106.5,uav_01,1,14.051742966030947,18.819018807260125,7.819999694824219
106.6,uav_01,1,14.013410543773196,18.56630894288008,7.819999694824219
106.7,uav_01,1,13.97170733567729,18.31359907863756,7.819999694824219
106.8,uav_01,1,13.935075419813664,18.06088921412941,7.819999694824219
106.9,uav_01,1,13.89141690155507,17.80560078287981,7.819999694824219
107.0,uav_01,1,13.851405888045539,17.51374092152845,7.819999694824219
107.1,uav_01,1,13.800958207730265,17.21500106025089,7.819999694824219
107.2,uav_01,1,13.757044906881156,16.91891451865646,7.819999694824219
107.3,uav_01,1,13.70810189220221,16.621571242417474,7.819999694824219
107.4,uav_01,1,13.666498048706345,16.30769623243268,7.819999694824219
107.5,uav_01,1,13.620327750231862,16.00371000103466,7.819999694824219
107.6,uav_01,1,13.573641734007435,15.693020545377518,7.819999694824219
107.7,uav_01,1,13.532037889969546,15.38930616023541,7.819999694824219
107.8,uav_01,1,13.49043404690133,15.082726878305946,7.819999694824219
107.9,uav_01,1,13.451519493207496,14.79212051968306,7.819999694824219
108.0,uav_01,1,13.415152309413244,14.520537429201992,7.819999694824219
108.1,uav_01,1,13.379227114475384,14.25225502005696,7.819999694824219
108.2,uav_01,1,13.343191852769984,13.983150655337576,7.819999694824219
108.3,uav_01,1,13.307156590500512,13.714046290635789,7.819999694824219
108.4,uav_01,1,13.274881193986932,13.44926161029885,7.819999694824219
108.5,uav_01,1,13.244734694784992,13.183338197649437,7.819999694824219
108.6,uav_01,1,13.208699432867988,12.906733196599784,7.819999694824219
108.7,uav_01,1,13.172664171617196,12.637628831793466,7.819999694824219
108.8,uav_01,1,13.136628909347733,12.36714508849327,7.819999694824219
108.9,uav_01,1,13.101095183612584,12.0877447409128,7.819999694824219
109.0,uav_01,1,13.072837200262406,11.80900099234188,7.819999694824219
109.1,uav_01,1,13.03476003092423,11.524493985542447,7.819999694824219
109.2,uav_01,1,12.996682862919085,11.229209885036795,7.819999694824219
109.3,uav_01,1,12.95860569356184,10.944856953185294,7.819999694824219
109.4,uav_01,1,12.9205285242046,10.660504021717296,7.819999694824219
109.5,uav_01,1,12.882451356164056,10.365506142676738,7.819999694824219
109.6,uav_01,1,12.844374186861273,10.091209268582652,7.819999694824219
109.7,uav_01,1,12.806297017504031,9.78674970391734,7.819999694824219
109.8,uav_01,1,12.76821984940834,9.490722638239372,7.819999694824219
109.9,uav_01,1,12.730142680160698,9.205483630871548,7.819999694824219
110.0,uav_01,1,12.691687916718628,8.908300463625812,7.819999694824219
110.1,uav_01,1,12.65296924265392,8.618082081381313,7.819999694824219
110.2,uav_01,1,12.61451668707715,8.320920511927369,7.819999694824219
110.3,uav_01,1,12.575805174739148,8.020711580404896,7.819999694824219
110.4,uav_01,1,12.53706233149552,7.720259667105316,7.819999694824219
110.5,uav_01,1,12.498319487129054,7.4400560318711735,7.819999694824219
110.6,uav_01,1,12.45957664263844,7.131359585264875,7.819999694824219
110.7,uav_01,1,12.420833799410623,6.829989171192088,7.819999694824219
110.8,uav_01,1,12.382090955028355,6.529537257892661,7.819999694824219
110.9,uav_01,1,12.33438769975938,6.239379901013518,7.819999694824219
111.0,uav_01,1,12.296098868144684,5.948576699468653,7.819999694824219
111.1,uav_01,1,12.267481184950963,5.671878813427592,7.819999694824219
111.2,uav_01,1,12.224146791044436,5.378716663695952,7.819999694824219
111.3,uav_01,1,12.178095753716164,5.090950661279046,7.819999694824219
111.4,uav_01,1,12.139019760695344,4.813262506381995,7.819999694824219
111.5,uav_01,1,12.095642306511891,4.530632430886901,7.819999694824219
111.6,uav_01,1,12.055689472470771,4.251936879003593,7.819999694824219
111.7,uav_01,1,12.013188859307627,3.9638117135683104,7.819999694824219
111.8,uav_01,1,11.972359184988193,3.673527219003247,7.814588063169703
111.9,uav_01,1,11.935518355231187,3.3933205719579966,7.809999465942383
112.0,uav_01,1,11.895035449477499,3.117566979915618,7.809999465942383
112.1,uav_01,1,11.850795526401031,2.843101438669498,7.809999465942383
112.2,uav_01,1,11.809645440189946,2.575263679114957,7.809999465942383
112.3,uav_01,1,11.773377314792572,2.312276186109876,7.809999465942383
112.4,uav_01,1,11.730260641408698,2.0316072198197466,7.809999465942383
112.5,uav_01,1,11.695273094820523,1.7602777536361711,7.809999465942383
112.6,uav_01,1,11.651822644403715,1.4889482874526967,7.809999465942383
112.7,uav_01,1,11.608088211790008,1.2176188212691874,7.809999465942383
112.8,uav_01,1,11.577672622073024,0.9539403196063204,7.809999465942383
112.9,uav_01,1,11.534158922471601,0.6926600929080514,7.809999465942383
113.0,uav_01,1,11.486533541401148,0.42022195583412303,7.809999465942383
113.1,uav_01,1,11.445224238995971,0.13152823958295465,7.809999465942383
113.2,uav_01,1,11.405801064358874,-0.17419966012601346,7.809999465942383
113.3,uav_01,1,11.354915558622245,-0.49006462458328737,7.809999465942383
113.4,uav_01,1,11.29943159681458,-0.8059295890405992,7.809999465942383
113.5,uav_01,1,11.254664175326784,-1.1147340337879867,7.809999465942383
113.6,uav_01,1,11.207254388603825,-1.4265742739697895,7.809999465942383
113.7,uav_01,1,11.163554877587368,-1.7424392384270653,7.809999465942383
113.8,uav_01,1,11.107329814747983,-2.0583042028842686,7.809999465942383
113.9,uav_01,1,11.054515631681396,-2.3741691673415932,7.809999465942383
114.0,uav_01,1,11.012417988934683,-2.669778510769897,7.809999465942383
114.1,uav_01,1,10.972921706670503,-2.984545310060998,7.809999465942383
114.2,uav_01,1,10.925170507110911,-3.285264810061084,7.809999465942383
114.3,uav_01,1,10.867793282379953,-3.584929197823297,7.809999465942383
114.4,uav_01,1,10.819294152522664,-3.882263922738278,7.809999465942383
114.5,uav_01,1,10.771019053267276,-4.181763793392043,7.809999465942383
114.6,uav_01,1,10.722717436204976,-4.481428181154258,7.809999465942383
114.7,uav_01,1,10.674415819142677,-4.770704294948712,7.809999465942383
114.8,uav_01,1,10.635167880285865,-5.06967171269348,7.809999465942383
114.9,uav_01,1,10.587461212470325,-5.369336100455738,7.809999465942383
115.0,uav_01,1,10.539159595408018,-5.669000488217987,7.809999465942383
115.1,uav_01,1,10.49271234910207,-5.937128462563116,7.809999465942383
115.2,uav_01,1,10.44737548859517,-6.225608919841233,7.809999465942383
115.3,uav_01,1,10.402149593508595,-6.507928573673308,7.809999465942383
115.4,uav_01,1,10.356923698422019,-6.788511108718386,7.809999465942383
115.5,uav_01,1,10.311697803335457,-7.069093643763381,7.809999465942383
115.6,uav_01,1,10.266471908248885,-7.343101247504432,7.809999465942383
115.7,uav_01,1,10.226365402858951,-7.613291836844287,7.809999465942383
115.8,uav_01,1,10.185668745528009,-7.893859095044496,7.809999465942383
115.9,uav_01,1,10.140442850441431,-8.180338539958361,7.809999465942383
116.0,uav_01,1,10.095216955354855,-8.457119337520357,7.809999465942383
116.1,uav_01,1,10.05026806089959,-8.72869984723432,7.809999465942383
116.2,uav_01,1,10.007917655647827,-9.002855440345993,7.809999465942383
116.3,uav_01,1,9.971003546787744,-9.273361000600872,7.809999465942383
116.4,uav_01,1,9.918524350775925,-9.534955723913788,7.809999465942383
116.5,uav_01,1,9.874747478321053,-9.806548487887172,7.809999465942383
116.6,uav_01,1,9.831297679116467,-10.076112081591273,7.809999465942383
116.7,uav_01,1,9.787595759577979,-10.339264777107282,7.809999465942383
116.8,uav_01,1,9.75591540810384,-10.607747355866499,7.809999465942383
116.9,uav_01,1,9.71418426360969,-10.873417566788982,7.809999465942383
117.0,uav_01,1,9.665913769665607,-11.134951339558922,7.809999465942383
117.1,uav_01,1,9.622136897210726,-11.392615065464765,7.809999465942383
117.2,uav_01,1,9.577326403257823,-11.650027451101526,7.812779168973992
117.3,uav_01,1,9.534536056778348,-11.926307877096889,7.819999694824219
117.4,uav_01,1,9.495614331881594,-12.20966916825147,7.819999694824219
117.5,uav_01,1,9.442354343189654,-12.47735170149117,7.819999694824219
117.6,uav_01,1,9.39875223397781,-12.738145315464099,7.819999694824219
117.7,uav_01,1,9.352824983545268,-13.004281606072848,7.819999694824219
117.8,uav_01,1,9.312884616999906,-13.25168123984543,7.819999694824219
117.9,uav_01,1,9.27294425111835,-13.487222507909694,7.819999694824219
118.0,uav_01,1,9.233003885280331,-13.716658606135342,7.819999694824219
118.1,uav_01,1,9.193063518734968,-13.933815191904344,7.819999694824219
118.2,uav_01,1,9.153670899624275,-14.131106827822851,7.819999694824219
118.3,uav_01,1,9.120567008032785,-14.313511542733,7.819999694824219
118.4,uav_01,1,9.086216672496118,-14.483810658603513,7.819999694824219
118.5,uav_01,1,9.05326180025609,-14.643114599149484,7.819999694824219
118.6,uav_01,1,9.024433510181892,-14.79142336409337,7.819999694824219
118.7,uav_01,1,9.00109900171191,-14.921963348302027,7.819999694824219
0.0,uav_02,1,26.94861807432007,-14.96507973693252,7.7301323715059365
0.1,uav_02,1,26.94861807432007,-14.96507973693252,7.738944885542235
0.2,uav_02,1,26.94861807432007,-14.96507973693252,7.739999771118164
0.3,uav_02,1,26.94861807432007,-14.96507973693252,7.739999771118164
0.4,uav_02,1,26.94076498973742,-14.96507973693252,7.739999771118164
0.5,uav_02,1,26.93896944549665,-14.96507973693252,7.739999771118164
0.6,uav_02,1,26.93896944549665,-14.96507973693252,7.739999771118164
0.7,uav_02,1,26.93896944549665,-14.956286412354995,7.747932411608551
0.8,uav_02,1,26.931382161185027,-14.936560531155257,7.75
0.9,uav_02,1,26.92932081804438,-14.914542730235363,7.75
1.0,uav_02,1,26.914412047516848,-14.892524929011202,7.75
1.1,uav_02,1,26.895369805463993,-14.862229623349597,7.75
1.2,uav_02,1,26.88348640220561,-14.82095578655949,7.75
1.3,uav_02,1,26.85956406158794,-14.776930516903382,7.75
1.4,uav_02,1,26.830824967817207,-14.724746557763552,7.75
1.5,uav_02,1,26.802085874693912,-14.661635741235285,7.757289643549848
1.6,uav_02,1,26.77334678193248,-14.595599437165813,7.760000228881836
1.7,uav_02,1,26.730816720453277,-14.513718781699282,7.760000228881836
1.8,uav_02,1,26.682918232063766,-14.433513358571663,7.760000228881836
1.9,uav_02,1,26.635019743674256,-14.348707215377964,7.760000228881836
2.0,uav_02,1,26.58043256142202,-14.260658810224665,7.760000228881836
2.1,uav_02,1,26.52295437547852,-14.165005003531993,7.760000228881836
2.2,uav_02,1,26.45818071253107,-14.057202172828122,7.760000228881836
2.3,uav_02,1,26.39639424436422,-13.944620106005582,7.760000228881836
2.4,uav_02,1,26.337429088689408,-13.815658473358573,7.760000228881836
2.5,uav_02,1,26.278463932400022,-13.68016912618207,7.760000228881836
2.6,uav_02,1,26.21215432486385,-13.53624178789124,7.760000228881836
2.7,uav_02,1,26.150884992681533,-13.389461661956734,7.760000228881836
2.8,uav_02,1,26.084217589525938,-13.22498341514372,7.760000228881836
2.9,uav_02,1,26.015424907445272,-13.055621731173085,7.760000228881836
3.0,uav_02,1,25.946632225364606,-12.886260046873472,7.760000228881836
3.1,uav_02,1,25.870145325991075,-12.699296920823315,7.768468829529626
3.2,uav_02,1,25.795385917570275,-12.525817944509257,7.770000457763672
3.3,uav_02,1,25.723138351086693,-12.351479588079805,7.770000457763672
3.4,uav_02,1,25.63820325661002,-12.1762195771778,7.770000457763672
3.5,uav_02,1,25.554368732666706,-11.994182366441587,7.770000457763672
3.6,uav_02,1,25.46316144066634,-11.808612943288434,7.770000457763672
3.7,uav_02,1,25.364454681187834,-11.617817984063112,7.770000457763672
3.8,uav_02,1,25.26962095738752,-11.426388852838778,7.770000457763672
3.9,uav_02,1,25.176689790486336,-11.23347168450325,7.770000457763672
4.0,uav_02,1,25.077983030361473,-11.030181477253391,7.770000457763672
4.1,uav_02,1,24.97742909379436,-10.832180432836816,7.770000457763672
4.2,uav_02,1,24.870284215886123,-10.624662253329781,7.770000457763672
4.3,uav_02,1,24.766380296180714,-10.40761767198806,7.770000457763672
4.4,uav_02,1,24.65975828142395,-10.183664538705107,7.770000457763672
4.5,uav_02,1,24.55202075101983,-9.949806019390907,7.770000457763672
4.6,uav_02,1,24.43686562537263,-9.714615014568517,7.770000457763672
4.7,uav_02,1,24.32903952901379,-9.47100373638338,7.770000457763672
4.8,uav_02,1,24.212724604284645,-9.235710980120759,7.770000457763672
4.9,uav_02,1,24.097702325741114,-8.992201453375856,7.770000457763672
5.0,uav_02,1,23.989743382278615,-8.756806945673,7.770000457763672
5.1,uav_02,1,23.873428457549462,-8.511812306315955,7.770000457763672
5.2,uav_02,1,23.757091246220465,-8.26803216589616,7.770000457763672
5.3,uav_02,1,23.64147806920065,-8.032491881977014,7.770000457763672
5.4,uav_02,1,23.537186733611428,-7.812822581445514,7.770000457763672
5.5,uav_02,1,23.432895398022218,-7.593153281254542,7.7786468206039014
5.6,uav_02,1,23.328604062432998,-7.364999771700644,7.780000686645508
5.7,uav_02,1,23.224312726843777,-7.135345503112639,7.780000686645508
5.8,uav_02,1,23.109082765594515,-6.911974891349016,7.780000686645508
5.9,uav_02,1,22.99192117028269,-6.687122210106724,7.780000686645508
6.0,uav_02,1,22.88249283634817,-6.457467941466061,7.780000686645508
6.1,uav_02,1,22.77560523795192,-6.224830843947262,7.780000686645508
6.2,uav_02,1,22.66262295724267,-5.988956712494287,7.780000686645508
6.3,uav_02,1,22.549426425798956,-5.765666000709532,7.780000686645508
6.4,uav_02,1,22.432302223089966,-5.498378962958948,7.780000686645508
6.5,uav_02,1,22.298490714346528,-5.217880691533918,7.780000686645508
6.6,uav_02,1,22.16467920656353,-4.9529119843843965,7.780000686645508
6.7,uav_02,1,22.03360189745267,-4.669093250914924,7.780000686645508
6.8,uav_02,1,21.906704817969512,-4.393038197343992,7.780000686645508
6.9,uav_02,1,21.776916639670205,-4.128248648680769,7.780000686645508
7.0,uav_02,1,21.653398324505105,-3.8562556957220453,7.780000686645508
7.1,uav_02,1,21.519255090736873,-3.5842627427505533,7.780000686645508
7.2,uav_02,1,21.387064437899216,-3.3191137750461035,7.780000686645508
7.3,uav_02,1,21.270659629693295,-3.073929813914035,7.786228447029159
7.4,uav_02,1,21.16221204451603,-2.839305072213512,7.790000915527344
7.5,uav_02,1,21.05583509965869,-2.615659230708839,7.790000915527344
7.6,uav_02,1,20.952898167171448,-2.4053675468323754,7.790000915527344
7.7,uav_02,1,20.854996277924435,-2.1972798661650597,7.790000915527344
7.8,uav_02,1,20.757094389162763,-1.985268389162895,7.790000915527344
7.9,uav_02,1,20.660812259409248,-1.7844832951139755,7.790000915527344
8.0,uav_02,1,20.571810542199206,-1.6004270342015536,7.790000915527344
8.1,uav_02,1,20.482931672221035,-1.416370773289131,7.790000915527344
8.2,uav_02,1,20.402830126226082,-1.2323145123766954,7.790000915527344
8.3,uav_02,1,20.322728580231125,-1.0672714309138545,7.798575371731514
8.4,uav_02,1,20.246912914076425,-0.9053325426309263,7.799999237060547
8.5,uav_02,1,20.169920069462858,-0.739476483061317,7.799999237060547
8.6,uav_02,1,20.100424932970547,-0.5909116455655539,7.799999237060547
8.7,uav_02,1,20.03267181196771,-0.4463495885138271,7.799999237060547
8.8,uav_02,1,19.9809142514932,-0.3201647234606636,7.799999237060547
8.9,uav_02,1,19.92449099517797,-0.20706649274432015,7.799999237060547
9.0,uav_02,1,19.88253400953138,-0.11438175870675399,7.799999237060547
9.1,uav_02,1,19.843817940219868,-0.016127154543919303,7.799999237060547
9.2,uav_02,1,19.813221208509574,0.04664126083552296,7.799999237060547
9.3,uav_02,1,19.78418415588606,0.10224205228464972,7.799999237060547
9.4,uav_02,1,19.771551024749858,0.1482439868917706,7.799999237060547
9.5,uav_02,1,19.76194900813155,0.16448775469553006,7.799999237060547
9.6,uav_02,1,19.760390195951828,0.16627866371743952,7.799999237060547
9.7,uav_02,1,19.768296953265505,0.1571946424406342,7.799999237060547
9.8,uav_02,1,19.77789425435272,0.12811826139440008,7.799999237060547
9.9,uav_02,1,19.80309976682514,0.08607335030029487,7.799999237060547
10.0,uav_02,1,19.831891671712768,0.041968247338690666,7.799999237060547
10.1,uav_02,1,19.852982124484807,-0.010985002572863292,7.799999237060547
10.2,uav_02,1,19.8721767280231,-0.05732720272037192,7.799999237060547
10.3,uav_02,1,19.89897013068475,-0.11889272573733117,7.799999237060547
10.4,uav_02,1,19.926837293419347,-0.17460842216057104,7.799999237060547
10.5,uav_02,1,19.94734557685338,-0.2189639355952347,7.799999237060547
10.6,uav_02,1,19.95934833584903,-0.24654371538007916,7.806202934852051
10.7,uav_02,1,19.968342505831988,-0.2610855080426651,7.809999465942383
10.8,uav_02,1,19.972660012242102,-0.27679183723250783,7.809999465942383
10.9,uav_02,1,19.972660012242102,-0.28821635031228615,7.809999465942383
11.0,uav_02,1,19.969292264788525,-0.2804779859187417,7.806508996367034
11.1,uav_02,1,19.960298094670595,-0.2566940234705074,7.799999237060547
11.2,uav_02,1,19.949245094631483,-0.22569399890866992,7.799999237060547
11.3,uav_02,1,19.93125675490261,-0.19308050028969434,7.799999237060547
11.4,uav_02,1,19.913224367571186,-0.15075904780583602,7.799999237060547
11.5,uav_02,1,19.89430610591092,-0.09709054968351287,7.799999237060547
11.6,uav_02,1,19.866205537889382,-0.03233786602563271,7.799999237060547
11.7,uav_02,1,19.847365303595687,0.021775681349580252,7.799999237060547
11.8,uav_02,1,19.837953743083737,0.08610022911000721,7.809611294698006
11.9,uav_02,1,19.810451802251833,0.17179264461723406,7.809999465942383
12.0,uav_02,1,19.791005412554735,0.25837432051921655,7.809999465942383
12.1,uav_02,1,19.772165178261044,0.35481976333394444,7.809999465942383
12.2,uav_02,1,19.753324943967357,0.46182538102724785,7.809999465942383
12.3,uav_02,1,19.742613138978598,0.5887298707043107,7.801574833283511
12.4,uav_02,1,19.733193021378444,0.718602384712429,7.799999237060547
12.5,uav_02,1,19.731444310852716,0.8435425778856029,7.799999237060547
12.6,uav_02,1,19.731444310852716,0.9890164160993569,7.799999237060547
12.7,uav_02,1,19.731444310852716,1.138940903887939,7.799999237060547
12.8,uav_02,1,19.731444310852716,1.2993269290838048,7.809436807281616
12.9,uav_02,1,19.731444310852716,1.482601962361017,7.809999465942383
13.0,uav_02,1,19.731208335341073,1.6563102751571863,7.809999465942383
13.1,uav_02,1,19.720544880822032,1.8523653742833888,7.809999465942383
13.2,uav_02,1,19.70148360014686,2.049586401767311,7.809999465942383
13.3,uav_02,1,19.69004129405089,2.257174153900872,7.809999465942383
13.4,uav_02,1,19.67014295589643,2.464882387011104,7.809999465942383
13.5,uav_02,1,19.651151535432536,2.6721639869847142,7.809999465942383
13.6,uav_02,1,19.633782510086704,2.8759187324435866,7.809999465942383
13.7,uav_02,1,19.624516842173005,3.089734589649315,7.809999465942383
13.8,uav_02,1,19.615318368990383,3.3108771489755986,7.809999465942383
13.9,uav_02,1,19.606046096513413,3.513281346726106,7.809999465942383
14.0,uav_02,1,19.606012147117468,3.7369132408911963,7.809999465942383
14.1,uav_02,1,19.606012147117468,3.960623143528654,7.809999465942383
14.2,uav_02,1,19.606012147117468,4.194082111069117,7.809999465942383
14.3,uav_02,1,19.606012147117468,4.428444866008283,7.809999465942383
14.4,uav_02,1,19.606012147117468,4.662807621215592,7.809999465942383
14.5,uav_02,1,19.613274571559128,4.903135088272458,7.809999465942383
14.6,uav_02,1,19.615660774569736,5.135941131062676,7.809999465942383
14.7,uav_02,1,19.62181225337366,5.372614820142996,7.809999465942383
14.8,uav_02,1,19.6308963429533,5.619076564682652,7.809999465942383
14.9,uav_02,1,19.634958030845425,5.863785957507991,7.809999465942383
15.0,uav_02,1,19.634958030845425,6.108950513093451,7.809999465942383
15.1,uav_02,1,19.64274468030137,6.359430109647304,7.809999465942383
15.2,uav_02,1,19.654255287121117,6.606085285924715,7.809999465942383
15.3,uav_02,1,19.654255287121117,6.852479884239761,7.809999465942383
15.4,uav_02,1,19.654255287121117,7.110868899067059,7.809999465942383
15.5,uav_02,1,19.654255287121117,7.363522944103408,7.809999465942383
15.6,uav_02,1,19.654255287121117,7.629226189385589,7.809999465942383
15.7,uav_02,1,19.654255287121117,7.908592808078326,7.809999465942383
15.8,uav_02,1,19.656187106654137,8.180970402028326,7.809999465942383
15.9,uav_02,1,19.663903914573385,8.461891163601802,7.809999465942383
16.0,uav_02,1,19.66605360731687,8.74396020021993,7.809999465942383
16.1,uav_02,1,19.673552543396802,9.03134929332141,7.809999465942383
16.2,uav_02,1,19.676000513968543,9.307132346920465,7.809999465942383
16.3,uav_02,1,19.683201170849074,9.599803664405899,7.809999465942383
16.4,uav_02,1,19.685947419944824,9.886164688171545,7.809999465942383
16.5,uav_02,1,19.692849799672494,10.15417746666891,7.809999465942383
16.6,uav_02,1,19.694975572828817,10.419559870508415,7.809999465942383
16.7,uav_02,1,19.70249842712476,10.688323707526465,7.809999465942383
16.8,uav_02,1,19.70249842712476,10.932174762453537,7.809999465942383
16.9,uav_02,1,19.70249842712476,11.195245973791163,7.809999465942383
17.0,uav_02,1,19.719312952929847,11.458317185471952,7.809999465942383
17.1,uav_02,1,19.721795683400448,11.712696469753542,7.809999465942383
17.2,uav_02,1,19.721795683400448,11.965649557538766,7.809999465942383
17.3,uav_02,1,19.721795683400448,12.22536033141117,7.809999465942383
17.4,uav_02,1,19.721795683400448,12.488431542902545,7.809999465942383
17.5,uav_02,1,19.721795683400448,12.751502754411526,7.809999465942383
17.6,uav_02,1,19.721795683400448,13.025828360715614,7.809999465942383
17.7,uav_02,1,19.725320553354056,13.314853639819493,7.809999465942383
17.8,uav_02,1,19.731444310852716,13.601743642658398,7.809999465942383
17.9,uav_02,1,19.731444310852716,13.895669189967617,7.809999465942383
18.0,uav_02,1,19.731444310852716,14.189594737351735,7.809999465942383
18.1,uav_02,1,19.735698239826657,14.482461367300427,7.814408409862291
18.2,uav_02,1,19.74109293967614,14.775044028911584,7.819999694824219
18.3,uav_02,1,19.74109293967614,15.068969576275558,7.819999694824219
18.4,uav_02,1,19.74109293967614,15.36838953768227,7.819999694824219
18.5,uav_02,1,19.74109293967614,15.667905915157176,7.819999694824219
18.6,uav_02,1,19.746093589687096,15.956933856419832,7.819999694824219
18.7,uav_02,1,19.750741567128408,16.238818646498377,7.819999694824219
18.8,uav_02,1,19.750741567128408,16.52328114736772,7.819999694824219
18.9,uav_02,1,19.750741567128408,16.808511103669638,7.819999694824219
19.0,uav_02,1,19.750741567128408,17.08781471012548,7.819999694824219
19.1,uav_02,1,19.750741567128408,17.37124881747849,7.819999694824219
19.2,uav_02,1,19.750741567128408,17.657507167333296,7.819999694824219
19.3,uav_02,1,19.7537400225247,17.936810773752573,7.819999694824219
19.4,uav_02,1,19.760390195951828,18.21921648758923,7.819999694824219
19.5,uav_02,1,19.760390195951828,18.506503230996934,7.819999694824219
19.6,uav_02,1,19.760390195951828,18.7858032602387,7.819999694824219
19.7,uav_02,1,19.760390195951828,19.06716207631381,7.819999694824219
19.8,uav_02,1,19.760390195951828,19.35545288227952,7.819999694824219
19.9,uav_02,1,19.760390195951828,19.63611670546105,7.819999694824219
20.0,uav_02,1,19.760390195951828,19.92509504199821,7.819999694824219
20.1,uav_02,1,19.760390195951828,20.205071334903664,7.819999694824219
20.2,uav_02,1,19.760695832766146,20.495363408334715,7.819999694824219
20.3,uav_02,1,19.769967978231378,20.793639192801695,7.819999694824219
20.4,uav_02,1,19.770038823404096,21.062403395051636,7.819999694824219
20.5,uav_02,1,19.770038823404096,21.35157165791685,7.819999694824219
20.6,uav_02,1,19.770038823404096,21.641591594655388,7.819999694824219
20.7,uav_02,1,19.770038823404096,21.926704777277244,7.819999694824219
20.8,uav_02,1,19.770038823404096,22.214107753349598,7.819999694824219
20.9,uav_02,1,19.770038823404096,22.51164930423683,7.819999694824219
21.0,uav_02,1,19.778520765607976,22.810497680306824,7.819999694824219
21.1,uav_02,1,19.779687450856365,23.099617995197768,7.819999694824219
21.2,uav_02,1,19.779687450856365,23.397109188461595,7.819999694824219
21.3,uav_02,1,19.779687450856365,23.695957564531593,7.819999694824219
21.4,uav_02,1,19.779687450856365,23.985128236702096,7.819999694824219
21.5,uav_02,1,19.779687450856365,24.292229990316955,7.819999694824219
21.6,uav_02,1,19.779687450856365,24.582858560592292,7.819999694824219
21.7,uav_02,1,19.787939602583503,24.866829348970985,7.819999694824219
21.8,uav_02,1,19.789336079679785,25.157327033830764,7.819999694824219
21.9,uav_02,1,19.789336079679785,25.440116168893116,7.819999694824219
22.0,uav_02,1,19.789336079679785,25.72103425277139,7.819999694824219
22.1,uav_02,1,19.789336079679785,26.00195233642869,7.819999694824219
22.2,uav_02,1,19.789336079679785,26.27477903768111,7.819999694824219
22.3,uav_02,1,19.789336079679785,26.544892579827156,7.819999694824219
22.4,uav_02,1,19.789336079679785,26.813450341522906,7.819999694824219
22.5,uav_02,1,19.789336079679785,27.07565334037508,7.819999694824219
22.6,uav_02,1,19.789336079679785,27.334962340712476,7.819999694824219
22.7,uav_02,1,19.79464827945168,27.570248843614255,7.819999694824219
22.8,uav_02,1,19.798984707132053,27.79031449187032,7.819999694824219
22.9,uav_02,1,19.798984707132053,28.003908693319378,7.819999694824219
23.0,uav_02,1,19.798984707132053,28.20671530098181,7.819999694824219
23.1,uav_02,1,19.798984707132053,28.416255912305747,7.819999694824219
23.2,uav_02,1,19.798984707132053,28.588566394327145,7.819999694824219
23.3,uav_02,1,19.798984707132053,28.769202513571464,7.819999694824219
23.4,uav_02,1,19.798984707132053,28.937459405235135,7.819999694824219
23.5,uav_02,1,19.798984707132053,29.100197082774738,7.819999694824219
23.6,uav_02,1,19.802282070178155,29.25535812427426,7.819999694824219
23.7,uav_02,1,19.808633335955477,29.396674314238492,7.819999694824219
23.8,uav_02,1,19.808633335955477,29.531118855363474,7.819999694824219
23.9,uav_02,1,19.808633335955477,29.669894181654758,7.819999694824219
24.0,uav_02,1,19.808633335955477,29.795648622353852,7.819999694824219
24.1,uav_02,1,19.808633335955477,29.909449366953307,7.819999694824219
24.2,uav_02,1,19.810224592806094,30.009468230652814,7.819999694824219
24.3,uav_02,1,19.818281963407745,30.087842112285,7.819999694824219
24.4,uav_02,1,19.818281963407745,30.154262297442394,7.8175670030272
24.5,uav_02,1,19.818281963407745,30.19933619844657,7.809999465942383
24.6,uav_02,1,19.818281963407745,30.207290580192048,7.809999465942383
24.7,uav_02,1,19.818281963407745,30.203383642499226,7.809999465942383
24.8,uav_02,1,19.818281963407745,30.18316951164599,7.809999465942383
24.9,uav_02,1,19.82662583061523,30.14857028333948,7.809999465942383
25.0,uav_02,1,19.83757921968343,30.10347020520077,7.809999465942383
25.1,uav_02,1,19.83757921968343,30.04008949222851,7.809999465942383
25.2,uav_02,1,19.83757921968343,29.98316423982205,7.809999465942383
25.3,uav_02,1,19.849067862544082,29.923817532089316,7.815953113264408
25.4,uav_02,1,19.869151312733067,29.8616475468017,7.819999694824219
25.5,uav_02,1,19.902295792681233,29.803963193128613,7.819999694824219
25.6,uav_02,1,19.942462692616086,29.746278839594805,7.819999694824219
25.7,uav_02,1,19.982629592994048,29.69700060425225,7.819999694824219
25.8,uav_02,1,20.037093588514566,29.651712888858423,7.819999694824219
25.9,uav_02,1,20.09524402549759,29.61586612343882,7.819999694824219
26.0,uav_02,1,20.168376677395255,29.573855316039303,7.819999694824219
26.1,uav_02,1,20.245674922098,29.538175301533204,7.812129860361523
26.2,uav_02,1,20.330579956793443,29.504872512573037,7.809999465942383
26.3,uav_02,1,20.425160924474604,29.480324798267777,7.809999465942383
26.4,uav_02,1,20.529417825934225,29.449352178637973,7.809999465942383
26.5,uav_02,1,20.635702912515132,29.424835835455255,7.809999465942383
26.6,uav_02,1,20.748889591043508,29.39405007975159,7.809999465942383
26.7,uav_02,1,20.872226552096745,29.36953162679522,7.809999465942383
26.8,uav_02,1,20.999043854891166,29.356596153642794,7.809999465942383
26.9,uav_02,1,21.12937124191153,29.353726772846642,7.809999465942383
27.0,uav_02,1,21.260906414773753,29.341139819454252,7.809999465942383
27.1,uav_02,1,21.397039831531348,29.331556284482254,7.809999465942383
27.2,uav_02,1,21.533625389321614,29.331556284482254,7.809999465942383
27.3,uav_02,1,21.667999572976036,29.338079724951033,7.809999465942383
27.4,uav_02,1,21.806344363869474,29.360480177127997,7.809999465942383
27.5,uav_02,1,21.937879536731703,29.388223054872018,7.809999465942383
27.6,uav_02,1,22.069414709622375,29.39875764129108,7.809999465942383
27.7,uav_02,1,22.20094988373073,29.428981617554808,7.809999465942383
27.8,uav_02,1,22.332485056689514,29.46849963063369,7.809999465942383
27.9,uav_02,1,22.452347344357364,29.501243122570504,7.809999465942383
28.0,uav_02,1,22.578124983910087,29.540702417342974,7.817167317139603
28.1,uav_02,1,22.69376994311324,29.582897199019587,7.819999694824219
28.2,uav_02,1,22.803949315608786,29.618219522068653,7.819999694824219
28.3,uav_02,1,22.91412868810433,29.64986560823242,7.819999694824219
28.4,uav_02,1,23.01421250026766,29.681511694396193,7.819999694824219
28.5,uav_02,1,23.106028644447456,29.71315778055996,7.819999694824219
28.6,uav_02,1,23.193731035547028,29.744803866723732,7.819999694824219
28.7,uav_02,1,23.272718825514783,29.7764499528875,7.819999694824219
28.8,uav_02,1,23.342808064544663,29.80438249072268,7.819999694824219
28.9,uav_02,1,23.404875466417618,29.825664675042702,7.819999694824219
29.0,uav_02,1,23.463299940765644,29.85131999704606,7.819999694824219
29.1,uav_02,1,23.516695278583637,29.88199277026828,7.819999694824219
29.2,uav_02,1,23.55304157517885,29.904861124827708,7.819999694824219
29.3,uav_02,1,23.579131819490918,29.92772947954089,7.819999694824219
29.4,uav_02,1,23.590895520742468,29.950597834340396,7.819999694824219
29.5,uav_02,1,23.590895520742468,29.968440697843445,7.819999694824219
29.6,uav_02,1,23.581539693042053,29.985249299473974,7.819999694824219
29.7,uav_02,1,23.56163501274711,29.99667093935201,7.819999694824219
29.8,uav_02,1,23.541730331745786,29.99667093935201,7.819999694824219
29.9,uav_02,1,23.51081874524524,30.003042991217235,7.819999694824219
30.0,uav_02,1,23.477164237389474,30.00115196054684,7.819999694824219
30.1,uav_02,1,23.447666285603894,29.99667093935201,7.819999694824219
30.2,uav_02,1,23.424284713348904,29.982616803477676,7.819999694824219
30.3,uav_02,1,23.392018606381914,29.95278497974224,7.813469702404388
30.4,uav_02,1,23.359172428876,29.91889497968969,7.809999465942383
30.5,uav_02,1,23.329674477090414,29.88500497963714,7.809999465942383
30.6,uav_02,1,23.30702899554405,29.835369463949732,7.809999465942383
30.7,uav_02,1,23.28032720097152,29.778886130548468,7.809999465942383
30.8,uav_02,1,23.25804976477947,29.714107194566186,7.809999465942383
30.9,uav_02,1,23.239914205657794,29.64397145767201,7.809999465942383
31.0,uav_02,1,23.222799964440323,29.568778683935193,7.809999465942383
31.1,uav_02,1,23.20595495547946,29.48640065346607,7.809999465942383
31.2,uav_02,1,23.192205859424217,29.399311622560187,7.809999465942383
31.3,uav_02,1,23.180043777485785,29.31007440353686,7.809999465942383
31.4,uav_02,1,23.155419929968026,29.214048316369304,7.809999465942383
31.5,uav_02,1,23.138574921007162,29.126959285463425,7.809999465942383
31.6,uav_02,1,23.121729912046302,29.003840748191003,7.809999465942383
31.7,uav_02,1,23.10488490308544,28.885644172609013,7.809999465942383
31.8,uav_02,1,23.09342769338641,28.769525464734492,7.809999465942383
31.9,uav_02,1,23.085005188913023,28.643844115336393,7.809999465942383
32.0,uav_02,1,23.07653017796032,28.510960711354024,7.809999465942383
32.1,uav_02,1,23.069869608154633,28.375956995681275,7.812002400441856
32.2,uav_02,1,23.069869608154633,28.216720532450445,7.819999694824219
32.3,uav_02,1,23.069869608154633,28.057484069219644,7.819999694824219
32.4,uav_02,1,23.069869608154633,27.89824760634076,7.819999694824219
32.5,uav_02,1,23.07750620363927,27.739011143151796,7.819999694824219
32.6,uav_02,1,23.086168695882726,27.564493342555707,7.819999694824219
32.7,uav_02,1,23.106159834765787,27.378844618051946,7.819999694824219
32.8,uav_02,1,23.118112748158275,27.195126056172434,7.819999694824219
32.9,uav_02,1,23.12549685042103,27.01174326230203,7.819999694824219
33.0,uav_02,1,23.145527748963925,26.819541154796344,7.819999694824219
33.1,uav_02,1,23.172190887055507,26.615320478118107,7.819999694824219
33.2,uav_02,1,23.204296783374726,26.386635992778412,7.819999694824219
33.3,uav_02,1,23.240197570549814,26.140587843396307,7.819999694824219
33.4,uav_02,1,23.265536137018312,25.884550235030282,7.819999694824219
33.5,uav_02,1,23.297372688108673,25.62267882825644,7.819999694824219
33.6,uav_02,1,23.32316792914315,25.361389773919075,7.819999694824219
33.7,uav_02,1,23.351397162837124,25.089256477702072,7.819999694824219
33.8,uav_02,1,23.37526529238795,24.817989201923876,7.819999694824219
33.9,uav_02,1,23.38755768300286,24.539497436619286,7.819999694824219
34.0,uav_02,1,23.417220217003578,24.25917637499391,7.820241135690157
34.1,uav_02,1,23.417798181516076,23.984281349431562,7.829999923706055
34.2,uav_02,1,23.4274950915974,23.728044887203424,7.829999923706055
34.3,uav_02,1,23.43719200287189,23.47103346274989,7.829999923706055
34.4,uav_02,1,23.446888912966937,23.20282585093417,7.829999923706055
34.5,uav_02,1,23.4565858242277,22.925193862913737,7.829999923706055
34.6,uav_02,1,23.466282734220034,22.657816685185217,7.829999923706055
34.7,uav_02,1,23.475979644335677,22.388445810333238,7.829999923706055
34.8,uav_02,1,23.485676555575854,22.099839520954138,7.829999923706055
34.9,uav_02,1,23.49537346570521,21.821321627711438,7.829999923706055
35.0,uav_02,1,23.50500675424124,21.543540958969096,7.829999923706055
35.1,uav_02,1,23.514454647956327,21.272924638859873,7.829999923706055
35.2,uav_02,1,23.53198456759645,21.021174548205444,7.829999923706055
35.3,uav_02,1,23.533003753286554,20.771384072055692,7.829999923706055
35.4,uav_02,1,23.540295046191215,20.503229955824356,7.829999923706055
35.5,uav_02,1,23.54906000629907,20.246063212711437,7.823358801598009
35.6,uav_02,1,23.557824965956915,19.98796668489237,7.819999694824219
35.7,uav_02,1,23.56194963701451,19.7261465902936,7.819999694824219
35.8,uav_02,1,23.565706257433035,19.464326495679824,7.819999694824219
35.9,uav_02,1,23.57159826583793,19.202506401153162,7.819999694824219
36.0,uav_02,1,23.573587549212615,18.940686306467214,7.819999694824219
36.1,uav_02,1,23.5812468932902,18.674388300117148,7.819999694824219
36.2,uav_02,1,23.582457098398166,18.37644038593282,7.819999694824219
36.3,uav_02,1,23.590895520742468,18.073861281352418,7.819999694824219
36.4,uav_02,1,23.590895520742468,17.768786953219244,7.819999694824219
36.5,uav_02,1,23.593548193266294,17.45761782839309,7.819999694824219
36.6,uav_02,1,23.60054414956589,17.15503872387154,7.819999694824219
36.7,uav_02,1,23.60054414956589,16.84830715488064,7.819999694824219
36.8,uav_02,1,23.604639288751642,16.53409039247918,7.819999694824219
36.9,uav_02,1,23.61019277701816,16.22513092201156,7.819999694824219
37.0,uav_02,1,23.61019277701816,15.916742112162929,7.819999694824219
37.1,uav_02,1,23.61019277701816,15.615443999548061,7.819999694824219
37.2,uav_02,1,23.61482899521887,15.33651146112094,7.819999694824219
37.3,uav_02,1,23.61984140584158,15.068479366653683,7.815894863062649
37.4,uav_02,1,23.61984140584158,14.793772798745985,7.809999465942383
37.5,uav_02,1,23.61984140584158,14.50974130225041,7.809999465942383
37.6,uav_02,1,23.61984140584158,14.231400281158535,7.809999465942383
37.7,uav_02,1,23.61984140584158,13.953059260066663,7.809999465942383
37.8,uav_02,1,23.620342964463383,13.674718238974812,7.809999465942383
37.9,uav_02,1,23.6293158829671,13.396377217882977,7.809999465942383
38.0,uav_02,1,23.629490033293845,13.128145043100506,7.809999465942383
38.1,uav_02,1,23.629490033293845,12.850780419684508,7.809999465942383
38.2,uav_02,1,23.629490033293845,12.56322079728633,7.809999465942383
38.3,uav_02,1,23.629490033293845,12.268127929751467,7.809999465942383
38.4,uav_02,1,23.629490033293845,11.971587843789782,7.809999465942383
38.5,uav_02,1,23.629490033293845,11.67504775782814,7.809999465942383
38.6,uav_02,1,23.629490033293845,11.378507671566798,7.809999465942383
38.7,uav_02,1,23.629490033293845,11.081967585510949,7.809999465942383
38.8,uav_02,1,23.64381751146255,10.793657871503079,7.809999465942383
38.9,uav_02,1,23.648787289569537,10.491844564115278,7.809999465942383
39.0,uav_02,1,23.648787289569537,10.19234732762598,7.809999465942383
39.1,uav_02,1,23.648787289569537,9.895807241664295,7.809999465942383
39.2,uav_02,1,23.648787289569537,9.612597006088569,7.809999465942383
39.3,uav_02,1,23.648787289569537,9.341046889882891,7.809999465942383
39.4,uav_02,1,23.648787289569537,9.073104644999148,7.809999465942383
39.5,uav_02,1,23.648787289569537,8.806049788212595,7.809999465942383
39.6,uav_02,1,23.648787289569537,8.542437314342568,7.809999465942383
39.7,uav_02,1,23.648787289569537,8.279734290074645,7.809999465942383
39.8,uav_02,1,23.648787289569537,7.992744601026696,7.809999465942383
39.9,uav_02,1,23.648787289569537,7.724802355790379,7.809999465942383
40.0,uav_02,1,23.648787289569537,7.4660225051515345,7.809999465942383
40.1,uav_02,1,23.648787289569537,7.19200217351713,7.809999465942383
40.2,uav_02,1,23.648787289569537,6.920975621112151,7.809999465942383
40.3,uav_02,1,23.648787289569537,6.637677635359544,7.809999465942383
40.4,uav_02,1,23.648787289569537,6.332430094413439,7.809999465942383
40.5,uav_02,1,23.648787289569537,6.018851719069,7.809999465942383
40.6,uav_02,1,23.648787289569537,5.705273343724566,7.809999465942383
40.7,uav_02,1,23.648787289569537,5.391694968094062,7.809999465942383
40.8,uav_02,1,23.648787289569537,5.086698644696335,7.809999465942383
40.9,uav_02,1,23.648787289569537,4.775623461676611,7.809999465942383
41.0,uav_02,1,23.648787289569537,4.462045086332204,7.809999465942383
41.1,uav_02,1,23.648787289569537,4.168803432695792,7.809999465942383
41.2,uav_02,1,23.648787289569537,3.8570588240077397,7.809999465942383
41.3,uav_02,1,23.648787289569537,3.564612501091082,7.809999465942383
41.4,uav_02,1,23.649473620341887,3.262307796802222,7.809999465942383
41.5,uav_02,1,23.658435917021805,2.981801569504563,7.809999465942383
41.6,uav_02,1,23.658435917021805,2.7036678327689865,7.809999465942383
41.7,uav_02,1,23.658435917021805,2.4340914078923555,7.809999465942383
41.8,uav_02,1,23.658435917021805,2.1597975900709634,7.809999465942383
41.9,uav_02,1,23.658435917021805,1.9063756016182372,7.809999465942383
42.0,uav_02,1,23.65468340592523,1.6652438880005986,7.809999465942383
42.1,uav_02,1,23.648787289569537,1.43640244904344,7.809999465942383
42.2,uav_02,1,23.648787289569537,1.222042045604144,7.805389058183084
42.3,uav_02,1,23.648787289569537,1.0294850911373128,7.799999237060547
42.4,uav_02,1,23.648787289569537,0.8570897146902755,7.799999237060547
42.5,uav_02,1,23.648787289569537,0.694354031982033,7.799999237060547
42.6,uav_02,1,23.648787289569537,0.5412780432412628,7.799999237060547
42.7,uav_02,1,23.648787289569537,0.39966002015030455,7.799999237060547
42.8,uav_02,1,23.648787289569537,0.2762758878192886,7.799999237060547
42.9,uav_02,1,23.648787289569537,0.16255144977242916,7.799999237060547
43.0,uav_02,1,23.648787289569537,0.058826759145116314,7.799999237060547
43.1,uav_02,1,23.648787289569537,-0.024833100750318603,7.799999237060547
43.2,uav_02,1,23.648787289569537,-0.08917357304194971,7.799999237060547
43.3,uav_02,1,23.648787289569537,-0.15035130242729317,7.799999237060547
43.4,uav_02,1,23.635875470662555,-0.18853011711933218,7.799999237060547
43.5,uav_02,1,23.629490033293845,-0.21865141831266147,7.799999237060547
43.6,uav_02,1,23.629490033293845,-0.23279012920441533,7.799999237060547
43.7,uav_02,1,23.629490033293845,-0.2285074095698907,7.799999237060547
43.8,uav_02,1,23.629490033293845,-0.21207143636124942,7.799999237060547
43.9,uav_02,1,23.629490033293845,-0.17794554453185524,7.799999237060547
44.0,uav_02,1,23.63132816916907,-0.12668746498445088,7.799999237060547
44.1,uav_02,1,23.648787289569537,-0.06644486259778806,7.799999237060547
44.2,uav_02,1,23.648787289569537,-0.006202260211132987,7.799999237060547
44.3,uav_02,1,23.648787289569537,0.036026894890344205,7.799999237060547
44.4,uav_02,1,23.66382199963262,0.09616081022120945,7.799999237060547
44.5,uav_02,1,23.68356455290716,0.15531463360234074,7.808021290118256
44.6,uav_02,1,23.71968654005034,0.21267203657159725,7.809999465942383
44.7,uav_02,1,23.759625777331507,0.27002943988421924,7.809999465942383
44.8,uav_02,1,23.80831356146042,0.31733569544571044,7.809999465942383
44.9,uav_02,1,23.858237607631736,0.3632216180288989,7.809999465942383
45.0,uav_02,1,23.927003473248117,0.4091075406488316,7.809999465942383
45.1,uav_02,1,23.997114063817754,0.45486885105635483,7.809887050680892
45.2,uav_02,1,24.087421991523403,0.4892832929194127,7.799999237060547
45.3,uav_02,1,24.186360318687104,0.5227677302083491,7.799999237060547
45.4,uav_02,1,24.276306936630835,0.5463126490187574,7.799999237060547
45.5,uav_02,1,24.383945371287084,0.5797389230987203,7.799999237060547
45.6,uav_02,1,24.50032266622127,0.6131651971786771,7.799999237060547
45.7,uav_02,1,24.617758169376046,0.6441599347708605,7.799999237060547
45.8,uav_02,1,24.744941260980227,0.6565746415958983,7.799999237060547
45.9,uav_02,1,24.881728489239237,0.676199899248863,7.799999237060547
46.0,uav_02,1,25.02613747962914,0.6774938318163467,7.799999237060547
46.1,uav_02,1,25.17278482049953,0.6872851436279681,7.799999237060547
46.2,uav_02,1,25.329179749802638,0.6872851436279681,7.799999237060547
46.3,uav_02,1,25.489815720923197,0.6859495371636183,7.799999237060547
46.4,uav_02,1,25.622559160088443,0.6754169638311245,7.799999237060547
46.5,uav_02,1,25.757023025005033,0.6561063845416949,7.799999237060547
46.6,uav_02,1,25.898986979124498,0.6281790022830975,7.799999237060547
46.7,uav_02,1,26.023088475830683,0.5992131331774435,7.799999237060547
46.8,uav_02,1,26.145755173851338,0.5702472640717895,7.799999237060547
46.9,uav_02,1,26.268048866588398,0.5369544556856001,7.799999237060547
47.0,uav_02,1,26.383183204349812,0.4983332967637211,7.799999237060547
47.1,uav_02,1,26.492435093954935,0.4611791679966156,7.799999237060547
47.2,uav_02,1,26.60165471387027,0.4321762232990608,7.799999237060547
47.3,uav_02,1,26.702502612259142,0.39355506437717963,7.799999237060547
47.4,uav_02,1,26.803350510648002,0.3631963163005487,7.799999237060547
47.5,uav_02,1,26.896351707100244,0.32553803549999494,7.799999237060547
47.6,uav_02,1,26.982535494745903,0.29000751035366346,7.799999237060547
47.7,uav_02,1,27.07225298230262,0.26424178422837014,7.799999237060547
47.8,uav_02,1,27.144481713438648,0.23667198044763885,7.799999237060547
47.9,uav_02,1,27.20555660732423,0.21020935734449342,7.799999237060547
48.0,uav_02,1,27.26627439009953,0.1833364509354366,7.799999237060547
48.1,uav_02,1,27.317950126059447,0.1561769306254836,7.80455572861646
48.2,uav_02,1,27.348270994442778,0.13478106520635524,7.809999465942383
48.3,uav_02,1,27.361279054827616,0.11341450196145313,7.809999465942383
48.4,uav_02,1,27.373157706900617,0.09194091079150025,7.809999465942383
48.5,uav_02,1,27.369864052368833,0.070028593972751,7.809999465942383
48.6,uav_02,1,27.356107093137393,0.04692212865887684,7.809999465942383
48.7,uav_02,1,27.331162082610152,0.028258146054518166,7.809999465942383
48.8,uav_02,1,27.30026943681278,0.02217048836438294,7.809999465942383
48.9,uav_02,1,27.269376791065,0.02217048836438294,7.809999465942383
49.0,uav_02,1,27.238484145978,0.029404696220176996,7.809999465942383
49.1,uav_02,1,27.207591500891,0.049215228949460135,7.809999465942383
49.2,uav_02,1,27.17669885472475,0.07287679837522447,7.809999465942383
49.3,uav_02,1,27.154049646365742,0.10600919659746433,7.809999465942383
49.4,uav_02,1,27.124562191818587,0.15171791952988858,7.809999465942383
49.5,uav_02,1,27.094469165028833,0.2084718408580481,7.819612179838886
49.6,uav_02,1,27.07438278410702,0.275984926532106,7.819999694824219
49.7,uav_02,1,27.054646833220986,0.34392712968014866,7.8199630226019465
49.8,uav_02,1,27.0253330205851,0.42341793938208055,7.809999465942383
49.9,uav_02,1,27.006071147194298,0.5144573552552085,7.809999465942383
50.0,uav_02,1,26.99558051333886,0.6163096832910603,7.809999465942383
50.1,uav_02,1,26.975058815182418,0.7190494384329669,7.809999465942383
50.2,uav_02,1,26.946691560285906,0.8324815494815729,7.809999465942383
50.3,uav_02,1,26.925826079437204,0.9569677280580214,7.809999465942383
50.4,uav_02,1,26.89784720580965,1.0830600350999322,7.809999465942383
50.5,uav_02,1,26.881077678040736,1.2186601595129765,7.810718979159441
50.6,uav_02,1,26.881077678040736,1.348906147068716,7.819757256712447
50.7,uav_02,1,26.86410450973999,1.4791521346244636,7.819999694824219
50.8,uav_02,1,26.854221967974393,1.6267658371891214,7.819999694824219
50.9,uav_02,1,26.85213179431278,1.7770496688473068,7.819999694824219
51.0,uav_02,1,26.85213179431278,1.9338847136316508,7.819999694824219
51.1,uav_02,1,26.85213179431278,2.099672358566926,7.819999694824219
51.2,uav_02,1,26.85597772907661,2.2744126035855885,7.819999694824219
51.3,uav_02,1,26.867616032193943,2.4547532015754028,7.819999694824219
51.4,uav_02,1,26.881077678040736,2.6350937995652246,7.819999694824219
51.5,uav_02,1,26.882206267809963,2.818117507932579,7.819999694824219
51.6,uav_02,1,26.892285795024534,3.0229139060101144,7.819999694824219
51.7,uav_02,1,26.912286719763678,3.253358792693043,7.819999694824219
51.8,uav_02,1,26.9404275000299,3.464262452603645,7.819999694824219
51.9,uav_02,1,26.96108137584056,3.6870015275906507,7.819999694824219
52.0,uav_02,1,26.997539524043006,3.929456636669598,7.819999694824219
52.1,uav_02,1,27.009121645847657,4.160884770365217,7.819999694824219
52.2,uav_02,1,27.046359538864056,4.383449038364898,7.819349232785648
52.3,uav_02,1,27.065596123367573,4.627243836493823,7.809999465942383
52.4,uav_02,1,27.085188275447646,4.87954120774845,7.809999465942383
52.5,uav_02,1,27.113095689952655,5.133298711598762,7.809999465942383
52.6,uav_02,1,27.122306586473368,5.376692487182599,7.809999465942383
52.7,uav_02,1,27.13128956810739,5.614063681626207,7.809999465942383
52.8,uav_02,1,27.14860309141661,5.851434875729756,7.809999465942383
52.9,uav_02,1,27.158904157738466,6.09761221658599,7.809999465942383
53.0,uav_02,1,27.160887890610343,6.345303897775135,7.809999465942383
53.1,uav_02,1,27.167221491001133,6.592995578786739,7.809999465942383
53.2,uav_02,1,27.176204472164063,6.847199133580456,7.809999465942383
53.3,uav_02,1,27.185187453087217,7.105211301147935,7.809999465942383
53.4,uav_02,1,27.189833774338297,7.363223468877911,7.809999465942383
53.5,uav_02,1,27.193504786871568,7.617018035144039,7.813804251703409
53.6,uav_02,1,27.202668041318027,7.873340428267677,7.819999694824219
53.7,uav_02,1,27.20913103061399,8.157267688034326,7.819999694824219
53.8,uav_02,1,27.21589930698381,8.451586492881514,7.819999694824219
53.9,uav_02,1,27.228428286889677,8.731842179813688,7.819999694824219
54.0,uav_02,1,27.23224319369946,9.026492327864155,7.819999694824219
54.1,uav_02,1,27.238076914341946,9.31651210083202,7.819999694824219
54.2,uav_02,1,27.242322590620404,9.604707379486053,7.819999694824219
54.3,uav_02,1,27.247725543165366,9.899357527471686,7.819999694824219
54.4,uav_02,1,27.247725543165366,10.194007675486981,7.819999694824219
54.5,uav_02,1,27.252576943799852,10.487450179368818,7.819999694824219
54.6,uav_02,1,27.257374170617634,10.77852006600353,7.819999694824219
54.7,uav_02,1,27.257374170617634,11.067093098335846,7.819999694824219
54.8,uav_02,1,27.257374170617634,11.360016436465827,7.819999694824219
54.9,uav_02,1,27.257374170617634,11.652703944748486,7.819999694824219
55.0,uav_02,1,27.257374170617634,11.93996674556833,7.819999694824219
55.1,uav_02,1,27.257374170617634,12.232780058751615,7.819999694824219
55.2,uav_02,1,27.257374170617634,12.525577591980973,7.819999694824219
55.3,uav_02,1,27.257374170617634,12.812840392800787,7.819999694824219
55.4,uav_02,1,27.257374170617634,13.10554368103736,7.819999694824219
55.5,uav_02,1,27.252670677454375,13.403855051455944,7.8151248037156735
55.6,uav_02,1,27.247725543165366,13.691754175444553,7.809999465942383
55.7,uav_02,1,27.247725543165366,13.975392506287111,7.809999465942383
55.8,uav_02,1,27.247725543165366,14.255510901361767,7.809999465942383
55.9,uav_02,1,27.247725543165366,14.522958289882864,7.809999465942383
56.0,uav_02,1,27.24539433856057,14.804603847247154,7.809999465942383
56.1,uav_02,1,27.238076914341946,15.084225026728488,7.809999465942383
56.2,uav_02,1,27.238076914341946,15.356809717645303,7.809999465942383
56.3,uav_02,1,27.238076914341946,15.638455275354719,7.809999465942383
56.4,uav_02,1,27.238022430666977,15.920038236784514,7.809999465942383
56.5,uav_02,1,27.228942983364345,16.19125247708588,7.809999465942383
56.6,uav_02,1,27.228428286889677,16.48214668874975,7.809999465942383
56.7,uav_02,1,27.228428286889677,16.760095715615424,7.809999465942383
56.8,uav_02,1,27.228428286889677,17.050745947594308,7.809999465942383
56.9,uav_02,1,27.228428286889677,17.34425328505655,7.809999465942383
57.0,uav_02,1,27.228428286889677,17.62909665364948,7.809999465942383
57.1,uav_02,1,27.228428286889677,17.920182715049474,7.809999465942383
57.2,uav_02,1,27.214093162387226,18.221924816560936,7.809999465942383
57.3,uav_02,1,27.20913103061399,18.510262471491373,7.809999465942383
57.4,uav_02,1,27.20913103061399,18.79289916667023,7.809999465942383
57.5,uav_02,1,27.202523839749468,19.083126819651444,7.809999465942383
57.6,uav_02,1,27.19948240316172,19.376634156798257,7.809999465942383
57.7,uav_02,1,27.19948240316172,19.66776710161253,7.809999465942383
57.8,uav_02,1,27.1936694736712,19.963071929239586,7.809999465942383
57.9,uav_02,1,27.189833774338297,20.24908868839039,7.80435683566783
58.0,uav_02,1,27.189833774338297,20.526291829720744,7.799999237060547
58.1,uav_02,1,27.18512691428242,20.8089026514738,7.799999237060547
58.2,uav_02,1,27.18018514688603,21.09676745200205,7.799999237060547
58.3,uav_02,1,27.18018514688603,21.389192763025495,7.799999237060547
58.4,uav_02,1,27.176584354927027,21.679445371916533,7.799999237060547
58.5,uav_02,1,27.17053651806261,21.96036185358685,7.799999237060547
58.6,uav_02,1,27.17053651806261,22.24822665423197,7.799999237060547
58.7,uav_02,1,27.168053507708173,22.532875418149885,7.799999237060547
58.8,uav_02,1,27.160887890610343,22.81045032712629,7.799999237060547
58.9,uav_02,1,27.160887890610343,23.095989174342726,7.799999237060547
59.0,uav_02,1,27.159778492591105,23.389748715004316,7.799999237060547
59.1,uav_02,1,27.151239263158075,23.665664297773983,7.799999237060547
59.2,uav_02,1,27.151239263158075,23.951390545201754,7.799999237060547
59.3,uav_02,1,27.151239263158075,24.23711679226306,7.799999237060547
59.4,uav_02,1,27.142231757942533,24.522843039324442,7.799999237060547
59.5,uav_02,1,27.14159063433465,24.798723415241298,7.799999237060547
59.6,uav_02,1,27.14159063433465,25.092553369553613,7.799999237060547
59.7,uav_02,1,27.14159063433465,25.371181490681828,7.799999237060547
59.8,uav_02,1,27.134097910183794,25.65336717992818,7.799999237060547
59.9,uav_02,1,27.131942006882383,25.95024743224735,7.799999237060547
60.0,uav_02,1,27.131942006882383,26.233560177356516,7.807811311338598
60.1,uav_02,1,27.131942006882383,26.511923232015192,7.809999465942383
60.2,uav_02,1,27.124318815582235,26.79904451927407,7.809999465942383
60.3,uav_02,1,27.122293378058966,27.06211956362738,7.809999465942383
60.4,uav_02,1,27.122293378058966,27.327070362753847,7.809999465942383
60.5,uav_02,1,27.122293378058966,27.58539282846592,7.809999465942383
60.6,uav_02,1,27.122293378058966,27.84148683849869,7.809999465942383
60.7,uav_02,1,27.122293378058966,28.088576226270906,7.809999465942383
60.8,uav_02,1,27.122293378058966,28.334168111705964,7.809999465942383
60.9,uav_02,1,27.122293378058966,28.552728099321346,7.809999465942383
61.0,uav_02,1,27.122293378058966,28.763892470445253,7.809999465942383
61.1,uav_02,1,27.122293378058966,28.966916265084777,7.809999465942383
61.2,uav_02,1,27.122293378058966,29.158940358676254,7.809999465942383
61.3,uav_02,1,27.122293378058966,29.339668317613206,7.809999465942383
61.4,uav_02,1,27.122293378058966,29.499480933269695,7.809999465942383
61.5,uav_02,1,27.122293378058966,29.64642593309927,7.809999465942383
61.6,uav_02,1,27.122293378058966,29.782074798051756,7.809999465942383
61.7,uav_02,1,27.122293378058966,29.906427528075096,7.809999465942383
61.8,uav_02,1,27.122293378058966,30.014388587678113,7.809999465942383
61.9,uav_02,1,27.122293378058966,30.091609461069787,7.809999465942383
62.0,uav_02,1,27.12929851906537,30.171908653985348,7.802739054676117
62.1,uav_02,1,27.131942006882383,30.225343300092607,7.799999237060547
62.2,uav_02,1,27.131942006882383,30.273150428267392,7.799999237060547
62.3,uav_02,1,27.131942006882383,30.31324399938925,7.799999237060547
62.4,uav_02,1,27.131942006882383,30.33422175399478,7.799999237060547
62.5,uav_02,1,27.131942006882383,30.340313511166002,7.799999237060547
62.6,uav_02,1,27.131942006882383,30.333381208652547,7.799999237060547
62.7,uav_02,1,27.131942006882383,30.31003557266035,7.799999237060547
62.8,uav_02,1,27.131942006882383,30.274502079170098,7.799999237060547
62.9,uav_02,1,27.133803313387705,30.218768854930833,7.799999237060547
63.0,uav_02,1,27.14159063433465,30.158611721112866,7.799999237060547
63.1,uav_02,1,27.14416099014297,30.095711124470963,7.799999237060547
63.2,uav_02,1,27.15716942821068,30.04274302264813,7.799999237060547
63.3,uav_02,1,27.18061594784618,29.97351056115377,7.799999237060547
63.4,uav_02,1,27.210746013773676,29.908591662078102,7.799999237060547
63.5,uav_02,1,27.24502534317317,29.850897944133425,7.799999237060547
63.6,uav_02,1,27.289742755029042,29.798424787046716,7.799999237060547
63.7,uav_02,1,27.34489824850367,29.752269812782085,7.799999237060547
63.8,uav_02,1,27.407994842209032,29.707754133423585,7.799999237060547
63.9,uav_02,1,27.472328187917388,29.670709989043974,7.799999237060547
64.0,uav_02,1,27.54316164741038,29.63965404383568,7.799999237060547
64.1,uav_02,1,27.627497311815286,29.608598098627393,7.799999237060547
64.2,uav_02,1,27.714997372080873,29.577542153419095,7.799999237060547
64.3,uav_02,1,27.800022217355757,29.5464862082108,7.799999237060547
64.4,uav_02,1,27.900463968196565,29.516955320874427,7.799999237060547
64.5,uav_02,1,28.00927788021647,29.495459562173323,7.799999237060547
64.6,uav_02,1,28.126413006262478,29.464462149794038,7.799999237060547
64.7,uav_02,1,28.24354813103531,29.443758186076654,7.799999237060547
64.8,uav_02,1,28.369106364132957,29.423054222703083,7.799999237060547
64.9,uav_02,1,28.502073890858767,29.41136799740724,7.799999237060547
65.0,uav_02,1,28.63561138178877,29.409152993954514,7.799999237060547
65.1,uav_02,1,28.775229409217058,29.402007817010396,7.799999237060547
65.2,uav_02,1,28.916799023445478,29.40429320666591,7.799999237060547
65.3,uav_02,1,29.053899094938917,29.414470111171042,7.799999237060547
65.4,uav_02,1,29.191170602435054,29.429136789663666,7.799999237060547
65.5,uav_02,1,29.3303454137587,29.453153029385525,7.799999237060547
65.6,uav_02,1,29.463744258756876,29.483805237742427,7.799999237060547
65.7,uav_02,1,29.59553655668121,29.516303197425987,7.799999237060547
65.8,uav_02,1,29.72004214585171,29.55619489883535,7.799999237060547
65.9,uav_02,1,29.84462411716913,29.586982248413452,7.799999237060547
66.0,uav_02,1,29.976220091043178,29.630179315564504,7.799999237060547
66.1,uav_02,1,30.083651646074443,29.663872176152374,7.799999237060547
66.2,uav_02,1,30.200346182451607,29.70849860067636,7.809999465942383
66.3,uav_02,1,30.30739209000896,29.74203978121507,7.809999465942383
66.4,uav_02,1,30.41425959314198,29.775375992551663,7.809999465942383
66.5,uav_02,1,30.510790383150596,29.798036898307206,7.809999465942383
66.6,uav_02,1,30.579254548900305,29.83118281110411,7.809999465942383
66.7,uav_02,1,30.65667925782487,29.854034015005514,7.809999465942383
66.8,uav_02,1,30.72428970292676,29.886989629290827,7.809999465942383
66.9,uav_02,1,30.781566380067012,29.909392346984212,7.809999465942383
67.0,uav_02,1,30.820752272703896,29.933645630861385,7.809999465942383
67.1,uav_02,1,30.84824132292039,29.965227615997904,7.809999465942383
67.2,uav_02,1,30.858456022947074,29.979425983765886,7.809999465942383
67.3,uav_02,1,30.863273774335468,29.99975833453519,7.809999465942383
67.4,uav_02,1,30.853117085559802,30.015098390567456,7.809999465942383
67.5,uav_02,1,30.839140973770515,30.029926672095502,7.809999465942383
67.6,uav_02,1,30.81871157226556,30.029926672095502,7.809999465942383
67.7,uav_02,1,30.788495057311376,30.029926672095502,7.809999465942383
67.8,uav_02,1,30.75309588402863,30.029926672095502,7.809999465942383
67.9,uav_02,1,30.723923112613253,30.01720782917081,7.809999465942383
68.0,uav_02,1,30.701532124896975,30.001982489702534,7.809999465942383
68.1,uav_02,1,30.6793114025712,29.98176480051293,7.809999465942383
68.2,uav_02,1,30.65609161595386,29.946760278829167,7.809999465942383
68.3,uav_02,1,30.63819567520844,29.90563922589083,7.809999465942383
68.4,uav_02,1,30.62029973446302,29.8619644031726,7.809999465942383
68.5,uav_02,1,30.602403793717595,29.808814297909656,7.809999465942383
68.6,uav_02,1,30.58532934609252,29.747132718505778,7.809999465942383
68.7,uav_02,1,30.57613970576192,29.68517348537699,7.809999465942383
68.8,uav_02,1,30.549295795279576,29.60293137962688,7.809999465942383
68.9,uav_02,1,30.53082003210706,29.520689273535208,7.809999465942383
69.0,uav_02,1,30.512228596280885,29.42604231617742,7.809999465942383
69.1,uav_02,1,30.4931019680412,29.336267904575852,7.809999465942383
69.2,uav_02,1,30.473886683497497,29.211708466516694,7.809999465942383
69.3,uav_02,1,30.462519351441102,29.088267055704808,7.809999465942383
69.4,uav_02,1,30.44510474323352,28.966847341047167,7.809999465942383
69.5,uav_02,1,30.433719621089278,28.82854165349606,7.809999465942383
69.6,uav_02,1,30.424128201992538,28.68528793659677,7.809999465942383
69.7,uav_02,1,30.41452056011856,28.54179191035638,7.809999465942383
69.8,uav_02,1,30.41247553535723,28.38091860325352,7.809999465942383
69.9,uav_02,1,30.41247553535723,28.206704713183107,7.817795189384348
70.0,uav_02,1,30.41247553535723,28.034121167621848,7.819999694824219
70.1,uav_02,1,30.419295558528553,27.85703857851927,7.819999694824219
70.2,uav_02,1,30.4284616226119,27.67801447967609,7.819999694824219
70.3,uav_02,1,30.449337476361748,27.492263731044286,7.819999694824219
70.4,uav_02,1,30.466091005723612,27.302708802506082,7.819999694824219
70.5,uav_02,1,30.480146835694438,27.10753605423026,7.819999694824219
70.6,uav_02,1,30.502886165186176,26.907450296629825,7.819999694824219
70.7,uav_02,1,30.52645971848282,26.70285554882005,7.819999694824219
70.8,uav_02,1,30.55167599320926,26.49223896178328,7.819999694824219
70.9,uav_02,1,30.58538073910971,26.278222214265046,7.819999694824219
71.0,uav_02,1,30.613023913061102,26.055908807072385,7.819999694824219
71.1,uav_02,1,30.641135136903838,25.82983122666021,7.819999694824219
71.2,uav_02,1,30.66949170604659,25.599424586371565,7.819999694824219
71.3,uav_02,1,30.695994098821792,25.36264457513664,7.819999694824219
71.4,uav_02,1,30.714898477996822,25.130784745949416,7.819999694824219
71.5,uav_02,1,30.733802856964182,24.881014927820242,7.821514243599861
71.6,uav_02,1,30.752686328202227,24.63152133541494,7.829999923706055
71.7,uav_02,1,30.77046278774032,24.38246483816779,7.829999923706055
71.8,uav_02,1,30.77991497788696,24.122744900679102,7.829999923706055
71.9,uav_02,1,30.78996230575616,23.872291331130857,7.829999923706055
72.0,uav_02,1,30.808069284209818,23.611651462770055,7.829999923706055
72.1,uav_02,1,30.80849285328762,23.350770005731405,7.829999923706055
72.2,uav_02,1,30.82739629389231,23.089709184597925,7.829999923706055
72.3,uav_02,1,30.836862890227522,22.817806436926624,7.829999923706055
72.4,uav_02,1,30.84632948788638,22.556604848429817,7.829999923706055
72.5,uav_02,1,30.855796084269098,22.28508618596312,7.829999923706055
72.6,uav_02,1,30.86526268060431,22.013183438291787,7.829999923706055
72.7,uav_02,1,30.87472927818556,21.741280690978332,7.829999923706055
72.8,uav_02,1,30.884195874645883,21.459513321562856,7.829999923706055
72.9,uav_02,1,30.893662472175404,21.18638995129252,7.829999923706055
73.0,uav_02,1,30.903129068687466,20.90504085087392,7.829999923706055
73.1,uav_02,1,30.92043837924964,20.6343339298521,7.829999923706055
73.2,uav_02,1,30.9238528204928,20.358604191722765,7.829999923706055
73.3,uav_02,1,30.93107743486918,20.089574429424044,7.829999923706055
73.4,uav_02,1,30.94036162308798,19.807147679370566,7.829999923706055
73.5,uav_02,1,30.943150076768493,19.526613969773173,7.829999923706055
73.6,uav_02,1,30.94928137051979,19.24928389588098,7.829999923706055
73.7,uav_02,1,30.95279870422076,18.97195382188203,7.829999923706055
73.8,uav_02,1,30.958156470272627,18.689801938693844,7.829999923706055
73.9,uav_02,1,30.962447333044178,18.408610232736645,7.829999923706055
74.0,uav_02,1,30.967040460733255,18.12600314489524,7.829999923706055
74.1,uav_02,1,30.972095960496446,17.8380579200119,7.82545035497223
74.2,uav_02,1,30.972095960496446,17.54714292406267,7.819999694824219
74.3,uav_02,1,30.9767881381002,17.247196308809745,7.819999694824219
74.4,uav_02,1,30.98174458794871,16.941311435927503,7.819999694824219
74.5,uav_02,1,30.98174458794871,16.63542656304533,7.819999694824219
74.6,uav_02,1,30.9870734444946,16.335663977179784,7.819999694824219
74.7,uav_02,1,30.991393216772135,16.034742061266233,7.819999694824219
74.8,uav_02,1,30.991393216772135,15.728857188384035,7.819999694824219
74.9,uav_02,1,30.997358750745605,15.422972315501848,7.819999694824219
75.0,uav_02,1,31.001041844224403,15.117087442619685,7.819999694824219
75.1,uav_02,1,31.001041844224403,14.830715768431567,7.819999694824219
75.2,uav_02,1,31.001041844224403,14.563325959389879,7.819999694824219
75.3,uav_02,1,31.001041844224403,14.30646452724572,7.819999694824219
75.4,uav_02,1,31.003296509739425,14.050070816008047,7.819999694824219
75.5,uav_02,1,31.010690473047827,13.780700932783803,7.819999694824219
75.6,uav_02,1,31.010690473047827,13.519825923981978,7.819999694824219
75.7,uav_02,1,31.010690473047827,13.258950915180181,7.819999694824219
75.8,uav_02,1,31.010690473047827,12.998075906378393,7.819999694824219
75.9,uav_02,1,31.010690473047827,12.738664605454598,7.819999694824219
76.0,uav_02,1,31.010690473047827,12.47882006873051,7.819999694824219
76.1,uav_02,1,31.0138420178249,12.2179450598001,7.819999694824219
76.2,uav_02,1,31.020339100500095,11.948155421348728,7.819999694824219
76.3,uav_02,1,31.020339100500095,11.64627857805987,7.819999694824219
76.4,uav_02,1,31.020339100500095,11.336848338999914,7.819999694824219
76.5,uav_02,1,31.020339100500095,11.030380938215902,7.819999694824219
76.6,uav_02,1,31.020339100500095,10.725735131677697,7.819999694824219
76.7,uav_02,1,31.026802900730164,10.408557621794056,7.819999694824219
76.8,uav_02,1,31.039636356775784,10.099127382826097,7.819999694824219
76.9,uav_02,1,31.039636356775784,9.785233765461628,7.819999694824219
77.0,uav_02,1,31.039636356775784,9.469181660510989,7.819999694824219
77.1,uav_02,1,31.039636356775784,9.159751421543046,7.819999694824219
77.2,uav_02,1,31.039636356775784,8.849281182903537,7.819999694824219
77.3,uav_02,1,31.039636356775784,8.537060142756909,7.819999694824219
77.4,uav_02,1,31.039636356775784,8.217642230477566,7.819999694824219
77.5,uav_02,1,31.039636356775784,7.900351424742955,7.813588727672633
77.6,uav_02,1,31.039636356775784,7.587539687925509,7.809999465942383
77.7,uav_02,1,31.039636356775784,7.274727951108083,7.809999465942383
77.8,uav_02,1,31.039636356775784,6.961916213984855,7.809999465942383
77.9,uav_02,1,31.039636356775784,6.639996423739941,7.809999465942383
78.0,uav_02,1,31.039636356775784,6.327351525591966,7.809999465942383
78.1,uav_02,1,31.048354683406373,6.014889939021186,7.809999465942383
78.2,uav_02,1,31.049284984228052,5.715768411573809,7.809999465942383
78.3,uav_02,1,31.049284984228052,5.387891120017616,7.809999465942383
78.4,uav_02,1,31.049284984228052,5.0800285875645494,7.809999465942383
78.5,uav_02,1,31.049284984228052,4.784047689786502,7.809999465942383
78.6,uav_02,1,31.049284984228052,4.47698154762939,7.809999465942383
78.7,uav_02,1,31.049284984228052,4.1714196218332855,7.809999465942383
78.8,uav_02,1,31.049284984228052,3.885019751679511,7.809999465942383
78.9,uav_02,1,31.049284984228052,3.5806081292048844,7.809999465942383
79.0,uav_02,1,31.049284984228052,3.297902462773163,7.809999465942383
79.1,uav_02,1,31.049284984228052,3.027619611055391,7.809999465942383
79.2,uav_02,1,31.049284984228052,2.772673585840367,7.809999465942383
79.3,uav_02,1,31.049284984228052,2.538921846138228,7.809999465942383
79.4,uav_02,1,31.049284984228052,2.3144311724817346,7.809999465942383
79.5,uav_02,1,31.049284984228052,2.0983345660374577,7.809999465942383
79.6,uav_02,1,31.049284984228052,1.8840621378618498,7.815926299224606
79.7,uav_02,1,31.049284984228052,1.6750140104032927,7.819999694824219
79.8,uav_02,1,31.049284984228052,1.4782386625746478,7.819999694824219
79.9,uav_02,1,31.049284984228052,1.2931852018617944,7.819999694824219
80.0,uav_02,1,31.048251350132237,1.1093192765375146,7.819999694824219
80.1,uav_02,1,31.03977392659258,0.9340054717609108,7.819999694824219
80.2,uav_02,1,31.039636356775784,0.7791218615422608,7.819999694824219
80.3,uav_02,1,31.039636356775784,0.6193705573594337,7.819999694824219
80.4,uav_02,1,31.039636356775784,0.4713553607923643,7.819999694824219
80.5,uav_02,1,31.039636356775784,0.33464920561996464,7.819999694824219
80.6,uav_02,1,31.039636356775784,0.21315482191903107,7.819999694824219
80.7,uav_02,1,31.039636356775784,0.10548065335589811,7.819999694824219
80.8,uav_02,1,31.032452874432238,0.007202230727002691,7.819999694824219
80.9,uav_02,1,31.020339100500095,-0.07839866815865351,7.819999694824219
81.0,uav_02,1,31.020339100500095,-0.1476451044449285,7.819999694824219
81.1,uav_02,1,31.018953175834838,-0.20431123549823227,7.819999694824219
81.2,uav_02,1,31.010690473047827,-0.2350327205435307,7.819999694824219
81.3,uav_02,1,31.010690473047827,-0.2657542055888248,7.819999694824219
81.4,uav_02,1,31.010690473047827,-0.26604586194790325,7.819999694824219
81.5,uav_02,1,31.010690473047827,-0.2551151524529265,7.81013887506668
81.6,uav_02,1,31.001041844224403,-0.2215820726932678,7.810021624217029
81.7,uav_02,1,31.001041844224403,-0.1650567053060216,7.819999694824219
81.8,uav_02,1,31.00137499706836,-0.09823617004992632,7.819999694824219
81.9,uav_02,1,31.01117951264056,-0.052055094991264275,7.819999694824219
82.0,uav_02,1,31.02162895336945,0.014790002678008526,7.819999694824219
82.1,uav_02,1,31.041237983259524,0.07203175930877867,7.819999694824219
82.2,uav_02,1,31.061803713130693,0.13851866235627128,7.819999694824219
82.3,uav_02,1,31.09240542484661,0.19494891266873243,7.819999694824219
82.4,uav_02,1,31.133918675601542,0.2507178754156836,7.819999694824219
82.5,uav_02,1,31.18497582758035,0.29764525185921936,7.819999694824219
82.6,uav_02,1,31.241262055721897,0.3445726286358201,7.819999694824219
82.7,uav_02,1,31.312742068782462,0.3915000054124183,7.819999694824219
82.8,uav_02,1,31.387962224464705,0.43413035702361347,7.816123259294657
82.9,uav_02,1,31.473956612936774,0.4693258895018597,7.809999465942383
83.0,uav_02,1,31.570725234426845,0.5045214219801065,7.809999465942383
83.1,uav_02,1,31.678268088866705,0.5334801295352195,7.809999465942383
83.2,uav_02,1,31.790593823239337,0.5638272425574946,7.809999465942383
83.3,uav_02,1,31.91165102873638,0.5978623470997647,7.809999465942383
83.4,uav_02,1,32.03524017996457,0.6166687703341542,7.809999465942383
83.5,uav_02,1,32.16338091944269,0.6341817121130915,7.809999465942383
83.6,uav_02,1,32.28949989592226,0.6429441665053752,7.809999465942383
83.7,uav_02,1,32.417159616870954,0.6490955446762576,7.809999465942383
83.8,uav_02,1,32.55910061550366,0.6540294108844801,7.809999465942383
83.9,uav_02,1,32.69501104054624,0.6484306716478551,7.809999465942383
84.0,uav_02,1,32.82194923370072,0.6322993271554714,7.809999465942383
84.1,uav_02,1,32.9492707571281,0.6157275778386246,7.805447274194631
84.2,uav_02,1,33.07157630144225,0.5953790914256231,7.799999237060547
84.3,uav_02,1,33.18559161571479,0.564210099068302,7.799999237060547
84.4,uav_02,1,33.286214527205665,0.5300634402619312,7.799999237060547
84.5,uav_02,1,33.38120719814361,0.4854749528404881,7.799999237060547
84.6,uav_02,1,33.462082051790176,0.45759997913090233,7.799999237060547
84.7,uav_02,1,33.54295690543676,0.42146833565612074,7.807447750113565
84.8,uav_02,1,33.61258078765136,0.39076478733261516,7.809999465942383
84.9,uav_02,1,33.6772806709105,0.3628898136230206,7.809999465942383
85.0,uav_02,1,33.74198055359789,0.33501483991343495,7.809999465942383
85.1,uav_02,1,33.80573837821128,0.30713986620384814,7.809999465942383
85.2,uav_02,1,33.86235077599377,0.2792648924942485,7.809999465942383
85.3,uav_02,1,33.91149477334462,0.2513899187846621,7.809999465942383
85.4,uav_02,1,33.954112427498394,0.22351494507507247,7.809999465942383
85.5,uav_02,1,33.996996183005834,0.19395362895666352,7.809999465942383
85.6,uav_02,1,34.03896180698309,0.16708166299616317,7.809999465942383
85.7,uav_02,1,34.07300108907179,0.13986240278882123,7.809999465942383
85.8,uav_02,1,34.10186659029947,0.11177857623426467,7.809999465942383
85.9,uav_02,1,34.12194316186713,0.0896696551484533,7.809999465942383
86.0,uav_02,1,34.13156499590057,0.06756073388436921,7.809999465942383
86.1,uav_02,1,34.13684595268831,0.04545181258300844,7.809999465942383
86.2,uav_02,1,34.13253187035477,0.02334289149720052,7.809999465942383
86.3,uav_02,1,34.11862274829067,0.006159607307751902,7.809999465942383
86.4,uav_02,1,34.09937908034976,-0.009789706689140795,7.809999465942383
86.5,uav_02,1,34.0754439991502,-0.02217048836438294,7.809999465942383
86.6,uav_02,1,34.045233681010785,-0.02769407928839564,7.809999465942383
86.7,uav_02,1,34.0148152540208,-0.033255732743487906,7.809999465942383
86.8,uav_02,1,33.98437311358587,-0.02659519724205179,7.809999465942383
86.9,uav_02,1,33.960154573412936,-0.007620096006056799,7.809999465942383
87.0,uav_02,1,33.93291995860341,0.0157797139504044,7.809999465942383
87.1,uav_02,1,33.90977142337274,0.04768404182917407,7.809999465942383
87.2,uav_02,1,33.88146680362095,0.09190293570097943,7.809999465942383
87.3,uav_02,1,33.85938827333253,0.1387025560295579,7.809999465942383
87.4,uav_02,1,33.83902101203856,0.20619917667686397,7.809999465942383
87.5,uav_02,1,33.81875780051703,0.2760399807018118,7.809999465942383
87.6,uav_02,1,33.79885394193485,0.35739351828134225,7.809999465942383
87.7,uav_02,1,33.78801964298516,0.45103917277129646,7.809999465942383
87.8,uav_02,1,33.76782674461006,0.5554368584451035,7.8087705880151415
87.9,uav_02,1,33.749267338877544,0.6617112527648807,7.799999237060547
88.0,uav_02,1,33.73292694953083,0.7800998886006255,7.799999237060547
88.1,uav_02,1,33.69759942203248,0.9076970598423545,7.799999237060547
88.2,uav_02,1,33.68038347954454,1.0421346400414793,7.799999237060547
88.3,uav_02,1,33.666862254105695,1.1929312972632655,7.799999237060547
88.4,uav_02,1,33.650669724201556,1.3418196247989416,7.8038805277518515
88.5,uav_02,1,33.64097949419745,1.495249558390065,7.809999465942383
88.6,uav_02,1,33.63143179838031,1.6640230550227282,7.809999465942383
88.7,uav_02,1,33.625468667552745,1.8391826913723206,7.809999465942383
88.8,uav_02,1,33.628964031427905,2.0192715953199087,7.809999465942383
88.9,uav_02,1,33.63511729500501,2.2063492677370875,7.809999465942383
89.0,uav_02,1,33.63847221936429,2.3972813898022656,7.809999465942383
89.1,uav_02,1,33.648050627714625,2.599137405666209,7.809999465942383
89.2,uav_02,1,33.65762903562738,2.808224216010089,7.809999465942383
89.3,uav_02,1,33.66720744399767,3.0209234502542635,7.809999465942383
89.4,uav_02,1,33.67937044002578,3.2353915048310924,7.809999465942383
89.5,uav_02,1,33.696820254143404,3.4358712505215063,7.808024429964158
89.6,uav_02,1,33.71431996923762,3.6299839018272952,7.799999237060547
89.7,uav_02,1,33.73956271676386,3.8329924716582875,7.799999237060547
89.8,uav_02,1,33.75695437784387,4.045021102873906,7.799999237060547
89.9,uav_02,1,33.77378287659326,4.250094855699203,7.799999237060547
90.0,uav_02,1,33.795993704438,4.459287147673635,7.799999237060547
90.1,uav_02,1,33.821236451964225,4.676728345051174,7.799999237060547
90.2,uav_02,1,33.84356562774599,4.899071064499846,7.799999237060547
90.3,uav_02,1,33.860394126495386,5.121413783792534,7.799999237060547
90.4,uav_02,1,33.87722262524479,5.344267547662151,7.799999237060547
90.5,uav_02,1,33.89405112399419,5.576277341754594,7.799999237060547
90.6,uav_02,1,33.912015951134386,5.805127972381123,7.799999237060547
90.7,uav_02,1,33.92285830270147,6.060603001870299,7.799999237060547
90.8,uav_02,1,33.932311148429804,6.321250481229388,7.799999237060547
90.9,uav_02,1,33.9342247638503,6.588770110013735,7.799999237060547
91.0,uav_02,1,33.94148780774934,6.851413635477154,7.799999237060547
91.1,uav_02,1,33.94387339267373,7.120180644224456,7.799999237060547
91.2,uav_02,1,33.95074487160452,7.3995830318494065,7.799999237060547
91.3,uav_02,1,33.953522020125995,7.666611806297973,7.799999237060547
91.4,uav_02,1,33.953522020125995,7.934704017213692,7.799999237060547
91.5,uav_02,1,33.966090287072305,8.20621180834139,7.799999237060547
91.6,uav_02,1,33.97281927640169,8.493809543045497,7.799999237060547
91.7,uav_02,1,33.97281927640169,8.788548689611916,7.799999237060547
91.8,uav_02,1,33.97281927640169,9.099572599966761,7.799999237060547
91.9,uav_02,1,33.97281927640169,9.38924921901186,7.799999237060547
92.0,uav_02,1,33.97281927640169,9.691198335585856,7.799999237060547
92.1,uav_02,1,33.97281927640169,9.996838588272311,7.799999237060547
92.2,uav_02,1,33.97281927640169,10.302478840922824,7.799999237060547
92.3,uav_02,1,33.97281927640169,10.608954126103102,7.799999237060547
92.4,uav_02,1,33.97281927640169,10.92484459097929,7.799999237060547
92.5,uav_02,1,33.97281927640169,11.225954271640523,7.799999237060547
92.6,uav_02,1,33.97281927640169,11.505103502238535,7.799999237060547
92.7,uav_02,1,33.97281927640169,11.774604065525752,7.799999237060547
92.8,uav_02,1,33.97256930767052,12.053393935315023,7.799999237060547
92.9,uav_02,1,33.95458527208823,12.321996530028231,7.799999237060547
93.0,uav_02,1,33.953522020125995,12.598150266857777,7.799999237060547
93.1,uav_02,1,33.94579864444594,12.867885160201931,7.799999237060547
93.2,uav_02,1,33.94387339267373,13.136487754836544,7.799999237060547
93.3,uav_02,1,33.937463236682824,13.412454934139168,7.799999237060547
93.4,uav_02,1,33.9342247638503,13.684778188013237,7.799999237060547
93.5,uav_02,1,33.92912782937044,13.95923661694105,7.799999237060547
93.6,uav_02,1,33.92034868563664,14.231566702700324,7.799999237060547
93.7,uav_02,1,33.91492750757462,14.490907320055237,7.799999237060547
93.8,uav_02,1,33.91320146922278,14.743473583847999,7.799999237060547
93.9,uav_02,1,33.90527888012235,15.010278200130996,7.799999237060547
94.0,uav_02,1,33.90527888012235,15.2588783957897,7.799999237060547
94.1,uav_02,1,33.897882907930835,15.507478591750312,7.799999237060547
94.2,uav_02,1,33.89563025267009,15.763052272848606,7.799999237060547
94.3,uav_02,1,33.89088674221286,16.021214014611814,7.799999237060547
94.4,uav_02,1,33.882564345267724,16.279375756375035,7.799999237060547
94.5,uav_02,1,33.876332996394396,16.53513510769995,7.799999237060547
94.6,uav_02,1,33.87556818011516,16.784613995916192,7.799999237060547
94.7,uav_02,1,33.8672457826844,17.042775737679396,7.799999237060547
94.8,uav_02,1,33.86668436757097,17.33452305515975,7.799999237060547
94.9,uav_02,1,33.85723803405739,17.6525189070171,7.799999237060547
95.0,uav_02,1,33.85609258909976,17.972182222811355,7.799999237060547
95.1,uav_02,1,33.83773848384301,18.281843874483844,7.799999237060547
95.2,uav_02,1,33.83593420519317,18.601582572353884,7.799999237060547
95.3,uav_02,1,33.82567707755673,18.919759905980058,7.799999237060547
95.4,uav_02,1,33.81844122756732,19.239965011706136,7.799999237060547
95.5,uav_02,1,33.8146807102469,19.5601701174321,7.799999237060547
95.6,uav_02,1,33.808792600115055,19.88546986080193,7.799999237060547
95.7,uav_02,1,33.80371190653368,20.204973382167836,7.799999237060547
95.8,uav_02,1,33.793463406623644,20.517635003509334,7.799999237060547
95.9,uav_02,1,33.78949534383937,20.827890999951578,7.799999237060547
96.0,uav_02,1,33.78264437098831,21.141459152574374,7.799999237060547
96.1,uav_02,1,33.7798467163871,21.458913849215403,7.799999237060547
96.2,uav_02,1,33.77182533421307,21.78558425756902,7.799999237060547
96.3,uav_02,1,33.76159150243803,22.09502043804701,7.799999237060547
96.4,uav_02,1,33.76054946011141,22.411277939513873,7.799999237060547
96.5,uav_02,1,33.75090083128799,22.728732636173547,7.799999237060547
96.6,uav_02,1,33.750215251076455,23.045319087792812,7.799999237060547
96.7,uav_02,1,33.74125220383572,23.349719896321375,7.799999237060547
96.8,uav_02,1,33.74125220383572,23.647916745921826,7.799999237060547
96.9,uav_02,1,33.74125220383572,23.94521891017203,7.799999237060547
97.0,uav_02,1,33.73976595809878,24.233225201137607,7.799999237060547
97.1,uav_02,1,33.721954947560036,24.531422050738087,7.799999237060547
97.2,uav_02,1,33.721954947560036,24.829446650175292,7.799999237060547
97.3,uav_02,1,33.721399071440075,25.125321569983388,7.799999237060547
97.4,uav_02,1,33.712306320107764,25.422920693686148,7.799999237060547
97.5,uav_02,1,33.71182167156356,25.710073215765462,7.799999237060547
97.6,uav_02,1,33.702657691284344,25.995876321488826,7.799999237060547
97.7,uav_02,1,33.702657691284344,26.254140306077236,7.799999237060547
97.8,uav_02,1,33.702657691284344,26.49008106839557,7.799999237060547
97.9,uav_02,1,33.69655788855906,26.731368575704327,7.806321320039567
98.0,uav_02,1,33.69300906383208,26.964431323056086,7.809999465942383
98.1,uav_02,1,33.69300906383208,27.189339627809314,7.809999465942383
98.2,uav_02,1,33.69300906383208,27.4142479325626,7.809999465942383
98.3,uav_02,1,33.69287696847143,27.638852710388836,7.809999465942383
98.4,uav_02,1,33.68472026670587,27.84501865652361,7.809999465942383
98.5,uav_02,1,33.68336043500865,28.051184602380978,7.809999465942383
98.6,uav_02,1,33.68336043500865,28.26344536153441,7.809999465942383
98.7,uav_02,1,33.68336043500865,28.461459494373923,7.809999465942383
98.8,uav_02,1,33.68336043500865,28.644452907253555,7.809999465942383
98.9,uav_02,1,33.68336043500865,28.840041417207992,7.809999465942383
99.0,uav_02,1,33.685163766431806,29.034220156228663,7.809999465942383
99.1,uav_02,1,33.69300906383208,29.21767851979262,7.809999465942383
99.2,uav_02,1,33.69300906383208,29.390416508466735,7.809999465942383
99.3,uav_02,1,33.69300906383208,29.552434121930677,7.809999465942383
99.4,uav_02,1,33.69300906383208,29.702256162777456,7.809999465942383
99.5,uav_02,1,33.69393803192858,29.831047169584366,7.809999465942383
99.6,uav_02,1,33.702657691284344,29.949208374706078,7.809999465942383
99.7,uav_02,1,33.702657691284344,30.046631245551573,7.809999465942383
99.8,uav_02,1,33.702657691284344,30.13354830119082,7.809999465942383
99.9,uav_02,1,33.70356957147533,30.212528845028864,7.809999465942383
100.0,uav_02,1,33.712306320107764,30.270428031378685,7.809999465942383
100.1,uav_02,1,33.712306320107764,30.309865740414125,7.809999465942383
100.2,uav_02,1,33.7155164670653,30.31814302240779,7.809999465942383
100.3,uav_02,1,33.721954947560036,30.313574751369593,7.809999465942383
100.4,uav_02,1,33.721954947560036,30.290712501350914,7.809999465942383
100.5,uav_02,1,33.73297177605018,30.248487724665395,7.809999465942383
100.6,uav_02,1,33.74125220383572,30.19341739474776,7.809999465942383
100.7,uav_02,1,33.74125220383572,30.14167929006099,7.809999465942383
100.8,uav_02,1,33.74125220383572,30.078337922214942,7.809999465942383
100.9,uav_02,1,33.74125220383572,30.011202789333293,7.809999465942383
101.0,uav_02,1,33.74125220383572,29.927054979816198,7.809999465942383
101.1,uav_02,1,33.74125220383572,29.846803940785755,7.809999465942383
101.2,uav_02,1,33.72596889364141,29.760156704525198,7.809999465942383
101.3,uav_02,1,33.721954947560036,29.671164944961088,7.809999465942383
101.4,uav_02,1,33.71424587908487,29.573316287603507,7.809999465942383
101.5,uav_02,1,33.70462753346053,29.46504010995274,7.809999465942383
101.6,uav_02,1,33.69496161411698,29.34514703323055,7.809999465942383
101.7,uav_02,1,33.68527927860575,29.22278336389314,7.809999465942383
101.8,uav_02,1,33.66877283763459,29.09797578880987,7.809999465942383
101.9,uav_02,1,33.65755551461884,28.968314456552655,7.809999465942383
102.0,uav_02,1,33.64877477552416,28.837168733378835,7.809999465942383
102.1,uav_02,1,33.639994036197706,28.695058231568673,7.809999465942383
102.2,uav_02,1,33.63511729500501,28.543736243429,7.809999465942383
102.3,uav_02,1,33.63208118566029,28.392414255289335,7.809999465942383
102.4,uav_02,1,33.625468667552745,28.238601212885087,7.809999465942383
102.5,uav_02,1,33.622868003894276,28.07569714958882,7.809999465942383
102.6,uav_02,1,33.605306525349796,27.90370206565273,7.809999465942383
102.7,uav_02,1,33.58774504680532,27.722115679885135,7.809999465942383
102.8,uav_02,1,33.57018356826085,27.540529294117597,7.809999465942383
102.9,uav_02,1,33.5595724133753,27.348042822822652,7.809999465942383
103.0,uav_02,1,33.525585183468124,27.137537735405868,7.809999465942383
103.1,uav_02,1,33.48638550594536,26.92361555575818,7.809999465942383
103.2,uav_02,1,33.44718582745264,26.70005605143296,7.809999465942383
103.3,uav_02,1,33.40798614875934,26.474874809623746,7.809999465942383
103.4,uav_02,1,33.36878647130107,26.249693568117717,7.809999465942383
103.5,uav_02,1,33.32958679274387,26.034671104817864,7.809999465942383
103.6,uav_02,1,33.281393593525365,25.80008373282602,7.809999465942383
103.7,uav_02,1,33.23277188067196,25.55504727206642,7.809999465942383
103.8,uav_02,1,33.18379642435143,25.318057798842794,7.809999465942383
103.9,uav_02,1,33.13728496278229,25.093623627531652,7.809999465942383
104.0,uav_02,1,33.1004280362645,24.86654730780979,7.809999465942383
104.1,uav_02,1,33.05685856223323,24.639177888759203,7.809999465942383
104.2,uav_02,1,33.01188061077127,24.403841957371906,7.809999465942383
104.3,uav_02,1,32.96690265930931,24.18057004862334,7.809999465942383
104.4,uav_02,1,32.92755270718408,23.944137689667727,7.809999465942383
104.5,uav_02,1,32.886595383837665,23.707529724586205,7.809999465942383
104.6,uav_02,1,32.84161743237571,23.475194875768565,7.809999465942383
104.7,uav_02,1,32.79663948091375,23.2374904832253,7.809999465942383
104.8,uav_02,1,32.751661529451795,22.996321201982454,7.809999465942383
104.9,uav_02,1,32.70372210602866,22.748359897862667,7.809999465942383
105.0,uav_02,1,32.64714039534893,22.499168894082587,7.809999465942383
105.1,uav_02,1,32.587273075769076,22.24268827673364,7.809999465942383
105.2,uav_02,1,32.5200013724765,21.98019101147709,7.809999465942383
105.3,uav_02,1,32.454858759845564,21.723798594310328,7.809999465942383
105.4,uav_02,1,32.395106593343655,21.458811130823783,7.809999465942383
105.5,uav_02,1,32.32783489005108,21.196181565438867,7.809999465942383
105.6,uav_02,1,32.26257712357617,20.93992144809201,7.809999465942383
105.7,uav_02,1,32.20491566411077,20.67266428624593,7.809999465942383
105.8,uav_02,1,32.149271419179314,20.399302717930997,7.809999465942383
105.9,uav_02,1,32.10146454031556,20.135662700026167,7.81190019972715
106.0,uav_02,1,32.05295522297412,19.865980829626327,7.819999694824219
106.1,uav_02,1,32.0082073725903,19.586178622296387,7.819999694824219
106.2,uav_02,1,31.974836225690602,19.30637641505107,7.819999694824219
106.3,uav_02,1,31.928294231668012,19.026574208030393,7.819999694824219
106.4,uav_02,1,31.891586860118526,18.74936750036533,7.819999694824219
106.5,uav_02,1,31.85765772907976,18.478055037749606,7.819999694824219
106.6,uav_02,1,31.811394727106872,18.195443642672096,7.819999694824219
106.7,uav_02,1,31.77242822512945,17.907365378814262,7.819999694824219
106.8,uav_02,1,31.733461723525934,17.627563171774593,7.819999694824219
106.9,uav_02,1,31.69500985369337,17.351456316189285,7.819999694824219
107.0,uav_02,1,31.658120456212462,17.084076773513495,7.819999694824219
107.1,uav_02,1,31.62198041029927,16.815977080271267,7.819999694824219
107.2,uav_02,1,31.585840365315097,16.55538827718742,7.819999694824219
107.3,uav_02,1,31.549700319180847,16.285878623622448,7.819999694824219
107.4,uav_02,1,31.513560273046597,16.026372017849724,7.819999694824219
107.5,uav_02,1,31.48616995314595,15.766865411719793,7.819999694824219
107.6,uav_02,1,31.459064919187234,15.488663763391147,7.819999694824219
107.7,uav_02,1,31.416914900421833,15.217039169828205,7.819999694824219
107.8,uav_02,1,31.392466470302285,14.947152299604978,7.819999694824219
107.9,uav_02,1,31.355510670098102,14.684498010424882,7.819999694824219
108.0,uav_02,1,31.321594053119334,14.410852099244012,7.819999694824219
108.1,uav_02,1,31.288807123141353,14.132124465721182,7.819999694824219
108.2,uav_02,1,31.25666310271369,13.855884356832503,7.819999694824219
108.3,uav_02,1,31.233365852359753,13.579644247945676,7.819999694824219
108.4,uav_02,1,31.202735701642737,13.308051317881413,7.819999694824219
108.5,uav_02,1,31.167429172202276,13.034062720441048,7.819999694824219
108.6,uav_02,1,31.142447654916264,12.74719799205455,7.819999694824219
108.7,uav_02,1,31.105456858890626,12.463598568293445,7.819999694824219
108.8,uav_02,1,31.070907264729613,12.187358459324845,7.819999694824219
108.9,uav_02,1,31.041123894741062,11.908774295259398,7.819999694824219
109.0,uav_02,1,31.005497873348425,11.621059089952677,7.819999694824219
109.1,uav_02,1,30.976021575353748,11.325369665251005,7.819999694824219
109.2,uav_02,1,30.945754769651163,11.015107261058752,7.819999694824219
109.3,uav_02,1,30.912699678169663,10.713738390773372,7.819999694824219
109.4,uav_02,1,30.87234393673587,10.408660211499413,7.819999694824219
109.5,uav_02,1,30.835657095746317,10.095700230794128,7.819999694824219
109.6,uav_02,1,30.80128108189923,9.787461291052779,7.819999694824219
109.7,uav_02,1,30.765474855392572,9.480865513368762,7.819999694824219
109.8,uav_02,1,30.73021822706259,9.173638306104456,7.819999694824219
109.9,uav_02,1,30.700722745017288,8.86603079633725,7.819999694824219
110.0,uav_02,1,30.66393453910339,8.559280890953836,7.819999694824219
110.1,uav_02,1,30.632829369883563,8.2619528838901,7.819999694824219
110.2,uav_02,1,30.597355508251688,7.966642035459008,7.819999694824219
110.3,uav_02,1,30.554970204029775,7.676470818618734,7.819999694824219
110.4,uav_02,1,30.52204359431812,7.385015856510516,7.819999694824219
110.5,uav_02,1,30.488189542578354,7.088660144931874,7.819999694824219
110.6,uav_02,1,30.455072999146225,6.79230443335319,7.819999694824219
110.7,uav_02,1,30.42140888112693,6.495948721774489,7.819999694824219
110.8,uav_02,1,30.383194236687014,6.205231970987935,7.819999694824219
110.9,uav_02,1,30.344979592223247,5.914322542602445,7.819999694824219
111.0,uav_02,1,30.31224624941117,5.6258569852737415,7.819999694824219
111.1,uav_02,1,30.281740802026412,5.349078436548253,7.819999694824219
111.2,uav_02,1,30.24667527907225,5.077144261323259,7.819999694824219
111.3,uav_02,1,30.211609756398502,4.805210086017734,7.819999694824219
111.4,uav_02,1,30.176544234535076,4.533275910479501,7.819999694824219
111.5,uav_02,1,30.141478711580906,4.261581635282706,7.819999694824219
111.6,uav_02,1,30.10641318862675,3.9997190962964866,7.819999694824219
111.7,uav_02,1,30.071347666822668,3.72855862918373,7.819999694824219
111.8,uav_02,1,30.03628214408958,3.456624453958745,7.819999694824219
111.9,uav_02,1,30.00121662113541,3.184690278733753,7.813440634860827
112.0,uav_02,1,29.9661510989552,2.9127561032865223,7.809999465942383
112.1,uav_02,1,29.930088137141812,2.6386167386346666,7.809999465942383
112.2,uav_02,1,29.892673796554252,2.348831663090868,7.809999465942383
112.3,uav_02,1,29.854640025759906,2.0479843987534445,7.809999465942383
112.4,uav_02,1,29.816435243163777,1.7517051656678948,7.809999465942383
112.5,uav_02,1,29.778230459818662,1.4554259325823728,7.809999465942383
112.6,uav_02,1,29.74002567705418,1.1591466994969033,7.809999465942383
112.7,uav_02,1,29.697832538993044,0.8628674664113503,7.809999465942383
112.8,uav_02,1,29.65396748370221,0.5665882331670167,7.809999465942383
112.9,uav_02,1,29.615762700357095,0.27030899984648615,7.809999465942383
113.0,uav_02,1,29.577557917537227,-0.02172385588908332,7.809999465942383
113.1,uav_02,1,29.538928300905727,-0.31445882329857,7.809999465942383
113.2,uav_02,1,29.495370795283073,-0.6215660616716112,7.809999465942383
113.3,uav_02,1,29.44966696497217,-0.931857749491242,7.809999465942383
113.4,uav_02,1,29.414320341121137,-1.242149437501282,7.809999465942383
113.5,uav_02,1,29.369253586400042,-1.5466744458299364,7.809999465942383
113.6,uav_02,1,29.319983330259376,-1.8578212891502124,7.809999465942383
113.7,uav_02,1,29.279971661525504,-2.1730245011635057,7.809999465942383
113.8,uav_02,1,29.233877790667385,-2.48331618898312,7.809999465942383
113.9,uav_02,1,29.190299695390454,-2.786213035144188,7.809999465942383
114.0,uav_02,1,29.143497246187685,-3.092814320520388,7.809999465942383
114.1,uav_02,1,29.109514147954727,-3.377558345796628,7.809999465942383
114.2,uav_02,1,29.07111638677957,-3.6571993677161987,7.809999465942383
114.3,uav_02,1,29.027455178457945,-3.9324627244560997,7.809999465942383
114.4,uav_02,1,28.98778444814922,-4.2033836326789595,7.809999465942383
114.5,uav_02,1,28.95269172229167,-4.4755287672301245,7.809999465942383
114.6,uav_02,1,28.91535204105656,-4.747673901781268,7.809999465942383
114.7,uav_02,1,28.87285764331921,-5.0198190363324615,7.809999465942383
114.8,uav_02,1,28.83726885648285,-5.291964170903916,7.809999465942383
114.9,uav_02,1,28.79340294978429,-5.564109305813157,7.809999465942383
115.0,uav_02,1,28.757930839470543,-5.826610863129665,7.809999465942383
115.1,uav_02,1,28.722838113613,-6.097314330551898,7.809999465942383
115.2,uav_02,1,28.67904878060406,-6.3822006937815905,7.809999465942383
115.3,uav_02,1,28.64513556834392,-6.679200193683748,7.809999465942383
115.4,uav_02,1,28.595097158276808,-6.979299167787586,7.809999465942383
115.5,uav_02,1,28.551112842942235,-7.271320454856587,7.809999465942383
115.6,uav_02,1,28.505358963148065,-7.568411872009953,7.809999465942383
115.7,uav_02,1,28.464069548889697,-7.868510846113789,7.809999465942383
115.8,uav_02,1,28.425372215403563,-8.168609820217592,7.809999465942383
115.9,uav_02,1,28.379541219541792,-8.46870879432148,7.809999465942383
116.0,uav_02,1,28.345488289603914,-8.768807768717526,7.809999465942383
116.1,uav_02,1,28.302095143476944,-9.06065186017405,7.809999465942383
116.2,uav_02,1,28.25478698370265,-9.351322453525004,7.809999465942383
116.3,uav_02,1,28.21503736827476,-9.639026806193078,7.809999465942383
116.4,uav_02,1,28.171912546635454,-9.925337759210267,7.809999465942383
116.5,uav_02,1,28.131741259362023,-10.196978613757953,7.809999465942383
116.6,uav_02,1,28.094952198848716,-10.479369731991527,7.809999465942383
116.7,uav_02,1,28.053164126466417,-10.765097594136284,7.809999465942383
116.8,uav_02,1,28.011464796240798,-11.03569197253651,7.809999465942383
116.9,uav_02,1,27.974545408353098,-11.30542603735675,7.809999465942383
117.0,uav_02,1,27.934013678759538,-11.581132881106631,7.8137434434186295
117.1,uav_02,1,27.894251566148956,-11.849501603448699,7.819999694824219
117.2,uav_02,1,27.861459626923104,-12.104619456743485,7.819999694824219
117.3,uav_02,1,27.818916013756365,-12.355668126427227,7.819999694824219
117.4,uav_02,1,27.784909467170504,-12.58603055615364,7.819999694824219
117.5,uav_02,1,27.758297692066478,-12.80789718328722,7.819999694824219
117.6,uav_02,1,27.714481490641923,-13.049529860480275,7.819999694824219
117.7,uav_02,1,27.678704168576374,-13.263455091734224,7.819999694824219
117.8,uav_02,1,27.65080469964871,-13.474883684278135,7.819999694824219
117.9,uav_02,1,27.61824687412423,-13.679110893742482,7.819999694824219
118.0,uav_02,1,27.588576629613943,-13.874287291016557,7.819999694824219
118.1,uav_02,1,27.557789579672082,-14.055245924750071,7.819999694824219
118.2,uav_02,1,27.522736618547587,-14.226402404309269,7.819999694824219
118.3,uav_02,1,27.489633394234474,-14.395756244216297,7.819999694824219
118.4,uav_02,1,27.460330779418687,-14.560517505094236,7.819999694824219
118.5,uav_02,1,27.43346954331042,-14.719759628435142,7.819999694824219
118.6,uav_02,1,27.409028375298504,-14.866744918003768,7.819999694824219
118.7,uav_02,1,27.383263489461726,-14.990429350235013,7.819999694824219
0.0,uav_03,1,44.919277712029405,-14.96507973693252,7.729999542236328
0.1,uav_03,1,44.91436345720011,-14.96507973693252,7.729999542236328
0.2,uav_03,1,44.91436345720011,-14.96507973693252,7.734637511362403
0.3,uav_03,1,44.91436345720011,-14.96507973693252,7.739999771118164
0.4,uav_03,1,44.91436345720011,-14.96507973693252,7.739999771118164
0.5,uav_03,1,44.91436345720011,-14.96507973693252,7.739999771118164
0.6,uav_03,1,44.91436345720011,-14.96168529946517,7.739999771118164
0.7,uav_03,1,44.911789022402004,-14.951036741935846,7.742668019394013
0.8,uav_03,1,44.90471482837669,-14.940388184590189,7.75
0.9,uav_03,1,44.902900580651895,-14.927655249796592,7.75
1.0,uav_03,1,44.892221597011094,-14.904751296247362,7.75
1.1,uav_03,1,44.87383821049362,-14.873070471771,7.75
1.2,uav_03,1,44.855464036903776,-14.840826682281786,7.75
1.3,uav_03,1,44.83717712870785,-14.798807269450545,7.75
1.4,uav_03,1,44.82803232695422,-14.746284552750224,7.75
1.5,uav_03,1,44.79297807763374,-14.693760286638545,7.75
1.6,uav_03,1,44.75640426239749,-14.631893498751857,7.758428082954326
1.7,uav_03,1,44.72745702935237,-14.568864379691597,7.760000228881836
1.8,uav_03,1,44.68578384815443,-14.497653520701077,7.760000228881836
1.9,uav_03,1,44.64006657831429,-14.416518199757489,7.760000228881836
2.0,uav_03,1,44.58823824735495,-14.325458416693934,7.760000228881836
2.1,uav_03,1,44.5333775232699,-14.2437958712673,7.760000228881836
2.2,uav_03,1,44.476159077095446,-14.148166753415628,7.760000228881836
2.3,uav_03,1,44.40952137003908,-14.038821859633536,7.760000228881836
2.4,uav_03,1,44.34398945435827,-13.917044337367479,7.760000228881836
2.5,uav_03,1,44.274873013259814,-13.786787177017462,7.760000228881836
2.6,uav_03,1,44.21065769743661,-13.63830127164722,7.760000228881836
2.7,uav_03,1,44.14881613238202,-13.484360991073864,7.760000228881836
2.8,uav_03,1,44.07772479318823,-13.330420710878057,7.760000228881836
2.9,uav_03,1,44.00583574691758,-13.15371379080415,7.760000228881836
3.0,uav_03,1,43.94130920934499,-12.974129744846023,7.7609435561466995
3.1,uav_03,1,43.85202440626301,-12.780539711810677,7.770000457763672
3.2,uav_03,1,43.77833395296784,-12.622595107384686,7.770000457763672
3.3,uav_03,1,43.70093885609221,-12.464517402086551,7.770000457763672
3.4,uav_03,1,43.62354375921655,-12.296853769546942,7.770000457763672
3.5,uav_03,1,43.53885421717414,-12.120515668015246,7.770000457763672
3.6,uav_03,1,43.45285966563323,-11.949853401637007,7.770000457763672
3.7,uav_03,1,43.36166901376114,-11.77592607534296,7.770000457763672
3.8,uav_03,1,43.26707500692221,-11.593324280354558,7.770000457763672
3.9,uav_03,1,43.17248100027581,-11.409165994573687,7.770000457763672
4.0,uav_03,1,43.07993557437045,-11.226621373156478,7.770000457763672
4.1,uav_03,1,42.991942205797976,-11.030172455520313,7.770000457763672
4.2,uav_03,1,42.88874874370446,-10.842455180500703,7.770000457763672
4.3,uav_03,1,42.78157993375271,-10.637303138760762,7.770000457763672
4.4,uav_03,1,42.67214601820471,-10.427756648293201,7.770000457763672
4.5,uav_03,1,42.56250131720243,-10.217806541447853,7.770000457763672
4.6,uav_03,1,42.460185311308976,-9.999436545229383,7.770000457763672
4.7,uav_03,1,42.352860542650134,-9.7789889329668,7.770000457763672
4.8,uav_03,1,42.24321584164786,-9.551296909096079,7.770000457763672
4.9,uav_03,1,42.13357114064558,-9.333665136761745,7.770000457763672
5.0,uav_03,1,42.02392643964329,-9.111577162388834,7.770000457763672
5.1,uav_03,1,41.90951089141436,-8.886113239537407,7.770000457763672
5.2,uav_03,1,41.79498841018647,-8.660772171302492,7.770000457763672
5.3,uav_03,1,41.68155257454845,-8.429742621166591,7.770000457763672
5.4,uav_03,1,41.56537636995255,-8.19746226698438,7.770000457763672
5.5,uav_03,1,41.451209328801035,-7.959782296012947,7.773021377173335
5.6,uav_03,1,41.33322307196205,-7.717714453093415,7.780000686645508
5.7,uav_03,1,41.217651724869775,-7.483383168295897,7.780000686645508
5.8,uav_03,1,41.08963923945212,-7.249051883715936,7.780000686645508
5.9,uav_03,1,40.9691158765933,-7.013107201358838,7.780000686645508
6.0,uav_03,1,40.84859251276245,-6.768124494354423,7.780000686645508
6.1,uav_03,1,40.728069150010946,-6.523887540694598,7.780000686645508
6.2,uav_03,1,40.607545786072784,-6.2889323941877775,7.780000686645508
6.3,uav_03,1,40.48702242341352,-6.0332982653592255,7.780000686645508
6.4,uav_03,1,40.34969219780198,-5.784728673601187,7.780000686645508
6.5,uav_03,1,40.217394958903284,-5.514446478057953,7.780000686645508
6.6,uav_03,1,40.085097718802565,-5.226018584947669,7.780000686645508
6.7,uav_03,1,39.95280047975378,-4.9668985388518685,7.780000686645508
6.8,uav_03,1,39.82050323980315,-4.697983575437467,7.780000686645508
6.9,uav_03,1,39.685498648569066,-4.429068611807136,7.780000686645508
7.0,uav_03,1,39.54626013335147,-4.160153648481674,7.780000686645508
7.1,uav_03,1,39.41396289400251,-3.891238685002601,7.780000686645508
7.2,uav_03,1,39.281665654352054,-3.627254312218626,7.780000686645508
7.3,uav_03,1,39.157985391367546,-3.3728558143985445,7.7846680289512085
7.4,uav_03,1,39.04207427178534,-3.1315764517874243,7.790000915527344
7.5,uav_03,1,38.92726887532067,-2.901308048084904,7.790000915527344
7.6,uav_03,1,38.814261607278155,-2.673487500834823,7.790000915527344
7.7,uav_03,1,38.700520001298756,-2.4525836570429536,7.790000915527344
7.8,uav_03,1,38.59765402051384,-2.23415031337865,7.790000915527344
7.9,uav_03,1,38.489440072838036,-2.025670186830226,7.790000915527344
8.0,uav_03,1,38.38872442335162,-1.8258048042273078,7.790000915527344
8.1,uav_03,1,38.288681123572076,-1.6267118809586123,7.790000915527344
8.2,uav_03,1,38.19712144189813,-1.4373657291370074,7.790187118986788
8.3,uav_03,1,38.10556176022421,-1.248019577315415,7.799674925302717
8.4,uav_03,1,38.019854635323384,-1.0728848419467882,7.799999237060547
8.5,uav_03,1,37.93255847954036,-0.905184388935153,7.799999237060547
8.6,uav_03,1,37.854455759582734,-0.7378474143559762,7.799999237060547
8.7,uav_03,1,37.78612448803343,-0.5919925307751994,7.799999237060547
8.8,uav_03,1,37.71815421859184,-0.44696715268670417,7.799999237060547
8.9,uav_03,1,37.669127663873454,-0.32370608143088975,7.799999237060547
9.0,uav_03,1,37.60151093598435,-0.20099230019773107,7.799999237060547
9.1,uav_03,1,37.552730023075455,-0.10032504204481743,7.799999237060547
9.2,uav_03,1,37.51384337942834,-0.022119059895928432,7.799999237060547
9.3,uav_03,1,37.484722724323255,0.044718490294476644,7.799999237060547
9.4,uav_03,1,37.45692635906622,0.0979435879011252,7.799999237060547
9.5,uav_03,1,37.43854536203521,0.12980265554791504,7.799999237060547
9.6,uav_03,1,37.436676737438844,0.14223971556134413,7.799999237060547
9.7,uav_03,1,37.436676737438844,0.1441081753530566,7.799999237060547
9.8,uav_03,1,37.443435204243094,0.12857865956984188,7.799999237060547
9.9,uav_03,1,37.458592003912905,0.1007980974666479,7.799999237060547
10.0,uav_03,1,37.4821471359874,0.05704044583057703,7.799999237060547
10.1,uav_03,1,37.50433455282227,0.0052053651654740615,7.799999237060547
10.2,uav_03,1,37.53089726593119,-0.041737870176855624,7.799999237060547
10.3,uav_03,1,37.55972573055505,-0.09155316957726051,7.799999237060547
10.4,uav_03,1,37.5780414344127,-0.1438522345200756,7.799999237060547
10.5,uav_03,1,37.59704863442939,-0.18349439491005431,7.799999237060547
10.6,uav_03,1,37.61639887583797,-0.2251784687882886,7.803132829201784
10.7,uav_03,1,37.632699208039334,-0.24330219399543862,7.809999465942383
10.8,uav_03,1,37.63929792627685,-0.26604586194790325,7.809999465942383
10.9,uav_03,1,37.63929792627685,-0.26604586194790325,7.809999465942383
11.0,uav_03,1,37.63616853656807,-0.2624505272828236,7.809999465942383
11.1,uav_03,1,37.62649341515217,-0.24408330067579662,7.806728581509034
11.2,uav_03,1,37.613635918872,-0.21073625490681358,7.799999237060547
11.3,uav_03,1,37.594285676518155,-0.17001591388549503,7.799999237060547
11.4,uav_03,1,37.574914493384036,-0.11810647219273938,7.799999237060547
11.5,uav_03,1,37.55879900062623,-0.06966833968513396,7.799999237060547
11.6,uav_03,1,37.538915828621946,-0.009914049347389618,7.799999237060547
11.7,uav_03,1,37.50699834609562,0.06087047794240205,7.799999237060547
11.8,uav_03,1,37.48765225133752,0.1426365943876925,7.803583379930572
11.9,uav_03,1,37.47173691222284,0.2360795867781308,7.809999465942383
12.0,uav_03,1,37.45840152515045,0.3366348045224759,7.806257347793069
12.1,uav_03,1,37.44263860665297,0.4414257144664231,7.799999237060547
12.2,uav_03,1,37.42915079945481,0.5618002340098837,7.799999237060547
12.3,uav_03,1,37.41737948116316,0.695873857669013,7.799999237060547
12.4,uav_03,1,37.41737948116316,0.8227706093842534,7.799999237060547
12.5,uav_03,1,37.41737948116316,0.9485875868403726,7.799999237060547
12.6,uav_03,1,37.41737948116316,1.089120419227614,7.799999237060547
12.7,uav_03,1,37.41737948116316,1.2260315655470846,7.801732823669012
12.8,uav_03,1,37.41737948116316,1.3795713215107455,7.809999465942383
12.9,uav_03,1,37.417185243786555,1.5333342351805466,7.809999465942383
13.0,uav_03,1,37.408275815071256,1.6971099742854185,7.809999465942383
13.1,uav_03,1,37.399366385167305,1.870495595053073,7.809999465942383
13.2,uav_03,1,37.38283168656797,2.044507318040787,7.809999465942383
13.3,uav_03,1,37.36501282884985,2.234341761424101,7.809999465942383
13.4,uav_03,1,37.34719397054574,2.4217633523449287,7.809999465942383
13.5,uav_03,1,37.32900578620295,2.616254897972488,7.809999465942383
13.6,uav_03,1,37.31036854516861,2.81967081123378,7.809999465942383
13.7,uav_03,1,37.29658108193558,3.0306500947860586,7.809999465942383
13.8,uav_03,1,37.28721931847224,3.245763441584098,7.809999465942383
13.9,uav_03,1,37.28229868860449,3.465940447630701,7.809999465942383
14.0,uav_03,1,37.27810662491403,3.692760055916029,7.809999465942383
14.1,uav_03,1,37.27265006115222,3.928643511624472,7.809999465942383
14.2,uav_03,1,37.27634719549244,4.16432214749681,7.809999465942383
14.3,uav_03,1,37.28229868860449,4.39223072987333,7.809999465942383
14.4,uav_03,1,37.28229868860449,4.636973213510992,7.809999465942383
14.5,uav_03,1,37.285243840592386,4.877735058728946,7.809999465942383
14.6,uav_03,1,37.294609326259526,5.12215539321919,7.809999465942383
14.7,uav_03,1,37.30159594488018,5.363982035891884,7.809999465942383
14.8,uav_03,1,37.30573542305092,5.62186243829381,7.809999465942383
14.9,uav_03,1,37.32089320115587,5.877705158779173,7.809999465942383
15.0,uav_03,1,37.32089320115587,6.124840544347416,7.809999465942383
15.1,uav_03,1,37.32089320115587,6.373333157135199,7.809999465942383
15.2,uav_03,1,37.32089320115587,6.631213559537134,7.809999465942383
15.3,uav_03,1,37.32089320115587,6.889093961939072,7.809999465942383
15.4,uav_03,1,37.32089320115587,7.1473109088319875,7.809999465942383
15.5,uav_03,1,37.32089320115587,7.415936328127917,7.809999465942383
15.6,uav_03,1,37.32089320115587,7.68024078696444,7.809999465942383
15.7,uav_03,1,37.33054182860813,7.959509661418507,7.809999465942383
15.8,uav_03,1,37.33063049141379,8.23888307998839,7.809999465942383
15.9,uav_03,1,37.340190457431554,8.518216920364633,7.809999465942383
16.0,uav_03,1,37.340190457431554,8.795320490859194,7.809999465942383
16.1,uav_03,1,37.34043292077431,9.074693909432696,7.809999465942383
16.2,uav_03,1,37.349839084883826,9.354067327993144,7.809999465942383
16.3,uav_03,1,37.350237685468876,9.63389869570144,7.809999465942383
16.4,uav_03,1,37.35948771370724,9.923899409138539,7.809999465942383
16.5,uav_03,1,37.36002901087939,10.202886783948019,7.809999465942383
16.6,uav_03,1,37.36913634115952,10.47576862514542,7.809999465942383
16.7,uav_03,1,37.36922152297271,10.75513354264314,7.809999465942383
16.8,uav_03,1,37.37857710695251,11.02384775629534,7.809999465942383
16.9,uav_03,1,37.37878496861178,11.303071727354446,7.809999465942383
17.0,uav_03,1,37.37878496861178,11.582534509654522,7.809999465942383
17.1,uav_03,1,37.38734660520408,11.852160885266922,7.809999465942383
17.2,uav_03,1,37.3884335974352,12.130374829522584,7.809999465942383
17.3,uav_03,1,37.3884335974352,12.419000666454556,7.809999465942383
17.4,uav_03,1,37.3884335974352,12.691559258922725,7.809999465942383
17.5,uav_03,1,37.395823058920975,12.968763175788665,7.809999465942383
17.6,uav_03,1,37.39808222488747,13.246711921658314,7.809999465942383
17.7,uav_03,1,37.39808222488747,13.515701858619902,7.809999465942383
17.8,uav_03,1,37.39808222488747,13.795775421318357,7.809999465942383
17.9,uav_03,1,37.40394371541196,14.075986184013686,7.809999465942383
18.0,uav_03,1,37.40773085371089,14.352303581054825,7.809999465942383
18.1,uav_03,1,37.40773085371089,14.627370631289986,7.815205453574158
18.2,uav_03,1,37.40773085371089,14.907805466220275,7.819999694824219
18.3,uav_03,1,37.40773085371089,15.189939214031854,7.819999694824219
18.4,uav_03,1,37.40773085371089,15.466256611227653,7.819999694824219
18.5,uav_03,1,37.411121888468394,15.746469945953022,7.819999694824219
18.6,uav_03,1,37.41737948116316,16.0291076055186,7.819999694824219
18.7,uav_03,1,37.41737948116316,16.311208477145136,7.819999694824219
18.8,uav_03,1,37.41737948116316,16.60857505094534,7.819999694824219
18.9,uav_03,1,37.41737948116316,16.898319200532605,7.819999694824219
19.0,uav_03,1,37.41737948116316,17.19170245481753,7.819999694824219
19.1,uav_03,1,37.41737948116316,17.488892744098525,7.819999694824219
19.2,uav_03,1,37.42391903974131,17.77863689369206,7.819999694824219
19.3,uav_03,1,37.436676737438844,18.072196432489918,7.819999694824219
19.4,uav_03,1,37.436676737438844,18.36921043725168,7.819999694824219
19.5,uav_03,1,37.436676737438844,18.662887498802004,7.819999694824219
19.6,uav_03,1,37.436676737438844,18.953669256360413,7.819999694824219
19.7,uav_03,1,37.436676737438844,19.2266755809654,7.819999694824219
19.8,uav_03,1,37.436676737438844,19.49834654973366,7.819999694824219
19.9,uav_03,1,37.436676737438844,19.763149823140747,7.819999694824219
20.0,uav_03,1,37.436676737438844,20.03671129979754,7.819999694824219
20.1,uav_03,1,37.436676737438844,20.300351052443045,7.819999694824219
20.2,uav_03,1,37.436676737438844,20.573403808883786,7.819999694824219
20.3,uav_03,1,37.436676737438844,20.853691822844766,7.819999694824219
20.4,uav_03,1,37.436676737438844,21.114694121638827,7.819999694824219
20.5,uav_03,1,37.436676737438844,21.381163614712396,7.819999694824219
20.6,uav_03,1,37.436676737438844,21.65494335796894,7.819999694824219
20.7,uav_03,1,37.436676737438844,21.932815189490785,7.819999694824219
20.8,uav_03,1,37.436676737438844,22.221185359430663,7.819999694824219
20.9,uav_03,1,37.436676737438844,22.522024959575237,7.819999694824219
21.0,uav_03,1,37.436676737438844,22.829015435740864,7.819999694824219
21.1,uav_03,1,37.436676737438844,23.13021722379871,7.819999694824219
21.2,uav_03,1,37.436676737438844,23.43191114408685,7.819999694824219
21.3,uav_03,1,37.44221096290088,23.738901620252474,7.819999694824219
21.4,uav_03,1,37.44632536489111,24.045892096418093,7.819999694824219
21.5,uav_03,1,37.44632536489111,24.345954790705072,7.819999694824219
21.6,uav_03,1,37.44632536489111,24.648787804370286,7.819999694824219
21.7,uav_03,1,37.44632536489111,24.95016847018193,7.819999694824219
21.8,uav_03,1,37.44632536489111,25.25783231448833,7.819999694824219
21.9,uav_03,1,37.44632536489111,25.56107858321049,7.819999694824219
22.0,uav_03,1,37.44632536489111,25.861249442799796,7.819999694824219
22.1,uav_03,1,37.45449775344052,26.152031100714243,7.819999694824219
22.2,uav_03,1,37.45597399371454,26.450505917807337,7.819999694824219
22.3,uav_03,1,37.45597399371454,26.74036799811356,7.819999694824219
22.4,uav_03,1,37.45597399371454,27.016089342080274,7.819999694824219
22.5,uav_03,1,37.45597399371454,27.293038265321872,7.819999694824219
22.6,uav_03,1,37.45597399371454,27.557972728786265,7.819999694824219
22.7,uav_03,1,37.45597399371454,27.809328144318037,7.819999694824219
22.8,uav_03,1,37.45597399371454,28.043186561459336,7.819999694824219
22.9,uav_03,1,37.45597399371454,28.26652784088496,7.819999694824219
23.0,uav_03,1,37.46473183106187,28.489756329854195,7.819999694824219
23.1,uav_03,1,37.4656226211668,28.68416530326015,7.819999694824219
23.2,uav_03,1,37.4656226211668,28.875504008090942,7.819999694824219
23.3,uav_03,1,37.4656226211668,29.058146840343277,7.819999694824219
23.4,uav_03,1,37.4656226211668,29.238855617086898,7.819999694824219
23.5,uav_03,1,37.4656226211668,29.38842343240576,7.819999694824219
23.6,uav_03,1,37.47152845036146,29.52631582240381,7.819999694824219
23.7,uav_03,1,37.47527124999022,29.650252830458655,7.819999694824219
23.8,uav_03,1,37.47527124999022,29.759801095089614,7.819999694824219
23.9,uav_03,1,37.47527124999022,29.859557638762762,7.819999694824219
24.0,uav_03,1,37.47527124999022,29.944463923214922,7.819999694824219
24.1,uav_03,1,37.47527124999022,30.02937020766707,7.819999694824219
24.2,uav_03,1,37.48235677116734,30.10613598361786,7.819999694824219
24.3,uav_03,1,37.48491987744249,30.15565105345451,7.819999694824219
24.4,uav_03,1,37.48491987744249,30.19822526299571,7.819999694824219
24.5,uav_03,1,37.48491987744249,30.235834809476398,7.817124752829904
24.6,uav_03,1,37.48491987744249,30.251631556920813,7.809999465942383
24.7,uav_03,1,37.48491987744249,30.251631556920813,7.809999465942383
24.8,uav_03,1,37.48491987744249,30.24143252067672,7.809999465942383
24.9,uav_03,1,37.48491987744249,30.21000801130124,7.809999465942383
25.0,uav_03,1,37.48491987744249,30.166414722406415,7.809999465942383
25.1,uav_03,1,37.493848900008096,30.10139863334419,7.809999465942383
25.2,uav_03,1,37.50353193622452,30.034649984628874,7.809999465942383
25.3,uav_03,1,37.51321497126453,29.978238892066308,7.809999465942383
25.4,uav_03,1,37.53193025252744,29.91223793157736,7.809999465942383
25.5,uav_03,1,37.551296323788755,29.855905899721762,7.809999465942383
25.6,uav_03,1,37.58886451637831,29.80028202590033,7.819432173723058
25.7,uav_03,1,37.627596657602716,29.744658151729762,7.819999694824219
25.8,uav_03,1,37.67549867505061,29.68903427791113,7.819999694824219
25.9,uav_03,1,37.73430922801072,29.643072851602245,7.819999694824219
26.0,uav_03,1,37.804160502301045,29.597053369502834,7.819875929060936
26.1,uav_03,1,37.87574267148783,29.551579991653284,7.809999465942383
26.2,uav_03,1,37.974200241075884,29.517054663949793,7.809999465942383
26.3,uav_03,1,38.05678503556196,29.482529336246298,7.809999465942383
26.4,uav_03,1,38.158547672187474,29.448004008542807,7.809999465942383
26.5,uav_03,1,38.27069564345405,29.41347868083931,7.809999465942383
26.6,uav_03,1,38.39528894804198,29.381673975073255,7.809999465942383
26.7,uav_03,1,38.529435581916566,29.361804811754094,7.809999465942383
26.8,uav_03,1,38.65442451599507,29.343727668884906,7.809999465942383
26.9,uav_03,1,38.79292521484693,29.32047104010315,7.809999465942383
27.0,uav_03,1,38.93649710380957,29.313902811722283,7.809999465942383
27.1,uav_03,1,39.08285032658587,29.29830055173877,7.809999465942383
27.2,uav_03,1,39.23328951055829,29.30451414553829,7.809999465942383
27.3,uav_03,1,39.37948839584831,29.323489178411183,7.809999465942383
27.4,uav_03,1,39.53008191730701,29.33741524370042,7.809999465942383
27.5,uav_03,1,39.67365380626967,29.362249235788337,7.809999465942383
27.6,uav_03,1,39.81722569557274,29.395238992594233,7.809999465942383
27.7,uav_03,1,39.960797585566105,29.42822874940013,7.809999465942383
27.8,uav_03,1,40.098879849168924,29.463437257818974,7.812241977265069
27.9,uav_03,1,40.21855944485532,29.50574466954405,7.819999694824219
28.0,uav_03,1,40.33519986202563,29.546077378489173,7.819999694824219
28.1,uav_03,1,40.44391281149658,29.577925812450044,7.819999694824219
28.2,uav_03,1,40.55262576096753,29.61955900625438,7.819999694824219
28.3,uav_03,1,40.66133871043846,29.650837308650697,7.819999694824219
28.4,uav_03,1,40.74478052670884,29.68206220391151,7.819999694824219
28.5,uav_03,1,40.834149734268955,29.71328709917232,7.819999694824219
28.6,uav_03,1,40.91025329837936,29.744511994433132,7.819999694824219
28.7,uav_03,1,40.98938466261288,29.775736889693935,7.819999694824219
28.8,uav_03,1,41.05241799222465,29.799876413433598,7.819999694824219
28.9,uav_03,1,41.10825416012694,29.82777862684192,7.819999694824219
29.0,uav_03,1,41.16071938626723,29.85462918449,7.819999694824219
29.1,uav_03,1,41.20393534351435,29.87719974045673,7.819999694824219
29.2,uav_03,1,41.243226295166046,29.899770296671296,7.819999694824219
29.3,uav_03,1,41.26377938831979,29.922340852784018,7.819999694824219
29.4,uav_03,1,41.27360212623403,29.952287376324627,7.819999694824219
29.5,uav_03,1,41.27683069105291,29.963415206608527,7.819999694824219
29.6,uav_03,1,41.26329412491059,29.971191241791857,7.819999694824219
29.7,uav_03,1,41.250591042208555,29.990452588680377,7.819999694824219
29.8,uav_03,1,41.21941879511396,29.99667093935201,7.819999694824219
29.9,uav_03,1,41.18849960673403,29.99667093935201,7.819999694824219
30.0,uav_03,1,41.161039071967586,29.99667093935201,7.819999694824219
30.1,uav_03,1,41.12794029115092,29.99667093935201,7.819999694824219
30.2,uav_03,1,41.0969220004276,29.98450644586451,7.819999694824219
30.3,uav_03,1,41.06968777906931,29.96907370997013,7.819999694824219
30.4,uav_03,1,41.042453557120865,29.94433026604518,7.8156954646016406
30.5,uav_03,1,41.015219334981595,29.902611312382678,7.809999465942383
30.6,uav_03,1,40.9909969017673,29.86089235882156,7.809999465942383
30.7,uav_03,1,40.9703995197173,29.816368687332485,7.809999465942383
30.8,uav_03,1,40.94503597831061,29.76207078320925,7.809999465942383
30.9,uav_03,1,40.92699951125423,29.698479898951042,7.809999465942383
31.0,uav_03,1,40.909934315171384,29.628859292618586,7.809999465942383
31.1,uav_03,1,40.90139052075056,29.56014793029192,7.809999465942383
31.2,uav_03,1,40.877471780944774,29.47377239628766,7.809999465942383
31.3,uav_03,1,40.85842303558298,29.385429216302835,7.809999465942383
31.4,uav_03,1,40.84133544552719,29.29708603631801,7.809999465942383
31.5,uav_03,1,40.824247855471405,29.198694696774243,7.809999465942383
31.6,uav_03,1,40.807160265415625,29.09071969899787,7.809999465942383
31.7,uav_03,1,40.79223598265628,28.980259291977053,7.809999465942383
31.8,uav_03,1,40.78157524016991,28.862468385330615,7.809999465942383
31.9,uav_03,1,40.7559438556933,28.744677478684178,7.809999465942383
32.0,uav_03,1,40.74730734191058,28.607361277645545,7.809999465942383
32.1,uav_03,1,40.74615614964165,28.465787348819266,7.809999465942383
32.2,uav_03,1,40.737469753172086,28.295040592829505,7.819002399601462
32.3,uav_03,1,40.73650752218938,28.108729992293483,7.819999694824219
32.4,uav_03,1,40.74615614964165,27.921162867590994,7.819999694824219
32.5,uav_03,1,40.74683444194145,27.72125397474836,7.819999694824219
32.6,uav_03,1,40.75702991173052,27.51041086087513,7.819999694824219
32.7,uav_03,1,40.76899735482414,27.299567747001873,7.819999694824219
32.8,uav_03,1,40.78938829330162,27.086060561436536,7.819999694824219
32.9,uav_03,1,40.81264488823068,26.86679627487627,7.819999694824219
33.0,uav_03,1,40.83940163889533,26.649223718704363,7.819999694824219
33.1,uav_03,1,40.861274191406,26.421489125948614,7.819999694824219
33.2,uav_03,1,40.88883072134536,26.20278067918242,7.819999694824219
33.3,uav_03,1,40.91655360784312,25.990443085440994,7.819999694824219
33.4,uav_03,1,40.944276495108475,25.772191237125412,7.819999694824219
33.5,uav_03,1,40.97069111918339,25.531009111688107,7.819999694824219
33.6,uav_03,1,40.99007364004817,25.307019949330236,7.819999694824219
33.7,uav_03,1,41.01730359577244,25.072882272062675,7.819999694824219
33.8,uav_03,1,41.03578552034083,24.828791999188084,7.819999694824219
33.9,uav_03,1,41.05426744490923,24.59522064612802,7.819999694824219
34.0,uav_03,1,41.06383080776029,24.351402818211927,7.819999694824219
34.1,uav_03,1,41.08193218520602,24.092617741061527,7.819999694824219
34.2,uav_03,1,41.092427182741766,23.83963194893261,7.8288810076076825
34.3,uav_03,1,41.10197072995148,23.57772386144815,7.829999923706055
34.4,uav_03,1,41.111514276126755,23.324178928728386,7.829999923706055
34.5,uav_03,1,41.12931163067401,23.05302955125327,7.829999923706055
34.6,uav_03,1,41.13210127104197,22.778916629362122,7.829999923706055
34.7,uav_03,1,41.14014491551867,22.52328628754033,7.829999923706055
34.8,uav_03,1,41.14968846265372,22.243740711682246,7.829999923706055
34.9,uav_03,1,41.15923200890366,21.967663108387587,7.829999923706055
35.0,uav_03,1,41.168775556008846,21.69355018657056,7.829999923706055
35.1,uav_03,1,41.17818975726121,21.414542578968025,7.829999923706055
35.2,uav_03,1,41.187500255479655,21.144647866424478,7.829999923706055
35.3,uav_03,1,41.1967333807086,20.879450981605604,7.829999923706055
35.4,uav_03,1,41.205998439185095,20.60603363039568,7.829999923706055
35.5,uav_03,1,41.21528773381891,20.32855101794829,7.823783935480593
35.6,uav_03,1,41.224577028119306,20.05106840563525,7.819999694824219
35.7,uav_03,1,41.228587551049266,19.77358579310677,7.819999694824219
35.8,uav_03,1,41.23842642611002,19.496103180615403,7.819999694824219
35.9,uav_03,1,41.24788480732495,19.223859640932904,7.819999694824219
36.0,uav_03,1,41.24788480732495,18.94739696323992,7.819999694824219
36.1,uav_03,1,41.24788480732495,18.661871693515682,7.819999694824219
36.2,uav_03,1,41.251604255693245,18.379082917970063,7.819999694824219
36.3,uav_03,1,41.257533434777216,18.090621869943405,7.819999694824219
36.4,uav_03,1,41.257533434777216,17.803298503899725,7.819999694824219
36.5,uav_03,1,41.26086327663643,17.5184206400603,7.819999694824219
36.6,uav_03,1,41.267182063600636,17.21956441288898,7.819999694824219
36.7,uav_03,1,41.267182063600636,16.931700187381963,7.819999694824219
36.8,uav_03,1,41.267182063600636,16.639805160425365,7.819999694824219
36.9,uav_03,1,41.26999242901027,16.352239345904348,7.819999694824219
37.0,uav_03,1,41.27683069105291,16.060045907807904,7.819999694824219
37.1,uav_03,1,41.27683069105291,15.773939398499733,7.819999694824219
37.2,uav_03,1,41.27683069105291,15.483590992826784,7.819999694824219
37.3,uav_03,1,41.278705924206,15.197280578175004,7.818056127392935
37.4,uav_03,1,41.28647931987633,14.916399112683802,7.809999465942383
37.5,uav_03,1,41.28647931987633,14.621949945713085,7.809999465942383
37.6,uav_03,1,41.28647931987633,14.343310988731467,7.809999465942383
37.7,uav_03,1,41.28647931987633,14.054846131683446,7.809999465942383
37.8,uav_03,1,41.28647931987633,13.766381274274067,7.809999465942383
37.9,uav_03,1,41.28647931987633,13.47791641724229,7.809999465942383
38.0,uav_03,1,41.29547735697227,13.199789345624444,7.809999465942383
38.1,uav_03,1,41.2961279473286,12.902135522802661,7.809999465942383
38.2,uav_03,1,41.2961279473286,12.610337026674737,7.809999465942383
38.3,uav_03,1,41.2961279473286,12.318139699109906,7.809999465942383
38.4,uav_03,1,41.2961279473286,12.034836820627069,7.809999465942383
38.5,uav_03,1,41.2961279473286,11.753266324446733,7.809999465942383
38.6,uav_03,1,41.2961279473286,11.454523762359607,7.809999465942383
38.7,uav_03,1,41.2961279473286,11.15962442026053,7.809999465942383
38.8,uav_03,1,41.2961279473286,10.867224289551872,7.809999465942383
38.9,uav_03,1,41.30293380387039,10.574824158843219,7.809999465942383
39.0,uav_03,1,41.305776574780865,10.282424028134564,7.809999465942383
39.1,uav_03,1,41.305776574780865,9.990023897425887,7.809999465942383
39.2,uav_03,1,41.305776574780865,9.701655407689488,7.809999465942383
39.3,uav_03,1,41.305776574780865,9.41756329161995,7.809999465942383
39.4,uav_03,1,41.305776574780865,9.14057600195873,7.809999465942383
39.5,uav_03,1,41.305776574780865,8.854226366882866,7.809999465942383
39.6,uav_03,1,41.305776574780865,8.565238500725195,7.809999465942383
39.7,uav_03,1,41.305776574780865,8.285417239608714,7.809999465942383
39.8,uav_03,1,41.305776574780865,7.995409109493352,7.809999465942383
39.9,uav_03,1,41.305776574780865,7.7126964859526925,7.809999465942383
40.0,uav_03,1,41.305776574780865,7.429983862412053,7.809999465942383
40.1,uav_03,1,41.30693604929025,7.147271238871387,7.809999465942383
40.2,uav_03,1,41.315425203604285,6.863561712491761,7.809999465942383
40.3,uav_03,1,41.315425203604285,6.565722662060947,7.809999465942383
40.4,uav_03,1,41.315425203604285,6.25902284201411,7.809999465942383
40.5,uav_03,1,41.315425203604285,5.953571499102087,7.809999465942383
40.6,uav_03,1,41.315425203604285,5.6551859619355085,7.809999465942383
40.7,uav_03,1,41.315425203604285,5.338923382980492,7.809999465942383
40.8,uav_03,1,41.315425203604285,5.032223563302619,7.809999465942383
40.9,uav_03,1,41.315425203604285,4.727868253651619,7.809999465942383
41.0,uav_03,1,41.315425203604285,4.429909167932151,7.809999465942383
41.1,uav_03,1,41.31794286693799,4.126101875036591,7.809999465942383
41.2,uav_03,1,41.32507383105656,3.8355488841837384,7.809999465942383
41.3,uav_03,1,41.32507383105656,3.5583101749354924,7.809999465942383
41.4,uav_03,1,41.32507383105656,3.2834272768117114,7.809999465942383
41.5,uav_03,1,41.32507383105656,3.0114705197041616,7.809999465942383
41.6,uav_03,1,41.32507383105656,2.7481454917993378,7.809999465942383
41.7,uav_03,1,41.32507383105656,2.488566311164899,7.809999465942383
41.8,uav_03,1,41.32507383105656,2.238238023880953,7.809999465942383
41.9,uav_03,1,41.32507383105656,1.9963410734220846,7.8077675735756955
42.0,uav_03,1,41.32507383105656,1.7592123675229738,7.799999237060547
42.1,uav_03,1,41.32507383105656,1.5393060491725796,7.799999237060547
42.2,uav_03,1,41.32507383105656,1.3259468072699399,7.799999237060547
42.3,uav_03,1,41.32507383105656,1.1394866612624779,7.799999237060547
42.4,uav_03,1,41.32476753378664,0.9587858030567165,7.799999237060547
42.5,uav_03,1,41.315995582422076,0.7975372130481002,7.799999237060547
42.6,uav_03,1,41.315425203604285,0.6457113552564507,7.799999237060547
42.7,uav_03,1,41.315425203604285,0.5029563267830525,7.799999237060547
42.8,uav_03,1,41.315425203604285,0.3692721278910969,7.799999237060547
42.9,uav_03,1,41.315425203604285,0.2510598690834442,7.799999237060547
43.0,uav_03,1,41.315425203604285,0.14559536629065167,7.799999237060547
43.1,uav_03,1,41.31160701095346,0.05358838867717356,7.799999237060547
43.2,uav_03,1,41.305776574780865,-0.027035906327122414,7.799999237060547
43.3,uav_03,1,41.305776574780865,-0.1036157707131227,7.799999237060547
43.4,uav_03,1,41.305776574780865,-0.1633366657436293,7.799999237060547
43.5,uav_03,1,41.305776574780865,-0.2032068135874788,7.799999237060547
43.6,uav_03,1,41.305776574780865,-0.22170488482531037,7.799999237060547
43.7,uav_03,1,41.305776574780865,-0.21883087977862017,7.799999237060547
43.8,uav_03,1,41.305776574780865,-0.1958528772555211,7.799999237060547
43.9,uav_03,1,41.305776574780865,-0.1606061469924868,7.799999237060547
44.0,uav_03,1,41.305776574780865,-0.09678393248958658,7.799999237060547
44.1,uav_03,1,41.306252000522655,-0.05214894063668509,7.799999237060547
44.2,uav_03,1,41.31572689425325,0.012818296328579976,7.799999237060547
44.3,uav_03,1,41.32559792726547,0.06741466142356321,7.799999237060547
44.4,uav_03,1,41.36404270158819,0.13409817441223146,7.800193236944926
44.5,uav_03,1,41.384110170892995,0.19064080208934872,7.809999465942383
44.6,uav_03,1,41.41479082540831,0.24718343012915564,7.809999465942383
44.7,uav_03,1,41.46400568884166,0.3028411651897074,7.809999465942383
44.8,uav_03,1,41.51418511008847,0.34918344146697794,7.809999465942383
44.9,uav_03,1,41.57440184939904,0.4043946139155712,7.809999465942383
45.0,uav_03,1,41.644655905511655,0.4480739797117048,7.809999465942383
45.1,uav_03,1,41.724947278646255,0.48199955638898745,7.808395479126337
45.2,uav_03,1,41.81527596976174,0.5159251330662669,7.799999237060547
45.3,uav_03,1,41.9128750994725,0.5495644294865757,7.799999237060547
45.4,uav_03,1,42.0098584171787,0.5818983461714027,7.799999237060547
45.5,uav_03,1,42.12015536727506,0.6135782033651026,7.799999237060547
45.6,uav_03,1,42.23179499735048,0.6452580605587994,7.799999237060547
45.7,uav_03,1,42.36026064819682,0.676445905419656,7.799999237060547
45.8,uav_03,1,42.47974901025697,0.6870058579426105,7.799999237060547
45.9,uav_03,1,42.608185694517395,0.7078464769379176,7.799999237060547
46.0,uav_03,1,42.75272489106273,0.709455631992351,7.799999237060547
46.1,uav_03,1,42.89167031290495,0.7185933380811557,7.799999237060547
46.2,uav_03,1,43.03703777049858,0.711928462138802,7.799999237060547
46.3,uav_03,1,43.177061316316156,0.709455631992351,7.799999237060547
46.4,uav_03,1,43.32370781819877,0.6940169625703684,7.799999237060547
46.5,uav_03,1,43.48166562353542,0.6797779603107571,7.799999237060547
46.6,uav_03,1,43.62401981556382,0.6541878830403272,7.799999237060547
46.7,uav_03,1,43.7632695512766,0.6214416837732252,7.799999237060547
46.8,uav_03,1,43.9057814743801,0.5747001850851492,7.799999237060547
46.9,uav_03,1,44.03640751607303,0.5269509915339907,7.799999237060547
47.0,uav_03,1,44.16571295809602,0.4832893923819242,7.799999237060547
47.1,uav_03,1,44.28742953712797,0.44611590958222436,7.799999237060547
47.2,uav_03,1,44.401439075880795,0.40705143845689085,7.799999237060547
47.3,uav_03,1,44.510097005642855,0.369538266668918,7.799999237060547
47.4,uav_03,1,44.60838120109808,0.3371438950143189,7.799999237060547
47.5,uav_03,1,44.696274623267804,0.3052251523843187,7.799999237060547
47.6,uav_03,1,44.77916012452941,0.2734829530368709,7.799999237060547
47.7,uav_03,1,44.850539018379,0.24174075368942372,7.80397454157722
47.8,uav_03,1,44.9091924263771,0.2139006645492984,7.809999465942383
47.9,uav_03,1,44.96478708783332,0.18934159937363507,7.809999465942383
48.0,uav_03,1,45.00414324044423,0.16049248795753318,7.809999465942383
48.1,uav_03,1,45.04391930492875,0.13937050237449666,7.809999465942383
48.2,uav_03,1,45.062211858918836,0.1183543094207462,7.809999465942383
48.3,uav_03,1,45.07839013348674,0.09719284331441594,7.809999465942383
48.4,uav_03,1,45.07768079985766,0.07596681265091709,7.809999465942383
48.5,uav_03,1,45.068075080644725,0.054660570979876706,7.809999465942383
48.6,uav_03,1,45.05654747564546,0.04239138051239739,7.809999465942383
48.7,uav_03,1,45.02705546235596,0.02217048836438294,7.809999465942383
48.8,uav_03,1,44.99877600156833,0.02217048836438294,7.809999465942383
48.9,uav_03,1,44.97772006347037,0.02217048836438294,7.809999465942383
49.0,uav_03,1,44.94822804915435,0.02398187926908895,7.809999465942383
49.1,uav_03,1,44.918736036011296,0.0372968107809179,7.809999465942383
49.2,uav_03,1,44.88924402286824,0.06211528264218482,7.809999465942383
49.3,uav_03,1,44.859752009423524,0.09599845982794769,7.809999465942383
49.4,uav_03,1,44.83069179553705,0.13186816383010325,7.812239088334643
49.5,uav_03,1,44.80322283968801,0.17586370588730676,7.819999694824219
49.6,uav_03,1,44.77745359990605,0.22800908549941262,7.819999694824219
49.7,uav_03,1,44.75966441809494,0.289322701029397,7.819999694824219
49.8,uav_03,1,44.74187523628383,0.35063631655938493,7.819999694824219
49.9,uav_03,1,44.72408605447273,0.42148695158400407,7.811396151723575
50.0,uav_03,1,44.71384388477425,0.5190316363232498,7.809999465942383
50.1,uav_03,1,44.684570370985725,0.5978077874728382,7.809999465942383
50.2,uav_03,1,44.66116969872946,0.6964619806397986,7.809999465942383
50.3,uav_03,1,44.64344151098457,0.7965260461105095,7.809999465942383
50.4,uav_03,1,44.62120187207604,0.8987226707758715,7.809999465942383
50.5,uav_03,1,44.601726360798004,1.0179224947940777,7.809999465942383
50.6,uav_03,1,44.584917763061235,1.1481787631768736,7.809999465942383
50.7,uav_03,1,44.56335681062831,1.2892676689893579,7.8137887312046725
50.8,uav_03,1,44.553732467952756,1.4398979709454511,7.819999694824219
50.9,uav_03,1,44.544108125616155,1.5919326129995799,7.819999694824219
51.0,uav_03,1,44.538066963252064,1.7619094448165342,7.819999694824219
51.1,uav_03,1,44.538066963252064,1.9388269271018301,7.819999694824219
51.2,uav_03,1,44.541601572816084,2.1198052986500144,7.819999694824219
51.3,uav_03,1,44.547715592075484,2.3118131112379516,7.819999694824219
51.4,uav_03,1,44.55120162988057,2.5108452789401254,7.819999694824219
51.5,uav_03,1,44.560928413888604,2.7119959488240784,7.819999694824219
51.6,uav_03,1,44.57868708265288,2.9227680441891137,7.819999694824219
51.7,uav_03,1,44.600283460939394,3.1478152162826913,7.819999694824219
51.8,uav_03,1,44.61512345314949,3.3794768158270583,7.819999694824219
51.9,uav_03,1,44.635287344708146,3.6171027392911643,7.819999694824219
52.0,uav_03,1,44.66107591795918,3.8603474191863882,7.819999694824219
52.1,uav_03,1,44.697379754744766,4.10359209901625,7.813720938607719
52.2,uav_03,1,44.724724903112104,4.354294609563088,7.809999465942383
52.3,uav_03,1,44.7516417440336,4.607675884348654,7.809999465942383
52.4,uav_03,1,44.77454050321274,4.861917834228119,7.809999465942383
52.5,uav_03,1,44.793227096391256,5.106086085573309,7.809999465942383
52.6,uav_03,1,44.816859986163706,5.337823209805012,7.809999465942383
52.7,uav_03,1,44.832596334119295,5.57158162878704,7.809999465942383
52.8,uav_03,1,44.841222136827426,5.804774296329073,7.809999465942383
52.9,uav_03,1,44.84984793975629,6.036182480652673,7.809999465942383
53.0,uav_03,1,44.85847374217372,6.274025528856785,7.809999465942383
53.1,uav_03,1,44.86709954539328,6.511868577291289,7.809999465942383
53.2,uav_03,1,44.87572534752619,6.749711625413683,7.809999465942383
53.3,uav_03,1,44.87576894464873,6.987554673536031,7.809999465942383
53.4,uav_03,1,44.88332832433977,7.234082643077979,7.809999465942383
53.5,uav_03,1,44.89195412740159,7.481835818056032,7.809999465942383
53.6,uav_03,1,44.89506620092442,7.744523567417591,7.816253029966973
53.7,uav_03,1,44.90122649602977,8.025290986030745,7.819999694824219
53.8,uav_03,1,44.91121025981773,8.312047963822959,7.819999694824219
53.9,uav_03,1,44.91436345720011,8.606652533438226,7.819999694824219
54.0,uav_03,1,44.92152915854335,8.896647163392645,7.819999694824219
54.1,uav_03,1,44.92401208465238,9.192021802706568,7.819999694824219
54.2,uav_03,1,44.93968403010293,9.481246362962393,7.819999694824219
54.3,uav_03,1,44.94330934092807,9.777391072308392,7.819999694824219
54.4,uav_03,1,44.94330934092807,10.075618328995494,7.819999694824219
54.5,uav_03,1,44.94330934092807,10.371662917605562,7.819999694824219
54.6,uav_03,1,44.94330934092807,10.662460711381982,7.819999694824219
54.7,uav_03,1,44.94330934092807,10.958741477463633,7.819999694824219
54.8,uav_03,1,44.94330934092807,11.245550252063666,7.819999694824219
54.9,uav_03,1,44.94330934092807,11.531368820565518,7.819999694824219
55.0,uav_03,1,44.94330934092807,11.817187388756954,7.819999694824219
55.1,uav_03,1,44.94330934092807,12.112732105267494,7.819999694824219
55.2,uav_03,1,44.94330934092807,12.39990976977782,7.819999694824219
55.3,uav_03,1,44.94330934092807,12.68572833797908,7.819999694824219
55.4,uav_03,1,44.94330934092807,12.980996387649313,7.819999694824219
55.5,uav_03,1,44.94330934092807,13.268450719051508,7.811558317581262
55.6,uav_03,1,44.94330934092807,13.550016107115528,7.809999465942383
55.7,uav_03,1,44.94330934092807,13.816353697284049,7.809999465942383
55.8,uav_03,1,44.94330934092807,14.0853767631879,7.809999465942383
55.9,uav_03,1,44.933157633744095,14.351819852893748,7.809999465942383
56.0,uav_03,1,44.92401208465238,14.61884092675324,7.809999465942383
56.1,uav_03,1,44.92401208465238,14.894945253062996,7.809999465942383
56.2,uav_03,1,44.92401208465238,15.168818326430996,7.809999465942383
56.3,uav_03,1,44.922421310075734,15.424579794684606,7.809999465942383
56.4,uav_03,1,44.91436345720011,15.696854498656808,7.809999465942383
56.5,uav_03,1,44.91436345720011,15.969129202629027,7.809999465942383
56.6,uav_03,1,44.91436345720011,16.23149401970668,7.809999465942383
56.7,uav_03,1,44.905989417858265,16.52181699415603,7.809999465942383
56.8,uav_03,1,44.90471482837669,16.83192322177201,7.809999465942383
56.9,uav_03,1,44.90471482837669,17.14452630685961,7.809999465942383
57.0,uav_03,1,44.89513487574083,17.457129391947237,7.809999465942383
57.1,uav_03,1,44.89470607367968,17.758647232655697,7.809999465942383
57.2,uav_03,1,44.88541757210101,18.071250317775505,7.809999465942383
57.3,uav_03,1,44.88541757210101,18.38245435987304,7.809999465942383
57.4,uav_03,1,44.88377103887752,18.68537124393323,7.809999465942383
57.5,uav_03,1,44.87576894464873,19.000358667969046,7.809999465942383
57.6,uav_03,1,44.87347347850616,19.31255240971404,7.809999465942383
57.7,uav_03,1,44.86612031719647,19.587977614540556,7.809999465942383
57.8,uav_03,1,44.86612031719647,19.86028476322759,7.809999465942383
57.9,uav_03,1,44.86599129073701,20.123720728825386,7.809865737704926
58.0,uav_03,1,44.857177198274165,20.397134907997152,7.8007304560366935
58.1,uav_03,1,44.856471688373055,20.679864982816866,7.799999237060547
58.2,uav_03,1,44.856471688373055,20.946691408250526,7.799999237060547
58.3,uav_03,1,44.85003217944755,21.217377445512412,7.799999237060547
58.4,uav_03,1,44.84682306092078,21.490791624912966,7.799999237060547
58.5,uav_03,1,44.842052623801315,21.758725081316776,7.799999237060547
58.6,uav_03,1,44.83717443209736,22.026534739042404,7.799999237060547
58.7,uav_03,1,44.83717443209736,22.30902431836392,7.799999237060547
58.8,uav_03,1,44.83417624842979,22.60369049874305,7.799999237060547
58.9,uav_03,1,44.82752580464509,22.892517481968444,7.799999237060547
59.0,uav_03,1,44.82752580464509,23.190704262753115,7.799999237060547
59.1,uav_03,1,44.82752580464509,23.4888910432626,7.799999237060547
59.2,uav_03,1,44.82752580464509,23.78707782377208,7.799999237060547
59.3,uav_03,1,44.82752580464509,24.085264604281523,7.799999237060547
59.4,uav_03,1,44.8220715387043,24.38031819994864,7.799999237060547
59.5,uav_03,1,44.80822854836941,24.670552921031227,7.799999237060547
59.6,uav_03,1,44.80822854836941,24.968739701824674,7.799999237060547
59.7,uav_03,1,44.80822854836941,25.266241829396584,7.799999237060547
59.8,uav_03,1,44.80523044460271,25.563448326692455,7.799999237060547
59.9,uav_03,1,44.79857992091714,25.86426959771493,7.799999237060547
60.0,uav_03,1,44.79857992091714,26.16509086846599,7.803981298060164
60.1,uav_03,1,44.79857992091714,26.465912139391104,7.809999465942383
60.2,uav_03,1,44.79389391527771,26.75596597019961,7.809999465942383
60.3,uav_03,1,44.78893129209372,27.03364714332702,7.809999465942383
60.4,uav_03,1,44.78893129209372,27.31768164590771,7.809999465942383
60.5,uav_03,1,44.78893129209372,27.586418466021048,7.809999465942383
60.6,uav_03,1,44.78893129209372,27.848282479994392,7.809999465942383
60.7,uav_03,1,44.78893129209372,28.085302625163635,7.809999465942383
60.8,uav_03,1,44.78893129209372,28.308233219867702,7.809999465942383
60.9,uav_03,1,44.78893129209372,28.513953362927165,7.809999465942383
61.0,uav_03,1,44.78893129209372,28.705546970351865,7.809999465942383
61.1,uav_03,1,44.78893129209372,28.894603830866583,7.809999465942383
61.2,uav_03,1,44.78893129209372,29.074483321710538,7.809999465942383
61.3,uav_03,1,44.78893129209372,29.243655342236668,7.809999465942383
61.4,uav_03,1,44.78893129209372,29.39504878583409,7.809999465942383
61.5,uav_03,1,44.78893129209372,29.5368870850948,7.809999465942383
61.6,uav_03,1,44.78893129209372,29.668971851762038,7.809999465942383
61.7,uav_03,1,44.78893129209372,29.791879248384614,7.809999465942383
61.8,uav_03,1,44.78893129209372,29.902591478268096,7.809999465942383
61.9,uav_03,1,44.78893129209372,30.004781603275717,7.809999465942383
62.0,uav_03,1,44.78893129209372,30.105125130749368,7.809999465942383
62.1,uav_03,1,44.78893129209372,30.180210395590674,7.8024041316453046
62.2,uav_03,1,44.78893129209372,30.23862262301262,7.799999237060547
62.3,uav_03,1,44.79637105576006,30.28582153319245,7.799999237060547
62.4,uav_03,1,44.79857992091714,30.30458406477057,7.799999237060547
62.5,uav_03,1,44.79857992091714,30.30705777842251,7.799999237060547
62.6,uav_03,1,44.79857992091714,30.298318174528674,7.799999237060547
62.7,uav_03,1,44.79857992091714,30.26956161292467,7.799999237060547
62.8,uav_03,1,44.79857992091714,30.236374077058855,7.799999237060547
62.9,uav_03,1,44.79857992091714,30.186030442277342,7.799999237060547
63.0,uav_03,1,44.80598472595807,30.14000552125254,7.799999237060547
63.1,uav_03,1,44.82281293070478,30.079426172758495,7.799999237060547
63.2,uav_03,1,44.82752580464509,30.01356210321075,7.799999237060547
63.3,uav_03,1,44.841734523468624,29.95586018470784,7.799999237060547
63.4,uav_03,1,44.867854391024075,29.90097345992858,7.799999237060547
63.5,uav_03,1,44.90343505527212,29.846086735327777,7.799999237060547
63.6,uav_03,1,44.94165390334211,29.799038463627554,7.799999237060547
63.7,uav_03,1,44.98660144740187,29.75512908379907,7.799999237060547
63.8,uav_03,1,45.039932286186655,29.71204499437622,7.799999237060547
63.9,uav_03,1,45.107134702025114,29.676671245251033,7.799999237060547
64.0,uav_03,1,45.18031609324564,29.64514214118209,7.799999237060547
64.1,uav_03,1,45.25850080378471,29.61361303711315,7.799999237060547
64.2,uav_03,1,45.34082986818017,29.582083933044206,7.799999237060547
64.3,uav_03,1,45.43116175628816,29.55055482897527,7.799999237060547
64.4,uav_03,1,45.53528662638525,29.52304737682336,7.799999237060547
64.5,uav_03,1,45.645058712692695,29.498581864822665,7.799999237060547
64.6,uav_03,1,45.75732934783714,29.46992332701697,7.799999237060547
64.7,uav_03,1,45.87824670244782,29.448903924428805,7.799999237060547
64.8,uav_03,1,46.00725530734594,29.42952676619704,7.799999237060547
64.9,uav_03,1,46.14314489789453,29.418499354737637,7.799999237060547
65.0,uav_03,1,46.292068550386375,29.409152993954514,7.799999237060547
65.1,uav_03,1,46.447049517733056,29.409152993954514,7.799999237060547
65.2,uav_03,1,46.595250941813674,29.411376970883783,7.799999237060547
65.3,uav_03,1,46.75441299343372,29.425071172352826,7.799999237060547
65.4,uav_03,1,46.914475385810846,29.44762664104959,7.799999237060547
65.5,uav_03,1,47.05434018113137,29.47298355725385,7.799999237060547
65.6,uav_03,1,47.201582760342504,29.50981069767624,7.799999237060547
65.7,uav_03,1,47.34605186418046,29.551735207452,7.799999237060547
65.8,uav_03,1,47.47835857295986,29.588177152666088,7.799999237060547
65.9,uav_03,1,47.597675834238984,29.627710516385026,7.799999237060547
66.0,uav_03,1,47.71243907735127,29.658563376322903,7.801663652490472
66.1,uav_03,1,47.81985674442254,29.690460281599567,7.809999465942383
66.2,uav_03,1,47.92685124299943,29.731354340577763,7.809999465942383
66.3,uav_03,1,48.016365965346814,29.762207200515647,7.809999465942383
66.4,uav_03,1,48.1058806876942,29.7833336435697,7.809999465942383
66.5,uav_03,1,48.187626665536236,29.812827676012294,7.809999465942383
66.6,uav_03,1,48.268189916157695,29.84368053595017,7.809999465942383
66.7,uav_03,1,48.329629865809636,29.867209852098483,7.809999465942383
66.8,uav_03,1,48.389015976842266,29.88777842540225,7.809999465942383
66.9,uav_03,1,48.44270909346923,29.90880336410477,7.809999465942383
67.0,uav_03,1,48.47992004804642,29.930457064858345,7.809999465942383
67.1,uav_03,1,48.508510639031044,29.952355423929642,7.809999465942383
67.2,uav_03,1,48.52766730172487,29.979673071005966,7.809999465942383
67.3,uav_03,1,48.53259896570049,29.99667093935201,7.809999465942383
67.4,uav_03,1,48.528199269715046,30.00172572102263,7.809999465942383
67.5,uav_03,1,48.514387807931385,30.017593617408057,7.809999465942383
67.6,uav_03,1,48.49116458021198,30.029926672095502,7.809999465942383
67.7,uav_03,1,48.46257398989452,30.029926672095502,7.809999465942383
67.8,uav_03,1,48.43398339901916,30.029926672095502,7.809999465942383
67.9,uav_03,1,48.40526061114009,30.029926672095502,7.809999465942383
68.0,uav_03,1,48.376258813170374,30.016587178948825,7.809999465942383
68.1,uav_03,1,48.35106513212632,29.98312802090679,7.809999465942383
68.2,uav_03,1,48.327661549257655,29.949668862864755,7.809999465942383
68.3,uav_03,1,48.30258590951104,29.911559781753553,7.809999465942383
68.4,uav_03,1,48.28317061192953,29.866947571066362,7.809999465942383
68.5,uav_03,1,48.26375531434802,29.81276428056484,7.809999465942383
68.6,uav_03,1,48.244340016766515,29.74584596425697,7.809999465942383
68.7,uav_03,1,48.22920810832445,29.67400649154396,7.809999465942383
68.8,uav_03,1,48.21081564124747,29.5909461576287,7.809999465942383
68.9,uav_03,1,48.18644837244285,29.498496426710737,7.809999465942383
69.0,uav_03,1,48.16799272911382,29.407450200023277,7.809999465942383
69.1,uav_03,1,48.14978559552961,29.31254718926859,7.809999465942383
69.2,uav_03,1,48.131578461945395,29.20061527440043,7.809999465942383
69.3,uav_03,1,48.11553964462076,29.09104267742109,7.809999465942383
69.4,uav_03,1,48.10483965425759,28.965719307777416,7.809999465942383
69.5,uav_03,1,48.086766500485155,28.839988203639763,7.809999465942383
69.6,uav_03,1,48.06946482056856,28.703500718765007,7.809999465942383
69.7,uav_03,1,48.06946482056856,28.557074342034817,7.809999465942383
69.8,uav_03,1,48.06045358892868,28.421000909475197,7.8193390719487175
69.9,uav_03,1,48.0598161931163,28.246126651301378,7.819999694824219
70.0,uav_03,1,48.068102014728204,28.08023897472419,7.819999694824219
70.1,uav_03,1,48.07785533919042,27.892876426150636,7.819999694824219
70.2,uav_03,1,48.08764717574419,27.701630233744904,7.819999694824219
70.3,uav_03,1,48.10611594862713,27.500415167687503,7.819999694824219
70.4,uav_03,1,48.116879477317546,27.29791919875687,7.819999694824219
70.5,uav_03,1,48.1356346680866,27.095423230152402,7.819999694824219
70.6,uav_03,1,48.15521834222805,26.872002323935153,7.819999694824219
70.7,uav_03,1,48.18405178733522,26.668260804646774,7.819999694824219
70.8,uav_03,1,48.22282027907488,26.433390238717127,7.819999694824219
70.9,uav_03,1,48.252451437191475,26.208101006028755,7.819999694824219
71.0,uav_03,1,48.29145780078366,25.98291337575376,7.819999694824219
71.1,uav_03,1,48.31125308303652,25.7459791694734,7.819999694824219
71.2,uav_03,1,48.34031528537401,25.487355831963356,7.82035668622521
71.3,uav_03,1,48.35991971394305,25.239598468660816,7.829999923706055
71.4,uav_03,1,48.380175754603194,24.991092472149056,7.829999923706055
71.5,uav_03,1,48.4079653456613,24.73224925299055,7.829999923706055
71.6,uav_03,1,48.41857218781006,24.475179020077547,7.829999923706055
71.7,uav_03,1,48.43714465110946,24.2149743402337,7.829999923706055
71.8,uav_03,1,48.446946865922,23.9460556521327,7.829999923706055
71.9,uav_03,1,48.456645077633176,23.68836575338717,7.829999923706055
72.0,uav_03,1,48.46565825775026,23.439841363536775,7.829999923706055
72.1,uav_03,1,48.47429919019592,23.20158115448411,7.829999923706055
72.2,uav_03,1,48.48294012147162,22.953862194290096,7.829999923706055
72.3,uav_03,1,48.49880628070859,22.713975491999612,7.829999923706055
72.4,uav_03,1,48.51608814437197,22.468572002907635,7.829999923706055
72.5,uav_03,1,48.522950338248215,22.22038428502687,7.829999923706055
72.6,uav_03,1,48.52715247653705,21.972196567317614,7.829999923706055
72.7,uav_03,1,48.53579340820872,21.724008849659114,7.829999923706055
72.8,uav_03,1,48.54443434034362,21.473308793943094,7.829999923706055
72.9,uav_03,1,48.553075271728886,21.216548169566593,7.829999923706055
73.0,uav_03,1,48.561726121761836,20.967867334059832,7.829999923706055
73.1,uav_03,1,48.57086717392638,20.69481288051059,7.829999923706055
73.2,uav_03,1,48.580314912161555,20.42307689261364,7.829999923706055
73.3,uav_03,1,48.589774004570636,20.141127913860768,7.829999923706055
73.4,uav_03,1,48.59923309581228,19.8585732459489,7.829999923706055
73.5,uav_03,1,48.608692188167495,19.576018577687975,7.829999923706055
73.6,uav_03,1,48.60978799080324,19.293463909731386,7.829999923706055
73.7,uav_03,1,48.61796174315052,19.001518471711314,7.829999923706055
73.8,uav_03,1,48.619436618255506,18.719240389845115,7.829999923706055
73.9,uav_03,1,48.619436618255506,18.428253585106578,7.829999923706055
74.0,uav_03,1,48.63448609568699,18.14347655185117,7.829999923706055
74.1,uav_03,1,48.6387338745312,17.854988860599146,7.829999923706055
74.2,uav_03,1,48.6387338745312,17.552189055694615,7.829999923706055
74.3,uav_03,1,48.6387338745312,17.245884925200016,7.821759535083673
74.4,uav_03,1,48.6387338745312,16.9489746106471,7.819999694824219
74.5,uav_03,1,48.64713601999897,16.654015077652474,7.819999694824219
74.6,uav_03,1,48.64838250198347,16.339230499443133,7.819999694824219
74.7,uav_03,1,48.64838250198347,16.041925523025178,7.819999694824219
74.8,uav_03,1,48.65746187392557,15.736534761091281,7.819999694824219
74.9,uav_03,1,48.65803113080689,15.430230630216874,7.819999694824219
75.0,uav_03,1,48.65803113080689,15.123926499708215,7.819999694824219
75.1,uav_03,1,48.667317766860506,14.84286993355398,7.819999694824219
75.2,uav_03,1,48.667679758259155,14.549255728340256,7.819999694824219
75.3,uav_03,1,48.667679758259155,14.264645701803227,7.819999694824219
75.4,uav_03,1,48.667679758259155,13.981020881043525,7.819999694824219
75.5,uav_03,1,48.667679758259155,13.69739606028386,7.819999694824219
75.6,uav_03,1,48.6744493633996,13.41377123952425,7.819999694824219
75.7,uav_03,1,48.677328387082575,13.130146418764568,7.819999694824219
75.8,uav_03,1,48.677328387082575,12.847997964676136,7.819999694824219
75.9,uav_03,1,48.677328387082575,12.571334269527123,7.819999694824219
76.0,uav_03,1,48.677328387082575,12.287488688970257,7.819999694824219
76.1,uav_03,1,48.677328387082575,11.99386669904871,7.819999694824219
76.2,uav_03,1,48.6815080944608,11.698300584078392,7.819999694824219
76.3,uav_03,1,48.68697701453484,11.394617065701016,7.819999694824219
76.4,uav_03,1,48.68697701453484,11.089422371188085,7.819999694824219
76.5,uav_03,1,48.68697701453484,10.7905258869325,7.819999694824219
76.6,uav_03,1,48.68697701453484,10.491629402676907,7.819999694824219
76.7,uav_03,1,48.68697701453484,10.192732918421278,7.819999694824219
76.8,uav_03,1,48.69517971465145,9.889124420495863,7.819999694824219
76.9,uav_03,1,48.70627427081053,9.583854705530952,7.819999694824219
77.0,uav_03,1,48.70627427081053,9.284958221275359,7.819999694824219
77.1,uav_03,1,48.70627427081053,8.987914020217568,7.819999694824219
77.2,uav_03,1,48.70627427081053,8.694418956653667,7.819999694824219
77.3,uav_03,1,48.70627427081053,8.406516186637537,7.819999694824219
77.4,uav_03,1,48.70627427081053,8.113784252291742,7.819999694824219
77.5,uav_03,1,48.70627427081053,7.807284856280868,7.816775639097077
77.6,uav_03,1,48.70627427081053,7.518572607437327,7.809999465942383
77.7,uav_03,1,48.70627427081053,7.231303319785585,7.809999465942383
77.8,uav_03,1,48.70627427081053,6.931236000287162,7.809999465942383
77.9,uav_03,1,48.70627427081053,6.637302410301286,7.809999465942383
78.0,uav_03,1,48.70627427081053,6.338612365201323,7.809999465942383
78.1,uav_03,1,48.70784564679018,6.04814006360733,7.809999465942383
78.2,uav_03,1,48.715922898262804,5.7644890839911,7.809999465942383
78.3,uav_03,1,48.715922898262804,5.476600996856776,7.809999465942383
78.4,uav_03,1,48.715922898262804,5.198616237711537,7.809999465942383
78.5,uav_03,1,48.715922898262804,4.920631478566266,7.809999465942383
78.6,uav_03,1,48.715922898262804,4.651755830118588,7.809999465942383
78.7,uav_03,1,48.715922898262804,4.375747204261027,7.809999465942383
78.8,uav_03,1,48.715922898262804,4.105292531263005,7.809999465942383
78.9,uav_03,1,48.715922898262804,3.837603503820376,7.809999465942383
79.0,uav_03,1,48.715922898262804,3.5699144764629054,7.809999465942383
79.1,uav_03,1,48.715922898262804,3.312548546748935,7.809999465942383
79.2,uav_03,1,48.715922898262804,3.060190212280739,7.809999465942383
79.3,uav_03,1,48.715922898262804,2.803985980423202,7.809999465942383
79.4,uav_03,1,48.715922898262804,2.5537020582650434,7.809999465942383
79.5,uav_03,1,48.715922898262804,2.308229710167976,7.809999465942383
79.6,uav_03,1,48.715922898262804,2.078802781399532,7.8115773108204625
79.7,uav_03,1,48.715922898262804,1.8515604367815104,7.819999694824219
79.8,uav_03,1,48.715922898262804,1.6425549571970297,7.819999694824219
79.9,uav_03,1,48.715922898262804,1.4235565253086409,7.819999694824219
80.0,uav_03,1,48.715922898262804,1.2249726809722061,7.819999694824219
80.1,uav_03,1,48.707610076137286,1.0363817889317886,7.819999694824219
80.2,uav_03,1,48.70627427081053,0.8499918917707988,7.819999694824219
80.3,uav_03,1,48.70627427081053,0.6772813715191143,7.819999694824219
80.4,uav_03,1,48.70627427081053,0.5016441983579146,7.819999694824219
80.5,uav_03,1,48.70627427081053,0.34461387416956657,7.819999694824219
80.6,uav_03,1,48.70627427081053,0.20180968011026787,7.819999694824219
80.7,uav_03,1,48.70627427081053,0.07266279530058828,7.819999694824219
80.8,uav_03,1,48.70403553823762,-0.03117271538805897,7.819999694824219
80.9,uav_03,1,48.68697701453484,-0.11595801524694475,7.819999694824219
81.0,uav_03,1,48.68697701453484,-0.1994958394358651,7.819999694824219
81.1,uav_03,1,48.68393104736476,-0.2432886037962474,7.819999694824219
81.2,uav_03,1,48.677328387082575,-0.2782789943155052,7.8163211072988314
81.3,uav_03,1,48.677328387082575,-0.29502444202966993,7.809999465942383
81.4,uav_03,1,48.673561822296556,-0.2795615888647865,7.809999465942383
81.5,uav_03,1,48.667679758259155,-0.2529130352848744,7.809999465942383
81.6,uav_03,1,48.667679758259155,-0.21950661812647487,7.809999465942383
81.7,uav_03,1,48.667679758259155,-0.17266600547522146,7.809999465942383
81.8,uav_03,1,48.67162119791564,-0.10585317115842048,7.8140845333037845
81.9,uav_03,1,48.677328387082575,-0.048197379669179474,7.819999694824219
82.0,uav_03,1,48.68941501721267,0.005602009110792429,7.819999694824219
82.1,uav_03,1,48.71034686604112,0.06773586565467858,7.819999694824219
82.2,uav_03,1,48.73092335946998,0.12130960995240059,7.819999694824219
82.3,uav_03,1,48.76296925312075,0.16814043971199438,7.819999694824219
82.4,uav_03,1,48.790081208160345,0.2090384922306885,7.819999694824219
82.5,uav_03,1,48.82451618692618,0.2572201505077986,7.819999694824219
82.6,uav_03,1,48.86694531485728,0.29621738391305547,7.819999694824219
82.7,uav_03,1,48.92500384128701,0.33521461731832675,7.819999694824219
82.8,uav_03,1,48.98440462063174,0.3665695309283078,7.813105399621758
82.9,uav_03,1,49.04929449397369,0.39581745589566325,7.809999465942383
83.0,uav_03,1,49.1215073906859,0.42506538086301837,7.809999465942383
83.1,uav_03,1,49.19787982144426,0.4506787938586899,7.809999465942383
83.2,uav_03,1,49.27825362610658,0.47017741046979855,7.809999465942383
83.3,uav_03,1,49.37214061318396,0.4908087785995597,7.809999465942383
83.4,uav_03,1,49.47130202487858,0.521539976195477,7.809999465942383
83.5,uav_03,1,49.58292262448721,0.5429133362110189,7.809999465942383
83.6,uav_03,1,49.70373020713729,0.5748415603898775,7.809999465942383
83.7,uav_03,1,49.83349259575797,0.5764327010183994,7.809999465942383
83.8,uav_03,1,49.96371662885503,0.605705908072696,7.809999465942383
83.9,uav_03,1,50.1020869108866,0.6096884337618872,7.809999465942383
84.0,uav_03,1,50.24941199874081,0.6096884337618872,7.809999465942383
84.1,uav_03,1,50.39078703807071,0.6096884337618872,7.809999465942383
84.2,uav_03,1,50.54452381791588,0.6096884337618872,7.809999465942383
84.3,uav_03,1,50.69589439712612,0.5863936893592735,7.809999465942383
84.4,uav_03,1,50.847937920033054,0.5612381366599787,7.80314579998579
84.5,uav_03,1,50.995888936614975,0.5466507097759514,7.799999237060547
84.6,uav_03,1,51.148832028952214,0.5122746745782831,7.799999237060547
84.7,uav_03,1,51.298352971313136,0.46736162389811625,7.799999237060547
84.8,uav_03,1,51.43797631847679,0.42244857305267375,7.799999237060547
84.9,uav_03,1,51.56770206985008,0.3856901509673803,7.799999237060547
85.0,uav_03,1,51.694752522341496,0.34370771551234647,7.807484716829216
85.1,uav_03,1,51.80710941527048,0.29879466455262477,7.809999465942383
85.2,uav_03,1,51.914613644174494,0.26246529784899003,7.809999465942383
85.3,uav_03,1,52.01452212607828,0.22878050972893293,7.809999465942383
85.4,uav_03,1,52.11068648149912,0.20432545110296255,7.809999465942383
85.5,uav_03,1,52.19816568913596,0.17401806200346298,7.809999465942383
85.6,uav_03,1,52.26168695826095,0.14139818012712552,7.809999465942383
85.7,uav_03,1,52.32550603253911,0.11685984258753966,7.809999465942383
85.8,uav_03,1,52.38490533740541,0.0951132545191612,7.809999465942383
85.9,uav_03,1,52.43502497811548,0.07336666661611833,7.809999465942383
86.0,uav_03,1,52.46290344981802,0.051620078827323765,7.809999465942383
86.1,uav_03,1,52.48183174182427,0.029873490781538947,7.809999465942383
86.2,uav_03,1,52.49464824496533,0.015148695734877343,7.809999465942383
86.3,uav_03,1,52.492257778545905,0.004275401791694178,7.809999465942383
86.4,uav_03,1,52.48300570720575,-0.012708481744859397,7.809999465942383
86.5,uav_03,1,52.46421503642776,-0.02778964594273748,7.809999465942383
86.6,uav_03,1,52.44168298952198,-0.033255732743487906,7.809999465942383
86.7,uav_03,1,52.420575357590224,-0.033255732743487906,7.809999465942383
86.8,uav_03,1,52.39118119374162,-0.033255732743487906,7.809999465942383
86.9,uav_03,1,52.35739720677926,-0.031070122055898222,7.809999465942383
87.0,uav_03,1,52.33063244578549,-0.01946985196431571,7.809999465942383
87.1,uav_03,1,52.303867684728026,0.0015450772630542767,7.809999465942383
87.2,uav_03,1,52.27710292246642,0.03229493264551735,7.809999465942383
87.3,uav_03,1,52.25033816143303,0.06304478802797214,7.809999465942383
87.4,uav_03,1,52.22357340043926,0.11198342858503552,7.809999465942383
87.5,uav_03,1,52.20281732316021,0.16662259555073422,7.809999465942383
87.6,uav_03,1,52.174568630927766,0.22429425629354754,7.809999465942383
87.7,uav_03,1,52.15282534298736,0.30238130921672957,7.809999465942383
87.8,uav_03,1,52.13256102133692,0.39436383569785755,7.809999465942383
87.9,uav_03,1,52.11229669968648,0.48749000966461,7.809999465942383
88.0,uav_03,1,52.082383750583766,0.5922243629036195,7.809999465942383
88.1,uav_03,1,52.06211942893333,0.699148233806,7.809999465942383
88.2,uav_03,1,52.040432877654744,0.8271967225220653,7.809999465942383
88.3,uav_03,1,52.01194215818018,0.9574347289410132,7.809999465942383
88.4,uav_03,1,51.99417272239929,1.095668241465018,7.809999465942383
88.5,uav_03,1,51.982285808691536,1.2335733717840947,7.809999465942383
88.6,uav_03,1,51.96343920979371,1.3874812544845034,7.809999465942383
88.7,uav_03,1,51.948213286734,1.5470492867847692,7.809999465942383
88.8,uav_03,1,51.94665779118369,1.7024654583285703,7.809999465942383
88.9,uav_03,1,51.93856465928174,1.8759991436407033,7.809999465942383
89.0,uav_03,1,51.939703425260596,2.052149470336132,7.809999465942383
89.1,uav_03,1,51.948213286734,2.2473748661677124,7.809999465942383
89.2,uav_03,1,51.948935323244015,2.441770719137824,7.809999465942383
89.3,uav_03,1,51.9583755871791,2.627330567386693,7.809999465942383
89.4,uav_03,1,51.96810878856591,2.8336104867275647,7.809999465942383
89.5,uav_03,1,51.98660688466067,3.0461338741392034,7.809999465942383
89.6,uav_03,1,52.00488544866505,3.2561350716953754,7.809999465942383
89.7,uav_03,1,52.02316160206824,3.466108574011815,7.809999465942383
89.8,uav_03,1,52.04945547671906,3.6760820766554363,7.809999465942383
89.9,uav_03,1,52.07686970617454,3.9033054547888035,7.802218730588793
90.0,uav_03,1,52.10428393563003,4.126237938855489,7.799999237060547
90.1,uav_03,1,52.12521209803779,4.35416191576322,7.799999237060547
90.2,uav_03,1,52.149463767088726,4.585132768443249,7.799999237060547
90.3,uav_03,1,52.171413032296435,4.822382282596637,7.799999237060547
90.4,uav_03,1,52.19959801209928,5.063851810449939,7.799999237060547
90.5,uav_03,1,52.21837487185133,5.3090495703461436,7.799999237060547
90.6,uav_03,1,52.22726893089938,5.5603656625141396,7.799999237060547
90.7,uav_03,1,52.24207695260645,5.819271713189134,7.799999237060547
90.8,uav_03,1,52.25164732123627,6.083159693142515,7.799999237060547
90.9,uav_03,1,52.26120939419616,6.351690248286816,7.799999237060547
91.0,uav_03,1,52.26661801185498,6.622786305751226,7.799999237060547
91.1,uav_03,1,52.270773612191206,6.887668438095414,7.799999237060547
91.2,uav_03,1,52.28038003549941,7.1572764234963415,7.799999237060547
91.3,uav_03,1,52.28591526813067,7.433195311485516,7.799999237060547
91.4,uav_03,1,52.28994425428106,7.709114199310335,7.799999237060547
91.5,uav_03,1,52.29556389558294,7.98458998315286,7.799999237060547
91.6,uav_03,1,52.298852040471715,8.253182952074956,7.799999237060547
91.7,uav_03,1,52.305212524406365,8.510953139617232,7.799999237060547
91.8,uav_03,1,52.307152525027384,8.770952180884564,7.799999237060547
91.9,uav_03,1,52.31486115185863,9.037578759007129,7.799999237060547
92.0,uav_03,1,52.3160448655838,9.296028927025496,7.799999237060547
92.1,uav_03,1,52.33399397796321,9.56410992193135,7.799999237060547
92.2,uav_03,1,52.334158408134314,9.832190917200128,7.799999237060547
92.3,uav_03,1,52.334158408134314,10.100271912136778,7.799999237060547
92.4,uav_03,1,52.334158408134314,10.368352907042658,7.799999237060547
92.5,uav_03,1,52.334158408134314,10.636433902228873,7.799999237060547
92.6,uav_03,1,52.334158408134314,10.914482512328728,7.799999237060547
92.7,uav_03,1,52.334158408134314,11.210663333590796,7.799999237060547
92.8,uav_03,1,52.334158408134314,11.505913808277526,7.799999237060547
92.9,uav_03,1,52.334158408134314,11.79759814200292,7.799999237060547
93.0,uav_03,1,52.320486456201515,12.095434624799823,7.799999237060547
93.1,uav_03,1,52.31486115185863,12.389650251063244,7.799999237060547
93.2,uav_03,1,52.31486115185863,12.689428231069632,7.799999237060547
93.3,uav_03,1,52.30770032180069,12.984104162941392,7.799999237060547
93.4,uav_03,1,52.305212524406365,13.284148910998043,7.799999237060547
93.5,uav_03,1,52.305212524406365,13.578558074628793,7.799999237060547
93.6,uav_03,1,52.29793209607509,13.871775409597635,7.799999237060547
93.7,uav_03,1,52.29556389558294,14.1535049393181,7.799999237060547
93.8,uav_03,1,52.28894230569046,14.438856138749488,7.799999237060547
93.9,uav_03,1,52.28591526813067,14.727282287230551,7.799999237060547
94.0,uav_03,1,52.28591526813067,15.008906523417899,7.799999237060547
94.1,uav_03,1,52.28034545729739,15.293049339813445,7.799999237060547
94.2,uav_03,1,52.27626663930725,15.58147548850755,7.799999237060547
94.3,uav_03,1,52.27139801583263,15.864308107802291,7.799999237060547
94.4,uav_03,1,52.26661801185498,16.14724254127131,7.799999237060547
94.5,uav_03,1,52.2624505749475,16.44045663050169,7.799999237060547
94.6,uav_03,1,52.256969384402716,16.732688308185434,7.799999237060547
94.7,uav_03,1,52.25324934544103,17.016119596710084,7.799999237060547
94.8,uav_03,1,52.24732075557929,17.305389106308677,7.799999237060547
94.9,uav_03,1,52.243808373880555,17.601469932448644,7.799999237060547
95.0,uav_03,1,52.23426357431106,17.897550758588583,7.799999237060547
95.1,uav_03,1,52.2280234993036,18.196549768478256,7.799999237060547
95.2,uav_03,1,52.2249030079351,18.49471836336018,7.799999237060547
95.3,uav_03,1,52.21837487185133,18.783299057175782,7.799999237060547
95.4,uav_03,1,52.21837487185133,19.076033347105888,7.799999237060547
95.5,uav_03,1,52.212756858918056,19.364375465347216,7.799999237060547
95.6,uav_03,1,52.199077615575646,19.663060096454696,7.799999237060547
95.7,uav_03,1,52.19655595636771,19.96225324084223,7.799999237060547
95.8,uav_03,1,52.18942898812338,20.247416022206707,7.799999237060547
95.9,uav_03,1,52.187290994844986,20.54076693042176,7.799999237060547
96.0,uav_03,1,52.17978035929996,20.83411783885601,7.799999237060547
96.1,uav_03,1,52.17802603255876,21.127468746983737,7.799999237060547
96.2,uav_03,1,52.168569238001126,21.420819655111533,7.799999237060547
96.3,uav_03,1,52.160483103024276,21.712595820430987,7.799999237060547
96.4,uav_03,1,52.159304275633126,21.996436226987953,7.799999237060547
96.5,uav_03,1,52.15083447557201,22.289787135155954,7.799999237060547
96.6,uav_03,1,52.15083447557201,22.58269995186587,7.799999237060547
96.7,uav_03,1,52.15041754076907,22.870707010893415,7.799999237060547
96.8,uav_03,1,52.14122371843266,23.155900495687533,7.799999237060547
96.9,uav_03,1,52.14118584811973,23.441093980481686,7.799999237060547
97.0,uav_03,1,52.132484699975635,23.726287465275874,7.799999237060547
97.1,uav_03,1,52.13153721929632,24.02095511771168,7.799999237060547
97.2,uav_03,1,52.123745682620466,24.298808034196558,7.799999237060547
97.3,uav_03,1,52.121888591844055,24.579987041117015,7.799999237060547
97.4,uav_03,1,52.11508706966215,24.85675300195412,7.799999237060547
97.5,uav_03,1,52.11223996302063,25.13867546530561,7.799999237060547
97.6,uav_03,1,52.11223996302063,25.423868950099774,7.799999237060547
97.7,uav_03,1,52.10663385566747,25.707864061987443,7.799999237060547
97.8,uav_03,1,52.10259133556836,25.99409759689668,7.799999237060547
97.9,uav_03,1,52.10259133556836,26.282611052023423,7.805751145104306
98.0,uav_03,1,52.10259133556836,26.57112450737702,7.809999465942383
98.1,uav_03,1,52.10259133556836,26.846840285071618,7.809999465942383
98.2,uav_03,1,52.10259133556836,27.113160397617627,7.809999465942383
98.3,uav_03,1,52.09141241575254,27.385902203293508,7.809999465942383
98.4,uav_03,1,52.08329407929267,27.6440196268405,7.809999465942383
98.5,uav_03,1,52.08329407929267,27.888146396576758,7.809999465942383
98.6,uav_03,1,52.08329407929267,28.132273166377075,7.809999465942383
98.7,uav_03,1,52.08329407929267,28.371252544543843,7.809999465942383
98.8,uav_03,1,52.08329407929267,28.5867316055194,7.809999465942383
98.9,uav_03,1,52.08329407929267,28.780644513620818,7.809999465942383
99.0,uav_03,1,52.08329407929267,28.969195289427468,7.809999465942383
99.1,uav_03,1,52.09007018037192,29.15774606523413,7.809999465942383
99.2,uav_03,1,52.10259133556836,29.333167611295,7.809999465942383
99.3,uav_03,1,52.10259133556836,29.482159068042492,7.809999465942383
99.4,uav_03,1,52.10259133556836,29.63429125569213,7.809999465942383
99.5,uav_03,1,52.10259133556836,29.767748162239172,7.809999465942383
99.6,uav_03,1,52.10259133556836,29.88297363656475,7.809999465942383
99.7,uav_03,1,52.10259133556836,29.997935460063243,7.809999465942383
99.8,uav_03,1,52.10259133556836,30.093281452057134,7.809999465942383
99.9,uav_03,1,52.10259133556836,30.168628986106715,7.809999465942383
100.0,uav_03,1,52.111202963754835,30.2235040605904,7.809999465942383
100.1,uav_03,1,52.11223996302063,30.267359896510417,7.809999465942383
100.2,uav_03,1,52.11223996302063,30.291913188109973,7.809999465942383
100.3,uav_03,1,52.11975714165775,30.30460896972342,7.809999465942383
100.4,uav_03,1,52.121888591844055,30.290623178455114,7.809999465942383
100.5,uav_03,1,52.121888591844055,30.261492797079207,7.809999465942383
100.6,uav_03,1,52.1283113187953,30.222115443080877,7.809999465942383
100.7,uav_03,1,52.13153721929632,30.16553122331811,7.809999465942383
100.8,uav_03,1,52.13153721929632,30.098839010988183,7.809999465942383
100.9,uav_03,1,52.13153721929632,30.028627856753598,7.809999465942383
101.0,uav_03,1,52.13153721929632,29.94900363421994,7.809999465942383
101.1,uav_03,1,52.13153721929632,29.856720989080408,7.809999465942383
101.2,uav_03,1,52.12286243709749,29.761746320747278,7.809999465942383
101.3,uav_03,1,52.121888591844055,29.66677165272846,7.809999465942383
101.4,uav_03,1,52.11184777751103,29.559390040964526,7.809999465942383
101.5,uav_03,1,52.10259133556836,29.430923262755748,7.809999465942383
101.6,uav_03,1,52.09753829292196,29.308334656513384,7.809999465942383
101.7,uav_03,1,52.07155374404624,29.169695566646237,7.809999465942383
101.8,uav_03,1,52.062531904344226,29.043630962682148,7.809999465942383
101.9,uav_03,1,52.053655202200176,28.9158290191245,7.809999465942383
102.0,uav_03,1,52.03659479011363,28.778624866579474,7.809999465942383
102.1,uav_03,1,52.027292659209316,28.641420714351092,7.809999465942383
102.2,uav_03,1,52.01876245282857,28.49658807306049,7.809999465942383
102.3,uav_03,1,52.01023224696384,28.349583624153777,7.809999465942383
102.4,uav_03,1,52.001702040900966,28.187403394161276,7.809999465942383
102.5,uav_03,1,51.99317183471835,28.014771701425044,7.809999465942383
102.6,uav_03,1,51.98247545896916,27.84816665918705,7.809999465942383
102.7,uav_03,1,51.96541504688262,27.68035786646146,7.809999465942383
102.8,uav_03,1,51.948354634796075,27.5039525277734,7.809999465942383
102.9,uav_03,1,51.92101625611083,27.29418106910721,7.809999465942383
103.0,uav_03,1,51.89247997682318,27.085872094862555,7.809999465942383
103.1,uav_03,1,51.87268580762561,26.877681722855087,7.809999465942383
103.2,uav_03,1,51.81878484672216,26.65948843180498,7.809999465942383
103.3,uav_03,1,51.77875136366144,26.440340671681792,7.809999465942383
103.4,uav_03,1,51.73211800115974,26.221192911866375,7.809999465942383
103.5,uav_03,1,51.69280400282572,26.011664502358247,7.809999465942383
103.6,uav_03,1,51.64639321305093,25.78449114195521,7.809999465942383
103.7,uav_03,1,51.59096050657442,25.546724835595246,7.809999465942383
103.8,uav_03,1,51.53381474993024,25.315135519524937,7.809999465942383
103.9,uav_03,1,51.48338463986104,25.07994821571571,7.809999465942383
104.0,uav_03,1,51.43375372089056,24.830885126601252,7.809999465942383
104.1,uav_03,1,51.383993996333075,24.57934322002241,7.809999465942383
104.2,uav_03,1,51.32529227853977,24.327801313808518,7.809999465942383
104.3,uav_03,1,51.27482591839469,24.07625940725845,7.809999465942383
104.4,uav_03,1,51.225066193837215,23.813747147593556,7.809999465942383
104.5,uav_03,1,51.175103154057446,23.551238693219776,7.809999465942383
104.6,uav_03,1,51.11589811589883,23.309384311037547,7.809999465942383
104.7,uav_03,1,51.065328442360894,23.035905503557004,7.809999465942383
104.8,uav_03,1,51.00614337809497,22.775249089304143,7.809999465942383
104.9,uav_03,1,50.951281686804705,22.533035226192457,7.809999465942383
105.0,uav_03,1,50.89867693743577,22.291286243505624,7.809999465942383
105.1,uav_03,1,50.83766541315904,22.059195747292552,7.809999465942383
105.2,uav_03,1,50.768767599588166,21.827519638952893,7.809999465942383
105.3,uav_03,1,50.71191680285871,21.588209783809372,7.809999465942383
105.4,uav_03,1,50.64778552308104,21.3530821777606,7.809999465942383
105.5,uav_03,1,50.58252795199591,21.121406069313046,7.809999465942383
105.6,uav_03,1,50.5211557435682,20.885133324113124,7.809999465942383
105.7,uav_03,1,50.46290329101707,20.643384341426234,7.809999465942383
105.8,uav_03,1,50.410409545001805,20.399594845451773,7.809999465942383
105.9,uav_03,1,50.357761881694685,20.14911404671746,7.811394585602213
106.0,uav_03,1,50.30309594866056,19.893434515506364,7.819999694824219
106.1,uav_03,1,50.25535771157376,19.629174493111478,7.819999694824219
106.2,uav_03,1,50.207619474486954,19.35582631127546,7.819999694824219
106.3,uav_03,1,50.159881237400164,19.09179832071856,7.819999694824219
106.4,uav_03,1,50.112709192714895,18.81821810704455,7.819999694824219
106.5,uav_03,1,50.074983814392766,18.554956627118703,7.819999694824219
106.6,uav_03,1,50.04524817856965,18.290858221444424,7.819999694824219
106.7,uav_03,1,49.98848879466355,18.005960731564215,7.819999694824219
106.8,uav_03,1,49.95013593569411,17.731730023561305,7.819999694824219
106.9,uav_03,1,49.902448609434366,17.45742479015507,7.819999694824219
107.0,uav_03,1,49.862228115148035,17.171320266628644,7.819999694824219
107.1,uav_03,1,49.81215040303468,16.87724643501474,7.819999694824219
107.2,uav_03,1,49.769863273204564,16.57422205516734,7.819999694824219
107.3,uav_03,1,49.722925459594514,16.281215571429385,7.819999694824219
107.4,uav_03,1,49.68714706008453,15.98523669457213,7.819999694824219
107.5,uav_03,1,49.639280223600856,15.68411735996808,7.819999694824219
107.6,uav_03,1,49.59478221814106,15.386868452948692,7.819999694824219
107.7,uav_03,1,49.54802081947224,15.087019148506823,7.819999694824219
107.8,uav_03,1,49.507215431815915,14.788500211129346,7.819999694824219
107.9,uav_03,1,49.46836633649993,14.498382680656249,7.819999694824219
108.0,uav_03,1,49.43201416850704,14.226911725532688,7.819999694824219
108.1,uav_03,1,49.399982083389986,13.96121143070611,7.819999694824219
108.2,uav_03,1,49.37050393804374,13.69551113577528,7.819999694824219
108.3,uav_03,1,49.33492450869026,13.432154356836978,7.819999694824219
108.4,uav_03,1,49.299345080128184,13.173718276720512,7.819999694824219
108.5,uav_03,1,49.264297911888875,12.898410251314397,7.819999694824219
108.6,uav_03,1,49.237613340288384,12.632709956269546,7.819999694824219
108.7,uav_03,1,49.20225542002154,12.367009661578706,7.819999694824219
108.8,uav_03,1,49.17459556826396,12.101309366573727,7.819999694824219
108.9,uav_03,1,49.13357938347134,11.82737632451715,7.819999694824219
109.0,uav_03,1,49.094841883838555,11.55378090672076,7.819999694824219
109.1,uav_03,1,49.064106555085026,11.278293037332675,7.819999694824219
109.2,uav_03,1,49.024745191331064,11.00139186238995,7.819999694824219
109.3,uav_03,1,48.98379318266003,10.7182899503796,7.819999694824219
109.4,uav_03,1,48.95173220521062,10.43650426820591,7.819999694824219
109.5,uav_03,1,48.919283174371216,10.159603093216873,7.819999694824219
109.6,uav_03,1,48.886464599870344,9.877806778397057,7.819999694824219
109.7,uav_03,1,48.850891221104526,9.594715499079154,7.819999694824219
109.8,uav_03,1,48.808045220074,9.317814324043722,7.819999694824219
109.9,uav_03,1,48.77409024999594,9.033734063585259,7.819999694824219
110.0,uav_03,1,48.74013964255247,8.737958108752252,7.819999694824219
110.1,uav_03,1,48.69429566466821,8.442743624757417,7.819999694824219
110.2,uav_03,1,48.657849158836214,8.138452456572828,7.819999694824219
110.3,uav_03,1,48.62066121792159,7.835996932921354,7.819999694824219
110.4,uav_03,1,48.574681949748935,7.526220935230706,7.819999694824219
110.5,uav_03,1,48.53044691720091,7.221373530014236,7.819999694824219
110.6,uav_03,1,48.48514297862302,6.917754183834851,7.819999694824219
110.7,uav_03,1,48.44519780749178,6.6136826605062495,7.819999694824219
110.8,uav_03,1,48.40525263632051,6.303195017614368,7.819999694824219
110.9,uav_03,1,48.36530746448368,5.994906546837923,7.819999694824219
111.0,uav_03,1,48.32556849067628,5.691334502781669,7.819999694824219
111.1,uav_03,1,48.279942266077406,5.385176982630829,7.819999694824219
111.2,uav_03,1,48.237036305849614,5.0868859422919925,7.819999694824219
111.3,uav_03,1,48.19763132224746,4.7850885831934225,7.819999694824219
111.4,uav_03,1,48.151470834573736,4.479501761356576,7.819999694824219
111.5,uav_03,1,48.11613085039953,4.173914939519825,7.819999694824219
111.6,uav_03,1,48.07225563324398,3.8683281176830824,7.812578013865037
111.7,uav_03,1,48.02299940444124,3.562741295545668,7.809999465942383
111.8,uav_03,1,47.98130915070326,3.2658469724165293,7.809999465942383
111.9,uav_03,1,47.93413557428804,2.9626528961579637,7.809999465942383
112.0,uav_03,1,47.8956504985756,2.6787797120524215,7.809999465942383
112.1,uav_03,1,47.85497420860105,2.4116735741423554,7.809999465942383
112.2,uav_03,1,47.81238493893767,2.1474487260898347,7.809999465942383
112.3,uav_03,1,47.77765386257486,1.882341021642801,7.809999465942383
112.4,uav_03,1,47.74332111275064,1.6205627358249868,7.809999465942383
112.5,uav_03,1,47.695634467949745,1.3632108574989314,7.809999465942383
112.6,uav_03,1,47.66075590120655,1.0981031532374796,7.809999465942383
112.7,uav_03,1,47.61802432770483,0.8329954489759288,7.809999465942383
112.8,uav_03,1,47.57529275420314,0.5678877447145112,7.809999465942383
112.9,uav_03,1,47.53959617701254,0.30278004016588644,7.809999465942383
113.0,uav_03,1,47.49947823465201,0.04448835621278685,7.809999465942383
113.1,uav_03,1,47.454072915734585,-0.23293810460714728,7.809999465942383
113.2,uav_03,1,47.40483924623035,-0.5383849680163821,7.809999465942383
113.3,uav_03,1,47.36020150715725,-0.852869544968866,7.809999465942383
113.4,uav_03,1,47.31310703412813,-1.1673541221883752,7.809999465942383
113.5,uav_03,1,47.262416614350876,-1.4818386992676555,7.809999465942383
113.6,uav_03,1,47.21172619457364,-1.7876823932702752,7.809999465942383
113.7,uav_03,1,47.161035774796396,-2.0997226087934555,7.809999465942383
113.8,uav_03,1,47.11884531535778,-2.414207185745952,7.809999465942383
113.9,uav_03,1,47.06930356269416,-2.728691762698467,7.809999465942383
114.0,uav_03,1,47.01861314291692,-3.0431763400377863,7.809999465942383
114.1,uav_03,1,46.97189505126643,-3.333016498269804,7.809999465942383
114.2,uav_03,1,46.92721782428951,-3.600474663872334,7.809999465942383
114.3,uav_03,1,46.890628143818354,-3.8736513329524014,7.809999465942383
114.4,uav_03,1,46.8481256062184,-4.149660167410313,7.809999465942383
114.5,uav_03,1,46.80355417037336,-4.426182421664423,7.809999465942383
114.6,uav_03,1,46.758982734528324,-4.702704676140673,7.809999465942383
114.7,uav_03,1,46.719119869478945,-4.973817284665626,7.809999465942383
114.8,uav_03,1,46.6794884902905,-5.244663940441527,7.809999465942383
114.9,uav_03,1,46.631677164769336,-5.521186194695681,7.809999465942383
115.0,uav_03,1,46.580696989776996,-5.797708448949821,7.809999465942383
115.1,uav_03,1,46.53564201635074,-6.077230582001592,7.809999465942383
115.2,uav_03,1,46.48836276856134,-6.368627613142384,7.809999465942383
115.3,uav_03,1,46.44151241743898,-6.660958132826129,7.809999465942383
115.4,uav_03,1,46.400819246433066,-6.96244934337689,7.809999465942383
115.5,uav_03,1,46.3522231716428,-7.263940553927625,7.809999465942383
115.6,uav_03,1,46.30362709685253,-7.5609338824570616,7.809999465942383
115.7,uav_03,1,46.25503102206226,-7.847082524600056,7.809999465942383
115.8,uav_03,1,46.206434947272,-8.157328941594633,7.809999465942383
115.9,uav_03,1,46.157838872481726,-8.456327920440922,7.809999465942383
116.0,uav_03,1,46.10924279769146,-8.74922611840854,7.809999465942383
116.1,uav_03,1,46.06097022584265,-9.046130217874493,7.809999465942383
116.2,uav_03,1,46.01389960718449,-9.331962980116861,7.809999465942383
116.3,uav_03,1,45.969082525754075,-9.627162695112071,7.809999465942383
116.4,uav_03,1,45.9306529406011,-9.905976935617248,7.809999465942383
116.5,uav_03,1,45.884526506164086,-10.192146438335815,7.809999465942383
116.6,uav_03,1,45.838051921284304,-10.479883085731679,7.809999465942383
116.7,uav_03,1,45.79157733640451,-10.757533654357688,7.809999465942383
116.8,uav_03,1,45.74510275152473,-11.035184222610857,7.809999465942383
116.9,uav_03,1,45.70773162628981,-11.312834791235641,7.809999465942383
117.0,uav_03,1,45.661802209217406,-11.580432831421888,7.809999465942383
117.1,uav_03,1,45.61532762433763,-11.847404531570655,7.809999465942383
117.2,uav_03,1,45.568919595418556,-12.104769420687422,7.8183210632356674
117.3,uav_03,1,45.5302121893481,-12.360428930228933,7.819999694824219
117.4,uav_03,1,45.48585675703964,-12.607687111734482,7.819999694824219
117.5,uav_03,1,45.44640080257328,-12.852651766908078,7.819999694824219
117.6,uav_03,1,45.40280193665611,-13.090128525417162,7.819999694824219
117.7,uav_03,1,45.36872861973114,-13.324442543656104,7.819999694824219
117.8,uav_03,1,45.32939574509601,-13.545519196297981,7.819999694824219
117.9,uav_03,1,45.28842665784706,-13.752347864398013,7.819999694824219
118.0,uav_03,1,45.25634963237025,-13.948960502409662,7.819999694824219
118.1,uav_03,1,45.22391252734793,-14.135357110363065,7.819999694824219
118.2,uav_03,1,45.19079996203202,-14.313247078002494,7.819999694824219
118.3,uav_03,1,45.15799903450812,-14.483531178093797,7.819999694824219
118.4,uav_03,1,45.12378209666464,-14.644113916323711,7.819999694824219
118.5,uav_03,1,45.09499444259831,-14.789006218757677,7.819999694824219
118.6,uav_03,1,45.070335029193636,-14.916212043209281,7.819999694824219
118.7,uav_03,1,45.04730897761564,-15.027865556233502,7.819999694824219
